# D_mat_5 (Sightline generated, CENTIMETRES, +Z up)
v -224.72 7.18 0.40
v -261.54 -10.97 3.91
v -280.38 2.96 -4.72
v -258.45 26.86 0.42
v -227.49 9.91 23.39
v -262.17 35.85 22.20
v -286.45 12.05 22.98
v -258.59 -8.79 19.45
v -224.72 7.18 0.40
v -258.45 26.86 0.42
v -262.17 35.85 22.20
v -227.49 9.91 23.39
v -261.54 -10.97 3.91
v -258.59 -8.79 19.45
v -286.45 12.05 22.98
v -280.38 2.96 -4.72
v -224.72 7.18 0.40
v -227.49 9.91 23.39
v -258.59 -8.79 19.45
v -261.54 -10.97 3.91
v -258.45 26.86 0.42
v -280.38 2.96 -4.72
v -286.45 12.05 22.98
v -262.17 35.85 22.20
v 111.83 -61.93 -5.46
v 97.97 -111.27 -25.98
v 101.83 -125.75 17.29
v 113.65 -83.17 36.50
v 140.10 -68.07 -5.01
v 137.78 -84.57 34.20
v 124.37 -123.64 18.26
v 134.17 -113.26 -16.55
v 111.83 -61.93 -5.46
v 113.65 -83.17 36.50
v 137.78 -84.57 34.20
v 140.10 -68.07 -5.01
v 97.97 -111.27 -25.98
v 134.17 -113.26 -16.55
v 124.37 -123.64 18.26
v 101.83 -125.75 17.29
v 111.83 -61.93 -5.46
v 140.10 -68.07 -5.01
v 134.17 -113.26 -16.55
v 97.97 -111.27 -25.98
v 113.65 -83.17 36.50
v 101.83 -125.75 17.29
v 124.37 -123.64 18.26
v 137.78 -84.57 34.20
v 128.85 -45.51 6.70
v 131.70 -81.91 8.94
v 125.27 -82.44 -11.41
v 110.31 -56.90 -14.53
v 108.71 -52.94 17.12
v 98.56 -61.38 -0.59
v 114.35 -91.48 -2.05
v 120.33 -84.62 20.99
v 128.85 -45.51 6.70
v 110.31 -56.90 -14.53
v 98.56 -61.38 -0.59
v 108.71 -52.94 17.12
v 131.70 -81.91 8.94
v 120.33 -84.62 20.99
v 114.35 -91.48 -2.05
v 125.27 -82.44 -11.41
v 128.85 -45.51 6.70
v 108.71 -52.94 17.12
v 120.33 -84.62 20.99
v 131.70 -81.91 8.94
v 110.31 -56.90 -14.53
v 125.27 -82.44 -11.41
v 114.35 -91.48 -2.05
v 98.56 -61.38 -0.59
v 353.98 48.72 7.07
v 363.66 22.41 7.67
v 388.72 32.31 5.44
v 379.60 54.30 5.01
v 349.66 43.90 -8.24
v 378.61 52.11 -12.36
v 383.59 25.14 -10.29
v 358.59 20.94 -6.51
v 353.98 48.72 7.07
v 379.60 54.30 5.01
v 378.61 52.11 -12.36
v 349.66 43.90 -8.24
v 363.66 22.41 7.67
v 358.59 20.94 -6.51
v 383.59 25.14 -10.29
v 388.72 32.31 5.44
v 353.98 48.72 7.07
v 349.66 43.90 -8.24
v 358.59 20.94 -6.51
v 363.66 22.41 7.67
v 379.60 54.30 5.01
v 388.72 32.31 5.44
v 383.59 25.14 -10.29
v 378.61 52.11 -12.36
v 250.01 299.08 10.51
v 221.02 315.21 11.03
v 213.99 294.42 -4.28
v 238.84 282.57 -1.89
v 255.29 311.92 0.20
v 249.26 299.43 -21.22
v 224.06 310.21 -27.14
v 223.17 325.40 -2.87
v 250.01 299.08 10.51
v 238.84 282.57 -1.89
v 249.26 299.43 -21.22
v 255.29 311.92 0.20
v 221.02 315.21 11.03
v 223.17 325.40 -2.87
v 224.06 310.21 -27.14
v 213.99 294.42 -4.28
v 250.01 299.08 10.51
v 255.29 311.92 0.20
v 223.17 325.40 -2.87
v 221.02 315.21 11.03
v 238.84 282.57 -1.89
v 213.99 294.42 -4.28
v 224.06 310.21 -27.14
v 249.26 299.43 -21.22
v -202.31 -291.13 51.42
v -153.50 -304.54 43.78
v -163.12 -250.94 -0.08
v -213.15 -250.63 13.94
v -214.90 -326.67 26.62
v -221.84 -272.86 -13.65
v -176.47 -290.99 -17.81
v -179.15 -322.04 3.53
v -202.31 -291.13 51.42
v -213.15 -250.63 13.94
v -221.84 -272.86 -13.65
v -214.90 -326.67 26.62
v -153.50 -304.54 43.78
v -179.15 -322.04 3.53
v -176.47 -290.99 -17.81
v -163.12 -250.94 -0.08
v -202.31 -291.13 51.42
v -214.90 -326.67 26.62
v -179.15 -322.04 3.53
v -153.50 -304.54 43.78
v -213.15 -250.63 13.94
v -163.12 -250.94 -0.08
v -176.47 -290.99 -17.81
v -221.84 -272.86 -13.65
v -19.94 -454.00 -3.56
v -35.27 -431.16 -6.33
v -22.60 -421.63 -27.56
v -7.21 -429.38 -25.67
v -10.71 -437.89 10.20
v 8.18 -416.83 -3.10
v -17.57 -402.85 -4.63
v -29.49 -419.38 16.61
v -19.94 -454.00 -3.56
v -7.21 -429.38 -25.67
v 8.18 -416.83 -3.10
v -10.71 -437.89 10.20
v -35.27 -431.16 -6.33
v -29.49 -419.38 16.61
v -17.57 -402.85 -4.63
v -22.60 -421.63 -27.56
v -19.94 -454.00 -3.56
v -10.71 -437.89 10.20
v -29.49 -419.38 16.61
v -35.27 -431.16 -6.33
v -7.21 -429.38 -25.67
v -22.60 -421.63 -27.56
v -17.57 -402.85 -4.63
v 8.18 -416.83 -3.10
v 373.03 -94.25 -20.72
v 367.05 -77.83 -9.18
v 393.70 -78.34 17.26
v 399.50 -93.36 -2.89
v 366.68 -110.36 3.32
v 383.09 -111.17 11.96
v 382.68 -96.10 25.48
v 362.37 -93.66 15.85
v 373.03 -94.25 -20.72
v 399.50 -93.36 -2.89
v 383.09 -111.17 11.96
v 366.68 -110.36 3.32
v 367.05 -77.83 -9.18
v 362.37 -93.66 15.85
v 382.68 -96.10 25.48
v 393.70 -78.34 17.26
v 373.03 -94.25 -20.72
v 366.68 -110.36 3.32
v 362.37 -93.66 15.85
v 367.05 -77.83 -9.18
v 399.50 -93.36 -2.89
v 393.70 -78.34 17.26
v 382.68 -96.10 25.48
v 383.09 -111.17 11.96
v 27.32 -404.13 2.39
v 38.08 -413.70 -28.18
v 71.76 -417.75 -17.52
v 54.17 -412.23 26.04
v 22.31 -379.26 -5.95
v 62.46 -373.60 23.39
v 75.46 -384.65 -18.40
v 44.77 -388.40 -37.53
v 27.32 -404.13 2.39
v 54.17 -412.23 26.04
v 62.46 -373.60 23.39
v 22.31 -379.26 -5.95
v 38.08 -413.70 -28.18
v 44.77 -388.40 -37.53
v 75.46 -384.65 -18.40
v 71.76 -417.75 -17.52
v 27.32 -404.13 2.39
v 22.31 -379.26 -5.95
v 44.77 -388.40 -37.53
v 38.08 -413.70 -28.18
v 54.17 -412.23 26.04
v 71.76 -417.75 -17.52
v 75.46 -384.65 -18.40
v 62.46 -373.60 23.39
v 188.25 -103.95 -3.50
v 210.87 -106.85 -5.00
v 203.38 -127.79 -13.17
v 180.52 -124.65 -6.84
v 188.68 -107.57 11.40
v 182.06 -126.92 2.37
v 205.45 -137.17 -3.06
v 212.31 -112.90 5.02
v 188.25 -103.95 -3.50
v 180.52 -124.65 -6.84
v 182.06 -126.92 2.37
v 188.68 -107.57 11.40
v 210.87 -106.85 -5.00
v 212.31 -112.90 5.02
v 205.45 -137.17 -3.06
v 203.38 -127.79 -13.17
v 188.25 -103.95 -3.50
v 188.68 -107.57 11.40
v 212.31 -112.90 5.02
v 210.87 -106.85 -5.00
v 180.52 -124.65 -6.84
v 203.38 -127.79 -13.17
v 205.45 -137.17 -3.06
v 182.06 -126.92 2.37
v -85.82 -13.88 19.46
v -77.44 18.97 -11.02
v -73.24 -18.16 -45.17
v -91.25 -46.03 -4.23
v -68.47 -18.89 23.90
v -66.75 -47.17 1.58
v -45.77 -25.08 -33.15
v -43.32 7.11 -9.88
v -85.82 -13.88 19.46
v -91.25 -46.03 -4.23
v -66.75 -47.17 1.58
v -68.47 -18.89 23.90
v -77.44 18.97 -11.02
v -43.32 7.11 -9.88
v -45.77 -25.08 -33.15
v -73.24 -18.16 -45.17
v -85.82 -13.88 19.46
v -68.47 -18.89 23.90
v -43.32 7.11 -9.88
v -77.44 18.97 -11.02
v -91.25 -46.03 -4.23
v -73.24 -18.16 -45.17
v -45.77 -25.08 -33.15
v -66.75 -47.17 1.58
v 221.61 98.52 -10.50
v 171.31 95.07 -3.23
v 164.49 149.74 -4.26
v 229.86 140.89 -13.28
v 220.96 94.24 16.71
v 232.21 141.38 13.11
v 173.06 143.45 21.25
v 172.24 100.62 19.27
v 221.61 98.52 -10.50
v 229.86 140.89 -13.28
v 232.21 141.38 13.11
v 220.96 94.24 16.71
v 171.31 95.07 -3.23
v 172.24 100.62 19.27
v 173.06 143.45 21.25
v 164.49 149.74 -4.26
v 221.61 98.52 -10.50
v 220.96 94.24 16.71
v 172.24 100.62 19.27
v 171.31 95.07 -3.23
v 229.86 140.89 -13.28
v 164.49 149.74 -4.26
v 173.06 143.45 21.25
v 232.21 141.38 13.11
v 218.91 445.87 -4.36
v 194.74 449.10 -11.10
v 196.05 493.61 -2.46
v 230.07 487.25 -3.49
v 220.00 442.85 14.94
v 227.77 482.47 11.48
v 198.97 489.66 12.54
v 190.80 453.70 10.46
v 218.91 445.87 -4.36
v 230.07 487.25 -3.49
v 227.77 482.47 11.48
v 220.00 442.85 14.94
v 194.74 449.10 -11.10
v 190.80 453.70 10.46
v 198.97 489.66 12.54
v 196.05 493.61 -2.46
v 218.91 445.87 -4.36
v 220.00 442.85 14.94
v 190.80 453.70 10.46
v 194.74 449.10 -11.10
v 230.07 487.25 -3.49
v 196.05 493.61 -2.46
v 198.97 489.66 12.54
v 227.77 482.47 11.48
v 233.11 127.80 -22.51
v 256.72 117.02 -20.55
v 259.63 112.68 10.10
v 229.43 123.06 17.96
v 244.57 141.28 -13.23
v 249.08 141.92 19.64
v 266.49 130.02 10.16
v 266.19 128.91 -17.77
v 233.11 127.80 -22.51
v 229.43 123.06 17.96
v 249.08 141.92 19.64
v 244.57 141.28 -13.23
v 256.72 117.02 -20.55
v 266.19 128.91 -17.77
v 266.49 130.02 10.16
v 259.63 112.68 10.10
v 233.11 127.80 -22.51
v 244.57 141.28 -13.23
v 266.19 128.91 -17.77
v 256.72 117.02 -20.55
v 229.43 123.06 17.96
v 259.63 112.68 10.10
v 266.49 130.02 10.16
v 249.08 141.92 19.64
v 265.21 246.99 18.35
v 268.28 280.72 34.26
v 252.53 293.75 19.19
v 243.75 264.00 8.13
v 275.79 254.48 -2.36
v 251.51 267.05 -8.58
v 262.03 299.87 3.26
v 281.30 287.80 12.30
v 265.21 246.99 18.35
v 243.75 264.00 8.13
v 251.51 267.05 -8.58
v 275.79 254.48 -2.36
v 268.28 280.72 34.26
v 281.30 287.80 12.30
v 262.03 299.87 3.26
v 252.53 293.75 19.19
v 265.21 246.99 18.35
v 275.79 254.48 -2.36
v 281.30 287.80 12.30
v 268.28 280.72 34.26
v 243.75 264.00 8.13
v 252.53 293.75 19.19
v 262.03 299.87 3.26
v 251.51 267.05 -8.58
v 39.12 -213.99 5.33
v 51.98 -188.37 -9.32
v 26.89 -167.98 15.85
v 11.81 -194.04 20.31
v 28.75 -206.36 -24.66
v -1.96 -189.52 -3.64
v 7.53 -169.50 -0.79
v 41.08 -184.34 -22.67
v 39.12 -213.99 5.33
v 11.81 -194.04 20.31
v -1.96 -189.52 -3.64
v 28.75 -206.36 -24.66
v 51.98 -188.37 -9.32
v 41.08 -184.34 -22.67
v 7.53 -169.50 -0.79
v 26.89 -167.98 15.85
v 39.12 -213.99 5.33
v 28.75 -206.36 -24.66
v 41.08 -184.34 -22.67
v 51.98 -188.37 -9.32
v 11.81 -194.04 20.31
v 26.89 -167.98 15.85
v 7.53 -169.50 -0.79
v -1.96 -189.52 -3.64
v -107.61 -78.95 -9.44
v -110.21 -84.71 6.24
v -117.44 -62.69 9.24
v -122.93 -63.79 -7.22
v -91.22 -73.72 -8.55
v -102.88 -58.13 -6.64
v -108.36 -56.29 9.56
v -93.38 -66.56 13.50
v -107.61 -78.95 -9.44
v -122.93 -63.79 -7.22
v -102.88 -58.13 -6.64
v -91.22 -73.72 -8.55
v -110.21 -84.71 6.24
v -93.38 -66.56 13.50
v -108.36 -56.29 9.56
v -117.44 -62.69 9.24
v -107.61 -78.95 -9.44
v -91.22 -73.72 -8.55
v -93.38 -66.56 13.50
v -110.21 -84.71 6.24
v -122.93 -63.79 -7.22
v -117.44 -62.69 9.24
v -108.36 -56.29 9.56
v -102.88 -58.13 -6.64
v 103.98 -6.77 -1.49
v 80.32 -19.46 -1.24
v 66.12 4.81 -18.03
v 92.25 12.32 -16.88
v 93.31 1.17 16.08
v 82.80 15.13 2.25
v 57.21 5.28 -3.75
v 67.70 -13.90 14.02
v 103.98 -6.77 -1.49
v 92.25 12.32 -16.88
v 82.80 15.13 2.25
v 93.31 1.17 16.08
v 80.32 -19.46 -1.24
v 67.70 -13.90 14.02
v 57.21 5.28 -3.75
v 66.12 4.81 -18.03
v 103.98 -6.77 -1.49
v 93.31 1.17 16.08
v 67.70 -13.90 14.02
v 80.32 -19.46 -1.24
v 92.25 12.32 -16.88
v 66.12 4.81 -18.03
v 57.21 5.28 -3.75
v 82.80 15.13 2.25
v 112.83 -6.58 20.00
v 56.51 39.22 12.21
v 27.25 -22.03 11.67
v 80.33 -48.24 10.05
v 102.56 6.12 -28.25
v 90.45 -50.23 -40.60
v 31.39 -23.15 -36.24
v 65.05 28.22 -38.42
v 112.83 -6.58 20.00
v 80.33 -48.24 10.05
v 90.45 -50.23 -40.60
v 102.56 6.12 -28.25
v 56.51 39.22 12.21
v 65.05 28.22 -38.42
v 31.39 -23.15 -36.24
v 27.25 -22.03 11.67
v 112.83 -6.58 20.00
v 102.56 6.12 -28.25
v 65.05 28.22 -38.42
v 56.51 39.22 12.21
v 80.33 -48.24 10.05
v 27.25 -22.03 11.67
v 31.39 -23.15 -36.24
v 90.45 -50.23 -40.60
v 24.38 -151.68 -3.80
v 63.58 -173.20 3.20
v 63.72 -153.09 27.02
v 41.41 -129.18 28.88
v 31.11 -139.90 -22.32
v 54.23 -113.52 1.58
v 80.11 -134.33 11.27
v 79.54 -162.40 -9.99
v 24.38 -151.68 -3.80
v 41.41 -129.18 28.88
v 54.23 -113.52 1.58
v 31.11 -139.90 -22.32
v 63.58 -173.20 3.20
v 79.54 -162.40 -9.99
v 80.11 -134.33 11.27
v 63.72 -153.09 27.02
v 24.38 -151.68 -3.80
v 31.11 -139.90 -22.32
v 79.54 -162.40 -9.99
v 63.58 -173.20 3.20
v 41.41 -129.18 28.88
v 63.72 -153.09 27.02
v 80.11 -134.33 11.27
v 54.23 -113.52 1.58
v -11.97 -301.52 23.71
v -27.34 -351.19 32.64
v 24.53 -373.50 20.78
v 32.08 -330.11 25.91
v -15.95 -304.97 -4.55
v 35.92 -342.64 -18.72
v 8.57 -373.17 -10.24
v -29.52 -345.96 -0.56
v -11.97 -301.52 23.71
v 32.08 -330.11 25.91
v 35.92 -342.64 -18.72
v -15.95 -304.97 -4.55
v -27.34 -351.19 32.64
v -29.52 -345.96 -0.56
v 8.57 -373.17 -10.24
v 24.53 -373.50 20.78
v -11.97 -301.52 23.71
v -15.95 -304.97 -4.55
v -29.52 -345.96 -0.56
v -27.34 -351.19 32.64
v 32.08 -330.11 25.91
v 24.53 -373.50 20.78
v 8.57 -373.17 -10.24
v 35.92 -342.64 -18.72
v 96.89 -313.84 -24.82
v 122.25 -261.32 9.17
v 157.73 -260.27 -24.23
v 148.19 -307.35 -54.62
v 116.78 -319.41 2.08
v 153.43 -334.67 -11.29
v 172.05 -282.05 7.74
v 126.06 -278.90 39.79
v 96.89 -313.84 -24.82
v 148.19 -307.35 -54.62
v 153.43 -334.67 -11.29
v 116.78 -319.41 2.08
v 122.25 -261.32 9.17
v 126.06 -278.90 39.79
v 172.05 -282.05 7.74
v 157.73 -260.27 -24.23
v 96.89 -313.84 -24.82
v 116.78 -319.41 2.08
v 126.06 -278.90 39.79
v 122.25 -261.32 9.17
v 148.19 -307.35 -54.62
v 157.73 -260.27 -24.23
v 172.05 -282.05 7.74
v 153.43 -334.67 -11.29
v -403.68 18.22 33.55
v -407.29 -45.19 1.07
v -366.67 -33.69 -1.44
v -356.10 18.02 30.08
v -420.84 40.76 1.37
v -365.01 44.02 -4.60
v -374.58 -15.61 -37.58
v -419.99 -20.88 -21.94
v -403.68 18.22 33.55
v -356.10 18.02 30.08
v -365.01 44.02 -4.60
v -420.84 40.76 1.37
v -407.29 -45.19 1.07
v -419.99 -20.88 -21.94
v -374.58 -15.61 -37.58
v -366.67 -33.69 -1.44
v -403.68 18.22 33.55
v -420.84 40.76 1.37
v -419.99 -20.88 -21.94
v -407.29 -45.19 1.07
v -356.10 18.02 30.08
v -366.67 -33.69 -1.44
v -374.58 -15.61 -37.58
v -365.01 44.02 -4.60
v 156.99 116.01 15.09
v 157.22 99.73 8.43
v 177.05 104.89 3.19
v 174.07 118.15 8.37
v 151.86 114.63 -3.31
v 165.77 117.32 -13.43
v 167.79 105.12 -13.33
v 152.03 99.68 -5.38
v 156.99 116.01 15.09
v 174.07 118.15 8.37
v 165.77 117.32 -13.43
v 151.86 114.63 -3.31
v 157.22 99.73 8.43
v 152.03 99.68 -5.38
v 167.79 105.12 -13.33
v 177.05 104.89 3.19
v 156.99 116.01 15.09
v 151.86 114.63 -3.31
v 152.03 99.68 -5.38
v 157.22 99.73 8.43
v 174.07 118.15 8.37
v 177.05 104.89 3.19
v 167.79 105.12 -13.33
v 165.77 117.32 -13.43
v -21.00 112.37 13.33
v -46.98 54.60 15.39
v -6.35 46.59 21.04
v 8.20 87.68 24.58
v -20.67 101.39 -15.00
v 22.51 89.34 -8.27
v -6.61 38.96 -7.51
v -37.60 51.03 -11.77
v -21.00 112.37 13.33
v 8.20 87.68 24.58
v 22.51 89.34 -8.27
v -20.67 101.39 -15.00
v -46.98 54.60 15.39
v -37.60 51.03 -11.77
v -6.61 38.96 -7.51
v -6.35 46.59 21.04
v -21.00 112.37 13.33
v -20.67 101.39 -15.00
v -37.60 51.03 -11.77
v -46.98 54.60 15.39
v 8.20 87.68 24.58
v -6.35 46.59 21.04
v -6.61 38.96 -7.51
v 22.51 89.34 -8.27
v 37.76 -459.57 18.42
v 47.86 -462.05 -7.72
v 62.06 -481.68 -7.02
v 58.70 -481.94 26.63
v 52.88 -447.43 19.25
v 68.45 -470.81 31.24
v 73.22 -471.14 -0.24
v 56.58 -452.94 -7.71
v 37.76 -459.57 18.42
v 58.70 -481.94 26.63
v 68.45 -470.81 31.24
v 52.88 -447.43 19.25
v 47.86 -462.05 -7.72
v 56.58 -452.94 -7.71
v 73.22 -471.14 -0.24
v 62.06 -481.68 -7.02
v 37.76 -459.57 18.42
v 52.88 -447.43 19.25
v 56.58 -452.94 -7.71
v 47.86 -462.05 -7.72
v 58.70 -481.94 26.63
v 62.06 -481.68 -7.02
v 73.22 -471.14 -0.24
v 68.45 -470.81 31.24
v -162.42 55.15 -9.64
v -105.60 39.57 6.67
v -105.06 85.22 33.07
v -147.26 107.51 22.90
v -151.85 76.03 -50.56
v -135.49 119.92 -27.16
v -81.43 103.76 -5.50
v -89.12 58.73 -26.39
v -162.42 55.15 -9.64
v -147.26 107.51 22.90
v -135.49 119.92 -27.16
v -151.85 76.03 -50.56
v -105.60 39.57 6.67
v -89.12 58.73 -26.39
v -81.43 103.76 -5.50
v -105.06 85.22 33.07
v -162.42 55.15 -9.64
v -151.85 76.03 -50.56
v -89.12 58.73 -26.39
v -105.60 39.57 6.67
v -147.26 107.51 22.90
v -105.06 85.22 33.07
v -81.43 103.76 -5.50
v -135.49 119.92 -27.16
v 200.14 467.97 -1.99
v 172.56 469.95 0.83
v 178.63 466.39 26.73
v 195.26 469.27 28.23
v 202.88 446.49 -4.38
v 200.81 445.72 23.25
v 175.40 444.11 22.65
v 178.37 444.95 -4.24
v 200.14 467.97 -1.99
v 195.26 469.27 28.23
v 200.81 445.72 23.25
v 202.88 446.49 -4.38
v 172.56 469.95 0.83
v 178.37 444.95 -4.24
v 175.40 444.11 22.65
v 178.63 466.39 26.73
v 200.14 467.97 -1.99
v 202.88 446.49 -4.38
v 178.37 444.95 -4.24
v 172.56 469.95 0.83
v 195.26 469.27 28.23
v 178.63 466.39 26.73
v 175.40 444.11 22.65
v 200.81 445.72 23.25
v 154.01 -243.39 14.30
v 168.40 -232.48 -10.70
v 177.85 -257.67 -12.89
v 157.42 -265.06 10.96
v 162.62 -239.71 22.28
v 168.71 -260.97 20.50
v 189.72 -252.16 -7.22
v 176.69 -228.03 -3.96
v 154.01 -243.39 14.30
v 157.42 -265.06 10.96
v 168.71 -260.97 20.50
v 162.62 -239.71 22.28
v 168.40 -232.48 -10.70
v 176.69 -228.03 -3.96
v 189.72 -252.16 -7.22
v 177.85 -257.67 -12.89
v 154.01 -243.39 14.30
v 162.62 -239.71 22.28
v 176.69 -228.03 -3.96
v 168.40 -232.48 -10.70
v 157.42 -265.06 10.96
v 177.85 -257.67 -12.89
v 189.72 -252.16 -7.22
v 168.71 -260.97 20.50
v 339.01 -258.00 8.05
v 369.24 -248.74 0.39
v 370.76 -210.30 26.19
v 326.08 -217.72 27.97
v 325.20 -237.16 -33.28
v 324.36 -194.18 -5.65
v 363.72 -195.31 -9.28
v 368.30 -235.78 -32.00
v 339.01 -258.00 8.05
v 326.08 -217.72 27.97
v 324.36 -194.18 -5.65
v 325.20 -237.16 -33.28
v 369.24 -248.74 0.39
v 368.30 -235.78 -32.00
v 363.72 -195.31 -9.28
v 370.76 -210.30 26.19
v 339.01 -258.00 8.05
v 325.20 -237.16 -33.28
v 368.30 -235.78 -32.00
v 369.24 -248.74 0.39
v 326.08 -217.72 27.97
v 370.76 -210.30 26.19
v 363.72 -195.31 -9.28
v 324.36 -194.18 -5.65
v 221.05 -329.99 -51.05
v 169.34 -316.24 -4.81
v 222.72 -305.44 26.45
v 245.63 -322.82 -16.67
v 213.61 -367.79 -32.04
v 252.79 -357.57 1.51
v 205.79 -339.79 38.17
v 171.23 -338.79 8.27
v 221.05 -329.99 -51.05
v 245.63 -322.82 -16.67
v 252.79 -357.57 1.51
v 213.61 -367.79 -32.04
v 169.34 -316.24 -4.81
v 171.23 -338.79 8.27
v 205.79 -339.79 38.17
v 222.72 -305.44 26.45
v 221.05 -329.99 -51.05
v 213.61 -367.79 -32.04
v 171.23 -338.79 8.27
v 169.34 -316.24 -4.81
v 245.63 -322.82 -16.67
v 222.72 -305.44 26.45
v 205.79 -339.79 38.17
v 252.79 -357.57 1.51
v -306.73 83.41 -8.38
v -289.64 72.74 -17.44
v -285.61 71.95 -5.65
v -295.26 81.69 7.10
v -297.71 95.32 -10.89
v -290.02 87.44 1.83
v -275.60 85.26 -6.98
v -288.08 82.28 -21.45
v -306.73 83.41 -8.38
v -295.26 81.69 7.10
v -290.02 87.44 1.83
v -297.71 95.32 -10.89
v -289.64 72.74 -17.44
v -288.08 82.28 -21.45
v -275.60 85.26 -6.98
v -285.61 71.95 -5.65
v -306.73 83.41 -8.38
v -297.71 95.32 -10.89
v -288.08 82.28 -21.45
v -289.64 72.74 -17.44
v -295.26 81.69 7.10
v -285.61 71.95 -5.65
v -275.60 85.26 -6.98
v -290.02 87.44 1.83
v 366.74 254.76 -10.09
v 331.90 233.98 -8.70
v 308.53 256.61 -20.09
v 340.73 285.26 -21.07
v 364.28 256.67 24.01
v 345.50 309.29 12.44
v 299.80 280.05 9.67
v 327.63 246.47 25.64
v 366.74 254.76 -10.09
v 340.73 285.26 -21.07
v 345.50 309.29 12.44
v 364.28 256.67 24.01
v 331.90 233.98 -8.70
v 327.63 246.47 25.64
v 299.80 280.05 9.67
v 308.53 256.61 -20.09
v 366.74 254.76 -10.09
v 364.28 256.67 24.01
v 327.63 246.47 25.64
v 331.90 233.98 -8.70
v 340.73 285.26 -21.07
v 308.53 256.61 -20.09
v 299.80 280.05 9.67
v 345.50 309.29 12.44
v 443.52 -261.18 -12.03
v 409.59 -264.25 15.99
v 387.66 -242.39 1.40
v 416.37 -239.10 -32.92
v 448.06 -238.72 9.61
v 432.35 -218.59 -16.11
v 404.06 -221.60 11.56
v 420.90 -243.28 31.09
v 443.52 -261.18 -12.03
v 416.37 -239.10 -32.92
v 432.35 -218.59 -16.11
v 448.06 -238.72 9.61
v 409.59 -264.25 15.99
v 420.90 -243.28 31.09
v 404.06 -221.60 11.56
v 387.66 -242.39 1.40
v 443.52 -261.18 -12.03
v 448.06 -238.72 9.61
v 420.90 -243.28 31.09
v 409.59 -264.25 15.99
v 416.37 -239.10 -32.92
v 387.66 -242.39 1.40
v 404.06 -221.60 11.56
v 432.35 -218.59 -16.11
v -152.39 -448.01 33.50
v -170.47 -447.02 -1.60
v -146.66 -451.48 -13.71
v -123.61 -463.98 15.71
v -139.03 -432.20 29.86
v -119.35 -446.65 15.01
v -141.56 -440.81 -16.44
v -166.60 -427.84 0.83
v -152.39 -448.01 33.50
v -123.61 -463.98 15.71
v -119.35 -446.65 15.01
v -139.03 -432.20 29.86
v -170.47 -447.02 -1.60
v -166.60 -427.84 0.83
v -141.56 -440.81 -16.44
v -146.66 -451.48 -13.71
v -152.39 -448.01 33.50
v -139.03 -432.20 29.86
v -166.60 -427.84 0.83
v -170.47 -447.02 -1.60
v -123.61 -463.98 15.71
v -146.66 -451.48 -13.71
v -141.56 -440.81 -16.44
v -119.35 -446.65 15.01
v 153.18 106.59 24.47
v 172.99 115.51 -3.82
v 179.14 66.67 -8.40
v 154.21 61.18 19.95
v 176.68 110.29 27.25
v 186.36 65.00 26.59
v 200.31 70.58 3.07
v 198.33 115.97 4.84
v 153.18 106.59 24.47
v 154.21 61.18 19.95
v 186.36 65.00 26.59
v 176.68 110.29 27.25
v 172.99 115.51 -3.82
v 198.33 115.97 4.84
v 200.31 70.58 3.07
v 179.14 66.67 -8.40
v 153.18 106.59 24.47
v 176.68 110.29 27.25
v 198.33 115.97 4.84
v 172.99 115.51 -3.82
v 154.21 61.18 19.95
v 179.14 66.67 -8.40
v 200.31 70.58 3.07
v 186.36 65.00 26.59
v -101.99 -263.38 -17.24
v -126.06 -296.93 -14.43
v -152.98 -272.97 -26.24
v -127.49 -242.98 -25.67
v -105.53 -255.96 17.04
v -138.22 -236.98 -2.36
v -152.23 -250.26 7.34
v -133.25 -275.92 19.92
v -101.99 -263.38 -17.24
v -127.49 -242.98 -25.67
v -138.22 -236.98 -2.36
v -105.53 -255.96 17.04
v -126.06 -296.93 -14.43
v -133.25 -275.92 19.92
v -152.23 -250.26 7.34
v -152.98 -272.97 -26.24
v -101.99 -263.38 -17.24
v -105.53 -255.96 17.04
v -133.25 -275.92 19.92
v -126.06 -296.93 -14.43
v -127.49 -242.98 -25.67
v -152.98 -272.97 -26.24
v -152.23 -250.26 7.34
v -138.22 -236.98 -2.36
v 169.16 118.64 -31.76
v 163.05 128.10 -5.45
v 183.25 112.99 11.31
v 193.80 97.74 -10.66
v 156.28 96.16 -32.83
v 180.27 71.15 -17.96
v 164.05 81.67 11.00
v 137.06 92.90 4.48
v 169.16 118.64 -31.76
v 193.80 97.74 -10.66
v 180.27 71.15 -17.96
v 156.28 96.16 -32.83
v 163.05 128.10 -5.45
v 137.06 92.90 4.48
v 164.05 81.67 11.00
v 183.25 112.99 11.31
v 169.16 118.64 -31.76
v 156.28 96.16 -32.83
v 137.06 92.90 4.48
v 163.05 128.10 -5.45
v 193.80 97.74 -10.66
v 183.25 112.99 11.31
v 164.05 81.67 11.00
v 180.27 71.15 -17.96
v 212.84 46.56 13.78
v 197.36 54.23 14.83
v 191.48 44.38 0.76
v 205.45 40.54 -6.03
v 216.54 54.11 7.87
v 209.55 50.14 -8.38
v 195.66 53.12 -7.77
v 199.26 64.16 11.61
v 212.84 46.56 13.78
v 205.45 40.54 -6.03
v 209.55 50.14 -8.38
v 216.54 54.11 7.87
v 197.36 54.23 14.83
v 199.26 64.16 11.61
v 195.66 53.12 -7.77
v 191.48 44.38 0.76
v 212.84 46.56 13.78
v 216.54 54.11 7.87
v 199.26 64.16 11.61
v 197.36 54.23 14.83
v 205.45 40.54 -6.03
v 191.48 44.38 0.76
v 195.66 53.12 -7.77
v 209.55 50.14 -8.38
v 219.90 321.74 -16.89
v 250.41 322.12 -14.95
v 243.93 315.05 19.74
v 219.93 308.90 17.99
v 213.81 340.83 -3.15
v 218.20 337.27 21.63
v 239.94 331.53 21.77
v 242.27 346.64 0.23
v 219.90 321.74 -16.89
v 219.93 308.90 17.99
v 218.20 337.27 21.63
v 213.81 340.83 -3.15
v 250.41 322.12 -14.95
v 242.27 346.64 0.23
v 239.94 331.53 21.77
v 243.93 315.05 19.74
v 219.90 321.74 -16.89
v 213.81 340.83 -3.15
v 242.27 346.64 0.23
v 250.41 322.12 -14.95
v 219.93 308.90 17.99
v 243.93 315.05 19.74
v 239.94 331.53 21.77
v 218.20 337.27 21.63
v 222.21 402.48 25.60
v 251.87 407.11 -1.66
v 245.74 459.17 15.46
v 226.17 455.82 44.73
v 194.25 409.73 4.02
v 207.55 463.92 22.69
v 229.73 464.03 -0.21
v 224.62 420.74 -18.20
v 222.21 402.48 25.60
v 226.17 455.82 44.73
v 207.55 463.92 22.69
v 194.25 409.73 4.02
v 251.87 407.11 -1.66
v 224.62 420.74 -18.20
v 229.73 464.03 -0.21
v 245.74 459.17 15.46
v 222.21 402.48 25.60
v 194.25 409.73 4.02
v 224.62 420.74 -18.20
v 251.87 407.11 -1.66
v 226.17 455.82 44.73
v 245.74 459.17 15.46
v 229.73 464.03 -0.21
v 207.55 463.92 22.69
v -118.19 -269.10 9.69
v -110.92 -264.21 -5.07
v -130.34 -265.31 -18.03
v -141.65 -267.74 1.94
v -117.94 -285.21 7.25
v -138.64 -285.96 0.93
v -127.84 -282.34 -19.86
v -106.60 -279.74 -9.06
v -118.19 -269.10 9.69
v -141.65 -267.74 1.94
v -138.64 -285.96 0.93
v -117.94 -285.21 7.25
v -110.92 -264.21 -5.07
v -106.60 -279.74 -9.06
v -127.84 -282.34 -19.86
v -130.34 -265.31 -18.03
v -118.19 -269.10 9.69
v -117.94 -285.21 7.25
v -106.60 -279.74 -9.06
v -110.92 -264.21 -5.07
v -141.65 -267.74 1.94
v -130.34 -265.31 -18.03
v -127.84 -282.34 -19.86
v -138.64 -285.96 0.93
v 237.12 12.12 -4.79
v 248.48 -12.66 1.10
v 227.14 -15.36 1.69
v 215.60 2.82 -1.93
v 238.98 12.33 14.38
v 221.66 9.99 19.27
v 229.87 -19.44 19.13
v 246.69 -8.76 14.88
v 237.12 12.12 -4.79
v 215.60 2.82 -1.93
v 221.66 9.99 19.27
v 238.98 12.33 14.38
v 248.48 -12.66 1.10
v 246.69 -8.76 14.88
v 229.87 -19.44 19.13
v 227.14 -15.36 1.69
v 237.12 12.12 -4.79
v 238.98 12.33 14.38
v 246.69 -8.76 14.88
v 248.48 -12.66 1.10
v 215.60 2.82 -1.93
v 227.14 -15.36 1.69
v 229.87 -19.44 19.13
v 221.66 9.99 19.27
v 112.55 -1.42 -14.40
v 110.80 21.32 -13.68
v 140.22 20.84 -17.55
v 137.45 -0.93 -12.13
v 114.74 -3.97 -2.56
v 141.26 -2.75 -2.29
v 139.77 20.16 2.08
v 113.40 19.72 1.38
v 112.55 -1.42 -14.40
v 137.45 -0.93 -12.13
v 141.26 -2.75 -2.29
v 114.74 -3.97 -2.56
v 110.80 21.32 -13.68
v 113.40 19.72 1.38
v 139.77 20.16 2.08
v 140.22 20.84 -17.55
v 112.55 -1.42 -14.40
v 114.74 -3.97 -2.56
v 113.40 19.72 1.38
v 110.80 21.32 -13.68
v 137.45 -0.93 -12.13
v 140.22 20.84 -17.55
v 139.77 20.16 2.08
v 141.26 -2.75 -2.29
v -240.23 53.28 10.61
v -250.78 63.30 2.55
v -248.01 51.94 -15.31
v -240.24 43.55 -5.35
v -234.42 60.34 7.44
v -229.57 52.86 -8.88
v -241.23 58.99 -15.25
v -241.79 65.98 0.19
v -240.23 53.28 10.61
v -240.24 43.55 -5.35
v -229.57 52.86 -8.88
v -234.42 60.34 7.44
v -250.78 63.30 2.55
v -241.79 65.98 0.19
v -241.23 58.99 -15.25
v -248.01 51.94 -15.31
v -240.23 53.28 10.61
v -234.42 60.34 7.44
v -241.79 65.98 0.19
v -250.78 63.30 2.55
v -240.24 43.55 -5.35
v -248.01 51.94 -15.31
v -241.23 58.99 -15.25
v -229.57 52.86 -8.88
v -292.09 347.60 6.14
v -345.47 320.98 -22.94
v -346.63 298.68 12.00
v -301.12 303.92 38.08
v -278.10 329.06 -16.99
v -285.55 286.97 16.15
v -326.33 273.41 -6.84
v -333.05 309.18 -42.58
v -292.09 347.60 6.14
v -301.12 303.92 38.08
v -285.55 286.97 16.15
v -278.10 329.06 -16.99
v -345.47 320.98 -22.94
v -333.05 309.18 -42.58
v -326.33 273.41 -6.84
v -346.63 298.68 12.00
v -292.09 347.60 6.14
v -278.10 329.06 -16.99
v -333.05 309.18 -42.58
v -345.47 320.98 -22.94
v -301.12 303.92 38.08
v -346.63 298.68 12.00
v -326.33 273.41 -6.84
v -285.55 286.97 16.15
v 387.48 52.21 14.70
v 422.72 65.43 32.23
v 427.95 107.44 3.58
v 393.41 86.16 -9.62
v 405.50 33.47 -15.35
v 403.64 81.29 -48.62
v 452.17 95.38 -29.45
v 452.99 45.76 19.14
v 387.48 52.21 14.70
v 393.41 86.16 -9.62
v 403.64 81.29 -48.62
v 405.50 33.47 -15.35
v 422.72 65.43 32.23
v 452.99 45.76 19.14
v 452.17 95.38 -29.45
v 427.95 107.44 3.58
v 387.48 52.21 14.70
v 405.50 33.47 -15.35
v 452.99 45.76 19.14
v 422.72 65.43 32.23
v 393.41 86.16 -9.62
v 427.95 107.44 3.58
v 452.17 95.38 -29.45
v 403.64 81.29 -48.62
v -406.01 115.71 23.63
v -440.00 91.05 21.95
v -402.71 67.75 21.19
v -378.19 96.25 21.20
v -411.99 117.14 -1.25
v -383.34 96.75 -6.31
v -402.04 64.13 -9.05
v -437.23 84.70 -6.38
v -406.01 115.71 23.63
v -378.19 96.25 21.20
v -383.34 96.75 -6.31
v -411.99 117.14 -1.25
v -440.00 91.05 21.95
v -437.23 84.70 -6.38
v -402.04 64.13 -9.05
v -402.71 67.75 21.19
v -406.01 115.71 23.63
v -411.99 117.14 -1.25
v -437.23 84.70 -6.38
v -440.00 91.05 21.95
v -378.19 96.25 21.20
v -402.71 67.75 21.19
v -402.04 64.13 -9.05
v -383.34 96.75 -6.31
v -320.62 -127.02 -9.02
v -291.84 -142.82 -15.65
v -311.65 -183.37 -16.17
v -347.28 -157.23 -9.59
v -328.48 -126.42 18.59
v -344.46 -168.27 22.63
v -317.63 -191.52 16.70
v -281.05 -156.70 30.51
v -320.62 -127.02 -9.02
v -347.28 -157.23 -9.59
v -344.46 -168.27 22.63
v -328.48 -126.42 18.59
v -291.84 -142.82 -15.65
v -281.05 -156.70 30.51
v -317.63 -191.52 16.70
v -311.65 -183.37 -16.17
v -320.62 -127.02 -9.02
v -328.48 -126.42 18.59
v -281.05 -156.70 30.51
v -291.84 -142.82 -15.65
v -347.28 -157.23 -9.59
v -311.65 -183.37 -16.17
v -317.63 -191.52 16.70
v -344.46 -168.27 22.63
v 120.95 -362.94 4.68
v 122.80 -361.43 -21.31
v 131.69 -343.19 -19.97
v 132.04 -347.11 -0.12
v 115.02 -351.96 5.78
v 128.97 -335.48 5.32
v 118.88 -332.90 -17.36
v 111.04 -351.80 -17.04
v 120.95 -362.94 4.68
v 132.04 -347.11 -0.12
v 128.97 -335.48 5.32
v 115.02 -351.96 5.78
v 122.80 -361.43 -21.31
v 111.04 -351.80 -17.04
v 118.88 -332.90 -17.36
v 131.69 -343.19 -19.97
v 120.95 -362.94 4.68
v 115.02 -351.96 5.78
v 111.04 -351.80 -17.04
v 122.80 -361.43 -21.31
v 132.04 -347.11 -0.12
v 131.69 -343.19 -19.97
v 118.88 -332.90 -17.36
v 128.97 -335.48 5.32
v -67.92 269.04 12.12
v -67.62 253.97 11.90
v -51.08 255.14 10.37
v -50.76 273.29 6.94
v -71.22 270.36 -0.83
v -51.39 270.51 -4.59
v -52.63 258.23 -10.15
v -71.03 255.62 -4.78
v -67.92 269.04 12.12
v -50.76 273.29 6.94
v -51.39 270.51 -4.59
v -71.22 270.36 -0.83
v -67.62 253.97 11.90
v -71.03 255.62 -4.78
v -52.63 258.23 -10.15
v -51.08 255.14 10.37
v -67.92 269.04 12.12
v -71.22 270.36 -0.83
v -71.03 255.62 -4.78
v -67.62 253.97 11.90
v -50.76 273.29 6.94
v -51.08 255.14 10.37
v -52.63 258.23 -10.15
v -51.39 270.51 -4.59
v -269.51 392.71 -11.40
v -263.25 372.34 -45.85
v -275.78 328.23 -15.17
v -285.01 362.15 20.75
v -227.25 391.89 -6.92
v -252.10 346.52 31.80
v -251.58 326.10 2.94
v -223.39 365.31 -40.63
v -269.51 392.71 -11.40
v -285.01 362.15 20.75
v -252.10 346.52 31.80
v -227.25 391.89 -6.92
v -263.25 372.34 -45.85
v -223.39 365.31 -40.63
v -251.58 326.10 2.94
v -275.78 328.23 -15.17
v -269.51 392.71 -11.40
v -227.25 391.89 -6.92
v -223.39 365.31 -40.63
v -263.25 372.34 -45.85
v -285.01 362.15 20.75
v -275.78 328.23 -15.17
v -251.58 326.10 2.94
v -252.10 346.52 31.80
v -254.27 79.43 22.59
v -284.41 45.17 18.85
v -255.18 10.29 27.81
v -220.33 53.87 26.11
v -248.74 85.85 -2.59
v -218.93 58.09 -3.48
v -256.88 20.36 -15.22
v -289.20 35.96 -3.75
v -254.27 79.43 22.59
v -220.33 53.87 26.11
v -218.93 58.09 -3.48
v -248.74 85.85 -2.59
v -284.41 45.17 18.85
v -289.20 35.96 -3.75
v -256.88 20.36 -15.22
v -255.18 10.29 27.81
v -254.27 79.43 22.59
v -248.74 85.85 -2.59
v -289.20 35.96 -3.75
v -284.41 45.17 18.85
v -220.33 53.87 26.11
v -255.18 10.29 27.81
v -256.88 20.36 -15.22
v -218.93 58.09 -3.48
v -215.12 167.81 -25.11
v -238.85 141.10 3.41
v -260.03 170.92 22.65
v -243.76 205.83 -9.29
v -190.88 169.52 -7.82
v -220.25 215.46 10.88
v -247.87 183.51 43.39
v -224.10 140.47 17.68
v -215.12 167.81 -25.11
v -243.76 205.83 -9.29
v -220.25 215.46 10.88
v -190.88 169.52 -7.82
v -238.85 141.10 3.41
v -224.10 140.47 17.68
v -247.87 183.51 43.39
v -260.03 170.92 22.65
v -215.12 167.81 -25.11
v -190.88 169.52 -7.82
v -224.10 140.47 17.68
v -238.85 141.10 3.41
v -243.76 205.83 -9.29
v -260.03 170.92 22.65
v -247.87 183.51 43.39
v -220.25 215.46 10.88
v 299.07 -42.49 -0.16
v 354.93 -69.66 23.65
v 367.53 -28.64 22.31
v 317.68 -4.00 -1.48
v 300.66 -44.87 -25.42
v 321.18 -1.89 -26.55
v 373.56 -34.33 -13.90
v 356.68 -79.10 -5.07
v 299.07 -42.49 -0.16
v 317.68 -4.00 -1.48
v 321.18 -1.89 -26.55
v 300.66 -44.87 -25.42
v 354.93 -69.66 23.65
v 356.68 -79.10 -5.07
v 373.56 -34.33 -13.90
v 367.53 -28.64 22.31
v 299.07 -42.49 -0.16
v 300.66 -44.87 -25.42
v 356.68 -79.10 -5.07
v 354.93 -69.66 23.65
v 317.68 -4.00 -1.48
v 367.53 -28.64 22.31
v 373.56 -34.33 -13.90
v 321.18 -1.89 -26.55
v -228.77 27.78 40.08
v -206.33 48.94 -9.37
v -262.85 34.52 -38.37
v -277.50 16.88 17.93
v -216.90 10.44 36.03
v -267.06 -5.68 13.66
v -247.91 5.38 -45.54
v -194.98 22.99 -20.66
v -228.77 27.78 40.08
v -277.50 16.88 17.93
v -267.06 -5.68 13.66
v -216.90 10.44 36.03
v -206.33 48.94 -9.37
v -194.98 22.99 -20.66
v -247.91 5.38 -45.54
v -262.85 34.52 -38.37
v -228.77 27.78 40.08
v -216.90 10.44 36.03
v -194.98 22.99 -20.66
v -206.33 48.94 -9.37
v -277.50 16.88 17.93
v -262.85 34.52 -38.37
v -247.91 5.38 -45.54
v -267.06 -5.68 13.66
v 103.80 -203.07 -11.33
v 122.05 -230.22 -19.01
v 88.79 -258.33 -7.86
v 74.14 -230.01 -5.28
v 106.85 -198.57 10.20
v 74.61 -232.59 18.09
v 96.82 -254.09 13.83
v 130.69 -231.00 6.96
v 103.80 -203.07 -11.33
v 74.14 -230.01 -5.28
v 74.61 -232.59 18.09
v 106.85 -198.57 10.20
v 122.05 -230.22 -19.01
v 130.69 -231.00 6.96
v 96.82 -254.09 13.83
v 88.79 -258.33 -7.86
v 103.80 -203.07 -11.33
v 106.85 -198.57 10.20
v 130.69 -231.00 6.96
v 122.05 -230.22 -19.01
v 74.14 -230.01 -5.28
v 88.79 -258.33 -7.86
v 96.82 -254.09 13.83
v 74.61 -232.59 18.09
v -128.15 213.00 -32.14
v -162.88 234.47 -17.50
v -152.87 234.61 19.79
v -113.48 218.96 14.59
v -146.96 191.02 -24.36
v -130.05 192.23 15.21
v -162.01 215.72 30.64
v -172.91 214.63 -12.72
v -128.15 213.00 -32.14
v -113.48 218.96 14.59
v -130.05 192.23 15.21
v -146.96 191.02 -24.36
v -162.88 234.47 -17.50
v -172.91 214.63 -12.72
v -162.01 215.72 30.64
v -152.87 234.61 19.79
v -128.15 213.00 -32.14
v -146.96 191.02 -24.36
v -172.91 214.63 -12.72
v -162.88 234.47 -17.50
v -113.48 218.96 14.59
v -152.87 234.61 19.79
v -162.01 215.72 30.64
v -130.05 192.23 15.21
v 205.02 -311.95 25.02
v 179.26 -321.49 26.46
v 185.10 -323.10 -5.57
v 203.09 -315.56 1.51
v 194.65 -293.17 22.96
v 196.25 -293.04 -4.02
v 178.44 -306.33 -6.70
v 175.73 -304.12 17.35
v 205.02 -311.95 25.02
v 203.09 -315.56 1.51
v 196.25 -293.04 -4.02
v 194.65 -293.17 22.96
v 179.26 -321.49 26.46
v 175.73 -304.12 17.35
v 178.44 -306.33 -6.70
v 185.10 -323.10 -5.57
v 205.02 -311.95 25.02
v 194.65 -293.17 22.96
v 175.73 -304.12 17.35
v 179.26 -321.49 26.46
v 203.09 -315.56 1.51
v 185.10 -323.10 -5.57
v 178.44 -306.33 -6.70
v 196.25 -293.04 -4.02
v -286.13 -252.95 -32.11
v -308.60 -260.00 -16.33
v -312.27 -230.67 6.35
v -286.32 -221.28 -9.53
v -267.67 -260.32 -19.80
v -259.98 -233.06 9.94
v -287.07 -251.72 18.20
v -284.50 -277.39 -0.28
v -286.13 -252.95 -32.11
v -286.32 -221.28 -9.53
v -259.98 -233.06 9.94
v -267.67 -260.32 -19.80
v -308.60 -260.00 -16.33
v -284.50 -277.39 -0.28
v -287.07 -251.72 18.20
v -312.27 -230.67 6.35
v -286.13 -252.95 -32.11
v -267.67 -260.32 -19.80
v -284.50 -277.39 -0.28
v -308.60 -260.00 -16.33
v -286.32 -221.28 -9.53
v -312.27 -230.67 6.35
v -287.07 -251.72 18.20
v -259.98 -233.06 9.94
v 233.91 518.91 3.09
v 273.26 500.70 1.67
v 243.04 460.52 -42.09
v 204.52 478.02 -27.32
v 218.14 498.49 37.36
v 200.69 454.70 7.56
v 249.98 429.84 -3.08
v 266.51 481.05 22.36
v 233.91 518.91 3.09
v 204.52 478.02 -27.32
v 200.69 454.70 7.56
v 218.14 498.49 37.36
v 273.26 500.70 1.67
v 266.51 481.05 22.36
v 249.98 429.84 -3.08
v 243.04 460.52 -42.09
v 233.91 518.91 3.09
v 218.14 498.49 37.36
v 266.51 481.05 22.36
v 273.26 500.70 1.67
v 204.52 478.02 -27.32
v 243.04 460.52 -42.09
v 249.98 429.84 -3.08
v 200.69 454.70 7.56
v -11.85 -35.78 -24.77
v 43.55 -11.26 -24.88
v 44.12 -37.16 20.11
v -7.83 -62.45 8.70
v -29.97 -10.76 -9.74
v -18.37 -39.86 32.75
v 39.43 -9.87 43.85
v 20.52 16.79 2.23
v -11.85 -35.78 -24.77
v -7.83 -62.45 8.70
v -18.37 -39.86 32.75
v -29.97 -10.76 -9.74
v 43.55 -11.26 -24.88
v 20.52 16.79 2.23
v 39.43 -9.87 43.85
v 44.12 -37.16 20.11
v -11.85 -35.78 -24.77
v -29.97 -10.76 -9.74
v 20.52 16.79 2.23
v 43.55 -11.26 -24.88
v -7.83 -62.45 8.70
v 44.12 -37.16 20.11
v 39.43 -9.87 43.85
v -18.37 -39.86 32.75
v -206.12 -295.48 12.39
v -217.81 -298.22 5.72
v -221.32 -302.20 13.50
v -209.62 -299.47 20.17
v -209.62 -299.47 20.17
v -221.32 -302.20 13.50
v -211.27 -318.91 9.45
v -217.81 -298.22 5.72
v -206.12 -295.48 12.39
v -207.77 -314.92 1.67
v -217.81 -298.22 5.72
v -225.72 -317.15 -7.55
v -229.22 -321.14 0.23
v -221.32 -302.20 13.50
v -221.32 -302.20 13.50
v -229.22 -321.14 0.23
v -211.27 -318.91 9.45
v -225.72 -317.15 -7.55
v -217.81 -298.22 5.72
v -207.77 -314.92 1.67
v -225.72 -317.15 -7.55
v -214.48 -333.96 -11.11
v -217.98 -337.95 -3.33
v -229.22 -321.14 0.23
v -229.22 -321.14 0.23
v -217.98 -337.95 -3.33
v -211.27 -318.91 9.45
v -214.48 -333.96 -11.11
v -225.72 -317.15 -7.55
v -207.77 -314.92 1.67
v -214.48 -333.96 -11.11
v -197.45 -341.40 -7.26
v -200.95 -345.39 0.52
v -217.98 -337.95 -3.33
v -217.98 -337.95 -3.33
v -200.95 -345.39 0.52
v -211.27 -318.91 9.45
v -197.45 -341.40 -7.26
v -214.48 -333.96 -11.11
v -207.77 -314.92 1.67
v -197.45 -341.40 -7.26
v -189.56 -320.37 7.08
v -193.06 -324.36 14.86
v -200.95 -345.39 0.52
v -200.95 -345.39 0.52
v -193.06 -324.36 14.86
v -211.27 -318.91 9.45
v -189.56 -320.37 7.08
v -197.45 -341.40 -7.26
v -207.77 -314.92 1.67
v -189.56 -320.37 7.08
v -197.36 -307.33 10.25
v -200.87 -311.32 18.03
v -193.06 -324.36 14.86
v -193.06 -324.36 14.86
v -200.87 -311.32 18.03
v -211.27 -318.91 9.45
v -197.36 -307.33 10.25
v -189.56 -320.37 7.08
v -207.77 -314.92 1.67
v -197.36 -307.33 10.25
v -206.12 -295.48 12.39
v -209.62 -299.47 20.17
v -200.87 -311.32 18.03
v -200.87 -311.32 18.03
v -209.62 -299.47 20.17
v -211.27 -318.91 9.45
v -206.12 -295.48 12.39
v -197.36 -307.33 10.25
v -207.77 -314.92 1.67
v -299.43 -197.92 0.10
v -288.65 -216.43 -4.60
v -289.88 -220.43 8.33
v -300.67 -201.92 13.03
v -300.67 -201.92 13.03
v -289.88 -220.43 8.33
v -259.02 -204.31 16.26
v -288.65 -216.43 -4.60
v -299.43 -197.92 0.10
v -257.79 -200.30 3.34
v -288.65 -216.43 -4.60
v -274.68 -223.12 -5.34
v -275.91 -227.12 7.59
v -289.88 -220.43 8.33
v -289.88 -220.43 8.33
v -275.91 -227.12 7.59
v -259.02 -204.31 16.26
v -274.68 -223.12 -5.34
v -288.65 -216.43 -4.60
v -257.79 -200.30 3.34
v -274.68 -223.12 -5.34
v -239.40 -221.78 -1.56
v -240.63 -225.78 11.37
v -275.91 -227.12 7.59
v -275.91 -227.12 7.59
v -240.63 -225.78 11.37
v -259.02 -204.31 16.26
v -239.40 -221.78 -1.56
v -274.68 -223.12 -5.34
v -257.79 -200.30 3.34
v -239.40 -221.78 -1.56
v -202.69 -215.89 3.77
v -203.92 -219.89 16.69
v -240.63 -225.78 11.37
v -240.63 -225.78 11.37
v -203.92 -219.89 16.69
v -259.02 -204.31 16.26
v -202.69 -215.89 3.77
v -239.40 -221.78 -1.56
v -257.79 -200.30 3.34
v -202.69 -215.89 3.77
v -201.39 -190.04 11.90
v -202.62 -194.05 24.82
v -203.92 -219.89 16.69
v -203.92 -219.89 16.69
v -202.62 -194.05 24.82
v -259.02 -204.31 16.26
v -201.39 -190.04 11.90
v -202.69 -215.89 3.77
v -257.79 -200.30 3.34
v -201.39 -190.04 11.90
v -233.99 -181.13 11.55
v -235.22 -185.13 24.47
v -202.62 -194.05 24.82
v -202.62 -194.05 24.82
v -235.22 -185.13 24.47
v -259.02 -204.31 16.26
v -233.99 -181.13 11.55
v -201.39 -190.04 11.90
v -257.79 -200.30 3.34
v -233.99 -181.13 11.55
v -267.76 -164.59 13.45
v -268.99 -168.59 26.37
v -235.22 -185.13 24.47
v -235.22 -185.13 24.47
v -268.99 -168.59 26.37
v -259.02 -204.31 16.26
v -267.76 -164.59 13.45
v -233.99 -181.13 11.55
v -257.79 -200.30 3.34
v -267.76 -164.59 13.45
v -311.35 -179.09 4.80
v -312.58 -183.09 17.73
v -268.99 -168.59 26.37
v -268.99 -168.59 26.37
v -312.58 -183.09 17.73
v -259.02 -204.31 16.26
v -311.35 -179.09 4.80
v -267.76 -164.59 13.45
v -257.79 -200.30 3.34
v -311.35 -179.09 4.80
v -299.43 -197.92 0.10
v -300.67 -201.92 13.03
v -312.58 -183.09 17.73
v -312.58 -183.09 17.73
v -300.67 -201.92 13.03
v -259.02 -204.31 16.26
v -299.43 -197.92 0.10
v -311.35 -179.09 4.80
v -257.79 -200.30 3.34
v 224.30 11.79 -13.25
v 218.95 26.92 -6.71
v 218.58 21.25 6.09
v 223.92 6.12 -0.46
v 223.92 6.12 -0.46
v 218.58 21.25 6.09
v 189.04 24.51 6.67
v 218.95 26.92 -6.71
v 224.30 11.79 -13.25
v 189.41 30.18 -6.12
v 218.95 26.92 -6.71
v 211.65 52.96 4.62
v 211.27 47.29 17.41
v 218.58 21.25 6.09
v 218.58 21.25 6.09
v 211.27 47.29 17.41
v 189.04 24.51 6.67
v 211.65 52.96 4.62
v 218.95 26.92 -6.71
v 189.41 30.18 -6.12
v 211.65 52.96 4.62
v 190.75 58.50 6.46
v 190.37 52.83 19.26
v 211.27 47.29 17.41
v 211.27 47.29 17.41
v 190.37 52.83 19.26
v 189.04 24.51 6.67
v 190.75 58.50 6.46
v 211.65 52.96 4.62
v 189.41 30.18 -6.12
v 190.75 58.50 6.46
v 167.03 52.86 3.27
v 166.65 47.19 16.06
v 190.37 52.83 19.26
v 190.37 52.83 19.26
v 166.65 47.19 16.06
v 189.04 24.51 6.67
v 167.03 52.86 3.27
v 190.75 58.50 6.46
v 189.41 30.18 -6.12
v 167.03 52.86 3.27
v 158.35 28.70 -7.69
v 157.97 23.04 5.11
v 166.65 47.19 16.06
v 166.65 47.19 16.06
v 157.97 23.04 5.11
v 189.04 24.51 6.67
v 158.35 28.70 -7.69
v 167.03 52.86 3.27
v 189.41 30.18 -6.12
v 158.35 28.70 -7.69
v 174.87 16.16 -12.76
v 174.50 10.49 0.03
v 157.97 23.04 5.11
v 157.97 23.04 5.11
v 174.50 10.49 0.03
v 189.04 24.51 6.67
v 174.87 16.16 -12.76
v 158.35 28.70 -7.69
v 189.41 30.18 -6.12
v 174.87 16.16 -12.76
v 192.70 2.12 -18.46
v 192.32 -3.55 -5.67
v 174.50 10.49 0.03
v 174.50 10.49 0.03
v 192.32 -3.55 -5.67
v 189.04 24.51 6.67
v 192.70 2.12 -18.46
v 174.87 16.16 -12.76
v 189.41 30.18 -6.12
v 192.70 2.12 -18.46
v 224.30 11.79 -13.25
v 223.92 6.12 -0.46
v 192.32 -3.55 -5.67
v 192.32 -3.55 -5.67
v 223.92 6.12 -0.46
v 189.04 24.51 6.67
v 224.30 11.79 -13.25
v 192.70 2.12 -18.46
v 189.41 30.18 -6.12
v 205.17 194.85 -19.37
v 237.65 187.33 -21.74
v 237.10 182.13 -12.83
v 204.62 189.64 -10.46
v 204.62 189.64 -10.46
v 237.10 182.13 -12.83
v 236.80 228.07 13.97
v 237.65 187.33 -21.74
v 205.17 194.85 -19.37
v 237.35 233.27 5.06
v 237.65 187.33 -21.74
v 263.01 214.86 -4.10
v 262.46 209.66 4.81
v 237.10 182.13 -12.83
v 237.10 182.13 -12.83
v 262.46 209.66 4.81
v 236.80 228.07 13.97
v 263.01 214.86 -4.10
v 237.65 187.33 -21.74
v 237.35 233.27 5.06
v 263.01 214.86 -4.10
v 289.24 260.82 24.36
v 288.69 255.62 33.27
v 262.46 209.66 4.81
v 262.46 209.66 4.81
v 288.69 255.62 33.27
v 236.80 228.07 13.97
v 289.24 260.82 24.36
v 263.01 214.86 -4.10
v 237.35 233.27 5.06
v 289.24 260.82 24.36
v 275.05 280.36 34.88
v 274.50 275.15 43.79
v 288.69 255.62 33.27
v 288.69 255.62 33.27
v 274.50 275.15 43.79
v 236.80 228.07 13.97
v 275.05 280.36 34.88
v 289.24 260.82 24.36
v 237.35 233.27 5.06
v 275.05 280.36 34.88
v 236.80 269.27 26.04
v 236.25 264.07 34.95
v 274.50 275.15 43.79
v 274.50 275.15 43.79
v 236.25 264.07 34.95
v 236.80 228.07 13.97
v 236.80 269.27 26.04
v 275.05 280.36 34.88
v 237.35 233.27 5.06
v 236.80 269.27 26.04
v 207.85 260.49 19.12
v 207.30 255.29 28.03
v 236.25 264.07 34.95
v 236.25 264.07 34.95
v 207.30 255.29 28.03
v 236.80 228.07 13.97
v 207.85 260.49 19.12
v 236.80 269.27 26.04
v 237.35 233.27 5.06
v 207.85 260.49 19.12
v 185.97 213.43 -9.71
v 185.41 208.23 -0.80
v 207.30 255.29 28.03
v 207.30 255.29 28.03
v 185.41 208.23 -0.80
v 236.80 228.07 13.97
v 185.97 213.43 -9.71
v 207.85 260.49 19.12
v 237.35 233.27 5.06
v 185.97 213.43 -9.71
v 205.17 194.85 -19.37
v 204.62 189.64 -10.46
v 185.41 208.23 -0.80
v 185.41 208.23 -0.80
v 204.62 189.64 -10.46
v 236.80 228.07 13.97
v 205.17 194.85 -19.37
v 185.97 213.43 -9.71
v 237.35 233.27 5.06
v 45.10 -3.18 17.45
v 68.28 -7.67 6.08
v 71.56 -5.93 12.08
v 48.38 -1.44 23.44
v 48.38 -1.44 23.44
v 71.56 -5.93 12.08
v 54.85 26.32 11.83
v 68.28 -7.67 6.08
v 45.10 -3.18 17.45
v 51.58 24.58 5.84
v 68.28 -7.67 6.08
v 76.11 38.59 -11.65
v 79.38 40.33 -5.65
v 71.56 -5.93 12.08
v 71.56 -5.93 12.08
v 79.38 40.33 -5.65
v 54.85 26.32 11.83
v 76.11 38.59 -11.65
v 68.28 -7.67 6.08
v 51.58 24.58 5.84
v 76.11 38.59 -11.65
v 60.57 54.97 -7.92
v 63.84 56.71 -1.92
v 79.38 40.33 -5.65
v 79.38 40.33 -5.65
v 63.84 56.71 -1.92
v 54.85 26.32 11.83
v 60.57 54.97 -7.92
v 76.11 38.59 -11.65
v 51.58 24.58 5.84
v 60.57 54.97 -7.92
v 40.56 49.92 4.48
v 43.84 51.67 10.48
v 63.84 56.71 -1.92
v 63.84 56.71 -1.92
v 43.84 51.67 10.48
v 54.85 26.32 11.83
v 40.56 49.92 4.48
v 60.57 54.97 -7.92
v 51.58 24.58 5.84
v 40.56 49.92 4.48
v 24.75 8.74 25.10
v 28.03 10.48 31.09
v 43.84 51.67 10.48
v 43.84 51.67 10.48
v 28.03 10.48 31.09
v 54.85 26.32 11.83
v 24.75 8.74 25.10
v 40.56 49.92 4.48
v 51.58 24.58 5.84
v 24.75 8.74 25.10
v 45.10 -3.18 17.45
v 48.38 -1.44 23.44
v 28.03 10.48 31.09
v 28.03 10.48 31.09
v 48.38 -1.44 23.44
v 54.85 26.32 11.83
v 45.10 -3.18 17.45
v 24.75 8.74 25.10
v 51.58 24.58 5.84
v 270.41 -319.43 0.70
v 253.59 -287.20 -7.68
v 253.81 -285.38 -1.14
v 270.64 -317.62 7.23
v 270.64 -317.62 7.23
v 253.81 -285.38 -1.14
v 234.48 -300.52 3.72
v 253.59 -287.20 -7.68
v 270.41 -319.43 0.70
v 234.26 -302.34 -2.81
v 253.59 -287.20 -7.68
v 223.91 -263.81 -13.16
v 224.13 -261.99 -6.62
v 253.81 -285.38 -1.14
v 253.81 -285.38 -1.14
v 224.13 -261.99 -6.62
v 234.48 -300.52 3.72
v 223.91 -263.81 -13.16
v 253.59 -287.20 -7.68
v 234.26 -302.34 -2.81
v 223.91 -263.81 -13.16
v 194.49 -281.75 -7.17
v 194.71 -279.94 -0.64
v 224.13 -261.99 -6.62
v 224.13 -261.99 -6.62
v 194.71 -279.94 -0.64
v 234.48 -300.52 3.72
v 194.49 -281.75 -7.17
v 223.91 -263.81 -13.16
v 234.26 -302.34 -2.81
v 194.49 -281.75 -7.17
v 211.87 -323.03 3.70
v 212.09 -321.21 10.23
v 194.71 -279.94 -0.64
v 194.71 -279.94 -0.64
v 212.09 -321.21 10.23
v 234.48 -300.52 3.72
v 211.87 -323.03 3.70
v 194.49 -281.75 -7.17
v 234.26 -302.34 -2.81
v 211.87 -323.03 3.70
v 239.77 -331.72 5.16
v 239.99 -329.91 11.69
v 212.09 -321.21 10.23
v 212.09 -321.21 10.23
v 239.99 -329.91 11.69
v 234.48 -300.52 3.72
v 239.77 -331.72 5.16
v 211.87 -323.03 3.70
v 234.26 -302.34 -2.81
v 239.77 -331.72 5.16
v 270.41 -319.43 0.70
v 270.64 -317.62 7.23
v 239.99 -329.91 11.69
v 239.99 -329.91 11.69
v 270.64 -317.62 7.23
v 234.48 -300.52 3.72
v 270.41 -319.43 0.70
v 239.77 -331.72 5.16
v 234.26 -302.34 -2.81
v -326.22 182.39 -17.15
v -341.11 193.45 -9.44
v -337.77 193.55 -3.12
v -322.88 182.49 -10.82
v -322.88 182.49 -10.82
v -337.77 193.55 -3.12
v -347.28 179.42 2.13
v -341.11 193.45 -9.44
v -326.22 182.39 -17.15
v -350.62 179.33 -4.19
v -341.11 193.45 -9.44
v -349.73 198.18 -4.95
v -346.38 198.28 1.37
v -337.77 193.55 -3.12
v -337.77 193.55 -3.12
v -346.38 198.28 1.37
v -347.28 179.42 2.13
v -349.73 198.18 -4.95
v -341.11 193.45 -9.44
v -350.62 179.33 -4.19
v -349.73 198.18 -4.95
v -370.98 185.79 6.48
v -367.64 185.88 12.81
v -346.38 198.28 1.37
v -346.38 198.28 1.37
v -367.64 185.88 12.81
v -347.28 179.42 2.13
v -370.98 185.79 6.48
v -349.73 198.18 -4.95
v -350.62 179.33 -4.19
v -370.98 185.79 6.48
v -367.76 173.43 4.97
v -364.41 173.52 11.29
v -367.64 185.88 12.81
v -367.64 185.88 12.81
v -364.41 173.52 11.29
v -347.28 179.42 2.13
v -367.76 173.43 4.97
v -370.98 185.79 6.48
v -350.62 179.33 -4.19
v -367.76 173.43 4.97
v -358.54 166.91 0.19
v -355.19 167.00 6.51
v -364.41 173.52 11.29
v -364.41 173.52 11.29
v -355.19 167.00 6.51
v -347.28 179.42 2.13
v -358.54 166.91 0.19
v -367.76 173.43 4.97
v -350.62 179.33 -4.19
v -358.54 166.91 0.19
v -346.18 160.08 -6.24
v -342.83 160.17 0.08
v -355.19 167.00 6.51
v -355.19 167.00 6.51
v -342.83 160.17 0.08
v -347.28 179.42 2.13
v -346.18 160.08 -6.24
v -358.54 166.91 0.19
v -350.62 179.33 -4.19
v -346.18 160.08 -6.24
v -328.74 175.30 -15.71
v -325.40 175.39 -9.38
v -342.83 160.17 0.08
v -342.83 160.17 0.08
v -325.40 175.39 -9.38
v -347.28 179.42 2.13
v -328.74 175.30 -15.71
v -346.18 160.08 -6.24
v -350.62 179.33 -4.19
v -328.74 175.30 -15.71
v -326.22 182.39 -17.15
v -322.88 182.49 -10.82
v -325.40 175.39 -9.38
v -325.40 175.39 -9.38
v -322.88 182.49 -10.82
v -347.28 179.42 2.13
v -326.22 182.39 -17.15
v -328.74 175.30 -15.71
v -350.62 179.33 -4.19
v 36.19 110.39 5.21
v 6.31 82.05 8.71
v 7.68 81.42 15.40
v 37.56 109.77 11.90
v 37.56 109.77 11.90
v 7.68 81.42 15.40
v 61.77 85.81 4.67
v 6.31 82.05 8.71
v 36.19 110.39 5.21
v 60.39 86.44 -2.02
v 6.31 82.05 8.71
v 34.53 50.32 -0.07
v 35.91 49.70 6.62
v 7.68 81.42 15.40
v 7.68 81.42 15.40
v 35.91 49.70 6.62
v 61.77 85.81 4.67
v 34.53 50.32 -0.07
v 6.31 82.05 8.71
v 60.39 86.44 -2.02
v 34.53 50.32 -0.07
v 73.91 34.93 -9.62
v 75.29 34.30 -2.93
v 35.91 49.70 6.62
v 35.91 49.70 6.62
v 75.29 34.30 -2.93
v 61.77 85.81 4.67
v 73.91 34.93 -9.62
v 34.53 50.32 -0.07
v 60.39 86.44 -2.02
v 73.91 34.93 -9.62
v 97.84 51.44 -13.00
v 99.21 50.81 -6.31
v 75.29 34.30 -2.93
v 75.29 34.30 -2.93
v 99.21 50.81 -6.31
v 61.77 85.81 4.67
v 97.84 51.44 -13.00
v 73.91 34.93 -9.62
v 60.39 86.44 -2.02
v 97.84 51.44 -13.00
v 111.87 99.01 -11.44
v 113.25 98.39 -4.75
v 99.21 50.81 -6.31
v 99.21 50.81 -6.31
v 113.25 98.39 -4.75
v 61.77 85.81 4.67
v 111.87 99.01 -11.44
v 97.84 51.44 -13.00
v 60.39 86.44 -2.02
v 111.87 99.01 -11.44
v 83.71 113.00 -4.33
v 85.09 112.37 2.36
v 113.25 98.39 -4.75
v 113.25 98.39 -4.75
v 85.09 112.37 2.36
v 61.77 85.81 4.67
v 83.71 113.00 -4.33
v 111.87 99.01 -11.44
v 60.39 86.44 -2.02
v 83.71 113.00 -4.33
v 55.66 118.36 1.94
v 57.04 117.74 8.63
v 85.09 112.37 2.36
v 85.09 112.37 2.36
v 57.04 117.74 8.63
v 61.77 85.81 4.67
v 55.66 118.36 1.94
v 83.71 113.00 -4.33
v 60.39 86.44 -2.02
v 55.66 118.36 1.94
v 36.19 110.39 5.21
v 37.56 109.77 11.90
v 57.04 117.74 8.63
v 57.04 117.74 8.63
v 37.56 109.77 11.90
v 61.77 85.81 4.67
v 36.19 110.39 5.21
v 55.66 118.36 1.94
v 60.39 86.44 -2.02
v -162.26 -9.95 -2.14
v -144.79 -21.73 -8.23
v -141.91 -22.90 2.27
v -159.38 -11.12 8.36
v -159.38 -11.12 8.36
v -141.91 -22.90 2.27
v -138.04 2.51 4.04
v -144.79 -21.73 -8.23
v -162.26 -9.95 -2.14
v -140.91 3.67 -6.46
v -144.79 -21.73 -8.23
v -121.17 -8.40 -13.21
v -118.30 -9.57 -2.70
v -141.91 -22.90 2.27
v -141.91 -22.90 2.27
v -118.30 -9.57 -2.70
v -138.04 2.51 4.04
v -121.17 -8.40 -13.21
v -144.79 -21.73 -8.23
v -140.91 3.67 -6.46
v -121.17 -8.40 -13.21
v -117.30 15.34 -11.63
v -114.42 14.18 -1.13
v -118.30 -9.57 -2.70
v -118.30 -9.57 -2.70
v -114.42 14.18 -1.13
v -138.04 2.51 4.04
v -117.30 15.34 -11.63
v -121.17 -8.40 -13.21
v -140.91 3.67 -6.46
v -117.30 15.34 -11.63
v -126.03 26.99 -7.94
v -123.16 25.83 2.56
v -114.42 14.18 -1.13
v -114.42 14.18 -1.13
v -123.16 25.83 2.56
v -138.04 2.51 4.04
v -126.03 26.99 -7.94
v -117.30 15.34 -11.63
v -140.91 3.67 -6.46
v -126.03 26.99 -7.94
v -152.45 19.43 -1.56
v -149.58 18.26 8.94
v -123.16 25.83 2.56
v -123.16 25.83 2.56
v -149.58 18.26 8.94
v -138.04 2.51 4.04
v -152.45 19.43 -1.56
v -126.03 26.99 -7.94
v -140.91 3.67 -6.46
v -152.45 19.43 -1.56
v -160.92 2.47 -1.13
v -158.05 1.30 9.38
v -149.58 18.26 8.94
v -149.58 18.26 8.94
v -158.05 1.30 9.38
v -138.04 2.51 4.04
v -160.92 2.47 -1.13
v -152.45 19.43 -1.56
v -140.91 3.67 -6.46
v -160.92 2.47 -1.13
v -162.26 -9.95 -2.14
v -159.38 -11.12 8.36
v -158.05 1.30 9.38
v -158.05 1.30 9.38
v -159.38 -11.12 8.36
v -138.04 2.51 4.04
v -162.26 -9.95 -2.14
v -160.92 2.47 -1.13
v -140.91 3.67 -6.46
v 314.88 98.33 11.72
v 329.41 117.04 -5.94
v 333.82 120.21 1.05
v 319.29 101.50 18.70
v 319.29 101.50 18.70
v 333.82 120.21 1.05
v 312.36 132.47 9.04
v 329.41 117.04 -5.94
v 314.88 98.33 11.72
v 307.95 129.31 2.05
v 329.41 117.04 -5.94
v 328.76 139.14 -15.54
v 333.17 142.30 -8.55
v 333.82 120.21 1.05
v 333.82 120.21 1.05
v 333.17 142.30 -8.55
v 312.36 132.47 9.04
v 328.76 139.14 -15.54
v 329.41 117.04 -5.94
v 307.95 129.31 2.05
v 328.76 139.14 -15.54
v 305.06 160.42 -10.22
v 309.47 163.59 -3.24
v 333.17 142.30 -8.55
v 333.17 142.30 -8.55
v 309.47 163.59 -3.24
v 312.36 132.47 9.04
v 305.06 160.42 -10.22
v 328.76 139.14 -15.54
v 307.95 129.31 2.05
v 305.06 160.42 -10.22
v 284.90 147.35 8.43
v 289.31 150.52 15.42
v 309.47 163.59 -3.24
v 309.47 163.59 -3.24
v 289.31 150.52 15.42
v 312.36 132.47 9.04
v 284.90 147.35 8.43
v 305.06 160.42 -10.22
v 307.95 129.31 2.05
v 284.90 147.35 8.43
v 293.75 107.59 20.86
v 298.16 110.76 27.85
v 289.31 150.52 15.42
v 289.31 150.52 15.42
v 298.16 110.76 27.85
v 312.36 132.47 9.04
v 293.75 107.59 20.86
v 284.90 147.35 8.43
v 307.95 129.31 2.05
v 293.75 107.59 20.86
v 314.88 98.33 11.72
v 319.29 101.50 18.70
v 298.16 110.76 27.85
v 298.16 110.76 27.85
v 319.29 101.50 18.70
v 312.36 132.47 9.04
v 314.88 98.33 11.72
v 293.75 107.59 20.86
v 307.95 129.31 2.05
v 20.22 55.06 -4.04
v -0.21 38.86 -3.73
v -0.20 38.96 2.12
v 20.23 55.16 1.81
v 20.23 55.16 1.81
v -0.20 38.96 2.12
v 11.89 13.57 2.57
v -0.21 38.86 -3.73
v 20.22 55.06 -4.04
v 11.89 13.46 -3.27
v -0.21 38.86 -3.73
v -30.75 14.50 -3.26
v -30.75 14.60 2.58
v -0.20 38.96 2.12
v -0.20 38.96 2.12
v -30.75 14.60 2.58
v 11.89 13.57 2.57
v -30.75 14.50 -3.26
v -0.21 38.86 -3.73
v 11.89 13.46 -3.27
v -30.75 14.50 -3.26
v -11.14 -13.83 -2.76
v -11.14 -13.72 3.09
v -30.75 14.60 2.58
v -30.75 14.60 2.58
v -11.14 -13.72 3.09
v 11.89 13.57 2.57
v -11.14 -13.83 -2.76
v -30.75 14.50 -3.26
v 11.89 13.46 -3.27
v -11.14 -13.83 -2.76
v 14.66 -37.75 -2.34
v 14.66 -37.64 3.51
v -11.14 -13.72 3.09
v -11.14 -13.72 3.09
v 14.66 -37.64 3.51
v 11.89 13.57 2.57
v 14.66 -37.75 -2.34
v -11.14 -13.83 -2.76
v 11.89 13.46 -3.27
v 14.66 -37.75 -2.34
v 35.22 6.94 -3.17
v 35.22 7.05 2.68
v 14.66 -37.64 3.51
v 14.66 -37.64 3.51
v 35.22 7.05 2.68
v 11.89 13.57 2.57
v 35.22 6.94 -3.17
v 14.66 -37.75 -2.34
v 11.89 13.46 -3.27
v 35.22 6.94 -3.17
v 49.21 43.86 -3.85
v 49.21 43.96 1.99
v 35.22 7.05 2.68
v 35.22 7.05 2.68
v 49.21 43.96 1.99
v 11.89 13.57 2.57
v 49.21 43.86 -3.85
v 35.22 6.94 -3.17
v 11.89 13.46 -3.27
v 49.21 43.86 -3.85
v 20.22 55.06 -4.04
v 20.23 55.16 1.81
v 49.21 43.96 1.99
v 49.21 43.96 1.99
v 20.23 55.16 1.81
v 11.89 13.57 2.57
v 20.22 55.06 -4.04
v 49.21 43.86 -3.85
v 11.89 13.46 -3.27
v 52.28 180.49 -14.46
v 61.14 214.92 -3.69
v 61.15 213.25 1.62
v 52.30 178.83 -9.14
v 52.30 178.83 -9.14
v 61.15 213.25 1.62
v 41.14 231.23 7.32
v 61.14 214.92 -3.69
v 52.28 180.49 -14.46
v 41.13 232.90 2.00
v 61.14 214.92 -3.69
v 70.38 258.12 9.82
v 70.40 256.45 15.14
v 61.15 213.25 1.62
v 61.15 213.25 1.62
v 70.40 256.45 15.14
v 41.14 231.23 7.32
v 70.38 258.12 9.82
v 61.14 214.92 -3.69
v 41.13 232.90 2.00
v 70.38 258.12 9.82
v 38.21 269.01 13.33
v 38.22 267.34 18.65
v 70.40 256.45 15.14
v 70.40 256.45 15.14
v 38.22 267.34 18.65
v 41.14 231.23 7.32
v 38.21 269.01 13.33
v 70.38 258.12 9.82
v 41.13 232.90 2.00
v 38.21 269.01 13.33
v 19.24 251.03 7.74
v 19.26 249.36 13.06
v 38.22 267.34 18.65
v 38.22 267.34 18.65
v 19.26 249.36 13.06
v 41.14 231.23 7.32
v 19.24 251.03 7.74
v 38.21 269.01 13.33
v 41.13 232.90 2.00
v 19.24 251.03 7.74
v 25.88 202.07 -7.62
v 25.89 200.40 -2.31
v 19.26 249.36 13.06
v 19.26 249.36 13.06
v 25.89 200.40 -2.31
v 41.14 231.23 7.32
v 25.88 202.07 -7.62
v 19.24 251.03 7.74
v 41.13 232.90 2.00
v 25.88 202.07 -7.62
v 52.28 180.49 -14.46
v 52.30 178.83 -9.14
v 25.89 200.40 -2.31
v 25.89 200.40 -2.31
v 52.30 178.83 -9.14
v 41.14 231.23 7.32
v 52.28 180.49 -14.46
v 25.88 202.07 -7.62
v 41.13 232.90 2.00
v 53.08 -386.28 -5.82
v 69.49 -416.33 -7.07
v 69.81 -416.70 5.92
v 53.41 -386.64 7.17
v 53.41 -386.64 7.17
v 69.81 -416.70 5.92
v 92.92 -403.51 5.71
v 69.49 -416.33 -7.07
v 53.08 -386.28 -5.82
v 92.60 -403.15 -7.28
v 69.49 -416.33 -7.07
v 107.13 -439.96 -8.67
v 107.45 -440.32 4.32
v 69.81 -416.70 5.92
v 69.81 -416.70 5.92
v 107.45 -440.32 4.32
v 92.92 -403.51 5.71
v 107.13 -439.96 -8.67
v 69.49 -416.33 -7.07
v 92.60 -403.15 -7.28
v 107.13 -439.96 -8.67
v 116.88 -419.31 -8.33
v 117.20 -419.67 4.66
v 107.45 -440.32 4.32
v 107.45 -440.32 4.32
v 117.20 -419.67 4.66
v 92.92 -403.51 5.71
v 116.88 -419.31 -8.33
v 107.13 -439.96 -8.67
v 92.60 -403.15 -7.28
v 116.88 -419.31 -8.33
v 123.36 -391.39 -7.71
v 123.68 -391.75 5.27
v 117.20 -419.67 4.66
v 117.20 -419.67 4.66
v 123.68 -391.75 5.27
v 92.92 -403.51 5.71
v 123.36 -391.39 -7.71
v 116.88 -419.31 -8.33
v 92.60 -403.15 -7.28
v 123.36 -391.39 -7.71
v 88.18 -378.34 -6.47
v 88.51 -378.70 6.51
v 123.68 -391.75 5.27
v 123.68 -391.75 5.27
v 88.51 -378.70 6.51
v 92.92 -403.51 5.71
v 88.18 -378.34 -6.47
v 123.36 -391.39 -7.71
v 92.60 -403.15 -7.28
v 88.18 -378.34 -6.47
v 53.08 -386.28 -5.82
v 53.41 -386.64 7.17
v 88.51 -378.70 6.51
v 88.51 -378.70 6.51
v 53.41 -386.64 7.17
v 92.92 -403.51 5.71
v 53.08 -386.28 -5.82
v 88.18 -378.34 -6.47
v 92.60 -403.15 -7.28
v 192.93 -408.99 10.39
v 228.21 -401.19 2.68
v 229.32 -398.71 10.31
v 194.05 -406.52 18.01
v 194.05 -406.52 18.01
v 229.32 -398.71 10.31
v 188.95 -361.12 4.02
v 228.21 -401.19 2.68
v 192.93 -408.99 10.39
v 187.83 -363.60 -3.61
v 228.21 -401.19 2.68
v 234.76 -338.31 -18.70
v 235.88 -335.83 -11.07
v 229.32 -398.71 10.31
v 229.32 -398.71 10.31
v 235.88 -335.83 -11.07
v 188.95 -361.12 4.02
v 234.76 -338.31 -18.70
v 228.21 -401.19 2.68
v 187.83 -363.60 -3.61
v 234.76 -338.31 -18.70
v 198.13 -306.42 -23.69
v 199.25 -303.94 -16.07
v 235.88 -335.83 -11.07
v 235.88 -335.83 -11.07
v 199.25 -303.94 -16.07
v 188.95 -361.12 4.02
v 198.13 -306.42 -23.69
v 234.76 -338.31 -18.70
v 187.83 -363.60 -3.61
v 198.13 -306.42 -23.69
v 154.52 -338.15 -7.00
v 155.63 -335.68 0.63
v 199.25 -303.94 -16.07
v 199.25 -303.94 -16.07
v 155.63 -335.68 0.63
v 188.95 -361.12 4.02
v 154.52 -338.15 -7.00
v 198.13 -306.42 -23.69
v 187.83 -363.60 -3.61
v 154.52 -338.15 -7.00
v 155.63 -396.79 11.88
v 156.75 -394.31 19.51
v 155.63 -335.68 0.63
v 155.63 -335.68 0.63
v 156.75 -394.31 19.51
v 188.95 -361.12 4.02
v 155.63 -396.79 11.88
v 154.52 -338.15 -7.00
v 187.83 -363.60 -3.61
v 155.63 -396.79 11.88
v 192.93 -408.99 10.39
v 194.05 -406.52 18.01
v 156.75 -394.31 19.51
v 156.75 -394.31 19.51
v 194.05 -406.52 18.01
v 188.95 -361.12 4.02
v 192.93 -408.99 10.39
v 155.63 -396.79 11.88
v 187.83 -363.60 -3.61
v 73.38 -76.91 -32.56
v 95.66 -114.25 -5.41
v 93.30 -110.89 1.15
v 71.02 -73.55 -26.01
v 71.02 -73.55 -26.01
v 93.30 -110.89 1.15
v 126.13 -86.41 0.42
v 95.66 -114.25 -5.41
v 73.38 -76.91 -32.56
v 128.49 -89.77 -6.13
v 95.66 -114.25 -5.41
v 147.53 -119.23 15.82
v 145.17 -115.87 22.38
v 93.30 -110.89 1.15
v 93.30 -110.89 1.15
v 145.17 -115.87 22.38
v 126.13 -86.41 0.42
v 147.53 -119.23 15.82
v 95.66 -114.25 -5.41
v 128.49 -89.77 -6.13
v 147.53 -119.23 15.82
v 168.88 -99.26 13.27
v 166.52 -95.90 19.83
v 145.17 -115.87 22.38
v 145.17 -115.87 22.38
v 166.52 -95.90 19.83
v 126.13 -86.41 0.42
v 168.88 -99.26 13.27
v 147.53 -119.23 15.82
v 128.49 -89.77 -6.13
v 168.88 -99.26 13.27
v 152.56 -74.73 -5.17
v 150.20 -71.37 1.38
v 166.52 -95.90 19.83
v 166.52 -95.90 19.83
v 150.20 -71.37 1.38
v 126.13 -86.41 0.42
v 152.56 -74.73 -5.17
v 168.88 -99.26 13.27
v 128.49 -89.77 -6.13
v 152.56 -74.73 -5.17
v 114.80 -68.01 -22.22
v 112.44 -64.65 -15.66
v 150.20 -71.37 1.38
v 150.20 -71.37 1.38
v 112.44 -64.65 -15.66
v 126.13 -86.41 0.42
v 114.80 -68.01 -22.22
v 152.56 -74.73 -5.17
v 128.49 -89.77 -6.13
v 114.80 -68.01 -22.22
v 73.38 -76.91 -32.56
v 71.02 -73.55 -26.01
v 112.44 -64.65 -15.66
v 112.44 -64.65 -15.66
v 71.02 -73.55 -26.01
v 126.13 -86.41 0.42
v 73.38 -76.91 -32.56
v 114.80 -68.01 -22.22
v 128.49 -89.77 -6.13
v 312.75 477.63 -0.04
v 288.58 483.11 7.20
v 290.79 479.78 17.09
v 314.96 474.30 9.86
v 314.96 474.30 9.86
v 290.79 479.78 17.09
v 285.75 445.24 6.61
v 288.58 483.11 7.20
v 312.75 477.63 -0.04
v 283.54 448.57 -3.29
v 288.58 483.11 7.20
v 250.55 459.40 7.71
v 252.76 456.07 17.60
v 290.79 479.78 17.09
v 290.79 479.78 17.09
v 252.76 456.07 17.60
v 285.75 445.24 6.61
v 250.55 459.40 7.71
v 288.58 483.11 7.20
v 283.54 448.57 -3.29
v 250.55 459.40 7.71
v 266.72 429.66 -5.90
v 268.93 426.33 4.00
v 252.76 456.07 17.60
v 252.76 456.07 17.60
v 268.93 426.33 4.00
v 285.75 445.24 6.61
v 266.72 429.66 -5.90
v 250.55 459.40 7.71
v 283.54 448.57 -3.29
v 266.72 429.66 -5.90
v 290.45 427.71 -11.85
v 292.66 424.38 -1.95
v 268.93 426.33 4.00
v 268.93 426.33 4.00
v 292.66 424.38 -1.95
v 285.75 445.24 6.61
v 290.45 427.71 -11.85
v 266.72 429.66 -5.90
v 283.54 448.57 -3.29
v 290.45 427.71 -11.85
v 307.35 440.61 -11.28
v 309.56 437.28 -1.38
v 292.66 424.38 -1.95
v 292.66 424.38 -1.95
v 309.56 437.28 -1.38
v 285.75 445.24 6.61
v 307.35 440.61 -11.28
v 290.45 427.71 -11.85
v 283.54 448.57 -3.29
v 307.35 440.61 -11.28
v 312.75 477.63 -0.04
v 314.96 474.30 9.86
v 309.56 437.28 -1.38
v 309.56 437.28 -1.38
v 314.96 474.30 9.86
v 285.75 445.24 6.61
v 312.75 477.63 -0.04
v 307.35 440.61 -11.28
v 283.54 448.57 -3.29
v -195.72 -465.50 3.21
v -157.89 -478.86 -11.84
v -155.88 -480.49 -5.34
v -193.71 -467.13 9.71
v -193.71 -467.13 9.71
v -155.88 -480.49 -5.34
v -155.17 -440.64 4.44
v -157.89 -478.86 -11.84
v -195.72 -465.50 3.21
v -157.18 -439.01 -2.06
v -157.89 -478.86 -11.84
v -118.88 -460.91 -19.40
v -116.87 -462.54 -12.90
v -155.88 -480.49 -5.34
v -155.88 -480.49 -5.34
v -116.87 -462.54 -12.90
v -155.17 -440.64 4.44
v -118.88 -460.91 -19.40
v -157.89 -478.86 -11.84
v -157.18 -439.01 -2.06
v -118.88 -460.91 -19.40
v -87.83 -418.48 -18.34
v -85.82 -420.11 -11.84
v -116.87 -462.54 -12.90
v -116.87 -462.54 -12.90
v -85.82 -420.11 -11.84
v -155.17 -440.64 4.44
v -87.83 -418.48 -18.34
v -118.88 -460.91 -19.40
v -157.18 -439.01 -2.06
v -87.83 -418.48 -18.34
v -130.84 -390.00 2.10
v -128.83 -391.63 8.60
v -85.82 -420.11 -11.84
v -85.82 -420.11 -11.84
v -128.83 -391.63 8.60
v -155.17 -440.64 4.44
v -130.84 -390.00 2.10
v -87.83 -418.48 -18.34
v -157.18 -439.01 -2.06
v -130.84 -390.00 2.10
v -185.30 -398.11 16.89
v -183.29 -399.75 23.40
v -128.83 -391.63 8.60
v -128.83 -391.63 8.60
v -183.29 -399.75 23.40
v -155.17 -440.64 4.44
v -185.30 -398.11 16.89
v -130.84 -390.00 2.10
v -157.18 -439.01 -2.06
v -185.30 -398.11 16.89
v -210.80 -431.05 16.51
v -208.79 -432.68 23.02
v -183.29 -399.75 23.40
v -183.29 -399.75 23.40
v -208.79 -432.68 23.02
v -155.17 -440.64 4.44
v -210.80 -431.05 16.51
v -185.30 -398.11 16.89
v -157.18 -439.01 -2.06
v -210.80 -431.05 16.51
v -195.72 -465.50 3.21
v -193.71 -467.13 9.71
v -208.79 -432.68 23.02
v -208.79 -432.68 23.02
v -193.71 -467.13 9.71
v -155.17 -440.64 4.44
v -195.72 -465.50 3.21
v -210.80 -431.05 16.51
v -157.18 -439.01 -2.06
v -313.45 -11.13 -2.36
v -306.83 17.86 -0.67
v -307.81 17.52 8.99
v -314.42 -11.47 7.30
v -314.42 -11.47 7.30
v -307.81 17.52 8.99
v -350.09 22.37 4.89
v -306.83 17.86 -0.67
v -313.45 -11.13 -2.36
v -349.12 22.71 -4.78
v -306.83 17.86 -0.67
v -335.28 58.20 -2.12
v -336.25 57.86 7.54
v -307.81 17.52 8.99
v -307.81 17.52 8.99
v -336.25 57.86 7.54
v -350.09 22.37 4.89
v -335.28 58.20 -2.12
v -306.83 17.86 -0.67
v -349.12 22.71 -4.78
v -335.28 58.20 -2.12
v -365.52 53.43 -5.35
v -366.50 53.08 4.31
v -336.25 57.86 7.54
v -336.25 57.86 7.54
v -366.50 53.08 4.31
v -350.09 22.37 4.89
v -365.52 53.43 -5.35
v -335.28 58.20 -2.12
v -349.12 22.71 -4.78
v -365.52 53.43 -5.35
v -389.11 51.71 -7.80
v -390.09 51.37 1.86
v -366.50 53.08 4.31
v -366.50 53.08 4.31
v -390.09 51.37 1.86
v -350.09 22.37 4.89
v -389.11 51.71 -7.80
v -365.52 53.43 -5.35
v -349.12 22.71 -4.78
v -389.11 51.71 -7.80
v -368.62 5.63 -7.35
v -369.60 5.29 2.31
v -390.09 51.37 1.86
v -390.09 51.37 1.86
v -369.60 5.29 2.31
v -350.09 22.37 4.89
v -368.62 5.63 -7.35
v -389.11 51.71 -7.80
v -349.12 22.71 -4.78
v -368.62 5.63 -7.35
v -344.20 -11.37 -5.48
v -345.18 -11.71 4.18
v -369.60 5.29 2.31
v -369.60 5.29 2.31
v -345.18 -11.71 4.18
v -350.09 22.37 4.89
v -344.20 -11.37 -5.48
v -368.62 5.63 -7.35
v -349.12 22.71 -4.78
v -344.20 -11.37 -5.48
v -313.45 -11.13 -2.36
v -314.42 -11.47 7.30
v -345.18 -11.71 4.18
v -345.18 -11.71 4.18
v -314.42 -11.47 7.30
v -350.09 22.37 4.89
v -313.45 -11.13 -2.36
v -344.20 -11.37 -5.48
v -349.12 22.71 -4.78
v -356.18 176.60 -3.21
v -345.81 194.52 -9.37
v -342.50 196.54 2.13
v -352.87 178.63 8.28
v -352.87 178.63 8.28
v -342.50 196.54 2.13
v -378.73 205.86 10.94
v -345.81 194.52 -9.37
v -356.18 176.60 -3.21
v -382.05 203.83 -0.55
v -345.81 194.52 -9.37
v -345.24 228.71 -15.56
v -341.93 230.74 -4.07
v -342.50 196.54 2.13
v -342.50 196.54 2.13
v -341.93 230.74 -4.07
v -378.73 205.86 10.94
v -345.24 228.71 -15.56
v -345.81 194.52 -9.37
v -382.05 203.83 -0.55
v -345.24 228.71 -15.56
v -373.26 239.11 -9.31
v -369.94 241.14 2.18
v -341.93 230.74 -4.07
v -341.93 230.74 -4.07
v -369.94 241.14 2.18
v -378.73 205.86 10.94
v -373.26 239.11 -9.31
v -345.24 228.71 -15.56
v -382.05 203.83 -0.55
v -373.26 239.11 -9.31
v -404.81 240.08 -0.38
v -401.49 242.11 11.12
v -369.94 241.14 2.18
v -369.94 241.14 2.18
v -401.49 242.11 11.12
v -378.73 205.86 10.94
v -404.81 240.08 -0.38
v -373.26 239.11 -9.31
v -382.05 203.83 -0.55
v -404.81 240.08 -0.38
v -409.66 203.28 7.51
v -406.34 205.31 19.01
v -401.49 242.11 11.12
v -401.49 242.11 11.12
v -406.34 205.31 19.01
v -378.73 205.86 10.94
v -409.66 203.28 7.51
v -404.81 240.08 -0.38
v -382.05 203.83 -0.55
v -409.66 203.28 7.51
v -403.27 180.67 9.66
v -399.95 182.70 21.15
v -406.34 205.31 19.01
v -406.34 205.31 19.01
v -399.95 182.70 21.15
v -378.73 205.86 10.94
v -403.27 180.67 9.66
v -409.66 203.28 7.51
v -382.05 203.83 -0.55
v -403.27 180.67 9.66
v -389.46 175.13 6.65
v -386.14 177.16 18.15
v -399.95 182.70 21.15
v -399.95 182.70 21.15
v -386.14 177.16 18.15
v -378.73 205.86 10.94
v -389.46 175.13 6.65
v -403.27 180.67 9.66
v -382.05 203.83 -0.55
v -389.46 175.13 6.65
v -356.18 176.60 -3.21
v -352.87 178.63 8.28
v -386.14 177.16 18.15
v -386.14 177.16 18.15
v -352.87 178.63 8.28
v -378.73 205.86 10.94
v -356.18 176.60 -3.21
v -389.46 175.13 6.65
v -382.05 203.83 -0.55
v -383.64 -180.46 38.63
v -367.82 -222.05 11.98
v -364.53 -224.09 17.12
v -380.35 -182.50 43.76
v -380.35 -182.50 43.76
v -364.53 -224.09 17.12
v -329.14 -196.36 5.46
v -367.82 -222.05 11.98
v -383.64 -180.46 38.63
v -332.43 -194.33 0.32
v -367.82 -222.05 11.98
v -340.55 -249.11 -16.23
v -337.26 -251.15 -11.09
v -364.53 -224.09 17.12
v -364.53 -224.09 17.12
v -337.26 -251.15 -11.09
v -329.14 -196.36 5.46
v -340.55 -249.11 -16.23
v -367.82 -222.05 11.98
v -332.43 -194.33 0.32
v -340.55 -249.11 -16.23
v -313.69 -241.15 -30.28
v -310.40 -243.18 -25.14
v -337.26 -251.15 -11.09
v -337.26 -251.15 -11.09
v -310.40 -243.18 -25.14
v -329.14 -196.36 5.46
v -313.69 -241.15 -30.28
v -340.55 -249.11 -16.23
v -332.43 -194.33 0.32
v -313.69 -241.15 -30.28
v -281.09 -213.77 -40.29
v -277.80 -215.81 -35.16
v -310.40 -243.18 -25.14
v -310.40 -243.18 -25.14
v -277.80 -215.81 -35.16
v -329.14 -196.36 5.46
v -281.09 -213.77 -40.29
v -313.69 -241.15 -30.28
v -332.43 -194.33 0.32
v -281.09 -213.77 -40.29
v -287.54 -148.18 -10.12
v -284.25 -150.22 -4.99
v -277.80 -215.81 -35.16
v -277.80 -215.81 -35.16
v -284.25 -150.22 -4.99
v -329.14 -196.36 5.46
v -287.54 -148.18 -10.12
v -281.09 -213.77 -40.29
v -332.43 -194.33 0.32
v -287.54 -148.18 -10.12
v -317.70 -133.74 14.93
v -314.41 -135.78 20.06
v -284.25 -150.22 -4.99
v -284.25 -150.22 -4.99
v -314.41 -135.78 20.06
v -329.14 -196.36 5.46
v -317.70 -133.74 14.93
v -287.54 -148.18 -10.12
v -332.43 -194.33 0.32
v -317.70 -133.74 14.93
v -356.54 -145.86 35.00
v -353.25 -147.89 40.14
v -314.41 -135.78 20.06
v -314.41 -135.78 20.06
v -353.25 -147.89 40.14
v -329.14 -196.36 5.46
v -356.54 -145.86 35.00
v -317.70 -133.74 14.93
v -332.43 -194.33 0.32
v -356.54 -145.86 35.00
v -383.64 -180.46 38.63
v -380.35 -182.50 43.76
v -353.25 -147.89 40.14
v -353.25 -147.89 40.14
v -380.35 -182.50 43.76
v -329.14 -196.36 5.46
v -383.64 -180.46 38.63
v -356.54 -145.86 35.00
v -332.43 -194.33 0.32
v -283.93 -222.75 -20.32
v -311.19 -201.33 -10.00
v -306.53 -199.61 -1.26
v -279.27 -221.03 -11.59
v -279.27 -221.03 -11.59
v -306.53 -199.61 -1.26
v -301.31 -246.07 5.09
v -311.19 -201.33 -10.00
v -283.93 -222.75 -20.32
v -305.97 -247.79 -3.64
v -311.19 -201.33 -10.00
v -318.63 -221.81 -2.00
v -313.97 -220.09 6.73
v -306.53 -199.61 -1.26
v -306.53 -199.61 -1.26
v -313.97 -220.09 6.73
v -301.31 -246.07 5.09
v -318.63 -221.81 -2.00
v -311.19 -201.33 -10.00
v -305.97 -247.79 -3.64
v -318.63 -221.81 -2.00
v -336.53 -248.45 12.78
v -331.87 -246.73 21.52
v -313.97 -220.09 6.73
v -313.97 -220.09 6.73
v -331.87 -246.73 21.52
v -301.31 -246.07 5.09
v -336.53 -248.45 12.78
v -318.63 -221.81 -2.00
v -305.97 -247.79 -3.64
v -336.53 -248.45 12.78
v -326.59 -267.90 11.31
v -321.93 -266.18 20.05
v -331.87 -246.73 21.52
v -331.87 -246.73 21.52
v -321.93 -266.18 20.05
v -301.31 -246.07 5.09
v -326.59 -267.90 11.31
v -336.53 -248.45 12.78
v -305.97 -247.79 -3.64
v -326.59 -267.90 11.31
v -328.71 -288.59 16.51
v -324.05 -286.87 25.25
v -321.93 -266.18 20.05
v -321.93 -266.18 20.05
v -324.05 -286.87 25.25
v -301.31 -246.07 5.09
v -328.71 -288.59 16.51
v -326.59 -267.90 11.31
v -305.97 -247.79 -3.64
v -328.71 -288.59 16.51
v -296.94 -291.44 0.13
v -292.28 -289.72 8.87
v -324.05 -286.87 25.25
v -324.05 -286.87 25.25
v -292.28 -289.72 8.87
v -301.31 -246.07 5.09
v -296.94 -291.44 0.13
v -328.71 -288.59 16.51
v -305.97 -247.79 -3.64
v -296.94 -291.44 0.13
v -282.16 -253.85 -15.15
v -277.50 -252.14 -6.41
v -292.28 -289.72 8.87
v -292.28 -289.72 8.87
v -277.50 -252.14 -6.41
v -301.31 -246.07 5.09
v -282.16 -253.85 -15.15
v -296.94 -291.44 0.13
v -305.97 -247.79 -3.64
v -282.16 -253.85 -15.15
v -269.86 -234.84 -25.45
v -265.20 -233.12 -16.71
v -277.50 -252.14 -6.41
v -277.50 -252.14 -6.41
v -265.20 -233.12 -16.71
v -301.31 -246.07 5.09
v -269.86 -234.84 -25.45
v -282.16 -253.85 -15.15
v -305.97 -247.79 -3.64
v -269.86 -234.84 -25.45
v -283.93 -222.75 -20.32
v -279.27 -221.03 -11.59
v -265.20 -233.12 -16.71
v -265.20 -233.12 -16.71
v -279.27 -221.03 -11.59
v -301.31 -246.07 5.09
v -283.93 -222.75 -20.32
v -269.86 -234.84 -25.45
v -305.97 -247.79 -3.64
v 218.78 395.77 10.57
v 200.07 419.01 0.07
v 196.63 420.01 8.40
v 215.34 396.77 18.90
v 215.34 396.77 18.90
v 196.63 420.01 8.40
v 181.19 395.59 4.96
v 200.07 419.01 0.07
v 218.78 395.77 10.57
v 184.62 394.60 -3.38
v 200.07 419.01 0.07
v 170.30 410.20 -11.16
v 166.86 411.20 -2.82
v 196.63 420.01 8.40
v 196.63 420.01 8.40
v 166.86 411.20 -2.82
v 181.19 395.59 4.96
v 170.30 410.20 -11.16
v 200.07 419.01 0.07
v 184.62 394.60 -3.38
v 170.30 410.20 -11.16
v 146.43 400.14 -19.79
v 142.99 401.14 -11.46
v 166.86 411.20 -2.82
v 166.86 411.20 -2.82
v 142.99 401.14 -11.46
v 181.19 395.59 4.96
v 146.43 400.14 -19.79
v 170.30 410.20 -11.16
v 184.62 394.60 -3.38
v 146.43 400.14 -19.79
v 167.58 378.58 -8.49
v 164.14 379.58 -0.16
v 142.99 401.14 -11.46
v 142.99 401.14 -11.46
v 164.14 379.58 -0.16
v 181.19 395.59 4.96
v 167.58 378.58 -8.49
v 146.43 400.14 -19.79
v 184.62 394.60 -3.38
v 167.58 378.58 -8.49
v 203.77 376.93 6.63
v 200.33 377.93 14.97
v 164.14 379.58 -0.16
v 164.14 379.58 -0.16
v 200.33 377.93 14.97
v 181.19 395.59 4.96
v 203.77 376.93 6.63
v 167.58 378.58 -8.49
v 184.62 394.60 -3.38
v 203.77 376.93 6.63
v 218.78 395.77 10.57
v 215.34 396.77 18.90
v 200.33 377.93 14.97
v 200.33 377.93 14.97
v 215.34 396.77 18.90
v 181.19 395.59 4.96
v 218.78 395.77 10.57
v 203.77 376.93 6.63
v 184.62 394.60 -3.38
v -62.39 -9.51 -21.79
v -94.80 -20.17 -11.56
v -93.82 -15.19 -3.27
v -61.41 -4.53 -13.50
v -61.41 -4.53 -13.50
v -93.82 -15.19 -3.27
v -87.35 -43.56 13.02
v -94.80 -20.17 -11.56
v -62.39 -9.51 -21.79
v -88.33 -48.54 4.73
v -94.80 -20.17 -11.56
v -107.84 -27.15 -5.82
v -106.86 -22.17 2.47
v -93.82 -15.19 -3.27
v -93.82 -15.19 -3.27
v -106.86 -22.17 2.47
v -87.35 -43.56 13.02
v -107.84 -27.15 -5.82
v -94.80 -20.17 -11.56
v -88.33 -48.54 4.73
v -107.84 -27.15 -5.82
v -131.11 -52.10 11.93
v -130.13 -47.12 20.22
v -106.86 -22.17 2.47
v -106.86 -22.17 2.47
v -130.13 -47.12 20.22
v -87.35 -43.56 13.02
v -131.11 -52.10 11.93
v -107.84 -27.15 -5.82
v -88.33 -48.54 4.73
v -131.11 -52.10 11.93
v -126.89 -88.57 33.36
v -125.92 -83.59 41.65
v -130.13 -47.12 20.22
v -130.13 -47.12 20.22
v -125.92 -83.59 41.65
v -87.35 -43.56 13.02
v -126.89 -88.57 33.36
v -131.11 -52.10 11.93
v -88.33 -48.54 4.73
v -126.89 -88.57 33.36
v -104.76 -83.94 27.96
v -103.78 -78.95 36.25
v -125.92 -83.59 41.65
v -125.92 -83.59 41.65
v -103.78 -78.95 36.25
v -87.35 -43.56 13.02
v -104.76 -83.94 27.96
v -126.89 -88.57 33.36
v -88.33 -48.54 4.73
v -104.76 -83.94 27.96
v -80.52 -91.20 29.46
v -79.54 -86.22 37.75
v -103.78 -78.95 36.25
v -103.78 -78.95 36.25
v -79.54 -86.22 37.75
v -87.35 -43.56 13.02
v -80.52 -91.20 29.46
v -104.76 -83.94 27.96
v -88.33 -48.54 4.73
v -80.52 -91.20 29.46
v -56.42 -55.51 5.16
v -55.44 -50.53 13.45
v -79.54 -86.22 37.75
v -79.54 -86.22 37.75
v -55.44 -50.53 13.45
v -87.35 -43.56 13.02
v -56.42 -55.51 5.16
v -80.52 -91.20 29.46
v -88.33 -48.54 4.73
v -56.42 -55.51 5.16
v -49.96 -25.27 -13.78
v -48.99 -20.29 -5.49
v -55.44 -50.53 13.45
v -55.44 -50.53 13.45
v -48.99 -20.29 -5.49
v -87.35 -43.56 13.02
v -49.96 -25.27 -13.78
v -56.42 -55.51 5.16
v -88.33 -48.54 4.73
v -49.96 -25.27 -13.78
v -62.39 -9.51 -21.79
v -61.41 -4.53 -13.50
v -48.99 -20.29 -5.49
v -48.99 -20.29 -5.49
v -61.41 -4.53 -13.50
v -87.35 -43.56 13.02
v -62.39 -9.51 -21.79
v -49.96 -25.27 -13.78
v -88.33 -48.54 4.73
v -67.78 300.76 6.92
v -65.58 289.31 7.44
v -63.61 290.17 17.91
v -65.81 301.62 17.39
v -65.81 301.62 17.39
v -63.61 290.17 17.91
v -41.49 303.67 12.64
v -65.58 289.31 7.44
v -67.78 300.76 6.92
v -43.46 302.81 2.17
v -65.58 289.31 7.44
v -41.34 280.23 3.62
v -39.37 281.09 14.09
v -63.61 290.17 17.91
v -63.61 290.17 17.91
v -39.37 281.09 14.09
v -41.49 303.67 12.64
v -41.34 280.23 3.62
v -65.58 289.31 7.44
v -43.46 302.81 2.17
v -41.34 280.23 3.62
v -30.06 289.26 0.76
v -28.09 290.12 11.23
v -39.37 281.09 14.09
v -39.37 281.09 14.09
v -28.09 290.12 11.23
v -41.49 303.67 12.64
v -30.06 289.26 0.76
v -41.34 280.23 3.62
v -43.46 302.81 2.17
v -30.06 289.26 0.76
v -15.30 296.22 -2.60
v -13.33 297.08 7.87
v -28.09 290.12 11.23
v -28.09 290.12 11.23
v -13.33 297.08 7.87
v -41.49 303.67 12.64
v -15.30 296.22 -2.60
v -30.06 289.26 0.76
v -43.46 302.81 2.17
v -15.30 296.22 -2.60
v -10.42 314.82 -5.04
v -8.45 315.68 5.43
v -13.33 297.08 7.87
v -13.33 297.08 7.87
v -8.45 315.68 5.43
v -41.49 303.67 12.64
v -10.42 314.82 -5.04
v -15.30 296.22 -2.60
v -43.46 302.81 2.17
v -10.42 314.82 -5.04
v -25.13 322.24 -2.88
v -23.15 323.10 7.59
v -8.45 315.68 5.43
v -8.45 315.68 5.43
v -23.15 323.10 7.59
v -41.49 303.67 12.64
v -25.13 322.24 -2.88
v -10.42 314.82 -5.04
v -43.46 302.81 2.17
v -25.13 322.24 -2.88
v -53.79 322.08 2.53
v -51.82 322.94 13.00
v -23.15 323.10 7.59
v -23.15 323.10 7.59
v -51.82 322.94 13.00
v -41.49 303.67 12.64
v -53.79 322.08 2.53
v -25.13 322.24 -2.88
v -43.46 302.81 2.17
v -53.79 322.08 2.53
v -67.92 311.71 6.05
v -65.95 312.57 16.52
v -51.82 322.94 13.00
v -51.82 322.94 13.00
v -65.95 312.57 16.52
v -41.49 303.67 12.64
v -67.92 311.71 6.05
v -53.79 322.08 2.53
v -43.46 302.81 2.17
v -67.92 311.71 6.05
v -67.78 300.76 6.92
v -65.81 301.62 17.39
v -65.95 312.57 16.52
v -65.95 312.57 16.52
v -65.81 301.62 17.39
v -41.49 303.67 12.64
v -67.78 300.76 6.92
v -67.92 311.71 6.05
v -43.46 302.81 2.17
v -78.46 -3.67 15.86
v -75.60 -17.43 18.40
v -72.51 -15.91 23.17
v -75.36 -2.15 20.64
v -75.36 -2.15 20.64
v -72.51 -15.91 23.17
v -46.15 -8.52 3.73
v -75.60 -17.43 18.40
v -78.46 -3.67 15.86
v -49.24 -10.04 -1.04
v -75.60 -17.43 18.40
v -60.77 -30.39 12.91
v -57.68 -28.87 17.69
v -72.51 -15.91 23.17
v -72.51 -15.91 23.17
v -57.68 -28.87 17.69
v -46.15 -8.52 3.73
v -60.77 -30.39 12.91
v -75.60 -17.43 18.40
v -49.24 -10.04 -1.04
v -60.77 -30.39 12.91
v -44.28 -26.44 0.96
v -41.18 -24.92 5.74
v -57.68 -28.87 17.69
v -57.68 -28.87 17.69
v -41.18 -24.92 5.74
v -46.15 -8.52 3.73
v -44.28 -26.44 0.96
v -60.77 -30.39 12.91
v -49.24 -10.04 -1.04
v -44.28 -26.44 0.96
v -24.00 -21.44 -13.77
v -20.91 -19.92 -9.00
v -41.18 -24.92 5.74
v -41.18 -24.92 5.74
v -20.91 -19.92 -9.00
v -46.15 -8.52 3.73
v -24.00 -21.44 -13.77
v -44.28 -26.44 0.96
v -49.24 -10.04 -1.04
v -24.00 -21.44 -13.77
v -19.89 -13.82 -18.86
v -16.79 -12.30 -14.09
v -20.91 -19.92 -9.00
v -20.91 -19.92 -9.00
v -16.79 -12.30 -14.09
v -46.15 -8.52 3.73
v -19.89 -13.82 -18.86
v -24.00 -21.44 -13.77
v -49.24 -10.04 -1.04
v -19.89 -13.82 -18.86
v -38.79 6.33 -13.03
v -35.70 7.85 -8.26
v -16.79 -12.30 -14.09
v -16.79 -12.30 -14.09
v -35.70 7.85 -8.26
v -46.15 -8.52 3.73
v -38.79 6.33 -13.03
v -19.89 -13.82 -18.86
v -49.24 -10.04 -1.04
v -38.79 6.33 -13.03
v -54.97 7.12 -2.80
v -51.87 8.64 1.98
v -35.70 7.85 -8.26
v -35.70 7.85 -8.26
v -51.87 8.64 1.98
v -46.15 -8.52 3.73
v -54.97 7.12 -2.80
v -38.79 6.33 -13.03
v -49.24 -10.04 -1.04
v -54.97 7.12 -2.80
v -65.14 7.32 3.73
v -62.05 8.84 8.51
v -51.87 8.64 1.98
v -51.87 8.64 1.98
v -62.05 8.84 8.51
v -46.15 -8.52 3.73
v -65.14 7.32 3.73
v -54.97 7.12 -2.80
v -49.24 -10.04 -1.04
v -65.14 7.32 3.73
v -78.46 -3.67 15.86
v -75.36 -2.15 20.64
v -62.05 8.84 8.51
v -62.05 8.84 8.51
v -75.36 -2.15 20.64
v -46.15 -8.52 3.73
v -78.46 -3.67 15.86
v -65.14 7.32 3.73
v -49.24 -10.04 -1.04
v -124.07 50.07 2.84
v -117.11 72.82 -7.98
v -116.93 75.49 -2.25
v -123.89 52.74 8.57
v -123.89 52.74 8.57
v -116.93 75.49 -2.25
v -139.94 69.68 1.16
v -117.11 72.82 -7.98
v -124.07 50.07 2.84
v -140.11 67.01 -4.57
v -117.11 72.82 -7.98
v -124.32 80.24 -11.23
v -124.15 82.92 -5.49
v -116.93 75.49 -2.25
v -116.93 75.49 -2.25
v -124.15 82.92 -5.49
v -139.94 69.68 1.16
v -124.32 80.24 -11.23
v -117.11 72.82 -7.98
v -140.11 67.01 -4.57
v -124.32 80.24 -11.23
v -150.93 94.35 -16.99
v -150.76 97.02 -11.25
v -124.15 82.92 -5.49
v -124.15 82.92 -5.49
v -150.76 97.02 -11.25
v -139.94 69.68 1.16
v -150.93 94.35 -16.99
v -124.32 80.24 -11.23
v -140.11 67.01 -4.57
v -150.93 94.35 -16.99
v -166.73 78.21 -8.98
v -166.56 80.88 -3.25
v -150.76 97.02 -11.25
v -150.76 97.02 -11.25
v -166.56 80.88 -3.25
v -139.94 69.68 1.16
v -166.73 78.21 -8.98
v -150.93 94.35 -16.99
v -140.11 67.01 -4.57
v -166.73 78.21 -8.98
v -158.24 62.31 -1.83
v -158.06 64.98 3.91
v -166.56 80.88 -3.25
v -166.56 80.88 -3.25
v -158.06 64.98 3.91
v -139.94 69.68 1.16
v -158.24 62.31 -1.83
v -166.73 78.21 -8.98
v -140.11 67.01 -4.57
v -158.24 62.31 -1.83
v -153.21 57.07 0.46
v -153.04 59.75 6.20
v -158.06 64.98 3.91
v -158.06 64.98 3.91
v -153.04 59.75 6.20
v -139.94 69.68 1.16
v -153.21 57.07 0.46
v -158.24 62.31 -1.83
v -140.11 67.01 -4.57
v -153.21 57.07 0.46
v -135.02 40.66 7.56
v -134.85 43.34 13.29
v -153.04 59.75 6.20
v -153.04 59.75 6.20
v -134.85 43.34 13.29
v -139.94 69.68 1.16
v -135.02 40.66 7.56
v -153.21 57.07 0.46
v -140.11 67.01 -4.57
v -135.02 40.66 7.56
v -124.07 50.07 2.84
v -123.89 52.74 8.57
v -134.85 43.34 13.29
v -134.85 43.34 13.29
v -123.89 52.74 8.57
v -139.94 69.68 1.16
v -124.07 50.07 2.84
v -135.02 40.66 7.56
v -140.11 67.01 -4.57
v 33.90 -272.42 -4.95
v 58.30 -275.34 15.57
v 53.06 -273.59 22.04
v 28.67 -270.67 1.52
v 28.67 -270.67 1.52
v 53.06 -273.59 22.04
v 46.86 -222.18 3.12
v 58.30 -275.34 15.57
v 33.90 -272.42 -4.95
v 52.10 -223.93 -3.35
v 58.30 -275.34 15.57
v 91.91 -252.95 36.70
v 86.68 -251.20 43.17
v 53.06 -273.59 22.04
v 53.06 -273.59 22.04
v 86.68 -251.20 43.17
v 46.86 -222.18 3.12
v 91.91 -252.95 36.70
v 58.30 -275.34 15.57
v 52.10 -223.93 -3.35
v 91.91 -252.95 36.70
v 99.75 -222.98 34.94
v 94.52 -221.22 41.41
v 86.68 -251.20 43.17
v 86.68 -251.20 43.17
v 94.52 -221.22 41.41
v 46.86 -222.18 3.12
v 99.75 -222.98 34.94
v 91.91 -252.95 36.70
v 52.10 -223.93 -3.35
v 99.75 -222.98 34.94
v 78.53 -175.82 5.01
v 73.30 -174.07 11.48
v 94.52 -221.22 41.41
v 94.52 -221.22 41.41
v 73.30 -174.07 11.48
v 46.86 -222.18 3.12
v 78.53 -175.82 5.01
v 99.75 -222.98 34.94
v 52.10 -223.93 -3.35
v 78.53 -175.82 5.01
v 61.71 -169.16 -10.40
v 56.48 -167.41 -3.93
v 73.30 -174.07 11.48
v 73.30 -174.07 11.48
v 56.48 -167.41 -3.93
v 46.86 -222.18 3.12
v 61.71 -169.16 -10.40
v 78.53 -175.82 5.01
v 52.10 -223.93 -3.35
v 61.71 -169.16 -10.40
v 39.37 -179.47 -25.68
v 34.14 -177.72 -19.21
v 56.48 -167.41 -3.93
v 56.48 -167.41 -3.93
v 34.14 -177.72 -19.21
v 46.86 -222.18 3.12
v 39.37 -179.47 -25.68
v 61.71 -169.16 -10.40
v 52.10 -223.93 -3.35
v 39.37 -179.47 -25.68
v 12.77 -221.51 -35.82
v 7.54 -219.76 -29.35
v 34.14 -177.72 -19.21
v 34.14 -177.72 -19.21
v 7.54 -219.76 -29.35
v 46.86 -222.18 3.12
v 12.77 -221.51 -35.82
v 39.37 -179.47 -25.68
v 52.10 -223.93 -3.35
v 12.77 -221.51 -35.82
v 5.87 -272.50 -27.60
v 0.64 -270.75 -21.13
v 7.54 -219.76 -29.35
v 7.54 -219.76 -29.35
v 0.64 -270.75 -21.13
v 46.86 -222.18 3.12
v 5.87 -272.50 -27.60
v 12.77 -221.51 -35.82
v 52.10 -223.93 -3.35
v 5.87 -272.50 -27.60
v 33.90 -272.42 -4.95
v 28.67 -270.67 1.52
v 0.64 -270.75 -21.13
v 0.64 -270.75 -21.13
v 28.67 -270.67 1.52
v 46.86 -222.18 3.12
v 33.90 -272.42 -4.95
v 5.87 -272.50 -27.60
v 52.10 -223.93 -3.35
v -306.49 -189.66 -14.61
v -325.82 -185.69 -14.17
v -324.53 -180.70 -2.46
v -305.20 -184.66 -2.90
v -305.20 -184.66 -2.90
v -324.53 -180.70 -2.46
v -322.86 -200.97 6.00
v -325.82 -185.69 -14.17
v -306.49 -189.66 -14.61
v -324.15 -205.97 -5.71
v -325.82 -185.69 -14.17
v -341.61 -205.71 -3.89
v -340.31 -200.72 7.81
v -324.53 -180.70 -2.46
v -324.53 -180.70 -2.46
v -340.31 -200.72 7.81
v -322.86 -200.97 6.00
v -341.61 -205.71 -3.89
v -325.82 -185.69 -14.17
v -324.15 -205.97 -5.71
v -341.61 -205.71 -3.89
v -338.99 -218.95 1.46
v -337.70 -213.96 13.17
v -340.31 -200.72 7.81
v -340.31 -200.72 7.81
v -337.70 -213.96 13.17
v -322.86 -200.97 6.00
v -338.99 -218.95 1.46
v -341.61 -205.71 -3.89
v -324.15 -205.97 -5.71
v -338.99 -218.95 1.46
v -327.48 -223.64 2.19
v -326.19 -218.65 13.90
v -337.70 -213.96 13.17
v -337.70 -213.96 13.17
v -326.19 -218.65 13.90
v -322.86 -200.97 6.00
v -327.48 -223.64 2.19
v -338.99 -218.95 1.46
v -324.15 -205.97 -5.71
v -327.48 -223.64 2.19
v -307.58 -208.41 -6.49
v -306.29 -203.42 5.21
v -326.19 -218.65 13.90
v -326.19 -218.65 13.90
v -306.29 -203.42 5.21
v -322.86 -200.97 6.00
v -307.58 -208.41 -6.49
v -327.48 -223.64 2.19
v -324.15 -205.97 -5.71
v -307.58 -208.41 -6.49
v -306.49 -189.66 -14.61
v -305.20 -184.66 -2.90
v -306.29 -203.42 5.21
v -306.29 -203.42 5.21
v -305.20 -184.66 -2.90
v -322.86 -200.97 6.00
v -306.49 -189.66 -14.61
v -307.58 -208.41 -6.49
v -324.15 -205.97 -5.71
vt 0.0000 0.0000
vt 0.4120 0.0000
vt 0.5117 0.2132
vt 0.2147 0.3262
vt 0.0000 0.0000
vt 0.4332 0.0000
vt 0.4849 0.3332
vt 0.1381 0.3380
vt 0.0000 0.0000
vt 0.3905 0.0000
vt 0.4681 0.2200
vt 0.0378 0.2301
vt 0.0000 0.0000
vt 0.1596 0.0000
vt 0.1711 0.3478
vt -0.0998 0.2289
vt 0.0000 0.0000
vt 0.2332 0.0000
vt 0.2094 0.3638
vt 0.0571 0.4080
vt 0.0000 0.0000
vt 0.3285 0.0000
vt 0.2594 0.2896
vt -0.0747 0.2266
vt 0.0000 0.0000
vt 0.5520 0.0000
vt 0.5110 0.4560
vt 0.0293 0.4697
vt 0.0000 0.0000
vt 0.4261 0.0000
vt 0.4379 0.4349
vt 0.0720 0.4645
vt 0.0000 0.0000
vt 0.4707 0.0000
vt 0.4658 0.2418
vt 0.0426 0.2861
vt 0.0000 0.0000
vt 0.3746 0.0000
vt 0.3730 0.3759
vt 0.1538 0.4312
vt 0.0000 0.0000
vt 0.2893 0.0000
vt 0.3256 0.4646
vt -0.0337 0.5510
vt 0.0000 0.0000
vt 0.4819 0.0000
vt 0.4040 0.2123
vt -0.0377 0.2399
vt 0.0000 0.0000
vt 0.1829 -0.0000
vt 0.1768 0.0974
vt 0.0430 0.1458
vt 0.0000 0.0000
vt 0.1105 0.0000
vt 0.1375 0.1646
vt 0.0183 0.1688
vt 0.0000 0.0000
vt 0.1520 0.0000
vt 0.1476 0.0936
vt 0.0389 0.1128
vt 0.0000 0.0000
vt 0.0839 0.0000
vt 0.0270 0.1053
vt -0.0508 0.0939
vt 0.0000 0.0000
vt 0.1193 0.0000
vt 0.1281 0.1672
vt 0.0495 0.1761
vt 0.0000 0.0000
vt 0.1488 0.0000
vt 0.1651 0.0803
vt -0.0030 0.0938
vt 0.0000 0.0000
vt 0.1402 0.0000
vt 0.1368 0.1351
vt 0.0178 0.1303
vt 0.0000 0.0000
vt 0.1519 0.0000
vt 0.1378 0.1367
vt 0.0104 0.1231
vt 0.0000 0.0000
vt 0.1315 0.0000
vt 0.1312 0.0870
vt -0.0201 0.0806
vt 0.0000 0.0000
vt 0.0757 0.0000
vt 0.0495 0.1226
vt -0.0363 0.1302
vt 0.0000 0.0000
vt 0.0831 0.0000
vt 0.0968 0.1227
vt 0.0228 0.1383
vt 0.0000 0.0000
vt 0.1191 0.0000
vt 0.1409 0.0824
vt 0.0067 0.0874
vt 0.0000 0.0000
vt 0.1659 -0.0000
vt 0.1449 0.1319
vt 0.0077 0.1171
vt 0.0000 0.0000
vt 0.1276 -0.0000
vt 0.1558 0.1369
vt 0.0179 0.1739
vt 0.0000 0.0000
vt 0.1174 0.0000
vt 0.0844 0.1330
vt -0.0305 0.0809
vt 0.0000 0.0000
vt 0.0868 0.0000
vt 0.1400 0.1289
vt -0.0040 0.1338
vt 0.0000 0.0000
vt 0.0865 0.0000
vt 0.0967 0.1726
vt 0.0141 0.1653
vt 0.0000 0.0000
vt 0.1382 0.0000
vt 0.1366 0.1468
vt -0.0023 0.1384
vt 0.0000 0.0000
vt 0.2559 0.0000
vt 0.1726 0.3385
vt -0.0768 0.2705
vt 0.0000 0.0000
vt 0.3378 0.0000
vt 0.2548 0.2298
vt 0.0689 0.2027
vt 0.0000 0.0000
vt 0.2812 -0.0000
vt 0.3014 0.1804
vt -0.0332 0.2232
vt 0.0000 0.0000
vt 0.2542 -0.0000
vt 0.2785 0.1854
vt 0.1056 0.3333
vt 0.0000 0.0000
vt 0.2257 0.0000
vt 0.2210 0.1818
vt 0.0057 0.2559
vt 0.0000 0.0000
vt 0.2598 0.0000
vt 0.2206 0.2042
vt -0.0039 0.1824
vt 0.0000 0.0000
vt 0.1382 0.0000
vt 0.1531 0.1285
vt 0.0775 0.1594
vt 0.0000 0.0000
vt 0.1563 0.0000
vt 0.1288 0.1336
vt -0.0080 0.1355
vt 0.0000 0.0000
vt 0.1773 -0.0000
vt 0.1781 0.1463
vt 0.0296 0.1117
vt 0.0000 0.0000
vt 0.1321 0.0000
vt 0.0898 0.1386
vt -0.0570 0.1196
vt 0.0000 0.0000
vt 0.1155 0.0000
vt 0.1616 0.1169
vt 0.0408 0.1321
vt 0.0000 0.0000
vt 0.0866 0.0000
vt 0.0938 0.1501
vt -0.0526 0.1408
vt 0.0000 0.0000
vt 0.1047 -0.0000
vt 0.1375 0.1820
vt 0.0148 0.1589
vt 0.0000 0.0000
vt 0.0928 -0.0000
vt 0.1191 0.0977
vt 0.0065 0.1064
vt 0.0000 0.0000
vt 0.1596 0.0000
vt 0.1306 0.1386
vt 0.0386 0.1430
vt 0.0000 0.0000
vt 0.1499 0.0000
vt 0.1807 0.1043
vt 0.0909 0.1642
vt 0.0000 0.0000
vt 0.1482 0.0000
vt 0.1582 0.1057
vt 0.0086 0.1044
vt 0.0000 0.0000
vt 0.1290 0.0000
vt 0.1217 0.1119
vt 0.0246 0.1399
vt 0.0000 0.0000
vt 0.3380 -0.0000
vt 0.3603 0.3451
vt -0.1054 0.3514
vt 0.0000 0.0000
vt 0.5005 0.0000
vt 0.3473 0.4247
vt -0.0153 0.3979
vt 0.0000 0.0000
vt 0.3669 0.0000
vt 0.3252 0.3931
vt -0.1453 0.2241
vt 0.0000 0.0000
vt 0.2779 -0.0000
vt 0.3215 0.3428
vt 0.0084 0.3555
vt 0.0000 0.0000
vt 0.2671 0.0000
vt 0.2384 0.3823
vt -0.0138 0.3377
vt 0.0000 0.0000
vt 0.4730 0.0000
vt 0.4563 0.3317
vt 0.0102 0.3959
vt 0.0000 0.0000
vt 0.1143 -0.0000
vt 0.0932 0.1142
vt -0.0240 0.1092
vt 0.0000 0.0000
vt 0.1118 -0.0000
vt 0.1325 0.1280
vt 0.0010 0.1253
vt 0.0000 0.0000
vt 0.1118 0.0000
vt 0.1127 0.0476
vt 0.0049 0.0766
vt 0.0000 0.0000
vt 0.0590 0.0000
vt 0.0827 0.1301
vt 0.0144 0.1176
vt 0.0000 0.0000
vt 0.0767 0.0000
vt 0.0554 0.1223
vt -0.0006 0.1143
vt 0.0000 0.0000
vt 0.1196 0.0000
vt 0.1223 0.0615
vt -0.0033 0.0479
vt 0.0000 0.0000
vt 0.2280 -0.0000
vt 0.2123 0.2477
vt -0.0415 0.1972
vt 0.0000 0.0000
vt 0.1804 -0.0000
vt 0.2062 0.2291
vt 0.0086 0.2473
vt 0.0000 0.0000
vt 0.2015 -0.0000
vt 0.1725 0.1214
vt -0.0048 0.0929
vt 0.0000 0.0000
vt 0.1807 0.0000
vt 0.2182 0.1931
vt 0.0753 0.2416
vt 0.0000 0.0000
vt 0.0930 -0.0000
vt 0.1350 0.2414
vt -0.0415 0.2242
vt 0.0000 0.0000
vt 0.2635 -0.0000
vt 0.2454 0.1525
vt 0.0163 0.1250
vt 0.0000 0.0000
vt 0.2547 0.0000
vt 0.2692 0.2751
vt -0.0570 0.2086
vt 0.0000 0.0000
vt 0.2430 -0.0000
vt 0.1815 0.2914
vt -0.0264 0.2446
vt 0.0000 0.0000
vt 0.2163 0.0000
vt 0.2124 0.1320
vt -0.0303 0.1344
vt 0.0000 0.0000
vt 0.1159 0.0000
vt 0.1769 0.2034
vt 0.0590 0.2691
vt 0.0000 0.0000
vt 0.1378 0.0000
vt 0.1512 0.2416
vt 0.0446 0.2508
vt 0.0000 0.0000
vt 0.3329 0.0000
vt 0.3039 0.1319
vt 0.0067 0.1323
vt 0.0000 0.0000
vt 0.1265 0.0000
vt 0.1371 0.2207
vt -0.0281 0.2125
vt 0.0000 0.0000
vt 0.2026 0.0000
vt 0.2097 0.1462
vt 0.0270 0.1550
vt 0.0000 0.0000
vt 0.2143 0.0000
vt 0.1898 0.0746
vt -0.0112 0.0972
vt 0.0000 0.0000
vt 0.1120 0.0000
vt 0.1518 0.1778
vt 0.0862 0.2098
vt 0.0000 0.0000
vt 0.0978 0.0000
vt 0.0593 0.1480
vt -0.0424 0.1192
vt 0.0000 0.0000
vt 0.1731 0.0000
vt 0.1574 0.0768
vt 0.0091 0.0789
vt 0.0000 0.0000
vt 0.1301 -0.0000
vt 0.1639 0.1516
vt 0.0084 0.2044
vt 0.0000 0.0000
vt 0.1659 -0.0000
vt 0.1296 0.1096
vt -0.0090 0.1263
vt 0.0000 0.0000
vt 0.2046 0.0000
vt 0.1931 0.1352
vt 0.0330 0.0943
vt 0.0000 0.0000
vt 0.0773 0.0000
vt 0.1076 0.1343
vt 0.0198 0.1542
vt 0.0000 0.0000
vt 0.0999 0.0000
vt 0.1097 0.1241
vt 0.0359 0.1251
vt 0.0000 0.0000
vt 0.1644 0.0000
vt 0.1685 0.0918
vt 0.0584 0.1233
vt 0.0000 0.0000
vt 0.1871 0.0000
vt 0.2073 0.1219
vt 0.0461 0.1387
vt 0.0000 0.0000
vt 0.1402 -0.0000
vt 0.1550 0.1803
vt 0.0345 0.1808
vt 0.0000 0.0000
vt 0.1461 0.0000
vt 0.1557 0.0919
vt 0.0191 0.1206
vt 0.0000 0.0000
vt 0.1325 0.0000
vt 0.1387 0.1221
vt 0.0412 0.1201
vt 0.0000 0.0000
vt 0.1222 0.0000
vt 0.1231 0.1838
vt -0.0091 0.1869
vt 0.0000 0.0000
vt 0.1647 0.0000
vt 0.1782 0.0967
vt -0.0039 0.0933
vt 0.0000 0.0000
vt 0.1610 0.0000
vt 0.1347 0.1975
vt -0.0092 0.1847
vt 0.0000 0.0000
vt 0.2042 -0.0000
vt 0.2172 0.1109
vt 0.0041 0.1265
vt 0.0000 0.0000
vt 0.1850 0.0000
vt 0.1995 0.1374
vt -0.0019 0.1632
vt 0.0000 0.0000
vt 0.0885 0.0000
vt 0.1262 0.2059
vt 0.0055 0.2048
vt 0.0000 0.0000
vt 0.1632 0.0000
vt 0.1602 0.1242
vt 0.0768 0.1414
vt 0.0000 0.0000
vt 0.1522 -0.0000
vt 0.1099 0.1184
vt 0.0028 0.1400
vt 0.0000 0.0000
vt 0.0846 0.0000
vt 0.0665 0.1036
vt -0.0038 0.1083
vt 0.0000 0.0000
vt 0.0978 -0.0000
vt 0.1294 0.0758
vt 0.0457 0.1070
vt 0.0000 0.0000
vt 0.1083 -0.0000
vt 0.0575 0.0910
vt -0.0392 0.0767
vt 0.0000 0.0000
vt 0.1290 0.0000
vt 0.1107 0.0900
vt 0.0581 0.1014
vt 0.0000 0.0000
vt 0.0861 0.0000
vt 0.0925 0.0949
vt -0.0170 0.0828
vt 0.0000 0.0000
vt 0.0869 0.0000
vt 0.1048 0.0493
vt 0.0362 0.0977
vt 0.0000 0.0000
vt 0.2685 0.0000
vt 0.2772 0.3267
vt 0.0117 0.2716
vt 0.0000 0.0000
vt 0.2228 -0.0000
vt 0.3190 0.2637
vt 0.0391 0.2952
vt 0.0000 0.0000
vt 0.2718 0.0000
vt 0.2240 0.2088
vt 0.0023 0.2203
vt 0.0000 0.0000
vt 0.2057 0.0000
vt 0.1901 0.2811
vt 0.0282 0.3263
vt 0.0000 0.0000
vt 0.2203 -0.0000
vt 0.2737 0.2929
vt 0.0708 0.2590
vt 0.0000 0.0000
vt 0.2720 -0.0000
vt 0.3503 0.1488
vt 0.0748 0.2017
vt 0.0000 0.0000
vt 0.3651 -0.0000
vt 0.2860 0.3262
vt -0.0000 0.2688
vt 0.0000 0.0000
vt 0.2947 0.0000
vt 0.2214 0.3010
vt -0.0565 0.2164
vt 0.0000 0.0000
vt 0.2688 -0.0000
vt 0.2928 0.2260
vt 0.0264 0.2533
vt 0.0000 0.0000
vt 0.2626 0.0000
vt 0.2785 0.3047
vt 0.0430 0.3367
vt 0.0000 0.0000
vt 0.2547 -0.0000
vt 0.3682 0.1895
vt 0.1507 0.3325
vt 0.0000 0.0000
vt 0.2961 0.0000
vt 0.2685 0.2388
vt -0.0567 0.2522
vt 0.0000 0.0000
vt 0.2263 -0.0000
vt 0.1975 0.1523
vt 0.0455 0.2110
vt 0.0000 0.0000
vt 0.2122 0.0000
vt 0.2453 0.1670
vt 0.0967 0.2564
vt 0.0000 0.0000
vt 0.2159 0.0000
vt 0.1787 0.1650
vt -0.0261 0.1118
vt 0.0000 0.0000
vt 0.1168 0.0000
vt 0.1236 0.1741
vt -0.0203 0.1545
vt 0.0000 0.0000
vt 0.1148 0.0000
vt 0.0783 0.2703
vt -0.0260 0.2248
vt 0.0000 0.0000
vt 0.1638 0.0000
vt 0.1556 0.1372
vt -0.0057 0.1699
vt 0.0000 0.0000
vt 0.5275 0.0000
vt 0.5663 0.5621
vt 0.1445 0.5054
vt 0.0000 0.0000
vt 0.6566 -0.0000
vt 0.5973 0.4143
vt 0.1194 0.4169
vt 0.0000 0.0000
vt 0.5256 0.0000
vt 0.6073 0.4580
vt -0.0265 0.2862
vt 0.0000 0.0000
vt 0.3368 0.0000
vt 0.3654 0.4668
vt 0.0488 0.5749
vt 0.0000 0.0000
vt 0.2875 0.0000
vt 0.3162 0.4327
vt -0.0070 0.5275
vt 0.0000 0.0000
vt 0.4434 -0.0000
vt 0.5033 0.2809
vt 0.1677 0.4339
vt 0.0000 0.0000
vt 0.3375 -0.0000
vt 0.3241 0.2415
vt 0.0466 0.2947
vt 0.0000 0.0000
vt 0.2095 0.0000
vt 0.1646 0.2698
vt -0.0934 0.2646
vt 0.0000 0.0000
vt 0.2984 0.0000
vt 0.1979 0.2196
vt 0.0153 0.1689
vt 0.0000 0.0000
vt 0.1776 0.0000
vt 0.0719 0.2600
vt -0.1275 0.2076
vt 0.0000 0.0000
vt 0.1696 0.0000
vt 0.3131 0.2290
vt 0.1660 0.2939
vt 0.0000 0.0000
vt 0.2842 0.0000
vt 0.2915 0.1994
vt 0.0071 0.2574
vt 0.0000 0.0000
vt 0.3567 -0.0000
vt 0.3010 0.2025
vt -0.0032 0.2385
vt 0.0000 0.0000
vt 0.2812 -0.0000
vt 0.2339 0.3364
vt -0.0013 0.3295
vt 0.0000 0.0000
vt 0.2385 0.0000
vt 0.2062 0.2187
vt -0.0743 0.2011
vt 0.0000 0.0000
vt 0.1790 -0.0000
vt 0.1666 0.2300
vt -0.0249 0.2100
vt 0.0000 0.0000
vt 0.2144 0.0000
vt 0.1382 0.3206
vt -0.0375 0.3547
vt 0.0000 0.0000
vt 0.3073 0.0000
vt 0.3308 0.2044
vt -0.0128 0.2209
vt 0.0000 0.0000
vt 0.0879 0.0000
vt 0.0753 0.1048
vt 0.0039 0.0923
vt 0.0000 0.0000
vt 0.0871 -0.0000
vt 0.0854 0.0605
vt -0.0048 0.0753
vt 0.0000 0.0000
vt 0.0924 0.0000
vt 0.0932 0.1166
vt 0.0089 0.0953
vt 0.0000 0.0000
vt 0.0738 0.0000
vt 0.0832 0.0917
vt -0.0104 0.1052
vt 0.0000 0.0000
vt 0.0957 -0.0000
vt 0.1108 0.0737
vt 0.0375 0.0795
vt 0.0000 0.0000
vt 0.0727 0.0000
vt 0.0916 0.0920
vt 0.0341 0.1116
vt 0.0000 0.0000
vt 0.6338 0.0000
vt 0.5421 0.4036
vt 0.1091 0.3833
vt 0.0000 0.0000
vt 0.4534 0.0000
vt 0.3110 0.5642
vt -0.0226 0.5317
vt 0.0000 0.0000
vt 0.3986 0.0000
vt 0.4005 0.3019
vt -0.0095 0.3037
vt 0.0000 0.0000
vt 0.2896 0.0000
vt 0.3649 0.3215
vt 0.0885 0.4084
vt 0.0000 0.0000
vt 0.3039 -0.0000
vt 0.4541 0.5077
vt 0.1869 0.6056
vt 0.0000 0.0000
vt 0.4373 -0.0000
vt 0.5330 0.2682
vt -0.0367 0.3568
vt 0.0000 0.0000
vt 0.1406 -0.0000
vt 0.1715 0.1153
vt 0.0093 0.1583
vt 0.0000 0.0000
vt 0.1528 0.0000
vt 0.1044 0.1505
vt -0.0223 0.1370
vt 0.0000 0.0000
vt 0.1586 0.0000
vt 0.1575 0.0742
vt 0.0081 0.0967
vt 0.0000 0.0000
vt 0.0630 0.0000
vt 0.0548 0.1241
vt -0.0219 0.1192
vt 0.0000 0.0000
vt 0.0970 0.0000
vt 0.0884 0.1383
vt 0.0260 0.1382
vt 0.0000 0.0000
vt 0.1691 0.0000
vt 0.1413 0.0788
vt -0.0176 0.0755
vt 0.0000 0.0000
vt 0.3057 -0.0000
vt 0.2853 0.2625
vt 0.0472 0.3139
vt 0.0000 0.0000
vt 0.2618 0.0000
vt 0.3269 0.2951
vt 0.0795 0.3379
vt 0.0000 0.0000
vt 0.3174 0.0000
vt 0.2544 0.2564
vt -0.0061 0.2356
vt 0.0000 0.0000
vt 0.2081 0.0000
vt 0.2440 0.2474
vt 0.0013 0.2637
vt 0.0000 0.0000
vt 0.2357 -0.0000
vt 0.1628 0.3391
vt -0.0416 0.3029
vt 0.0000 0.0000
vt 0.2440 -0.0000
vt 0.2636 0.2342
vt -0.0297 0.2628
vt 0.0000 0.0000
vt 0.2780 -0.0000
vt 0.2415 0.2629
vt 0.0800 0.2958
vt 0.0000 0.0000
vt 0.2771 0.0000
vt 0.2905 0.2544
vt 0.0200 0.2447
vt 0.0000 0.0000
vt 0.3064 0.0000
vt 0.2384 0.2365
vt -0.0370 0.2146
vt 0.0000 0.0000
vt 0.2617 0.0000
vt 0.2109 0.2534
vt -0.0027 0.2684
vt 0.0000 0.0000
vt 0.2178 0.0000
vt 0.2021 0.2442
vt -0.0573 0.2720
vt 0.0000 0.0000
vt 0.1694 -0.0000
vt 0.2426 0.2165
vt -0.0101 0.2468
vt 0.0000 0.0000
vt 0.1542 -0.0000
vt 0.1406 0.1314
vt -0.0169 0.1097
vt 0.0000 0.0000
vt 0.1109 0.0000
vt 0.1087 0.1781
vt -0.0261 0.1578
vt 0.0000 0.0000
vt 0.1109 0.0000
vt 0.0925 0.0744
vt -0.0173 0.0590
vt 0.0000 0.0000
vt 0.0578 0.0000
vt 0.0487 0.1370
vt -0.0209 0.1333
vt 0.0000 0.0000
vt 0.0615 0.0000
vt 0.0431 0.1588
vt -0.0144 0.1535
vt 0.0000 0.0000
vt 0.1613 0.0000
vt 0.1843 0.0673
vt 0.0052 0.0765
vt 0.0000 0.0000
vt 0.3253 0.0000
vt 0.3881 0.4467
vt -0.0524 0.4647
vt 0.0000 0.0000
vt 0.5109 -0.0000
vt 0.4754 0.3929
vt 0.0114 0.4312
vt 0.0000 0.0000
vt 0.4676 0.0000
vt 0.5319 0.3901
vt 0.0417 0.4812
vt 0.0000 0.0000
vt 0.3490 -0.0000
vt 0.2896 0.4587
vt -0.0971 0.4529
vt 0.0000 0.0000
vt 0.4830 0.0000
vt 0.3548 0.4096
vt 0.0191 0.3248
vt 0.0000 0.0000
vt 0.4533 0.0000
vt 0.4224 0.3831
vt 0.0349 0.4093
vt 0.0000 0.0000
vt 0.3536 0.0000
vt 0.2711 0.3017
vt 0.0295 0.2123
vt 0.0000 0.0000
vt 0.2629 -0.0000
vt 0.2221 0.3051
vt -0.0011 0.3264
vt 0.0000 0.0000
vt 0.2143 0.0000
vt 0.2787 0.1809
vt 0.0233 0.2136
vt 0.0000 0.0000
vt 0.1307 0.0000
vt 0.2223 0.2084
vt 0.0510 0.3098
vt 0.0000 0.0000
vt 0.2148 -0.0000
vt 0.2131 0.3252
vt 0.0865 0.3428
vt 0.0000 0.0000
vt 0.2592 0.0000
vt 0.2877 0.1610
vt 0.0015 0.1993
vt 0.0000 0.0000
vt 0.1104 0.0000
vt 0.1038 0.0616
vt 0.0168 0.0953
vt 0.0000 0.0000
vt 0.0841 0.0000
vt 0.0889 0.0672
vt 0.0126 0.0960
vt 0.0000 0.0000
vt 0.0967 -0.0000
vt 0.0886 0.0443
vt 0.0114 0.0749
vt 0.0000 0.0000
vt 0.0523 0.0000
vt 0.0475 0.0924
vt -0.0232 0.0580
vt 0.0000 0.0000
vt 0.0758 0.0000
vt 0.0619 0.0935
vt 0.0164 0.1092
vt 0.0000 0.0000
vt 0.0936 0.0000
vt 0.0893 0.0789
vt 0.0165 0.0440
vt 0.0000 0.0000
vt 0.4059 -0.0000
vt 0.4868 0.3340
vt 0.0634 0.4108
vt 0.0000 0.0000
vt 0.5705 -0.0000
vt 0.4570 0.5249
vt 0.0233 0.3802
vt 0.0000 0.0000
vt 0.4157 0.0000
vt 0.4736 0.3596
vt -0.0606 0.3370
vt 0.0000 0.0000
vt 0.3679 0.0000
vt 0.3652 0.4619
vt -0.0022 0.3447
vt 0.0000 0.0000
vt 0.3424 -0.0000
vt 0.3793 0.3658
vt 0.0272 0.4050
vt 0.0000 0.0000
vt 0.4312 0.0000
vt 0.3474 0.3677
vt -0.1876 0.3702
vt 0.0000 0.0000
vt 0.2205 0.0000
vt 0.2510 0.1670
vt 0.0304 0.2015
vt 0.0000 0.0000
vt 0.1812 0.0000
vt 0.1360 0.1921
vt -0.0300 0.1720
vt 0.0000 0.0000
vt 0.2038 -0.0000
vt 0.1631 0.1401
vt -0.0097 0.1573
vt 0.0000 0.0000
vt 0.1410 -0.0000
vt 0.1356 0.1647
vt -0.0018 0.1712
vt 0.0000 0.0000
vt 0.1576 0.0000
vt 0.1955 0.1704
vt 0.0608 0.2120
vt 0.0000 0.0000
vt 0.2244 0.0000
vt 0.2031 0.1396
vt 0.0057 0.1547
vt 0.0000 0.0000
vt 0.1975 0.0000
vt 0.1962 0.1302
vt 0.0112 0.1867
vt 0.0000 0.0000
vt 0.1429 -0.0000
vt 0.1334 0.1933
vt -0.0305 0.1990
vt 0.0000 0.0000
vt 0.1871 -0.0000
vt 0.1681 0.0868
vt 0.0263 0.1017
vt 0.0000 0.0000
vt 0.0986 0.0000
vt 0.0495 0.1574
vt -0.0057 0.1353
vt 0.0000 0.0000
vt 0.1051 0.0000
vt 0.0590 0.1885
vt -0.0234 0.1961
vt 0.0000 0.0000
vt 0.1971 0.0000
vt 0.2092 0.0571
vt 0.0177 0.0876
vt 0.0000 0.0000
vt 0.1783 0.0000
vt 0.1525 0.2449
vt -0.0360 0.2254
vt 0.0000 0.0000
vt 0.2316 -0.0000
vt 0.2206 0.1356
vt -0.0036 0.1583
vt 0.0000 0.0000
vt 0.2283 0.0000
vt 0.2096 0.1635
vt -0.0171 0.1185
vt 0.0000 0.0000
vt 0.1339 0.0000
vt 0.1365 0.2267
vt 0.0175 0.2466
vt 0.0000 0.0000
vt 0.1198 0.0000
vt 0.2174 0.1241
vt 0.0877 0.1553
vt 0.0000 0.0000
vt 0.1907 -0.0000
vt 0.2201 0.1180
vt 0.0831 0.1428
vt 0.0000 0.0000
vt 0.4139 0.0000
vt 0.3682 0.3757
vt -0.0228 0.3365
vt 0.0000 0.0000
vt 0.4248 0.0000
vt 0.4290 0.2086
vt 0.1109 0.3244
vt 0.0000 0.0000
vt 0.3373 0.0000
vt 0.3964 0.2526
vt -0.0140 0.3522
vt 0.0000 0.0000
vt 0.4090 -0.0000
vt 0.4685 0.3307
vt 0.0712 0.3724
vt 0.0000 0.0000
vt 0.3525 0.0000
vt 0.3664 0.3260
vt -0.0191 0.4134
vt 0.0000 0.0000
vt 0.3936 0.0000
vt 0.2109 0.3608
vt 0.0205 0.2627
vt 0.0000 0.0000
vt 0.1431 0.0000
vt 0.1736 0.1481
vt 0.0362 0.1896
vt 0.0000 0.0000
vt 0.1886 0.0000
vt 0.1592 0.1656
vt 0.0232 0.2092
vt 0.0000 0.0000
vt 0.1930 0.0000
vt 0.2018 0.1505
vt 0.0169 0.1286
vt 0.0000 0.0000
vt 0.2244 0.0000
vt 0.1974 0.1407
vt 0.0193 0.1502
vt 0.0000 0.0000
vt 0.1297 -0.0000
vt 0.1838 0.2034
vt -0.0312 0.1397
vt 0.0000 0.0000
vt 0.1438 0.0000
vt 0.0947 0.1763
vt -0.0736 0.1348
vt 0.0000 0.0000
vt 0.1731 0.0000
vt 0.1735 0.1748
vt 0.0274 0.2180
vt 0.0000 0.0000
vt 0.1813 -0.0000
vt 0.2228 0.1318
vt 0.0110 0.2030
vt 0.0000 0.0000
vt 0.2198 0.0000
vt 0.2009 0.1045
vt 0.0201 0.1008
vt 0.0000 0.0000
vt 0.1061 0.0000
vt 0.0551 0.2171
vt -0.0600 0.1713
vt 0.0000 0.0000
vt 0.1028 0.0000
vt 0.0930 0.2011
vt -0.0054 0.1730
vt 0.0000 0.0000
vt 0.1600 0.0000
vt 0.1083 0.1045
vt -0.0227 0.1045
vt 0.0000 0.0000
vt 0.1529 0.0000
vt 0.1311 0.1765
vt 0.0104 0.1856
vt 0.0000 0.0000
vt 0.1271 0.0000
vt 0.1506 0.0974
vt 0.0370 0.1415
vt 0.0000 0.0000
vt 0.1859 0.0000
vt 0.1539 0.1368
vt 0.0315 0.1173
vt 0.0000 0.0000
vt 0.1498 0.0000
vt 0.1457 0.1320
vt 0.0677 0.1667
vt 0.0000 0.0000
vt 0.1215 -0.0000
vt 0.1182 0.1458
vt -0.0313 0.1496
vt 0.0000 0.0000
vt 0.1242 -0.0000
vt 0.1260 0.0854
vt 0.0280 0.1405
vt 0.0000 0.0000
vt 0.2027 0.0000
vt 0.1525 0.2683
vt -0.0194 0.2834
vt 0.0000 0.0000
vt 0.2942 -0.0000
vt 0.2834 0.1589
vt 0.0497 0.1896
vt 0.0000 0.0000
vt 0.2840 0.0000
vt 0.2785 0.1462
vt -0.0120 0.1799
vt 0.0000 0.0000
vt 0.1734 -0.0000
vt 0.1955 0.2341
vt 0.0856 0.2621
vt 0.0000 0.0000
vt 0.1803 0.0000
vt 0.1401 0.1882
vt -0.0288 0.2007
vt 0.0000 0.0000
vt 0.1769 0.0000
vt 0.1997 0.1121
vt 0.0435 0.1434
vt 0.0000 0.0000
vt 0.0858 0.0000
vt 0.0989 0.1144
vt -0.0144 0.1229
vt 0.0000 0.0000
vt 0.1083 0.0000
vt 0.0864 0.1156
vt -0.0314 0.0981
vt 0.0000 0.0000
vt 0.1237 0.0000
vt 0.1060 0.0907
vt -0.0018 0.0815
vt 0.0000 0.0000
vt 0.0831 -0.0000
vt 0.0805 0.1188
vt -0.0045 0.1168
vt 0.0000 0.0000
vt 0.0815 0.0000
vt 0.0676 0.1010
vt -0.0125 0.0849
vt 0.0000 0.0000
vt 0.1154 0.0000
vt 0.1205 0.0863
vt 0.0022 0.0924
vt 0.0000 0.0000
vt 0.1394 0.0000
vt 0.1086 0.1031
vt 0.0005 0.1181
vt 0.0000 0.0000
vt 0.0907 -0.0000
vt 0.0703 0.1512
vt -0.0225 0.1100
vt 0.0000 0.0000
vt 0.1181 0.0000
vt 0.0892 0.1097
vt 0.0027 0.0963
vt 0.0000 0.0000
vt 0.0722 -0.0000
vt 0.0884 0.0894
vt 0.0124 0.1069
vt 0.0000 0.0000
vt 0.0963 0.0000
vt 0.1013 0.1120
vt 0.0334 0.1354
vt 0.0000 0.0000
vt 0.1092 -0.0000
vt 0.1478 0.0758
vt 0.0038 0.1159
vt 0.0000 0.0000
vt 0.2282 0.0000
vt 0.1996 0.2882
vt -0.0135 0.2497
vt 0.0000 0.0000
vt 0.2655 -0.0000
vt 0.2616 0.2336
vt -0.0021 0.2405
vt 0.0000 0.0000
vt 0.2501 -0.0000
vt 0.2966 0.0964
vt 0.0320 0.1189
vt 0.0000 0.0000
vt 0.1537 0.0000
vt 0.2046 0.2586
vt 0.0122 0.2965
vt 0.0000 0.0000
vt 0.1231 0.0000
vt 0.1094 0.2402
vt -0.0434 0.2240
vt 0.0000 0.0000
vt 0.2261 0.0000
vt 0.1719 0.1717
vt -0.0364 0.1007
vt 0.0000 0.0000
vt 0.0832 -0.0000
vt 0.0835 0.1063
vt 0.0094 0.0930
vt 0.0000 0.0000
vt 0.0930 -0.0000
vt 0.0934 0.0719
vt 0.0108 0.0579
vt 0.0000 0.0000
vt 0.0934 0.0000
vt 0.0843 0.0712
vt -0.0049 0.0482
vt 0.0000 0.0000
vt 0.0484 0.0000
vt 0.0600 0.0828
vt 0.0188 0.1051
vt 0.0000 0.0000
vt 0.0484 0.0000
vt 0.0587 0.0571
vt 0.0181 0.0812
vt 0.0000 0.0000
vt 0.0758 0.0000
vt 0.0777 0.0474
vt 0.0100 0.0723
vt 0.0000 0.0000
vt 0.3318 0.0000
vt 0.3046 0.2007
vt 0.0539 0.2690
vt 0.0000 0.0000
vt 0.2704 -0.0000
vt 0.2809 0.2433
vt 0.0368 0.3168
vt 0.0000 0.0000
vt 0.2743 0.0000
vt 0.2651 0.1583
vt -0.0051 0.1638
vt 0.0000 0.0000
vt 0.1303 0.0000
vt 0.0927 0.2522
vt -0.0839 0.1896
vt 0.0000 0.0000
vt 0.1639 0.0000
vt 0.1931 0.3173
vt 0.0640 0.3256
vt 0.0000 0.0000
vt 0.2636 0.0000
vt 0.2351 0.1813
vt -0.0045 0.1589
vt 0.0000 0.0000
vt 0.2076 0.0000
vt 0.2362 0.2538
vt 0.0279 0.2091
vt 0.0000 0.0000
vt 0.2914 -0.0000
vt 0.2868 0.2655
vt -0.0556 0.2946
vt 0.0000 0.0000
vt 0.2109 0.0000
vt 0.3109 0.1713
vt 0.0239 0.1972
vt 0.0000 0.0000
vt 0.1920 -0.0000
vt 0.1445 0.3363
vt -0.0381 0.2527
vt 0.0000 0.0000
vt 0.1987 0.0000
vt 0.1469 0.2906
vt -0.0175 0.2069
vt 0.0000 0.0000
vt 0.2133 0.0000
vt 0.2302 0.2013
vt -0.0311 0.2006
vt 0.0000 0.0000
vt 0.2101 -0.0000
vt 0.1278 0.2036
vt -0.0549 0.1611
vt 0.0000 0.0000
vt 0.1776 -0.0000
vt 0.1978 0.1869
vt -0.0050 0.2071
vt 0.0000 0.0000
vt 0.1702 0.0000
vt 0.1576 0.1394
vt -0.0196 0.1267
vt 0.0000 0.0000
vt 0.1458 0.0000
vt 0.1979 0.1974
vt 0.0468 0.2149
vt 0.0000 0.0000
vt 0.1282 -0.0000
vt 0.1735 0.1931
vt 0.0409 0.2061
vt 0.0000 0.0000
vt 0.1880 0.0000
vt 0.1996 0.1473
vt 0.0150 0.1391
vt 0.0000 0.0000
vt 0.1675 0.0000
vt 0.1785 0.2250
vt -0.0427 0.1969
vt 0.0000 0.0000
vt 0.2249 -0.0000
vt 0.2828 0.1569
vt 0.0620 0.2809
vt 0.0000 0.0000
vt 0.2015 0.0000
vt 0.2313 0.1470
vt 0.0218 0.1419
vt 0.0000 0.0000
vt 0.2470 0.0000
vt 0.1914 0.2483
vt 0.0329 0.2233
vt 0.0000 0.0000
vt 0.1436 0.0000
vt 0.1327 0.2874
vt -0.0730 0.1507
vt 0.0000 0.0000
vt 0.2234 0.0000
vt 0.1992 0.1696
vt 0.0198 0.1697
vt 0.0000 0.0000
vt 0.1305 0.0000
vt 0.1322 0.1005
vt 0.0324 0.0941
vt 0.0000 0.0000
vt 0.1080 0.0000
vt 0.0877 0.1191
vt -0.0098 0.1154
vt 0.0000 0.0000
vt 0.0996 0.0000
vt 0.1307 0.0524
vt 0.0258 0.0571
vt 0.0000 0.0000
vt 0.0789 0.0000
vt 0.1069 0.0979
vt 0.0244 0.0987
vt 0.0000 0.0000
vt 0.0626 0.0000
vt 0.0627 0.1126
vt -0.0092 0.1302
vt 0.0000 0.0000
vt 0.1012 0.0000
vt 0.0995 0.0670
vt -0.0151 0.0642
vt 0.0000 0.0000
vt 0.1508 0.0000
vt 0.1425 0.1629
vt -0.0383 0.1803
vt 0.0000 0.0000
vt 0.2018 0.0000
vt 0.1992 0.1331
vt 0.0082 0.1525
vt 0.0000 0.0000
vt 0.1843 0.0000
vt 0.2044 0.1089
vt 0.0088 0.1340
vt 0.0000 0.0000
vt 0.1711 0.0000
vt 0.1893 0.1924
vt -0.0169 0.1657
vt 0.0000 0.0000
vt 0.1343 0.0000
vt 0.1574 0.1507
vt -0.0135 0.1502
vt 0.0000 0.0000
vt 0.1848 0.0000
vt 0.1165 0.1965
vt 0.0060 0.1186
vt 0.0000 0.0000
vt 0.2025 0.0000
vt 0.1733 0.2732
vt -0.0718 0.2237
vt 0.0000 0.0000
vt 0.3231 0.0000
vt 0.3073 0.1754
vt -0.0151 0.2150
vt 0.0000 0.0000
vt 0.2350 -0.0000
vt 0.2693 0.1848
vt -0.0517 0.2062
vt 0.0000 0.0000
vt 0.2040 0.0000
vt 0.1280 0.3090
vt -0.0036 0.2759
vt 0.0000 0.0000
vt 0.2125 -0.0000
vt 0.2165 0.2134
vt 0.0149 0.2020
vt 0.0000 0.0000
vt 0.2513 0.0000
vt 0.2160 0.1472
vt 0.0435 0.1853
vt 0.0000 0.0000
vt 0.4578 -0.0000
vt 0.5190 0.4559
vt -0.0352 0.4249
vt 0.0000 0.0000
vt 0.4075 -0.0000
vt 0.3894 0.5367
vt 0.0441 0.6409
vt 0.0000 0.0000
vt 0.4263 -0.0000
vt 0.3878 0.2918
vt -0.0153 0.2652
vt 0.0000 0.0000
vt 0.2487 -0.0000
vt 0.3485 0.3008
vt -0.0085 0.4638
vt 0.0000 0.0000
vt 0.2656 0.0000
vt 0.0718 0.6119
vt -0.1102 0.4443
vt 0.0000 0.0000
vt 0.5583 0.0000
vt 0.4773 0.4315
vt -0.0507 0.2949
vt 0.0000 0.0000
vt 0.2286 0.0000
vt 0.2564 0.2027
vt 0.0126 0.2505
vt 0.0000 0.0000
vt 0.2882 0.0000
vt 0.2840 0.2628
vt 0.0103 0.2546
vt 0.0000 0.0000
vt 0.2508 0.0000
vt 0.2520 0.1617
vt -0.0355 0.1449
vt 0.0000 0.0000
vt 0.1026 -0.0000
vt 0.1000 0.2765
vt -0.0138 0.2062
vt 0.0000 0.0000
vt 0.1491 -0.0000
vt 0.0797 0.2452
vt -0.0215 0.2276
vt 0.0000 0.0000
vt 0.2502 0.0000
vt 0.2527 0.1274
vt -0.0074 0.1620
vt 0.0000 0.0000
vt 0.3326 -0.0000
vt 0.2994 0.2117
vt -0.0028 0.2138
vt 0.0000 0.0000
vt 0.2382 -0.0000
vt 0.2031 0.3110
vt -0.0362 0.3417
vt 0.0000 0.0000
vt 0.2139 0.0000
vt 0.2348 0.1253
vt -0.0033 0.1271
vt 0.0000 0.0000
vt 0.1514 -0.0000
vt 0.1284 0.2420
vt -0.0540 0.2077
vt 0.0000 0.0000
vt 0.1272 0.0000
vt 0.0596 0.3356
vt -0.0881 0.3207
vt 0.0000 0.0000
vt 0.3024 0.0000
vt 0.2677 0.1785
vt -0.0392 0.1208
vt 0.0000 0.0000
vt 0.2914 0.0000
vt 0.2795 0.3252
vt -0.0196 0.2724
vt 0.0000 0.0000
vt 0.2862 -0.0000
vt 0.3024 0.3156
vt -0.0029 0.3103
vt 0.0000 0.0000
vt 0.2731 0.0000
vt 0.2577 0.1246
vt -0.0275 0.1034
vt 0.0000 0.0000
vt 0.1525 0.0000
vt 0.1749 0.3040
vt 0.0098 0.3255
vt 0.0000 0.0000
vt 0.1070 0.0000
vt 0.1706 0.3013
vt 0.0234 0.2905
vt 0.0000 0.0000
vt 0.3039 0.0000
vt 0.3129 0.1673
vt -0.0004 0.1261
vt 0.0000 0.0000
vt 0.1680 0.0000
vt 0.1785 0.2236
vt 0.0214 0.2015
vt 0.0000 0.0000
vt 0.2377 -0.0000
vt 0.2357 0.1560
vt 0.0325 0.1993
vt 0.0000 0.0000
vt 0.2026 0.0000
vt 0.2269 0.1137
vt -0.0101 0.1105
vt 0.0000 0.0000
vt 0.1369 0.0000
vt 0.1193 0.2064
vt 0.0044 0.2247
vt 0.0000 0.0000
vt 0.1110 0.0000
vt 0.0789 0.1993
vt -0.0522 0.1597
vt 0.0000 0.0000
vt 0.1600 0.0000
vt 0.1508 0.1065
vt 0.0031 0.1176
vt 0.0000 0.0000
vt 0.2169 0.0000
vt 0.2401 0.1901
vt 0.0349 0.2442
vt 0.0000 0.0000
vt 0.2152 -0.0000
vt 0.2267 0.2112
vt 0.0059 0.1848
vt 0.0000 0.0000
vt 0.2467 0.0000
vt 0.2088 0.1499
vt -0.0044 0.1497
vt 0.0000 0.0000
vt 0.1137 0.0000
vt 0.1304 0.2229
vt 0.0165 0.1923
vt 0.0000 0.0000
vt 0.1498 -0.0000
vt 0.1597 0.1846
vt 0.0492 0.2112
vt 0.0000 0.0000
vt 0.2135 0.0000
vt 0.2277 0.1045
vt 0.0279 0.1548
vt 0.0000 0.0000
vt 0.1375 0.0000
vt 0.1046 0.1596
vt 0.0091 0.1190
vt 0.0000 0.0000
vt 0.1351 0.0000
vt 0.1429 0.1109
vt 0.0221 0.1106
vt 0.0000 0.0000
vt 0.1193 0.0000
vt 0.1323 0.1172
vt 0.0001 0.1077
vt 0.0000 0.0000
vt 0.0996 0.0000
vt 0.1426 0.1133
vt 0.0610 0.1511
vt 0.0000 0.0000
vt 0.1077 0.0000
vt 0.1082 0.1071
vt 0.0197 0.1361
vt 0.0000 0.0000
vt 0.1038 0.0000
vt 0.1041 0.0888
vt -0.0018 0.1209
vt 0.0000 0.0000
vt 0.2835 -0.0000
vt 0.3659 0.3632
vt 0.0485 0.3859
vt 0.0000 0.0000
vt 0.4107 0.0000
vt 0.2960 0.3014
vt -0.0034 0.3092
vt 0.0000 0.0000
vt 0.3890 0.0000
vt 0.4048 0.3472
vt 0.0106 0.2335
vt 0.0000 0.0000
vt 0.3378 -0.0000
vt 0.2751 0.3109
vt -0.0694 0.3660
vt 0.0000 0.0000
vt 0.2338 0.0000
vt 0.2574 0.3005
vt -0.0722 0.2742
vt 0.0000 0.0000
vt 0.3183 0.0000
vt 0.2341 0.3172
vt -0.0829 0.3380
vt 0.0000 0.0000
vt 0.2169 0.0000
vt 0.1713 0.3251
vt -0.0425 0.2911
vt 0.0000 0.0000
vt 0.2788 -0.0000
vt 0.3277 0.2740
vt 0.0328 0.2658
vt 0.0000 0.0000
vt 0.2942 0.0000
vt 0.2946 0.2029
vt 0.0218 0.2134
vt 0.0000 0.0000
vt 0.1466 -0.0000
vt 0.2475 0.2710
vt 0.0151 0.3329
vt 0.0000 0.0000
vt 0.2145 0.0000
vt 0.1072 0.2444
vt -0.0346 0.2141
vt 0.0000 0.0000
vt 0.2240 -0.0000
vt 0.2496 0.2489
vt -0.0284 0.2088
vt 0.0000 0.0000
vt 0.3030 -0.0000
vt 0.2527 0.2509
vt -0.0359 0.2119
vt 0.0000 0.0000
vt 0.2640 0.0000
vt 0.2895 0.3290
vt 0.0277 0.2924
vt 0.0000 0.0000
vt 0.2149 -0.0000
vt 0.2336 0.1679
vt -0.0276 0.1695
vt 0.0000 0.0000
vt 0.2265 -0.0000
vt 0.2204 0.2545
vt 0.0530 0.2541
vt 0.0000 0.0000
vt 0.1718 -0.0000
vt 0.1652 0.2905
vt -0.0570 0.2976
vt 0.0000 0.0000
vt 0.2945 0.0000
vt 0.3554 0.1715
vt 0.0253 0.1714
vt 0.0000 0.0000
vt 0.0687 0.0000
vt 0.0687 0.0471
vt 0.0000 0.0471
vt 0.0000 0.0000
vt 0.0687 0.0000
vt 0.0524 0.0982
vt 0.0000 0.0000
vt 0.0687 -0.0000
vt 0.0163 0.0982
vt 0.0000 0.0000
vt 0.1222 0.0000
vt 0.1222 0.0471
vt 0.0000 0.0471
vt 0.0000 0.0000
vt 0.1222 0.0000
vt 0.0594 0.0798
vt 0.0000 0.0000
vt 0.1222 0.0000
vt 0.0627 0.0798
vt 0.0000 0.0000
vt 0.1027 0.0000
vt 0.1027 0.0471
vt 0.0000 0.0471
vt 0.0000 0.0000
vt 0.1027 0.0000
vt 0.0320 0.0963
vt 0.0000 0.0000
vt 0.1027 -0.0000
vt 0.0707 0.0963
vt 0.0000 0.0000
vt 0.0949 0.0000
vt 0.0949 0.0471
vt 0.0000 0.0471
vt 0.0000 0.0000
vt 0.0949 -0.0000
vt 0.0058 0.1194
vt 0.0000 0.0000
vt 0.0949 0.0000
vt 0.0891 0.1194
vt 0.0000 0.0000
vt 0.1333 0.0000
vt 0.1333 0.0471
vt 0.0000 0.0471
vt 0.0000 0.0000
vt 0.1333 -0.0000
vt 0.1132 0.0968
vt 0.0000 0.0000
vt 0.1333 0.0000
vt 0.0200 0.0968
vt 0.0000 0.0000
vt 0.0776 0.0000
vt 0.0776 0.0471
vt 0.0000 0.0471
vt 0.0000 0.0000
vt 0.0776 0.0000
vt 0.0632 0.0760
vt 0.0000 0.0000
vt 0.0776 0.0000
vt 0.0144 0.0760
vt 0.0000 0.0000
vt 0.0745 0.0000
vt 0.0745 0.0471
vt 0.0000 0.0471
vt 0.0000 0.0000
vt 0.0745 0.0000
vt -0.0058 0.0772
vt 0.0000 0.0000
vt 0.0745 0.0000
vt 0.0802 0.0772
vt 0.0000 0.0000
vt 0.1097 0.0000
vt 0.1097 0.0679
vt 0.0000 0.0679
vt 0.0000 0.0000
vt 0.1097 -0.0000
vt 0.1090 0.1786
vt 0.0000 0.0000
vt 0.1097 0.0000
vt 0.0007 0.1786
vt 0.0000 0.0000
vt 0.0775 0.0000
vt 0.0775 0.0679
vt 0.0000 0.0679
vt 0.0000 0.0000
vt 0.0775 0.0000
vt 0.1024 0.1463
vt 0.0000 0.0000
vt 0.0775 0.0000
vt -0.0248 0.1463
vt 0.0000 0.0000
vt 0.1775 0.0000
vt 0.1775 0.0679
vt 0.0000 0.0679
vt 0.0000 0.0000
vt 0.1775 -0.0000
vt 0.0928 0.1158
vt 0.0000 0.0000
vt 0.1775 0.0000
vt 0.0847 0.1158
vt 0.0000 0.0000
vt 0.1878 0.0000
vt 0.1878 0.0679
vt 0.0000 0.0679
vt 0.0000 0.0000
vt 0.1878 0.0000
vt -0.0695 0.1255
vt 0.0000 0.0000
vt 0.1878 -0.0000
vt 0.2573 0.1255
vt 0.0000 0.0000
vt 0.1356 0.0000
vt 0.1356 0.0679
vt 0.0000 0.0679
vt 0.0000 0.0000
vt 0.1356 0.0000
vt 0.0603 0.2799
vt 0.0000 0.0000
vt 0.1356 0.0000
vt 0.0753 0.2799
vt 0.0000 0.0000
vt 0.1690 0.0000
vt 0.1690 0.0679
vt 0.0000 0.0679
vt 0.0000 0.0000
vt 0.1690 0.0000
vt 0.2589 0.1302
vt 0.0000 0.0000
vt 0.1690 0.0000
vt -0.0899 0.1302
vt 0.0000 0.0000
vt 0.1883 0.0000
vt 0.1883 0.0679
vt 0.0000 0.0679
vt 0.0000 0.0000
vt 0.1883 0.0000
vt 0.0626 0.1453
vt 0.0000 0.0000
vt 0.1883 0.0000
vt 0.1257 0.1453
vt 0.0000 0.0000
vt 0.2337 0.0000
vt 0.2337 0.0679
vt 0.0000 0.0679
vt 0.0000 0.0000
vt 0.2337 0.0000
vt 0.0182 0.1913
vt 0.0000 0.0000
vt 0.2337 -0.0000
vt 0.2155 0.1913
vt 0.0000 0.0000
vt 0.1139 0.0000
vt 0.1139 0.0679
vt 0.0000 0.0679
vt 0.0000 0.0000
vt 0.1139 0.0000
vt 0.2293 0.1745
vt 0.0000 0.0000
vt 0.1139 0.0000
vt -0.1155 0.1745
vt 0.0000 0.0000
vt 0.0867 0.0000
vt 0.0867 0.0700
vt 0.0000 0.0700
vt 0.0000 0.0000
vt 0.0867 -0.0000
vt 0.1475 0.1356
vt 0.0000 0.0000
vt 0.0867 0.0000
vt -0.0609 0.1356
vt 0.0000 0.0000
vt 0.1466 0.0000
vt 0.1466 0.0700
vt 0.0000 0.0700
vt 0.0000 0.0000
vt 0.1466 0.0000
vt 0.0524 0.1391
vt 0.0000 0.0000
vt 0.1466 -0.0000
vt 0.0942 0.1391
vt 0.0000 0.0000
vt 0.1085 0.0000
vt 0.1085 0.0700
vt 0.0000 0.0700
vt 0.0000 0.0000
vt 0.1085 -0.0000
vt 0.0734 0.1511
vt 0.0000 0.0000
vt 0.1085 0.0000
vt 0.0351 0.1511
vt 0.0000 0.0000
vt 0.1229 0.0000
vt 0.1229 0.0700
vt 0.0000 0.0700
vt 0.0000 0.0000
vt 0.1229 0.0000
vt 0.0471 0.1478
vt 0.0000 0.0000
vt 0.1229 0.0000
vt 0.0759 0.1478
vt 0.0000 0.0000
vt 0.1395 0.0000
vt 0.1395 0.0700
vt 0.0000 0.0700
vt 0.0000 0.0000
vt 0.1395 0.0000
vt 0.0818 0.1446
vt 0.0000 0.0000
vt 0.1395 0.0000
vt 0.0578 0.1446
vt 0.0000 0.0000
vt 0.1068 0.0000
vt 0.1068 0.0700
vt 0.0000 0.0700
vt 0.0000 0.0000
vt 0.1068 0.0000
vt 0.1140 0.1061
vt 0.0000 0.0000
vt 0.1068 0.0000
vt -0.0072 0.1061
vt 0.0000 0.0000
vt 0.1170 0.0000
vt 0.1170 0.0700
vt 0.0000 0.0700
vt 0.0000 0.0000
vt 0.1170 0.0000
vt 0.0052 0.1062
vt 0.0000 0.0000
vt 0.1170 0.0000
vt 0.1117 0.1062
vt 0.0000 0.0000
vt 0.1673 0.0000
vt 0.1673 0.0700
vt 0.0000 0.0700
vt 0.0000 0.0000
vt 0.1673 0.0000
vt 0.0346 0.1502
vt 0.0000 0.0000
vt 0.1673 0.0000
vt 0.1326 0.1502
vt 0.0000 0.0000
vt 0.1671 0.0000
vt 0.1671 0.0517
vt 0.0000 0.0517
vt 0.0000 0.0000
vt 0.1671 0.0000
vt 0.1045 0.2584
vt 0.0000 0.0000
vt 0.1671 -0.0000
vt 0.0626 0.2584
vt 0.0000 0.0000
vt 0.2069 0.0000
vt 0.2069 0.0517
vt 0.0000 0.0517
vt 0.0000 0.0000
vt 0.2069 0.0000
vt 0.2090 0.1644
vt 0.0000 0.0000
vt 0.2069 0.0000
vt -0.0021 0.1644
vt 0.0000 0.0000
vt 0.3004 0.0000
vt 0.3004 0.0517
vt 0.0000 0.0517
vt 0.0000 0.0000
vt 0.3004 0.0000
vt 0.0361 0.1604
vt 0.0000 0.0000
vt 0.3004 0.0000
vt 0.2643 0.1604
vt 0.0000 0.0000
vt 0.1317 0.0000
vt 0.1317 0.0517
vt 0.0000 0.0517
vt 0.0000 0.0000
vt 0.1317 -0.0000
vt -0.0009 0.3092
vt 0.0000 0.0000
vt 0.1317 0.0000
vt 0.1326 0.3092
vt 0.0000 0.0000
vt 0.2040 0.0000
vt 0.2040 0.0517
vt 0.0000 0.0517
vt 0.0000 0.0000
vt 0.2040 0.0000
vt 0.2730 0.1966
vt 0.0000 0.0000
vt 0.2040 0.0000
vt -0.0691 0.1966
vt 0.0000 0.0000
vt 0.1552 0.0000
vt 0.1552 0.0517
vt 0.0000 0.0517
vt 0.0000 0.0000
vt 0.1552 0.0000
vt 0.0717 0.1956
vt 0.0000 0.0000
vt 0.1552 0.0000
vt 0.0834 0.1956
vt 0.0000 0.0000
vt 0.2969 0.0000
vt 0.2969 0.0517
vt 0.0000 0.0517
vt 0.0000 0.0000
vt 0.2969 0.0000
vt 0.0877 0.1938
vt 0.0000 0.0000
vt 0.2969 0.0000
vt 0.2092 0.1938
vt 0.0000 0.0000
vt 0.1421 0.0000
vt 0.1421 0.0517
vt 0.0000 0.0517
vt 0.0000 0.0000
vt 0.1421 0.0000
vt 0.0837 0.2726
vt 0.0000 0.0000
vt 0.1421 0.0000
vt 0.0584 0.2726
vt 0.0000 0.0000
vt 0.1310 0.0000
vt 0.1310 0.0352
vt 0.0000 0.0352
vt 0.0000 0.0000
vt 0.1310 0.0000
vt 0.0300 0.1510
vt 0.0000 0.0000
vt 0.1310 0.0000
vt 0.1010 0.1510
vt 0.0000 0.0000
vt 0.2508 0.0000
vt 0.2508 0.0352
vt 0.0000 0.0352
vt 0.0000 0.0000
vt 0.2508 0.0000
vt 0.1361 0.1202
vt 0.0000 0.0000
vt 0.2508 0.0000
vt 0.1146 0.1202
vt 0.0000 0.0000
vt 0.1144 0.0000
vt 0.1144 0.0352
vt 0.0000 0.0352
vt 0.0000 0.0000
vt 0.1144 0.0000
vt 0.0474 0.1592
vt 0.0000 0.0000
vt 0.1144 0.0000
vt 0.0670 0.1592
vt 0.0000 0.0000
vt 0.1204 0.0000
vt 0.1204 0.0352
vt 0.0000 0.0352
vt 0.0000 0.0000
vt 0.1204 0.0000
vt 0.1046 0.1374
vt 0.0000 0.0000
vt 0.1204 -0.0000
vt 0.0157 0.1374
vt 0.0000 0.0000
vt 0.2435 0.0000
vt 0.2435 0.0352
vt 0.0000 0.0352
vt 0.0000 0.0000
vt 0.2435 -0.0000
vt 0.0922 0.1032
vt 0.0000 0.0000
vt 0.2435 0.0000
vt 0.1513 0.1032
vt 0.0000 0.0000
vt 0.1240 0.0000
vt 0.1240 0.0352
vt 0.0000 0.0352
vt 0.0000 0.0000
vt 0.1240 0.0000
vt 0.1017 0.1523
vt 0.0000 0.0000
vt 0.1240 0.0000
vt 0.0223 0.1523
vt 0.0000 0.0000
vt 0.1866 0.0000
vt 0.1866 0.0339
vt 0.0000 0.0339
vt 0.0000 0.0000
vt 0.1866 0.0000
vt 0.1593 0.1221
vt 0.0000 0.0000
vt 0.1866 -0.0000
vt 0.0273 0.1221
vt 0.0000 0.0000
vt 0.1909 0.0000
vt 0.1909 0.0339
vt 0.0000 0.0339
vt 0.0000 0.0000
vt 0.1909 0.0000
vt 0.0252 0.1226
vt 0.0000 0.0000
vt 0.1909 0.0000
vt 0.1657 0.1226
vt 0.0000 0.0000
vt 0.1749 0.0000
vt 0.1749 0.0339
vt 0.0000 0.0339
vt 0.0000 0.0000
vt 0.1749 0.0000
vt 0.0642 0.1959
vt 0.0000 0.0000
vt 0.1749 0.0000
vt 0.1107 0.1959
vt 0.0000 0.0000
vt 0.2304 0.0000
vt 0.2304 0.0339
vt 0.0000 0.0339
vt 0.0000 0.0000
vt 0.2304 0.0000
vt 0.1723 0.1446
vt 0.0000 0.0000
vt 0.2304 0.0000
vt 0.0581 0.1446
vt 0.0000 0.0000
vt 0.1463 0.0000
vt 0.1463 0.0339
vt 0.0000 0.0339
vt 0.0000 0.0000
vt 0.1463 -0.0000
vt 0.0744 0.1370
vt 0.0000 0.0000
vt 0.1463 0.0000
vt 0.0719 0.1370
vt 0.0000 0.0000
vt 0.1666 0.0000
vt 0.1666 0.0339
vt 0.0000 0.0339
vt 0.0000 0.0000
vt 0.1666 -0.0000
vt 0.0342 0.1509
vt 0.0000 0.0000
vt 0.1666 0.0000
vt 0.1324 0.1509
vt 0.0000 0.0000
vt 0.1004 0.0000
vt 0.1004 0.0358
vt 0.0000 0.0358
vt 0.0000 0.0000
vt 0.1004 0.0000
vt 0.1069 0.0889
vt 0.0000 0.0000
vt 0.1004 -0.0000
vt -0.0065 0.0889
vt 0.0000 0.0000
vt 0.0540 0.0000
vt 0.0540 0.0358
vt 0.0000 0.0358
vt 0.0000 0.0000
vt 0.0540 0.0000
vt 0.0179 0.0873
vt 0.0000 0.0000
vt 0.0540 0.0000
vt 0.0361 0.0873
vt 0.0000 0.0000
vt 0.1357 0.0000
vt 0.1357 0.0358
vt 0.0000 0.0358
vt 0.0000 0.0000
vt 0.1357 -0.0000
vt 0.0482 0.0812
vt 0.0000 0.0000
vt 0.1357 0.0000
vt 0.0875 0.0812
vt 0.0000 0.0000
vt 0.0643 0.0000
vt 0.0643 0.0358
vt 0.0000 0.0358
vt 0.0000 0.0000
vt 0.0643 0.0000
vt 0.0628 0.1015
vt 0.0000 0.0000
vt 0.0643 0.0000
vt 0.0015 0.1015
vt 0.0000 0.0000
vt 0.0613 0.0000
vt 0.0613 0.0358
vt 0.0000 0.0358
vt 0.0000 0.0000
vt 0.0613 0.0000
vt 0.0666 0.0766
vt 0.0000 0.0000
vt 0.0613 0.0000
vt -0.0053 0.0766
vt 0.0000 0.0000
vt 0.0776 0.0000
vt 0.0776 0.0358
vt 0.0000 0.0358
vt 0.0000 0.0000
vt 0.0776 0.0000
vt 0.0133 0.0757
vt 0.0000 0.0000
vt 0.0776 0.0000
vt 0.0643 0.0757
vt 0.0000 0.0000
vt 0.1250 0.0000
vt 0.1250 0.0358
vt 0.0000 0.0358
vt 0.0000 0.0000
vt 0.1250 0.0000
vt 0.0392 0.0913
vt 0.0000 0.0000
vt 0.1250 0.0000
vt 0.0858 0.0913
vt 0.0000 0.0000
vt 0.0383 0.0000
vt 0.0383 0.0358
vt 0.0000 0.0358
vt 0.0000 0.0000
vt 0.0383 0.0000
vt -0.0281 0.1221
vt 0.0000 0.0000
vt 0.0383 0.0000
vt 0.0664 0.1221
vt 0.0000 0.0000
vt 0.2067 0.0000
vt 0.2067 0.0343
vt 0.0000 0.0343
vt 0.0000 0.0000
vt 0.2067 0.0000
vt -0.0084 0.1739
vt 0.0000 0.0000
vt 0.2067 -0.0000
vt 0.2151 0.1739
vt 0.0000 0.0000
vt 0.2168 0.0000
vt 0.2168 0.0343
vt 0.0000 0.0343
vt 0.0000 0.0000
vt 0.2168 0.0000
vt 0.1708 0.2175
vt 0.0000 0.0000
vt 0.2168 0.0000
vt 0.0460 0.2175
vt 0.0000 0.0000
vt 0.2167 0.0000
vt 0.2167 0.0343
vt 0.0000 0.0343
vt 0.0000 0.0000
vt 0.2167 0.0000
vt 0.0555 0.2153
vt 0.0000 0.0000
vt 0.2167 -0.0000
vt 0.1612 0.2153
vt 0.0000 0.0000
vt 0.1463 0.0000
vt 0.1463 0.0343
vt 0.0000 0.0343
vt 0.0000 0.0000
vt 0.1463 0.0000
vt 0.0856 0.2550
vt 0.0000 0.0000
vt 0.1463 0.0000
vt 0.0607 0.2550
vt 0.0000 0.0000
vt 0.2481 0.0000
vt 0.2481 0.0343
vt 0.0000 0.0343
vt 0.0000 0.0000
vt 0.2481 0.0000
vt 0.1166 0.2347
vt 0.0000 0.0000
vt 0.2481 -0.0000
vt 0.1316 0.2347
vt 0.0000 0.0000
vt 0.1612 0.0000
vt 0.1612 0.0343
vt 0.0000 0.0343
vt 0.0000 0.0000
vt 0.1612 -0.0000
vt 0.2080 0.1708
vt 0.0000 0.0000
vt 0.1612 0.0000
vt -0.0468 0.1708
vt 0.0000 0.0000
vt 0.1462 0.0000
vt 0.1462 0.0343
vt 0.0000 0.0343
vt 0.0000 0.0000
vt 0.1462 -0.0000
vt 0.0899 0.1525
vt 0.0000 0.0000
vt 0.1462 0.0000
vt 0.0563 0.1525
vt 0.0000 0.0000
vt 0.1065 0.0000
vt 0.1065 0.0343
vt 0.0000 0.0343
vt 0.0000 0.0000
vt 0.1065 0.0000
vt 0.0351 0.1588
vt 0.0000 0.0000
vt 0.1065 0.0000
vt 0.0714 0.1588
vt 0.0000 0.0000
vt 0.1097 0.0000
vt 0.1097 0.0547
vt 0.0000 0.0547
vt 0.0000 0.0000
vt 0.1097 -0.0000
vt 0.0544 0.1163
vt 0.0000 0.0000
vt 0.1097 0.0000
vt 0.0553 0.1163
vt 0.0000 0.0000
vt 0.1379 0.0000
vt 0.1379 0.0547
vt 0.0000 0.0547
vt 0.0000 0.0000
vt 0.1379 0.0000
vt 0.0764 0.1037
vt 0.0000 0.0000
vt 0.1379 0.0000
vt 0.0615 0.1037
vt 0.0000 0.0000
vt 0.1205 0.0000
vt 0.1205 0.0547
vt 0.0000 0.0547
vt 0.0000 0.0000
vt 0.1205 0.0000
vt 0.0458 0.1115
vt 0.0000 0.0000
vt 0.1205 0.0000
vt 0.0747 0.1115
vt 0.0000 0.0000
vt 0.0751 0.0000
vt 0.0751 0.0547
vt 0.0000 0.0547
vt 0.0000 0.0000
vt 0.0751 0.0000
vt 0.0297 0.1309
vt 0.0000 0.0000
vt 0.0751 0.0000
vt 0.0454 0.1309
vt 0.0000 0.0000
vt 0.1411 0.0000
vt 0.1411 0.0547
vt 0.0000 0.0547
vt 0.0000 0.0000
vt 0.1411 0.0000
vt 0.1026 0.0930
vt 0.0000 0.0000
vt 0.1411 0.0000
vt 0.0385 0.0930
vt 0.0000 0.0000
vt 0.0948 0.0000
vt 0.0948 0.0547
vt 0.0000 0.0547
vt 0.0000 0.0000
vt 0.0948 0.0000
vt 0.0441 0.0905
vt 0.0000 0.0000
vt 0.0948 0.0000
vt 0.0507 0.0905
vt 0.0000 0.0000
vt 0.0626 0.0000
vt 0.0626 0.0547
vt 0.0000 0.0547
vt 0.0000 0.0000
vt 0.0626 0.0000
vt -0.0145 0.1027
vt 0.0000 0.0000
vt 0.0626 -0.0000
vt 0.0771 0.1027
vt 0.0000 0.0000
vt 0.1477 0.0000
vt 0.1477 0.0442
vt 0.0000 0.0442
vt 0.0000 0.0000
vt 0.1477 -0.0000
vt 0.1099 0.1243
vt 0.0000 0.0000
vt 0.1477 0.0000
vt 0.0378 0.1243
vt 0.0000 0.0000
vt 0.1205 0.0000
vt 0.1205 0.0442
vt 0.0000 0.0442
vt 0.0000 0.0000
vt 0.1205 0.0000
vt 0.0432 0.1225
vt 0.0000 0.0000
vt 0.1205 0.0000
vt 0.0773 0.1225
vt 0.0000 0.0000
vt 0.1615 0.0000
vt 0.1615 0.0442
vt 0.0000 0.0442
vt 0.0000 0.0000
vt 0.1615 0.0000
vt 0.0584 0.1325
vt 0.0000 0.0000
vt 0.1615 0.0000
vt 0.1030 0.1325
vt 0.0000 0.0000
vt 0.1521 0.0000
vt 0.1521 0.0442
vt 0.0000 0.0442
vt 0.0000 0.0000
vt 0.1521 0.0000
vt 0.0949 0.1384
vt 0.0000 0.0000
vt 0.1521 0.0000
vt 0.0572 0.1384
vt 0.0000 0.0000
vt 0.2129 0.0000
vt 0.2129 0.0442
vt 0.0000 0.0442
vt 0.0000 0.0000
vt 0.2129 0.0000
vt 0.0989 0.1125
vt 0.0000 0.0000
vt 0.2129 0.0000
vt 0.1141 0.1125
vt 0.0000 0.0000
vt 0.1241 0.0000
vt 0.1241 0.0442
vt 0.0000 0.0442
vt 0.0000 0.0000
vt 0.1241 0.0000
vt 0.0546 0.1506
vt 0.0000 0.0000
vt 0.1241 0.0000
vt 0.0695 0.1506
vt 0.0000 0.0000
vt 0.1304 0.0000
vt 0.1304 0.0292
vt 0.0000 0.0292
vt 0.0000 0.0000
vt 0.1304 0.0000
vt 0.1619 0.1371
vt 0.0000 0.0000
vt 0.1304 0.0000
vt -0.0315 0.1371
vt 0.0000 0.0000
vt 0.1953 0.0000
vt 0.1953 0.0292
vt 0.0000 0.0292
vt 0.0000 0.0000
vt 0.1953 0.0000
vt 0.0319 0.1370
vt 0.0000 0.0000
vt 0.1953 0.0000
vt 0.1634 0.1370
vt 0.0000 0.0000
vt 0.1723 0.0000
vt 0.1723 0.0292
vt 0.0000 0.0292
vt 0.0000 0.0000
vt 0.1723 0.0000
vt 0.1256 0.1723
vt 0.0000 0.0000
vt 0.1723 0.0000
vt 0.0467 0.1723
vt 0.0000 0.0000
vt 0.1759 0.0000
vt 0.1759 0.0292
vt 0.0000 0.0292
vt 0.0000 0.0000
vt 0.1759 0.0000
vt -0.0084 0.1784
vt 0.0000 0.0000
vt 0.1759 -0.0000
vt 0.1843 0.1784
vt 0.0000 0.0000
vt 0.2460 0.0000
vt 0.2460 0.0292
vt 0.0000 0.0292
vt 0.0000 0.0000
vt 0.2460 0.0000
vt 0.2269 0.1196
vt 0.0000 0.0000
vt 0.2460 0.0000
vt 0.0191 0.1196
vt 0.0000 0.0000
vt 0.1974 0.0000
vt 0.1974 0.0292
vt 0.0000 0.0292
vt 0.0000 0.0000
vt 0.1974 0.0000
vt -0.0109 0.1206
vt 0.0000 0.0000
vt 0.1974 0.0000
vt 0.2083 0.1206
vt 0.0000 0.0000
vt 0.1554 0.0000
vt 0.1554 0.0292
vt 0.0000 0.0292
vt 0.0000 0.0000
vt 0.1554 0.0000
vt 0.1193 0.2090
vt 0.0000 0.0000
vt 0.1554 -0.0000
vt 0.0361 0.2090
vt 0.0000 0.0000
vt 0.1857 0.0000
vt 0.1857 0.0279
vt 0.0000 0.0279
vt 0.0000 0.0000
vt 0.1857 0.0000
vt 0.2534 0.1197
vt 0.0000 0.0000
vt 0.1857 0.0000
vt -0.0677 0.1197
vt 0.0000 0.0000
vt 0.2310 0.0000
vt 0.2310 0.0279
vt 0.0000 0.0279
vt 0.0000 0.0000
vt 0.2310 0.0000
vt 0.0724 0.1169
vt 0.0000 0.0000
vt 0.2310 0.0000
vt 0.1586 0.1169
vt 0.0000 0.0000
vt 0.1707 0.0000
vt 0.1707 0.0279
vt 0.0000 0.0279
vt 0.0000 0.0000
vt 0.1707 0.0000
vt 0.0936 0.1734
vt 0.0000 0.0000
vt 0.1707 0.0000
vt 0.0771 0.1734
vt 0.0000 0.0000
vt 0.1336 0.0000
vt 0.1336 0.0279
vt 0.0000 0.0279
vt 0.0000 0.0000
vt 0.1336 0.0000
vt 0.1230 0.1446
vt 0.0000 0.0000
vt 0.1336 0.0000
vt 0.0107 0.1446
vt 0.0000 0.0000
vt 0.2587 0.0000
vt 0.2587 0.0279
vt 0.0000 0.0279
vt 0.0000 0.0000
vt 0.2587 0.0000
vt 0.1083 0.0963
vt 0.0000 0.0000
vt 0.2587 -0.0000
vt 0.1503 0.0963
vt 0.0000 0.0000
vt 0.1739 0.0000
vt 0.1739 0.0279
vt 0.0000 0.0279
vt 0.0000 0.0000
vt 0.1739 0.0000
vt -0.0472 0.1722
vt 0.0000 0.0000
vt 0.1739 0.0000
vt 0.2211 0.1722
vt 0.0000 0.0000
vt 0.1713 0.0000
vt 0.1713 0.0650
vt 0.0000 0.0650
vt 0.0000 0.0000
vt 0.1713 0.0000
vt 0.1689 0.1330
vt 0.0000 0.0000
vt 0.1713 0.0000
vt 0.0025 0.1330
vt 0.0000 0.0000
vt 0.2224 0.0000
vt 0.2224 0.0650
vt 0.0000 0.0650
vt 0.0000 0.0000
vt 0.2224 0.0000
vt 0.0628 0.1173
vt 0.0000 0.0000
vt 0.2224 0.0000
vt 0.1595 0.1173
vt 0.0000 0.0000
vt 0.1142 0.0000
vt 0.1142 0.0650
vt 0.0000 0.0650
vt 0.0000 0.0000
vt 0.1142 0.0000
vt 0.1355 0.1443
vt 0.0000 0.0000
vt 0.1142 0.0000
vt -0.0213 0.1443
vt 0.0000 0.0000
vt 0.1433 0.0000
vt 0.1433 0.0650
vt 0.0000 0.0650
vt 0.0000 0.0000
vt 0.1433 0.0000
vt 0.0513 0.1366
vt 0.0000 0.0000
vt 0.1433 0.0000
vt 0.0920 0.1366
vt 0.0000 0.0000
vt 0.1877 0.0000
vt 0.1877 0.0650
vt 0.0000 0.0650
vt 0.0000 0.0000
vt 0.1877 -0.0000
vt 0.1238 0.1087
vt 0.0000 0.0000
vt 0.1877 0.0000
vt 0.0639 0.1087
vt 0.0000 0.0000
vt 0.1800 0.0000
vt 0.1800 0.0650
vt 0.0000 0.0650
vt 0.0000 0.0000
vt 0.1800 0.0000
vt 0.0057 0.1259
vt 0.0000 0.0000
vt 0.1800 0.0000
vt 0.1742 0.1259
vt 0.0000 0.0000
vt 0.1847 0.0000
vt 0.1847 0.0405
vt 0.0000 0.0405
vt 0.0000 0.0000
vt 0.1847 0.0000
vt 0.0382 0.2358
vt 0.0000 0.0000
vt 0.1847 0.0000
vt 0.1465 0.2358
vt 0.0000 0.0000
vt 0.3337 0.0000
vt 0.3337 0.0405
vt 0.0000 0.0405
vt 0.0000 0.0000
vt 0.3337 0.0000
vt 0.1673 0.2215
vt 0.0000 0.0000
vt 0.3337 -0.0000
vt 0.1664 0.2215
vt 0.0000 0.0000
vt 0.2441 0.0000
vt 0.2441 0.0405
vt 0.0000 0.0405
vt 0.0000 0.0000
vt 0.2441 0.0000
vt 0.0857 0.2635
vt 0.0000 0.0000
vt 0.2441 -0.0000
vt 0.1584 0.2635
vt 0.0000 0.0000
vt 0.2823 0.0000
vt 0.2823 0.0405
vt 0.0000 0.0405
vt 0.0000 0.0000
vt 0.2823 -0.0000
vt 0.2302 0.2037
vt 0.0000 0.0000
vt 0.2823 0.0000
vt 0.0521 0.2037
vt 0.0000 0.0000
vt 0.3081 0.0000
vt 0.3081 0.0405
vt 0.0000 0.0405
vt 0.0000 0.0000
vt 0.3081 0.0000
vt 0.1293 0.1658
vt 0.0000 0.0000
vt 0.3081 0.0000
vt 0.1788 0.1658
vt 0.0000 0.0000
vt 0.1964 0.0000
vt 0.1964 0.0405
vt 0.0000 0.0405
vt 0.0000 0.0000
vt 0.1964 0.0000
vt 0.1043 0.2204
vt 0.0000 0.0000
vt 0.1964 0.0000
vt 0.0921 0.2204
vt 0.0000 0.0000
vt 0.2563 0.0000
vt 0.2563 0.0387
vt 0.0000 0.0387
vt 0.0000 0.0000
vt 0.2563 -0.0000
vt 0.2366 0.2039
vt 0.0000 0.0000
vt 0.2563 0.0000
vt 0.0198 0.2039
vt 0.0000 0.0000
vt 0.2814 0.0000
vt 0.2814 0.0387
vt 0.0000 0.0387
vt 0.0000 0.0000
vt 0.2814 0.0000
vt 0.1392 0.1503
vt 0.0000 0.0000
vt 0.2814 0.0000
vt 0.1422 0.1503
vt 0.0000 0.0000
vt 0.1467 0.0000
vt 0.1467 0.0387
vt 0.0000 0.0387
vt 0.0000 0.0000
vt 0.1467 0.0000
vt 0.0405 0.2029
vt 0.0000 0.0000
vt 0.1467 0.0000
vt 0.1062 0.2029
vt 0.0000 0.0000
vt 0.1738 0.0000
vt 0.1738 0.0387
vt 0.0000 0.0387
vt 0.0000 0.0000
vt 0.1738 -0.0000
vt 0.1798 0.1418
vt 0.0000 0.0000
vt 0.1738 0.0000
vt -0.0060 0.1418
vt 0.0000 0.0000
vt 0.2099 0.0000
vt 0.2099 0.0387
vt 0.0000 0.0387
vt 0.0000 0.0000
vt 0.2099 0.0000
vt 0.0981 0.1026
vt 0.0000 0.0000
vt 0.2099 0.0000
vt 0.1117 0.1026
vt 0.0000 0.0000
vt 0.2180 0.0000
vt 0.2180 0.0387
vt 0.0000 0.0387
vt 0.0000 0.0000
vt 0.2180 0.0000
vt -0.0619 0.1385
vt 0.0000 0.0000
vt 0.2180 0.0000
vt 0.2799 0.1385
vt 0.0000 0.0000
vt 0.1291 0.0000
vt 0.1291 0.0534
vt 0.0000 0.0534
vt 0.0000 0.0000
vt 0.1291 0.0000
vt 0.1014 0.1801
vt 0.0000 0.0000
vt 0.1291 0.0000
vt 0.0277 0.1801
vt 0.0000 0.0000
vt 0.2241 0.0000
vt 0.2241 0.0534
vt 0.0000 0.0534
vt 0.0000 0.0000
vt 0.2241 0.0000
vt 0.1122 0.1436
vt 0.0000 0.0000
vt 0.2241 0.0000
vt 0.1119 0.1436
vt 0.0000 0.0000
vt 0.1824 0.0000
vt 0.1824 0.0534
vt 0.0000 0.0534
vt 0.0000 0.0000
vt 0.1824 0.0000
vt 0.1377 0.1191
vt 0.0000 0.0000
vt 0.1824 0.0000
vt 0.0447 0.1191
vt 0.0000 0.0000
vt 0.1227 0.0000
vt 0.1227 0.0534
vt 0.0000 0.0534
vt 0.0000 0.0000
vt 0.1227 0.0000
vt 0.0706 0.1058
vt 0.0000 0.0000
vt 0.1227 0.0000
vt 0.0521 0.1058
vt 0.0000 0.0000
vt 0.1063 0.0000
vt 0.1063 0.0534
vt 0.0000 0.0534
vt 0.0000 0.0000
vt 0.1063 0.0000
vt 0.0369 0.1120
vt 0.0000 0.0000
vt 0.1063 -0.0000
vt 0.0694 0.1120
vt 0.0000 0.0000
vt 0.1953 0.0000
vt 0.1953 0.0534
vt 0.0000 0.0534
vt 0.0000 0.0000
vt 0.1953 0.0000
vt 0.0327 0.1276
vt 0.0000 0.0000
vt 0.1953 -0.0000
vt 0.1626 0.1276
vt 0.0000 0.0000
vt 0.2142 0.0000
vt 0.2142 0.0350
vt 0.0000 0.0350
vt 0.0000 0.0000
vt 0.2142 0.0000
vt 0.1381 0.1905
vt 0.0000 0.0000
vt 0.2142 0.0000
vt 0.0761 0.1905
vt 0.0000 0.0000
vt 0.2180 0.0000
vt 0.2180 0.0350
vt 0.0000 0.0350
vt 0.0000 0.0000
vt 0.2180 0.0000
vt 0.0767 0.1903
vt 0.0000 0.0000
vt 0.2180 0.0000
vt 0.1413 0.1903
vt 0.0000 0.0000
vt 0.2629 0.0000
vt 0.2629 0.0350
vt 0.0000 0.0350
vt 0.0000 0.0000
vt 0.2629 0.0000
vt -0.0229 0.2359
vt 0.0000 0.0000
vt 0.2629 -0.0000
vt 0.2859 0.2359
vt 0.0000 0.0000
vt 0.2774 0.0000
vt 0.2774 0.0350
vt 0.0000 0.0350
vt 0.0000 0.0000
vt 0.2774 0.0000
vt 0.2461 0.2772
vt 0.0000 0.0000
vt 0.2774 0.0000
vt 0.0314 0.2772
vt 0.0000 0.0000
vt 0.2851 0.0000
vt 0.2851 0.0350
vt 0.0000 0.0350
vt 0.0000 0.0000
vt 0.2851 -0.0000
vt 0.1552 0.2318
vt 0.0000 0.0000
vt 0.2851 0.0000
vt 0.1298 0.2318
vt 0.0000 0.0000
vt 0.2083 0.0000
vt 0.2083 0.0350
vt 0.0000 0.0350
vt 0.0000 0.0000
vt 0.2083 -0.0000
vt 0.0764 0.2544
vt 0.0000 0.0000
vt 0.2083 0.0000
vt 0.1319 0.2544
vt 0.0000 0.0000
vt 0.1995 0.0000
vt 0.1995 0.0350
vt 0.0000 0.0350
vt 0.0000 0.0000
vt 0.1995 0.0000
vt 0.1668 0.2330
vt 0.0000 0.0000
vt 0.1995 -0.0000
vt 0.0327 0.2330
vt 0.0000 0.0000
vt 0.1489 0.0000
vt 0.1489 0.0486
vt 0.0000 0.0486
vt 0.0000 0.0000
vt 0.1489 0.0000
vt 0.1243 0.2124
vt 0.0000 0.0000
vt 0.1489 0.0000
vt 0.0246 0.2124
vt 0.0000 0.0000
vt 0.2469 0.0000
vt 0.2469 0.0486
vt 0.0000 0.0486
vt 0.0000 0.0000
vt 0.2469 0.0000
vt 0.1422 0.1597
vt 0.0000 0.0000
vt 0.2469 -0.0000
vt 0.1047 0.1597
vt 0.0000 0.0000
vt 0.1540 0.0000
vt 0.1540 0.0486
vt 0.0000 0.0486
vt 0.0000 0.0000
vt 0.1540 0.0000
vt 0.0969 0.1645
vt 0.0000 0.0000
vt 0.1540 0.0000
vt 0.0571 0.1645
vt 0.0000 0.0000
vt 0.1189 0.0000
vt 0.1189 0.0486
vt 0.0000 0.0486
vt 0.0000 0.0000
vt 0.1189 0.0000
vt -0.0706 0.1592
vt 0.0000 0.0000
vt 0.1189 0.0000
vt 0.1895 0.1592
vt 0.0000 0.0000
vt 0.2521 0.0000
vt 0.2521 0.0486
vt 0.0000 0.0486
vt 0.0000 0.0000
vt 0.2521 -0.0000
vt 0.2139 0.1245
vt 0.0000 0.0000
vt 0.2521 0.0000
vt 0.0383 0.1245
vt 0.0000 0.0000
vt 0.1491 0.0000
vt 0.1491 0.0486
vt 0.0000 0.0486
vt 0.0000 0.0000
vt 0.1491 0.0000
vt 0.0320 0.1263
vt 0.0000 0.0000
vt 0.1491 0.0000
vt 0.1171 0.1263
vt 0.0000 0.0000
vt 0.1546 0.0000
vt 0.1546 0.0486
vt 0.0000 0.0486
vt 0.0000 0.0000
vt 0.1546 0.0000
vt -0.0227 0.1707
vt 0.0000 0.0000
vt 0.1546 -0.0000
vt 0.1773 0.1707
vt 0.0000 0.0000
vt 0.1080 0.0000
vt 0.1080 0.0607
vt 0.0000 0.0607
vt 0.0000 0.0000
vt 0.1080 0.0000
vt 0.0471 0.1823
vt 0.0000 0.0000
vt 0.1080 0.0000
vt 0.0609 0.1823
vt 0.0000 0.0000
vt 0.1738 0.0000
vt 0.1738 0.0607
vt 0.0000 0.0607
vt 0.0000 0.0000
vt 0.1738 0.0000
vt 0.0350 0.1890
vt 0.0000 0.0000
vt 0.1738 0.0000
vt 0.1388 0.1890
vt 0.0000 0.0000
vt 0.1526 0.0000
vt 0.1526 0.0607
vt 0.0000 0.0607
vt 0.0000 0.0000
vt 0.1526 0.0000
vt 0.1419 0.1867
vt 0.0000 0.0000
vt 0.1526 0.0000
vt 0.0108 0.1867
vt 0.0000 0.0000
vt 0.1640 0.0000
vt 0.1640 0.0607
vt 0.0000 0.0607
vt 0.0000 0.0000
vt 0.1640 0.0000
vt 0.0489 0.1804
vt 0.0000 0.0000
vt 0.1640 0.0000
vt 0.1151 0.1804
vt 0.0000 0.0000
vt 0.1897 0.0000
vt 0.1897 0.0607
vt 0.0000 0.0607
vt 0.0000 0.0000
vt 0.1897 0.0000
vt 0.1610 0.1410
vt 0.0000 0.0000
vt 0.1897 0.0000
vt 0.0287 0.1410
vt 0.0000 0.0000
vt 0.1180 0.0000
vt 0.1180 0.0607
vt 0.0000 0.0607
vt 0.0000 0.0000
vt 0.1180 0.0000
vt 0.0311 0.1404
vt 0.0000 0.0000
vt 0.1180 0.0000
vt 0.0869 0.1404
vt 0.0000 0.0000
vt 0.0759 0.0000
vt 0.0759 0.0607
vt 0.0000 0.0607
vt 0.0000 0.0000
vt 0.0759 0.0000
vt 0.0644 0.1521
vt 0.0000 0.0000
vt 0.0759 0.0000
vt 0.0115 0.1521
vt 0.0000 0.0000
vt 0.1737 0.0000
vt 0.1737 0.0607
vt 0.0000 0.0607
vt 0.0000 0.0000
vt 0.1737 0.0000
vt 0.0518 0.1435
vt 0.0000 0.0000
vt 0.1737 0.0000
vt 0.1219 0.1435
vt 0.0000 0.0000
vt 0.2593 0.0000
vt 0.2593 0.0322
vt 0.0000 0.0322
vt 0.0000 0.0000
vt 0.2593 0.0000
vt 0.2321 0.2306
vt 0.0000 0.0000
vt 0.2593 0.0000
vt 0.0272 0.2306
vt 0.0000 0.0000
vt 0.2383 0.0000
vt 0.2383 0.0322
vt 0.0000 0.0322
vt 0.0000 0.0000
vt 0.2383 0.0000
vt 0.0570 0.2251
vt 0.0000 0.0000
vt 0.2383 0.0000
vt 0.1813 0.2251
vt 0.0000 0.0000
vt 0.1567 0.0000
vt 0.1567 0.0322
vt 0.0000 0.0322
vt 0.0000 0.0000
vt 0.1567 0.0000
vt 0.0673 0.2811
vt 0.0000 0.0000
vt 0.1567 -0.0000
vt 0.0894 0.2811
vt 0.0000 0.0000
vt 0.2187 0.0000
vt 0.2187 0.0322
vt 0.0000 0.0322
vt 0.0000 0.0000
vt 0.2187 0.0000
vt 0.0416 0.2920
vt 0.0000 0.0000
vt 0.2187 0.0000
vt 0.1771 0.2920
vt 0.0000 0.0000
vt 0.3624 0.0000
vt 0.3624 0.0322
vt 0.0000 0.0322
vt 0.0000 0.0000
vt 0.3624 0.0000
vt 0.1954 0.2801
vt 0.0000 0.0000
vt 0.3624 0.0000
vt 0.1670 0.2801
vt 0.0000 0.0000
vt 0.2089 0.0000
vt 0.2089 0.0322
vt 0.0000 0.0322
vt 0.0000 0.0000
vt 0.2089 0.0000
vt 0.1136 0.3057
vt 0.0000 0.0000
vt 0.2089 0.0000
vt 0.0953 0.3057
vt 0.0000 0.0000
vt 0.2269 0.0000
vt 0.2269 0.0322
vt 0.0000 0.0322
vt 0.0000 0.0000
vt 0.2269 0.0000
vt 0.1117 0.3001
vt 0.0000 0.0000
vt 0.2269 -0.0000
vt 0.1152 0.3001
vt 0.0000 0.0000
vt 0.2205 0.0000
vt 0.2205 0.0322
vt 0.0000 0.0322
vt 0.0000 0.0000
vt 0.2205 0.0000
vt 0.1018 0.3049
vt 0.0000 0.0000
vt 0.2205 0.0000
vt 0.1187 0.3049
vt 0.0000 0.0000
vt 0.1809 0.0000
vt 0.1809 0.0503
vt 0.0000 0.0503
vt 0.0000 0.0000
vt 0.1809 0.0000
vt 0.0327 0.1836
vt 0.0000 0.0000
vt 0.1809 0.0000
vt 0.1482 0.1836
vt 0.0000 0.0000
vt 0.1161 0.0000
vt 0.1161 0.0503
vt 0.0000 0.0503
vt 0.0000 0.0000
vt 0.1161 -0.0000
vt 0.2076 0.1121
vt 0.0000 0.0000
vt 0.1161 0.0000
vt -0.0915 0.1121
vt 0.0000 0.0000
vt 0.1767 0.0000
vt 0.1767 0.0503
vt 0.0000 0.0503
vt 0.0000 0.0000
vt 0.1767 -0.0000
vt 0.0624 0.1306
vt 0.0000 0.0000
vt 0.1767 0.0000
vt 0.1143 0.1306
vt 0.0000 0.0000
vt 0.1095 0.0000
vt 0.1095 0.0503
vt 0.0000 0.0503
vt 0.0000 0.0000
vt 0.1095 0.0000
vt 0.0720 0.1579
vt 0.0000 0.0000
vt 0.1095 0.0000
vt 0.0375 0.1579
vt 0.0000 0.0000
vt 0.1072 0.0000
vt 0.1072 0.0503
vt 0.0000 0.0503
vt 0.0000 0.0000
vt 0.1072 0.0000
vt -0.1254 0.1030
vt 0.0000 0.0000
vt 0.1072 0.0000
vt 0.2326 0.1030
vt 0.0000 0.0000
vt 0.1793 0.0000
vt 0.1793 0.0503
vt 0.0000 0.0503
vt 0.0000 0.0000
vt 0.1793 0.0000
vt 0.1305 0.2183
vt 0.0000 0.0000
vt 0.1793 0.0000
vt 0.0488 0.2183
vt 0.0000 0.0000
vt 0.2159 0.0000
vt 0.2159 0.0503
vt 0.0000 0.0503
vt 0.0000 0.0000
vt 0.2159 -0.0000
vt 0.1812 0.1312
vt 0.0000 0.0000
vt 0.2159 0.0000
vt 0.0347 0.1312
vt 0.0000 0.0000
vt 0.1244 0.0000
vt 0.1244 0.0503
vt 0.0000 0.0503
vt 0.0000 0.0000
vt 0.1244 0.0000
vt -0.0595 0.1220
vt 0.0000 0.0000
vt 0.1244 0.0000
vt 0.1839 0.1220
vt 0.0000 0.0000
vt 0.0962 0.0000
vt 0.0962 0.0503
vt 0.0000 0.0503
vt 0.0000 0.0000
vt 0.0962 0.0000
vt 0.1203 0.1849
vt 0.0000 0.0000
vt 0.0962 0.0000
vt -0.0241 0.1849
vt 0.0000 0.0000
vt 0.1581 0.0000
vt 0.1581 0.0453
vt 0.0000 0.0453
vt 0.0000 0.0000
vt 0.1581 0.0000
vt 0.1198 0.1403
vt 0.0000 0.0000
vt 0.1581 0.0000
vt 0.0383 0.1403
vt 0.0000 0.0000
vt 0.1651 0.0000
vt 0.1651 0.0453
vt 0.0000 0.0453
vt 0.0000 0.0000
vt 0.1651 0.0000
vt 0.1081 0.0974
vt 0.0000 0.0000
vt 0.1651 -0.0000
vt 0.0570 0.0974
vt 0.0000 0.0000
vt 0.1365 0.0000
vt 0.1365 0.0453
vt 0.0000 0.0453
vt 0.0000 0.0000
vt 0.1365 0.0000
vt -0.0462 0.1029
vt 0.0000 0.0000
vt 0.1365 0.0000
vt 0.1827 0.1029
vt 0.0000 0.0000
vt 0.1612 0.0000
vt 0.1612 0.0453
vt 0.0000 0.0453
vt 0.0000 0.0000
vt 0.1612 0.0000
vt 0.1725 0.1192
vt 0.0000 0.0000
vt 0.1612 -0.0000
vt -0.0113 0.1192
vt 0.0000 0.0000
vt 0.1963 0.0000
vt 0.1963 0.0453
vt 0.0000 0.0453
vt 0.0000 0.0000
vt 0.1963 0.0000
vt 0.0851 0.0842
vt 0.0000 0.0000
vt 0.1963 -0.0000
vt 0.1112 0.0842
vt 0.0000 0.0000
vt 0.1220 0.0000
vt 0.1220 0.0453
vt 0.0000 0.0453
vt 0.0000 0.0000
vt 0.1220 0.0000
vt 0.0013 0.1395
vt 0.0000 0.0000
vt 0.1220 0.0000
vt 0.1208 0.1395
vt 0.0000 0.0000
vt 0.1781 0.0000
vt 0.1781 0.0486
vt 0.0000 0.0486
vt 0.0000 0.0000
vt 0.1781 0.0000
vt 0.2145 0.1627
vt 0.0000 0.0000
vt 0.1781 0.0000
vt -0.0364 0.1627
vt 0.0000 0.0000
vt 0.0793 0.0000
vt 0.0793 0.0486
vt 0.0000 0.0486
vt 0.0000 0.0000
vt 0.0793 0.0000
vt 0.0653 0.1534
vt 0.0000 0.0000
vt 0.0793 0.0000
vt 0.0141 0.1534
vt 0.0000 0.0000
vt 0.1923 0.0000
vt 0.1923 0.0486
vt 0.0000 0.0486
vt 0.0000 0.0000
vt 0.1923 0.0000
vt 0.0347 0.1501
vt 0.0000 0.0000
vt 0.1923 0.0000
vt 0.1576 0.1501
vt 0.0000 0.0000
vt 0.2125 0.0000
vt 0.2125 0.0486
vt 0.0000 0.0486
vt 0.0000 0.0000
vt 0.2125 -0.0000
vt -0.0122 0.2173
vt 0.0000 0.0000
vt 0.2125 0.0000
vt 0.2248 0.2173
vt 0.0000 0.0000
vt 0.1163 0.0000
vt 0.1163 0.0486
vt 0.0000 0.0486
vt 0.0000 0.0000
vt 0.1163 0.0000
vt 0.2567 0.1784
vt 0.0000 0.0000
vt 0.1163 0.0000
vt -0.1404 0.1784
vt 0.0000 0.0000
vt 0.1267 0.0000
vt 0.1267 0.0486
vt 0.0000 0.0486
vt 0.0000 0.0000
vt 0.1267 0.0000
vt 0.0209 0.2261
vt 0.0000 0.0000
vt 0.1267 0.0000
vt 0.1058 0.2261
vt 0.0000 0.0000
vt 0.2472 0.0000
vt 0.2472 0.0486
vt 0.0000 0.0486
vt 0.0000 0.0000
vt 0.2472 0.0000
vt 0.1957 0.1550
vt 0.0000 0.0000
vt 0.2472 0.0000
vt 0.0515 0.1550
vt 0.0000 0.0000
vt 0.1813 0.0000
vt 0.1813 0.0486
vt 0.0000 0.0486
vt 0.0000 0.0000
vt 0.1813 -0.0000
vt 0.0018 0.1633
vt 0.0000 0.0000
vt 0.1813 0.0000
vt 0.1795 0.1633
vt 0.0000 0.0000
vt 0.1080 0.0000
vt 0.1080 0.0486
vt 0.0000 0.0486
vt 0.0000 0.0000
vt 0.1080 -0.0000
vt -0.0089 0.2425
vt 0.0000 0.0000
vt 0.1080 0.0000
vt 0.1169 0.2425
vt 0.0000 0.0000
vt 0.0584 0.0000
vt 0.0584 0.0534
vt 0.0000 0.0534
vt 0.0000 0.0000
vt 0.0584 0.0000
vt 0.0118 0.1237
vt 0.0000 0.0000
vt 0.0584 -0.0000
vt 0.0466 0.1237
vt 0.0000 0.0000
vt 0.1308 0.0000
vt 0.1308 0.0534
vt 0.0000 0.0534
vt 0.0000 0.0000
vt 0.1308 0.0000
vt 0.0829 0.1030
vt 0.0000 0.0000
vt 0.1308 0.0000
vt 0.0480 0.1030
vt 0.0000 0.0000
vt 0.0737 0.0000
vt 0.0737 0.0534
vt 0.0000 0.0534
vt 0.0000 0.0000
vt 0.0737 0.0000
vt 0.0625 0.0949
vt 0.0000 0.0000
vt 0.0737 0.0000
vt 0.0111 0.0949
vt 0.0000 0.0000
vt 0.0833 0.0000
vt 0.0833 0.0534
vt 0.0000 0.0534
vt 0.0000 0.0000
vt 0.0833 0.0000
vt -0.0325 0.0899
vt 0.0000 0.0000
vt 0.0833 0.0000
vt 0.1158 0.0899
vt 0.0000 0.0000
vt 0.0969 0.0000
vt 0.0969 0.0534
vt 0.0000 0.0534
vt 0.0000 0.0000
vt 0.0969 -0.0000
vt -0.0068 0.1464
vt 0.0000 0.0000
vt 0.0969 0.0000
vt 0.1037 0.1464
vt 0.0000 0.0000
vt 0.0831 0.0000
vt 0.0831 0.0534
vt 0.0000 0.0534
vt 0.0000 0.0000
vt 0.0831 0.0000
vt 0.1241 0.1296
vt 0.0000 0.0000
vt 0.0831 0.0000
vt -0.0410 0.1296
vt 0.0000 0.0000
vt 0.1458 0.0000
vt 0.1458 0.0534
vt 0.0000 0.0534
vt 0.0000 0.0000
vt 0.1458 -0.0000
vt 0.0953 0.0969
vt 0.0000 0.0000
vt 0.1458 0.0000
vt 0.0505 0.0969
vt 0.0000 0.0000
vt 0.0894 0.0000
vt 0.0894 0.0534
vt 0.0000 0.0534
vt 0.0000 0.0000
vt 0.0894 0.0000
vt 0.0147 0.1083
vt 0.0000 0.0000
vt 0.0894 0.0000
vt 0.0747 0.1083
vt 0.0000 0.0000
vt 0.0549 0.0000
vt 0.0549 0.0534
vt 0.0000 0.0534
vt 0.0000 0.0000
vt 0.0549 0.0000
vt 0.0444 0.1239
vt 0.0000 0.0000
vt 0.0549 0.0000
vt 0.0105 0.1239
vt 0.0000 0.0000
vt 0.0714 0.0000
vt 0.0714 0.0294
vt 0.0000 0.0294
vt 0.0000 0.0000
vt 0.0714 0.0000
vt 0.0449 0.1658
vt 0.0000 0.0000
vt 0.0714 0.0000
vt 0.0265 0.1658
vt 0.0000 0.0000
vt 0.1022 0.0000
vt 0.1022 0.0294
vt 0.0000 0.0294
vt 0.0000 0.0000
vt 0.1022 -0.0000
vt 0.0982 0.1361
vt 0.0000 0.0000
vt 0.1022 0.0000
vt 0.0040 0.1361
vt 0.0000 0.0000
vt 0.1038 0.0000
vt 0.1038 0.0294
vt 0.0000 0.0294
vt 0.0000 0.0000
vt 0.1038 0.0000
vt 0.1054 0.0862
vt 0.0000 0.0000
vt 0.1038 0.0000
vt -0.0016 0.0862
vt 0.0000 0.0000
vt 0.1278 0.0000
vt 0.1278 0.0294
vt 0.0000 0.0294
vt 0.0000 0.0000
vt 0.1278 -0.0000
vt 0.0021 0.0862
vt 0.0000 0.0000
vt 0.1278 0.0000
vt 0.1257 0.0862
vt 0.0000 0.0000
vt 0.0502 0.0000
vt 0.0502 0.0294
vt 0.0000 0.0294
vt 0.0000 0.0000
vt 0.0502 0.0000
vt -0.0408 0.1468
vt 0.0000 0.0000
vt 0.0502 0.0000
vt 0.0910 0.1468
vt 0.0000 0.0000
vt 0.1412 0.0000
vt 0.1412 0.0294
vt 0.0000 0.0294
vt 0.0000 0.0000
vt 0.1412 0.0000
vt 0.1302 0.1136
vt 0.0000 0.0000
vt 0.1412 0.0000
vt 0.0110 0.1136
vt 0.0000 0.0000
vt 0.0958 0.0000
vt 0.0958 0.0294
vt 0.0000 0.0294
vt 0.0000 0.0000
vt 0.0958 0.0000
vt 0.0728 0.0879
vt 0.0000 0.0000
vt 0.0958 0.0000
vt 0.0230 0.0879
vt 0.0000 0.0000
vt 0.0605 0.0000
vt 0.0605 0.0294
vt 0.0000 0.0294
vt 0.0000 0.0000
vt 0.0605 0.0000
vt -0.0208 0.0885
vt 0.0000 0.0000
vt 0.0605 0.0000
vt 0.0812 0.0885
vt 0.0000 0.0000
vt 0.1055 0.0000
vt 0.1055 0.0294
vt 0.0000 0.0294
vt 0.0000 0.0000
vt 0.1055 -0.0000
vt -0.0186 0.1187
vt 0.0000 0.0000
vt 0.1055 0.0000
vt 0.1242 0.1187
vt 0.0000 0.0000
vt 0.1307 0.0000
vt 0.1307 0.0317
vt 0.0000 0.0317
vt 0.0000 0.0000
vt 0.1307 0.0000
vt 0.0677 0.1020
vt 0.0000 0.0000
vt 0.1307 0.0000
vt 0.0630 0.1020
vt 0.0000 0.0000
vt 0.0542 0.0000
vt 0.0542 0.0317
vt 0.0000 0.0317
vt 0.0000 0.0000
vt 0.0542 0.0000
vt 0.0515 0.1082
vt 0.0000 0.0000
vt 0.0542 0.0000
vt 0.0027 0.1082
vt 0.0000 0.0000
vt 0.1533 0.0000
vt 0.1533 0.0317
vt 0.0000 0.0317
vt 0.0000 0.0000
vt 0.1533 0.0000
vt 0.0318 0.1035
vt 0.0000 0.0000
vt 0.1533 0.0000
vt 0.1215 0.1035
vt 0.0000 0.0000
vt 0.1198 0.0000
vt 0.1198 0.0317
vt 0.0000 0.0317
vt 0.0000 0.0000
vt 0.1198 0.0000
vt 0.0771 0.1397
vt 0.0000 0.0000
vt 0.1198 0.0000
vt 0.0427 0.1397
vt 0.0000 0.0000
vt 0.0970 0.0000
vt 0.0970 0.0317
vt 0.0000 0.0317
vt 0.0000 0.0000
vt 0.0970 0.0000
vt 0.1123 0.0934
vt 0.0000 0.0000
vt 0.0970 0.0000
vt -0.0154 0.0934
vt 0.0000 0.0000
vt 0.0380 0.0000
vt 0.0380 0.0317
vt 0.0000 0.0317
vt 0.0000 0.0000
vt 0.0380 0.0000
vt 0.0396 0.0860
vt 0.0000 0.0000
vt 0.0380 -0.0000
vt -0.0015 0.0860
vt 0.0000 0.0000
vt 0.1275 0.0000
vt 0.1275 0.0317
vt 0.0000 0.0317
vt 0.0000 0.0000
vt 0.1275 0.0000
vt 0.0077 0.0856
vt 0.0000 0.0000
vt 0.1275 0.0000
vt 0.1198 0.0856
vt 0.0000 0.0000
vt 0.0759 0.0000
vt 0.0759 0.0317
vt 0.0000 0.0317
vt 0.0000 0.0000
vt 0.0759 0.0000
vt 0.0820 0.1223
vt 0.0000 0.0000
vt 0.0759 0.0000
vt -0.0061 0.1223
vt 0.0000 0.0000
vt 0.1601 0.0000
vt 0.1601 0.0425
vt 0.0000 0.0425
vt 0.0000 0.0000
vt 0.1601 0.0000
vt 0.0523 0.2537
vt 0.0000 0.0000
vt 0.1601 0.0000
vt 0.1077 0.2537
vt 0.0000 0.0000
vt 0.2279 0.0000
vt 0.2279 0.0425
vt 0.0000 0.0425
vt 0.0000 0.0000
vt 0.2279 0.0000
vt 0.0595 0.2692
vt 0.0000 0.0000
vt 0.2279 -0.0000
vt 0.1684 0.2692
vt 0.0000 0.0000
vt 0.1552 0.0000
vt 0.1552 0.0425
vt 0.0000 0.0425
vt 0.0000 0.0000
vt 0.1552 0.0000
vt 0.1013 0.3009
vt 0.0000 0.0000
vt 0.1552 0.0000
vt 0.0539 0.3009
vt 0.0000 0.0000
vt 0.2987 0.0000
vt 0.2987 0.0425
vt 0.0000 0.0425
vt 0.0000 0.0000
vt 0.2987 0.0000
vt 0.1767 0.2494
vt 0.0000 0.0000
vt 0.2987 0.0000
vt 0.1220 0.2494
vt 0.0000 0.0000
vt 0.1188 0.0000
vt 0.1188 0.0425
vt 0.0000 0.0425
vt 0.0000 0.0000
vt 0.1188 0.0000
vt 0.0533 0.2725
vt 0.0000 0.0000
vt 0.1188 -0.0000
vt 0.0655 0.2725
vt 0.0000 0.0000
vt 0.1448 0.0000
vt 0.1448 0.0425
vt 0.0000 0.0425
vt 0.0000 0.0000
vt 0.1448 0.0000
vt 0.1160 0.2551
vt 0.0000 0.0000
vt 0.1448 0.0000
vt 0.0288 0.2551
vt 0.0000 0.0000
vt 0.2538 0.0000
vt 0.2538 0.0425
vt 0.0000 0.0425
vt 0.0000 0.0000
vt 0.2538 0.0000
vt 0.1284 0.2223
vt 0.0000 0.0000
vt 0.2538 -0.0000
vt 0.1255 0.2223
vt 0.0000 0.0000
vt 0.2605 0.0000
vt 0.2605 0.0425
vt 0.0000 0.0425
vt 0.0000 0.0000
vt 0.2605 0.0000
vt 0.0114 0.2550
vt 0.0000 0.0000
vt 0.2605 0.0000
vt 0.2491 0.2550
vt 0.0000 0.0000
vt 0.1802 0.0000
vt 0.1802 0.0425
vt 0.0000 0.0425
vt 0.0000 0.0000
vt 0.1802 0.0000
vt 0.2565 0.2476
vt 0.0000 0.0000
vt 0.1802 -0.0000
vt -0.0763 0.2476
vt 0.0000 0.0000
vt 0.0987 0.0000
vt 0.0987 0.0640
vt 0.0000 0.0640
vt 0.0000 0.0000
vt 0.0987 0.0000
vt 0.0710 0.1067
vt 0.0000 0.0000
vt 0.0987 0.0000
vt 0.0277 0.1067
vt 0.0000 0.0000
vt 0.1375 0.0000
vt 0.1375 0.0640
vt 0.0000 0.0640
vt 0.0000 0.0000
vt 0.1375 0.0000
vt 0.0849 0.0703
vt 0.0000 0.0000
vt 0.1375 0.0000
vt 0.0526 0.0703
vt 0.0000 0.0000
vt 0.0726 0.0000
vt 0.0726 0.0640
vt 0.0000 0.0640
vt 0.0000 0.0000
vt 0.0726 0.0000
vt 0.0135 0.0867
vt 0.0000 0.0000
vt 0.0726 -0.0000
vt 0.0591 0.0867
vt 0.0000 0.0000
vt 0.0622 0.0000
vt 0.0622 0.0640
vt 0.0000 0.0640
vt 0.0000 0.0000
vt 0.0622 -0.0000
vt 0.0420 0.0961
vt 0.0000 0.0000
vt 0.0622 0.0000
vt 0.0202 0.0961
vt 0.0000 0.0000
vt 0.1326 0.0000
vt 0.1326 0.0640
vt 0.0000 0.0640
vt 0.0000 0.0000
vt 0.1326 0.0000
vt 0.0762 0.0620
vt 0.0000 0.0000
vt 0.1326 0.0000
vt 0.0564 0.0620
vt 0.0000 0.0000
vt 0.1023 0.0000
vt 0.1023 0.0640
vt 0.0000 0.0640
vt 0.0000 0.0000
vt 0.1023 0.0000
vt 0.0053 0.0836
vt 0.0000 0.0000
vt 0.1023 0.0000
vt 0.0971 0.0836
usemtl concrete
f 49/49 50/50 51/51
f 49/49 51/51 52/52
f 53/53 54/54 55/55
f 53/53 55/55 56/56
f 57/57 58/58 59/59
f 57/57 59/59 60/60
f 61/61 62/62 63/63
f 61/61 63/63 64/64
f 65/65 66/66 67/67
f 65/65 67/67 68/68
f 69/69 70/70 71/71
f 69/69 71/71 72/72
f 73/73 74/74 75/75
f 73/73 75/75 76/76
f 77/77 78/78 79/79
f 77/77 79/79 80/80
f 81/81 82/82 83/83
f 81/81 83/83 84/84
f 85/85 86/86 87/87
f 85/85 87/87 88/88
f 89/89 90/90 91/91
f 89/89 91/91 92/92
f 93/93 94/94 95/95
f 93/93 95/95 96/96
f 97/97 98/98 99/99
f 97/97 99/99 100/100
f 101/101 102/102 103/103
f 101/101 103/103 104/104
f 105/105 106/106 107/107
f 105/105 107/107 108/108
f 109/109 110/110 111/111
f 109/109 111/111 112/112
f 113/113 114/114 115/115
f 113/113 115/115 116/116
f 117/117 118/118 119/119
f 117/117 119/119 120/120
f 121/121 122/122 123/123
f 121/121 123/123 124/124
f 125/125 126/126 127/127
f 125/125 127/127 128/128
f 129/129 130/130 131/131
f 129/129 131/131 132/132
f 133/133 134/134 135/135
f 133/133 135/135 136/136
f 137/137 138/138 139/139
f 137/137 139/139 140/140
f 141/141 142/142 143/143
f 141/141 143/143 144/144
f 145/145 146/146 147/147
f 145/145 147/147 148/148
f 149/149 150/150 151/151
f 149/149 151/151 152/152
f 153/153 154/154 155/155
f 153/153 155/155 156/156
f 157/157 158/158 159/159
f 157/157 159/159 160/160
f 161/161 162/162 163/163
f 161/161 163/163 164/164
f 165/165 166/166 167/167
f 165/165 167/167 168/168
f 169/169 170/170 171/171
f 169/169 171/171 172/172
f 173/173 174/174 175/175
f 173/173 175/175 176/176
f 177/177 178/178 179/179
f 177/177 179/179 180/180
f 181/181 182/182 183/183
f 181/181 183/183 184/184
f 185/185 186/186 187/187
f 185/185 187/187 188/188
f 189/189 190/190 191/191
f 189/189 191/191 192/192
f 217/217 218/218 219/219
f 217/217 219/219 220/220
f 221/221 222/222 223/223
f 221/221 223/223 224/224
f 225/225 226/226 227/227
f 225/225 227/227 228/228
f 229/229 230/230 231/231
f 229/229 231/231 232/232
f 233/233 234/234 235/235
f 233/233 235/235 236/236
f 237/237 238/238 239/239
f 237/237 239/239 240/240
f 241/241 242/242 243/243
f 241/241 243/243 244/244
f 245/245 246/246 247/247
f 245/245 247/247 248/248
f 249/249 250/250 251/251
f 249/249 251/251 252/252
f 253/253 254/254 255/255
f 253/253 255/255 256/256
f 257/257 258/258 259/259
f 257/257 259/259 260/260
f 261/261 262/262 263/263
f 261/261 263/263 264/264
f 265/265 266/266 267/267
f 265/265 267/267 268/268
f 269/269 270/270 271/271
f 269/269 271/271 272/272
f 273/273 274/274 275/275
f 273/273 275/275 276/276
f 277/277 278/278 279/279
f 277/277 279/279 280/280
f 281/281 282/282 283/283
f 281/281 283/283 284/284
f 285/285 286/286 287/287
f 285/285 287/287 288/288
f 289/289 290/290 291/291
f 289/289 291/291 292/292
f 293/293 294/294 295/295
f 293/293 295/295 296/296
f 297/297 298/298 299/299
f 297/297 299/299 300/300
f 301/301 302/302 303/303
f 301/301 303/303 304/304
f 305/305 306/306 307/307
f 305/305 307/307 308/308
f 309/309 310/310 311/311
f 309/309 311/311 312/312
f 313/313 314/314 315/315
f 313/313 315/315 316/316
f 317/317 318/318 319/319
f 317/317 319/319 320/320
f 321/321 322/322 323/323
f 321/321 323/323 324/324
f 325/325 326/326 327/327
f 325/325 327/327 328/328
f 329/329 330/330 331/331
f 329/329 331/331 332/332
f 333/333 334/334 335/335
f 333/333 335/335 336/336
f 337/337 338/338 339/339
f 337/337 339/339 340/340
f 341/341 342/342 343/343
f 341/341 343/343 344/344
f 345/345 346/346 347/347
f 345/345 347/347 348/348
f 349/349 350/350 351/351
f 349/349 351/351 352/352
f 353/353 354/354 355/355
f 353/353 355/355 356/356
f 357/357 358/358 359/359
f 357/357 359/359 360/360
f 361/361 362/362 363/363
f 361/361 363/363 364/364
f 365/365 366/366 367/367
f 365/365 367/367 368/368
f 369/369 370/370 371/371
f 369/369 371/371 372/372
f 373/373 374/374 375/375
f 373/373 375/375 376/376
f 377/377 378/378 379/379
f 377/377 379/379 380/380
f 381/381 382/382 383/383
f 381/381 383/383 384/384
f 385/385 386/386 387/387
f 385/385 387/387 388/388
f 389/389 390/390 391/391
f 389/389 391/391 392/392
f 393/393 394/394 395/395
f 393/393 395/395 396/396
f 397/397 398/398 399/399
f 397/397 399/399 400/400
f 401/401 402/402 403/403
f 401/401 403/403 404/404
f 405/405 406/406 407/407
f 405/405 407/407 408/408
f 433/433 434/434 435/435
f 433/433 435/435 436/436
f 437/437 438/438 439/439
f 437/437 439/439 440/440
f 441/441 442/442 443/443
f 441/441 443/443 444/444
f 445/445 446/446 447/447
f 445/445 447/447 448/448
f 449/449 450/450 451/451
f 449/449 451/451 452/452
f 453/453 454/454 455/455
f 453/453 455/455 456/456
f 457/457 458/458 459/459
f 457/457 459/459 460/460
f 461/461 462/462 463/463
f 461/461 463/463 464/464
f 465/465 466/466 467/467
f 465/465 467/467 468/468
f 469/469 470/470 471/471
f 469/469 471/471 472/472
f 473/473 474/474 475/475
f 473/473 475/475 476/476
f 477/477 478/478 479/479
f 477/477 479/479 480/480
f 505/505 506/506 507/507
f 505/505 507/507 508/508
f 509/509 510/510 511/511
f 509/509 511/511 512/512
f 513/513 514/514 515/515
f 513/513 515/515 516/516
f 517/517 518/518 519/519
f 517/517 519/519 520/520
f 521/521 522/522 523/523
f 521/521 523/523 524/524
f 525/525 526/526 527/527
f 525/525 527/527 528/528
f 529/529 530/530 531/531
f 529/529 531/531 532/532
f 533/533 534/534 535/535
f 533/533 535/535 536/536
f 537/537 538/538 539/539
f 537/537 539/539 540/540
f 541/541 542/542 543/543
f 541/541 543/543 544/544
f 545/545 546/546 547/547
f 545/545 547/547 548/548
f 549/549 550/550 551/551
f 549/549 551/551 552/552
f 553/553 554/554 555/555
f 553/553 555/555 556/556
f 557/557 558/558 559/559
f 557/557 559/559 560/560
f 561/561 562/562 563/563
f 561/561 563/563 564/564
f 565/565 566/566 567/567
f 565/565 567/567 568/568
f 569/569 570/570 571/571
f 569/569 571/571 572/572
f 573/573 574/574 575/575
f 573/573 575/575 576/576
f 601/601 602/602 603/603
f 601/601 603/603 604/604
f 605/605 606/606 607/607
f 605/605 607/607 608/608
f 609/609 610/610 611/611
f 609/609 611/611 612/612
f 613/613 614/614 615/615
f 613/613 615/615 616/616
f 617/617 618/618 619/619
f 617/617 619/619 620/620
f 621/621 622/622 623/623
f 621/621 623/623 624/624
f 625/625 626/626 627/627
f 625/625 627/627 628/628
f 629/629 630/630 631/631
f 629/629 631/631 632/632
f 633/633 634/634 635/635
f 633/633 635/635 636/636
f 637/637 638/638 639/639
f 637/637 639/639 640/640
f 641/641 642/642 643/643
f 641/641 643/643 644/644
f 645/645 646/646 647/647
f 645/645 647/647 648/648
f 673/673 674/674 675/675
f 673/673 675/675 676/676
f 677/677 678/678 679/679
f 677/677 679/679 680/680
f 681/681 682/682 683/683
f 681/681 683/683 684/684
f 685/685 686/686 687/687
f 685/685 687/687 688/688
f 689/689 690/690 691/691
f 689/689 691/691 692/692
f 693/693 694/694 695/695
f 693/693 695/695 696/696
f 721/721 722/722 723/723
f 721/721 723/723 724/724
f 725/725 726/726 727/727
f 725/725 727/727 728/728
f 729/729 730/730 731/731
f 729/729 731/731 732/732
f 733/733 734/734 735/735
f 733/733 735/735 736/736
f 737/737 738/738 739/739
f 737/737 739/739 740/740
f 741/741 742/742 743/743
f 741/741 743/743 744/744
f 745/745 746/746 747/747
f 745/745 747/747 748/748
f 749/749 750/750 751/751
f 749/749 751/751 752/752
f 753/753 754/754 755/755
f 753/753 755/755 756/756
f 757/757 758/758 759/759
f 757/757 759/759 760/760
f 761/761 762/762 763/763
f 761/761 763/763 764/764
f 765/765 766/766 767/767
f 765/765 767/767 768/768
f 793/793 794/794 795/795
f 793/793 795/795 796/796
f 797/797 798/798 799/799
f 797/797 799/799 800/800
f 801/801 802/802 803/803
f 801/801 803/803 804/804
f 805/805 806/806 807/807
f 805/805 807/807 808/808
f 809/809 810/810 811/811
f 809/809 811/811 812/812
f 813/813 814/814 815/815
f 813/813 815/815 816/816
f 817/817 818/818 819/819
f 817/817 819/819 820/820
f 821/821 822/822 823/823
f 821/821 823/823 824/824
f 825/825 826/826 827/827
f 825/825 827/827 828/828
f 829/829 830/830 831/831
f 829/829 831/831 832/832
f 833/833 834/834 835/835
f 833/833 835/835 836/836
f 837/837 838/838 839/839
f 837/837 839/839 840/840
f 841/841 842/842 843/843
f 841/841 843/843 844/844
f 845/845 846/846 847/847
f 845/845 847/847 848/848
f 849/849 850/850 851/851
f 849/849 851/851 852/852
f 853/853 854/854 855/855
f 853/853 855/855 856/856
f 857/857 858/858 859/859
f 857/857 859/859 860/860
f 861/861 862/862 863/863
f 861/861 863/863 864/864
f 889/889 890/890 891/891
f 889/889 891/891 892/892
f 893/893 894/894 895/895
f 893/893 895/895 896/896
f 897/897 898/898 899/899
f 897/897 899/899 900/900
f 901/901 902/902 903/903
f 901/901 903/903 904/904
f 905/905 906/906 907/907
f 905/905 907/907 908/908
f 909/909 910/910 911/911
f 909/909 911/911 912/912
f 937/937 938/938 939/939
f 937/937 939/939 940/940
f 941/941 942/942 943/943
f 941/941 943/943 944/944
f 945/945 946/946 947/947
f 945/945 947/947 948/948
f 949/949 950/950 951/951
f 949/949 951/951 952/952
f 953/953 954/954 955/955
f 953/953 955/955 956/956
f 957/957 958/958 959/959
f 957/957 959/959 960/960
f 961/961 962/962 963/963
f 961/961 963/963 964/964
f 965/965 966/966 967/967
f 965/965 967/967 968/968
f 969/969 970/970 971/971
f 969/969 971/971 972/972
f 973/973 974/974 975/975
f 973/973 975/975 976/976
f 977/977 978/978 979/979
f 977/977 979/979 980/980
f 981/981 982/982 983/983
f 981/981 983/983 984/984
f 985/985 986/986 987/987
f 985/985 987/987 988/988
f 989/989 990/990 991/991
f 989/989 991/991 992/992
f 993/993 994/994 995/995
f 993/993 995/995 996/996
f 997/997 998/998 999/999
f 997/997 999/999 1000/1000
f 1001/1001 1002/1002 1003/1003
f 1001/1001 1003/1003 1004/1004
f 1005/1005 1006/1006 1007/1007
f 1005/1005 1007/1007 1008/1008
f 1009/1009 1010/1010 1011/1011
f 1009/1009 1011/1011 1012/1012
f 1013/1013 1014/1014 1015/1015
f 1013/1013 1015/1015 1016/1016
f 1017/1017 1018/1018 1019/1019
f 1017/1017 1019/1019 1020/1020
f 1021/1021 1022/1022 1023/1023
f 1021/1021 1023/1023 1024/1024
f 1025/1025 1026/1026 1027/1027
f 1025/1025 1027/1027 1028/1028
f 1029/1029 1030/1030 1031/1031
f 1029/1029 1031/1031 1032/1032
f 1057/1057 1058/1058 1059/1059
f 1057/1057 1059/1059 1060/1060
f 1061/1061 1062/1062 1063/1063
f 1061/1061 1063/1063 1064/1064
f 1065/1065 1066/1066 1067/1067
f 1065/1065 1067/1067 1068/1068
f 1069/1069 1070/1070 1071/1071
f 1069/1069 1071/1071 1072/1072
f 1073/1073 1074/1074 1075/1075
f 1073/1073 1075/1075 1076/1076
f 1077/1077 1078/1078 1079/1079
f 1077/1077 1079/1079 1080/1080
f 1081/1081 1082/1082 1083/1083
f 1081/1081 1083/1083 1084/1084
f 1085/1085 1086/1086 1087/1087
f 1085/1085 1087/1087 1088/1088
f 1089/1089 1090/1090 1091/1091
f 1089/1089 1091/1091 1092/1092
f 1093/1093 1094/1094 1095/1095
f 1093/1093 1095/1095 1096/1096
f 1097/1097 1098/1098 1099/1099
f 1097/1097 1099/1099 1100/1100
f 1101/1101 1102/1102 1103/1103
f 1101/1101 1103/1103 1104/1104
f 1105/1105 1106/1106 1107/1107
f 1105/1105 1107/1107 1108/1108
f 1109/1109 1110/1110 1111/1111
f 1109/1109 1111/1111 1112/1112
f 1113/1113 1114/1114 1115/1115
f 1113/1113 1115/1115 1116/1116
f 1117/1117 1118/1118 1119/1119
f 1117/1117 1119/1119 1120/1120
f 1121/1121 1122/1122 1123/1123
f 1121/1121 1123/1123 1124/1124
f 1125/1125 1126/1126 1127/1127
f 1125/1125 1127/1127 1128/1128
f 1129/1129 1130/1130 1131/1131
f 1129/1129 1131/1131 1132/1132
f 1133/1133 1134/1134 1135/1135
f 1133/1133 1135/1135 1136/1136
f 1137/1137 1138/1138 1139/1139
f 1137/1137 1139/1139 1140/1140
f 1141/1141 1142/1142 1143/1143
f 1141/1141 1143/1143 1144/1144
f 1145/1145 1146/1146 1147/1147
f 1145/1145 1147/1147 1148/1148
f 1149/1149 1150/1150 1151/1151
f 1149/1149 1151/1151 1152/1152
f 1153/1153 1154/1154 1155/1155
f 1153/1153 1155/1155 1156/1156
f 1157/1157 1158/1158 1159/1159
f 1157/1157 1159/1159 1160/1160
f 1161/1161 1162/1162 1163/1163
f 1161/1161 1163/1163 1164/1164
f 1165/1165 1166/1166 1167/1167
f 1165/1165 1167/1167 1168/1168
f 1169/1169 1170/1170 1171/1171
f 1169/1169 1171/1171 1172/1172
f 1173/1173 1174/1174 1175/1175
f 1173/1173 1175/1175 1176/1176
f 1177/1177 1178/1178 1179/1179
f 1177/1177 1179/1179 1180/1180
f 1181/1181 1182/1182 1183/1183
f 1181/1181 1183/1183 1184/1184
f 1185/1185 1186/1186 1187/1187
f 1185/1185 1187/1187 1188/1188
f 1189/1189 1190/1190 1191/1191
f 1189/1189 1191/1191 1192/1192
f 1193/1193 1194/1194 1195/1195
f 1193/1193 1195/1195 1196/1196
f 1197/1197 1198/1198 1199/1199
f 1197/1197 1199/1199 1200/1200
f 1225/1225 1226/1226 1227/1227
f 1225/1225 1227/1227 1228/1228
f 1229/1229 1230/1230 1231/1231
f 1229/1229 1231/1231 1232/1232
f 1233/1233 1234/1234 1235/1235
f 1233/1233 1235/1235 1236/1236
f 1237/1237 1238/1238 1239/1239
f 1237/1237 1239/1239 1240/1240
f 1241/1241 1242/1242 1243/1243
f 1241/1241 1243/1243 1244/1244
f 1245/1245 1246/1246 1247/1247
f 1245/1245 1247/1247 1248/1248
f 1273/1273 1274/1274 1275/1275
f 1273/1273 1275/1275 1276/1276
f 1277/1277 1278/1278 1279/1279
f 1277/1277 1279/1279 1280/1280
f 1281/1281 1282/1282 1283/1283
f 1281/1281 1283/1283 1284/1284
f 1285/1285 1286/1286 1287/1287
f 1285/1285 1287/1287 1288/1288
f 1289/1289 1290/1290 1291/1291
f 1289/1289 1291/1291 1292/1292
f 1293/1293 1294/1294 1295/1295
f 1293/1293 1295/1295 1296/1296
f 1297/1297 1298/1298 1299/1299
f 1297/1297 1299/1299 1300/1300
f 1301/1301 1302/1302 1303/1303
f 1301/1301 1303/1303 1304/1304
f 1305/1305 1306/1306 1307/1307
f 1305/1305 1307/1307 1308/1308
f 1309/1309 1310/1310 1311/1311
f 1309/1309 1311/1311 1312/1312
f 1313/1313 1314/1314 1315/1315
f 1313/1313 1315/1315 1316/1316
f 1317/1317 1318/1318 1319/1319
f 1317/1317 1319/1319 1320/1320
f 1321/1321 1322/1322 1323/1323
f 1321/1321 1323/1323 1324/1324
f 1325/1325 1326/1326 1327/1327
f 1325/1325 1327/1327 1328/1328
f 1329/1329 1330/1330 1331/1331
f 1329/1329 1331/1331 1332/1332
f 1333/1333 1334/1334 1335/1335
f 1333/1333 1335/1335 1336/1336
f 1337/1337 1338/1338 1339/1339
f 1337/1337 1339/1339 1340/1340
f 1341/1341 1342/1342 1343/1343
f 1341/1341 1343/1343 1344/1344
f 1345/1345 1346/1346 1347/1347
f 1345/1345 1347/1347 1348/1348
f 1349/1349 1350/1350 1351/1351
f 1349/1349 1351/1351 1352/1352
f 1353/1353 1354/1354 1355/1355
f 1353/1353 1355/1355 1356/1356
f 1357/1357 1358/1358 1359/1359
f 1357/1357 1359/1359 1360/1360
f 1361/1361 1362/1362 1363/1363
f 1361/1361 1363/1363 1364/1364
f 1365/1365 1366/1366 1367/1367
f 1365/1365 1367/1367 1368/1368
f 1369/1369 1370/1370 1371/1371
f 1369/1369 1371/1371 1372/1372
f 1373/1373 1374/1374 1375/1375
f 1373/1373 1375/1375 1376/1376
f 1377/1377 1378/1378 1379/1379
f 1377/1377 1379/1379 1380/1380
f 1381/1381 1382/1382 1383/1383
f 1381/1381 1383/1383 1384/1384
f 1385/1385 1386/1386 1387/1387
f 1385/1385 1387/1387 1388/1388
f 1389/1389 1390/1390 1391/1391
f 1389/1389 1391/1391 1392/1392
f 1393/1393 1394/1394 1395/1395
f 1393/1393 1395/1395 1396/1396
f 1397/1397 1398/1398 1399/1399
f 1397/1397 1399/1399 1400/1400
f 1401/1401 1402/1402 1403/1403
f 1401/1401 1403/1403 1404/1404
f 1405/1405 1406/1406 1407/1407
f 1405/1405 1407/1407 1408/1408
f 1409/1409 1410/1410 1411/1411
f 1409/1409 1411/1411 1412/1412
f 1413/1413 1414/1414 1415/1415
f 1413/1413 1415/1415 1416/1416
f 1441/1441 1442/1442 1443/1443
f 1441/1441 1443/1443 1444/1444
f 1445/1445 1446/1446 1447/1447
f 1445/1445 1447/1447 1448/1448
f 1449/1449 1450/1450 1451/1451
f 1449/1449 1451/1451 1452/1452
f 1453/1453 1454/1454 1455/1455
f 1453/1453 1455/1455 1456/1456
f 1457/1457 1458/1458 1459/1459
f 1457/1457 1459/1459 1460/1460
f 1461/1461 1462/1462 1463/1463
f 1461/1461 1463/1463 1464/1464
f 1465/1465 1466/1466 1467/1467
f 1465/1465 1467/1467 1468/1468
f 1469/1469 1470/1470 1471/1471
f 1469/1469 1471/1471 1472/1472
f 1473/1473 1474/1474 1475/1475
f 1473/1473 1475/1475 1476/1476
f 1477/1477 1478/1478 1479/1479
f 1477/1477 1479/1479 1480/1480
f 1481/1481 1482/1482 1483/1483
f 1481/1481 1483/1483 1484/1484
f 1485/1485 1486/1486 1487/1487
f 1485/1485 1487/1487 1488/1488
f 1489/1489 1490/1490 1491/1491
f 1489/1489 1491/1491 1492/1492
f 1493/1493 1494/1494 1495/1495
f 1496/1496 1497/1497 1498/1498
f 1499/1499 1500/1500 1501/1501
f 1499/1499 1501/1501 1502/1502
f 1503/1503 1504/1504 1505/1505
f 1506/1506 1507/1507 1508/1508
f 1509/1509 1510/1510 1511/1511
f 1509/1509 1511/1511 1512/1512
f 1513/1513 1514/1514 1515/1515
f 1516/1516 1517/1517 1518/1518
f 1519/1519 1520/1520 1521/1521
f 1519/1519 1521/1521 1522/1522
f 1523/1523 1524/1524 1525/1525
f 1526/1526 1527/1527 1528/1528
f 1529/1529 1530/1530 1531/1531
f 1529/1529 1531/1531 1532/1532
f 1533/1533 1534/1534 1535/1535
f 1536/1536 1537/1537 1538/1538
f 1539/1539 1540/1540 1541/1541
f 1539/1539 1541/1541 1542/1542
f 1543/1543 1544/1544 1545/1545
f 1546/1546 1547/1547 1548/1548
f 1549/1549 1550/1550 1551/1551
f 1549/1549 1551/1551 1552/1552
f 1553/1553 1554/1554 1555/1555
f 1556/1556 1557/1557 1558/1558
f 1559/1559 1560/1560 1561/1561
f 1559/1559 1561/1561 1562/1562
f 1563/1563 1564/1564 1565/1565
f 1566/1566 1567/1567 1568/1568
f 1569/1569 1570/1570 1571/1571
f 1569/1569 1571/1571 1572/1572
f 1573/1573 1574/1574 1575/1575
f 1576/1576 1577/1577 1578/1578
f 1579/1579 1580/1580 1581/1581
f 1579/1579 1581/1581 1582/1582
f 1583/1583 1584/1584 1585/1585
f 1586/1586 1587/1587 1588/1588
f 1589/1589 1590/1590 1591/1591
f 1589/1589 1591/1591 1592/1592
f 1593/1593 1594/1594 1595/1595
f 1596/1596 1597/1597 1598/1598
f 1599/1599 1600/1600 1601/1601
f 1599/1599 1601/1601 1602/1602
f 1603/1603 1604/1604 1605/1605
f 1606/1606 1607/1607 1608/1608
f 1609/1609 1610/1610 1611/1611
f 1609/1609 1611/1611 1612/1612
f 1613/1613 1614/1614 1615/1615
f 1616/1616 1617/1617 1618/1618
f 1619/1619 1620/1620 1621/1621
f 1619/1619 1621/1621 1622/1622
f 1623/1623 1624/1624 1625/1625
f 1626/1626 1627/1627 1628/1628
f 1629/1629 1630/1630 1631/1631
f 1629/1629 1631/1631 1632/1632
f 1633/1633 1634/1634 1635/1635
f 1636/1636 1637/1637 1638/1638
f 1639/1639 1640/1640 1641/1641
f 1639/1639 1641/1641 1642/1642
f 1643/1643 1644/1644 1645/1645
f 1646/1646 1647/1647 1648/1648
f 1649/1649 1650/1650 1651/1651
f 1649/1649 1651/1651 1652/1652
f 1653/1653 1654/1654 1655/1655
f 1656/1656 1657/1657 1658/1658
f 1659/1659 1660/1660 1661/1661
f 1659/1659 1661/1661 1662/1662
f 1663/1663 1664/1664 1665/1665
f 1666/1666 1667/1667 1668/1668
f 1669/1669 1670/1670 1671/1671
f 1669/1669 1671/1671 1672/1672
f 1673/1673 1674/1674 1675/1675
f 1676/1676 1677/1677 1678/1678
f 1679/1679 1680/1680 1681/1681
f 1679/1679 1681/1681 1682/1682
f 1683/1683 1684/1684 1685/1685
f 1686/1686 1687/1687 1688/1688
f 1689/1689 1690/1690 1691/1691
f 1689/1689 1691/1691 1692/1692
f 1693/1693 1694/1694 1695/1695
f 1696/1696 1697/1697 1698/1698
f 1699/1699 1700/1700 1701/1701
f 1699/1699 1701/1701 1702/1702
f 1703/1703 1704/1704 1705/1705
f 1706/1706 1707/1707 1708/1708
f 1709/1709 1710/1710 1711/1711
f 1709/1709 1711/1711 1712/1712
f 1713/1713 1714/1714 1715/1715
f 1716/1716 1717/1717 1718/1718
f 1719/1719 1720/1720 1721/1721
f 1719/1719 1721/1721 1722/1722
f 1723/1723 1724/1724 1725/1725
f 1726/1726 1727/1727 1728/1728
f 1729/1729 1730/1730 1731/1731
f 1729/1729 1731/1731 1732/1732
f 1733/1733 1734/1734 1735/1735
f 1736/1736 1737/1737 1738/1738
f 1739/1739 1740/1740 1741/1741
f 1739/1739 1741/1741 1742/1742
f 1743/1743 1744/1744 1745/1745
f 1746/1746 1747/1747 1748/1748
f 1749/1749 1750/1750 1751/1751
f 1749/1749 1751/1751 1752/1752
f 1753/1753 1754/1754 1755/1755
f 1756/1756 1757/1757 1758/1758
f 1759/1759 1760/1760 1761/1761
f 1759/1759 1761/1761 1762/1762
f 1763/1763 1764/1764 1765/1765
f 1766/1766 1767/1767 1768/1768
f 1769/1769 1770/1770 1771/1771
f 1769/1769 1771/1771 1772/1772
f 1773/1773 1774/1774 1775/1775
f 1776/1776 1777/1777 1778/1778
f 1779/1779 1780/1780 1781/1781
f 1779/1779 1781/1781 1782/1782
f 1783/1783 1784/1784 1785/1785
f 1786/1786 1787/1787 1788/1788
f 1789/1789 1790/1790 1791/1791
f 1789/1789 1791/1791 1792/1792
f 1793/1793 1794/1794 1795/1795
f 1796/1796 1797/1797 1798/1798
f 1799/1799 1800/1800 1801/1801
f 1799/1799 1801/1801 1802/1802
f 1803/1803 1804/1804 1805/1805
f 1806/1806 1807/1807 1808/1808
f 1809/1809 1810/1810 1811/1811
f 1809/1809 1811/1811 1812/1812
f 1813/1813 1814/1814 1815/1815
f 1816/1816 1817/1817 1818/1818
f 1819/1819 1820/1820 1821/1821
f 1819/1819 1821/1821 1822/1822
f 1823/1823 1824/1824 1825/1825
f 1826/1826 1827/1827 1828/1828
f 1829/1829 1830/1830 1831/1831
f 1829/1829 1831/1831 1832/1832
f 1833/1833 1834/1834 1835/1835
f 1836/1836 1837/1837 1838/1838
f 1839/1839 1840/1840 1841/1841
f 1839/1839 1841/1841 1842/1842
f 1843/1843 1844/1844 1845/1845
f 1846/1846 1847/1847 1848/1848
f 1849/1849 1850/1850 1851/1851
f 1849/1849 1851/1851 1852/1852
f 1853/1853 1854/1854 1855/1855
f 1856/1856 1857/1857 1858/1858
f 1859/1859 1860/1860 1861/1861
f 1859/1859 1861/1861 1862/1862
f 1863/1863 1864/1864 1865/1865
f 1866/1866 1867/1867 1868/1868
f 1869/1869 1870/1870 1871/1871
f 1869/1869 1871/1871 1872/1872
f 1873/1873 1874/1874 1875/1875
f 1876/1876 1877/1877 1878/1878
f 1879/1879 1880/1880 1881/1881
f 1879/1879 1881/1881 1882/1882
f 1883/1883 1884/1884 1885/1885
f 1886/1886 1887/1887 1888/1888
f 1889/1889 1890/1890 1891/1891
f 1889/1889 1891/1891 1892/1892
f 1893/1893 1894/1894 1895/1895
f 1896/1896 1897/1897 1898/1898
f 1899/1899 1900/1900 1901/1901
f 1899/1899 1901/1901 1902/1902
f 1903/1903 1904/1904 1905/1905
f 1906/1906 1907/1907 1908/1908
f 1909/1909 1910/1910 1911/1911
f 1909/1909 1911/1911 1912/1912
f 1913/1913 1914/1914 1915/1915
f 1916/1916 1917/1917 1918/1918
f 1919/1919 1920/1920 1921/1921
f 1919/1919 1921/1921 1922/1922
f 1923/1923 1924/1924 1925/1925
f 1926/1926 1927/1927 1928/1928
f 1929/1929 1930/1930 1931/1931
f 1929/1929 1931/1931 1932/1932
f 1933/1933 1934/1934 1935/1935
f 1936/1936 1937/1937 1938/1938
f 1939/1939 1940/1940 1941/1941
f 1939/1939 1941/1941 1942/1942
f 1943/1943 1944/1944 1945/1945
f 1946/1946 1947/1947 1948/1948
f 1949/1949 1950/1950 1951/1951
f 1949/1949 1951/1951 1952/1952
f 1953/1953 1954/1954 1955/1955
f 1956/1956 1957/1957 1958/1958
f 1959/1959 1960/1960 1961/1961
f 1959/1959 1961/1961 1962/1962
f 1963/1963 1964/1964 1965/1965
f 1966/1966 1967/1967 1968/1968
f 1969/1969 1970/1970 1971/1971
f 1969/1969 1971/1971 1972/1972
f 1973/1973 1974/1974 1975/1975
f 1976/1976 1977/1977 1978/1978
f 1979/1979 1980/1980 1981/1981
f 1979/1979 1981/1981 1982/1982
f 1983/1983 1984/1984 1985/1985
f 1986/1986 1987/1987 1988/1988
f 1989/1989 1990/1990 1991/1991
f 1989/1989 1991/1991 1992/1992
f 1993/1993 1994/1994 1995/1995
f 1996/1996 1997/1997 1998/1998
f 1999/1999 2000/2000 2001/2001
f 1999/1999 2001/2001 2002/2002
f 2003/2003 2004/2004 2005/2005
f 2006/2006 2007/2007 2008/2008
f 2009/2009 2010/2010 2011/2011
f 2009/2009 2011/2011 2012/2012
f 2013/2013 2014/2014 2015/2015
f 2016/2016 2017/2017 2018/2018
f 2019/2019 2020/2020 2021/2021
f 2019/2019 2021/2021 2022/2022
f 2023/2023 2024/2024 2025/2025
f 2026/2026 2027/2027 2028/2028
f 2029/2029 2030/2030 2031/2031
f 2029/2029 2031/2031 2032/2032
f 2033/2033 2034/2034 2035/2035
f 2036/2036 2037/2037 2038/2038
f 2039/2039 2040/2040 2041/2041
f 2039/2039 2041/2041 2042/2042
f 2043/2043 2044/2044 2045/2045
f 2046/2046 2047/2047 2048/2048
f 2049/2049 2050/2050 2051/2051
f 2049/2049 2051/2051 2052/2052
f 2053/2053 2054/2054 2055/2055
f 2056/2056 2057/2057 2058/2058
f 2059/2059 2060/2060 2061/2061
f 2059/2059 2061/2061 2062/2062
f 2063/2063 2064/2064 2065/2065
f 2066/2066 2067/2067 2068/2068
f 2069/2069 2070/2070 2071/2071
f 2069/2069 2071/2071 2072/2072
f 2073/2073 2074/2074 2075/2075
f 2076/2076 2077/2077 2078/2078
f 2079/2079 2080/2080 2081/2081
f 2079/2079 2081/2081 2082/2082
f 2083/2083 2084/2084 2085/2085
f 2086/2086 2087/2087 2088/2088
f 2089/2089 2090/2090 2091/2091
f 2089/2089 2091/2091 2092/2092
f 2093/2093 2094/2094 2095/2095
f 2096/2096 2097/2097 2098/2098
f 2099/2099 2100/2100 2101/2101
f 2099/2099 2101/2101 2102/2102
f 2103/2103 2104/2104 2105/2105
f 2106/2106 2107/2107 2108/2108
f 2109/2109 2110/2110 2111/2111
f 2109/2109 2111/2111 2112/2112
f 2113/2113 2114/2114 2115/2115
f 2116/2116 2117/2117 2118/2118
f 2119/2119 2120/2120 2121/2121
f 2119/2119 2121/2121 2122/2122
f 2123/2123 2124/2124 2125/2125
f 2126/2126 2127/2127 2128/2128
f 2129/2129 2130/2130 2131/2131
f 2129/2129 2131/2131 2132/2132
f 2133/2133 2134/2134 2135/2135
f 2136/2136 2137/2137 2138/2138
f 2139/2139 2140/2140 2141/2141
f 2139/2139 2141/2141 2142/2142
f 2143/2143 2144/2144 2145/2145
f 2146/2146 2147/2147 2148/2148
f 2149/2149 2150/2150 2151/2151
f 2149/2149 2151/2151 2152/2152
f 2153/2153 2154/2154 2155/2155
f 2156/2156 2157/2157 2158/2158
f 2159/2159 2160/2160 2161/2161
f 2159/2159 2161/2161 2162/2162
f 2163/2163 2164/2164 2165/2165
f 2166/2166 2167/2167 2168/2168
f 2169/2169 2170/2170 2171/2171
f 2169/2169 2171/2171 2172/2172
f 2173/2173 2174/2174 2175/2175
f 2176/2176 2177/2177 2178/2178
f 2179/2179 2180/2180 2181/2181
f 2179/2179 2181/2181 2182/2182
f 2183/2183 2184/2184 2185/2185
f 2186/2186 2187/2187 2188/2188
f 2189/2189 2190/2190 2191/2191
f 2189/2189 2191/2191 2192/2192
f 2193/2193 2194/2194 2195/2195
f 2196/2196 2197/2197 2198/2198
f 2199/2199 2200/2200 2201/2201
f 2199/2199 2201/2201 2202/2202
f 2203/2203 2204/2204 2205/2205
f 2206/2206 2207/2207 2208/2208
f 2209/2209 2210/2210 2211/2211
f 2209/2209 2211/2211 2212/2212
f 2213/2213 2214/2214 2215/2215
f 2216/2216 2217/2217 2218/2218
f 2219/2219 2220/2220 2221/2221
f 2219/2219 2221/2221 2222/2222
f 2223/2223 2224/2224 2225/2225
f 2226/2226 2227/2227 2228/2228
f 2229/2229 2230/2230 2231/2231
f 2229/2229 2231/2231 2232/2232
f 2233/2233 2234/2234 2235/2235
f 2236/2236 2237/2237 2238/2238
f 2239/2239 2240/2240 2241/2241
f 2239/2239 2241/2241 2242/2242
f 2243/2243 2244/2244 2245/2245
f 2246/2246 2247/2247 2248/2248
f 2249/2249 2250/2250 2251/2251
f 2249/2249 2251/2251 2252/2252
f 2253/2253 2254/2254 2255/2255
f 2256/2256 2257/2257 2258/2258
f 2259/2259 2260/2260 2261/2261
f 2259/2259 2261/2261 2262/2262
f 2263/2263 2264/2264 2265/2265
f 2266/2266 2267/2267 2268/2268
f 2269/2269 2270/2270 2271/2271
f 2269/2269 2271/2271 2272/2272
f 2273/2273 2274/2274 2275/2275
f 2276/2276 2277/2277 2278/2278
f 2279/2279 2280/2280 2281/2281
f 2279/2279 2281/2281 2282/2282
f 2283/2283 2284/2284 2285/2285
f 2286/2286 2287/2287 2288/2288
f 2289/2289 2290/2290 2291/2291
f 2289/2289 2291/2291 2292/2292
f 2293/2293 2294/2294 2295/2295
f 2296/2296 2297/2297 2298/2298
f 2299/2299 2300/2300 2301/2301
f 2299/2299 2301/2301 2302/2302
f 2303/2303 2304/2304 2305/2305
f 2306/2306 2307/2307 2308/2308
f 2309/2309 2310/2310 2311/2311
f 2309/2309 2311/2311 2312/2312
f 2313/2313 2314/2314 2315/2315
f 2316/2316 2317/2317 2318/2318
f 2319/2319 2320/2320 2321/2321
f 2319/2319 2321/2321 2322/2322
f 2323/2323 2324/2324 2325/2325
f 2326/2326 2327/2327 2328/2328
f 2329/2329 2330/2330 2331/2331
f 2329/2329 2331/2331 2332/2332
f 2333/2333 2334/2334 2335/2335
f 2336/2336 2337/2337 2338/2338
f 2339/2339 2340/2340 2341/2341
f 2339/2339 2341/2341 2342/2342
f 2343/2343 2344/2344 2345/2345
f 2346/2346 2347/2347 2348/2348
f 2349/2349 2350/2350 2351/2351
f 2349/2349 2351/2351 2352/2352
f 2353/2353 2354/2354 2355/2355
f 2356/2356 2357/2357 2358/2358
f 2359/2359 2360/2360 2361/2361
f 2359/2359 2361/2361 2362/2362
f 2363/2363 2364/2364 2365/2365
f 2366/2366 2367/2367 2368/2368
f 2369/2369 2370/2370 2371/2371
f 2369/2369 2371/2371 2372/2372
f 2373/2373 2374/2374 2375/2375
f 2376/2376 2377/2377 2378/2378
f 2379/2379 2380/2380 2381/2381
f 2379/2379 2381/2381 2382/2382
f 2383/2383 2384/2384 2385/2385
f 2386/2386 2387/2387 2388/2388
f 2389/2389 2390/2390 2391/2391
f 2389/2389 2391/2391 2392/2392
f 2393/2393 2394/2394 2395/2395
f 2396/2396 2397/2397 2398/2398
f 2399/2399 2400/2400 2401/2401
f 2399/2399 2401/2401 2402/2402
f 2403/2403 2404/2404 2405/2405
f 2406/2406 2407/2407 2408/2408
f 2409/2409 2410/2410 2411/2411
f 2409/2409 2411/2411 2412/2412
f 2413/2413 2414/2414 2415/2415
f 2416/2416 2417/2417 2418/2418
f 2419/2419 2420/2420 2421/2421
f 2419/2419 2421/2421 2422/2422
f 2423/2423 2424/2424 2425/2425
f 2426/2426 2427/2427 2428/2428
f 2429/2429 2430/2430 2431/2431
f 2429/2429 2431/2431 2432/2432
f 2433/2433 2434/2434 2435/2435
f 2436/2436 2437/2437 2438/2438
f 2439/2439 2440/2440 2441/2441
f 2439/2439 2441/2441 2442/2442
f 2443/2443 2444/2444 2445/2445
f 2446/2446 2447/2447 2448/2448
f 2449/2449 2450/2450 2451/2451
f 2449/2449 2451/2451 2452/2452
f 2453/2453 2454/2454 2455/2455
f 2456/2456 2457/2457 2458/2458
f 2459/2459 2460/2460 2461/2461
f 2459/2459 2461/2461 2462/2462
f 2463/2463 2464/2464 2465/2465
f 2466/2466 2467/2467 2468/2468
f 2469/2469 2470/2470 2471/2471
f 2469/2469 2471/2471 2472/2472
f 2473/2473 2474/2474 2475/2475
f 2476/2476 2477/2477 2478/2478
f 2479/2479 2480/2480 2481/2481
f 2479/2479 2481/2481 2482/2482
f 2483/2483 2484/2484 2485/2485
f 2486/2486 2487/2487 2488/2488
f 2489/2489 2490/2490 2491/2491
f 2489/2489 2491/2491 2492/2492
f 2493/2493 2494/2494 2495/2495
f 2496/2496 2497/2497 2498/2498
f 2499/2499 2500/2500 2501/2501
f 2499/2499 2501/2501 2502/2502
f 2503/2503 2504/2504 2505/2505
f 2506/2506 2507/2507 2508/2508
f 2509/2509 2510/2510 2511/2511
f 2509/2509 2511/2511 2512/2512
f 2513/2513 2514/2514 2515/2515
f 2516/2516 2517/2517 2518/2518
f 2519/2519 2520/2520 2521/2521
f 2519/2519 2521/2521 2522/2522
f 2523/2523 2524/2524 2525/2525
f 2526/2526 2527/2527 2528/2528
f 2529/2529 2530/2530 2531/2531
f 2529/2529 2531/2531 2532/2532
f 2533/2533 2534/2534 2535/2535
f 2536/2536 2537/2537 2538/2538
f 2539/2539 2540/2540 2541/2541
f 2539/2539 2541/2541 2542/2542
f 2543/2543 2544/2544 2545/2545
f 2546/2546 2547/2547 2548/2548
f 2549/2549 2550/2550 2551/2551
f 2549/2549 2551/2551 2552/2552
f 2553/2553 2554/2554 2555/2555
f 2556/2556 2557/2557 2558/2558
f 2559/2559 2560/2560 2561/2561
f 2559/2559 2561/2561 2562/2562
f 2563/2563 2564/2564 2565/2565
f 2566/2566 2567/2567 2568/2568
f 2569/2569 2570/2570 2571/2571
f 2569/2569 2571/2571 2572/2572
f 2573/2573 2574/2574 2575/2575
f 2576/2576 2577/2577 2578/2578
f 2579/2579 2580/2580 2581/2581
f 2579/2579 2581/2581 2582/2582
f 2583/2583 2584/2584 2585/2585
f 2586/2586 2587/2587 2588/2588
f 2589/2589 2590/2590 2591/2591
f 2589/2589 2591/2591 2592/2592
f 2593/2593 2594/2594 2595/2595
f 2596/2596 2597/2597 2598/2598
f 2599/2599 2600/2600 2601/2601
f 2599/2599 2601/2601 2602/2602
f 2603/2603 2604/2604 2605/2605
f 2606/2606 2607/2607 2608/2608
f 2609/2609 2610/2610 2611/2611
f 2609/2609 2611/2611 2612/2612
f 2613/2613 2614/2614 2615/2615
f 2616/2616 2617/2617 2618/2618
f 2619/2619 2620/2620 2621/2621
f 2619/2619 2621/2621 2622/2622
f 2623/2623 2624/2624 2625/2625
f 2626/2626 2627/2627 2628/2628
f 2629/2629 2630/2630 2631/2631
f 2629/2629 2631/2631 2632/2632
f 2633/2633 2634/2634 2635/2635
f 2636/2636 2637/2637 2638/2638
f 2639/2639 2640/2640 2641/2641
f 2639/2639 2641/2641 2642/2642
f 2643/2643 2644/2644 2645/2645
f 2646/2646 2647/2647 2648/2648
f 2649/2649 2650/2650 2651/2651
f 2649/2649 2651/2651 2652/2652
f 2653/2653 2654/2654 2655/2655
f 2656/2656 2657/2657 2658/2658
f 2659/2659 2660/2660 2661/2661
f 2659/2659 2661/2661 2662/2662
f 2663/2663 2664/2664 2665/2665
f 2666/2666 2667/2667 2668/2668
f 2669/2669 2670/2670 2671/2671
f 2669/2669 2671/2671 2672/2672
f 2673/2673 2674/2674 2675/2675
f 2676/2676 2677/2677 2678/2678
f 2679/2679 2680/2680 2681/2681
f 2679/2679 2681/2681 2682/2682
f 2683/2683 2684/2684 2685/2685
f 2686/2686 2687/2687 2688/2688
f 2689/2689 2690/2690 2691/2691
f 2689/2689 2691/2691 2692/2692
f 2693/2693 2694/2694 2695/2695
f 2696/2696 2697/2697 2698/2698
f 2699/2699 2700/2700 2701/2701
f 2699/2699 2701/2701 2702/2702
f 2703/2703 2704/2704 2705/2705
f 2706/2706 2707/2707 2708/2708
f 2709/2709 2710/2710 2711/2711
f 2709/2709 2711/2711 2712/2712
f 2713/2713 2714/2714 2715/2715
f 2716/2716 2717/2717 2718/2718
f 2719/2719 2720/2720 2721/2721
f 2719/2719 2721/2721 2722/2722
f 2723/2723 2724/2724 2725/2725
f 2726/2726 2727/2727 2728/2728
f 2729/2729 2730/2730 2731/2731
f 2729/2729 2731/2731 2732/2732
f 2733/2733 2734/2734 2735/2735
f 2736/2736 2737/2737 2738/2738
f 2739/2739 2740/2740 2741/2741
f 2739/2739 2741/2741 2742/2742
f 2743/2743 2744/2744 2745/2745
f 2746/2746 2747/2747 2748/2748
f 2749/2749 2750/2750 2751/2751
f 2749/2749 2751/2751 2752/2752
f 2753/2753 2754/2754 2755/2755
f 2756/2756 2757/2757 2758/2758
f 2759/2759 2760/2760 2761/2761
f 2759/2759 2761/2761 2762/2762
f 2763/2763 2764/2764 2765/2765
f 2766/2766 2767/2767 2768/2768
f 2769/2769 2770/2770 2771/2771
f 2769/2769 2771/2771 2772/2772
f 2773/2773 2774/2774 2775/2775
f 2776/2776 2777/2777 2778/2778
f 2779/2779 2780/2780 2781/2781
f 2779/2779 2781/2781 2782/2782
f 2783/2783 2784/2784 2785/2785
f 2786/2786 2787/2787 2788/2788
f 2789/2789 2790/2790 2791/2791
f 2789/2789 2791/2791 2792/2792
f 2793/2793 2794/2794 2795/2795
f 2796/2796 2797/2797 2798/2798
f 2799/2799 2800/2800 2801/2801
f 2799/2799 2801/2801 2802/2802
f 2803/2803 2804/2804 2805/2805
f 2806/2806 2807/2807 2808/2808
f 2809/2809 2810/2810 2811/2811
f 2809/2809 2811/2811 2812/2812
f 2813/2813 2814/2814 2815/2815
f 2816/2816 2817/2817 2818/2818
f 2819/2819 2820/2820 2821/2821
f 2819/2819 2821/2821 2822/2822
f 2823/2823 2824/2824 2825/2825
f 2826/2826 2827/2827 2828/2828
f 2829/2829 2830/2830 2831/2831
f 2829/2829 2831/2831 2832/2832
f 2833/2833 2834/2834 2835/2835
f 2836/2836 2837/2837 2838/2838
f 2839/2839 2840/2840 2841/2841
f 2839/2839 2841/2841 2842/2842
f 2843/2843 2844/2844 2845/2845
f 2846/2846 2847/2847 2848/2848
f 2849/2849 2850/2850 2851/2851
f 2849/2849 2851/2851 2852/2852
f 2853/2853 2854/2854 2855/2855
f 2856/2856 2857/2857 2858/2858
f 2859/2859 2860/2860 2861/2861
f 2859/2859 2861/2861 2862/2862
f 2863/2863 2864/2864 2865/2865
f 2866/2866 2867/2867 2868/2868
f 2869/2869 2870/2870 2871/2871
f 2869/2869 2871/2871 2872/2872
f 2873/2873 2874/2874 2875/2875
f 2876/2876 2877/2877 2878/2878
f 2879/2879 2880/2880 2881/2881
f 2879/2879 2881/2881 2882/2882
f 2883/2883 2884/2884 2885/2885
f 2886/2886 2887/2887 2888/2888
f 2889/2889 2890/2890 2891/2891
f 2889/2889 2891/2891 2892/2892
f 2893/2893 2894/2894 2895/2895
f 2896/2896 2897/2897 2898/2898
f 2899/2899 2900/2900 2901/2901
f 2899/2899 2901/2901 2902/2902
f 2903/2903 2904/2904 2905/2905
f 2906/2906 2907/2907 2908/2908
f 2909/2909 2910/2910 2911/2911
f 2909/2909 2911/2911 2912/2912
f 2913/2913 2914/2914 2915/2915
f 2916/2916 2917/2917 2918/2918
f 2919/2919 2920/2920 2921/2921
f 2919/2919 2921/2921 2922/2922
f 2923/2923 2924/2924 2925/2925
f 2926/2926 2927/2927 2928/2928
f 2929/2929 2930/2930 2931/2931
f 2929/2929 2931/2931 2932/2932
f 2933/2933 2934/2934 2935/2935
f 2936/2936 2937/2937 2938/2938
f 2939/2939 2940/2940 2941/2941
f 2939/2939 2941/2941 2942/2942
f 2943/2943 2944/2944 2945/2945
f 2946/2946 2947/2947 2948/2948
f 2949/2949 2950/2950 2951/2951
f 2949/2949 2951/2951 2952/2952
f 2953/2953 2954/2954 2955/2955
f 2956/2956 2957/2957 2958/2958
f 2959/2959 2960/2960 2961/2961
f 2959/2959 2961/2961 2962/2962
f 2963/2963 2964/2964 2965/2965
f 2966/2966 2967/2967 2968/2968
f 2969/2969 2970/2970 2971/2971
f 2969/2969 2971/2971 2972/2972
f 2973/2973 2974/2974 2975/2975
f 2976/2976 2977/2977 2978/2978
f 2979/2979 2980/2980 2981/2981
f 2979/2979 2981/2981 2982/2982
f 2983/2983 2984/2984 2985/2985
f 2986/2986 2987/2987 2988/2988
f 2989/2989 2990/2990 2991/2991
f 2989/2989 2991/2991 2992/2992
f 2993/2993 2994/2994 2995/2995
f 2996/2996 2997/2997 2998/2998
f 2999/2999 3000/3000 3001/3001
f 2999/2999 3001/3001 3002/3002
f 3003/3003 3004/3004 3005/3005
f 3006/3006 3007/3007 3008/3008
f 3009/3009 3010/3010 3011/3011
f 3009/3009 3011/3011 3012/3012
f 3013/3013 3014/3014 3015/3015
f 3016/3016 3017/3017 3018/3018
f 3019/3019 3020/3020 3021/3021
f 3019/3019 3021/3021 3022/3022
f 3023/3023 3024/3024 3025/3025
f 3026/3026 3027/3027 3028/3028
f 3029/3029 3030/3030 3031/3031
f 3029/3029 3031/3031 3032/3032
f 3033/3033 3034/3034 3035/3035
f 3036/3036 3037/3037 3038/3038
f 3039/3039 3040/3040 3041/3041
f 3039/3039 3041/3041 3042/3042
f 3043/3043 3044/3044 3045/3045
f 3046/3046 3047/3047 3048/3048
f 3049/3049 3050/3050 3051/3051
f 3049/3049 3051/3051 3052/3052
f 3053/3053 3054/3054 3055/3055
f 3056/3056 3057/3057 3058/3058
f 3059/3059 3060/3060 3061/3061
f 3059/3059 3061/3061 3062/3062
f 3063/3063 3064/3064 3065/3065
f 3066/3066 3067/3067 3068/3068
f 3069/3069 3070/3070 3071/3071
f 3069/3069 3071/3071 3072/3072
f 3073/3073 3074/3074 3075/3075
f 3076/3076 3077/3077 3078/3078
f 3079/3079 3080/3080 3081/3081
f 3079/3079 3081/3081 3082/3082
f 3083/3083 3084/3084 3085/3085
f 3086/3086 3087/3087 3088/3088
f 3089/3089 3090/3090 3091/3091
f 3089/3089 3091/3091 3092/3092
f 3093/3093 3094/3094 3095/3095
f 3096/3096 3097/3097 3098/3098
f 3099/3099 3100/3100 3101/3101
f 3099/3099 3101/3101 3102/3102
f 3103/3103 3104/3104 3105/3105
f 3106/3106 3107/3107 3108/3108
f 3109/3109 3110/3110 3111/3111
f 3109/3109 3111/3111 3112/3112
f 3113/3113 3114/3114 3115/3115
f 3116/3116 3117/3117 3118/3118
f 3119/3119 3120/3120 3121/3121
f 3119/3119 3121/3121 3122/3122
f 3123/3123 3124/3124 3125/3125
f 3126/3126 3127/3127 3128/3128
f 3129/3129 3130/3130 3131/3131
f 3129/3129 3131/3131 3132/3132
f 3133/3133 3134/3134 3135/3135
f 3136/3136 3137/3137 3138/3138
f 3139/3139 3140/3140 3141/3141
f 3139/3139 3141/3141 3142/3142
f 3143/3143 3144/3144 3145/3145
f 3146/3146 3147/3147 3148/3148
f 3149/3149 3150/3150 3151/3151
f 3149/3149 3151/3151 3152/3152
f 3153/3153 3154/3154 3155/3155
f 3156/3156 3157/3157 3158/3158
f 3159/3159 3160/3160 3161/3161
f 3159/3159 3161/3161 3162/3162
f 3163/3163 3164/3164 3165/3165
f 3166/3166 3167/3167 3168/3168
f 3169/3169 3170/3170 3171/3171
f 3169/3169 3171/3171 3172/3172
f 3173/3173 3174/3174 3175/3175
f 3176/3176 3177/3177 3178/3178
f 3179/3179 3180/3180 3181/3181
f 3179/3179 3181/3181 3182/3182
f 3183/3183 3184/3184 3185/3185
f 3186/3186 3187/3187 3188/3188
f 3189/3189 3190/3190 3191/3191
f 3189/3189 3191/3191 3192/3192
f 3193/3193 3194/3194 3195/3195
f 3196/3196 3197/3197 3198/3198
f 3199/3199 3200/3200 3201/3201
f 3199/3199 3201/3201 3202/3202
f 3203/3203 3204/3204 3205/3205
f 3206/3206 3207/3207 3208/3208
f 3209/3209 3210/3210 3211/3211
f 3209/3209 3211/3211 3212/3212
f 3213/3213 3214/3214 3215/3215
f 3216/3216 3217/3217 3218/3218
f 3219/3219 3220/3220 3221/3221
f 3219/3219 3221/3221 3222/3222
f 3223/3223 3224/3224 3225/3225
f 3226/3226 3227/3227 3228/3228
f 3229/3229 3230/3230 3231/3231
f 3229/3229 3231/3231 3232/3232
f 3233/3233 3234/3234 3235/3235
f 3236/3236 3237/3237 3238/3238
f 3239/3239 3240/3240 3241/3241
f 3239/3239 3241/3241 3242/3242
f 3243/3243 3244/3244 3245/3245
f 3246/3246 3247/3247 3248/3248
f 3249/3249 3250/3250 3251/3251
f 3249/3249 3251/3251 3252/3252
f 3253/3253 3254/3254 3255/3255
f 3256/3256 3257/3257 3258/3258
f 3259/3259 3260/3260 3261/3261
f 3259/3259 3261/3261 3262/3262
f 3263/3263 3264/3264 3265/3265
f 3266/3266 3267/3267 3268/3268
f 3269/3269 3270/3270 3271/3271
f 3269/3269 3271/3271 3272/3272
f 3273/3273 3274/3274 3275/3275
f 3276/3276 3277/3277 3278/3278
f 3279/3279 3280/3280 3281/3281
f 3279/3279 3281/3281 3282/3282
f 3283/3283 3284/3284 3285/3285
f 3286/3286 3287/3287 3288/3288
f 3289/3289 3290/3290 3291/3291
f 3289/3289 3291/3291 3292/3292
f 3293/3293 3294/3294 3295/3295
f 3296/3296 3297/3297 3298/3298
f 3299/3299 3300/3300 3301/3301
f 3299/3299 3301/3301 3302/3302
f 3303/3303 3304/3304 3305/3305
f 3306/3306 3307/3307 3308/3308
f 3309/3309 3310/3310 3311/3311
f 3309/3309 3311/3311 3312/3312
f 3313/3313 3314/3314 3315/3315
f 3316/3316 3317/3317 3318/3318
f 3319/3319 3320/3320 3321/3321
f 3319/3319 3321/3321 3322/3322
f 3323/3323 3324/3324 3325/3325
f 3326/3326 3327/3327 3328/3328
f 3329/3329 3330/3330 3331/3331
f 3329/3329 3331/3331 3332/3332
f 3333/3333 3334/3334 3335/3335
f 3336/3336 3337/3337 3338/3338
f 3339/3339 3340/3340 3341/3341
f 3339/3339 3341/3341 3342/3342
f 3343/3343 3344/3344 3345/3345
f 3346/3346 3347/3347 3348/3348
f 3349/3349 3350/3350 3351/3351
f 3349/3349 3351/3351 3352/3352
f 3353/3353 3354/3354 3355/3355
f 3356/3356 3357/3357 3358/3358
f 3359/3359 3360/3360 3361/3361
f 3359/3359 3361/3361 3362/3362
f 3363/3363 3364/3364 3365/3365
f 3366/3366 3367/3367 3368/3368
f 3369/3369 3370/3370 3371/3371
f 3369/3369 3371/3371 3372/3372
f 3373/3373 3374/3374 3375/3375
f 3376/3376 3377/3377 3378/3378
f 3379/3379 3380/3380 3381/3381
f 3379/3379 3381/3381 3382/3382
f 3383/3383 3384/3384 3385/3385
f 3386/3386 3387/3387 3388/3388
f 3389/3389 3390/3390 3391/3391
f 3389/3389 3391/3391 3392/3392
f 3393/3393 3394/3394 3395/3395
f 3396/3396 3397/3397 3398/3398
f 3399/3399 3400/3400 3401/3401
f 3399/3399 3401/3401 3402/3402
f 3403/3403 3404/3404 3405/3405
f 3406/3406 3407/3407 3408/3408
f 3409/3409 3410/3410 3411/3411
f 3409/3409 3411/3411 3412/3412
f 3413/3413 3414/3414 3415/3415
f 3416/3416 3417/3417 3418/3418
f 3419/3419 3420/3420 3421/3421
f 3419/3419 3421/3421 3422/3422
f 3423/3423 3424/3424 3425/3425
f 3426/3426 3427/3427 3428/3428
f 3429/3429 3430/3430 3431/3431
f 3429/3429 3431/3431 3432/3432
f 3433/3433 3434/3434 3435/3435
f 3436/3436 3437/3437 3438/3438
f 3439/3439 3440/3440 3441/3441
f 3439/3439 3441/3441 3442/3442
f 3443/3443 3444/3444 3445/3445
f 3446/3446 3447/3447 3448/3448
f 3449/3449 3450/3450 3451/3451
f 3449/3449 3451/3451 3452/3452
f 3453/3453 3454/3454 3455/3455
f 3456/3456 3457/3457 3458/3458
f 3459/3459 3460/3460 3461/3461
f 3459/3459 3461/3461 3462/3462
f 3463/3463 3464/3464 3465/3465
f 3466/3466 3467/3467 3468/3468
f 3469/3469 3470/3470 3471/3471
f 3469/3469 3471/3471 3472/3472
f 3473/3473 3474/3474 3475/3475
f 3476/3476 3477/3477 3478/3478
f 3479/3479 3480/3480 3481/3481
f 3479/3479 3481/3481 3482/3482
f 3483/3483 3484/3484 3485/3485
f 3486/3486 3487/3487 3488/3488
f 3489/3489 3490/3490 3491/3491
f 3489/3489 3491/3491 3492/3492
f 3493/3493 3494/3494 3495/3495
f 3496/3496 3497/3497 3498/3498
f 3499/3499 3500/3500 3501/3501
f 3499/3499 3501/3501 3502/3502
f 3503/3503 3504/3504 3505/3505
f 3506/3506 3507/3507 3508/3508
f 3509/3509 3510/3510 3511/3511
f 3509/3509 3511/3511 3512/3512
f 3513/3513 3514/3514 3515/3515
f 3516/3516 3517/3517 3518/3518
f 3519/3519 3520/3520 3521/3521
f 3519/3519 3521/3521 3522/3522
f 3523/3523 3524/3524 3525/3525
f 3526/3526 3527/3527 3528/3528
f 3529/3529 3530/3530 3531/3531
f 3529/3529 3531/3531 3532/3532
f 3533/3533 3534/3534 3535/3535
f 3536/3536 3537/3537 3538/3538
usemtl masonry
f 1/1 2/2 3/3
f 1/1 3/3 4/4
f 5/5 6/6 7/7
f 5/5 7/7 8/8
f 9/9 10/10 11/11
f 9/9 11/11 12/12
f 13/13 14/14 15/15
f 13/13 15/15 16/16
f 17/17 18/18 19/19
f 17/17 19/19 20/20
f 21/21 22/22 23/23
f 21/21 23/23 24/24
f 25/25 26/26 27/27
f 25/25 27/27 28/28
f 29/29 30/30 31/31
f 29/29 31/31 32/32
f 33/33 34/34 35/35
f 33/33 35/35 36/36
f 37/37 38/38 39/39
f 37/37 39/39 40/40
f 41/41 42/42 43/43
f 41/41 43/43 44/44
f 45/45 46/46 47/47
f 45/45 47/47 48/48
f 193/193 194/194 195/195
f 193/193 195/195 196/196
f 197/197 198/198 199/199
f 197/197 199/199 200/200
f 201/201 202/202 203/203
f 201/201 203/203 204/204
f 205/205 206/206 207/207
f 205/205 207/207 208/208
f 209/209 210/210 211/211
f 209/209 211/211 212/212
f 213/213 214/214 215/215
f 213/213 215/215 216/216
f 409/409 410/410 411/411
f 409/409 411/411 412/412
f 413/413 414/414 415/415
f 413/413 415/415 416/416
f 417/417 418/418 419/419
f 417/417 419/419 420/420
f 421/421 422/422 423/423
f 421/421 423/423 424/424
f 425/425 426/426 427/427
f 425/425 427/427 428/428
f 429/429 430/430 431/431
f 429/429 431/431 432/432
f 481/481 482/482 483/483
f 481/481 483/483 484/484
f 485/485 486/486 487/487
f 485/485 487/487 488/488
f 489/489 490/490 491/491
f 489/489 491/491 492/492
f 493/493 494/494 495/495
f 493/493 495/495 496/496
f 497/497 498/498 499/499
f 497/497 499/499 500/500
f 501/501 502/502 503/503
f 501/501 503/503 504/504
f 577/577 578/578 579/579
f 577/577 579/579 580/580
f 581/581 582/582 583/583
f 581/581 583/583 584/584
f 585/585 586/586 587/587
f 585/585 587/587 588/588
f 589/589 590/590 591/591
f 589/589 591/591 592/592
f 593/593 594/594 595/595
f 593/593 595/595 596/596
f 597/597 598/598 599/599
f 597/597 599/599 600/600
f 649/649 650/650 651/651
f 649/649 651/651 652/652
f 653/653 654/654 655/655
f 653/653 655/655 656/656
f 657/657 658/658 659/659
f 657/657 659/659 660/660
f 661/661 662/662 663/663
f 661/661 663/663 664/664
f 665/665 666/666 667/667
f 665/665 667/667 668/668
f 669/669 670/670 671/671
f 669/669 671/671 672/672
f 697/697 698/698 699/699
f 697/697 699/699 700/700
f 701/701 702/702 703/703
f 701/701 703/703 704/704
f 705/705 706/706 707/707
f 705/705 707/707 708/708
f 709/709 710/710 711/711
f 709/709 711/711 712/712
f 713/713 714/714 715/715
f 713/713 715/715 716/716
f 717/717 718/718 719/719
f 717/717 719/719 720/720
f 769/769 770/770 771/771
f 769/769 771/771 772/772
f 773/773 774/774 775/775
f 773/773 775/775 776/776
f 777/777 778/778 779/779
f 777/777 779/779 780/780
f 781/781 782/782 783/783
f 781/781 783/783 784/784
f 785/785 786/786 787/787
f 785/785 787/787 788/788
f 789/789 790/790 791/791
f 789/789 791/791 792/792
f 865/865 866/866 867/867
f 865/865 867/867 868/868
f 869/869 870/870 871/871
f 869/869 871/871 872/872
f 873/873 874/874 875/875
f 873/873 875/875 876/876
f 877/877 878/878 879/879
f 877/877 879/879 880/880
f 881/881 882/882 883/883
f 881/881 883/883 884/884
f 885/885 886/886 887/887
f 885/885 887/887 888/888
f 913/913 914/914 915/915
f 913/913 915/915 916/916
f 917/917 918/918 919/919
f 917/917 919/919 920/920
f 921/921 922/922 923/923
f 921/921 923/923 924/924
f 925/925 926/926 927/927
f 925/925 927/927 928/928
f 929/929 930/930 931/931
f 929/929 931/931 932/932
f 933/933 934/934 935/935
f 933/933 935/935 936/936
f 1033/1033 1034/1034 1035/1035
f 1033/1033 1035/1035 1036/1036
f 1037/1037 1038/1038 1039/1039
f 1037/1037 1039/1039 1040/1040
f 1041/1041 1042/1042 1043/1043
f 1041/1041 1043/1043 1044/1044
f 1045/1045 1046/1046 1047/1047
f 1045/1045 1047/1047 1048/1048
f 1049/1049 1050/1050 1051/1051
f 1049/1049 1051/1051 1052/1052
f 1053/1053 1054/1054 1055/1055
f 1053/1053 1055/1055 1056/1056
f 1201/1201 1202/1202 1203/1203
f 1201/1201 1203/1203 1204/1204
f 1205/1205 1206/1206 1207/1207
f 1205/1205 1207/1207 1208/1208
f 1209/1209 1210/1210 1211/1211
f 1209/1209 1211/1211 1212/1212
f 1213/1213 1214/1214 1215/1215
f 1213/1213 1215/1215 1216/1216
f 1217/1217 1218/1218 1219/1219
f 1217/1217 1219/1219 1220/1220
f 1221/1221 1222/1222 1223/1223
f 1221/1221 1223/1223 1224/1224
f 1249/1249 1250/1250 1251/1251
f 1249/1249 1251/1251 1252/1252
f 1253/1253 1254/1254 1255/1255
f 1253/1253 1255/1255 1256/1256
f 1257/1257 1258/1258 1259/1259
f 1257/1257 1259/1259 1260/1260
f 1261/1261 1262/1262 1263/1263
f 1261/1261 1263/1263 1264/1264
f 1265/1265 1266/1266 1267/1267
f 1265/1265 1267/1267 1268/1268
f 1269/1269 1270/1270 1271/1271
f 1269/1269 1271/1271 1272/1272
f 1417/1417 1418/1418 1419/1419
f 1417/1417 1419/1419 1420/1420
f 1421/1421 1422/1422 1423/1423
f 1421/1421 1423/1423 1424/1424
f 1425/1425 1426/1426 1427/1427
f 1425/1425 1427/1427 1428/1428
f 1429/1429 1430/1430 1431/1431
f 1429/1429 1431/1431 1432/1432
f 1433/1433 1434/1434 1435/1435
f 1433/1433 1435/1435 1436/1436
f 1437/1437 1438/1438 1439/1439
f 1437/1437 1439/1439 1440/1440
