# D_mat_2 (Sightline generated, CENTIMETRES, +Z up)
v 45.97 217.48 4.91
v 49.45 195.83 29.30
v 30.63 169.72 -13.65
v 37.27 194.88 -21.86
v 22.84 219.75 9.64
v 7.73 194.53 -22.26
v 3.24 172.16 -3.73
v 13.98 207.68 34.93
v 45.97 217.48 4.91
v 37.27 194.88 -21.86
v 7.73 194.53 -22.26
v 22.84 219.75 9.64
v 49.45 195.83 29.30
v 13.98 207.68 34.93
v 3.24 172.16 -3.73
v 30.63 169.72 -13.65
v 45.97 217.48 4.91
v 22.84 219.75 9.64
v 13.98 207.68 34.93
v 49.45 195.83 29.30
v 37.27 194.88 -21.86
v 30.63 169.72 -13.65
v 3.24 172.16 -3.73
v 7.73 194.53 -22.26
v -168.54 8.68 2.92
v -167.01 -1.70 -16.34
v -145.66 -11.48 -16.38
v -147.38 -0.76 9.32
v -159.67 19.35 1.79
v -142.51 10.59 9.71
v -140.25 3.78 -17.84
v -160.39 11.35 -20.67
v -168.54 8.68 2.92
v -147.38 -0.76 9.32
v -142.51 10.59 9.71
v -159.67 19.35 1.79
v -167.01 -1.70 -16.34
v -160.39 11.35 -20.67
v -140.25 3.78 -17.84
v -145.66 -11.48 -16.38
v -168.54 8.68 2.92
v -159.67 19.35 1.79
v -160.39 11.35 -20.67
v -167.01 -1.70 -16.34
v -147.38 -0.76 9.32
v -145.66 -11.48 -16.38
v -140.25 3.78 -17.84
v -142.51 10.59 9.71
v 55.26 -324.49 -6.86
v 68.38 -346.31 7.95
v 86.33 -332.17 4.40
v 71.71 -310.17 -7.64
v 61.10 -329.92 -19.10
v 76.37 -312.69 -18.07
v 90.73 -335.31 -3.54
v 71.06 -350.18 -3.02
v 55.26 -324.49 -6.86
v 71.71 -310.17 -7.64
v 76.37 -312.69 -18.07
v 61.10 -329.92 -19.10
v 68.38 -346.31 7.95
v 71.06 -350.18 -3.02
v 90.73 -335.31 -3.54
v 86.33 -332.17 4.40
v 55.26 -324.49 -6.86
v 61.10 -329.92 -19.10
v 71.06 -350.18 -3.02
v 68.38 -346.31 7.95
v 71.71 -310.17 -7.64
v 86.33 -332.17 4.40
v 90.73 -335.31 -3.54
v 76.37 -312.69 -18.07
v -42.01 352.30 -11.85
v -45.85 333.70 2.74
v -71.14 336.78 3.52
v -66.90 360.72 -8.33
v -42.87 363.05 7.51
v -67.19 366.86 5.45
v -75.83 341.67 16.77
v -54.17 339.95 20.51
v -42.01 352.30 -11.85
v -66.90 360.72 -8.33
v -67.19 366.86 5.45
v -42.87 363.05 7.51
v -45.85 333.70 2.74
v -54.17 339.95 20.51
v -75.83 341.67 16.77
v -71.14 336.78 3.52
v -42.01 352.30 -11.85
v -42.87 363.05 7.51
v -54.17 339.95 20.51
v -45.85 333.70 2.74
v -66.90 360.72 -8.33
v -71.14 336.78 3.52
v -75.83 341.67 16.77
v -67.19 366.86 5.45
v 156.08 176.55 -11.78
v 115.42 146.20 -11.78
v 100.73 186.06 -13.94
v 142.01 207.58 -9.97
v 159.22 177.53 13.89
v 139.23 216.95 6.61
v 100.89 191.75 13.64
v 119.81 146.89 21.74
v 156.08 176.55 -11.78
v 142.01 207.58 -9.97
v 139.23 216.95 6.61
v 159.22 177.53 13.89
v 115.42 146.20 -11.78
v 119.81 146.89 21.74
v 100.89 191.75 13.64
v 100.73 186.06 -13.94
v 156.08 176.55 -11.78
v 159.22 177.53 13.89
v 119.81 146.89 21.74
v 115.42 146.20 -11.78
v 142.01 207.58 -9.97
v 100.73 186.06 -13.94
v 100.89 191.75 13.64
v 139.23 216.95 6.61
v -144.33 242.15 7.43
v -157.14 256.31 1.76
v -178.04 241.64 10.16
v -161.88 227.64 14.89
v -149.83 234.91 -5.51
v -164.36 218.95 -1.44
v -179.22 238.98 -3.81
v -162.86 248.31 -8.72
v -144.33 242.15 7.43
v -161.88 227.64 14.89
v -164.36 218.95 -1.44
v -149.83 234.91 -5.51
v -157.14 256.31 1.76
v -162.86 248.31 -8.72
v -179.22 238.98 -3.81
v -178.04 241.64 10.16
v -144.33 242.15 7.43
v -149.83 234.91 -5.51
v -162.86 248.31 -8.72
v -157.14 256.31 1.76
v -161.88 227.64 14.89
v -178.04 241.64 10.16
v -179.22 238.98 -3.81
v -164.36 218.95 -1.44
v 44.39 326.19 6.34
v 51.42 324.60 -12.78
v 70.44 299.04 -10.28
v 69.75 301.07 11.88
v 62.19 340.29 11.68
v 82.82 310.67 17.77
v 86.95 313.03 -8.71
v 62.33 333.39 -17.00
v 44.39 326.19 6.34
v 69.75 301.07 11.88
v 82.82 310.67 17.77
v 62.19 340.29 11.68
v 51.42 324.60 -12.78
v 62.33 333.39 -17.00
v 86.95 313.03 -8.71
v 70.44 299.04 -10.28
v 44.39 326.19 6.34
v 62.19 340.29 11.68
v 62.33 333.39 -17.00
v 51.42 324.60 -12.78
v 69.75 301.07 11.88
v 70.44 299.04 -10.28
v 86.95 313.03 -8.71
v 82.82 310.67 17.77
v -258.61 242.40 39.89
v -230.39 248.36 0.20
v -267.77 234.53 -26.48
v -292.03 228.77 10.83
v -240.28 218.19 36.10
v -273.78 195.60 13.90
v -253.09 195.83 -15.83
v -216.51 213.34 11.05
v -258.61 242.40 39.89
v -292.03 228.77 10.83
v -273.78 195.60 13.90
v -240.28 218.19 36.10
v -230.39 248.36 0.20
v -216.51 213.34 11.05
v -253.09 195.83 -15.83
v -267.77 234.53 -26.48
v -258.61 242.40 39.89
v -240.28 218.19 36.10
v -216.51 213.34 11.05
v -230.39 248.36 0.20
v -292.03 228.77 10.83
v -267.77 234.53 -26.48
v -253.09 195.83 -15.83
v -273.78 195.60 13.90
v -548.72 -62.37 25.60
v -511.22 -23.23 34.91
v -531.78 12.56 11.73
v -573.70 -41.14 4.02
v -518.85 -93.93 -1.29
v -533.70 -54.88 -37.76
v -508.51 -10.64 -21.63
v -484.12 -45.68 21.14
v -548.72 -62.37 25.60
v -573.70 -41.14 4.02
v -533.70 -54.88 -37.76
v -518.85 -93.93 -1.29
v -511.22 -23.23 34.91
v -484.12 -45.68 21.14
v -508.51 -10.64 -21.63
v -531.78 12.56 11.73
v -548.72 -62.37 25.60
v -518.85 -93.93 -1.29
v -484.12 -45.68 21.14
v -511.22 -23.23 34.91
v -573.70 -41.14 4.02
v -531.78 12.56 11.73
v -508.51 -10.64 -21.63
v -533.70 -54.88 -37.76
v -206.86 287.55 5.84
v -200.35 259.06 11.44
v -176.42 262.57 11.09
v -175.06 289.10 11.64
v -202.10 285.32 -12.17
v -178.44 284.37 -9.59
v -179.26 259.49 -14.08
v -204.16 262.39 -13.42
v -206.86 287.55 5.84
v -175.06 289.10 11.64
v -178.44 284.37 -9.59
v -202.10 285.32 -12.17
v -200.35 259.06 11.44
v -204.16 262.39 -13.42
v -179.26 259.49 -14.08
v -176.42 262.57 11.09
v -206.86 287.55 5.84
v -202.10 285.32 -12.17
v -204.16 262.39 -13.42
v -200.35 259.06 11.44
v -175.06 289.10 11.64
v -176.42 262.57 11.09
v -179.26 259.49 -14.08
v -178.44 284.37 -9.59
v -24.87 358.65 -10.41
v -28.25 348.20 16.94
v -57.67 349.42 13.64
v -61.94 351.76 -19.48
v -29.45 379.74 -9.27
v -61.66 383.25 -7.80
v -64.97 366.60 29.68
v -21.44 374.58 26.38
v -24.87 358.65 -10.41
v -61.94 351.76 -19.48
v -61.66 383.25 -7.80
v -29.45 379.74 -9.27
v -28.25 348.20 16.94
v -21.44 374.58 26.38
v -64.97 366.60 29.68
v -57.67 349.42 13.64
v -24.87 358.65 -10.41
v -29.45 379.74 -9.27
v -21.44 374.58 26.38
v -28.25 348.20 16.94
v -61.94 351.76 -19.48
v -57.67 349.42 13.64
v -64.97 366.60 29.68
v -61.66 383.25 -7.80
v -287.60 34.87 -2.79
v -294.23 21.99 35.45
v -277.94 -18.34 18.91
v -274.17 -7.50 -2.12
v -314.87 21.84 -13.73
v -290.45 -18.71 -9.23
v -300.36 -24.36 7.09
v -321.69 11.78 18.99
v -287.60 34.87 -2.79
v -274.17 -7.50 -2.12
v -290.45 -18.71 -9.23
v -314.87 21.84 -13.73
v -294.23 21.99 35.45
v -321.69 11.78 18.99
v -300.36 -24.36 7.09
v -277.94 -18.34 18.91
v -287.60 34.87 -2.79
v -314.87 21.84 -13.73
v -321.69 11.78 18.99
v -294.23 21.99 35.45
v -274.17 -7.50 -2.12
v -277.94 -18.34 18.91
v -300.36 -24.36 7.09
v -290.45 -18.71 -9.23
v 66.17 -180.84 -11.70
v 54.06 -196.01 2.33
v 67.74 -191.82 15.25
v 78.17 -178.73 5.48
v 70.56 -188.39 -11.18
v 86.87 -186.27 1.26
v 70.46 -198.87 17.13
v 59.57 -201.92 0.13
v 66.17 -180.84 -11.70
v 78.17 -178.73 5.48
v 86.87 -186.27 1.26
v 70.56 -188.39 -11.18
v 54.06 -196.01 2.33
v 59.57 -201.92 0.13
v 70.46 -198.87 17.13
v 67.74 -191.82 15.25
v 66.17 -180.84 -11.70
v 70.56 -188.39 -11.18
v 59.57 -201.92 0.13
v 54.06 -196.01 2.33
v 78.17 -178.73 5.48
v 67.74 -191.82 15.25
v 70.46 -198.87 17.13
v 86.87 -186.27 1.26
v -59.23 -91.04 -8.42
v -69.89 -110.46 12.06
v -52.02 -99.03 37.90
v -45.15 -76.43 10.42
v -43.17 -106.67 -7.64
v -31.40 -90.45 6.56
v -42.23 -106.19 28.71
v -56.71 -125.45 12.52
v -59.23 -91.04 -8.42
v -45.15 -76.43 10.42
v -31.40 -90.45 6.56
v -43.17 -106.67 -7.64
v -69.89 -110.46 12.06
v -56.71 -125.45 12.52
v -42.23 -106.19 28.71
v -52.02 -99.03 37.90
v -59.23 -91.04 -8.42
v -43.17 -106.67 -7.64
v -56.71 -125.45 12.52
v -69.89 -110.46 12.06
v -45.15 -76.43 10.42
v -52.02 -99.03 37.90
v -42.23 -106.19 28.71
v -31.40 -90.45 6.56
v -39.31 -178.38 -12.07
v -27.74 -165.99 30.08
v -43.67 -130.68 21.84
v -58.37 -151.58 -12.85
v -4.47 -165.63 -16.16
v -26.64 -127.58 -34.13
v -25.19 -122.70 5.48
v 10.45 -143.51 21.75
v -39.31 -178.38 -12.07
v -58.37 -151.58 -12.85
v -26.64 -127.58 -34.13
v -4.47 -165.63 -16.16
v -27.74 -165.99 30.08
v 10.45 -143.51 21.75
v -25.19 -122.70 5.48
v -43.67 -130.68 21.84
v -39.31 -178.38 -12.07
v -4.47 -165.63 -16.16
v 10.45 -143.51 21.75
v -27.74 -165.99 30.08
v -58.37 -151.58 -12.85
v -43.67 -130.68 21.84
v -25.19 -122.70 5.48
v -26.64 -127.58 -34.13
v 102.08 -100.11 -17.32
v 97.15 -133.19 -18.05
v 68.82 -125.84 -36.39
v 74.33 -99.01 -33.06
v 91.17 -106.83 19.99
v 43.01 -99.91 3.98
v 47.48 -142.95 0.72
v 87.15 -145.25 21.09
v 102.08 -100.11 -17.32
v 74.33 -99.01 -33.06
v 43.01 -99.91 3.98
v 91.17 -106.83 19.99
v 97.15 -133.19 -18.05
v 87.15 -145.25 21.09
v 47.48 -142.95 0.72
v 68.82 -125.84 -36.39
v 102.08 -100.11 -17.32
v 91.17 -106.83 19.99
v 87.15 -145.25 21.09
v 97.15 -133.19 -18.05
v 74.33 -99.01 -33.06
v 68.82 -125.84 -36.39
v 47.48 -142.95 0.72
v 43.01 -99.91 3.98
v -288.62 -178.00 -18.08
v -285.92 -121.63 -37.55
v -274.73 -109.31 9.89
v -273.68 -164.89 17.86
v -311.46 -176.47 -16.73
v -299.53 -170.17 30.97
v -302.57 -108.24 15.89
v -306.54 -119.02 -34.08
v -288.62 -178.00 -18.08
v -273.68 -164.89 17.86
v -299.53 -170.17 30.97
v -311.46 -176.47 -16.73
v -285.92 -121.63 -37.55
v -306.54 -119.02 -34.08
v -302.57 -108.24 15.89
v -274.73 -109.31 9.89
v -288.62 -178.00 -18.08
v -311.46 -176.47 -16.73
v -306.54 -119.02 -34.08
v -285.92 -121.63 -37.55
v -273.68 -164.89 17.86
v -274.73 -109.31 9.89
v -302.57 -108.24 15.89
v -299.53 -170.17 30.97
v -142.07 -248.13 13.39
v -153.04 -257.41 6.23
v -150.10 -243.28 -4.96
v -142.40 -234.36 4.00
v -154.29 -246.54 19.38
v -153.35 -226.49 8.34
v -164.62 -236.72 -2.08
v -163.30 -248.95 8.69
v -142.07 -248.13 13.39
v -142.40 -234.36 4.00
v -153.35 -226.49 8.34
v -154.29 -246.54 19.38
v -153.04 -257.41 6.23
v -163.30 -248.95 8.69
v -164.62 -236.72 -2.08
v -150.10 -243.28 -4.96
v -142.07 -248.13 13.39
v -154.29 -246.54 19.38
v -163.30 -248.95 8.69
v -153.04 -257.41 6.23
v -142.40 -234.36 4.00
v -150.10 -243.28 -4.96
v -164.62 -236.72 -2.08
v -153.35 -226.49 8.34
v 34.87 5.43 15.11
v 67.78 25.85 8.36
v 43.93 53.84 12.30
v 12.16 27.85 20.23
v 22.18 9.85 -9.26
v 5.54 31.31 -2.77
v 42.52 50.94 -9.23
v 56.68 35.12 -14.23
v 34.87 5.43 15.11
v 12.16 27.85 20.23
v 5.54 31.31 -2.77
v 22.18 9.85 -9.26
v 67.78 25.85 8.36
v 56.68 35.12 -14.23
v 42.52 50.94 -9.23
v 43.93 53.84 12.30
v 34.87 5.43 15.11
v 22.18 9.85 -9.26
v 56.68 35.12 -14.23
v 67.78 25.85 8.36
v 12.16 27.85 20.23
v 43.93 53.84 12.30
v 42.52 50.94 -9.23
v 5.54 31.31 -2.77
v -96.32 407.70 8.53
v -107.83 389.62 21.93
v -88.26 374.41 20.21
v -80.03 393.44 -0.92
v -105.07 409.38 -7.26
v -89.28 387.45 -10.79
v -105.66 368.20 6.34
v -117.30 384.54 9.65
v -96.32 407.70 8.53
v -80.03 393.44 -0.92
v -89.28 387.45 -10.79
v -105.07 409.38 -7.26
v -107.83 389.62 21.93
v -117.30 384.54 9.65
v -105.66 368.20 6.34
v -88.26 374.41 20.21
v -96.32 407.70 8.53
v -105.07 409.38 -7.26
v -117.30 384.54 9.65
v -107.83 389.62 21.93
v -80.03 393.44 -0.92
v -88.26 374.41 20.21
v -105.66 368.20 6.34
v -89.28 387.45 -10.79
v 163.74 254.82 32.08
v 193.04 285.60 18.28
v 171.85 297.67 -4.98
v 146.55 266.34 9.51
v 170.16 230.03 14.97
v 150.08 234.55 -5.81
v 172.25 266.62 -23.05
v 204.15 263.06 -1.29
v 163.74 254.82 32.08
v 146.55 266.34 9.51
v 150.08 234.55 -5.81
v 170.16 230.03 14.97
v 193.04 285.60 18.28
v 204.15 263.06 -1.29
v 172.25 266.62 -23.05
v 171.85 297.67 -4.98
v 163.74 254.82 32.08
v 170.16 230.03 14.97
v 204.15 263.06 -1.29
v 193.04 285.60 18.28
v 146.55 266.34 9.51
v 171.85 297.67 -4.98
v 172.25 266.62 -23.05
v 150.08 234.55 -5.81
v 121.75 -0.29 -39.57
v 92.14 33.44 -3.83
v 139.37 61.47 15.85
v 162.75 28.95 -16.99
v 122.31 -18.71 -11.55
v 179.41 -3.36 12.57
v 142.38 28.52 39.66
v 96.24 2.12 29.81
v 121.75 -0.29 -39.57
v 162.75 28.95 -16.99
v 179.41 -3.36 12.57
v 122.31 -18.71 -11.55
v 92.14 33.44 -3.83
v 96.24 2.12 29.81
v 142.38 28.52 39.66
v 139.37 61.47 15.85
v 121.75 -0.29 -39.57
v 122.31 -18.71 -11.55
v 96.24 2.12 29.81
v 92.14 33.44 -3.83
v 162.75 28.95 -16.99
v 139.37 61.47 15.85
v 142.38 28.52 39.66
v 179.41 -3.36 12.57
v 156.32 188.94 -2.24
v 128.62 184.24 -23.55
v 102.48 220.61 -5.56
v 123.92 225.78 28.21
v 134.09 167.17 14.59
v 105.14 194.43 39.38
v 89.97 203.04 11.35
v 116.60 166.84 -18.98
v 156.32 188.94 -2.24
v 123.92 225.78 28.21
v 105.14 194.43 39.38
v 134.09 167.17 14.59
v 128.62 184.24 -23.55
v 116.60 166.84 -18.98
v 89.97 203.04 11.35
v 102.48 220.61 -5.56
v 156.32 188.94 -2.24
v 134.09 167.17 14.59
v 116.60 166.84 -18.98
v 128.62 184.24 -23.55
v 123.92 225.78 28.21
v 102.48 220.61 -5.56
v 89.97 203.04 11.35
v 105.14 194.43 39.38
v 110.41 243.17 14.56
v 83.94 235.90 18.32
v 101.03 215.06 17.51
v 121.64 221.69 12.76
v 105.74 242.82 -10.22
v 121.29 224.10 -3.00
v 94.79 213.80 -2.22
v 83.90 236.03 -7.36
v 110.41 243.17 14.56
v 121.64 221.69 12.76
v 121.29 224.10 -3.00
v 105.74 242.82 -10.22
v 83.94 235.90 18.32
v 83.90 236.03 -7.36
v 94.79 213.80 -2.22
v 101.03 215.06 17.51
v 110.41 243.17 14.56
v 105.74 242.82 -10.22
v 83.90 236.03 -7.36
v 83.94 235.90 18.32
v 121.64 221.69 12.76
v 101.03 215.06 17.51
v 94.79 213.80 -2.22
v 121.29 224.10 -3.00
v -121.46 -233.50 -11.08
v -153.44 -231.31 3.15
v -167.58 -191.74 -25.44
v -124.80 -192.05 -39.92
v -106.16 -219.03 3.48
v -122.12 -174.08 -21.61
v -159.71 -172.02 -2.76
v -141.92 -208.09 22.50
v -121.46 -233.50 -11.08
v -124.80 -192.05 -39.92
v -122.12 -174.08 -21.61
v -106.16 -219.03 3.48
v -153.44 -231.31 3.15
v -141.92 -208.09 22.50
v -159.71 -172.02 -2.76
v -167.58 -191.74 -25.44
v -121.46 -233.50 -11.08
v -106.16 -219.03 3.48
v -141.92 -208.09 22.50
v -153.44 -231.31 3.15
v -124.80 -192.05 -39.92
v -167.58 -191.74 -25.44
v -159.71 -172.02 -2.76
v -122.12 -174.08 -21.61
v -125.65 322.87 12.53
v -103.82 322.87 3.25
v -103.14 346.66 4.27
v -123.32 351.53 11.23
v -130.87 322.91 3.79
v -133.40 347.94 -0.26
v -108.44 342.62 -9.93
v -110.41 321.27 -9.71
v -125.65 322.87 12.53
v -123.32 351.53 11.23
v -133.40 347.94 -0.26
v -130.87 322.91 3.79
v -103.82 322.87 3.25
v -110.41 321.27 -9.71
v -108.44 342.62 -9.93
v -103.14 346.66 4.27
v -125.65 322.87 12.53
v -130.87 322.91 3.79
v -110.41 321.27 -9.71
v -103.82 322.87 3.25
v -123.32 351.53 11.23
v -103.14 346.66 4.27
v -108.44 342.62 -9.93
v -133.40 347.94 -0.26
v 193.60 165.87 17.32
v 180.38 196.97 19.35
v 150.92 198.82 7.47
v 158.21 165.06 -2.33
v 191.79 176.52 -10.97
v 163.74 170.23 -26.64
v 155.93 206.67 -12.42
v 193.08 205.50 2.30
v 193.60 165.87 17.32
v 158.21 165.06 -2.33
v 163.74 170.23 -26.64
v 191.79 176.52 -10.97
v 180.38 196.97 19.35
v 193.08 205.50 2.30
v 155.93 206.67 -12.42
v 150.92 198.82 7.47
v 193.60 165.87 17.32
v 191.79 176.52 -10.97
v 193.08 205.50 2.30
v 180.38 196.97 19.35
v 158.21 165.06 -2.33
v 150.92 198.82 7.47
v 155.93 206.67 -12.42
v 163.74 170.23 -26.64
v 58.20 287.97 13.97
v 31.19 273.18 12.61
v 47.67 242.70 7.12
v 68.70 261.08 14.00
v 53.40 288.76 -13.92
v 64.51 262.94 -10.36
v 47.58 247.84 -15.35
v 31.09 272.57 -15.50
v 58.20 287.97 13.97
v 68.70 261.08 14.00
v 64.51 262.94 -10.36
v 53.40 288.76 -13.92
v 31.19 273.18 12.61
v 31.09 272.57 -15.50
v 47.58 247.84 -15.35
v 47.67 242.70 7.12
v 58.20 287.97 13.97
v 53.40 288.76 -13.92
v 31.09 272.57 -15.50
v 31.19 273.18 12.61
v 68.70 261.08 14.00
v 47.67 242.70 7.12
v 47.58 247.84 -15.35
v 64.51 262.94 -10.36
v -1.31 358.82 12.28
v 24.55 350.21 5.37
v 18.97 377.14 -6.13
v -0.02 382.39 2.02
v -16.92 345.33 -10.73
v -12.55 380.65 -17.79
v 14.51 371.36 -28.43
v 13.79 341.66 -10.95
v -1.31 358.82 12.28
v -0.02 382.39 2.02
v -12.55 380.65 -17.79
v -16.92 345.33 -10.73
v 24.55 350.21 5.37
v 13.79 341.66 -10.95
v 14.51 371.36 -28.43
v 18.97 377.14 -6.13
v -1.31 358.82 12.28
v -16.92 345.33 -10.73
v 13.79 341.66 -10.95
v 24.55 350.21 5.37
v -0.02 382.39 2.02
v 18.97 377.14 -6.13
v 14.51 371.36 -28.43
v -12.55 380.65 -17.79
v 120.10 -241.02 -22.51
v 143.30 -259.04 -9.94
v 141.10 -246.39 11.65
v 122.33 -230.78 0.96
v 128.05 -229.14 -21.49
v 128.62 -220.86 -0.13
v 151.58 -238.51 12.09
v 153.57 -247.43 -14.32
v 120.10 -241.02 -22.51
v 122.33 -230.78 0.96
v 128.62 -220.86 -0.13
v 128.05 -229.14 -21.49
v 143.30 -259.04 -9.94
v 153.57 -247.43 -14.32
v 151.58 -238.51 12.09
v 141.10 -246.39 11.65
v 120.10 -241.02 -22.51
v 128.05 -229.14 -21.49
v 153.57 -247.43 -14.32
v 143.30 -259.04 -9.94
v 122.33 -230.78 0.96
v 141.10 -246.39 11.65
v 151.58 -238.51 12.09
v 128.62 -220.86 -0.13
v -113.80 -146.94 24.76
v -78.32 -158.54 -3.20
v -59.69 -125.30 1.43
v -100.73 -109.81 31.87
v -130.22 -138.37 -1.01
v -114.15 -94.98 4.53
v -72.76 -114.09 -17.21
v -89.90 -141.81 -24.79
v -113.80 -146.94 24.76
v -100.73 -109.81 31.87
v -114.15 -94.98 4.53
v -130.22 -138.37 -1.01
v -78.32 -158.54 -3.20
v -89.90 -141.81 -24.79
v -72.76 -114.09 -17.21
v -59.69 -125.30 1.43
v -113.80 -146.94 24.76
v -130.22 -138.37 -1.01
v -89.90 -141.81 -24.79
v -78.32 -158.54 -3.20
v -100.73 -109.81 31.87
v -59.69 -125.30 1.43
v -72.76 -114.09 -17.21
v -114.15 -94.98 4.53
v -125.68 -240.18 4.17
v -114.27 -213.98 -10.42
v -89.83 -233.96 -20.06
v -105.03 -260.06 -5.67
v -113.82 -242.46 16.29
v -94.39 -258.83 7.18
v -80.41 -228.61 -11.38
v -96.55 -212.47 2.48
v -125.68 -240.18 4.17
v -105.03 -260.06 -5.67
v -94.39 -258.83 7.18
v -113.82 -242.46 16.29
v -114.27 -213.98 -10.42
v -96.55 -212.47 2.48
v -80.41 -228.61 -11.38
v -89.83 -233.96 -20.06
v -125.68 -240.18 4.17
v -113.82 -242.46 16.29
v -96.55 -212.47 2.48
v -114.27 -213.98 -10.42
v -105.03 -260.06 -5.67
v -89.83 -233.96 -20.06
v -80.41 -228.61 -11.38
v -94.39 -258.83 7.18
v 147.61 244.28 2.80
v 164.59 247.11 -14.90
v 160.65 226.93 -25.38
v 139.48 222.71 -7.92
v 163.74 231.74 12.60
v 154.01 213.72 -0.63
v 173.59 216.39 -12.80
v 178.12 232.44 -5.57
v 147.61 244.28 2.80
v 139.48 222.71 -7.92
v 154.01 213.72 -0.63
v 163.74 231.74 12.60
v 164.59 247.11 -14.90
v 178.12 232.44 -5.57
v 173.59 216.39 -12.80
v 160.65 226.93 -25.38
v 147.61 244.28 2.80
v 163.74 231.74 12.60
v 178.12 232.44 -5.57
v 164.59 247.11 -14.90
v 139.48 222.71 -7.92
v 160.65 226.93 -25.38
v 173.59 216.39 -12.80
v 154.01 213.72 -0.63
v -144.68 -197.53 -8.53
v -105.51 -228.77 -12.29
v -136.46 -263.55 8.57
v -172.10 -237.84 6.51
v -140.98 -192.22 15.36
v -176.10 -233.44 25.83
v -144.07 -265.18 27.65
v -105.75 -229.07 15.42
v -144.68 -197.53 -8.53
v -172.10 -237.84 6.51
v -176.10 -233.44 25.83
v -140.98 -192.22 15.36
v -105.51 -228.77 -12.29
v -105.75 -229.07 15.42
v -144.07 -265.18 27.65
v -136.46 -263.55 8.57
v -144.68 -197.53 -8.53
v -140.98 -192.22 15.36
v -105.75 -229.07 15.42
v -105.51 -228.77 -12.29
v -172.10 -237.84 6.51
v -136.46 -263.55 8.57
v -144.07 -265.18 27.65
v -176.10 -233.44 25.83
v -156.36 -254.70 5.09
v -174.07 -274.30 1.62
v -183.47 -261.43 -2.40
v -176.75 -243.05 0.71
v -159.63 -259.58 19.46
v -179.43 -242.12 21.56
v -192.29 -258.33 23.11
v -171.26 -274.08 20.31
v -156.36 -254.70 5.09
v -176.75 -243.05 0.71
v -179.43 -242.12 21.56
v -159.63 -259.58 19.46
v -174.07 -274.30 1.62
v -171.26 -274.08 20.31
v -192.29 -258.33 23.11
v -183.47 -261.43 -2.40
v -156.36 -254.70 5.09
v -159.63 -259.58 19.46
v -171.26 -274.08 20.31
v -174.07 -274.30 1.62
v -176.75 -243.05 0.71
v -183.47 -261.43 -2.40
v -192.29 -258.33 23.11
v -179.43 -242.12 21.56
v -248.96 -429.45 -2.90
v -243.38 -419.71 10.95
v -220.48 -404.15 7.45
v -225.52 -409.15 -13.09
v -233.12 -457.28 -9.86
v -205.76 -438.22 -18.11
v -198.80 -434.38 1.35
v -229.37 -448.67 14.54
v -248.96 -429.45 -2.90
v -225.52 -409.15 -13.09
v -205.76 -438.22 -18.11
v -233.12 -457.28 -9.86
v -243.38 -419.71 10.95
v -229.37 -448.67 14.54
v -198.80 -434.38 1.35
v -220.48 -404.15 7.45
v -248.96 -429.45 -2.90
v -233.12 -457.28 -9.86
v -229.37 -448.67 14.54
v -243.38 -419.71 10.95
v -225.52 -409.15 -13.09
v -220.48 -404.15 7.45
v -198.80 -434.38 1.35
v -205.76 -438.22 -18.11
v -142.43 -216.33 -16.56
v -119.24 -200.42 -13.76
v -124.94 -204.54 5.84
v -140.36 -220.50 -0.77
v -155.08 -201.31 -12.90
v -156.96 -210.28 2.41
v -133.66 -189.81 16.76
v -136.12 -181.41 -10.05
v -142.43 -216.33 -16.56
v -140.36 -220.50 -0.77
v -156.96 -210.28 2.41
v -155.08 -201.31 -12.90
v -119.24 -200.42 -13.76
v -136.12 -181.41 -10.05
v -133.66 -189.81 16.76
v -124.94 -204.54 5.84
v -142.43 -216.33 -16.56
v -155.08 -201.31 -12.90
v -136.12 -181.41 -10.05
v -119.24 -200.42 -13.76
v -140.36 -220.50 -0.77
v -124.94 -204.54 5.84
v -133.66 -189.81 16.76
v -156.96 -210.28 2.41
v 176.91 93.05 -14.42
v 197.27 84.80 -13.49
v 196.16 64.94 -14.98
v 174.81 66.86 -22.76
v 177.41 88.28 12.89
v 173.44 55.61 7.58
v 192.24 61.35 4.44
v 193.71 79.41 14.80
v 176.91 93.05 -14.42
v 174.81 66.86 -22.76
v 173.44 55.61 7.58
v 177.41 88.28 12.89
v 197.27 84.80 -13.49
v 193.71 79.41 14.80
v 192.24 61.35 4.44
v 196.16 64.94 -14.98
v 176.91 93.05 -14.42
v 177.41 88.28 12.89
v 193.71 79.41 14.80
v 197.27 84.80 -13.49
v 174.81 66.86 -22.76
v 196.16 64.94 -14.98
v 192.24 61.35 4.44
v 173.44 55.61 7.58
v 20.33 -433.07 -1.93
v 22.48 -416.19 -29.27
v 19.32 -392.92 -20.06
v 26.89 -403.66 13.59
v 4.18 -428.59 1.49
v 9.61 -405.24 17.10
v 2.01 -385.07 -9.46
v -4.79 -415.12 -27.57
v 20.33 -433.07 -1.93
v 26.89 -403.66 13.59
v 9.61 -405.24 17.10
v 4.18 -428.59 1.49
v 22.48 -416.19 -29.27
v -4.79 -415.12 -27.57
v 2.01 -385.07 -9.46
v 19.32 -392.92 -20.06
v 20.33 -433.07 -1.93
v 4.18 -428.59 1.49
v -4.79 -415.12 -27.57
v 22.48 -416.19 -29.27
v 26.89 -403.66 13.59
v 19.32 -392.92 -20.06
v 2.01 -385.07 -9.46
v 9.61 -405.24 17.10
v 85.03 -196.01 -2.38
v 73.17 -189.11 -23.23
v 71.17 -172.61 -10.20
v 84.27 -178.77 6.65
v 73.65 -202.37 1.91
v 70.12 -185.44 12.20
v 61.51 -171.90 -7.17
v 61.78 -190.08 -18.50
v 85.03 -196.01 -2.38
v 84.27 -178.77 6.65
v 70.12 -185.44 12.20
v 73.65 -202.37 1.91
v 73.17 -189.11 -23.23
v 61.78 -190.08 -18.50
v 61.51 -171.90 -7.17
v 71.17 -172.61 -10.20
v 85.03 -196.01 -2.38
v 73.65 -202.37 1.91
v 61.78 -190.08 -18.50
v 73.17 -189.11 -23.23
v 84.27 -178.77 6.65
v 71.17 -172.61 -10.20
v 61.51 -171.90 -7.17
v 70.12 -185.44 12.20
v 259.71 -43.32 -27.66
v 240.08 -72.17 -32.15
v 236.10 -81.65 10.41
v 252.93 -47.45 15.80
v 280.27 -62.73 -26.58
v 276.20 -61.89 17.60
v 259.69 -95.31 12.88
v 260.70 -90.81 -30.11
v 259.71 -43.32 -27.66
v 252.93 -47.45 15.80
v 276.20 -61.89 17.60
v 280.27 -62.73 -26.58
v 240.08 -72.17 -32.15
v 260.70 -90.81 -30.11
v 259.69 -95.31 12.88
v 236.10 -81.65 10.41
v 259.71 -43.32 -27.66
v 280.27 -62.73 -26.58
v 260.70 -90.81 -30.11
v 240.08 -72.17 -32.15
v 252.93 -47.45 15.80
v 236.10 -81.65 10.41
v 259.69 -95.31 12.88
v 276.20 -61.89 17.60
v 52.97 -135.62 -11.85
v 57.25 -111.36 -7.72
v 79.37 -121.15 -9.32
v 67.73 -143.43 -17.90
v 52.24 -137.00 3.39
v 74.94 -142.95 6.38
v 75.32 -122.15 9.01
v 57.28 -109.45 6.89
v 52.97 -135.62 -11.85
v 67.73 -143.43 -17.90
v 74.94 -142.95 6.38
v 52.24 -137.00 3.39
v 57.25 -111.36 -7.72
v 57.28 -109.45 6.89
v 75.32 -122.15 9.01
v 79.37 -121.15 -9.32
v 52.97 -135.62 -11.85
v 52.24 -137.00 3.39
v 57.28 -109.45 6.89
v 57.25 -111.36 -7.72
v 67.73 -143.43 -17.90
v 79.37 -121.15 -9.32
v 75.32 -122.15 9.01
v 74.94 -142.95 6.38
v 200.61 -284.18 19.96
v 183.67 -265.78 -28.46
v 146.64 -272.48 -9.98
v 152.72 -288.11 23.23
v 196.33 -327.76 -3.67
v 147.24 -320.39 19.79
v 133.16 -311.71 -20.34
v 163.94 -307.59 -40.26
v 200.61 -284.18 19.96
v 152.72 -288.11 23.23
v 147.24 -320.39 19.79
v 196.33 -327.76 -3.67
v 183.67 -265.78 -28.46
v 163.94 -307.59 -40.26
v 133.16 -311.71 -20.34
v 146.64 -272.48 -9.98
v 200.61 -284.18 19.96
v 196.33 -327.76 -3.67
v 163.94 -307.59 -40.26
v 183.67 -265.78 -28.46
v 152.72 -288.11 23.23
v 146.64 -272.48 -9.98
v 133.16 -311.71 -20.34
v 147.24 -320.39 19.79
v -88.48 -478.93 0.38
v -152.44 -477.98 -7.89
v -147.20 -437.15 -30.02
v -90.25 -435.72 -12.87
v -111.00 -468.74 35.55
v -110.64 -420.34 20.83
v -154.62 -430.17 7.63
v -158.64 -477.94 19.07
v -88.48 -478.93 0.38
v -90.25 -435.72 -12.87
v -110.64 -420.34 20.83
v -111.00 -468.74 35.55
v -152.44 -477.98 -7.89
v -158.64 -477.94 19.07
v -154.62 -430.17 7.63
v -147.20 -437.15 -30.02
v -88.48 -478.93 0.38
v -111.00 -468.74 35.55
v -158.64 -477.94 19.07
v -152.44 -477.98 -7.89
v -90.25 -435.72 -12.87
v -147.20 -437.15 -30.02
v -154.62 -430.17 7.63
v -110.64 -420.34 20.83
v -129.72 238.69 11.30
v -125.06 245.79 -3.77
v -129.10 261.17 -0.71
v -135.50 255.12 13.84
v -139.87 238.85 8.18
v -146.50 253.21 10.01
v -141.89 259.39 -5.67
v -135.84 241.12 -7.90
v -129.72 238.69 11.30
v -135.50 255.12 13.84
v -146.50 253.21 10.01
v -139.87 238.85 8.18
v -125.06 245.79 -3.77
v -135.84 241.12 -7.90
v -141.89 259.39 -5.67
v -129.10 261.17 -0.71
v -129.72 238.69 11.30
v -139.87 238.85 8.18
v -135.84 241.12 -7.90
v -125.06 245.79 -3.77
v -135.50 255.12 13.84
v -129.10 261.17 -0.71
v -141.89 259.39 -5.67
v -146.50 253.21 10.01
v -177.19 -124.60 11.77
v -216.96 -95.00 17.55
v -216.48 -64.53 -32.09
v -181.54 -97.26 -43.30
v -148.91 -103.08 20.55
v -165.10 -78.22 -41.64
v -210.98 -51.05 -20.53
v -204.48 -75.79 32.18
v -177.19 -124.60 11.77
v -181.54 -97.26 -43.30
v -165.10 -78.22 -41.64
v -148.91 -103.08 20.55
v -216.96 -95.00 17.55
v -204.48 -75.79 32.18
v -210.98 -51.05 -20.53
v -216.48 -64.53 -32.09
v -177.19 -124.60 11.77
v -148.91 -103.08 20.55
v -204.48 -75.79 32.18
v -216.96 -95.00 17.55
v -181.54 -97.26 -43.30
v -216.48 -64.53 -32.09
v -210.98 -51.05 -20.53
v -165.10 -78.22 -41.64
v 210.67 30.06 4.74
v 177.44 34.21 23.05
v 172.09 -0.05 29.26
v 201.80 -11.02 13.99
v 201.43 25.70 -11.50
v 196.00 -10.53 -9.13
v 161.81 -1.10 5.53
v 164.35 33.24 8.29
v 210.67 30.06 4.74
v 201.80 -11.02 13.99
v 196.00 -10.53 -9.13
v 201.43 25.70 -11.50
v 177.44 34.21 23.05
v 164.35 33.24 8.29
v 161.81 -1.10 5.53
v 172.09 -0.05 29.26
v 210.67 30.06 4.74
v 201.43 25.70 -11.50
v 164.35 33.24 8.29
v 177.44 34.21 23.05
v 201.80 -11.02 13.99
v 172.09 -0.05 29.26
v 161.81 -1.10 5.53
v 196.00 -10.53 -9.13
v 91.11 -0.82 -13.08
v 80.48 -42.21 -22.91
v 40.32 -25.65 -24.78
v 58.08 20.60 -14.75
v 92.21 -7.19 13.96
v 54.99 15.33 13.95
v 32.79 -27.45 0.78
v 73.46 -44.54 -1.98
v 91.11 -0.82 -13.08
v 58.08 20.60 -14.75
v 54.99 15.33 13.95
v 92.21 -7.19 13.96
v 80.48 -42.21 -22.91
v 73.46 -44.54 -1.98
v 32.79 -27.45 0.78
v 40.32 -25.65 -24.78
v 91.11 -0.82 -13.08
v 92.21 -7.19 13.96
v 73.46 -44.54 -1.98
v 80.48 -42.21 -22.91
v 58.08 20.60 -14.75
v 40.32 -25.65 -24.78
v 32.79 -27.45 0.78
v 54.99 15.33 13.95
v -232.39 5.95 -4.07
v -251.07 -1.99 -4.29
v -259.22 21.13 -4.93
v -240.24 27.32 -9.08
v -236.48 5.91 15.48
v -243.42 30.81 13.55
v -254.76 23.85 16.57
v -247.69 -1.05 13.92
v -232.39 5.95 -4.07
v -240.24 27.32 -9.08
v -243.42 30.81 13.55
v -236.48 5.91 15.48
v -251.07 -1.99 -4.29
v -247.69 -1.05 13.92
v -254.76 23.85 16.57
v -259.22 21.13 -4.93
v -232.39 5.95 -4.07
v -236.48 5.91 15.48
v -247.69 -1.05 13.92
v -251.07 -1.99 -4.29
v -240.24 27.32 -9.08
v -259.22 21.13 -4.93
v -254.76 23.85 16.57
v -243.42 30.81 13.55
v 208.32 240.25 -23.76
v 186.68 200.84 -35.25
v 157.10 204.96 -8.95
v 179.28 247.21 11.46
v 218.52 235.07 -4.44
v 186.13 229.40 21.76
v 177.22 191.67 1.11
v 201.83 191.28 -15.84
v 208.32 240.25 -23.76
v 179.28 247.21 11.46
v 186.13 229.40 21.76
v 218.52 235.07 -4.44
v 186.68 200.84 -35.25
v 201.83 191.28 -15.84
v 177.22 191.67 1.11
v 157.10 204.96 -8.95
v 208.32 240.25 -23.76
v 218.52 235.07 -4.44
v 201.83 191.28 -15.84
v 186.68 200.84 -35.25
v 179.28 247.21 11.46
v 157.10 204.96 -8.95
v 177.22 191.67 1.11
v 186.13 229.40 21.76
v 30.87 128.90 27.22
v 25.80 151.26 23.05
v 23.41 150.07 -0.85
v 30.12 127.33 2.42
v 41.20 132.80 21.01
v 39.44 127.90 2.15
v 35.55 150.08 -0.65
v 39.54 152.45 19.54
v 30.87 128.90 27.22
v 30.12 127.33 2.42
v 39.44 127.90 2.15
v 41.20 132.80 21.01
v 25.80 151.26 23.05
v 39.54 152.45 19.54
v 35.55 150.08 -0.65
v 23.41 150.07 -0.85
v 30.87 128.90 27.22
v 41.20 132.80 21.01
v 39.54 152.45 19.54
v 25.80 151.26 23.05
v 30.12 127.33 2.42
v 23.41 150.07 -0.85
v 35.55 150.08 -0.65
v 39.44 127.90 2.15
v -202.36 -164.33 -13.22
v -223.26 -163.94 -1.34
v -211.08 -175.78 19.26
v -194.69 -172.49 7.77
v -200.52 -184.26 -10.78
v -196.80 -185.23 6.26
v -211.58 -186.26 14.63
v -219.90 -181.20 -2.95
v -202.36 -164.33 -13.22
v -194.69 -172.49 7.77
v -196.80 -185.23 6.26
v -200.52 -184.26 -10.78
v -223.26 -163.94 -1.34
v -219.90 -181.20 -2.95
v -211.58 -186.26 14.63
v -211.08 -175.78 19.26
v -202.36 -164.33 -13.22
v -200.52 -184.26 -10.78
v -219.90 -181.20 -2.95
v -223.26 -163.94 -1.34
v -194.69 -172.49 7.77
v -211.08 -175.78 19.26
v -211.58 -186.26 14.63
v -196.80 -185.23 6.26
v -1.50 67.43 -15.49
v -25.82 32.63 -26.35
v -27.72 29.24 10.02
v -4.65 50.24 10.55
v 16.98 49.10 -14.74
v 14.58 37.08 21.09
v -9.63 7.83 11.26
v -5.93 13.23 -21.97
v -1.50 67.43 -15.49
v -4.65 50.24 10.55
v 14.58 37.08 21.09
v 16.98 49.10 -14.74
v -25.82 32.63 -26.35
v -5.93 13.23 -21.97
v -9.63 7.83 11.26
v -27.72 29.24 10.02
v -1.50 67.43 -15.49
v 16.98 49.10 -14.74
v -5.93 13.23 -21.97
v -25.82 32.63 -26.35
v -4.65 50.24 10.55
v -27.72 29.24 10.02
v -9.63 7.83 11.26
v 14.58 37.08 21.09
v -444.06 8.37 40.61
v -457.44 -38.97 26.06
v -413.85 -44.81 11.03
v -407.49 -1.20 32.71
v -453.31 16.68 2.04
v -423.38 11.98 -6.79
v -433.10 -19.89 -23.07
v -470.83 -11.72 -0.57
v -444.06 8.37 40.61
v -407.49 -1.20 32.71
v -423.38 11.98 -6.79
v -453.31 16.68 2.04
v -457.44 -38.97 26.06
v -470.83 -11.72 -0.57
v -433.10 -19.89 -23.07
v -413.85 -44.81 11.03
v -444.06 8.37 40.61
v -453.31 16.68 2.04
v -470.83 -11.72 -0.57
v -457.44 -38.97 26.06
v -407.49 -1.20 32.71
v -413.85 -44.81 11.03
v -433.10 -19.89 -23.07
v -423.38 11.98 -6.79
v 18.16 341.06 -14.97
v 0.19 341.12 -7.60
v -2.61 358.49 -9.28
v 13.50 360.92 -17.38
v 22.64 343.41 -4.42
v 20.94 360.31 -4.48
v 4.22 359.56 1.87
v 5.04 342.59 8.89
v 18.16 341.06 -14.97
v 13.50 360.92 -17.38
v 20.94 360.31 -4.48
v 22.64 343.41 -4.42
v 0.19 341.12 -7.60
v 5.04 342.59 8.89
v 4.22 359.56 1.87
v -2.61 358.49 -9.28
v 18.16 341.06 -14.97
v 22.64 343.41 -4.42
v 5.04 342.59 8.89
v 0.19 341.12 -7.60
v 13.50 360.92 -17.38
v -2.61 358.49 -9.28
v 4.22 359.56 1.87
v 20.94 360.31 -4.48
v -34.05 125.63 3.29
v -97.14 120.56 22.03
v -93.82 73.65 29.06
v -38.62 66.42 13.34
v -36.79 104.50 -33.86
v -41.50 67.40 -24.68
v -101.56 69.92 -0.26
v -93.42 116.43 -25.05
v -34.05 125.63 3.29
v -38.62 66.42 13.34
v -41.50 67.40 -24.68
v -36.79 104.50 -33.86
v -97.14 120.56 22.03
v -93.42 116.43 -25.05
v -101.56 69.92 -0.26
v -93.82 73.65 29.06
v -34.05 125.63 3.29
v -36.79 104.50 -33.86
v -93.42 116.43 -25.05
v -97.14 120.56 22.03
v -38.62 66.42 13.34
v -93.82 73.65 29.06
v -101.56 69.92 -0.26
v -41.50 67.40 -24.68
v 303.36 -39.24 -1.01
v 308.71 -54.08 -2.37
v 295.39 -62.16 -10.15
v 286.02 -49.53 -6.94
v 299.47 -42.71 10.89
v 281.64 -51.82 7.58
v 295.36 -64.78 0.70
v 308.14 -55.15 4.88
v 303.36 -39.24 -1.01
v 286.02 -49.53 -6.94
v 281.64 -51.82 7.58
v 299.47 -42.71 10.89
v 308.71 -54.08 -2.37
v 308.14 -55.15 4.88
v 295.36 -64.78 0.70
v 295.39 -62.16 -10.15
v 303.36 -39.24 -1.01
v 299.47 -42.71 10.89
v 308.14 -55.15 4.88
v 308.71 -54.08 -2.37
v 286.02 -49.53 -6.94
v 295.39 -62.16 -10.15
v 295.36 -64.78 0.70
v 281.64 -51.82 7.58
v 85.01 -90.13 11.09
v 62.24 -97.91 0.62
v 63.89 -76.49 -31.72
v 96.00 -78.24 -9.91
v 69.76 -73.09 18.54
v 75.01 -49.40 -5.66
v 61.10 -55.60 -15.77
v 50.56 -78.12 3.36
v 85.01 -90.13 11.09
v 96.00 -78.24 -9.91
v 75.01 -49.40 -5.66
v 69.76 -73.09 18.54
v 62.24 -97.91 0.62
v 50.56 -78.12 3.36
v 61.10 -55.60 -15.77
v 63.89 -76.49 -31.72
v 85.01 -90.13 11.09
v 69.76 -73.09 18.54
v 50.56 -78.12 3.36
v 62.24 -97.91 0.62
v 96.00 -78.24 -9.91
v 63.89 -76.49 -31.72
v 61.10 -55.60 -15.77
v 75.01 -49.40 -5.66
v 128.52 139.41 14.11
v 107.73 128.98 -7.49
v 99.85 100.23 -6.35
v 122.30 99.22 26.21
v 152.70 117.03 -7.39
v 139.80 87.83 6.38
v 111.99 83.06 -11.99
v 126.86 116.50 -28.42
v 128.52 139.41 14.11
v 122.30 99.22 26.21
v 139.80 87.83 6.38
v 152.70 117.03 -7.39
v 107.73 128.98 -7.49
v 126.86 116.50 -28.42
v 111.99 83.06 -11.99
v 99.85 100.23 -6.35
v 128.52 139.41 14.11
v 152.70 117.03 -7.39
v 126.86 116.50 -28.42
v 107.73 128.98 -7.49
v 122.30 99.22 26.21
v 99.85 100.23 -6.35
v 111.99 83.06 -11.99
v 139.80 87.83 6.38
v 278.04 -73.94 -0.66
v 265.42 -79.45 3.13
v 244.12 -65.67 -15.69
v 260.56 -59.60 -24.66
v 272.95 -59.20 8.53
v 259.40 -46.36 -9.42
v 241.66 -57.70 -7.82
v 258.87 -70.73 15.20
v 278.04 -73.94 -0.66
v 260.56 -59.60 -24.66
v 259.40 -46.36 -9.42
v 272.95 -59.20 8.53
v 265.42 -79.45 3.13
v 258.87 -70.73 15.20
v 241.66 -57.70 -7.82
v 244.12 -65.67 -15.69
v 278.04 -73.94 -0.66
v 272.95 -59.20 8.53
v 258.87 -70.73 15.20
v 265.42 -79.45 3.13
v 260.56 -59.60 -24.66
v 244.12 -65.67 -15.69
v 241.66 -57.70 -7.82
v 259.40 -46.36 -9.42
v 383.28 -180.97 -13.85
v 365.03 -162.71 -20.08
v 378.11 -152.56 -18.64
v 398.39 -167.83 -13.24
v 384.33 -178.19 4.96
v 396.43 -159.59 5.18
v 377.96 -145.56 3.64
v 359.40 -158.21 -0.89
v 383.28 -180.97 -13.85
v 398.39 -167.83 -13.24
v 396.43 -159.59 5.18
v 384.33 -178.19 4.96
v 365.03 -162.71 -20.08
v 359.40 -158.21 -0.89
v 377.96 -145.56 3.64
v 378.11 -152.56 -18.64
v 383.28 -180.97 -13.85
v 384.33 -178.19 4.96
v 359.40 -158.21 -0.89
v 365.03 -162.71 -20.08
v 398.39 -167.83 -13.24
v 378.11 -152.56 -18.64
v 377.96 -145.56 3.64
v 396.43 -159.59 5.18
v 203.82 109.60 -5.18
v 208.52 92.31 -2.31
v 210.17 94.06 5.56
v 205.46 111.35 2.69
v 205.46 111.35 2.69
v 210.17 94.06 5.56
v 222.43 88.41 4.25
v 208.52 92.31 -2.31
v 203.82 109.60 -5.18
v 220.78 86.66 -3.62
v 208.52 92.31 -2.31
v 208.41 79.19 0.63
v 210.06 80.94 8.49
v 210.17 94.06 5.56
v 210.17 94.06 5.56
v 210.06 80.94 8.49
v 222.43 88.41 4.25
v 208.41 79.19 0.63
v 208.52 92.31 -2.31
v 220.78 86.66 -3.62
v 208.41 79.19 0.63
v 216.92 67.03 1.56
v 218.56 68.78 9.43
v 210.06 80.94 8.49
v 210.06 80.94 8.49
v 218.56 68.78 9.43
v 222.43 88.41 4.25
v 216.92 67.03 1.56
v 208.41 79.19 0.63
v 220.78 86.66 -3.62
v 216.92 67.03 1.56
v 228.57 68.45 -1.19
v 230.21 70.20 6.68
v 218.56 68.78 9.43
v 218.56 68.78 9.43
v 230.21 70.20 6.68
v 222.43 88.41 4.25
v 228.57 68.45 -1.19
v 216.92 67.03 1.56
v 220.78 86.66 -3.62
v 228.57 68.45 -1.19
v 236.31 71.01 -3.38
v 237.95 72.76 4.49
v 230.21 70.20 6.68
v 230.21 70.20 6.68
v 237.95 72.76 4.49
v 222.43 88.41 4.25
v 236.31 71.01 -3.38
v 228.57 68.45 -1.19
v 220.78 86.66 -3.62
v 236.31 71.01 -3.38
v 233.06 82.24 -5.20
v 234.70 83.99 2.67
v 237.95 72.76 4.49
v 237.95 72.76 4.49
v 234.70 83.99 2.67
v 222.43 88.41 4.25
v 233.06 82.24 -5.20
v 236.31 71.01 -3.38
v 220.78 86.66 -3.62
v 233.06 82.24 -5.20
v 230.56 93.54 -7.19
v 232.20 95.29 0.68
v 234.70 83.99 2.67
v 234.70 83.99 2.67
v 232.20 95.29 0.68
v 222.43 88.41 4.25
v 230.56 93.54 -7.19
v 233.06 82.24 -5.20
v 220.78 86.66 -3.62
v 230.56 93.54 -7.19
v 219.80 101.82 -6.78
v 221.44 103.57 1.08
v 232.20 95.29 0.68
v 232.20 95.29 0.68
v 221.44 103.57 1.08
v 222.43 88.41 4.25
v 219.80 101.82 -6.78
v 230.56 93.54 -7.19
v 220.78 86.66 -3.62
v 219.80 101.82 -6.78
v 203.82 109.60 -5.18
v 205.46 111.35 2.69
v 221.44 103.57 1.08
v 221.44 103.57 1.08
v 205.46 111.35 2.69
v 222.43 88.41 4.25
v 203.82 109.60 -5.18
v 219.80 101.82 -6.78
v 220.78 86.66 -3.62
v -64.53 346.46 -22.93
v -33.37 359.94 -8.15
v -33.99 355.43 -2.72
v -65.15 341.95 -17.50
v -65.15 341.95 -17.50
v -33.99 355.43 -2.72
v -34.17 372.86 11.75
v -33.37 359.94 -8.15
v -64.53 346.46 -22.93
v -33.54 377.37 6.32
v -33.37 359.94 -8.15
v -5.68 381.92 13.30
v -6.30 377.41 18.73
v -33.99 355.43 -2.72
v -33.99 355.43 -2.72
v -6.30 377.41 18.73
v -34.17 372.86 11.75
v -5.68 381.92 13.30
v -33.37 359.94 -8.15
v -33.54 377.37 6.32
v -5.68 381.92 13.30
v 3.14 401.41 30.50
v 2.52 396.89 35.93
v -6.30 377.41 18.73
v -6.30 377.41 18.73
v 2.52 396.89 35.93
v -34.17 372.86 11.75
v 3.14 401.41 30.50
v -5.68 381.92 13.30
v -33.54 377.37 6.32
v 3.14 401.41 30.50
v -37.95 406.48 29.99
v -38.58 401.97 35.42
v 2.52 396.89 35.93
v 2.52 396.89 35.93
v -38.58 401.97 35.42
v -34.17 372.86 11.75
v -37.95 406.48 29.99
v 3.14 401.41 30.50
v -33.54 377.37 6.32
v -37.95 406.48 29.99
v -60.99 382.19 7.17
v -61.62 377.68 12.60
v -38.58 401.97 35.42
v -38.58 401.97 35.42
v -61.62 377.68 12.60
v -34.17 372.86 11.75
v -60.99 382.19 7.17
v -37.95 406.48 29.99
v -33.54 377.37 6.32
v -60.99 382.19 7.17
v -64.53 346.46 -22.93
v -65.15 341.95 -17.50
v -61.62 377.68 12.60
v -61.62 377.68 12.60
v -65.15 341.95 -17.50
v -34.17 372.86 11.75
v -64.53 346.46 -22.93
v -60.99 382.19 7.17
v -33.54 377.37 6.32
v -340.52 123.27 2.33
v -337.79 115.09 2.18
v -338.48 114.71 9.85
v -341.21 122.89 10.00
v -341.21 122.89 10.00
v -338.48 114.71 9.85
v -319.34 115.85 11.61
v -337.79 115.09 2.18
v -340.52 123.27 2.33
v -318.65 116.23 3.94
v -337.79 115.09 2.18
v -328.16 106.36 2.61
v -328.85 105.98 10.28
v -338.48 114.71 9.85
v -338.48 114.71 9.85
v -328.85 105.98 10.28
v -319.34 115.85 11.61
v -328.16 106.36 2.61
v -337.79 115.09 2.18
v -318.65 116.23 3.94
v -328.16 106.36 2.61
v -318.22 99.00 3.14
v -318.91 98.62 10.81
v -328.85 105.98 10.28
v -328.85 105.98 10.28
v -318.91 98.62 10.81
v -319.34 115.85 11.61
v -318.22 99.00 3.14
v -328.16 106.36 2.61
v -318.65 116.23 3.94
v -318.22 99.00 3.14
v -300.42 104.05 4.97
v -301.10 103.67 12.64
v -318.91 98.62 10.81
v -318.91 98.62 10.81
v -301.10 103.67 12.64
v -319.34 115.85 11.61
v -300.42 104.05 4.97
v -318.22 99.00 3.14
v -318.65 116.23 3.94
v -300.42 104.05 4.97
v -297.88 112.81 5.63
v -298.56 112.43 13.30
v -301.10 103.67 12.64
v -301.10 103.67 12.64
v -298.56 112.43 13.30
v -319.34 115.85 11.61
v -297.88 112.81 5.63
v -300.42 104.05 4.97
v -318.65 116.23 3.94
v -297.88 112.81 5.63
v -301.69 123.98 5.83
v -302.38 123.61 13.50
v -298.56 112.43 13.30
v -298.56 112.43 13.30
v -302.38 123.61 13.50
v -319.34 115.85 11.61
v -301.69 123.98 5.83
v -297.88 112.81 5.63
v -318.65 116.23 3.94
v -301.69 123.98 5.83
v -320.35 126.73 4.30
v -321.03 126.35 11.97
v -302.38 123.61 13.50
v -302.38 123.61 13.50
v -321.03 126.35 11.97
v -319.34 115.85 11.61
v -320.35 126.73 4.30
v -301.69 123.98 5.83
v -318.65 116.23 3.94
v -320.35 126.73 4.30
v -328.43 127.63 3.63
v -329.11 127.25 11.30
v -321.03 126.35 11.97
v -321.03 126.35 11.97
v -329.11 127.25 11.30
v -319.34 115.85 11.61
v -328.43 127.63 3.63
v -320.35 126.73 4.30
v -318.65 116.23 3.94
v -328.43 127.63 3.63
v -340.52 123.27 2.33
v -341.21 122.89 10.00
v -329.11 127.25 11.30
v -329.11 127.25 11.30
v -341.21 122.89 10.00
v -319.34 115.85 11.61
v -340.52 123.27 2.33
v -328.43 127.63 3.63
v -318.65 116.23 3.94
v 359.05 6.49 -8.72
v 300.03 -16.67 -15.40
v 298.59 -14.64 -9.69
v 357.61 8.52 -3.01
v 357.61 8.52 -3.01
v 298.59 -14.64 -9.69
v 311.69 -46.25 4.85
v 300.03 -16.67 -15.40
v 359.05 6.49 -8.72
v 313.13 -48.28 -0.85
v 300.03 -16.67 -15.40
v 259.32 -41.66 -16.81
v 257.88 -39.63 -11.10
v 298.59 -14.64 -9.69
v 298.59 -14.64 -9.69
v 257.88 -39.63 -11.10
v 311.69 -46.25 4.85
v 259.32 -41.66 -16.81
v 300.03 -16.67 -15.40
v 313.13 -48.28 -0.85
v 259.32 -41.66 -16.81
v 283.68 -105.72 12.12
v 282.23 -103.69 17.83
v 257.88 -39.63 -11.10
v 257.88 -39.63 -11.10
v 282.23 -103.69 17.83
v 311.69 -46.25 4.85
v 283.68 -105.72 12.12
v 259.32 -41.66 -16.81
v 313.13 -48.28 -0.85
v 283.68 -105.72 12.12
v 334.19 -99.36 22.63
v 332.75 -97.33 28.33
v 282.23 -103.69 17.83
v 282.23 -103.69 17.83
v 332.75 -97.33 28.33
v 311.69 -46.25 4.85
v 334.19 -99.36 22.63
v 283.68 -105.72 12.12
v 313.13 -48.28 -0.85
v 334.19 -99.36 22.63
v 354.25 -48.66 9.67
v 352.80 -46.63 15.38
v 332.75 -97.33 28.33
v 332.75 -97.33 28.33
v 352.80 -46.63 15.38
v 311.69 -46.25 4.85
v 354.25 -48.66 9.67
v 334.19 -99.36 22.63
v 313.13 -48.28 -0.85
v 354.25 -48.66 9.67
v 359.05 6.49 -8.72
v 357.61 8.52 -3.01
v 352.80 -46.63 15.38
v 352.80 -46.63 15.38
v 357.61 8.52 -3.01
v 311.69 -46.25 4.85
v 359.05 6.49 -8.72
v 354.25 -48.66 9.67
v 313.13 -48.28 -0.85
v 431.31 0.37 -10.88
v 419.20 15.00 -11.47
v 420.53 16.35 -5.11
v 432.63 1.72 -4.52
v 432.63 1.72 -4.52
v 420.53 16.35 -5.11
v 391.60 -11.74 6.87
v 419.20 15.00 -11.47
v 431.31 0.37 -10.88
v 390.28 -13.09 0.51
v 419.20 15.00 -11.47
v 382.95 18.97 -4.77
v 384.28 20.32 1.59
v 420.53 16.35 -5.11
v 420.53 16.35 -5.11
v 384.28 20.32 1.59
v 391.60 -11.74 6.87
v 382.95 18.97 -4.77
v 419.20 15.00 -11.47
v 390.28 -13.09 0.51
v 382.95 18.97 -4.77
v 352.37 4.57 4.64
v 353.69 5.92 11.00
v 384.28 20.32 1.59
v 384.28 20.32 1.59
v 353.69 5.92 11.00
v 391.60 -11.74 6.87
v 352.37 4.57 4.64
v 382.95 18.97 -4.77
v 390.28 -13.09 0.51
v 352.37 4.57 4.64
v 349.92 -9.70 8.18
v 351.24 -8.35 14.54
v 353.69 5.92 11.00
v 353.69 5.92 11.00
v 351.24 -8.35 14.54
v 391.60 -11.74 6.87
v 349.92 -9.70 8.18
v 352.37 4.57 4.64
v 390.28 -13.09 0.51
v 349.92 -9.70 8.18
v 348.16 -33.41 13.58
v 349.48 -32.06 19.94
v 351.24 -8.35 14.54
v 351.24 -8.35 14.54
v 349.48 -32.06 19.94
v 391.60 -11.74 6.87
v 348.16 -33.41 13.58
v 349.92 -9.70 8.18
v 390.28 -13.09 0.51
v 348.16 -33.41 13.58
v 382.88 -36.80 7.08
v 384.20 -35.45 13.44
v 349.48 -32.06 19.94
v 349.48 -32.06 19.94
v 384.20 -35.45 13.44
v 391.60 -11.74 6.87
v 382.88 -36.80 7.08
v 348.16 -33.41 13.58
v 390.28 -13.09 0.51
v 382.88 -36.80 7.08
v 396.76 -35.87 3.99
v 398.08 -34.52 10.35
v 384.20 -35.45 13.44
v 384.20 -35.45 13.44
v 398.08 -34.52 10.35
v 391.60 -11.74 6.87
v 396.76 -35.87 3.99
v 382.88 -36.80 7.08
v 390.28 -13.09 0.51
v 396.76 -35.87 3.99
v 429.97 -17.18 -6.88
v 431.29 -15.83 -0.52
v 398.08 -34.52 10.35
v 398.08 -34.52 10.35
v 431.29 -15.83 -0.52
v 391.60 -11.74 6.87
v 429.97 -17.18 -6.88
v 396.76 -35.87 3.99
v 390.28 -13.09 0.51
v 429.97 -17.18 -6.88
v 431.31 0.37 -10.88
v 432.63 1.72 -4.52
v 431.29 -15.83 -0.52
v 431.29 -15.83 -0.52
v 432.63 1.72 -4.52
v 391.60 -11.74 6.87
v 431.31 0.37 -10.88
v 429.97 -17.18 -6.88
v 390.28 -13.09 0.51
v 211.21 41.39 14.67
v 187.75 13.18 15.82
v 189.55 11.94 22.14
v 213.01 40.15 20.99
v 213.01 40.15 20.99
v 189.55 11.94 22.14
v 231.21 10.18 9.93
v 187.75 13.18 15.82
v 211.21 41.39 14.67
v 229.41 11.42 3.61
v 187.75 13.18 15.82
v 189.32 0.31 12.85
v 191.12 -0.93 19.17
v 189.55 11.94 22.14
v 189.55 11.94 22.14
v 191.12 -0.93 19.17
v 231.21 10.18 9.93
v 189.32 0.31 12.85
v 187.75 13.18 15.82
v 229.41 11.42 3.61
v 189.32 0.31 12.85
v 213.73 -16.66 2.58
v 215.53 -17.90 8.89
v 191.12 -0.93 19.17
v 191.12 -0.93 19.17
v 215.53 -17.90 8.89
v 231.21 10.18 9.93
v 213.73 -16.66 2.58
v 189.32 0.31 12.85
v 229.41 11.42 3.61
v 213.73 -16.66 2.58
v 247.23 -34.86 -10.53
v 249.03 -36.10 -4.22
v 215.53 -17.90 8.89
v 215.53 -17.90 8.89
v 249.03 -36.10 -4.22
v 231.21 10.18 9.93
v 247.23 -34.86 -10.53
v 213.73 -16.66 2.58
v 229.41 11.42 3.61
v 247.23 -34.86 -10.53
v 253.17 -14.82 -8.30
v 254.97 -16.06 -1.98
v 249.03 -36.10 -4.22
v 249.03 -36.10 -4.22
v 254.97 -16.06 -1.98
v 231.21 10.18 9.93
v 253.17 -14.82 -8.30
v 247.23 -34.86 -10.53
v 229.41 11.42 3.61
v 253.17 -14.82 -8.30
v 257.76 21.39 -2.51
v 259.56 20.15 3.81
v 254.97 -16.06 -1.98
v 254.97 -16.06 -1.98
v 259.56 20.15 3.81
v 231.21 10.18 9.93
v 257.76 21.39 -2.51
v 253.17 -14.82 -8.30
v 229.41 11.42 3.61
v 257.76 21.39 -2.51
v 257.18 30.47 -0.56
v 258.98 29.23 5.75
v 259.56 20.15 3.81
v 259.56 20.15 3.81
v 258.98 29.23 5.75
v 231.21 10.18 9.93
v 257.18 30.47 -0.56
v 257.76 21.39 -2.51
v 229.41 11.42 3.61
v 257.18 30.47 -0.56
v 230.07 52.40 11.46
v 231.87 51.16 17.78
v 258.98 29.23 5.75
v 258.98 29.23 5.75
v 231.87 51.16 17.78
v 231.21 10.18 9.93
v 230.07 52.40 11.46
v 257.18 30.47 -0.56
v 229.41 11.42 3.61
v 230.07 52.40 11.46
v 211.21 41.39 14.67
v 213.01 40.15 20.99
v 231.87 51.16 17.78
v 231.87 51.16 17.78
v 213.01 40.15 20.99
v 231.21 10.18 9.93
v 211.21 41.39 14.67
v 230.07 52.40 11.46
v 229.41 11.42 3.61
v 152.49 301.30 -9.53
v 137.35 335.43 -1.82
v 138.57 333.48 9.21
v 153.71 299.35 1.49
v 153.71 299.35 1.49
v 138.57 333.48 9.21
v 108.68 292.33 5.26
v 137.35 335.43 -1.82
v 152.49 301.30 -9.53
v 107.45 294.28 -5.77
v 137.35 335.43 -1.82
v 96.01 328.84 1.61
v 97.24 326.89 12.64
v 138.57 333.48 9.21
v 138.57 333.48 9.21
v 97.24 326.89 12.64
v 108.68 292.33 5.26
v 96.01 328.84 1.61
v 137.35 335.43 -1.82
v 107.45 294.28 -5.77
v 96.01 328.84 1.61
v 66.50 321.97 3.68
v 67.73 320.02 14.70
v 97.24 326.89 12.64
v 97.24 326.89 12.64
v 67.73 320.02 14.70
v 108.68 292.33 5.26
v 66.50 321.97 3.68
v 96.01 328.84 1.61
v 107.45 294.28 -5.77
v 66.50 321.97 3.68
v 75.49 278.49 -5.00
v 76.71 276.54 6.02
v 67.73 320.02 14.70
v 67.73 320.02 14.70
v 76.71 276.54 6.02
v 108.68 292.33 5.26
v 75.49 278.49 -5.00
v 66.50 321.97 3.68
v 107.45 294.28 -5.77
v 75.49 278.49 -5.00
v 94.54 237.05 -14.44
v 95.77 235.10 -3.42
v 76.71 276.54 6.02
v 76.71 276.54 6.02
v 95.77 235.10 -3.42
v 108.68 292.33 5.26
v 94.54 237.05 -14.44
v 75.49 278.49 -5.00
v 107.45 294.28 -5.77
v 94.54 237.05 -14.44
v 138.88 248.23 -17.40
v 140.10 246.28 -6.37
v 95.77 235.10 -3.42
v 95.77 235.10 -3.42
v 140.10 246.28 -6.37
v 108.68 292.33 5.26
v 138.88 248.23 -17.40
v 94.54 237.05 -14.44
v 107.45 294.28 -5.77
v 138.88 248.23 -17.40
v 152.49 301.30 -9.53
v 153.71 299.35 1.49
v 140.10 246.28 -6.37
v 140.10 246.28 -6.37
v 153.71 299.35 1.49
v 108.68 292.33 5.26
v 152.49 301.30 -9.53
v 138.88 248.23 -17.40
v 107.45 294.28 -5.77
v 85.39 -460.00 0.55
v 51.85 -466.83 -8.40
v 49.47 -466.48 0.25
v 83.01 -459.65 9.20
v 83.01 -459.65 9.20
v 49.47 -466.48 0.25
v 47.31 -497.49 0.91
v 51.85 -466.83 -8.40
v 85.39 -460.00 0.55
v 49.69 -497.84 -7.74
v 51.85 -466.83 -8.40
v 25.74 -483.59 -14.91
v 23.36 -483.24 -6.26
v 49.47 -466.48 0.25
v 49.47 -466.48 0.25
v 23.36 -483.24 -6.26
v 47.31 -497.49 0.91
v 25.74 -483.59 -14.91
v 51.85 -466.83 -8.40
v 49.69 -497.84 -7.74
v 25.74 -483.59 -14.91
v 23.77 -518.56 -14.04
v 21.39 -518.22 -5.39
v 23.36 -483.24 -6.26
v 23.36 -483.24 -6.26
v 21.39 -518.22 -5.39
v 47.31 -497.49 0.91
v 23.77 -518.56 -14.04
v 25.74 -483.59 -14.91
v 49.69 -497.84 -7.74
v 23.77 -518.56 -14.04
v 27.78 -542.56 -11.97
v 25.40 -542.21 -3.32
v 21.39 -518.22 -5.39
v 21.39 -518.22 -5.39
v 25.40 -542.21 -3.32
v 47.31 -497.49 0.91
v 27.78 -542.56 -11.97
v 23.77 -518.56 -14.04
v 49.69 -497.84 -7.74
v 27.78 -542.56 -11.97
v 68.16 -519.93 -1.78
v 65.78 -519.58 6.88
v 25.40 -542.21 -3.32
v 25.40 -542.21 -3.32
v 65.78 -519.58 6.88
v 47.31 -497.49 0.91
v 68.16 -519.93 -1.78
v 27.78 -542.56 -11.97
v 49.69 -497.84 -7.74
v 68.16 -519.93 -1.78
v 74.16 -495.46 -1.11
v 71.78 -495.11 7.54
v 65.78 -519.58 6.88
v 65.78 -519.58 6.88
v 71.78 -495.11 7.54
v 47.31 -497.49 0.91
v 74.16 -495.46 -1.11
v 68.16 -519.93 -1.78
v 49.69 -497.84 -7.74
v 74.16 -495.46 -1.11
v 85.39 -460.00 0.55
v 83.01 -459.65 9.20
v 71.78 -495.11 7.54
v 71.78 -495.11 7.54
v 83.01 -459.65 9.20
v 47.31 -497.49 0.91
v 85.39 -460.00 0.55
v 74.16 -495.46 -1.11
v 49.69 -497.84 -7.74
v 50.44 310.06 0.09
v 44.62 289.62 3.35
v 46.60 290.41 11.87
v 52.42 310.86 8.60
v 52.42 310.86 8.60
v 46.60 290.41 11.87
v 80.04 279.48 5.12
v 44.62 289.62 3.35
v 50.44 310.06 0.09
v 78.07 278.68 -3.39
v 44.62 289.62 3.35
v 50.75 260.84 4.62
v 52.72 261.64 13.14
v 46.60 290.41 11.87
v 46.60 290.41 11.87
v 52.72 261.64 13.14
v 80.04 279.48 5.12
v 50.75 260.84 4.62
v 44.62 289.62 3.35
v 78.07 278.68 -3.39
v 50.75 260.84 4.62
v 77.70 243.99 -0.06
v 79.68 244.79 8.45
v 52.72 261.64 13.14
v 52.72 261.64 13.14
v 79.68 244.79 8.45
v 80.04 279.48 5.12
v 77.70 243.99 -0.06
v 50.75 260.84 4.62
v 78.07 278.68 -3.39
v 77.70 243.99 -0.06
v 102.10 248.66 -6.17
v 104.08 249.45 2.35
v 79.68 244.79 8.45
v 79.68 244.79 8.45
v 104.08 249.45 2.35
v 80.04 279.48 5.12
v 102.10 248.66 -6.17
v 77.70 243.99 -0.06
v 78.07 278.68 -3.39
v 102.10 248.66 -6.17
v 104.70 262.97 -8.11
v 106.68 263.77 0.41
v 104.08 249.45 2.35
v 104.08 249.45 2.35
v 106.68 263.77 0.41
v 80.04 279.48 5.12
v 104.70 262.97 -8.11
v 102.10 248.66 -6.17
v 78.07 278.68 -3.39
v 104.70 262.97 -8.11
v 100.64 290.47 -9.74
v 102.61 291.27 -1.22
v 106.68 263.77 0.41
v 106.68 263.77 0.41
v 102.61 291.27 -1.22
v 80.04 279.48 5.12
v 100.64 290.47 -9.74
v 104.70 262.97 -8.11
v 78.07 278.68 -3.39
v 100.64 290.47 -9.74
v 70.30 316.58 -5.14
v 72.28 317.38 3.38
v 102.61 291.27 -1.22
v 102.61 291.27 -1.22
v 72.28 317.38 3.38
v 80.04 279.48 5.12
v 70.30 316.58 -5.14
v 100.64 290.47 -9.74
v 78.07 278.68 -3.39
v 70.30 316.58 -5.14
v 50.44 310.06 0.09
v 52.42 310.86 8.60
v 72.28 317.38 3.38
v 72.28 317.38 3.38
v 52.42 310.86 8.60
v 80.04 279.48 5.12
v 50.44 310.06 0.09
v 70.30 316.58 -5.14
v 78.07 278.68 -3.39
v -58.94 -536.86 -4.45
v -38.15 -510.20 -3.72
v -38.65 -509.98 2.91
v -59.45 -536.65 2.17
v -59.45 -536.65 2.17
v -38.65 -509.98 2.91
v -63.21 -502.26 0.79
v -38.15 -510.20 -3.72
v -58.94 -536.86 -4.45
v -62.70 -502.48 -5.84
v -38.15 -510.20 -3.72
v -44.81 -481.63 -5.13
v -45.32 -481.42 1.49
v -38.65 -509.98 2.91
v -38.65 -509.98 2.91
v -45.32 -481.42 1.49
v -63.21 -502.26 0.79
v -44.81 -481.63 -5.13
v -38.15 -510.20 -3.72
v -62.70 -502.48 -5.84
v -44.81 -481.63 -5.13
v -70.77 -467.91 -7.55
v -71.27 -467.70 -0.92
v -45.32 -481.42 1.49
v -45.32 -481.42 1.49
v -71.27 -467.70 -0.92
v -63.21 -502.26 0.79
v -70.77 -467.91 -7.55
v -44.81 -481.63 -5.13
v -62.70 -502.48 -5.84
v -70.77 -467.91 -7.55
v -89.44 -489.07 -8.30
v -89.95 -488.86 -1.68
v -71.27 -467.70 -0.92
v -71.27 -467.70 -0.92
v -89.95 -488.86 -1.68
v -63.21 -502.26 0.79
v -89.44 -489.07 -8.30
v -70.77 -467.91 -7.55
v -62.70 -502.48 -5.84
v -89.44 -489.07 -8.30
v -87.54 -519.49 -7.19
v -88.05 -519.28 -0.56
v -89.95 -488.86 -1.68
v -89.95 -488.86 -1.68
v -88.05 -519.28 -0.56
v -63.21 -502.26 0.79
v -87.54 -519.49 -7.19
v -89.44 -489.07 -8.30
v -62.70 -502.48 -5.84
v -87.54 -519.49 -7.19
v -58.94 -536.86 -4.45
v -59.45 -536.65 2.17
v -88.05 -519.28 -0.56
v -88.05 -519.28 -0.56
v -59.45 -536.65 2.17
v -63.21 -502.26 0.79
v -58.94 -536.86 -4.45
v -87.54 -519.49 -7.19
v -62.70 -502.48 -5.84
v -144.75 259.95 12.02
v -134.10 259.85 11.95
v -133.96 268.71 21.87
v -144.61 268.81 21.93
v -144.61 268.81 21.93
v -133.96 268.71 21.87
v -137.90 283.37 8.84
v -134.10 259.85 11.95
v -144.75 259.95 12.02
v -138.05 274.51 -1.08
v -134.10 259.85 11.95
v -123.17 271.08 1.78
v -123.03 279.93 11.69
v -133.96 268.71 21.87
v -133.96 268.71 21.87
v -123.03 279.93 11.69
v -137.90 283.37 8.84
v -123.17 271.08 1.78
v -134.10 259.85 11.95
v -138.05 274.51 -1.08
v -123.17 271.08 1.78
v -123.11 283.43 -9.25
v -122.97 292.29 0.66
v -123.03 279.93 11.69
v -123.03 279.93 11.69
v -122.97 292.29 0.66
v -137.90 283.37 8.84
v -123.11 283.43 -9.25
v -123.17 271.08 1.78
v -138.05 274.51 -1.08
v -123.11 283.43 -9.25
v -135.40 284.88 -10.37
v -135.26 293.73 -0.45
v -122.97 292.29 0.66
v -122.97 292.29 0.66
v -135.26 293.73 -0.45
v -137.90 283.37 8.84
v -135.40 284.88 -10.37
v -123.11 283.43 -9.25
v -138.05 274.51 -1.08
v -135.40 284.88 -10.37
v -150.81 282.53 -8.05
v -150.67 291.38 1.87
v -135.26 293.73 -0.45
v -135.26 293.73 -0.45
v -150.67 291.38 1.87
v -137.90 283.37 8.84
v -150.81 282.53 -8.05
v -135.40 284.88 -10.37
v -138.05 274.51 -1.08
v -150.81 282.53 -8.05
v -156.87 271.12 2.23
v -156.72 279.97 12.14
v -150.67 291.38 1.87
v -150.67 291.38 1.87
v -156.72 279.97 12.14
v -137.90 283.37 8.84
v -156.87 271.12 2.23
v -150.81 282.53 -8.05
v -138.05 274.51 -1.08
v -156.87 271.12 2.23
v -144.75 259.95 12.02
v -144.61 268.81 21.93
v -156.72 279.97 12.14
v -156.72 279.97 12.14
v -144.61 268.81 21.93
v -137.90 283.37 8.84
v -144.75 259.95 12.02
v -156.87 271.12 2.23
v -138.05 274.51 -1.08
v -127.01 349.34 16.30
v -145.55 331.80 5.66
v -147.37 328.56 14.19
v -128.83 346.10 24.83
v -128.83 346.10 24.83
v -147.37 328.56 14.19
v -124.29 302.59 9.26
v -145.55 331.80 5.66
v -127.01 349.34 16.30
v -122.46 305.83 0.73
v -145.55 331.80 5.66
v -146.89 295.54 -8.42
v -148.72 292.29 0.11
v -147.37 328.56 14.19
v -147.37 328.56 14.19
v -148.72 292.29 0.11
v -124.29 302.59 9.26
v -146.89 295.54 -8.42
v -145.55 331.80 5.66
v -122.46 305.83 0.73
v -146.89 295.54 -8.42
v -133.67 273.89 -13.81
v -135.50 270.65 -5.29
v -148.72 292.29 0.11
v -148.72 292.29 0.11
v -135.50 270.65 -5.29
v -124.29 302.59 9.26
v -133.67 273.89 -13.81
v -146.89 295.54 -8.42
v -122.46 305.83 0.73
v -133.67 273.89 -13.81
v -118.84 254.69 -17.94
v -120.67 251.44 -9.41
v -135.50 270.65 -5.29
v -135.50 270.65 -5.29
v -120.67 251.44 -9.41
v -124.29 302.59 9.26
v -118.84 254.69 -17.94
v -133.67 273.89 -13.81
v -122.46 305.83 0.73
v -118.84 254.69 -17.94
v -97.11 286.91 -1.03
v -98.94 283.67 7.49
v -120.67 251.44 -9.41
v -120.67 251.44 -9.41
v -98.94 283.67 7.49
v -124.29 302.59 9.26
v -97.11 286.91 -1.03
v -118.84 254.69 -17.94
v -122.46 305.83 0.73
v -97.11 286.91 -1.03
v -95.05 308.40 7.58
v -96.87 305.16 16.11
v -98.94 283.67 7.49
v -98.94 283.67 7.49
v -96.87 305.16 16.11
v -124.29 302.59 9.26
v -95.05 308.40 7.58
v -97.11 286.91 -1.03
v -122.46 305.83 0.73
v -95.05 308.40 7.58
v -102.86 340.26 18.02
v -104.69 337.02 26.55
v -96.87 305.16 16.11
v -96.87 305.16 16.11
v -104.69 337.02 26.55
v -124.29 302.59 9.26
v -102.86 340.26 18.02
v -95.05 308.40 7.58
v -122.46 305.83 0.73
v -102.86 340.26 18.02
v -127.01 349.34 16.30
v -128.83 346.10 24.83
v -104.69 337.02 26.55
v -104.69 337.02 26.55
v -128.83 346.10 24.83
v -124.29 302.59 9.26
v -127.01 349.34 16.30
v -102.86 340.26 18.02
v -122.46 305.83 0.73
v -328.80 34.64 -8.74
v -349.56 42.21 -4.75
v -346.57 44.28 6.89
v -325.81 36.71 2.90
v -325.81 36.71 2.90
v -346.57 44.28 6.89
v -353.78 29.11 11.44
v -349.56 42.21 -4.75
v -328.80 34.64 -8.74
v -356.77 27.04 -0.20
v -349.56 42.21 -4.75
v -370.06 44.18 0.17
v -367.07 46.25 11.81
v -346.57 44.28 6.89
v -346.57 44.28 6.89
v -367.07 46.25 11.81
v -353.78 29.11 11.44
v -370.06 44.18 0.17
v -349.56 42.21 -4.75
v -356.77 27.04 -0.20
v -370.06 44.18 0.17
v -382.52 24.47 6.87
v -379.53 26.54 18.51
v -367.07 46.25 11.81
v -367.07 46.25 11.81
v -379.53 26.54 18.51
v -353.78 29.11 11.44
v -382.52 24.47 6.87
v -370.06 44.18 0.17
v -356.77 27.04 -0.20
v -382.52 24.47 6.87
v -361.21 10.57 3.86
v -358.22 12.64 15.50
v -379.53 26.54 18.51
v -379.53 26.54 18.51
v -358.22 12.64 15.50
v -353.78 29.11 11.44
v -361.21 10.57 3.86
v -382.52 24.47 6.87
v -356.77 27.04 -0.20
v -361.21 10.57 3.86
v -340.32 13.37 -2.00
v -337.33 15.43 9.64
v -358.22 12.64 15.50
v -358.22 12.64 15.50
v -337.33 15.43 9.64
v -353.78 29.11 11.44
v -340.32 13.37 -2.00
v -361.21 10.57 3.86
v -356.77 27.04 -0.20
v -340.32 13.37 -2.00
v -328.80 34.64 -8.74
v -325.81 36.71 2.90
v -337.33 15.43 9.64
v -337.33 15.43 9.64
v -325.81 36.71 2.90
v -353.78 29.11 11.44
v -328.80 34.64 -8.74
v -340.32 13.37 -2.00
v -356.77 27.04 -0.20
v 163.88 -93.54 -4.02
v 160.52 -82.05 0.56
v 158.69 -87.18 12.08
v 162.04 -98.67 7.50
v 162.04 -98.67 7.50
v 158.69 -87.18 12.08
v 139.88 -89.86 7.89
v 160.52 -82.05 0.56
v 163.88 -93.54 -4.02
v 141.71 -84.74 -3.63
v 160.52 -82.05 0.56
v 148.13 -76.03 1.26
v 146.29 -81.16 12.78
v 158.69 -87.18 12.08
v 158.69 -87.18 12.08
v 146.29 -81.16 12.78
v 139.88 -89.86 7.89
v 148.13 -76.03 1.26
v 160.52 -82.05 0.56
v 141.71 -84.74 -3.63
v 148.13 -76.03 1.26
v 135.06 -68.24 2.64
v 133.22 -73.37 14.16
v 146.29 -81.16 12.78
v 146.29 -81.16 12.78
v 133.22 -73.37 14.16
v 139.88 -89.86 7.89
v 135.06 -68.24 2.64
v 148.13 -76.03 1.26
v 141.71 -84.74 -3.63
v 135.06 -68.24 2.64
v 119.99 -76.58 -3.47
v 118.15 -81.70 8.05
v 133.22 -73.37 14.16
v 133.22 -73.37 14.16
v 118.15 -81.70 8.05
v 139.88 -89.86 7.89
v 119.99 -76.58 -3.47
v 135.06 -68.24 2.64
v 141.71 -84.74 -3.63
v 119.99 -76.58 -3.47
v 120.82 -86.20 -7.61
v 118.99 -91.32 3.91
v 118.15 -81.70 8.05
v 118.15 -81.70 8.05
v 118.99 -91.32 3.91
v 139.88 -89.86 7.89
v 120.82 -86.20 -7.61
v 119.99 -76.58 -3.47
v 141.71 -84.74 -3.63
v 120.82 -86.20 -7.61
v 127.09 -91.53 -8.98
v 125.25 -96.65 2.53
v 118.99 -91.32 3.91
v 118.99 -91.32 3.91
v 125.25 -96.65 2.53
v 139.88 -89.86 7.89
v 127.09 -91.53 -8.98
v 120.82 -86.20 -7.61
v 141.71 -84.74 -3.63
v 127.09 -91.53 -8.98
v 140.35 -96.56 -9.11
v 138.51 -101.69 2.41
v 125.25 -96.65 2.53
v 125.25 -96.65 2.53
v 138.51 -101.69 2.41
v 139.88 -89.86 7.89
v 140.35 -96.56 -9.11
v 127.09 -91.53 -8.98
v 141.71 -84.74 -3.63
v 140.35 -96.56 -9.11
v 158.79 -98.98 -7.24
v 156.96 -104.10 4.27
v 138.51 -101.69 2.41
v 138.51 -101.69 2.41
v 156.96 -104.10 4.27
v 139.88 -89.86 7.89
v 158.79 -98.98 -7.24
v 140.35 -96.56 -9.11
v 141.71 -84.74 -3.63
v 158.79 -98.98 -7.24
v 163.88 -93.54 -4.02
v 162.04 -98.67 7.50
v 156.96 -104.10 4.27
v 156.96 -104.10 4.27
v 162.04 -98.67 7.50
v 139.88 -89.86 7.89
v 163.88 -93.54 -4.02
v 158.79 -98.98 -7.24
v 141.71 -84.74 -3.63
v 79.02 152.09 -6.76
v 76.22 165.01 -6.09
v 76.80 164.49 6.47
v 79.60 151.56 5.80
v 79.60 151.56 5.80
v 76.80 164.49 6.47
v 57.41 160.89 7.22
v 76.22 165.01 -6.09
v 79.02 152.09 -6.76
v 56.83 161.42 -5.34
v 76.22 165.01 -6.09
v 77.94 173.94 -5.79
v 78.52 173.41 6.76
v 76.80 164.49 6.47
v 76.80 164.49 6.47
v 78.52 173.41 6.76
v 57.41 160.89 7.22
v 77.94 173.94 -5.79
v 76.22 165.01 -6.09
v 56.83 161.42 -5.34
v 77.94 173.94 -5.79
v 61.77 185.08 -4.57
v 62.35 184.56 7.98
v 78.52 173.41 6.76
v 78.52 173.41 6.76
v 62.35 184.56 7.98
v 57.41 160.89 7.22
v 61.77 185.08 -4.57
v 77.94 173.94 -5.79
v 56.83 161.42 -5.34
v 61.77 185.08 -4.57
v 42.99 185.77 -3.67
v 43.58 185.24 8.89
v 62.35 184.56 7.98
v 62.35 184.56 7.98
v 43.58 185.24 8.89
v 57.41 160.89 7.22
v 42.99 185.77 -3.67
v 61.77 185.08 -4.57
v 56.83 161.42 -5.34
v 42.99 185.77 -3.67
v 28.08 173.11 -3.51
v 28.66 172.58 9.05
v 43.58 185.24 8.89
v 43.58 185.24 8.89
v 28.66 172.58 9.05
v 57.41 160.89 7.22
v 28.08 173.11 -3.51
v 42.99 185.77 -3.67
v 56.83 161.42 -5.34
v 28.08 173.11 -3.51
v 35.40 153.30 -4.68
v 35.98 152.77 7.88
v 28.66 172.58 9.05
v 28.66 172.58 9.05
v 35.98 152.77 7.88
v 57.41 160.89 7.22
v 35.40 153.30 -4.68
v 28.08 173.11 -3.51
v 56.83 161.42 -5.34
v 35.40 153.30 -4.68
v 49.97 140.39 -5.90
v 50.55 139.87 6.66
v 35.98 152.77 7.88
v 35.98 152.77 7.88
v 50.55 139.87 6.66
v 57.41 160.89 7.22
v 49.97 140.39 -5.90
v 35.40 153.30 -4.68
v 56.83 161.42 -5.34
v 49.97 140.39 -5.90
v 65.17 142.16 -6.53
v 65.75 141.63 6.02
v 50.55 139.87 6.66
v 50.55 139.87 6.66
v 65.75 141.63 6.02
v 57.41 160.89 7.22
v 65.17 142.16 -6.53
v 49.97 140.39 -5.90
v 56.83 161.42 -5.34
v 65.17 142.16 -6.53
v 79.02 152.09 -6.76
v 79.60 151.56 5.80
v 65.75 141.63 6.02
v 65.75 141.63 6.02
v 79.60 151.56 5.80
v 57.41 160.89 7.22
v 79.02 152.09 -6.76
v 65.17 142.16 -6.53
v 56.83 161.42 -5.34
v 90.42 294.54 -8.72
v 64.98 277.06 -12.40
v 62.80 278.04 -2.05
v 88.24 295.52 1.63
v 88.24 295.52 1.63
v 62.80 278.04 -2.05
v 79.45 254.97 3.64
v 64.98 277.06 -12.40
v 90.42 294.54 -8.72
v 81.62 253.99 -6.72
v 64.98 277.06 -12.40
v 60.16 262.96 -12.07
v 57.99 263.95 -1.72
v 62.80 278.04 -2.05
v 62.80 278.04 -2.05
v 57.99 263.95 -1.72
v 79.45 254.97 3.64
v 60.16 262.96 -12.07
v 64.98 277.06 -12.40
v 81.62 253.99 -6.72
v 60.16 262.96 -12.07
v 54.39 226.91 -9.86
v 52.22 227.89 0.49
v 57.99 263.95 -1.72
v 57.99 263.95 -1.72
v 52.22 227.89 0.49
v 79.45 254.97 3.64
v 54.39 226.91 -9.86
v 60.16 262.96 -12.07
v 81.62 253.99 -6.72
v 54.39 226.91 -9.86
v 76.40 216.47 -4.25
v 74.23 217.45 6.10
v 52.22 227.89 0.49
v 52.22 227.89 0.49
v 74.23 217.45 6.10
v 79.45 254.97 3.64
v 76.40 216.47 -4.25
v 54.39 226.91 -9.86
v 81.62 253.99 -6.72
v 76.40 216.47 -4.25
v 95.71 232.46 -1.72
v 93.54 233.44 8.64
v 74.23 217.45 6.10
v 74.23 217.45 6.10
v 93.54 233.44 8.64
v 79.45 254.97 3.64
v 95.71 232.46 -1.72
v 76.40 216.47 -4.25
v 81.62 253.99 -6.72
v 95.71 232.46 -1.72
v 113.12 240.76 1.15
v 110.94 241.74 11.50
v 93.54 233.44 8.64
v 93.54 233.44 8.64
v 110.94 241.74 11.50
v 79.45 254.97 3.64
v 113.12 240.76 1.15
v 95.71 232.46 -1.72
v 81.62 253.99 -6.72
v 113.12 240.76 1.15
v 114.97 281.84 -2.36
v 112.79 282.82 7.99
v 110.94 241.74 11.50
v 110.94 241.74 11.50
v 112.79 282.82 7.99
v 79.45 254.97 3.64
v 114.97 281.84 -2.36
v 113.12 240.76 1.15
v 81.62 253.99 -6.72
v 114.97 281.84 -2.36
v 90.42 294.54 -8.72
v 88.24 295.52 1.63
v 112.79 282.82 7.99
v 112.79 282.82 7.99
v 88.24 295.52 1.63
v 79.45 254.97 3.64
v 90.42 294.54 -8.72
v 114.97 281.84 -2.36
v 81.62 253.99 -6.72
v -250.30 -455.85 -13.57
v -247.95 -484.79 -13.04
v -250.91 -484.85 -3.00
v -253.27 -455.91 -3.52
v -253.27 -455.91 -3.52
v -250.91 -484.85 -3.00
v -228.29 -484.62 3.68
v -247.95 -484.79 -13.04
v -250.30 -455.85 -13.57
v -225.33 -484.56 -6.37
v -247.95 -484.79 -13.04
v -224.08 -506.89 -6.13
v -227.04 -506.95 3.92
v -250.91 -484.85 -3.00
v -250.91 -484.85 -3.00
v -227.04 -506.95 3.92
v -228.29 -484.62 3.68
v -224.08 -506.89 -6.13
v -247.95 -484.79 -13.04
v -225.33 -484.56 -6.37
v -224.08 -506.89 -6.13
v -205.85 -505.73 -0.75
v -208.82 -505.79 9.30
v -227.04 -506.95 3.92
v -227.04 -506.95 3.92
v -208.82 -505.79 9.30
v -228.29 -484.62 3.68
v -205.85 -505.73 -0.75
v -224.08 -506.89 -6.13
v -225.33 -484.56 -6.37
v -205.85 -505.73 -0.75
v -197.74 -489.85 1.74
v -200.70 -489.91 11.79
v -208.82 -505.79 9.30
v -208.82 -505.79 9.30
v -200.70 -489.91 11.79
v -228.29 -484.62 3.68
v -197.74 -489.85 1.74
v -205.85 -505.73 -0.75
v -225.33 -484.56 -6.37
v -197.74 -489.85 1.74
v -222.79 -466.57 -5.51
v -225.75 -466.63 4.54
v -200.70 -489.91 11.79
v -200.70 -489.91 11.79
v -225.75 -466.63 4.54
v -228.29 -484.62 3.68
v -222.79 -466.57 -5.51
v -197.74 -489.85 1.74
v -225.33 -484.56 -6.37
v -222.79 -466.57 -5.51
v -250.30 -455.85 -13.57
v -253.27 -455.91 -3.52
v -225.75 -466.63 4.54
v -225.75 -466.63 4.54
v -253.27 -455.91 -3.52
v -228.29 -484.62 3.68
v -250.30 -455.85 -13.57
v -222.79 -466.57 -5.51
v -225.33 -484.56 -6.37
v 215.08 -23.12 -2.10
v 228.98 -35.21 -2.59
v 229.00 -35.45 3.94
v 215.10 -23.36 4.43
v 215.10 -23.36 4.43
v 229.00 -35.45 3.94
v 233.22 -17.26 4.58
v 228.98 -35.21 -2.59
v 215.08 -23.12 -2.10
v 233.20 -17.02 -1.94
v 228.98 -35.21 -2.59
v 244.11 -31.32 -2.50
v 244.13 -31.56 4.02
v 229.00 -35.45 3.94
v 229.00 -35.45 3.94
v 244.13 -31.56 4.02
v 233.22 -17.26 4.58
v 244.11 -31.32 -2.50
v 228.98 -35.21 -2.59
v 233.20 -17.02 -1.94
v 244.11 -31.32 -2.50
v 249.36 -20.09 -2.11
v 249.38 -20.33 4.41
v 244.13 -31.56 4.02
v 244.13 -31.56 4.02
v 249.38 -20.33 4.41
v 233.22 -17.26 4.58
v 249.36 -20.09 -2.11
v 244.11 -31.32 -2.50
v 233.20 -17.02 -1.94
v 249.36 -20.09 -2.11
v 251.97 -2.36 -1.47
v 251.99 -2.59 5.05
v 249.38 -20.33 4.41
v 249.38 -20.33 4.41
v 251.99 -2.59 5.05
v 233.22 -17.26 4.58
v 251.97 -2.36 -1.47
v 249.36 -20.09 -2.11
v 233.20 -17.02 -1.94
v 251.97 -2.36 -1.47
v 231.09 2.92 -1.21
v 231.12 2.68 5.32
v 251.99 -2.59 5.05
v 251.99 -2.59 5.05
v 231.12 2.68 5.32
v 233.22 -17.26 4.58
v 231.09 2.92 -1.21
v 251.97 -2.36 -1.47
v 233.20 -17.02 -1.94
v 231.09 2.92 -1.21
v 219.83 -10.30 -1.65
v 219.85 -10.53 4.88
v 231.12 2.68 5.32
v 231.12 2.68 5.32
v 219.85 -10.53 4.88
v 233.22 -17.26 4.58
v 219.83 -10.30 -1.65
v 231.09 2.92 -1.21
v 233.20 -17.02 -1.94
v 219.83 -10.30 -1.65
v 215.08 -23.12 -2.10
v 215.10 -23.36 4.43
v 219.85 -10.53 4.88
v 219.85 -10.53 4.88
v 215.10 -23.36 4.43
v 233.22 -17.26 4.58
v 215.08 -23.12 -2.10
v 219.83 -10.30 -1.65
v 233.20 -17.02 -1.94
v -511.84 57.03 -42.78
v -479.09 54.46 -27.62
v -482.97 49.27 -20.13
v -515.71 51.85 -35.29
v -515.71 51.85 -35.29
v -482.97 49.27 -20.13
v -504.71 95.36 0.50
v -479.09 54.46 -27.62
v -511.84 57.03 -42.78
v -500.84 100.54 -6.99
v -479.09 54.46 -27.62
v -465.18 100.52 11.44
v -469.05 95.34 18.93
v -482.97 49.27 -20.13
v -482.97 49.27 -20.13
v -469.05 95.34 18.93
v -504.71 95.36 0.50
v -465.18 100.52 11.44
v -479.09 54.46 -27.62
v -500.84 100.54 -6.99
v -465.18 100.52 11.44
v -473.83 137.35 32.44
v -477.70 132.16 39.93
v -469.05 95.34 18.93
v -469.05 95.34 18.93
v -477.70 132.16 39.93
v -504.71 95.36 0.50
v -473.83 137.35 32.44
v -465.18 100.52 11.44
v -500.84 100.54 -6.99
v -473.83 137.35 32.44
v -504.61 137.95 16.93
v -508.49 132.76 24.43
v -477.70 132.16 39.93
v -477.70 132.16 39.93
v -508.49 132.76 24.43
v -504.71 95.36 0.50
v -504.61 137.95 16.93
v -473.83 137.35 32.44
v -500.84 100.54 -6.99
v -504.61 137.95 16.93
v -526.88 119.87 -7.09
v -530.75 114.69 0.41
v -508.49 132.76 24.43
v -508.49 132.76 24.43
v -530.75 114.69 0.41
v -504.71 95.36 0.50
v -526.88 119.87 -7.09
v -504.61 137.95 16.93
v -500.84 100.54 -6.99
v -526.88 119.87 -7.09
v -527.52 74.32 -38.93
v -531.40 69.14 -31.44
v -530.75 114.69 0.41
v -530.75 114.69 0.41
v -531.40 69.14 -31.44
v -504.71 95.36 0.50
v -527.52 74.32 -38.93
v -526.88 119.87 -7.09
v -500.84 100.54 -6.99
v -527.52 74.32 -38.93
v -511.84 57.03 -42.78
v -515.71 51.85 -35.29
v -531.40 69.14 -31.44
v -531.40 69.14 -31.44
v -515.71 51.85 -35.29
v -504.71 95.36 0.50
v -511.84 57.03 -42.78
v -527.52 74.32 -38.93
v -500.84 100.54 -6.99
v 166.43 119.41 -23.60
v 175.13 178.97 -15.79
v 177.05 177.55 -7.10
v 168.34 117.99 -14.90
v 168.34 117.99 -14.90
v 177.05 177.55 -7.10
v 117.91 150.89 1.57
v 175.13 178.97 -15.79
v 166.43 119.41 -23.60
v 116.00 152.30 -7.12
v 175.13 178.97 -15.79
v 141.26 195.39 -5.66
v 143.18 193.97 3.03
v 177.05 177.55 -7.10
v 177.05 177.55 -7.10
v 143.18 193.97 3.03
v 117.91 150.89 1.57
v 141.26 195.39 -5.66
v 175.13 178.97 -15.79
v 116.00 152.30 -7.12
v 141.26 195.39 -5.66
v 112.99 189.26 -0.43
v 114.90 187.85 8.26
v 143.18 193.97 3.03
v 143.18 193.97 3.03
v 114.90 187.85 8.26
v 117.91 150.89 1.57
v 112.99 189.26 -0.43
v 141.26 195.39 -5.66
v 116.00 152.30 -7.12
v 112.99 189.26 -0.43
v 86.65 199.82 7.09
v 88.57 198.40 15.78
v 114.90 187.85 8.26
v 114.90 187.85 8.26
v 88.57 198.40 15.78
v 117.91 150.89 1.57
v 86.65 199.82 7.09
v 112.99 189.26 -0.43
v 116.00 152.30 -7.12
v 86.65 199.82 7.09
v 67.57 156.02 4.14
v 69.49 154.60 12.84
v 88.57 198.40 15.78
v 88.57 198.40 15.78
v 69.49 154.60 12.84
v 117.91 150.89 1.57
v 67.57 156.02 4.14
v 86.65 199.82 7.09
v 116.00 152.30 -7.12
v 67.57 156.02 4.14
v 61.56 113.44 -1.48
v 63.47 112.03 7.21
v 69.49 154.60 12.84
v 69.49 154.60 12.84
v 63.47 112.03 7.21
v 117.91 150.89 1.57
v 61.56 113.44 -1.48
v 67.57 156.02 4.14
v 116.00 152.30 -7.12
v 61.56 113.44 -1.48
v 112.28 112.19 -12.85
v 114.20 110.77 -4.16
v 63.47 112.03 7.21
v 63.47 112.03 7.21
v 114.20 110.77 -4.16
v 117.91 150.89 1.57
v 112.28 112.19 -12.85
v 61.56 113.44 -1.48
v 116.00 152.30 -7.12
v 112.28 112.19 -12.85
v 126.38 91.46 -19.34
v 128.29 90.05 -10.64
v 114.20 110.77 -4.16
v 114.20 110.77 -4.16
v 128.29 90.05 -10.64
v 117.91 150.89 1.57
v 126.38 91.46 -19.34
v 112.28 112.19 -12.85
v 116.00 152.30 -7.12
v 126.38 91.46 -19.34
v 166.43 119.41 -23.60
v 168.34 117.99 -14.90
v 128.29 90.05 -10.64
v 128.29 90.05 -10.64
v 168.34 117.99 -14.90
v 117.91 150.89 1.57
v 166.43 119.41 -23.60
v 126.38 91.46 -19.34
v 116.00 152.30 -7.12
v 51.13 -453.15 19.37
v 62.30 -445.98 8.87
v 66.80 -442.00 16.37
v 55.63 -449.18 26.87
v 55.63 -449.18 26.87
v 66.80 -442.00 16.37
v 53.36 -421.35 13.48
v 62.30 -445.98 8.87
v 51.13 -453.15 19.37
v 48.86 -425.32 5.98
v 62.30 -445.98 8.87
v 68.51 -426.44 -5.21
v 73.01 -422.47 2.29
v 66.80 -442.00 16.37
v 66.80 -442.00 16.37
v 73.01 -422.47 2.29
v 53.36 -421.35 13.48
v 68.51 -426.44 -5.21
v 62.30 -445.98 8.87
v 48.86 -425.32 5.98
v 68.51 -426.44 -5.21
v 66.76 -409.34 -13.22
v 71.26 -405.37 -5.72
v 73.01 -422.47 2.29
v 73.01 -422.47 2.29
v 71.26 -405.37 -5.72
v 53.36 -421.35 13.48
v 66.76 -409.34 -13.22
v 68.51 -426.44 -5.21
v 48.86 -425.32 5.98
v 66.76 -409.34 -13.22
v 49.60 -398.58 -8.63
v 54.10 -394.61 -1.12
v 71.26 -405.37 -5.72
v 71.26 -405.37 -5.72
v 54.10 -394.61 -1.12
v 53.36 -421.35 13.48
v 49.60 -398.58 -8.63
v 66.76 -409.34 -13.22
v 48.86 -425.32 5.98
v 49.60 -398.58 -8.63
v 38.46 -407.97 3.03
v 42.96 -403.99 10.53
v 54.10 -394.61 -1.12
v 54.10 -394.61 -1.12
v 42.96 -403.99 10.53
v 53.36 -421.35 13.48
v 38.46 -407.97 3.03
v 49.60 -398.58 -8.63
v 48.86 -425.32 5.98
v 38.46 -407.97 3.03
v 29.01 -423.60 16.97
v 33.51 -419.62 24.47
v 42.96 -403.99 10.53
v 42.96 -403.99 10.53
v 33.51 -419.62 24.47
v 53.36 -421.35 13.48
v 29.01 -423.60 16.97
v 38.46 -407.97 3.03
v 48.86 -425.32 5.98
v 29.01 -423.60 16.97
v 32.21 -449.40 28.72
v 36.71 -445.42 36.22
v 33.51 -419.62 24.47
v 33.51 -419.62 24.47
v 36.71 -445.42 36.22
v 53.36 -421.35 13.48
v 32.21 -449.40 28.72
v 29.01 -423.60 16.97
v 48.86 -425.32 5.98
v 32.21 -449.40 28.72
v 51.13 -453.15 19.37
v 55.63 -449.18 26.87
v 36.71 -445.42 36.22
v 36.71 -445.42 36.22
v 55.63 -449.18 26.87
v 53.36 -421.35 13.48
v 51.13 -453.15 19.37
v 32.21 -449.40 28.72
v 48.86 -425.32 5.98
v 3.19 390.45 -2.14
v -14.19 386.72 -11.48
v -18.25 390.39 -5.40
v -0.87 394.12 3.94
v -0.87 394.12 3.94
v -18.25 390.39 -5.40
v -8.10 376.49 9.74
v -14.19 386.72 -11.48
v 3.19 390.45 -2.14
v -4.04 372.82 3.66
v -14.19 386.72 -11.48
v -21.75 375.12 -9.54
v -25.81 378.79 -3.46
v -18.25 390.39 -5.40
v -18.25 390.39 -5.40
v -25.81 378.79 -3.46
v -8.10 376.49 9.74
v -21.75 375.12 -9.54
v -14.19 386.72 -11.48
v -4.04 372.82 3.66
v -21.75 375.12 -9.54
v -29.98 360.19 -6.03
v -34.04 363.86 0.05
v -25.81 378.79 -3.46
v -25.81 378.79 -3.46
v -34.04 363.86 0.05
v -8.10 376.49 9.74
v -29.98 360.19 -6.03
v -21.75 375.12 -9.54
v -4.04 372.82 3.66
v -29.98 360.19 -6.03
v -13.75 355.50 7.62
v -17.81 359.17 13.70
v -34.04 363.86 0.05
v -34.04 363.86 0.05
v -17.81 359.17 13.70
v -8.10 376.49 9.74
v -13.75 355.50 7.62
v -29.98 360.19 -6.03
v -4.04 372.82 3.66
v -13.75 355.50 7.62
v 0.18 348.61 21.07
v -3.88 352.28 27.15
v -17.81 359.17 13.70
v -17.81 359.17 13.70
v -3.88 352.28 27.15
v -8.10 376.49 9.74
v 0.18 348.61 21.07
v -13.75 355.50 7.62
v -4.04 372.82 3.66
v 0.18 348.61 21.07
v 10.32 370.14 14.86
v 6.27 373.80 20.95
v -3.88 352.28 27.15
v -3.88 352.28 27.15
v 6.27 373.80 20.95
v -8.10 376.49 9.74
v 10.32 370.14 14.86
v 0.18 348.61 21.07
v -4.04 372.82 3.66
v 10.32 370.14 14.86
v 22.47 385.75 13.56
v 18.41 389.41 19.64
v 6.27 373.80 20.95
v 6.27 373.80 20.95
v 18.41 389.41 19.64
v -8.10 376.49 9.74
v 22.47 385.75 13.56
v 10.32 370.14 14.86
v -4.04 372.82 3.66
v 22.47 385.75 13.56
v 3.19 390.45 -2.14
v -0.87 394.12 3.94
v 18.41 389.41 19.64
v 18.41 389.41 19.64
v -0.87 394.12 3.94
v -8.10 376.49 9.74
v 3.19 390.45 -2.14
v 22.47 385.75 13.56
v -4.04 372.82 3.66
v -30.62 163.09 -21.71
v -43.56 152.11 -17.71
v -45.18 155.58 -13.44
v -32.24 166.56 -17.44
v -32.24 166.56 -17.44
v -45.18 155.58 -13.44
v -25.44 150.32 -1.69
v -43.56 152.11 -17.71
v -30.62 163.09 -21.71
v -23.82 146.85 -5.96
v -43.56 152.11 -17.71
v -35.72 131.60 1.90
v -37.34 135.07 6.17
v -45.18 155.58 -13.44
v -45.18 155.58 -13.44
v -37.34 135.07 6.17
v -25.44 150.32 -1.69
v -35.72 131.60 1.90
v -43.56 152.11 -17.71
v -23.82 146.85 -5.96
v -35.72 131.60 1.90
v -21.19 126.11 11.87
v -22.81 129.58 16.14
v -37.34 135.07 6.17
v -37.34 135.07 6.17
v -22.81 129.58 16.14
v -25.44 150.32 -1.69
v -21.19 126.11 11.87
v -35.72 131.60 1.90
v -23.82 146.85 -5.96
v -21.19 126.11 11.87
v -12.45 131.00 11.21
v -14.07 134.47 15.48
v -22.81 129.58 16.14
v -22.81 129.58 16.14
v -14.07 134.47 15.48
v -25.44 150.32 -1.69
v -12.45 131.00 11.21
v -21.19 126.11 11.87
v -23.82 146.85 -5.96
v -12.45 131.00 11.21
v -11.28 146.21 -0.68
v -12.90 149.68 3.59
v -14.07 134.47 15.48
v -14.07 134.47 15.48
v -12.90 149.68 3.59
v -25.44 150.32 -1.69
v -11.28 146.21 -0.68
v -12.45 131.00 11.21
v -23.82 146.85 -5.96
v -11.28 146.21 -0.68
v -17.97 160.76 -15.02
v -19.59 164.22 -10.75
v -12.90 149.68 3.59
v -12.90 149.68 3.59
v -19.59 164.22 -10.75
v -25.44 150.32 -1.69
v -17.97 160.76 -15.02
v -11.28 146.21 -0.68
v -23.82 146.85 -5.96
v -17.97 160.76 -15.02
v -30.62 163.09 -21.71
v -32.24 166.56 -17.44
v -19.59 164.22 -10.75
v -19.59 164.22 -10.75
v -32.24 166.56 -17.44
v -25.44 150.32 -1.69
v -30.62 163.09 -21.71
v -17.97 160.76 -15.02
v -23.82 146.85 -5.96
v -0.19 429.49 8.25
v -3.29 441.97 7.21
v -9.05 441.54 19.17
v -5.95 429.06 20.21
v -5.95 429.06 20.21
v -9.05 441.54 19.17
v -28.91 436.62 9.43
v -3.29 441.97 7.21
v -0.19 429.49 8.25
v -23.15 437.05 -2.53
v -3.29 441.97 7.21
v -7.72 452.01 5.44
v -13.47 451.58 17.40
v -9.05 441.54 19.17
v -9.05 441.54 19.17
v -13.47 451.58 17.40
v -28.91 436.62 9.43
v -7.72 452.01 5.44
v -3.29 441.97 7.21
v -23.15 437.05 -2.53
v -7.72 452.01 5.44
v -30.11 452.83 -5.31
v -35.87 452.40 6.65
v -13.47 451.58 17.40
v -13.47 451.58 17.40
v -35.87 452.40 6.65
v -28.91 436.62 9.43
v -30.11 452.83 -5.31
v -7.72 452.01 5.44
v -23.15 437.05 -2.53
v -30.11 452.83 -5.31
v -51.12 454.29 -15.37
v -56.88 453.86 -3.41
v -35.87 452.40 6.65
v -35.87 452.40 6.65
v -56.88 453.86 -3.41
v -28.91 436.62 9.43
v -51.12 454.29 -15.37
v -30.11 452.83 -5.31
v -23.15 437.05 -2.53
v -51.12 454.29 -15.37
v -50.64 443.06 -15.54
v -56.40 442.63 -3.58
v -56.88 453.86 -3.41
v -56.88 453.86 -3.41
v -56.40 442.63 -3.58
v -28.91 436.62 9.43
v -50.64 443.06 -15.54
v -51.12 454.29 -15.37
v -23.15 437.05 -2.53
v -50.64 443.06 -15.54
v -45.79 424.86 -13.86
v -51.55 424.43 -1.90
v -56.40 442.63 -3.58
v -56.40 442.63 -3.58
v -51.55 424.43 -1.90
v -28.91 436.62 9.43
v -45.79 424.86 -13.86
v -50.64 443.06 -15.54
v -23.15 437.05 -2.53
v -45.79 424.86 -13.86
v -17.23 420.12 -0.29
v -22.99 419.69 11.68
v -51.55 424.43 -1.90
v -51.55 424.43 -1.90
v -22.99 419.69 11.68
v -28.91 436.62 9.43
v -17.23 420.12 -0.29
v -45.79 424.86 -13.86
v -23.15 437.05 -2.53
v -17.23 420.12 -0.29
v -2.66 417.80 6.64
v -8.42 417.37 18.60
v -22.99 419.69 11.68
v -22.99 419.69 11.68
v -8.42 417.37 18.60
v -28.91 436.62 9.43
v -2.66 417.80 6.64
v -17.23 420.12 -0.29
v -23.15 437.05 -2.53
v -2.66 417.80 6.64
v -0.19 429.49 8.25
v -5.95 429.06 20.21
v -8.42 417.37 18.60
v -8.42 417.37 18.60
v -5.95 429.06 20.21
v -28.91 436.62 9.43
v -0.19 429.49 8.25
v -2.66 417.80 6.64
v -23.15 437.05 -2.53
v -119.49 -23.37 9.66
v -144.51 -13.63 6.67
v -145.15 -13.52 12.42
v -120.13 -23.26 15.41
v -120.13 -23.26 15.41
v -145.15 -13.52 12.42
v -152.79 -33.68 11.96
v -144.51 -13.63 6.67
v -119.49 -23.37 9.66
v -152.14 -33.79 6.21
v -144.51 -13.63 6.67
v -173.23 -16.12 3.51
v -173.87 -16.01 9.26
v -145.15 -13.52 12.42
v -145.15 -13.52 12.42
v -173.87 -16.01 9.26
v -152.79 -33.68 11.96
v -173.23 -16.12 3.51
v -144.51 -13.63 6.67
v -152.14 -33.79 6.21
v -173.23 -16.12 3.51
v -175.55 -39.64 3.71
v -176.20 -39.53 9.46
v -173.87 -16.01 9.26
v -173.87 -16.01 9.26
v -176.20 -39.53 9.46
v -152.79 -33.68 11.96
v -175.55 -39.64 3.71
v -173.23 -16.12 3.51
v -152.14 -33.79 6.21
v -175.55 -39.64 3.71
v -163.60 -55.12 5.35
v -164.24 -55.01 11.10
v -176.20 -39.53 9.46
v -176.20 -39.53 9.46
v -164.24 -55.01 11.10
v -152.79 -33.68 11.96
v -163.60 -55.12 5.35
v -175.55 -39.64 3.71
v -152.14 -33.79 6.21
v -163.60 -55.12 5.35
v -124.67 -55.10 9.70
v -125.32 -54.99 15.45
v -164.24 -55.01 11.10
v -164.24 -55.01 11.10
v -125.32 -54.99 15.45
v -152.79 -33.68 11.96
v -124.67 -55.10 9.70
v -163.60 -55.12 5.35
v -152.14 -33.79 6.21
v -124.67 -55.10 9.70
v -119.49 -23.37 9.66
v -120.13 -23.26 15.41
v -125.32 -54.99 15.45
v -125.32 -54.99 15.45
v -120.13 -23.26 15.41
v -152.79 -33.68 11.96
v -119.49 -23.37 9.66
v -124.67 -55.10 9.70
v -152.14 -33.79 6.21
v -87.28 -228.25 -2.58
v -106.22 -186.75 -5.69
v -107.25 -186.52 3.68
v -88.31 -228.02 6.78
v -88.31 -228.02 6.78
v -107.25 -186.52 3.68
v -134.80 -228.36 1.67
v -106.22 -186.75 -5.69
v -87.28 -228.25 -2.58
v -133.77 -228.59 -7.70
v -106.22 -186.75 -5.69
v -130.99 -188.20 -8.38
v -132.02 -187.97 0.98
v -107.25 -186.52 3.68
v -107.25 -186.52 3.68
v -132.02 -187.97 0.98
v -134.80 -228.36 1.67
v -130.99 -188.20 -8.38
v -106.22 -186.75 -5.69
v -133.77 -228.59 -7.70
v -130.99 -188.20 -8.38
v -163.43 -191.13 -11.88
v -164.46 -190.90 -2.52
v -132.02 -187.97 0.98
v -132.02 -187.97 0.98
v -164.46 -190.90 -2.52
v -134.80 -228.36 1.67
v -163.43 -191.13 -11.88
v -130.99 -188.20 -8.38
v -133.77 -228.59 -7.70
v -163.43 -191.13 -11.88
v -167.00 -228.08 -11.37
v -168.03 -227.85 -2.00
v -164.46 -190.90 -2.52
v -164.46 -190.90 -2.52
v -168.03 -227.85 -2.00
v -134.80 -228.36 1.67
v -167.00 -228.08 -11.37
v -163.43 -191.13 -11.88
v -133.77 -228.59 -7.70
v -167.00 -228.08 -11.37
v -156.96 -246.73 -9.81
v -158.00 -246.50 -0.44
v -168.03 -227.85 -2.00
v -168.03 -227.85 -2.00
v -158.00 -246.50 -0.44
v -134.80 -228.36 1.67
v -156.96 -246.73 -9.81
v -167.00 -228.08 -11.37
v -133.77 -228.59 -7.70
v -156.96 -246.73 -9.81
v -120.08 -276.58 -5.01
v -121.11 -276.35 4.36
v -158.00 -246.50 -0.44
v -158.00 -246.50 -0.44
v -121.11 -276.35 4.36
v -134.80 -228.36 1.67
v -120.08 -276.58 -5.01
v -156.96 -246.73 -9.81
v -133.77 -228.59 -7.70
v -120.08 -276.58 -5.01
v -100.02 -259.43 -3.22
v -101.05 -259.20 6.14
v -121.11 -276.35 4.36
v -121.11 -276.35 4.36
v -101.05 -259.20 6.14
v -134.80 -228.36 1.67
v -100.02 -259.43 -3.22
v -120.08 -276.58 -5.01
v -133.77 -228.59 -7.70
v -100.02 -259.43 -3.22
v -87.28 -228.25 -2.58
v -88.31 -228.02 6.78
v -101.05 -259.20 6.14
v -101.05 -259.20 6.14
v -88.31 -228.02 6.78
v -134.80 -228.36 1.67
v -87.28 -228.25 -2.58
v -100.02 -259.43 -3.22
v -133.77 -228.59 -7.70
v -107.68 214.37 -3.19
v -75.60 208.13 -3.28
v -75.63 207.83 7.01
v -107.71 214.06 7.10
v -107.71 214.06 7.10
v -75.63 207.83 7.01
v -80.88 236.89 7.85
v -75.60 208.13 -3.28
v -107.68 214.37 -3.19
v -80.85 237.19 -2.45
v -75.60 208.13 -3.28
v -53.52 221.72 -2.82
v -53.55 221.42 7.47
v -75.63 207.83 7.01
v -75.63 207.83 7.01
v -53.55 221.42 7.47
v -80.88 236.89 7.85
v -53.52 221.72 -2.82
v -75.60 208.13 -3.28
v -80.85 237.19 -2.45
v -53.52 221.72 -2.82
v -41.97 253.75 -1.85
v -42.00 253.44 8.44
v -53.55 221.42 7.47
v -53.55 221.42 7.47
v -42.00 253.44 8.44
v -80.88 236.89 7.85
v -41.97 253.75 -1.85
v -53.52 221.72 -2.82
v -80.85 237.19 -2.45
v -41.97 253.75 -1.85
v -58.11 274.54 -1.29
v -58.14 274.24 9.01
v -42.00 253.44 8.44
v -42.00 253.44 8.44
v -58.14 274.24 9.01
v -80.88 236.89 7.85
v -58.11 274.54 -1.29
v -41.97 253.75 -1.85
v -80.85 237.19 -2.45
v -58.11 274.54 -1.29
v -94.89 256.40 -1.92
v -94.92 256.10 8.37
v -58.14 274.24 9.01
v -58.14 274.24 9.01
v -94.92 256.10 8.37
v -80.88 236.89 7.85
v -94.89 256.40 -1.92
v -58.11 274.54 -1.29
v -80.85 237.19 -2.45
v -94.89 256.40 -1.92
v -116.39 231.90 -2.70
v -116.42 231.60 7.59
v -94.92 256.10 8.37
v -94.92 256.10 8.37
v -116.42 231.60 7.59
v -80.88 236.89 7.85
v -116.39 231.90 -2.70
v -94.89 256.40 -1.92
v -80.85 237.19 -2.45
v -116.39 231.90 -2.70
v -107.68 214.37 -3.19
v -107.71 214.06 7.10
v -116.42 231.60 7.59
v -116.42 231.60 7.59
v -107.71 214.06 7.10
v -80.88 236.89 7.85
v -107.68 214.37 -3.19
v -116.39 231.90 -2.70
v -80.85 237.19 -2.45
v -163.28 407.19 4.22
v -167.08 386.76 5.44
v -164.90 386.78 12.57
v -161.09 407.21 11.34
v -161.09 407.21 11.34
v -164.90 386.78 12.57
v -129.19 390.57 1.61
v -167.08 386.76 5.44
v -163.28 407.19 4.22
v -131.37 390.54 -5.52
v -167.08 386.76 5.44
v -140.62 355.58 -2.58
v -138.44 355.60 4.55
v -164.90 386.78 12.57
v -164.90 386.78 12.57
v -138.44 355.60 4.55
v -129.19 390.57 1.61
v -140.62 355.58 -2.58
v -167.08 386.76 5.44
v -131.37 390.54 -5.52
v -140.62 355.58 -2.58
v -113.96 358.77 -10.76
v -111.78 358.79 -3.64
v -138.44 355.60 4.55
v -138.44 355.60 4.55
v -111.78 358.79 -3.64
v -129.19 390.57 1.61
v -113.96 358.77 -10.76
v -140.62 355.58 -2.58
v -131.37 390.54 -5.52
v -113.96 358.77 -10.76
v -103.57 388.66 -14.04
v -101.39 388.68 -6.91
v -111.78 358.79 -3.64
v -111.78 358.79 -3.64
v -101.39 388.68 -6.91
v -129.19 390.57 1.61
v -103.57 388.66 -14.04
v -113.96 358.77 -10.76
v -131.37 390.54 -5.52
v -103.57 388.66 -14.04
v -113.06 401.79 -11.17
v -110.87 401.82 -4.04
v -101.39 388.68 -6.91
v -101.39 388.68 -6.91
v -110.87 401.82 -4.04
v -129.19 390.57 1.61
v -113.06 401.79 -11.17
v -103.57 388.66 -14.04
v -131.37 390.54 -5.52
v -113.06 401.79 -11.17
v -139.29 423.11 -3.19
v -137.11 423.13 3.94
v -110.87 401.82 -4.04
v -110.87 401.82 -4.04
v -137.11 423.13 3.94
v -129.19 390.57 1.61
v -139.29 423.11 -3.19
v -113.06 401.79 -11.17
v -131.37 390.54 -5.52
v -139.29 423.11 -3.19
v -163.28 407.19 4.22
v -161.09 407.21 11.34
v -137.11 423.13 3.94
v -137.11 423.13 3.94
v -161.09 407.21 11.34
v -129.19 390.57 1.61
v -163.28 407.19 4.22
v -139.29 423.11 -3.19
v -131.37 390.54 -5.52
vt 0.0000 0.0000
vt 0.1640 0.0000
vt 0.0805 0.2534
vt -0.0295 0.1780
vt 0.0000 0.0000
vt 0.2169 0.0000
vt 0.2216 0.1397
vt -0.0424 0.1407
vt 0.0000 0.0000
vt 0.1805 -0.0000
vt 0.2187 0.1425
vt 0.0032 0.1185
vt 0.0000 0.0000
vt 0.1891 0.0000
vt 0.1550 0.2623
vt 0.0154 0.2679
vt 0.0000 0.0000
vt 0.1186 0.0000
vt 0.1813 0.1303
vt -0.0029 0.1640
vt 0.0000 0.0000
vt 0.1364 0.0000
vt 0.1734 0.1310
vt 0.0370 0.1430
vt 0.0000 0.0000
vt 0.2193 0.0000
vt 0.2809 0.2254
vt 0.0032 0.2404
vt 0.0000 0.0000
vt 0.2083 0.0000
vt 0.1508 0.2759
vt -0.0577 0.2314
vt 0.0000 0.0000
vt 0.2404 0.0000
vt 0.2397 0.1213
vt 0.0332 0.1352
vt 0.0000 0.0000
vt 0.1527 0.0000
vt 0.1673 0.2142
vt 0.0092 0.2347
vt 0.0000 0.0000
vt 0.1392 -0.0000
vt 0.0916 0.2300
vt -0.0542 0.2125
vt 0.0000 0.0000
vt 0.2791 0.0000
vt 0.2372 0.1564
vt -0.0442 0.1154
vt 0.0000 0.0000
vt 0.1473 -0.0000
vt 0.1259 0.1127
vt -0.0184 0.1076
vt 0.0000 0.0000
vt 0.1152 -0.0000
vt 0.0815 0.1471
vt -0.0392 0.1329
vt 0.0000 0.0000
vt 0.1091 0.0000
vt 0.1203 0.0569
vt 0.0064 0.0728
vt 0.0000 0.0000
vt 0.0596 0.0000
vt 0.0601 0.1230
vt 0.0136 0.1148
vt 0.0000 0.0000
vt 0.0731 0.0000
vt 0.0632 0.1380
vt 0.0048 0.1472
vt 0.0000 0.0000
vt 0.1451 -0.0000
vt 0.1517 0.0476
vt -0.0004 0.0585
vt 0.0000 0.0000
vt 0.1197 0.0000
vt 0.1304 0.1243
vt -0.0020 0.1326
vt 0.0000 0.0000
vt 0.1235 -0.0000
vt 0.1419 0.1430
vt 0.0324 0.1404
vt 0.0000 0.0000
vt 0.1326 0.0000
vt 0.1528 0.0724
vt 0.0339 0.1055
vt 0.0000 0.0000
vt 0.1030 0.0000
vt 0.1332 0.1060
vt 0.0591 0.1129
vt 0.0000 0.0000
vt 0.1108 0.0000
vt 0.1137 0.1398
vt 0.0193 0.1182
vt 0.0000 0.0000
vt 0.1352 0.0000
vt 0.1463 0.0705
vt 0.0032 0.0754
vt 0.0000 0.0000
vt 0.2537 0.0000
vt 0.1933 0.2028
vt -0.0364 0.1667
vt 0.0000 0.0000
vt 0.2240 -0.0000
vt 0.1929 0.2300
vt -0.0532 0.2470
vt 0.0000 0.0000
vt 0.1706 0.0000
vt 0.2233 0.0804
vt 0.0048 0.1293
vt 0.0000 0.0000
vt 0.1690 0.0000
vt 0.1212 0.2420
vt -0.0162 0.2121
vt 0.0000 0.0000
vt 0.1294 0.0000
vt 0.1386 0.2525
vt -0.0304 0.2519
vt 0.0000 0.0000
vt 0.2336 0.0000
vt 0.2081 0.1301
vt -0.0164 0.0948
vt 0.0000 0.0000
vt 0.0996 0.0000
vt 0.1027 0.1343
vt -0.0057 0.1197
vt 0.0000 0.0000
vt 0.1098 0.0000
vt 0.0840 0.1220
vt -0.0085 0.0944
vt 0.0000 0.0000
vt 0.1198 -0.0000
vt 0.1298 0.0918
vt 0.0220 0.0760
vt 0.0000 0.0000
vt 0.0718 0.0000
vt 0.1125 0.0878
vt 0.0518 0.1240
vt 0.0000 0.0000
vt 0.0791 0.0000
vt 0.0842 0.0942
vt 0.0131 0.0987
vt 0.0000 0.0000
vt 0.1095 -0.0000
vt 0.1204 0.0682
vt -0.0010 0.0933
vt 0.0000 0.0000
vt 0.1022 -0.0000
vt 0.1331 0.1546
vt 0.0275 0.1785
vt 0.0000 0.0000
vt 0.1830 0.0000
vt 0.1631 0.1267
vt 0.0045 0.1475
vt 0.0000 0.0000
vt 0.1806 -0.0000
vt 0.1976 0.0840
vt 0.0176 0.1153
vt 0.0000 0.0000
vt 0.0732 -0.0000
vt 0.0919 0.1593
vt -0.0095 0.1595
vt 0.0000 0.0000
vt 0.1167 -0.0000
vt 0.0635 0.1372
vt 0.0001 0.1022
vt 0.0000 0.0000
vt 0.1113 0.0000
vt 0.0997 0.1074
vt -0.0317 0.0802
vt 0.0000 0.0000
vt 0.2453 0.0000
vt 0.2374 0.2396
vt 0.0132 0.2313
vt 0.0000 0.0000
vt 0.2305 -0.0000
vt 0.2264 0.1774
vt -0.0141 0.1738
vt 0.0000 0.0000
vt 0.2317 -0.0000
vt 0.2051 0.1821
vt -0.0186 0.1519
vt 0.0000 0.0000
vt 0.1960 0.0000
vt 0.1722 0.2421
vt -0.0414 0.2362
vt 0.0000 0.0000
vt 0.1530 0.0000
vt 0.2589 0.1385
vt 0.0856 0.2299
vt 0.0000 0.0000
vt 0.2244 0.0000
vt 0.1949 0.2116
vt 0.0152 0.1893
vt 0.0000 0.0000
vt 0.2750 -0.0000
vt 0.3127 0.2336
vt -0.0279 0.1943
vt 0.0000 0.0000
vt 0.2773 -0.0000
vt 0.3462 0.2577
vt 0.0496 0.3138
vt 0.0000 0.0000
vt 0.1962 0.0000
vt 0.1467 0.2735
vt -0.1065 0.2323
vt 0.0000 0.0000
vt 0.1890 -0.0000
vt 0.0753 0.2755
vt -0.1378 0.1924
vt 0.0000 0.0000
vt 0.2555 0.0000
vt 0.1490 0.2977
vt -0.0358 0.2727
vt 0.0000 0.0000
vt 0.3428 0.0000
vt 0.3043 0.2308
vt 0.0450 0.2938
vt 0.0000 0.0000
vt 0.1488 -0.0000
vt 0.1578 0.1187
vt 0.0328 0.1584
vt 0.0000 0.0000
vt 0.1191 0.0000
vt 0.1175 0.1254
vt -0.0064 0.1151
vt 0.0000 0.0000
vt 0.1618 0.0000
vt 0.1250 0.1033
vt 0.0067 0.0935
vt 0.0000 0.0000
vt 0.1268 -0.0000
vt 0.1095 0.1199
vt -0.0139 0.1201
vt 0.0000 0.0000
vt 0.0938 -0.0000
vt 0.1108 0.1065
vt -0.0017 0.1488
vt 0.0000 0.0000
vt 0.1328 0.0000
vt 0.1516 0.1261
vt 0.0267 0.1068
vt 0.0000 0.0000
vt 0.1474 -0.0000
vt 0.1468 0.1435
vt -0.0086 0.1937
vt 0.0000 0.0000
vt 0.1622 -0.0000
vt 0.1781 0.1955
vt -0.0344 0.1813
vt 0.0000 0.0000
vt 0.1939 0.0000
vt 0.1510 0.1572
vt 0.0018 0.1081
vt 0.0000 0.0000
vt 0.1442 0.0000
vt 0.0617 0.1988
vt -0.0345 0.1441
vt 0.0000 0.0000
vt 0.1081 -0.0000
vt 0.0838 0.1698
vt -0.0402 0.1418
vt 0.0000 0.0000
vt 0.1674 -0.0000
vt 0.2361 0.0926
vt 0.0470 0.1612
vt 0.0000 0.0000
vt 0.4090 0.0000
vt 0.3549 0.4621
vt 0.1179 0.4286
vt 0.0000 0.0000
vt 0.4755 0.0000
vt 0.4883 0.1909
vt 0.0818 0.3394
vt 0.0000 0.0000
vt 0.4445 0.0000
vt 0.5011 0.2023
vt 0.0401 0.3189
vt 0.0000 0.0000
vt 0.3360 0.0000
vt 0.3298 0.4362
vt 0.0704 0.4600
vt 0.0000 0.0000
vt 0.3214 -0.0000
vt 0.3088 0.3486
vt -0.0216 0.4084
vt 0.0000 0.0000
vt 0.2396 -0.0000
vt 0.1984 0.2492
vt 0.0140 0.2096
vt 0.0000 0.0000
vt 0.1198 0.0000
vt 0.1098 0.0958
vt 0.0134 0.1045
vt 0.0000 0.0000
vt 0.1031 0.0000
vt 0.0796 0.1255
vt -0.0163 0.1026
vt 0.0000 0.0000
vt 0.1054 -0.0000
vt 0.1092 0.0538
vt 0.0109 0.0424
vt 0.0000 0.0000
vt 0.0419 0.0000
vt 0.0446 0.0995
vt 0.0132 0.0955
vt 0.0000 0.0000
vt 0.0438 -0.0000
vt 0.0780 0.0980
vt 0.0393 0.1131
vt 0.0000 0.0000
vt 0.0969 -0.0000
vt 0.1181 0.0314
vt -0.0086 0.0607
vt 0.0000 0.0000
vt 0.3017 -0.0000
vt 0.3404 0.3297
vt -0.0159 0.2764
vt 0.0000 0.0000
vt 0.2456 -0.0000
vt 0.2177 0.2912
vt -0.0725 0.2983
vt 0.0000 0.0000
vt 0.2768 0.0000
vt 0.2465 0.1956
vt 0.0045 0.2242
vt 0.0000 0.0000
vt 0.1996 0.0000
vt 0.1543 0.2754
vt 0.0381 0.3321
vt 0.0000 0.0000
vt 0.2243 0.0000
vt 0.2652 0.3040
vt 0.0662 0.2943
vt 0.0000 0.0000
vt 0.3624 0.0000
vt 0.3188 0.1439
vt 0.0321 0.1976
vt 0.0000 0.0000
vt 0.2272 0.0000
vt 0.2168 0.1918
vt 0.0087 0.1643
vt 0.0000 0.0000
vt 0.2378 -0.0000
vt 0.1791 0.1719
vt -0.0179 0.2311
vt 0.0000 0.0000
vt 0.1645 0.0000
vt 0.1728 0.2102
vt -0.0485 0.1802
vt 0.0000 0.0000
vt 0.2255 -0.0000
vt 0.1414 0.1953
vt 0.0281 0.1960
vt 0.0000 0.0000
vt 0.1866 -0.0000
vt 0.2733 0.2108
vt 0.0521 0.2211
vt 0.0000 0.0000
vt 0.2154 0.0000
vt 0.2005 0.1275
vt 0.0267 0.2240
vt 0.0000 0.0000
vt 0.3345 0.0000
vt 0.3076 0.3439
vt 0.0334 0.3174
vt 0.0000 0.0000
vt 0.5123 0.0000
vt 0.4223 0.4187
vt -0.0175 0.3861
vt 0.0000 0.0000
vt 0.3192 0.0000
vt 0.4086 0.4721
vt -0.0915 0.3838
vt 0.0000 0.0000
vt 0.4216 0.0000
vt 0.3199 0.4307
vt -0.1242 0.3222
vt 0.0000 0.0000
vt 0.3945 0.0000
vt 0.4814 0.3760
vt 0.0631 0.3285
vt 0.0000 0.0000
vt 0.2759 0.0000
vt 0.4401 0.4159
vt 0.0265 0.4845
vt 0.0000 0.0000
vt 0.2985 0.0000
vt 0.2818 0.2483
vt 0.0067 0.2052
vt 0.0000 0.0000
vt 0.2478 -0.0000
vt 0.2110 0.3138
vt -0.0410 0.2983
vt 0.0000 0.0000
vt 0.2053 0.0000
vt 0.2073 0.1373
vt -0.0332 0.1098
vt 0.0000 0.0000
vt 0.1053 0.0000
vt 0.1338 0.2544
vt -0.0081 0.2512
vt 0.0000 0.0000
vt 0.1147 0.0000
vt 0.1042 0.3006
vt -0.0003 0.2985
vt 0.0000 0.0000
vt 0.2808 0.0000
vt 0.2844 0.1389
vt -0.0330 0.1435
vt 0.0000 0.0000
vt 0.1606 -0.0000
vt 0.1086 0.1721
vt -0.0355 0.1629
vt 0.0000 0.0000
vt 0.2291 -0.0000
vt 0.1852 0.1789
vt 0.0267 0.1393
vt 0.0000 0.0000
vt 0.1667 0.0000
vt 0.2094 0.1326
vt -0.0182 0.1357
vt 0.0000 0.0000
vt 0.1353 0.0000
vt 0.2022 0.1464
vt 0.0458 0.1768
vt 0.0000 0.0000
vt 0.1369 -0.0000
vt 0.1679 0.1199
vt 0.0558 0.1505
vt 0.0000 0.0000
vt 0.1480 -0.0000
vt 0.1666 0.1608
vt -0.0167 0.1407
vt 0.0000 0.0000
vt 0.1966 -0.0000
vt 0.1661 0.1822
vt -0.0412 0.1563
vt 0.0000 0.0000
vt 0.1396 -0.0000
vt 0.0974 0.2075
vt -0.0114 0.2150
vt 0.0000 0.0000
vt 0.1616 -0.0000
vt 0.1786 0.1187
vt 0.0406 0.1331
vt 0.0000 0.0000
vt 0.1341 0.0000
vt 0.1697 0.1030
vt 0.0811 0.1662
vt 0.0000 0.0000
vt 0.1392 -0.0000
vt 0.1024 0.2112
vt -0.0292 0.1944
vt 0.0000 0.0000
vt 0.2090 0.0000
vt 0.2151 0.1021
vt 0.0074 0.1207
vt 0.0000 0.0000
vt 0.2527 -0.0000
vt 0.2633 0.2356
vt -0.0222 0.2351
vt 0.0000 0.0000
vt 0.2725 -0.0000
vt 0.3102 0.3030
vt 0.1069 0.3062
vt 0.0000 0.0000
vt 0.2362 0.0000
vt 0.2481 0.1256
vt -0.0073 0.1811
vt 0.0000 0.0000
vt 0.1631 0.0000
vt 0.1712 0.2005
vt -0.0535 0.2426
vt 0.0000 0.0000
vt 0.1813 0.0000
vt 0.0701 0.3035
vt -0.0778 0.2404
vt 0.0000 0.0000
vt 0.2960 0.0000
vt 0.2853 0.2262
vt -0.0063 0.1477
vt 0.0000 0.0000
vt 0.2234 0.0000
vt 0.2314 0.1681
vt 0.0182 0.1520
vt 0.0000 0.0000
vt 0.1462 0.0000
vt 0.1562 0.2121
vt -0.0334 0.2483
vt 0.0000 0.0000
vt 0.1531 0.0000
vt 0.1398 0.1741
vt -0.0016 0.1540
vt 0.0000 0.0000
vt 0.1593 -0.0000
vt 0.1579 0.1819
vt -0.0082 0.1683
vt 0.0000 0.0000
vt 0.1540 -0.0000
vt 0.1016 0.2450
vt -0.0551 0.2165
vt 0.0000 0.0000
vt 0.2140 0.0000
vt 0.1321 0.1585
vt -0.0800 0.1583
vt 0.0000 0.0000
vt 0.2869 0.0000
vt 0.3087 0.2909
vt 0.0505 0.2713
vt 0.0000 0.0000
vt 0.3193 0.0000
vt 0.2432 0.2552
vt -0.0134 0.2654
vt 0.0000 0.0000
vt 0.2760 -0.0000
vt 0.3127 0.2117
vt 0.0106 0.1673
vt 0.0000 0.0000
vt 0.2307 0.0000
vt 0.1976 0.2665
vt -0.0024 0.2917
vt 0.0000 0.0000
vt 0.1677 0.0000
vt 0.2811 0.2402
vt 0.0543 0.2817
vt 0.0000 0.0000
vt 0.2590 -0.0000
vt 0.2243 0.1910
vt -0.0453 0.2298
vt 0.0000 0.0000
vt 0.1763 0.0000
vt 0.2005 0.2361
vt 0.0107 0.2885
vt 0.0000 0.0000
vt 0.2343 0.0000
vt 0.2321 0.1614
vt -0.0357 0.1859
vt 0.0000 0.0000
vt 0.2887 -0.0000
vt 0.2708 0.1901
vt 0.0373 0.1729
vt 0.0000 0.0000
vt 0.1082 0.0000
vt 0.0686 0.2629
vt -0.0547 0.2350
vt 0.0000 0.0000
vt 0.1769 0.0000
vt 0.1530 0.1851
vt 0.0508 0.1689
vt 0.0000 0.0000
vt 0.2017 -0.0000
vt 0.1754 0.1317
vt 0.0233 0.1897
vt 0.0000 0.0000
vt 0.1385 -0.0000
vt 0.0837 0.1229
vt -0.0267 0.1186
vt 0.0000 0.0000
vt 0.1269 0.0000
vt 0.0848 0.1349
vt -0.0378 0.1089
vt 0.0000 0.0000
vt 0.1215 0.0000
vt 0.1159 0.0776
vt -0.0000 0.1261
vt 0.0000 0.0000
vt 0.1284 0.0000
vt 0.1021 0.1204
vt 0.0034 0.1348
vt 0.0000 0.0000
vt 0.1261 -0.0000
vt 0.1327 0.1150
vt 0.0065 0.1384
vt 0.0000 0.0000
vt 0.1108 0.0000
vt 0.1206 0.1024
vt -0.0189 0.0774
vt 0.0000 0.0000
vt 0.1754 -0.0000
vt 0.1942 0.2523
vt -0.0303 0.2512
vt 0.0000 0.0000
vt 0.2695 -0.0000
vt 0.2899 0.2074
vt 0.0543 0.2027
vt 0.0000 0.0000
vt 0.2530 -0.0000
vt 0.2736 0.1094
vt 0.0127 0.1273
vt 0.0000 0.0000
vt 0.1617 0.0000
vt 0.1840 0.2353
vt 0.0314 0.2522
vt 0.0000 0.0000
vt 0.1280 0.0000
vt 0.1061 0.2072
vt -0.0490 0.1684
vt 0.0000 0.0000
vt 0.2258 0.0000
vt 0.2256 0.1547
vt 0.0173 0.1278
vt 0.0000 0.0000
vt 0.2372 -0.0000
vt 0.2395 0.2378
vt 0.0265 0.2866
vt 0.0000 0.0000
vt 0.2548 -0.0000
vt 0.1932 0.2613
vt -0.0150 0.2453
vt 0.0000 0.0000
vt 0.2878 -0.0000
vt 0.2491 0.1503
vt 0.0002 0.1018
vt 0.0000 0.0000
vt 0.1463 0.0000
vt 0.1159 0.2116
vt -0.0382 0.2352
vt 0.0000 0.0000
vt 0.1018 0.0000
vt 0.1125 0.2450
vt -0.0325 0.2350
vt 0.0000 0.0000
vt 0.2189 0.0000
vt 0.2242 0.1564
vt -0.0484 0.1493
vt 0.0000 0.0000
vt 0.1693 -0.0000
vt 0.2317 0.1454
vt 0.0595 0.1935
vt 0.0000 0.0000
vt 0.1637 0.0000
vt 0.1281 0.1961
vt -0.0651 0.1456
vt 0.0000 0.0000
vt 0.2024 0.0000
vt 0.2368 0.1199
vt 0.0755 0.1312
vt 0.0000 0.0000
vt 0.1145 0.0000
vt 0.0685 0.1944
vt -0.0340 0.1554
vt 0.0000 0.0000
vt 0.1514 -0.0000
vt 0.1400 0.1441
vt 0.0491 0.1620
vt 0.0000 0.0000
vt 0.1795 0.0000
vt 0.1842 0.1096
vt -0.0145 0.1265
vt 0.0000 0.0000
vt 0.1541 -0.0000
vt 0.1562 0.1731
vt 0.0185 0.1431
vt 0.0000 0.0000
vt 0.1417 -0.0000
vt 0.1741 0.1097
vt 0.0290 0.1350
vt 0.0000 0.0000
vt 0.1443 -0.0000
vt 0.1279 0.1228
vt -0.0126 0.1410
vt 0.0000 0.0000
vt 0.1406 0.0000
vt 0.1422 0.1480
vt 0.0304 0.1728
vt 0.0000 0.0000
vt 0.1416 -0.0000
vt 0.1660 0.1347
vt 0.0275 0.1516
vt 0.0000 0.0000
vt 0.1438 0.0000
vt 0.1546 0.1147
vt 0.0385 0.1178
vt 0.0000 0.0000
vt 0.2812 -0.0000
vt 0.1757 0.2779
vt -0.0351 0.2550
vt 0.0000 0.0000
vt 0.3629 0.0000
vt 0.3257 0.2806
vt 0.0018 0.3092
vt 0.0000 0.0000
vt 0.2574 0.0000
vt 0.3142 0.2275
vt -0.0396 0.3065
vt 0.0000 0.0000
vt 0.2134 0.0000
vt 0.2245 0.3342
vt 0.0082 0.2980
vt 0.0000 0.0000
vt 0.3091 0.0000
vt 0.1716 0.2769
vt -0.0415 0.2781
vt 0.0000 0.0000
vt 0.2132 0.0000
vt 0.2730 0.2262
vt -0.0316 0.2329
vt 0.0000 0.0000
vt 0.3194 0.0000
vt 0.3171 0.2510
vt 0.0507 0.2520
vt 0.0000 0.0000
vt 0.2291 -0.0000
vt 0.2850 0.3082
vt 0.0071 0.3220
vt 0.0000 0.0000
vt 0.2570 0.0000
vt 0.2920 0.1125
vt 0.0635 0.1285
vt 0.0000 0.0000
vt 0.1610 0.0000
vt 0.1408 0.2759
vt 0.0184 0.2504
vt 0.0000 0.0000
vt 0.1433 0.0000
vt 0.1382 0.3167
vt -0.0119 0.3192
vt 0.0000 0.0000
vt 0.2666 0.0000
vt 0.2959 0.1278
vt -0.0182 0.1166
vt 0.0000 0.0000
vt 0.4663 0.0000
vt 0.4976 0.3820
vt -0.0356 0.3984
vt 0.0000 0.0000
vt 0.4661 -0.0000
vt 0.4050 0.4969
vt 0.0789 0.4628
vt 0.0000 0.0000
vt 0.4000 0.0000
vt 0.4452 0.3350
vt -0.0200 0.3167
vt 0.0000 0.0000
vt 0.2967 0.0000
vt 0.3310 0.3326
vt 0.0812 0.3752
vt 0.0000 0.0000
vt 0.3173 0.0000
vt 0.2924 0.4587
vt 0.0120 0.4662
vt 0.0000 0.0000
vt 0.5339 0.0000
vt 0.5072 0.2521
vt 0.0098 0.3387
vt 0.0000 0.0000
vt 0.3208 0.0000
vt 0.2885 0.3277
vt -0.0441 0.2998
vt 0.0000 0.0000
vt 0.2699 -0.0000
vt 0.2499 0.3764
vt -0.0110 0.3725
vt 0.0000 0.0000
vt 0.3031 0.0000
vt 0.3258 0.1649
vt 0.0565 0.1616
vt 0.0000 0.0000
vt 0.2197 0.0000
vt 0.2574 0.2635
vt 0.1267 0.3048
vt 0.0000 0.0000
vt 0.1711 0.0000
vt 0.1531 0.3722
vt -0.0591 0.3153
vt 0.0000 0.0000
vt 0.3346 0.0000
vt 0.3818 0.1298
vt 0.0026 0.1673
vt 0.0000 0.0000
vt 0.2469 -0.0000
vt 0.2717 0.2285
vt -0.0038 0.2543
vt 0.0000 0.0000
vt 0.2438 0.0000
vt 0.2119 0.2254
vt 0.0360 0.2290
vt 0.0000 0.0000
vt 0.2543 0.0000
vt 0.2533 0.1851
vt 0.0135 0.2262
vt 0.0000 0.0000
vt 0.2202 0.0000
vt 0.2688 0.1743
vt 0.0658 0.2212
vt 0.0000 0.0000
vt 0.2266 0.0000
vt 0.2464 0.2292
vt 0.0287 0.2452
vt 0.0000 0.0000
vt 0.2776 0.0000
vt 0.2811 0.2088
vt 0.0512 0.1785
vt 0.0000 0.0000
vt 0.2512 -0.0000
vt 0.2309 0.2527
vt 0.0128 0.2548
vt 0.0000 0.0000
vt 0.2758 -0.0000
vt 0.2942 0.2247
vt 0.0256 0.2536
vt 0.0000 0.0000
vt 0.2551 0.0000
vt 0.2770 0.0943
vt 0.0043 0.1237
vt 0.0000 0.0000
vt 0.1385 -0.0000
vt 0.2032 0.2614
vt 0.1075 0.2314
vt 0.0000 0.0000
vt 0.1238 0.0000
vt 0.1108 0.2517
vt -0.0224 0.2502
vt 0.0000 0.0000
vt 0.2200 0.0000
vt 0.1984 0.0945
vt -0.0245 0.0980
vt 0.0000 0.0000
vt 0.2664 -0.0000
vt 0.2394 0.1610
vt 0.0555 0.2324
vt 0.0000 0.0000
vt 0.2649 0.0000
vt 0.2554 0.2072
vt -0.0079 0.1859
vt 0.0000 0.0000
vt 0.2389 0.0000
vt 0.2280 0.1962
vt -0.0223 0.1536
vt 0.0000 0.0000
vt 0.1890 0.0000
vt 0.1873 0.2491
vt -0.0522 0.1558
vt 0.0000 0.0000
vt 0.1552 0.0000
vt 0.2331 0.1688
vt 0.0666 0.2579
vt 0.0000 0.0000
vt 0.1982 -0.0000
vt 0.1593 0.2625
vt -0.0322 0.2080
vt 0.0000 0.0000
vt 0.1783 0.0000
vt 0.3077 0.2434
vt 0.1051 0.3090
vt 0.0000 0.0000
vt 0.3435 -0.0000
vt 0.3735 0.2026
vt 0.0190 0.2607
vt 0.0000 0.0000
vt 0.3264 0.0000
vt 0.3032 0.3527
vt -0.0376 0.3255
vt 0.0000 0.0000
vt 0.3237 -0.0000
vt 0.3136 0.3498
vt -0.0439 0.2756
vt 0.0000 0.0000
vt 0.3277 0.0000
vt 0.2208 0.2246
vt -0.0852 0.1566
vt 0.0000 0.0000
vt 0.2173 0.0000
vt 0.1404 0.3688
vt -0.0685 0.3484
vt 0.0000 0.0000
vt 0.1413 -0.0000
vt 0.1160 0.0972
vt 0.0046 0.0822
vt 0.0000 0.0000
vt 0.0892 0.0000
vt 0.0871 0.1708
vt -0.0478 0.1296
vt 0.0000 0.0000
vt 0.0823 0.0000
vt 0.0742 0.0935
vt -0.0094 0.0994
vt 0.0000 0.0000
vt 0.1285 0.0000
vt 0.1087 0.1365
vt 0.0177 0.1026
vt 0.0000 0.0000
vt 0.0999 -0.0000
vt 0.1173 0.1370
vt -0.0110 0.1409
vt 0.0000 0.0000
vt 0.1158 0.0000
vt 0.1531 0.0905
vt -0.0155 0.0975
vt 0.0000 0.0000
vt 0.1099 -0.0000
vt 0.1417 0.0918
vt 0.0377 0.1326
vt 0.0000 0.0000
vt 0.1667 0.0000
vt 0.1298 0.0848
vt 0.0322 0.0875
vt 0.0000 0.0000
vt 0.1378 0.0000
vt 0.1459 0.1616
vt -0.0189 0.1373
vt 0.0000 0.0000
vt 0.1451 0.0000
vt 0.1123 0.0988
vt 0.0118 0.0990
vt 0.0000 0.0000
vt 0.1386 -0.0000
vt 0.1571 0.0909
vt 0.0135 0.1091
vt 0.0000 0.0000
vt 0.1140 0.0000
vt 0.1303 0.0978
vt 0.0501 0.1540
vt 0.0000 0.0000
vt 0.1610 0.0000
vt 0.1818 0.1177
vt 0.0133 0.1690
vt 0.0000 0.0000
vt 0.1430 -0.0000
vt 0.1456 0.1710
vt -0.0329 0.1630
vt 0.0000 0.0000
vt 0.1695 0.0000
vt 0.1539 0.0859
vt 0.0116 0.0847
vt 0.0000 0.0000
vt 0.1367 0.0000
vt 0.1144 0.1745
vt 0.0232 0.1240
vt 0.0000 0.0000
vt 0.0855 0.0000
vt 0.1165 0.1593
vt -0.0154 0.1603
vt 0.0000 0.0000
vt 0.1806 0.0000
vt 0.1610 0.0914
vt -0.0006 0.0885
vt 0.0000 0.0000
vt 0.2496 -0.0000
vt 0.1958 0.2022
vt -0.0242 0.1932
vt 0.0000 0.0000
vt 0.2013 -0.0000
vt 0.2312 0.2479
vt 0.0198 0.2654
vt 0.0000 0.0000
vt 0.1947 0.0000
vt 0.1670 0.1636
vt -0.0320 0.1335
vt 0.0000 0.0000
vt 0.1237 0.0000
vt 0.1554 0.2113
vt 0.0554 0.2039
vt 0.0000 0.0000
vt 0.1373 -0.0000
vt 0.1150 0.2610
vt 0.0014 0.2496
vt 0.0000 0.0000
vt 0.2221 0.0000
vt 0.2581 0.0855
vt 0.0228 0.1644
vt 0.0000 0.0000
vt 0.1759 -0.0000
vt 0.1987 0.2162
vt 0.0081 0.2208
vt 0.0000 0.0000
vt 0.2219 -0.0000
vt 0.2028 0.1849
vt -0.0113 0.1717
vt 0.0000 0.0000
vt 0.2209 0.0000
vt 0.2186 0.1344
vt -0.0014 0.1415
vt 0.0000 0.0000
vt 0.1394 -0.0000
vt 0.1665 0.2126
vt 0.0326 0.2165
vt 0.0000 0.0000
vt 0.1415 0.0000
vt 0.1660 0.1703
vt 0.0267 0.1739
vt 0.0000 0.0000
vt 0.1924 0.0000
vt 0.1998 0.1366
vt 0.0120 0.1367
vt 0.0000 0.0000
vt 0.2497 -0.0000
vt 0.1898 0.2254
vt -0.0607 0.1670
vt 0.0000 0.0000
vt 0.2366 -0.0000
vt 0.1912 0.2047
vt -0.0165 0.2818
vt 0.0000 0.0000
vt 0.1777 0.0000
vt 0.1527 0.2436
vt -0.0520 0.1441
vt 0.0000 0.0000
vt 0.1474 -0.0000
vt 0.1524 0.2165
vt -0.0280 0.2408
vt 0.0000 0.0000
vt 0.1532 0.0000
vt 0.1607 0.2821
vt 0.0170 0.2491
vt 0.0000 0.0000
vt 0.2656 0.0000
vt 0.2988 0.1669
vt 0.1141 0.2262
vt 0.0000 0.0000
vt 0.2725 -0.0000
vt 0.2366 0.2061
vt 0.0532 0.2348
vt 0.0000 0.0000
vt 0.2745 0.0000
vt 0.2576 0.2138
vt 0.0802 0.2518
vt 0.0000 0.0000
vt 0.2408 0.0000
vt 0.2801 0.1481
vt 0.0310 0.2468
vt 0.0000 0.0000
vt 0.2386 0.0000
vt 0.2957 0.1748
vt 0.0831 0.1925
vt 0.0000 0.0000
vt 0.2488 0.0000
vt 0.2613 0.2479
vt 0.0417 0.2693
vt 0.0000 0.0000
vt 0.1860 -0.0000
vt 0.1609 0.2108
vt -0.0480 0.1575
vt 0.0000 0.0000
vt 0.3225 -0.0000
vt 0.3137 0.2281
vt 0.0205 0.2252
vt 0.0000 0.0000
vt 0.2529 -0.0000
vt 0.2235 0.2328
vt -0.0218 0.2553
vt 0.0000 0.0000
vt 0.2261 -0.0000
vt 0.2542 0.2093
vt 0.0015 0.2149
vt 0.0000 0.0000
vt 0.1383 0.0000
vt 0.0783 0.2390
vt -0.1135 0.2042
vt 0.0000 0.0000
vt 0.2149 0.0000
vt 0.2615 0.2495
vt 0.1349 0.2929
vt 0.0000 0.0000
vt 0.2975 0.0000
vt 0.2779 0.1898
vt 0.0472 0.2061
vt 0.0000 0.0000
vt 0.0865 0.0000
vt 0.0993 0.0796
vt 0.0149 0.0867
vt 0.0000 0.0000
vt 0.0796 -0.0000
vt 0.0889 0.0863
vt -0.0074 0.0834
vt 0.0000 0.0000
vt 0.0880 0.0000
vt 0.0944 0.0587
vt 0.0152 0.0509
vt 0.0000 0.0000
vt 0.0623 -0.0000
vt 0.0505 0.0960
vt -0.0165 0.0792
vt 0.0000 0.0000
vt 0.0531 0.0000
vt 0.0576 0.0801
vt 0.0003 0.0865
vt 0.0000 0.0000
vt 0.0850 0.0000
vt 0.0790 0.0689
vt -0.0077 0.0585
vt 0.0000 0.0000
vt 0.2496 -0.0000
vt 0.3093 0.2829
vt 0.0665 0.3009
vt 0.0000 0.0000
vt 0.3445 0.0000
vt 0.3521 0.2848
vt 0.0620 0.3088
vt 0.0000 0.0000
vt 0.3082 0.0000
vt 0.3372 0.1217
vt -0.0015 0.1830
vt 0.0000 0.0000
vt 0.1359 -0.0000
vt 0.0666 0.2841
vt -0.0248 0.2902
vt 0.0000 0.0000
vt 0.1830 0.0000
vt 0.0625 0.2886
vt -0.0597 0.2423
vt 0.0000 0.0000
vt 0.2459 0.0000
vt 0.2844 0.0706
vt 0.0068 0.1259
vt 0.0000 0.0000
vt 0.3816 -0.0000
vt 0.4208 0.3501
vt 0.0770 0.4234
vt 0.0000 0.0000
vt 0.3671 0.0000
vt 0.3341 0.3810
vt -0.0068 0.4270
vt 0.0000 0.0000
vt 0.4304 0.0000
vt 0.3879 0.2303
vt 0.0258 0.1902
vt 0.0000 0.0000
vt 0.1975 -0.0000
vt 0.2518 0.3321
vt 0.0059 0.3522
vt 0.0000 0.0000
vt 0.1919 0.0000
vt 0.1859 0.4260
vt -0.0043 0.3816
vt 0.0000 0.0000
vt 0.3515 -0.0000
vt 0.3321 0.2565
vt -0.0499 0.2331
vt 0.0000 0.0000
vt 0.4385 0.0000
vt 0.3837 0.4310
vt -0.1183 0.3758
vt 0.0000 0.0000
vt 0.4350 0.0000
vt 0.4035 0.4962
vt -0.0330 0.4461
vt 0.0000 0.0000
vt 0.3940 0.0000
vt 0.3791 0.2929
vt -0.0554 0.2724
vt 0.0000 0.0000
vt 0.2220 -0.0000
vt 0.3587 0.4202
vt 0.0919 0.4250
vt 0.0000 0.0000
vt 0.2780 -0.0000
vt 0.2012 0.4329
vt -0.0049 0.4385
vt 0.0000 0.0000
vt 0.5054 -0.0000
vt 0.4976 0.2613
vt 0.0021 0.2934
vt 0.0000 0.0000
vt 0.2030 -0.0000
vt 0.1875 0.2403
vt -0.0109 0.2328
vt 0.0000 0.0000
vt 0.2592 -0.0000
vt 0.2205 0.1227
vt -0.0357 0.1281
vt 0.0000 0.0000
vt 0.2331 0.0000
vt 0.2272 0.2295
vt -0.0286 0.1977
vt 0.0000 0.0000
vt 0.1854 -0.0000
vt 0.2111 0.2587
vt -0.0094 0.2450
vt 0.0000 0.0000
vt 0.1998 0.0000
vt 0.2075 0.1314
vt 0.0362 0.1997
vt 0.0000 0.0000
vt 0.2038 0.0000
vt 0.1979 0.2189
vt 0.0650 0.2218
vt 0.0000 0.0000
vt 0.4641 -0.0000
vt 0.5020 0.3938
vt -0.0109 0.4617
vt 0.0000 0.0000
vt 0.4204 -0.0000
vt 0.4113 0.4374
vt 0.1166 0.4680
vt 0.0000 0.0000
vt 0.4618 -0.0000
vt 0.4703 0.1677
vt 0.0754 0.2115
vt 0.0000 0.0000
vt 0.2641 -0.0000
vt 0.2461 0.2958
vt 0.0087 0.3979
vt 0.0000 0.0000
vt 0.2245 -0.0000
vt 0.1517 0.4738
vt -0.1062 0.4518
vt 0.0000 0.0000
vt 0.5191 0.0000
vt 0.5017 0.2415
vt 0.0752 0.2033
vt 0.0000 0.0000
vt 0.1166 0.0000
vt 0.1348 0.1186
vt 0.0155 0.1233
vt 0.0000 0.0000
vt 0.0978 0.0000
vt 0.0853 0.1124
vt -0.0168 0.0975
vt 0.0000 0.0000
vt 0.1243 -0.0000
vt 0.1241 0.0443
vt 0.0282 0.0567
vt 0.0000 0.0000
vt 0.0712 -0.0000
vt 0.0757 0.1033
vt 0.0173 0.1190
vt 0.0000 0.0000
vt 0.0633 -0.0000
vt 0.0904 0.0938
vt 0.0240 0.1141
vt 0.0000 0.0000
vt 0.1197 -0.0000
vt 0.1025 0.0582
vt -0.0102 0.0456
vt 0.0000 0.0000
vt 0.2405 0.0000
vt 0.2344 0.2656
vt 0.0357 0.2352
vt 0.0000 0.0000
vt 0.1747 0.0000
vt 0.2254 0.1591
vt 0.0334 0.2086
vt 0.0000 0.0000
vt 0.2379 -0.0000
vt 0.2614 0.1261
vt 0.0957 0.1774
vt 0.0000 0.0000
vt 0.1766 0.0000
vt 0.2258 0.1947
vt 0.1201 0.2385
vt 0.0000 0.0000
vt 0.2016 -0.0000
vt 0.1632 0.2064
vt -0.0085 0.2403
vt 0.0000 0.0000
vt 0.2028 0.0000
vt 0.1977 0.1129
vt 0.0291 0.1267
vt 0.0000 0.0000
vt 0.2191 -0.0000
vt 0.1928 0.1761
vt 0.0447 0.1503
vt 0.0000 0.0000
vt 0.1894 0.0000
vt 0.1969 0.1948
vt 0.0300 0.2138
vt 0.0000 0.0000
vt 0.1568 0.0000
vt 0.2270 0.0981
vt 0.0441 0.1225
vt 0.0000 0.0000
vt 0.1406 -0.0000
vt 0.1720 0.1657
vt 0.0333 0.1798
vt 0.0000 0.0000
vt 0.1302 0.0000
vt 0.1741 0.2106
vt 0.0346 0.2164
vt 0.0000 0.0000
vt 0.1560 -0.0000
vt 0.1610 0.1298
vt -0.0277 0.1248
vt 0.0000 0.0000
vt 0.2565 0.0000
vt 0.2479 0.2295
vt 0.0076 0.1929
vt 0.0000 0.0000
vt 0.1578 0.0000
vt 0.1582 0.1783
vt -0.0583 0.1568
vt 0.0000 0.0000
vt 0.1931 0.0000
vt 0.1419 0.2165
vt -0.0147 0.2021
vt 0.0000 0.0000
vt 0.2019 -0.0000
vt 0.1860 0.2192
vt -0.0424 0.2285
vt 0.0000 0.0000
vt 0.2026 0.0000
vt 0.2059 0.1586
vt 0.0360 0.2540
vt 0.0000 0.0000
vt 0.2456 0.0000
vt 0.2227 0.2298
vt 0.0390 0.2194
vt 0.0000 0.0000
vt 0.0971 -0.0000
vt 0.1071 0.0877
vt 0.0173 0.1013
vt 0.0000 0.0000
vt 0.0849 0.0000
vt 0.0895 0.0858
vt 0.0045 0.1103
vt 0.0000 0.0000
vt 0.1027 0.0000
vt 0.0838 0.0718
vt 0.0001 0.0585
vt 0.0000 0.0000
vt 0.0863 0.0000
vt 0.0587 0.0861
vt -0.0046 0.0883
vt 0.0000 0.0000
vt 0.0585 0.0000
vt 0.0840 0.1070
vt -0.0011 0.0971
vt 0.0000 0.0000
vt 0.0910 -0.0000
vt 0.0848 0.0648
vt -0.0038 0.0744
vt 0.0000 0.0000
vt 0.3300 0.0000
vt 0.3422 0.2374
vt 0.0588 0.2953
vt 0.0000 0.0000
vt 0.1925 -0.0000
vt 0.2462 0.3139
vt -0.0124 0.2924
vt 0.0000 0.0000
vt 0.3011 0.0000
vt 0.2657 0.1872
vt 0.0739 0.2010
vt 0.0000 0.0000
vt 0.2371 0.0000
vt 0.1310 0.2394
vt -0.0132 0.2374
vt 0.0000 0.0000
vt 0.2141 0.0000
vt 0.1646 0.2742
vt -0.0486 0.3264
vt 0.0000 0.0000
vt 0.2893 0.0000
vt 0.2840 0.1505
vt -0.0373 0.1871
vt 0.0000 0.0000
vt 0.0791 -0.0000
vt 0.0979 0.0837
vt 0.0215 0.1029
vt 0.0000 0.0000
vt 0.1014 0.0000
vt 0.0759 0.0971
vt -0.0053 0.0813
vt 0.0000 0.0000
vt 0.1051 0.0000
vt 0.1083 0.0763
vt 0.0078 0.0645
vt 0.0000 0.0000
vt 0.0368 0.0000
vt 0.0281 0.0820
vt -0.0273 0.0827
vt 0.0000 0.0000
vt 0.0650 -0.0000
vt 0.0411 0.0774
vt 0.0056 0.0789
vt 0.0000 0.0000
vt 0.0803 -0.0000
vt 0.0796 0.0548
vt -0.0182 0.0745
vt 0.0000 0.0000
vt 0.1312 -0.0000
vt 0.1569 0.1869
vt -0.0234 0.1305
vt 0.0000 0.0000
vt 0.1714 0.0000
vt 0.1750 0.0911
vt 0.0215 0.1230
vt 0.0000 0.0000
vt 0.1326 0.0000
vt 0.1370 0.1794
vt -0.0229 0.1181
vt 0.0000 0.0000
vt 0.1157 0.0000
vt 0.1741 0.1319
vt 0.0683 0.1817
vt 0.0000 0.0000
vt 0.1203 0.0000
vt 0.1398 0.1196
vt 0.0284 0.1281
vt 0.0000 0.0000
vt 0.1943 0.0000
vt 0.1658 0.1282
vt 0.0813 0.1601
vt 0.0000 0.0000
vt 0.1587 0.0000
vt 0.2279 0.1319
vt 0.0452 0.2073
vt 0.0000 0.0000
vt 0.1738 0.0000
vt 0.2090 0.1646
vt 0.0085 0.1664
vt 0.0000 0.0000
vt 0.2122 0.0000
vt 0.2250 0.1429
vt 0.0576 0.1881
vt 0.0000 0.0000
vt 0.1549 0.0000
vt 0.1209 0.1946
vt 0.0297 0.1462
vt 0.0000 0.0000
vt 0.1967 0.0000
vt 0.1763 0.1622
vt 0.0248 0.1568
vt 0.0000 0.0000
vt 0.1978 -0.0000
vt 0.1844 0.0953
vt 0.0305 0.1407
vt 0.0000 0.0000
vt 0.0714 0.0000
vt 0.1140 0.1512
vt 0.0178 0.1639
vt 0.0000 0.0000
vt 0.1295 -0.0000
vt 0.1422 0.1041
vt -0.0148 0.0957
vt 0.0000 0.0000
vt 0.1649 -0.0000
vt 0.1413 0.0983
vt 0.0121 0.0897
vt 0.0000 0.0000
vt 0.0813 0.0000
vt 0.0655 0.1563
vt 0.0100 0.1576
vt 0.0000 0.0000
vt 0.0905 -0.0000
vt 0.0803 0.0942
vt 0.0049 0.0712
vt 0.0000 0.0000
vt 0.0984 -0.0000
vt 0.1143 0.0545
vt 0.0192 0.0993
vt 0.0000 0.0000
vt 0.1328 -0.0000
vt 0.1211 0.0822
vt -0.0075 0.0999
vt 0.0000 0.0000
vt 0.1109 -0.0000
vt 0.1193 0.1151
vt 0.0155 0.1616
vt 0.0000 0.0000
vt 0.1001 -0.0000
vt 0.1226 0.0940
vt 0.0159 0.0939
vt 0.0000 0.0000
vt 0.1025 0.0000
vt 0.1121 0.1136
vt -0.0001 0.0831
vt 0.0000 0.0000
vt 0.0952 0.0000
vt 0.0741 0.1599
vt -0.0224 0.1309
vt 0.0000 0.0000
vt 0.1298 0.0000
vt 0.1278 0.1167
vt 0.0127 0.1006
vt 0.0000 0.0000
vt 0.0908 0.0000
vt 0.0908 0.0411
vt 0.0000 0.0411
vt 0.0000 0.0000
vt 0.0908 -0.0000
vt 0.1325 0.0534
vt 0.0000 0.0000
vt 0.0908 0.0000
vt -0.0418 0.0534
vt 0.0000 0.0000
vt 0.0672 0.0000
vt 0.0672 0.0411
vt 0.0000 0.0411
vt 0.0000 0.0000
vt 0.0672 0.0000
vt 0.0256 0.0628
vt 0.0000 0.0000
vt 0.0672 0.0000
vt 0.0416 0.0628
vt 0.0000 0.0000
vt 0.0744 0.0000
vt 0.0744 0.0411
vt 0.0000 0.0411
vt 0.0000 0.0000
vt 0.0744 0.0000
vt 0.0035 0.0752
vt 0.0000 0.0000
vt 0.0744 -0.0000
vt 0.0709 0.0752
vt 0.0000 0.0000
vt 0.0603 0.0000
vt 0.0603 0.0411
vt 0.0000 0.0411
vt 0.0000 0.0000
vt 0.0603 0.0000
vt 0.0362 0.0968
vt 0.0000 0.0000
vt 0.0603 -0.0000
vt 0.0241 0.0968
vt 0.0000 0.0000
vt 0.0422 0.0000
vt 0.0422 0.0411
vt 0.0000 0.0411
vt 0.0000 0.0000
vt 0.0422 0.0000
vt -0.0050 0.0996
vt 0.0000 0.0000
vt 0.0422 0.0000
vt 0.0472 0.0996
vt 0.0000 0.0000
vt 0.0592 0.0000
vt 0.0592 0.0411
vt 0.0000 0.0411
vt 0.0000 0.0000
vt 0.0592 0.0000
vt 0.0958 0.0545
vt 0.0000 0.0000
vt 0.0592 -0.0000
vt -0.0366 0.0545
vt 0.0000 0.0000
vt 0.0587 0.0000
vt 0.0587 0.0411
vt 0.0000 0.0411
vt 0.0000 0.0000
vt 0.0587 0.0000
vt 0.0330 0.0568
vt 0.0000 0.0000
vt 0.0587 0.0000
vt 0.0257 0.0568
vt 0.0000 0.0000
vt 0.0680 0.0000
vt 0.0680 0.0411
vt 0.0000 0.0411
vt 0.0000 0.0000
vt 0.0680 -0.0000
vt 0.0183 0.0596
vt 0.0000 0.0000
vt 0.0680 0.0000
vt 0.0497 0.0596
vt 0.0000 0.0000
vt 0.0892 0.0000
vt 0.0892 0.0411
vt 0.0000 0.0411
vt 0.0000 0.0000
vt 0.0892 0.0000
vt -0.0360 0.0687
vt 0.0000 0.0000
vt 0.0892 0.0000
vt 0.1253 0.0687
vt 0.0000 0.0000
vt 0.1851 0.0000
vt 0.1851 0.0354
vt 0.0000 0.0354
vt 0.0000 0.0000
vt 0.1851 0.0000
vt 0.2450 0.0962
vt 0.0000 0.0000
vt 0.1851 0.0000
vt -0.0599 0.0962
vt 0.0000 0.0000
vt 0.2067 0.0000
vt 0.2067 0.0354
vt 0.0000 0.0354
vt 0.0000 0.0000
vt 0.2067 0.0000
vt 0.0833 0.0768
vt 0.0000 0.0000
vt 0.2067 0.0000
vt 0.1235 0.0768
vt 0.0000 0.0000
vt 0.1372 0.0000
vt 0.1372 0.0354
vt 0.0000 0.0354
vt 0.0000 0.0000
vt 0.1372 0.0000
vt -0.0828 0.1195
vt 0.0000 0.0000
vt 0.1372 0.0000
vt 0.2200 0.1195
vt 0.0000 0.0000
vt 0.2071 0.0000
vt 0.2071 0.0354
vt 0.0000 0.0354
vt 0.0000 0.0000
vt 0.2071 0.0000
vt 0.1688 0.1850
vt 0.0000 0.0000
vt 0.2071 -0.0000
vt 0.0383 0.1850
vt 0.0000 0.0000
vt 0.2026 0.0000
vt 0.2026 0.0354
vt 0.0000 0.0354
vt 0.0000 0.0000
vt 0.2026 0.0000
vt 0.1414 0.1253
vt 0.0000 0.0000
vt 0.2026 0.0000
vt 0.0612 0.1253
vt 0.0000 0.0000
vt 0.2342 0.0000
vt 0.2342 0.0354
vt 0.0000 0.0354
vt 0.0000 0.0000
vt 0.2342 0.0000
vt 0.0107 0.1390
vt 0.0000 0.0000
vt 0.2342 0.0000
vt 0.2235 0.1390
vt 0.0000 0.0000
vt 0.0431 0.0000
vt 0.0431 0.0385
vt 0.0000 0.0385
vt 0.0000 0.0000
vt 0.0431 0.0000
vt 0.0679 0.0930
vt 0.0000 0.0000
vt 0.0431 -0.0000
vt -0.0247 0.0930
vt 0.0000 0.0000
vt 0.0650 0.0000
vt 0.0650 0.0385
vt 0.0000 0.0385
vt 0.0000 0.0000
vt 0.0650 0.0000
vt 0.0673 0.0688
vt 0.0000 0.0000
vt 0.0650 0.0000
vt -0.0023 0.0688
vt 0.0000 0.0000
vt 0.0619 0.0000
vt 0.0619 0.0385
vt 0.0000 0.0385
vt 0.0000 0.0000
vt 0.0619 0.0000
vt 0.0091 0.0682
vt 0.0000 0.0000
vt 0.0619 0.0000
vt 0.0528 0.0682
vt 0.0000 0.0000
vt 0.0930 0.0000
vt 0.0930 0.0385
vt 0.0000 0.0385
vt 0.0000 0.0000
vt 0.0930 0.0000
vt 0.0217 0.0835
vt 0.0000 0.0000
vt 0.0930 0.0000
vt 0.0713 0.0835
vt 0.0000 0.0000
vt 0.0457 0.0000
vt 0.0457 0.0385
vt 0.0000 0.0385
vt 0.0000 0.0000
vt 0.0457 0.0000
vt 0.0326 0.1048
vt 0.0000 0.0000
vt 0.0457 0.0000
vt 0.0131 0.1048
vt 0.0000 0.0000
vt 0.0591 0.0000
vt 0.0591 0.0385
vt 0.0000 0.0385
vt 0.0000 0.0000
vt 0.0591 0.0000
vt 0.0496 0.0933
vt 0.0000 0.0000
vt 0.0591 0.0000
vt 0.0095 0.0933
vt 0.0000 0.0000
vt 0.0946 0.0000
vt 0.0946 0.0385
vt 0.0000 0.0385
vt 0.0000 0.0000
vt 0.0946 0.0000
vt 0.0788 0.0508
vt 0.0000 0.0000
vt 0.0946 -0.0000
vt 0.0158 0.0508
vt 0.0000 0.0000
vt 0.0408 0.0000
vt 0.0408 0.0385
vt 0.0000 0.0385
vt 0.0000 0.0000
vt 0.0408 0.0000
vt -0.0140 0.0513
vt 0.0000 0.0000
vt 0.0408 -0.0000
vt 0.0548 0.0513
vt 0.0000 0.0000
vt 0.0646 0.0000
vt 0.0646 0.0385
vt 0.0000 0.0385
vt 0.0000 0.0000
vt 0.0646 0.0000
vt -0.0267 0.0702
vt 0.0000 0.0000
vt 0.0646 0.0000
vt 0.0913 0.0702
vt 0.0000 0.0000
vt 0.3188 0.0000
vt 0.3188 0.0311
vt 0.0000 0.0311
vt 0.0000 0.0000
vt 0.3188 0.0000
vt 0.3079 0.1856
vt 0.0000 0.0000
vt 0.3188 0.0000
vt 0.0109 0.1856
vt 0.0000 0.0000
vt 0.2389 0.0000
vt 0.2389 0.0311
vt 0.0000 0.0311
vt 0.0000 0.0000
vt 0.2389 0.0000
vt 0.0247 0.1843
vt 0.0000 0.0000
vt 0.2389 0.0000
vt 0.2143 0.1843
vt 0.0000 0.0000
vt 0.3720 0.0000
vt 0.3720 0.0311
vt 0.0000 0.0311
vt 0.0000 0.0000
vt 0.3720 0.0000
vt 0.1476 0.2410
vt 0.0000 0.0000
vt 0.3720 0.0000
vt 0.2243 0.2410
vt 0.0000 0.0000
vt 0.2599 0.0000
vt 0.2599 0.0311
vt 0.0000 0.0311
vt 0.0000 0.0000
vt 0.2599 0.0000
vt 0.1652 0.2848
vt 0.0000 0.0000
vt 0.2599 0.0000
vt 0.0948 0.2848
vt 0.0000 0.0000
vt 0.2802 0.0000
vt 0.2802 0.0311
vt 0.0000 0.0311
vt 0.0000 0.0000
vt 0.2802 0.0000
vt 0.2205 0.2036
vt 0.0000 0.0000
vt 0.2802 0.0000
vt 0.0597 0.2036
vt 0.0000 0.0000
vt 0.2917 0.0000
vt 0.2917 0.0311
vt 0.0000 0.0311
vt 0.0000 0.0000
vt 0.2917 0.0000
vt 0.0014 0.2122
vt 0.0000 0.0000
vt 0.2917 0.0000
vt 0.2902 0.2122
vt 0.0000 0.0000
vt 0.0950 0.0000
vt 0.0950 0.0332
vt 0.0000 0.0332
vt 0.0000 0.0000
vt 0.0950 0.0000
vt 0.0771 0.2095
vt 0.0000 0.0000
vt 0.0950 0.0000
vt 0.0178 0.2095
vt 0.0000 0.0000
vt 0.1854 0.0000
vt 0.1854 0.0332
vt 0.0000 0.0332
vt 0.0000 0.0000
vt 0.1854 0.0000
vt 0.1372 0.1594
vt 0.0000 0.0000
vt 0.1854 0.0000
vt 0.0482 0.1594
vt 0.0000 0.0000
vt 0.1755 0.0000
vt 0.1755 0.0332
vt 0.0000 0.0332
vt 0.0000 0.0000
vt 0.1755 0.0000
vt 0.0409 0.1614
vt 0.0000 0.0000
vt 0.1755 0.0000
vt 0.1346 0.1614
vt 0.0000 0.0000
vt 0.0745 0.0000
vt 0.0745 0.0332
vt 0.0000 0.0332
vt 0.0000 0.0000
vt 0.0745 0.0000
vt 0.0485 0.2045
vt 0.0000 0.0000
vt 0.0745 0.0000
vt 0.0260 0.2045
vt 0.0000 0.0000
vt 0.1219 0.0000
vt 0.1219 0.0332
vt 0.0000 0.0332
vt 0.0000 0.0000
vt 0.1219 0.0000
vt -0.0066 0.2060
vt 0.0000 0.0000
vt 0.1219 0.0000
vt 0.1285 0.2060
vt 0.0000 0.0000
vt 0.1774 0.0000
vt 0.1774 0.0332
vt 0.0000 0.0332
vt 0.0000 0.0000
vt 0.1774 0.0000
vt 0.2083 0.1247
vt 0.0000 0.0000
vt 0.1774 0.0000
vt -0.0309 0.1247
vt 0.0000 0.0000
vt 0.0712 0.0000
vt 0.0712 0.0332
vt 0.0000 0.0332
vt 0.0000 0.0000
vt 0.0712 0.0000
vt 0.0510 0.1180
vt 0.0000 0.0000
vt 0.0712 0.0000
vt 0.0203 0.1180
vt 0.0000 0.0000
vt 0.1981 0.0000
vt 0.1981 0.0332
vt 0.0000 0.0332
vt 0.0000 0.0000
vt 0.1981 0.0000
vt 0.0314 0.1155
vt 0.0000 0.0000
vt 0.1981 -0.0000
vt 0.1668 0.1155
vt 0.0000 0.0000
vt 0.0903 0.0000
vt 0.0903 0.0332
vt 0.0000 0.0332
vt 0.0000 0.0000
vt 0.0903 -0.0000
vt -0.0030 0.2029
vt 0.0000 0.0000
vt 0.0903 0.0000
vt 0.0933 0.2029
vt 0.0000 0.0000
vt 0.1836 0.0000
vt 0.1836 0.0334
vt 0.0000 0.0334
vt 0.0000 0.0000
vt 0.1836 0.0000
vt 0.0552 0.1753
vt 0.0000 0.0000
vt 0.1836 0.0000
vt 0.1283 0.1753
vt 0.0000 0.0000
vt 0.0665 0.0000
vt 0.0665 0.0334
vt 0.0000 0.0334
vt 0.0000 0.0000
vt 0.0665 0.0000
vt 0.0467 0.2122
vt 0.0000 0.0000
vt 0.0665 0.0000
vt 0.0198 0.2122
vt 0.0000 0.0000
vt 0.1573 0.0000
vt 0.1573 0.0334
vt 0.0000 0.0334
vt 0.0000 0.0000
vt 0.1573 0.0000
vt 0.1407 0.1601
vt 0.0000 0.0000
vt 0.1573 0.0000
vt 0.0166 0.1601
vt 0.0000 0.0000
vt 0.2016 0.0000
vt 0.2016 0.0334
vt 0.0000 0.0334
vt 0.0000 0.0000
vt 0.2016 -0.0000
vt 0.0001 0.1609
vt 0.0000 0.0000
vt 0.2016 0.0000
vt 0.2015 0.1609
vt 0.0000 0.0000
vt 0.1051 0.0000
vt 0.1051 0.0334
vt 0.0000 0.0334
vt 0.0000 0.0000
vt 0.1051 0.0000
vt 0.2030 0.1590
vt 0.0000 0.0000
vt 0.1051 0.0000
vt -0.0979 0.1590
vt 0.0000 0.0000
vt 0.1848 0.0000
vt 0.1848 0.0334
vt 0.0000 0.0334
vt 0.0000 0.0000
vt 0.1848 0.0000
vt 0.1231 0.1404
vt 0.0000 0.0000
vt 0.1848 0.0000
vt 0.0617 0.1404
vt 0.0000 0.0000
vt 0.0465 0.0000
vt 0.0465 0.0334
vt 0.0000 0.0334
vt 0.0000 0.0000
vt 0.0465 -0.0000
vt -0.0334 0.1496
vt 0.0000 0.0000
vt 0.0465 0.0000
vt 0.0799 0.1496
vt 0.0000 0.0000
vt 0.1844 0.0000
vt 0.1844 0.0334
vt 0.0000 0.0334
vt 0.0000 0.0000
vt 0.1844 0.0000
vt 0.0523 0.1614
vt 0.0000 0.0000
vt 0.1844 0.0000
vt 0.1322 0.1614
vt 0.0000 0.0000
vt 0.1103 0.0000
vt 0.1103 0.0334
vt 0.0000 0.0334
vt 0.0000 0.0000
vt 0.1103 0.0000
vt 0.0993 0.1835
vt 0.0000 0.0000
vt 0.1103 -0.0000
vt 0.0110 0.1835
vt 0.0000 0.0000
vt 0.1906 0.0000
vt 0.1906 0.0563
vt 0.0000 0.0563
vt 0.0000 0.0000
vt 0.1906 0.0000
vt 0.0618 0.2202
vt 0.0000 0.0000
vt 0.1906 -0.0000
vt 0.1288 0.2202
vt 0.0000 0.0000
vt 0.2100 0.0000
vt 0.2100 0.0563
vt 0.0000 0.0563
vt 0.0000 0.0000
vt 0.2100 0.0000
vt 0.1778 0.1829
vt 0.0000 0.0000
vt 0.2100 0.0000
vt 0.0322 0.1829
vt 0.0000 0.0000
vt 0.1519 0.0000
vt 0.1519 0.0563
vt 0.0000 0.0563
vt 0.0000 0.0000
vt 0.1519 0.0000
vt -0.0190 0.1848
vt 0.0000 0.0000
vt 0.1519 0.0000
vt 0.1708 0.1848
vt 0.0000 0.0000
vt 0.2262 0.0000
vt 0.2262 0.0563
vt 0.0000 0.0563
vt 0.0000 0.0000
vt 0.2262 -0.0000
vt 0.1828 0.1729
vt 0.0000 0.0000
vt 0.2262 0.0000
vt 0.0434 0.1729
vt 0.0000 0.0000
vt 0.2329 0.0000
vt 0.2329 0.0563
vt 0.0000 0.0563
vt 0.0000 0.0000
vt 0.2329 0.0000
vt -0.0041 0.1782
vt 0.0000 0.0000
vt 0.2329 0.0000
vt 0.2370 0.1782
vt 0.0000 0.0000
vt 0.2291 0.0000
vt 0.2291 0.0563
vt 0.0000 0.0563
vt 0.0000 0.0000
vt 0.2291 -0.0000
vt 0.1295 0.2668
vt 0.0000 0.0000
vt 0.2291 0.0000
vt 0.0996 0.2668
vt 0.0000 0.0000
vt 0.2767 0.0000
vt 0.2767 0.0563
vt 0.0000 0.0563
vt 0.0000 0.0000
vt 0.2767 0.0000
vt 0.1904 0.2117
vt 0.0000 0.0000
vt 0.2767 0.0000
vt 0.0864 0.2117
vt 0.0000 0.0000
vt 0.1769 0.0000
vt 0.1769 0.0449
vt 0.0000 0.0449
vt 0.0000 0.0000
vt 0.1769 0.0000
vt 0.2162 0.1504
vt 0.0000 0.0000
vt 0.1769 0.0000
vt -0.0393 0.1504
vt 0.0000 0.0000
vt 0.1585 0.0000
vt 0.1585 0.0449
vt 0.0000 0.0449
vt 0.0000 0.0000
vt 0.1585 0.0000
vt 0.0902 0.1266
vt 0.0000 0.0000
vt 0.1585 0.0000
vt 0.0684 0.1266
vt 0.0000 0.0000
vt 0.1752 0.0000
vt 0.1752 0.0449
vt 0.0000 0.0449
vt 0.0000 0.0000
vt 0.1752 0.0000
vt 0.0653 0.1282
vt 0.0000 0.0000
vt 0.1752 0.0000
vt 0.1099 0.1282
vt 0.0000 0.0000
vt 0.1221 0.0000
vt 0.1221 0.0449
vt 0.0000 0.0449
vt 0.0000 0.0000
vt 0.1221 0.0000
vt -0.0779 0.1499
vt 0.0000 0.0000
vt 0.1221 0.0000
vt 0.2000 0.1499
vt 0.0000 0.0000
vt 0.2370 0.0000
vt 0.2370 0.0449
vt 0.0000 0.0449
vt 0.0000 0.0000
vt 0.2370 -0.0000
vt 0.2047 0.1434
vt 0.0000 0.0000
vt 0.2370 0.0000
vt 0.0324 0.1434
vt 0.0000 0.0000
vt 0.1260 0.0000
vt 0.1260 0.0449
vt 0.0000 0.0449
vt 0.0000 0.0000
vt 0.1260 0.0000
vt 0.0845 0.1203
vt 0.0000 0.0000
vt 0.1260 0.0000
vt 0.0416 0.1203
vt 0.0000 0.0000
vt 0.1861 0.0000
vt 0.1861 0.0449
vt 0.0000 0.0449
vt 0.0000 0.0000
vt 0.1861 0.0000
vt -0.0497 0.1172
vt 0.0000 0.0000
vt 0.1861 0.0000
vt 0.2358 0.1172
vt 0.0000 0.0000
vt 0.1075 0.0000
vt 0.1075 0.0439
vt 0.0000 0.0439
vt 0.0000 0.0000
vt 0.1075 -0.0000
vt 0.1091 0.1792
vt 0.0000 0.0000
vt 0.1075 0.0000
vt -0.0016 0.1792
vt 0.0000 0.0000
vt 0.1472 0.0000
vt 0.1472 0.0439
vt 0.0000 0.0439
vt 0.0000 0.0000
vt 0.1472 0.0000
vt 0.0868 0.1567
vt 0.0000 0.0000
vt 0.1472 0.0000
vt 0.0605 0.1567
vt 0.0000 0.0000
vt 0.1607 0.0000
vt 0.1607 0.0439
vt 0.0000 0.0439
vt 0.0000 0.0000
vt 0.1607 -0.0000
vt 0.0737 0.1510
vt 0.0000 0.0000
vt 0.1607 0.0000
vt 0.0870 0.1510
vt 0.0000 0.0000
vt 0.1279 0.0000
vt 0.1279 0.0439
vt 0.0000 0.0439
vt 0.0000 0.0000
vt 0.1279 0.0000
vt 0.0373 0.1702
vt 0.0000 0.0000
vt 0.1279 0.0000
vt 0.0906 0.1702
vt 0.0000 0.0000
vt 0.0734 0.0000
vt 0.0734 0.0439
vt 0.0000 0.0439
vt 0.0000 0.0000
vt 0.0734 0.0000
vt 0.1233 0.1482
vt 0.0000 0.0000
vt 0.0734 0.0000
vt -0.0499 0.1482
vt 0.0000 0.0000
vt 0.1392 0.0000
vt 0.1392 0.0439
vt 0.0000 0.0439
vt 0.0000 0.0000
vt 0.1392 0.0000
vt 0.0956 0.1238
vt 0.0000 0.0000
vt 0.1392 0.0000
vt 0.0436 0.1238
vt 0.0000 0.0000
vt 0.2014 0.0000
vt 0.2014 0.0439
vt 0.0000 0.0439
vt 0.0000 0.0000
vt 0.2014 0.0000
vt 0.0504 0.1212
vt 0.0000 0.0000
vt 0.2014 0.0000
vt 0.1511 0.1212
vt 0.0000 0.0000
vt 0.1077 0.0000
vt 0.1077 0.0439
vt 0.0000 0.0439
vt 0.0000 0.0000
vt 0.1077 0.0000
vt 0.0237 0.1922
vt 0.0000 0.0000
vt 0.1077 0.0000
vt 0.0841 0.1922
vt 0.0000 0.0000
vt 0.1691 0.0000
vt 0.1691 0.0333
vt 0.0000 0.0333
vt 0.0000 0.0000
vt 0.1691 0.0000
vt 0.1238 0.1209
vt 0.0000 0.0000
vt 0.1691 -0.0000
vt 0.0453 0.1209
vt 0.0000 0.0000
vt 0.1468 0.0000
vt 0.1468 0.0333
vt 0.0000 0.0333
vt 0.0000 0.0000
vt 0.1468 0.0000
vt 0.0659 0.1110
vt 0.0000 0.0000
vt 0.1468 0.0000
vt 0.0809 0.1110
vt 0.0000 0.0000
vt 0.1473 0.0000
vt 0.1473 0.0333
vt 0.0000 0.0333
vt 0.0000 0.0000
vt 0.1473 0.0000
vt 0.0305 0.1339
vt 0.0000 0.0000
vt 0.1473 0.0000
vt 0.1168 0.1339
vt 0.0000 0.0000
vt 0.1412 0.0000
vt 0.1412 0.0333
vt 0.0000 0.0333
vt 0.0000 0.0000
vt 0.1412 0.0000
vt 0.1026 0.1450
vt 0.0000 0.0000
vt 0.1412 0.0000
vt 0.0386 0.1450
vt 0.0000 0.0000
vt 0.1525 0.0000
vt 0.1525 0.0333
vt 0.0000 0.0333
vt 0.0000 0.0000
vt 0.1525 0.0000
vt 0.0756 0.1296
vt 0.0000 0.0000
vt 0.1525 0.0000
vt 0.0769 0.1296
vt 0.0000 0.0000
vt 0.1679 0.0000
vt 0.1679 0.0333
vt 0.0000 0.0333
vt 0.0000 0.0000
vt 0.1679 0.0000
vt 0.0624 0.1372
vt 0.0000 0.0000
vt 0.1679 0.0000
vt 0.1055 0.1372
vt 0.0000 0.0000
vt 0.0533 0.0000
vt 0.0533 0.0665
vt 0.0000 0.0665
vt 0.0000 0.0000
vt 0.0533 0.0000
vt 0.0332 0.0980
vt 0.0000 0.0000
vt 0.0533 0.0000
vt 0.0200 0.0980
vt 0.0000 0.0000
vt 0.0934 0.0000
vt 0.0934 0.0665
vt 0.0000 0.0665
vt 0.0000 0.0000
vt 0.0934 0.0000
vt 0.0680 0.0734
vt 0.0000 0.0000
vt 0.0934 0.0000
vt 0.0254 0.0734
vt 0.0000 0.0000
vt 0.0828 0.0000
vt 0.0828 0.0665
vt 0.0000 0.0665
vt 0.0000 0.0000
vt 0.0828 0.0000
vt 0.0220 0.0745
vt 0.0000 0.0000
vt 0.0828 -0.0000
vt 0.0608 0.0745
vt 0.0000 0.0000
vt 0.0621 0.0000
vt 0.0621 0.0665
vt 0.0000 0.0665
vt 0.0000 0.0000
vt 0.0621 0.0000
vt 0.0650 0.0708
vt 0.0000 0.0000
vt 0.0621 0.0000
vt -0.0029 0.0708
vt 0.0000 0.0000
vt 0.0788 0.0000
vt 0.0788 0.0665
vt 0.0000 0.0665
vt 0.0000 0.0000
vt 0.0788 0.0000
vt 0.0275 0.0653
vt 0.0000 0.0000
vt 0.0788 -0.0000
vt 0.0513 0.0653
vt 0.0000 0.0000
vt 0.0825 0.0000
vt 0.0825 0.0665
vt 0.0000 0.0665
vt 0.0000 0.0000
vt 0.0825 0.0000
vt 0.0260 0.0789
vt 0.0000 0.0000
vt 0.0825 0.0000
vt 0.0565 0.0789
vt 0.0000 0.0000
vt 0.0958 0.0000
vt 0.0958 0.0665
vt 0.0000 0.0665
vt 0.0000 0.0000
vt 0.0958 0.0000
vt 0.0412 0.0879
vt 0.0000 0.0000
vt 0.0958 -0.0000
vt 0.0547 0.0879
vt 0.0000 0.0000
vt 0.1383 0.0000
vt 0.1383 0.0465
vt 0.0000 0.0465
vt 0.0000 0.0000
vt 0.1383 0.0000
vt 0.1527 0.1749
vt 0.0000 0.0000
vt 0.1383 0.0000
vt -0.0145 0.1749
vt 0.0000 0.0000
vt 0.1946 0.0000
vt 0.1946 0.0465
vt 0.0000 0.0465
vt 0.0000 0.0000
vt 0.1946 0.0000
vt 0.1259 0.1222
vt 0.0000 0.0000
vt 0.1946 -0.0000
vt 0.0687 0.1222
vt 0.0000 0.0000
vt 0.1296 0.0000
vt 0.1296 0.0465
vt 0.0000 0.0465
vt 0.0000 0.0000
vt 0.1296 0.0000
vt 0.0098 0.1399
vt 0.0000 0.0000
vt 0.1296 0.0000
vt 0.1199 0.1399
vt 0.0000 0.0000
vt 0.1231 0.0000
vt 0.1231 0.0465
vt 0.0000 0.0465
vt 0.0000 0.0000
vt 0.1231 -0.0000
vt -0.1030 0.1527
vt 0.0000 0.0000
vt 0.1231 0.0000
vt 0.2261 0.1527
vt 0.0000 0.0000
vt 0.2119 0.0000
vt 0.2119 0.0465
vt 0.0000 0.0465
vt 0.0000 0.0000
vt 0.2119 0.0000
vt 0.2224 0.1581
vt 0.0000 0.0000
vt 0.2119 0.0000
vt -0.0105 0.1581
vt 0.0000 0.0000
vt 0.1162 0.0000
vt 0.1162 0.0465
vt 0.0000 0.0465
vt 0.0000 0.0000
vt 0.1162 0.0000
vt 0.0795 0.1370
vt 0.0000 0.0000
vt 0.1162 0.0000
vt 0.0367 0.1370
vt 0.0000 0.0000
vt 0.1721 0.0000
vt 0.1721 0.0465
vt 0.0000 0.0465
vt 0.0000 0.0000
vt 0.1721 0.0000
vt 0.0089 0.1416
vt 0.0000 0.0000
vt 0.1721 -0.0000
vt 0.1633 0.1416
vt 0.0000 0.0000
vt 0.1293 0.0000
vt 0.1293 0.0465
vt 0.0000 0.0465
vt 0.0000 0.0000
vt 0.1293 0.0000
vt 0.0368 0.2130
vt 0.0000 0.0000
vt 0.1293 0.0000
vt 0.0925 0.2130
vt 0.0000 0.0000
vt 0.1123 0.0000
vt 0.1123 0.0610
vt 0.0000 0.0610
vt 0.0000 0.0000
vt 0.1123 0.0000
vt 0.1241 0.0862
vt 0.0000 0.0000
vt 0.1123 -0.0000
vt -0.0118 0.0862
vt 0.0000 0.0000
vt 0.1059 0.0000
vt 0.1059 0.0610
vt 0.0000 0.0610
vt 0.0000 0.0000
vt 0.1059 0.0000
vt 0.0331 0.0805
vt 0.0000 0.0000
vt 0.1059 0.0000
vt 0.0728 0.0805
vt 0.0000 0.0000
vt 0.1213 0.0000
vt 0.1213 0.0610
vt 0.0000 0.0610
vt 0.0000 0.0000
vt 0.1213 0.0000
vt 0.0350 0.1027
vt 0.0000 0.0000
vt 0.1213 0.0000
vt 0.0863 0.1027
vt 0.0000 0.0000
vt 0.1281 0.0000
vt 0.1281 0.0610
vt 0.0000 0.0610
vt 0.0000 0.0000
vt 0.1281 0.0000
vt 0.1043 0.0844
vt 0.0000 0.0000
vt 0.1281 0.0000
vt 0.0238 0.0844
vt 0.0000 0.0000
vt 0.1094 0.0000
vt 0.1094 0.0610
vt 0.0000 0.0610
vt 0.0000 0.0000
vt 0.1094 0.0000
vt 0.0372 0.0794
vt 0.0000 0.0000
vt 0.1094 0.0000
vt 0.0722 0.0794
vt 0.0000 0.0000
vt 0.1256 0.0000
vt 0.1256 0.0610
vt 0.0000 0.0610
vt 0.0000 0.0000
vt 0.1256 0.0000
vt 0.0178 0.1059
vt 0.0000 0.0000
vt 0.1256 0.0000
vt 0.1078 0.1059
vt 0.0000 0.0000
vt 0.0641 0.0000
vt 0.0641 0.0637
vt 0.0000 0.0637
vt 0.0000 0.0000
vt 0.0641 -0.0000
vt 0.0692 0.0972
vt 0.0000 0.0000
vt 0.0641 0.0000
vt -0.0051 0.0972
vt 0.0000 0.0000
vt 0.0690 0.0000
vt 0.0690 0.0637
vt 0.0000 0.0637
vt 0.0000 0.0000
vt 0.0690 0.0000
vt 0.0776 0.0587
vt 0.0000 0.0000
vt 0.0690 0.0000
vt -0.0086 0.0587
vt 0.0000 0.0000
vt 0.0764 0.0000
vt 0.0764 0.0637
vt 0.0000 0.0637
vt 0.0000 0.0000
vt 0.0764 0.0000
vt 0.0030 0.0592
vt 0.0000 0.0000
vt 0.0764 0.0000
vt 0.0733 0.0592
vt 0.0000 0.0000
vt 0.0914 0.0000
vt 0.0914 0.0637
vt 0.0000 0.0637
vt 0.0000 0.0000
vt 0.0914 0.0000
vt 0.0207 0.0920
vt 0.0000 0.0000
vt 0.0914 0.0000
vt 0.0707 0.0920
vt 0.0000 0.0000
vt 0.0525 0.0000
vt 0.0525 0.0637
vt 0.0000 0.0637
vt 0.0000 0.0000
vt 0.0525 -0.0000
vt 0.0463 0.1064
vt 0.0000 0.0000
vt 0.0525 0.0000
vt 0.0062 0.1064
vt 0.0000 0.0000
vt 0.0417 0.0000
vt 0.0417 0.0637
vt 0.0000 0.0637
vt 0.0000 0.0000
vt 0.0417 0.0000
vt 0.0706 0.0799
vt 0.0000 0.0000
vt 0.0417 -0.0000
vt -0.0289 0.0799
vt 0.0000 0.0000
vt 0.0709 0.0000
vt 0.0709 0.0637
vt 0.0000 0.0637
vt 0.0000 0.0000
vt 0.0709 0.0000
vt 0.0560 0.0638
vt 0.0000 0.0000
vt 0.0709 -0.0000
vt 0.0149 0.0638
vt 0.0000 0.0000
vt 0.0935 0.0000
vt 0.0935 0.0637
vt 0.0000 0.0637
vt 0.0000 0.0000
vt 0.0935 -0.0000
vt 0.0018 0.0655
vt 0.0000 0.0000
vt 0.0935 0.0000
vt 0.0916 0.0655
vt 0.0000 0.0000
vt 0.0405 0.0000
vt 0.0405 0.0637
vt 0.0000 0.0637
vt 0.0000 0.0000
vt 0.0405 0.0000
vt 0.0014 0.1126
vt 0.0000 0.0000
vt 0.0405 0.0000
vt 0.0392 0.1126
vt 0.0000 0.0000
vt 0.0662 0.0000
vt 0.0662 0.0629
vt 0.0000 0.0629
vt 0.0000 0.0000
vt 0.0662 0.0000
vt 0.0693 0.0986
vt 0.0000 0.0000
vt 0.0662 0.0000
vt -0.0031 0.0986
vt 0.0000 0.0000
vt 0.0455 0.0000
vt 0.0455 0.0629
vt 0.0000 0.0629
vt 0.0000 0.0000
vt 0.0455 0.0000
vt -0.0358 0.0919
vt 0.0000 0.0000
vt 0.0455 0.0000
vt 0.0813 0.0919
vt 0.0000 0.0000
vt 0.0984 0.0000
vt 0.0984 0.0629
vt 0.0000 0.0629
vt 0.0000 0.0000
vt 0.0984 0.0000
vt 0.0514 0.1114
vt 0.0000 0.0000
vt 0.0984 0.0000
vt 0.0470 0.1114
vt 0.0000 0.0000
vt 0.0940 0.0000
vt 0.0940 0.0629
vt 0.0000 0.0629
vt 0.0000 0.0000
vt 0.0940 0.0000
vt 0.0202 0.1192
vt 0.0000 0.0000
vt 0.0940 0.0000
vt 0.0739 0.1192
vt 0.0000 0.0000
vt 0.0978 0.0000
vt 0.0978 0.0629
vt 0.0000 0.0629
vt 0.0000 0.0000
vt 0.0978 -0.0000
vt 0.0259 0.1379
vt 0.0000 0.0000
vt 0.0978 0.0000
vt 0.0719 0.1379
vt 0.0000 0.0000
vt 0.1058 0.0000
vt 0.1058 0.0629
vt 0.0000 0.0629
vt 0.0000 0.0000
vt 0.1058 0.0000
vt 0.1050 0.1146
vt 0.0000 0.0000
vt 0.1058 0.0000
vt 0.0007 0.1146
vt 0.0000 0.0000
vt 0.0975 0.0000
vt 0.0975 0.0629
vt 0.0000 0.0629
vt 0.0000 0.0000
vt 0.0975 0.0000
vt 0.0534 0.1014
vt 0.0000 0.0000
vt 0.0975 -0.0000
vt 0.0441 0.1014
vt 0.0000 0.0000
vt 0.0766 0.0000
vt 0.0766 0.0629
vt 0.0000 0.0629
vt 0.0000 0.0000
vt 0.0766 0.0000
vt 0.0460 0.1006
vt 0.0000 0.0000
vt 0.0766 0.0000
vt 0.0305 0.1006
vt 0.0000 0.0000
vt 0.0852 0.0000
vt 0.0852 0.0629
vt 0.0000 0.0629
vt 0.0000 0.0000
vt 0.0852 0.0000
vt 0.0222 0.1027
vt 0.0000 0.0000
vt 0.0852 0.0000
vt 0.0631 0.1027
vt 0.0000 0.0000
vt 0.1554 0.0000
vt 0.1554 0.0531
vt 0.0000 0.0531
vt 0.0000 0.0000
vt 0.1554 0.0000
vt 0.1488 0.1449
vt 0.0000 0.0000
vt 0.1554 0.0000
vt 0.0066 0.1449
vt 0.0000 0.0000
vt 0.0745 0.0000
vt 0.0745 0.0531
vt 0.0000 0.0531
vt 0.0000 0.0000
vt 0.0745 0.0000
vt 0.0828 0.1191
vt 0.0000 0.0000
vt 0.0745 -0.0000
vt -0.0083 0.1191
vt 0.0000 0.0000
vt 0.1829 0.0000
vt 0.1829 0.0531
vt 0.0000 0.0531
vt 0.0000 0.0000
vt 0.1829 0.0000
vt 0.0289 0.1158
vt 0.0000 0.0000
vt 0.1829 0.0000
vt 0.1540 0.1158
vt 0.0000 0.0000
vt 0.1250 0.0000
vt 0.1250 0.0531
vt 0.0000 0.0531
vt 0.0000 0.0000
vt 0.1250 0.0000
vt 0.0669 0.1807
vt 0.0000 0.0000
vt 0.1250 0.0000
vt 0.0581 0.1807
vt 0.0000 0.0000
vt 0.1260 0.0000
vt 0.1260 0.0531
vt 0.0000 0.0531
vt 0.0000 0.0000
vt 0.1260 0.0000
vt 0.1378 0.1305
vt 0.0000 0.0000
vt 0.1260 0.0000
vt -0.0118 0.1305
vt 0.0000 0.0000
vt 0.0975 0.0000
vt 0.0975 0.0531
vt 0.0000 0.0531
vt 0.0000 0.0000
vt 0.0975 0.0000
vt -0.0207 0.1294
vt 0.0000 0.0000
vt 0.0975 -0.0000
vt 0.1182 0.1294
vt 0.0000 0.0000
vt 0.2064 0.0000
vt 0.2064 0.0531
vt 0.0000 0.0531
vt 0.0000 0.0000
vt 0.2064 -0.0000
vt 0.0622 0.1639
vt 0.0000 0.0000
vt 0.2064 0.0000
vt 0.1442 0.1639
vt 0.0000 0.0000
vt 0.1418 0.0000
vt 0.1418 0.0531
vt 0.0000 0.0531
vt 0.0000 0.0000
vt 0.1418 0.0000
vt 0.0869 0.2003
vt 0.0000 0.0000
vt 0.1418 0.0000
vt 0.0550 0.2003
vt 0.0000 0.0000
vt 0.1452 0.0000
vt 0.1452 0.0524
vt 0.0000 0.0524
vt 0.0000 0.0000
vt 0.1452 0.0000
vt 0.1538 0.1176
vt 0.0000 0.0000
vt 0.1452 0.0000
vt -0.0086 0.1176
vt 0.0000 0.0000
vt 0.1663 0.0000
vt 0.1663 0.0524
vt 0.0000 0.0524
vt 0.0000 0.0000
vt 0.1663 -0.0000
vt 0.0873 0.0792
vt 0.0000 0.0000
vt 0.1663 0.0000
vt 0.0789 0.0792
vt 0.0000 0.0000
vt 0.0952 0.0000
vt 0.0952 0.0524
vt 0.0000 0.0524
vt 0.0000 0.0000
vt 0.0952 0.0000
vt 0.0005 0.1119
vt 0.0000 0.0000
vt 0.0952 0.0000
vt 0.0947 0.1119
vt 0.0000 0.0000
vt 0.0900 0.0000
vt 0.0900 0.0524
vt 0.0000 0.0524
vt 0.0000 0.0000
vt 0.0900 0.0000
vt 0.0456 0.1393
vt 0.0000 0.0000
vt 0.0900 0.0000
vt 0.0444 0.1393
vt 0.0000 0.0000
vt 0.1748 0.0000
vt 0.1748 0.0524
vt 0.0000 0.0524
vt 0.0000 0.0000
vt 0.1748 0.0000
vt 0.1249 0.0760
vt 0.0000 0.0000
vt 0.1748 -0.0000
vt 0.0499 0.0760
vt 0.0000 0.0000
vt 0.1530 0.0000
vt 0.1530 0.0524
vt 0.0000 0.0524
vt 0.0000 0.0000
vt 0.1530 -0.0000
vt -0.0190 0.0889
vt 0.0000 0.0000
vt 0.1530 0.0000
vt 0.1720 0.0889
vt 0.0000 0.0000
vt 0.0921 0.0000
vt 0.0921 0.0326
vt 0.0000 0.0326
vt 0.0000 0.0000
vt 0.0921 0.0000
vt 0.0483 0.0825
vt 0.0000 0.0000
vt 0.0921 0.0000
vt 0.0438 0.0825
vt 0.0000 0.0000
vt 0.0781 0.0000
vt 0.0781 0.0326
vt 0.0000 0.0326
vt 0.0000 0.0000
vt 0.0781 -0.0000
vt 0.0431 0.0829
vt 0.0000 0.0000
vt 0.0781 0.0000
vt 0.0350 0.0829
vt 0.0000 0.0000
vt 0.0620 0.0000
vt 0.0620 0.0326
vt 0.0000 0.0326
vt 0.0000 0.0000
vt 0.0620 -0.0000
vt 0.0418 0.0797
vt 0.0000 0.0000
vt 0.0620 0.0000
vt 0.0203 0.0797
vt 0.0000 0.0000
vt 0.0897 0.0000
vt 0.0897 0.0326
vt 0.0000 0.0326
vt 0.0000 0.0000
vt 0.0897 0.0000
vt 0.0034 0.0822
vt 0.0000 0.0000
vt 0.0897 0.0000
vt 0.0862 0.0822
vt 0.0000 0.0000
vt 0.1077 0.0000
vt 0.1077 0.0326
vt 0.0000 0.0326
vt 0.0000 0.0000
vt 0.1077 0.0000
vt 0.0730 0.0941
vt 0.0000 0.0000
vt 0.1077 -0.0000
vt 0.0347 0.0941
vt 0.0000 0.0000
vt 0.0869 0.0000
vt 0.0869 0.0326
vt 0.0000 0.0326
vt 0.0000 0.0000
vt 0.0869 0.0000
vt 0.0691 0.0727
vt 0.0000 0.0000
vt 0.0869 0.0000
vt 0.0177 0.0727
vt 0.0000 0.0000
vt 0.0684 0.0000
vt 0.0684 0.0326
vt 0.0000 0.0326
vt 0.0000 0.0000
vt 0.0684 0.0000
vt 0.0083 0.0744
vt 0.0000 0.0000
vt 0.0684 0.0000
vt 0.0601 0.0744
vt 0.0000 0.0000
vt 0.1809 0.0000
vt 0.1809 0.0495
vt 0.0000 0.0495
vt 0.0000 0.0000
vt 0.1809 0.0000
vt 0.1093 0.2654
vt 0.0000 0.0000
vt 0.1809 -0.0000
vt 0.0716 0.2654
vt 0.0000 0.0000
vt 0.3099 0.0000
vt 0.3099 0.0495
vt 0.0000 0.0495
vt 0.0000 0.0000
vt 0.3099 0.0000
vt 0.2119 0.1751
vt 0.0000 0.0000
vt 0.3099 0.0000
vt 0.0980 0.1751
vt 0.0000 0.0000
vt 0.2163 0.0000
vt 0.2163 0.0495
vt 0.0000 0.0495
vt 0.0000 0.0000
vt 0.2163 0.0000
vt -0.0090 0.2005
vt 0.0000 0.0000
vt 0.2163 0.0000
vt 0.2253 0.2005
vt 0.0000 0.0000
vt 0.1724 0.0000
vt 0.1724 0.0495
vt 0.0000 0.0495
vt 0.0000 0.0000
vt 0.1724 0.0000
vt 0.2061 0.2202
vt 0.0000 0.0000
vt 0.1724 0.0000
vt -0.0337 0.2202
vt 0.0000 0.0000
vt 0.1870 0.0000
vt 0.1870 0.0495
vt 0.0000 0.0495
vt 0.0000 0.0000
vt 0.1870 0.0000
vt 0.1559 0.1591
vt 0.0000 0.0000
vt 0.1870 0.0000
vt 0.0311 0.1591
vt 0.0000 0.0000
vt 0.2779 0.0000
vt 0.2779 0.0495
vt 0.0000 0.0495
vt 0.0000 0.0000
vt 0.2779 0.0000
vt 0.0774 0.1425
vt 0.0000 0.0000
vt 0.2779 0.0000
vt 0.2005 0.1425
vt 0.0000 0.0000
vt 0.1183 0.0000
vt 0.1183 0.0495
vt 0.0000 0.0495
vt 0.0000 0.0000
vt 0.1183 0.0000
vt -0.0333 0.2437
vt 0.0000 0.0000
vt 0.1183 0.0000
vt 0.1516 0.2437
vt 0.0000 0.0000
vt 0.3035 0.0000
vt 0.3035 0.0451
vt 0.0000 0.0451
vt 0.0000 0.0000
vt 0.3035 0.0000
vt 0.1358 0.2810
vt 0.0000 0.0000
vt 0.3035 0.0000
vt 0.1677 0.2810
vt 0.0000 0.0000
vt 0.1949 0.0000
vt 0.1949 0.0451
vt 0.0000 0.0451
vt 0.0000 0.0000
vt 0.1949 0.0000
vt 0.2120 0.2493
vt 0.0000 0.0000
vt 0.1949 -0.0000
vt -0.0171 0.2493
vt 0.0000 0.0000
vt 0.1470 0.0000
vt 0.1470 0.0451
vt 0.0000 0.0451
vt 0.0000 0.0000
vt 0.1470 0.0000
vt 0.1651 0.1876
vt 0.0000 0.0000
vt 0.1470 0.0000
vt -0.0181 0.1876
vt 0.0000 0.0000
vt 0.1467 0.0000
vt 0.1467 0.0451
vt 0.0000 0.0451
vt 0.0000 0.0000
vt 0.1467 0.0000
vt -0.0886 0.1663
vt 0.0000 0.0000
vt 0.1467 0.0000
vt 0.2353 0.1663
vt 0.0000 0.0000
vt 0.2393 0.0000
vt 0.2393 0.0451
vt 0.0000 0.0451
vt 0.0000 0.0000
vt 0.2393 0.0000
vt 0.1633 0.2374
vt 0.0000 0.0000
vt 0.2393 0.0000
vt 0.0761 0.2374
vt 0.0000 0.0000
vt 0.2168 0.0000
vt 0.2168 0.0451
vt 0.0000 0.0451
vt 0.0000 0.0000
vt 0.2168 0.0000
vt -0.0080 0.2492
vt 0.0000 0.0000
vt 0.2168 0.0000
vt 0.2248 0.2492
vt 0.0000 0.0000
vt 0.2600 0.0000
vt 0.2600 0.0451
vt 0.0000 0.0451
vt 0.0000 0.0000
vt 0.2600 0.0000
vt 0.2670 0.2033
vt 0.0000 0.0000
vt 0.2600 0.0000
vt -0.0070 0.2033
vt 0.0000 0.0000
vt 0.1295 0.0000
vt 0.1295 0.0451
vt 0.0000 0.0451
vt 0.0000 0.0000
vt 0.1295 0.0000
vt -0.1576 0.1287
vt 0.0000 0.0000
vt 0.1295 0.0000
vt 0.2871 0.1287
vt 0.0000 0.0000
vt 0.2451 0.0000
vt 0.2451 0.0451
vt 0.0000 0.0451
vt 0.0000 0.0000
vt 0.2451 0.0000
vt 0.1257 0.2884
vt 0.0000 0.0000
vt 0.2451 0.0000
vt 0.1194 0.2884
vt 0.0000 0.0000
vt 0.0846 0.0000
vt 0.0846 0.0480
vt 0.0000 0.0480
vt 0.0000 0.0000
vt 0.0846 0.0000
vt 0.0930 0.1238
vt 0.0000 0.0000
vt 0.0846 0.0000
vt -0.0084 0.1238
vt 0.0000 0.0000
vt 0.1243 0.0000
vt 0.1243 0.0480
vt 0.0000 0.0480
vt 0.0000 0.0000
vt 0.1243 0.0000
vt 0.0725 0.1006
vt 0.0000 0.0000
vt 0.1243 0.0000
vt 0.0518 0.1006
vt 0.0000 0.0000
vt 0.0948 0.0000
vt 0.0948 0.0480
vt 0.0000 0.0480
vt 0.0000 0.0000
vt 0.0948 0.0000
vt -0.0095 0.1128
vt 0.0000 0.0000
vt 0.0948 -0.0000
vt 0.1043 0.1128
vt 0.0000 0.0000
vt 0.1038 0.0000
vt 0.1038 0.0480
vt 0.0000 0.0480
vt 0.0000 0.0000
vt 0.1038 -0.0000
vt 0.0538 0.1439
vt 0.0000 0.0000
vt 0.1038 0.0000
vt 0.0501 0.1439
vt 0.0000 0.0000
vt 0.0933 0.0000
vt 0.0933 0.0480
vt 0.0000 0.0480
vt 0.0000 0.0000
vt 0.0933 0.0000
vt 0.1151 0.0999
vt 0.0000 0.0000
vt 0.0933 0.0000
vt -0.0218 0.0999
vt 0.0000 0.0000
vt 0.1149 0.0000
vt 0.1149 0.0480
vt 0.0000 0.0480
vt 0.0000 0.0000
vt 0.1149 0.0000
vt 0.0466 0.0910
vt 0.0000 0.0000
vt 0.1149 0.0000
vt 0.0683 0.0910
vt 0.0000 0.0000
vt 0.1426 0.0000
vt 0.1426 0.0480
vt 0.0000 0.0480
vt 0.0000 0.0000
vt 0.1426 -0.0000
vt -0.0037 0.1137
vt 0.0000 0.0000
vt 0.1426 0.0000
vt 0.1464 0.1137
vt 0.0000 0.0000
vt 0.1072 0.0000
vt 0.1072 0.0480
vt 0.0000 0.0480
vt 0.0000 0.0000
vt 0.1072 0.0000
vt 0.1020 0.1547
vt 0.0000 0.0000
vt 0.1072 0.0000
vt 0.0052 0.1547
vt 0.0000 0.0000
vt 0.1004 0.0000
vt 0.1004 0.0409
vt 0.0000 0.0409
vt 0.0000 0.0000
vt 0.1004 0.0000
vt 0.0342 0.0935
vt 0.0000 0.0000
vt 0.1004 0.0000
vt 0.0662 0.0935
vt 0.0000 0.0000
vt 0.0699 0.0000
vt 0.0699 0.0409
vt 0.0000 0.0409
vt 0.0000 0.0000
vt 0.0699 0.0000
vt 0.0408 0.1071
vt 0.0000 0.0000
vt 0.0699 0.0000
vt 0.0291 0.1071
vt 0.0000 0.0000
vt 0.0870 0.0000
vt 0.0870 0.0409
vt 0.0000 0.0409
vt 0.0000 0.0000
vt 0.0870 0.0000
vt -0.0187 0.1094
vt 0.0000 0.0000
vt 0.0870 0.0000
vt 0.1057 0.1094
vt 0.0000 0.0000
vt 0.1086 0.0000
vt 0.1086 0.0409
vt 0.0000 0.0409
vt 0.0000 0.0000
vt 0.1086 0.0000
vt 0.1137 0.1011
vt 0.0000 0.0000
vt 0.1086 0.0000
vt -0.0051 0.1011
vt 0.0000 0.0000
vt 0.1028 0.0000
vt 0.1028 0.0409
vt 0.0000 0.0409
vt 0.0000 0.0000
vt 0.1028 0.0000
vt -0.0091 0.1008
vt 0.0000 0.0000
vt 0.1028 0.0000
vt 0.1119 0.1008
vt 0.0000 0.0000
vt 0.1230 0.0000
vt 0.1230 0.0409
vt 0.0000 0.0409
vt 0.0000 0.0000
vt 0.1230 -0.0000
vt 0.1192 0.0920
vt 0.0000 0.0000
vt 0.1230 0.0000
vt 0.0037 0.0920
vt 0.0000 0.0000
vt 0.0991 0.0000
vt 0.0991 0.0409
vt 0.0000 0.0409
vt 0.0000 0.0000
vt 0.0991 0.0000
vt -0.0298 0.0871
vt 0.0000 0.0000
vt 0.0991 -0.0000
vt 0.1289 0.0871
vt 0.0000 0.0000
vt 0.1265 0.0000
vt 0.1265 0.0409
vt 0.0000 0.0409
vt 0.0000 0.0000
vt 0.1265 0.0000
vt 0.1197 0.0994
vt 0.0000 0.0000
vt 0.1265 0.0000
vt 0.0068 0.0994
vt 0.0000 0.0000
vt 0.0872 0.0000
vt 0.0872 0.0287
vt 0.0000 0.0287
vt 0.0000 0.0000
vt 0.0872 0.0000
vt 0.0440 0.1096
vt 0.0000 0.0000
vt 0.0872 0.0000
vt 0.0432 0.1096
vt 0.0000 0.0000
vt 0.1472 0.0000
vt 0.1472 0.0287
vt 0.0000 0.0287
vt 0.0000 0.0000
vt 0.1472 0.0000
vt 0.0837 0.0829
vt 0.0000 0.0000
vt 0.1472 0.0000
vt 0.0635 0.0829
vt 0.0000 0.0000
vt 0.0923 0.0000
vt 0.0923 0.0287
vt 0.0000 0.0287
vt 0.0000 0.0000
vt 0.0923 -0.0000
vt 0.0029 0.1043
vt 0.0000 0.0000
vt 0.0923 0.0000
vt 0.0894 0.1043
vt 0.0000 0.0000
vt 0.0502 0.0000
vt 0.0502 0.0287
vt 0.0000 0.0287
vt 0.0000 0.0000
vt 0.0502 0.0000
vt 0.0448 0.1298
vt 0.0000 0.0000
vt 0.0502 0.0000
vt 0.0053 0.1298
vt 0.0000 0.0000
vt 0.0967 0.0000
vt 0.0967 0.0287
vt 0.0000 0.0287
vt 0.0000 0.0000
vt 0.0967 0.0000
vt 0.1117 0.0664
vt 0.0000 0.0000
vt 0.0967 0.0000
vt -0.0150 0.0664
vt 0.0000 0.0000
vt 0.1075 0.0000
vt 0.1075 0.0287
vt 0.0000 0.0287
vt 0.0000 0.0000
vt 0.1075 0.0000
vt 0.0393 0.0556
vt 0.0000 0.0000
vt 0.1075 0.0000
vt 0.0682 0.0556
vt 0.0000 0.0000
vt 0.0725 0.0000
vt 0.0725 0.0287
vt 0.0000 0.0287
vt 0.0000 0.0000
vt 0.0725 -0.0000
vt -0.0066 0.0877
vt 0.0000 0.0000
vt 0.0725 0.0000
vt 0.0791 0.0877
vt 0.0000 0.0000
vt 0.0645 0.0000
vt 0.0645 0.0664
vt 0.0000 0.0664
vt 0.0000 0.0000
vt 0.0645 -0.0000
vt 0.0685 0.1132
vt 0.0000 0.0000
vt 0.0645 0.0000
vt -0.0040 0.1132
vt 0.0000 0.0000
vt 0.0556 0.0000
vt 0.0556 0.0664
vt 0.0000 0.0664
vt 0.0000 0.0000
vt 0.0556 -0.0000
vt 0.0250 0.1105
vt 0.0000 0.0000
vt 0.0556 0.0000
vt 0.0306 0.1105
vt 0.0000 0.0000
vt 0.1243 0.0000
vt 0.1243 0.0664
vt 0.0000 0.0664
vt 0.0000 0.0000
vt 0.1243 0.0000
vt 0.0843 0.0777
vt 0.0000 0.0000
vt 0.1243 0.0000
vt 0.0400 0.0777
vt 0.0000 0.0000
vt 0.1167 0.0000
vt 0.1167 0.0664
vt 0.0000 0.0664
vt 0.0000 0.0000
vt 0.1167 -0.0000
vt -0.0423 0.0764
vt 0.0000 0.0000
vt 0.1167 0.0000
vt 0.1589 0.0764
vt 0.0000 0.0000
vt 0.0562 0.0000
vt 0.0562 0.0664
vt 0.0000 0.0664
vt 0.0000 0.0000
vt 0.0562 0.0000
vt 0.0910 0.1511
vt 0.0000 0.0000
vt 0.0562 0.0000
vt -0.0348 0.1511
vt 0.0000 0.0000
vt 0.0945 0.0000
vt 0.0945 0.0664
vt 0.0000 0.0664
vt 0.0000 0.0000
vt 0.0945 -0.0000
vt 0.0700 0.1383
vt 0.0000 0.0000
vt 0.0945 0.0000
vt 0.0246 0.1383
vt 0.0000 0.0000
vt 0.1599 0.0000
vt 0.1599 0.0664
vt 0.0000 0.0664
vt 0.0000 0.0000
vt 0.1599 -0.0000
vt 0.1161 0.0791
vt 0.0000 0.0000
vt 0.1599 0.0000
vt 0.0437 0.0791
vt 0.0000 0.0000
vt 0.0815 0.0000
vt 0.0815 0.0664
vt 0.0000 0.0664
vt 0.0000 0.0000
vt 0.0815 0.0000
vt -0.0433 0.0793
vt 0.0000 0.0000
vt 0.0815 0.0000
vt 0.1248 0.0793
vt 0.0000 0.0000
vt 0.0603 0.0000
vt 0.0603 0.0664
vt 0.0000 0.0664
vt 0.0000 0.0000
vt 0.0603 0.0000
vt 0.0663 0.1322
vt 0.0000 0.0000
vt 0.0603 0.0000
vt -0.0060 0.1322
vt 0.0000 0.0000
vt 0.1351 0.0000
vt 0.1351 0.0289
vt 0.0000 0.0289
vt 0.0000 0.0000
vt 0.1351 -0.0000
vt 0.1343 0.1078
vt 0.0000 0.0000
vt 0.1351 0.0000
vt 0.0007 0.1078
vt 0.0000 0.0000
vt 0.1450 0.0000
vt 0.1450 0.0289
vt 0.0000 0.0289
vt 0.0000 0.0000
vt 0.1450 -0.0000
vt 0.0467 0.0972
vt 0.0000 0.0000
vt 0.1450 0.0000
vt 0.0983 0.0972
vt 0.0000 0.0000
vt 0.1182 0.0000
vt 0.1182 0.0289
vt 0.0000 0.0289
vt 0.0000 0.0000
vt 0.1182 -0.0000
vt 0.0777 0.1143
vt 0.0000 0.0000
vt 0.1182 0.0000
vt 0.0405 0.1143
vt 0.0000 0.0000
vt 0.0981 0.0000
vt 0.0981 0.0289
vt 0.0000 0.0289
vt 0.0000 0.0000
vt 0.0981 0.0000
vt 0.0493 0.1108
vt 0.0000 0.0000
vt 0.0981 0.0000
vt 0.0489 0.1108
vt 0.0000 0.0000
vt 0.1958 0.0000
vt 0.1958 0.0289
vt 0.0000 0.0289
vt 0.0000 0.0000
vt 0.1958 0.0000
vt 0.0575 0.1066
vt 0.0000 0.0000
vt 0.1958 0.0000
vt 0.1384 0.1066
vt 0.0000 0.0000
vt 0.1608 0.0000
vt 0.1608 0.0289
vt 0.0000 0.0289
vt 0.0000 0.0000
vt 0.1608 0.0000
vt 0.0830 0.1537
vt 0.0000 0.0000
vt 0.1608 0.0000
vt 0.0778 0.1537
vt 0.0000 0.0000
vt 0.2286 0.0000
vt 0.2286 0.0471
vt 0.0000 0.0471
vt 0.0000 0.0000
vt 0.2286 0.0000
vt 0.0965 0.2130
vt 0.0000 0.0000
vt 0.2286 0.0000
vt 0.1321 0.2130
vt 0.0000 0.0000
vt 0.1248 0.0000
vt 0.1248 0.0471
vt 0.0000 0.0471
vt 0.0000 0.0000
vt 0.1248 0.0000
vt 0.1500 0.2008
vt 0.0000 0.0000
vt 0.1248 0.0000
vt -0.0252 0.2008
vt 0.0000 0.0000
vt 0.1638 0.0000
vt 0.1638 0.0471
vt 0.0000 0.0471
vt 0.0000 0.0000
vt 0.1638 0.0000
vt 0.0314 0.2000
vt 0.0000 0.0000
vt 0.1638 -0.0000
vt 0.1324 0.2000
vt 0.0000 0.0000
vt 0.1857 0.0000
vt 0.1857 0.0471
vt 0.0000 0.0471
vt 0.0000 0.0000
vt 0.1857 0.0000
vt 0.1724 0.1667
vt 0.0000 0.0000
vt 0.1857 0.0000
vt 0.0132 0.1667
vt 0.0000 0.0000
vt 0.1062 0.0000
vt 0.1062 0.0471
vt 0.0000 0.0471
vt 0.0000 0.0000
vt 0.1062 0.0000
vt 0.0821 0.1457
vt 0.0000 0.0000
vt 0.1062 0.0000
vt 0.0241 0.1457
vt 0.0000 0.0000
vt 0.2385 0.0000
vt 0.2385 0.0471
vt 0.0000 0.0471
vt 0.0000 0.0000
vt 0.2385 -0.0000
vt 0.0340 0.1437
vt 0.0000 0.0000
vt 0.2385 0.0000
vt 0.2045 0.1437
vt 0.0000 0.0000
vt 0.1322 0.0000
vt 0.1322 0.0471
vt 0.0000 0.0471
vt 0.0000 0.0000
vt 0.1322 0.0000
vt 0.1028 0.2278
vt 0.0000 0.0000
vt 0.1322 0.0000
vt 0.0295 0.2278
vt 0.0000 0.0000
vt 0.1685 0.0000
vt 0.1685 0.0471
vt 0.0000 0.0471
vt 0.0000 0.0000
vt 0.1685 0.0000
vt 0.0785 0.2159
vt 0.0000 0.0000
vt 0.1685 0.0000
vt 0.0900 0.2159
vt 0.0000 0.0000
vt 0.1634 0.0000
vt 0.1634 0.0515
vt 0.0000 0.0515
vt 0.0000 0.0000
vt 0.1634 -0.0000
vt 0.1099 0.1377
vt 0.0000 0.0000
vt 0.1634 0.0000
vt 0.0535 0.1377
vt 0.0000 0.0000
vt 0.1297 0.0000
vt 0.1297 0.0515
vt 0.0000 0.0515
vt 0.0000 0.0000
vt 0.1297 0.0000
vt 0.0539 0.1375
vt 0.0000 0.0000
vt 0.1297 -0.0000
vt 0.0758 0.1375
vt 0.0000 0.0000
vt 0.1703 0.0000
vt 0.1703 0.0515
vt 0.0000 0.0515
vt 0.0000 0.0000
vt 0.1703 0.0000
vt 0.0264 0.1548
vt 0.0000 0.0000
vt 0.1703 0.0000
vt 0.1438 0.1548
vt 0.0000 0.0000
vt 0.1316 0.0000
vt 0.1316 0.0515
vt 0.0000 0.0515
vt 0.0000 0.0000
vt 0.1316 0.0000
vt 0.0537 0.2044
vt 0.0000 0.0000
vt 0.1316 0.0000
vt 0.0780 0.2044
vt 0.0000 0.0000
vt 0.2051 0.0000
vt 0.2051 0.0515
vt 0.0000 0.0515
vt 0.0000 0.0000
vt 0.2051 0.0000
vt 0.1847 0.1172
vt 0.0000 0.0000
vt 0.2051 -0.0000
vt 0.0204 0.1172
vt 0.0000 0.0000
vt 0.1630 0.0000
vt 0.1630 0.0515
vt 0.0000 0.0515
vt 0.0000 0.0000
vt 0.1630 0.0000
vt 0.0259 0.1161
vt 0.0000 0.0000
vt 0.1630 0.0000
vt 0.1371 0.1161
vt 0.0000 0.0000
vt 0.0979 0.0000
vt 0.0979 0.0515
vt 0.0000 0.0515
vt 0.0000 0.0000
vt 0.0979 0.0000
vt 0.0553 0.1709
vt 0.0000 0.0000
vt 0.0979 0.0000
vt 0.0426 0.1709
vt 0.0000 0.0000
vt 0.1041 0.0000
vt 0.1041 0.0373
vt 0.0000 0.0373
vt 0.0000 0.0000
vt 0.1041 0.0000
vt 0.0497 0.1796
vt 0.0000 0.0000
vt 0.1041 -0.0000
vt 0.0544 0.1796
vt 0.0000 0.0000
vt 0.2084 0.0000
vt 0.2084 0.0373
vt 0.0000 0.0373
vt 0.0000 0.0000
vt 0.2084 0.0000
vt 0.1098 0.1523
vt 0.0000 0.0000
vt 0.2084 0.0000
vt 0.0986 0.1523
vt 0.0000 0.0000
vt 0.1403 0.0000
vt 0.1403 0.0373
vt 0.0000 0.0373
vt 0.0000 0.0000
vt 0.1403 -0.0000
vt 0.0681 0.1682
vt 0.0000 0.0000
vt 0.1403 0.0000
vt 0.0723 0.1682
vt 0.0000 0.0000
vt 0.1591 0.0000
vt 0.1591 0.0373
vt 0.0000 0.0373
vt 0.0000 0.0000
vt 0.1591 0.0000
vt 0.1181 0.1398
vt 0.0000 0.0000
vt 0.1591 0.0000
vt 0.0409 0.1398
vt 0.0000 0.0000
vt 0.0823 0.0000
vt 0.0823 0.0373
vt 0.0000 0.0373
vt 0.0000 0.0000
vt 0.0823 0.0000
vt 0.0951 0.1104
vt 0.0000 0.0000
vt 0.0823 0.0000
vt -0.0128 0.1104
vt 0.0000 0.0000
vt 0.1737 0.0000
vt 0.1737 0.0373
vt 0.0000 0.0373
vt 0.0000 0.0000
vt 0.1737 0.0000
vt 0.0412 0.1032
vt 0.0000 0.0000
vt 0.1737 0.0000
vt 0.1325 0.1032
vt 0.0000 0.0000
vt 0.1486 0.0000
vt 0.1486 0.0373
vt 0.0000 0.0373
vt 0.0000 0.0000
vt 0.1486 0.0000
vt 0.0524 0.1596
vt 0.0000 0.0000
vt 0.1486 0.0000
vt 0.0963 0.1596
usemtl concrete
f 1/1 2/2 3/3
f 1/1 3/3 4/4
f 5/5 6/6 7/7
f 5/5 7/7 8/8
f 9/9 10/10 11/11
f 9/9 11/11 12/12
f 13/13 14/14 15/15
f 13/13 15/15 16/16
f 17/17 18/18 19/19
f 17/17 19/19 20/20
f 21/21 22/22 23/23
f 21/21 23/23 24/24
f 49/49 50/50 51/51
f 49/49 51/51 52/52
f 53/53 54/54 55/55
f 53/53 55/55 56/56
f 57/57 58/58 59/59
f 57/57 59/59 60/60
f 61/61 62/62 63/63
f 61/61 63/63 64/64
f 65/65 66/66 67/67
f 65/65 67/67 68/68
f 69/69 70/70 71/71
f 69/69 71/71 72/72
f 73/73 74/74 75/75
f 73/73 75/75 76/76
f 77/77 78/78 79/79
f 77/77 79/79 80/80
f 81/81 82/82 83/83
f 81/81 83/83 84/84
f 85/85 86/86 87/87
f 85/85 87/87 88/88
f 89/89 90/90 91/91
f 89/89 91/91 92/92
f 93/93 94/94 95/95
f 93/93 95/95 96/96
f 97/97 98/98 99/99
f 97/97 99/99 100/100
f 101/101 102/102 103/103
f 101/101 103/103 104/104
f 105/105 106/106 107/107
f 105/105 107/107 108/108
f 109/109 110/110 111/111
f 109/109 111/111 112/112
f 113/113 114/114 115/115
f 113/113 115/115 116/116
f 117/117 118/118 119/119
f 117/117 119/119 120/120
f 121/121 122/122 123/123
f 121/121 123/123 124/124
f 125/125 126/126 127/127
f 125/125 127/127 128/128
f 129/129 130/130 131/131
f 129/129 131/131 132/132
f 133/133 134/134 135/135
f 133/133 135/135 136/136
f 137/137 138/138 139/139
f 137/137 139/139 140/140
f 141/141 142/142 143/143
f 141/141 143/143 144/144
f 145/145 146/146 147/147
f 145/145 147/147 148/148
f 149/149 150/150 151/151
f 149/149 151/151 152/152
f 153/153 154/154 155/155
f 153/153 155/155 156/156
f 157/157 158/158 159/159
f 157/157 159/159 160/160
f 161/161 162/162 163/163
f 161/161 163/163 164/164
f 165/165 166/166 167/167
f 165/165 167/167 168/168
f 169/169 170/170 171/171
f 169/169 171/171 172/172
f 173/173 174/174 175/175
f 173/173 175/175 176/176
f 177/177 178/178 179/179
f 177/177 179/179 180/180
f 181/181 182/182 183/183
f 181/181 183/183 184/184
f 185/185 186/186 187/187
f 185/185 187/187 188/188
f 189/189 190/190 191/191
f 189/189 191/191 192/192
f 193/193 194/194 195/195
f 193/193 195/195 196/196
f 197/197 198/198 199/199
f 197/197 199/199 200/200
f 201/201 202/202 203/203
f 201/201 203/203 204/204
f 205/205 206/206 207/207
f 205/205 207/207 208/208
f 209/209 210/210 211/211
f 209/209 211/211 212/212
f 213/213 214/214 215/215
f 213/213 215/215 216/216
f 217/217 218/218 219/219
f 217/217 219/219 220/220
f 221/221 222/222 223/223
f 221/221 223/223 224/224
f 225/225 226/226 227/227
f 225/225 227/227 228/228
f 229/229 230/230 231/231
f 229/229 231/231 232/232
f 233/233 234/234 235/235
f 233/233 235/235 236/236
f 237/237 238/238 239/239
f 237/237 239/239 240/240
f 241/241 242/242 243/243
f 241/241 243/243 244/244
f 245/245 246/246 247/247
f 245/245 247/247 248/248
f 249/249 250/250 251/251
f 249/249 251/251 252/252
f 253/253 254/254 255/255
f 253/253 255/255 256/256
f 257/257 258/258 259/259
f 257/257 259/259 260/260
f 261/261 262/262 263/263
f 261/261 263/263 264/264
f 289/289 290/290 291/291
f 289/289 291/291 292/292
f 293/293 294/294 295/295
f 293/293 295/295 296/296
f 297/297 298/298 299/299
f 297/297 299/299 300/300
f 301/301 302/302 303/303
f 301/301 303/303 304/304
f 305/305 306/306 307/307
f 305/305 307/307 308/308
f 309/309 310/310 311/311
f 309/309 311/311 312/312
f 337/337 338/338 339/339
f 337/337 339/339 340/340
f 341/341 342/342 343/343
f 341/341 343/343 344/344
f 345/345 346/346 347/347
f 345/345 347/347 348/348
f 349/349 350/350 351/351
f 349/349 351/351 352/352
f 353/353 354/354 355/355
f 353/353 355/355 356/356
f 357/357 358/358 359/359
f 357/357 359/359 360/360
f 385/385 386/386 387/387
f 385/385 387/387 388/388
f 389/389 390/390 391/391
f 389/389 391/391 392/392
f 393/393 394/394 395/395
f 393/393 395/395 396/396
f 397/397 398/398 399/399
f 397/397 399/399 400/400
f 401/401 402/402 403/403
f 401/401 403/403 404/404
f 405/405 406/406 407/407
f 405/405 407/407 408/408
f 433/433 434/434 435/435
f 433/433 435/435 436/436
f 437/437 438/438 439/439
f 437/437 439/439 440/440
f 441/441 442/442 443/443
f 441/441 443/443 444/444
f 445/445 446/446 447/447
f 445/445 447/447 448/448
f 449/449 450/450 451/451
f 449/449 451/451 452/452
f 453/453 454/454 455/455
f 453/453 455/455 456/456
f 481/481 482/482 483/483
f 481/481 483/483 484/484
f 485/485 486/486 487/487
f 485/485 487/487 488/488
f 489/489 490/490 491/491
f 489/489 491/491 492/492
f 493/493 494/494 495/495
f 493/493 495/495 496/496
f 497/497 498/498 499/499
f 497/497 499/499 500/500
f 501/501 502/502 503/503
f 501/501 503/503 504/504
f 505/505 506/506 507/507
f 505/505 507/507 508/508
f 509/509 510/510 511/511
f 509/509 511/511 512/512
f 513/513 514/514 515/515
f 513/513 515/515 516/516
f 517/517 518/518 519/519
f 517/517 519/519 520/520
f 521/521 522/522 523/523
f 521/521 523/523 524/524
f 525/525 526/526 527/527
f 525/525 527/527 528/528
f 529/529 530/530 531/531
f 529/529 531/531 532/532
f 533/533 534/534 535/535
f 533/533 535/535 536/536
f 537/537 538/538 539/539
f 537/537 539/539 540/540
f 541/541 542/542 543/543
f 541/541 543/543 544/544
f 545/545 546/546 547/547
f 545/545 547/547 548/548
f 549/549 550/550 551/551
f 549/549 551/551 552/552
f 553/553 554/554 555/555
f 553/553 555/555 556/556
f 557/557 558/558 559/559
f 557/557 559/559 560/560
f 561/561 562/562 563/563
f 561/561 563/563 564/564
f 565/565 566/566 567/567
f 565/565 567/567 568/568
f 569/569 570/570 571/571
f 569/569 571/571 572/572
f 573/573 574/574 575/575
f 573/573 575/575 576/576
f 577/577 578/578 579/579
f 577/577 579/579 580/580
f 581/581 582/582 583/583
f 581/581 583/583 584/584
f 585/585 586/586 587/587
f 585/585 587/587 588/588
f 589/589 590/590 591/591
f 589/589 591/591 592/592
f 593/593 594/594 595/595
f 593/593 595/595 596/596
f 597/597 598/598 599/599
f 597/597 599/599 600/600
f 625/625 626/626 627/627
f 625/625 627/627 628/628
f 629/629 630/630 631/631
f 629/629 631/631 632/632
f 633/633 634/634 635/635
f 633/633 635/635 636/636
f 637/637 638/638 639/639
f 637/637 639/639 640/640
f 641/641 642/642 643/643
f 641/641 643/643 644/644
f 645/645 646/646 647/647
f 645/645 647/647 648/648
f 649/649 650/650 651/651
f 649/649 651/651 652/652
f 653/653 654/654 655/655
f 653/653 655/655 656/656
f 657/657 658/658 659/659
f 657/657 659/659 660/660
f 661/661 662/662 663/663
f 661/661 663/663 664/664
f 665/665 666/666 667/667
f 665/665 667/667 668/668
f 669/669 670/670 671/671
f 669/669 671/671 672/672
f 793/793 794/794 795/795
f 793/793 795/795 796/796
f 797/797 798/798 799/799
f 797/797 799/799 800/800
f 801/801 802/802 803/803
f 801/801 803/803 804/804
f 805/805 806/806 807/807
f 805/805 807/807 808/808
f 809/809 810/810 811/811
f 809/809 811/811 812/812
f 813/813 814/814 815/815
f 813/813 815/815 816/816
f 865/865 866/866 867/867
f 865/865 867/867 868/868
f 869/869 870/870 871/871
f 869/869 871/871 872/872
f 873/873 874/874 875/875
f 873/873 875/875 876/876
f 877/877 878/878 879/879
f 877/877 879/879 880/880
f 881/881 882/882 883/883
f 881/881 883/883 884/884
f 885/885 886/886 887/887
f 885/885 887/887 888/888
f 889/889 890/890 891/891
f 889/889 891/891 892/892
f 893/893 894/894 895/895
f 893/893 895/895 896/896
f 897/897 898/898 899/899
f 897/897 899/899 900/900
f 901/901 902/902 903/903
f 901/901 903/903 904/904
f 905/905 906/906 907/907
f 905/905 907/907 908/908
f 909/909 910/910 911/911
f 909/909 911/911 912/912
f 913/913 914/914 915/915
f 913/913 915/915 916/916
f 917/917 918/918 919/919
f 917/917 919/919 920/920
f 921/921 922/922 923/923
f 921/921 923/923 924/924
f 925/925 926/926 927/927
f 925/925 927/927 928/928
f 929/929 930/930 931/931
f 929/929 931/931 932/932
f 933/933 934/934 935/935
f 933/933 935/935 936/936
f 961/961 962/962 963/963
f 961/961 963/963 964/964
f 965/965 966/966 967/967
f 965/965 967/967 968/968
f 969/969 970/970 971/971
f 969/969 971/971 972/972
f 973/973 974/974 975/975
f 973/973 975/975 976/976
f 977/977 978/978 979/979
f 977/977 979/979 980/980
f 981/981 982/982 983/983
f 981/981 983/983 984/984
f 1009/1009 1010/1010 1011/1011
f 1009/1009 1011/1011 1012/1012
f 1013/1013 1014/1014 1015/1015
f 1013/1013 1015/1015 1016/1016
f 1017/1017 1018/1018 1019/1019
f 1017/1017 1019/1019 1020/1020
f 1021/1021 1022/1022 1023/1023
f 1021/1021 1023/1023 1024/1024
f 1025/1025 1026/1026 1027/1027
f 1025/1025 1027/1027 1028/1028
f 1029/1029 1030/1030 1031/1031
f 1029/1029 1031/1031 1032/1032
f 1033/1033 1034/1034 1035/1035
f 1033/1033 1035/1035 1036/1036
f 1037/1037 1038/1038 1039/1039
f 1037/1037 1039/1039 1040/1040
f 1041/1041 1042/1042 1043/1043
f 1041/1041 1043/1043 1044/1044
f 1045/1045 1046/1046 1047/1047
f 1045/1045 1047/1047 1048/1048
f 1049/1049 1050/1050 1051/1051
f 1049/1049 1051/1051 1052/1052
f 1053/1053 1054/1054 1055/1055
f 1053/1053 1055/1055 1056/1056
f 1057/1057 1058/1058 1059/1059
f 1057/1057 1059/1059 1060/1060
f 1061/1061 1062/1062 1063/1063
f 1061/1061 1063/1063 1064/1064
f 1065/1065 1066/1066 1067/1067
f 1065/1065 1067/1067 1068/1068
f 1069/1069 1070/1070 1071/1071
f 1069/1069 1071/1071 1072/1072
f 1073/1073 1074/1074 1075/1075
f 1073/1073 1075/1075 1076/1076
f 1077/1077 1078/1078 1079/1079
f 1077/1077 1079/1079 1080/1080
f 1081/1081 1082/1082 1083/1083
f 1081/1081 1083/1083 1084/1084
f 1085/1085 1086/1086 1087/1087
f 1085/1085 1087/1087 1088/1088
f 1089/1089 1090/1090 1091/1091
f 1089/1089 1091/1091 1092/1092
f 1093/1093 1094/1094 1095/1095
f 1093/1093 1095/1095 1096/1096
f 1097/1097 1098/1098 1099/1099
f 1097/1097 1099/1099 1100/1100
f 1101/1101 1102/1102 1103/1103
f 1101/1101 1103/1103 1104/1104
f 1201/1201 1202/1202 1203/1203
f 1201/1201 1203/1203 1204/1204
f 1205/1205 1206/1206 1207/1207
f 1205/1205 1207/1207 1208/1208
f 1209/1209 1210/1210 1211/1211
f 1209/1209 1211/1211 1212/1212
f 1213/1213 1214/1214 1215/1215
f 1213/1213 1215/1215 1216/1216
f 1217/1217 1218/1218 1219/1219
f 1217/1217 1219/1219 1220/1220
f 1221/1221 1222/1222 1223/1223
f 1221/1221 1223/1223 1224/1224
f 1249/1249 1250/1250 1251/1251
f 1249/1249 1251/1251 1252/1252
f 1253/1253 1254/1254 1255/1255
f 1253/1253 1255/1255 1256/1256
f 1257/1257 1258/1258 1259/1259
f 1257/1257 1259/1259 1260/1260
f 1261/1261 1262/1262 1263/1263
f 1261/1261 1263/1263 1264/1264
f 1265/1265 1266/1266 1267/1267
f 1265/1265 1267/1267 1268/1268
f 1269/1269 1270/1270 1271/1271
f 1269/1269 1271/1271 1272/1272
f 1273/1273 1274/1274 1275/1275
f 1273/1273 1275/1275 1276/1276
f 1277/1277 1278/1278 1279/1279
f 1277/1277 1279/1279 1280/1280
f 1281/1281 1282/1282 1283/1283
f 1281/1281 1283/1283 1284/1284
f 1285/1285 1286/1286 1287/1287
f 1285/1285 1287/1287 1288/1288
f 1289/1289 1290/1290 1291/1291
f 1289/1289 1291/1291 1292/1292
f 1293/1293 1294/1294 1295/1295
f 1293/1293 1295/1295 1296/1296
f 1297/1297 1298/1298 1299/1299
f 1297/1297 1299/1299 1300/1300
f 1301/1301 1302/1302 1303/1303
f 1301/1301 1303/1303 1304/1304
f 1305/1305 1306/1306 1307/1307
f 1305/1305 1307/1307 1308/1308
f 1309/1309 1310/1310 1311/1311
f 1309/1309 1311/1311 1312/1312
f 1313/1313 1314/1314 1315/1315
f 1313/1313 1315/1315 1316/1316
f 1317/1317 1318/1318 1319/1319
f 1317/1317 1319/1319 1320/1320
f 1321/1321 1322/1322 1323/1323
f 1321/1321 1323/1323 1324/1324
f 1325/1325 1326/1326 1327/1327
f 1325/1325 1327/1327 1328/1328
f 1329/1329 1330/1330 1331/1331
f 1329/1329 1331/1331 1332/1332
f 1333/1333 1334/1334 1335/1335
f 1333/1333 1335/1335 1336/1336
f 1337/1337 1338/1338 1339/1339
f 1337/1337 1339/1339 1340/1340
f 1341/1341 1342/1342 1343/1343
f 1341/1341 1343/1343 1344/1344
f 1345/1345 1346/1346 1347/1347
f 1345/1345 1347/1347 1348/1348
f 1349/1349 1350/1350 1351/1351
f 1349/1349 1351/1351 1352/1352
f 1353/1353 1354/1354 1355/1355
f 1353/1353 1355/1355 1356/1356
f 1357/1357 1358/1358 1359/1359
f 1357/1357 1359/1359 1360/1360
f 1361/1361 1362/1362 1363/1363
f 1361/1361 1363/1363 1364/1364
f 1365/1365 1366/1366 1367/1367
f 1365/1365 1367/1367 1368/1368
f 1369/1369 1370/1370 1371/1371
f 1369/1369 1371/1371 1372/1372
f 1373/1373 1374/1374 1375/1375
f 1373/1373 1375/1375 1376/1376
f 1377/1377 1378/1378 1379/1379
f 1377/1377 1379/1379 1380/1380
f 1381/1381 1382/1382 1383/1383
f 1381/1381 1383/1383 1384/1384
f 1385/1385 1386/1386 1387/1387
f 1385/1385 1387/1387 1388/1388
f 1389/1389 1390/1390 1391/1391
f 1389/1389 1391/1391 1392/1392
f 1393/1393 1394/1394 1395/1395
f 1393/1393 1395/1395 1396/1396
f 1397/1397 1398/1398 1399/1399
f 1397/1397 1399/1399 1400/1400
f 1401/1401 1402/1402 1403/1403
f 1401/1401 1403/1403 1404/1404
f 1405/1405 1406/1406 1407/1407
f 1405/1405 1407/1407 1408/1408
f 1409/1409 1410/1410 1411/1411
f 1409/1409 1411/1411 1412/1412
f 1413/1413 1414/1414 1415/1415
f 1413/1413 1415/1415 1416/1416
f 1417/1417 1418/1418 1419/1419
f 1417/1417 1419/1419 1420/1420
f 1421/1421 1422/1422 1423/1423
f 1421/1421 1423/1423 1424/1424
f 1425/1425 1426/1426 1427/1427
f 1425/1425 1427/1427 1428/1428
f 1429/1429 1430/1430 1431/1431
f 1429/1429 1431/1431 1432/1432
f 1433/1433 1434/1434 1435/1435
f 1433/1433 1435/1435 1436/1436
f 1437/1437 1438/1438 1439/1439
f 1437/1437 1439/1439 1440/1440
f 1441/1441 1442/1442 1443/1443
f 1441/1441 1443/1443 1444/1444
f 1445/1445 1446/1446 1447/1447
f 1445/1445 1447/1447 1448/1448
f 1449/1449 1450/1450 1451/1451
f 1449/1449 1451/1451 1452/1452
f 1453/1453 1454/1454 1455/1455
f 1453/1453 1455/1455 1456/1456
f 1457/1457 1458/1458 1459/1459
f 1457/1457 1459/1459 1460/1460
f 1461/1461 1462/1462 1463/1463
f 1461/1461 1463/1463 1464/1464
f 1465/1465 1466/1466 1467/1467
f 1465/1465 1467/1467 1468/1468
f 1469/1469 1470/1470 1471/1471
f 1472/1472 1473/1473 1474/1474
f 1475/1475 1476/1476 1477/1477
f 1475/1475 1477/1477 1478/1478
f 1479/1479 1480/1480 1481/1481
f 1482/1482 1483/1483 1484/1484
f 1485/1485 1486/1486 1487/1487
f 1485/1485 1487/1487 1488/1488
f 1489/1489 1490/1490 1491/1491
f 1492/1492 1493/1493 1494/1494
f 1495/1495 1496/1496 1497/1497
f 1495/1495 1497/1497 1498/1498
f 1499/1499 1500/1500 1501/1501
f 1502/1502 1503/1503 1504/1504
f 1505/1505 1506/1506 1507/1507
f 1505/1505 1507/1507 1508/1508
f 1509/1509 1510/1510 1511/1511
f 1512/1512 1513/1513 1514/1514
f 1515/1515 1516/1516 1517/1517
f 1515/1515 1517/1517 1518/1518
f 1519/1519 1520/1520 1521/1521
f 1522/1522 1523/1523 1524/1524
f 1525/1525 1526/1526 1527/1527
f 1525/1525 1527/1527 1528/1528
f 1529/1529 1530/1530 1531/1531
f 1532/1532 1533/1533 1534/1534
f 1535/1535 1536/1536 1537/1537
f 1535/1535 1537/1537 1538/1538
f 1539/1539 1540/1540 1541/1541
f 1542/1542 1543/1543 1544/1544
f 1545/1545 1546/1546 1547/1547
f 1545/1545 1547/1547 1548/1548
f 1549/1549 1550/1550 1551/1551
f 1552/1552 1553/1553 1554/1554
f 1555/1555 1556/1556 1557/1557
f 1555/1555 1557/1557 1558/1558
f 1559/1559 1560/1560 1561/1561
f 1562/1562 1563/1563 1564/1564
f 1565/1565 1566/1566 1567/1567
f 1565/1565 1567/1567 1568/1568
f 1569/1569 1570/1570 1571/1571
f 1572/1572 1573/1573 1574/1574
f 1575/1575 1576/1576 1577/1577
f 1575/1575 1577/1577 1578/1578
f 1579/1579 1580/1580 1581/1581
f 1582/1582 1583/1583 1584/1584
f 1585/1585 1586/1586 1587/1587
f 1585/1585 1587/1587 1588/1588
f 1589/1589 1590/1590 1591/1591
f 1592/1592 1593/1593 1594/1594
f 1595/1595 1596/1596 1597/1597
f 1595/1595 1597/1597 1598/1598
f 1599/1599 1600/1600 1601/1601
f 1602/1602 1603/1603 1604/1604
f 1605/1605 1606/1606 1607/1607
f 1605/1605 1607/1607 1608/1608
f 1609/1609 1610/1610 1611/1611
f 1612/1612 1613/1613 1614/1614
f 1615/1615 1616/1616 1617/1617
f 1615/1615 1617/1617 1618/1618
f 1619/1619 1620/1620 1621/1621
f 1622/1622 1623/1623 1624/1624
f 1625/1625 1626/1626 1627/1627
f 1625/1625 1627/1627 1628/1628
f 1629/1629 1630/1630 1631/1631
f 1632/1632 1633/1633 1634/1634
f 1635/1635 1636/1636 1637/1637
f 1635/1635 1637/1637 1638/1638
f 1639/1639 1640/1640 1641/1641
f 1642/1642 1643/1643 1644/1644
f 1645/1645 1646/1646 1647/1647
f 1645/1645 1647/1647 1648/1648
f 1649/1649 1650/1650 1651/1651
f 1652/1652 1653/1653 1654/1654
f 1655/1655 1656/1656 1657/1657
f 1655/1655 1657/1657 1658/1658
f 1659/1659 1660/1660 1661/1661
f 1662/1662 1663/1663 1664/1664
f 1665/1665 1666/1666 1667/1667
f 1665/1665 1667/1667 1668/1668
f 1669/1669 1670/1670 1671/1671
f 1672/1672 1673/1673 1674/1674
f 1675/1675 1676/1676 1677/1677
f 1675/1675 1677/1677 1678/1678
f 1679/1679 1680/1680 1681/1681
f 1682/1682 1683/1683 1684/1684
f 1685/1685 1686/1686 1687/1687
f 1685/1685 1687/1687 1688/1688
f 1689/1689 1690/1690 1691/1691
f 1692/1692 1693/1693 1694/1694
f 1695/1695 1696/1696 1697/1697
f 1695/1695 1697/1697 1698/1698
f 1699/1699 1700/1700 1701/1701
f 1702/1702 1703/1703 1704/1704
f 1705/1705 1706/1706 1707/1707
f 1705/1705 1707/1707 1708/1708
f 1709/1709 1710/1710 1711/1711
f 1712/1712 1713/1713 1714/1714
f 1715/1715 1716/1716 1717/1717
f 1715/1715 1717/1717 1718/1718
f 1719/1719 1720/1720 1721/1721
f 1722/1722 1723/1723 1724/1724
f 1725/1725 1726/1726 1727/1727
f 1725/1725 1727/1727 1728/1728
f 1729/1729 1730/1730 1731/1731
f 1732/1732 1733/1733 1734/1734
f 1735/1735 1736/1736 1737/1737
f 1735/1735 1737/1737 1738/1738
f 1739/1739 1740/1740 1741/1741
f 1742/1742 1743/1743 1744/1744
f 1745/1745 1746/1746 1747/1747
f 1745/1745 1747/1747 1748/1748
f 1749/1749 1750/1750 1751/1751
f 1752/1752 1753/1753 1754/1754
f 1755/1755 1756/1756 1757/1757
f 1755/1755 1757/1757 1758/1758
f 1759/1759 1760/1760 1761/1761
f 1762/1762 1763/1763 1764/1764
f 1765/1765 1766/1766 1767/1767
f 1765/1765 1767/1767 1768/1768
f 1769/1769 1770/1770 1771/1771
f 1772/1772 1773/1773 1774/1774
f 1775/1775 1776/1776 1777/1777
f 1775/1775 1777/1777 1778/1778
f 1779/1779 1780/1780 1781/1781
f 1782/1782 1783/1783 1784/1784
f 1785/1785 1786/1786 1787/1787
f 1785/1785 1787/1787 1788/1788
f 1789/1789 1790/1790 1791/1791
f 1792/1792 1793/1793 1794/1794
f 1795/1795 1796/1796 1797/1797
f 1795/1795 1797/1797 1798/1798
f 1799/1799 1800/1800 1801/1801
f 1802/1802 1803/1803 1804/1804
f 1805/1805 1806/1806 1807/1807
f 1805/1805 1807/1807 1808/1808
f 1809/1809 1810/1810 1811/1811
f 1812/1812 1813/1813 1814/1814
f 1815/1815 1816/1816 1817/1817
f 1815/1815 1817/1817 1818/1818
f 1819/1819 1820/1820 1821/1821
f 1822/1822 1823/1823 1824/1824
f 1825/1825 1826/1826 1827/1827
f 1825/1825 1827/1827 1828/1828
f 1829/1829 1830/1830 1831/1831
f 1832/1832 1833/1833 1834/1834
f 1835/1835 1836/1836 1837/1837
f 1835/1835 1837/1837 1838/1838
f 1839/1839 1840/1840 1841/1841
f 1842/1842 1843/1843 1844/1844
f 1845/1845 1846/1846 1847/1847
f 1845/1845 1847/1847 1848/1848
f 1849/1849 1850/1850 1851/1851
f 1852/1852 1853/1853 1854/1854
f 1855/1855 1856/1856 1857/1857
f 1855/1855 1857/1857 1858/1858
f 1859/1859 1860/1860 1861/1861
f 1862/1862 1863/1863 1864/1864
f 1865/1865 1866/1866 1867/1867
f 1865/1865 1867/1867 1868/1868
f 1869/1869 1870/1870 1871/1871
f 1872/1872 1873/1873 1874/1874
f 1875/1875 1876/1876 1877/1877
f 1875/1875 1877/1877 1878/1878
f 1879/1879 1880/1880 1881/1881
f 1882/1882 1883/1883 1884/1884
f 1885/1885 1886/1886 1887/1887
f 1885/1885 1887/1887 1888/1888
f 1889/1889 1890/1890 1891/1891
f 1892/1892 1893/1893 1894/1894
f 1895/1895 1896/1896 1897/1897
f 1895/1895 1897/1897 1898/1898
f 1899/1899 1900/1900 1901/1901
f 1902/1902 1903/1903 1904/1904
f 1905/1905 1906/1906 1907/1907
f 1905/1905 1907/1907 1908/1908
f 1909/1909 1910/1910 1911/1911
f 1912/1912 1913/1913 1914/1914
f 1915/1915 1916/1916 1917/1917
f 1915/1915 1917/1917 1918/1918
f 1919/1919 1920/1920 1921/1921
f 1922/1922 1923/1923 1924/1924
f 1925/1925 1926/1926 1927/1927
f 1925/1925 1927/1927 1928/1928
f 1929/1929 1930/1930 1931/1931
f 1932/1932 1933/1933 1934/1934
f 1935/1935 1936/1936 1937/1937
f 1935/1935 1937/1937 1938/1938
f 1939/1939 1940/1940 1941/1941
f 1942/1942 1943/1943 1944/1944
f 1945/1945 1946/1946 1947/1947
f 1945/1945 1947/1947 1948/1948
f 1949/1949 1950/1950 1951/1951
f 1952/1952 1953/1953 1954/1954
f 1955/1955 1956/1956 1957/1957
f 1955/1955 1957/1957 1958/1958
f 1959/1959 1960/1960 1961/1961
f 1962/1962 1963/1963 1964/1964
f 1965/1965 1966/1966 1967/1967
f 1965/1965 1967/1967 1968/1968
f 1969/1969 1970/1970 1971/1971
f 1972/1972 1973/1973 1974/1974
f 1975/1975 1976/1976 1977/1977
f 1975/1975 1977/1977 1978/1978
f 1979/1979 1980/1980 1981/1981
f 1982/1982 1983/1983 1984/1984
f 1985/1985 1986/1986 1987/1987
f 1985/1985 1987/1987 1988/1988
f 1989/1989 1990/1990 1991/1991
f 1992/1992 1993/1993 1994/1994
f 1995/1995 1996/1996 1997/1997
f 1995/1995 1997/1997 1998/1998
f 1999/1999 2000/2000 2001/2001
f 2002/2002 2003/2003 2004/2004
f 2005/2005 2006/2006 2007/2007
f 2005/2005 2007/2007 2008/2008
f 2009/2009 2010/2010 2011/2011
f 2012/2012 2013/2013 2014/2014
f 2015/2015 2016/2016 2017/2017
f 2015/2015 2017/2017 2018/2018
f 2019/2019 2020/2020 2021/2021
f 2022/2022 2023/2023 2024/2024
f 2025/2025 2026/2026 2027/2027
f 2025/2025 2027/2027 2028/2028
f 2029/2029 2030/2030 2031/2031
f 2032/2032 2033/2033 2034/2034
f 2035/2035 2036/2036 2037/2037
f 2035/2035 2037/2037 2038/2038
f 2039/2039 2040/2040 2041/2041
f 2042/2042 2043/2043 2044/2044
f 2045/2045 2046/2046 2047/2047
f 2045/2045 2047/2047 2048/2048
f 2049/2049 2050/2050 2051/2051
f 2052/2052 2053/2053 2054/2054
f 2055/2055 2056/2056 2057/2057
f 2055/2055 2057/2057 2058/2058
f 2059/2059 2060/2060 2061/2061
f 2062/2062 2063/2063 2064/2064
f 2065/2065 2066/2066 2067/2067
f 2065/2065 2067/2067 2068/2068
f 2069/2069 2070/2070 2071/2071
f 2072/2072 2073/2073 2074/2074
f 2075/2075 2076/2076 2077/2077
f 2075/2075 2077/2077 2078/2078
f 2079/2079 2080/2080 2081/2081
f 2082/2082 2083/2083 2084/2084
f 2085/2085 2086/2086 2087/2087
f 2085/2085 2087/2087 2088/2088
f 2089/2089 2090/2090 2091/2091
f 2092/2092 2093/2093 2094/2094
f 2095/2095 2096/2096 2097/2097
f 2095/2095 2097/2097 2098/2098
f 2099/2099 2100/2100 2101/2101
f 2102/2102 2103/2103 2104/2104
f 2105/2105 2106/2106 2107/2107
f 2105/2105 2107/2107 2108/2108
f 2109/2109 2110/2110 2111/2111
f 2112/2112 2113/2113 2114/2114
f 2115/2115 2116/2116 2117/2117
f 2115/2115 2117/2117 2118/2118
f 2119/2119 2120/2120 2121/2121
f 2122/2122 2123/2123 2124/2124
f 2125/2125 2126/2126 2127/2127
f 2125/2125 2127/2127 2128/2128
f 2129/2129 2130/2130 2131/2131
f 2132/2132 2133/2133 2134/2134
f 2135/2135 2136/2136 2137/2137
f 2135/2135 2137/2137 2138/2138
f 2139/2139 2140/2140 2141/2141
f 2142/2142 2143/2143 2144/2144
f 2145/2145 2146/2146 2147/2147
f 2145/2145 2147/2147 2148/2148
f 2149/2149 2150/2150 2151/2151
f 2152/2152 2153/2153 2154/2154
f 2155/2155 2156/2156 2157/2157
f 2155/2155 2157/2157 2158/2158
f 2159/2159 2160/2160 2161/2161
f 2162/2162 2163/2163 2164/2164
f 2165/2165 2166/2166 2167/2167
f 2165/2165 2167/2167 2168/2168
f 2169/2169 2170/2170 2171/2171
f 2172/2172 2173/2173 2174/2174
f 2175/2175 2176/2176 2177/2177
f 2175/2175 2177/2177 2178/2178
f 2179/2179 2180/2180 2181/2181
f 2182/2182 2183/2183 2184/2184
f 2185/2185 2186/2186 2187/2187
f 2185/2185 2187/2187 2188/2188
f 2189/2189 2190/2190 2191/2191
f 2192/2192 2193/2193 2194/2194
f 2195/2195 2196/2196 2197/2197
f 2195/2195 2197/2197 2198/2198
f 2199/2199 2200/2200 2201/2201
f 2202/2202 2203/2203 2204/2204
f 2205/2205 2206/2206 2207/2207
f 2205/2205 2207/2207 2208/2208
f 2209/2209 2210/2210 2211/2211
f 2212/2212 2213/2213 2214/2214
f 2215/2215 2216/2216 2217/2217
f 2215/2215 2217/2217 2218/2218
f 2219/2219 2220/2220 2221/2221
f 2222/2222 2223/2223 2224/2224
f 2225/2225 2226/2226 2227/2227
f 2225/2225 2227/2227 2228/2228
f 2229/2229 2230/2230 2231/2231
f 2232/2232 2233/2233 2234/2234
f 2235/2235 2236/2236 2237/2237
f 2235/2235 2237/2237 2238/2238
f 2239/2239 2240/2240 2241/2241
f 2242/2242 2243/2243 2244/2244
f 2245/2245 2246/2246 2247/2247
f 2245/2245 2247/2247 2248/2248
f 2249/2249 2250/2250 2251/2251
f 2252/2252 2253/2253 2254/2254
f 2255/2255 2256/2256 2257/2257
f 2255/2255 2257/2257 2258/2258
f 2259/2259 2260/2260 2261/2261
f 2262/2262 2263/2263 2264/2264
f 2265/2265 2266/2266 2267/2267
f 2265/2265 2267/2267 2268/2268
f 2269/2269 2270/2270 2271/2271
f 2272/2272 2273/2273 2274/2274
f 2275/2275 2276/2276 2277/2277
f 2275/2275 2277/2277 2278/2278
f 2279/2279 2280/2280 2281/2281
f 2282/2282 2283/2283 2284/2284
f 2285/2285 2286/2286 2287/2287
f 2285/2285 2287/2287 2288/2288
f 2289/2289 2290/2290 2291/2291
f 2292/2292 2293/2293 2294/2294
f 2295/2295 2296/2296 2297/2297
f 2295/2295 2297/2297 2298/2298
f 2299/2299 2300/2300 2301/2301
f 2302/2302 2303/2303 2304/2304
f 2305/2305 2306/2306 2307/2307
f 2305/2305 2307/2307 2308/2308
f 2309/2309 2310/2310 2311/2311
f 2312/2312 2313/2313 2314/2314
f 2315/2315 2316/2316 2317/2317
f 2315/2315 2317/2317 2318/2318
f 2319/2319 2320/2320 2321/2321
f 2322/2322 2323/2323 2324/2324
f 2325/2325 2326/2326 2327/2327
f 2325/2325 2327/2327 2328/2328
f 2329/2329 2330/2330 2331/2331
f 2332/2332 2333/2333 2334/2334
f 2335/2335 2336/2336 2337/2337
f 2335/2335 2337/2337 2338/2338
f 2339/2339 2340/2340 2341/2341
f 2342/2342 2343/2343 2344/2344
f 2345/2345 2346/2346 2347/2347
f 2345/2345 2347/2347 2348/2348
f 2349/2349 2350/2350 2351/2351
f 2352/2352 2353/2353 2354/2354
f 2355/2355 2356/2356 2357/2357
f 2355/2355 2357/2357 2358/2358
f 2359/2359 2360/2360 2361/2361
f 2362/2362 2363/2363 2364/2364
f 2365/2365 2366/2366 2367/2367
f 2365/2365 2367/2367 2368/2368
f 2369/2369 2370/2370 2371/2371
f 2372/2372 2373/2373 2374/2374
f 2375/2375 2376/2376 2377/2377
f 2375/2375 2377/2377 2378/2378
f 2379/2379 2380/2380 2381/2381
f 2382/2382 2383/2383 2384/2384
f 2385/2385 2386/2386 2387/2387
f 2385/2385 2387/2387 2388/2388
f 2389/2389 2390/2390 2391/2391
f 2392/2392 2393/2393 2394/2394
f 2395/2395 2396/2396 2397/2397
f 2395/2395 2397/2397 2398/2398
f 2399/2399 2400/2400 2401/2401
f 2402/2402 2403/2403 2404/2404
f 2405/2405 2406/2406 2407/2407
f 2405/2405 2407/2407 2408/2408
f 2409/2409 2410/2410 2411/2411
f 2412/2412 2413/2413 2414/2414
f 2415/2415 2416/2416 2417/2417
f 2415/2415 2417/2417 2418/2418
f 2419/2419 2420/2420 2421/2421
f 2422/2422 2423/2423 2424/2424
f 2425/2425 2426/2426 2427/2427
f 2425/2425 2427/2427 2428/2428
f 2429/2429 2430/2430 2431/2431
f 2432/2432 2433/2433 2434/2434
f 2435/2435 2436/2436 2437/2437
f 2435/2435 2437/2437 2438/2438
f 2439/2439 2440/2440 2441/2441
f 2442/2442 2443/2443 2444/2444
f 2445/2445 2446/2446 2447/2447
f 2445/2445 2447/2447 2448/2448
f 2449/2449 2450/2450 2451/2451
f 2452/2452 2453/2453 2454/2454
f 2455/2455 2456/2456 2457/2457
f 2455/2455 2457/2457 2458/2458
f 2459/2459 2460/2460 2461/2461
f 2462/2462 2463/2463 2464/2464
f 2465/2465 2466/2466 2467/2467
f 2465/2465 2467/2467 2468/2468
f 2469/2469 2470/2470 2471/2471
f 2472/2472 2473/2473 2474/2474
f 2475/2475 2476/2476 2477/2477
f 2475/2475 2477/2477 2478/2478
f 2479/2479 2480/2480 2481/2481
f 2482/2482 2483/2483 2484/2484
f 2485/2485 2486/2486 2487/2487
f 2485/2485 2487/2487 2488/2488
f 2489/2489 2490/2490 2491/2491
f 2492/2492 2493/2493 2494/2494
f 2495/2495 2496/2496 2497/2497
f 2495/2495 2497/2497 2498/2498
f 2499/2499 2500/2500 2501/2501
f 2502/2502 2503/2503 2504/2504
f 2505/2505 2506/2506 2507/2507
f 2505/2505 2507/2507 2508/2508
f 2509/2509 2510/2510 2511/2511
f 2512/2512 2513/2513 2514/2514
f 2515/2515 2516/2516 2517/2517
f 2515/2515 2517/2517 2518/2518
f 2519/2519 2520/2520 2521/2521
f 2522/2522 2523/2523 2524/2524
f 2525/2525 2526/2526 2527/2527
f 2525/2525 2527/2527 2528/2528
f 2529/2529 2530/2530 2531/2531
f 2532/2532 2533/2533 2534/2534
f 2535/2535 2536/2536 2537/2537
f 2535/2535 2537/2537 2538/2538
f 2539/2539 2540/2540 2541/2541
f 2542/2542 2543/2543 2544/2544
f 2545/2545 2546/2546 2547/2547
f 2545/2545 2547/2547 2548/2548
f 2549/2549 2550/2550 2551/2551
f 2552/2552 2553/2553 2554/2554
f 2555/2555 2556/2556 2557/2557
f 2555/2555 2557/2557 2558/2558
f 2559/2559 2560/2560 2561/2561
f 2562/2562 2563/2563 2564/2564
f 2565/2565 2566/2566 2567/2567
f 2565/2565 2567/2567 2568/2568
f 2569/2569 2570/2570 2571/2571
f 2572/2572 2573/2573 2574/2574
f 2575/2575 2576/2576 2577/2577
f 2575/2575 2577/2577 2578/2578
f 2579/2579 2580/2580 2581/2581
f 2582/2582 2583/2583 2584/2584
f 2585/2585 2586/2586 2587/2587
f 2585/2585 2587/2587 2588/2588
f 2589/2589 2590/2590 2591/2591
f 2592/2592 2593/2593 2594/2594
f 2595/2595 2596/2596 2597/2597
f 2595/2595 2597/2597 2598/2598
f 2599/2599 2600/2600 2601/2601
f 2602/2602 2603/2603 2604/2604
f 2605/2605 2606/2606 2607/2607
f 2605/2605 2607/2607 2608/2608
f 2609/2609 2610/2610 2611/2611
f 2612/2612 2613/2613 2614/2614
f 2615/2615 2616/2616 2617/2617
f 2615/2615 2617/2617 2618/2618
f 2619/2619 2620/2620 2621/2621
f 2622/2622 2623/2623 2624/2624
f 2625/2625 2626/2626 2627/2627
f 2625/2625 2627/2627 2628/2628
f 2629/2629 2630/2630 2631/2631
f 2632/2632 2633/2633 2634/2634
f 2635/2635 2636/2636 2637/2637
f 2635/2635 2637/2637 2638/2638
f 2639/2639 2640/2640 2641/2641
f 2642/2642 2643/2643 2644/2644
f 2645/2645 2646/2646 2647/2647
f 2645/2645 2647/2647 2648/2648
f 2649/2649 2650/2650 2651/2651
f 2652/2652 2653/2653 2654/2654
f 2655/2655 2656/2656 2657/2657
f 2655/2655 2657/2657 2658/2658
f 2659/2659 2660/2660 2661/2661
f 2662/2662 2663/2663 2664/2664
f 2665/2665 2666/2666 2667/2667
f 2665/2665 2667/2667 2668/2668
f 2669/2669 2670/2670 2671/2671
f 2672/2672 2673/2673 2674/2674
f 2675/2675 2676/2676 2677/2677
f 2675/2675 2677/2677 2678/2678
f 2679/2679 2680/2680 2681/2681
f 2682/2682 2683/2683 2684/2684
f 2685/2685 2686/2686 2687/2687
f 2685/2685 2687/2687 2688/2688
f 2689/2689 2690/2690 2691/2691
f 2692/2692 2693/2693 2694/2694
f 2695/2695 2696/2696 2697/2697
f 2695/2695 2697/2697 2698/2698
f 2699/2699 2700/2700 2701/2701
f 2702/2702 2703/2703 2704/2704
f 2705/2705 2706/2706 2707/2707
f 2705/2705 2707/2707 2708/2708
f 2709/2709 2710/2710 2711/2711
f 2712/2712 2713/2713 2714/2714
f 2715/2715 2716/2716 2717/2717
f 2715/2715 2717/2717 2718/2718
f 2719/2719 2720/2720 2721/2721
f 2722/2722 2723/2723 2724/2724
f 2725/2725 2726/2726 2727/2727
f 2725/2725 2727/2727 2728/2728
f 2729/2729 2730/2730 2731/2731
f 2732/2732 2733/2733 2734/2734
f 2735/2735 2736/2736 2737/2737
f 2735/2735 2737/2737 2738/2738
f 2739/2739 2740/2740 2741/2741
f 2742/2742 2743/2743 2744/2744
f 2745/2745 2746/2746 2747/2747
f 2745/2745 2747/2747 2748/2748
f 2749/2749 2750/2750 2751/2751
f 2752/2752 2753/2753 2754/2754
f 2755/2755 2756/2756 2757/2757
f 2755/2755 2757/2757 2758/2758
f 2759/2759 2760/2760 2761/2761
f 2762/2762 2763/2763 2764/2764
f 2765/2765 2766/2766 2767/2767
f 2765/2765 2767/2767 2768/2768
f 2769/2769 2770/2770 2771/2771
f 2772/2772 2773/2773 2774/2774
f 2775/2775 2776/2776 2777/2777
f 2775/2775 2777/2777 2778/2778
f 2779/2779 2780/2780 2781/2781
f 2782/2782 2783/2783 2784/2784
f 2785/2785 2786/2786 2787/2787
f 2785/2785 2787/2787 2788/2788
f 2789/2789 2790/2790 2791/2791
f 2792/2792 2793/2793 2794/2794
f 2795/2795 2796/2796 2797/2797
f 2795/2795 2797/2797 2798/2798
f 2799/2799 2800/2800 2801/2801
f 2802/2802 2803/2803 2804/2804
f 2805/2805 2806/2806 2807/2807
f 2805/2805 2807/2807 2808/2808
f 2809/2809 2810/2810 2811/2811
f 2812/2812 2813/2813 2814/2814
f 2815/2815 2816/2816 2817/2817
f 2815/2815 2817/2817 2818/2818
f 2819/2819 2820/2820 2821/2821
f 2822/2822 2823/2823 2824/2824
f 2825/2825 2826/2826 2827/2827
f 2825/2825 2827/2827 2828/2828
f 2829/2829 2830/2830 2831/2831
f 2832/2832 2833/2833 2834/2834
f 2835/2835 2836/2836 2837/2837
f 2835/2835 2837/2837 2838/2838
f 2839/2839 2840/2840 2841/2841
f 2842/2842 2843/2843 2844/2844
f 2845/2845 2846/2846 2847/2847
f 2845/2845 2847/2847 2848/2848
f 2849/2849 2850/2850 2851/2851
f 2852/2852 2853/2853 2854/2854
f 2855/2855 2856/2856 2857/2857
f 2855/2855 2857/2857 2858/2858
f 2859/2859 2860/2860 2861/2861
f 2862/2862 2863/2863 2864/2864
f 2865/2865 2866/2866 2867/2867
f 2865/2865 2867/2867 2868/2868
f 2869/2869 2870/2870 2871/2871
f 2872/2872 2873/2873 2874/2874
f 2875/2875 2876/2876 2877/2877
f 2875/2875 2877/2877 2878/2878
f 2879/2879 2880/2880 2881/2881
f 2882/2882 2883/2883 2884/2884
f 2885/2885 2886/2886 2887/2887
f 2885/2885 2887/2887 2888/2888
f 2889/2889 2890/2890 2891/2891
f 2892/2892 2893/2893 2894/2894
f 2895/2895 2896/2896 2897/2897
f 2895/2895 2897/2897 2898/2898
f 2899/2899 2900/2900 2901/2901
f 2902/2902 2903/2903 2904/2904
f 2905/2905 2906/2906 2907/2907
f 2905/2905 2907/2907 2908/2908
f 2909/2909 2910/2910 2911/2911
f 2912/2912 2913/2913 2914/2914
f 2915/2915 2916/2916 2917/2917
f 2915/2915 2917/2917 2918/2918
f 2919/2919 2920/2920 2921/2921
f 2922/2922 2923/2923 2924/2924
f 2925/2925 2926/2926 2927/2927
f 2925/2925 2927/2927 2928/2928
f 2929/2929 2930/2930 2931/2931
f 2932/2932 2933/2933 2934/2934
f 2935/2935 2936/2936 2937/2937
f 2935/2935 2937/2937 2938/2938
f 2939/2939 2940/2940 2941/2941
f 2942/2942 2943/2943 2944/2944
f 2945/2945 2946/2946 2947/2947
f 2945/2945 2947/2947 2948/2948
f 2949/2949 2950/2950 2951/2951
f 2952/2952 2953/2953 2954/2954
f 2955/2955 2956/2956 2957/2957
f 2955/2955 2957/2957 2958/2958
f 2959/2959 2960/2960 2961/2961
f 2962/2962 2963/2963 2964/2964
f 2965/2965 2966/2966 2967/2967
f 2965/2965 2967/2967 2968/2968
f 2969/2969 2970/2970 2971/2971
f 2972/2972 2973/2973 2974/2974
f 2975/2975 2976/2976 2977/2977
f 2975/2975 2977/2977 2978/2978
f 2979/2979 2980/2980 2981/2981
f 2982/2982 2983/2983 2984/2984
f 2985/2985 2986/2986 2987/2987
f 2985/2985 2987/2987 2988/2988
f 2989/2989 2990/2990 2991/2991
f 2992/2992 2993/2993 2994/2994
f 2995/2995 2996/2996 2997/2997
f 2995/2995 2997/2997 2998/2998
f 2999/2999 3000/3000 3001/3001
f 3002/3002 3003/3003 3004/3004
f 3005/3005 3006/3006 3007/3007
f 3005/3005 3007/3007 3008/3008
f 3009/3009 3010/3010 3011/3011
f 3012/3012 3013/3013 3014/3014
f 3015/3015 3016/3016 3017/3017
f 3015/3015 3017/3017 3018/3018
f 3019/3019 3020/3020 3021/3021
f 3022/3022 3023/3023 3024/3024
f 3025/3025 3026/3026 3027/3027
f 3025/3025 3027/3027 3028/3028
f 3029/3029 3030/3030 3031/3031
f 3032/3032 3033/3033 3034/3034
f 3035/3035 3036/3036 3037/3037
f 3035/3035 3037/3037 3038/3038
f 3039/3039 3040/3040 3041/3041
f 3042/3042 3043/3043 3044/3044
f 3045/3045 3046/3046 3047/3047
f 3045/3045 3047/3047 3048/3048
f 3049/3049 3050/3050 3051/3051
f 3052/3052 3053/3053 3054/3054
f 3055/3055 3056/3056 3057/3057
f 3055/3055 3057/3057 3058/3058
f 3059/3059 3060/3060 3061/3061
f 3062/3062 3063/3063 3064/3064
f 3065/3065 3066/3066 3067/3067
f 3065/3065 3067/3067 3068/3068
f 3069/3069 3070/3070 3071/3071
f 3072/3072 3073/3073 3074/3074
f 3075/3075 3076/3076 3077/3077
f 3075/3075 3077/3077 3078/3078
f 3079/3079 3080/3080 3081/3081
f 3082/3082 3083/3083 3084/3084
f 3085/3085 3086/3086 3087/3087
f 3085/3085 3087/3087 3088/3088
f 3089/3089 3090/3090 3091/3091
f 3092/3092 3093/3093 3094/3094
f 3095/3095 3096/3096 3097/3097
f 3095/3095 3097/3097 3098/3098
f 3099/3099 3100/3100 3101/3101
f 3102/3102 3103/3103 3104/3104
f 3105/3105 3106/3106 3107/3107
f 3105/3105 3107/3107 3108/3108
f 3109/3109 3110/3110 3111/3111
f 3112/3112 3113/3113 3114/3114
f 3115/3115 3116/3116 3117/3117
f 3115/3115 3117/3117 3118/3118
f 3119/3119 3120/3120 3121/3121
f 3122/3122 3123/3123 3124/3124
f 3125/3125 3126/3126 3127/3127
f 3125/3125 3127/3127 3128/3128
f 3129/3129 3130/3130 3131/3131
f 3132/3132 3133/3133 3134/3134
f 3135/3135 3136/3136 3137/3137
f 3135/3135 3137/3137 3138/3138
f 3139/3139 3140/3140 3141/3141
f 3142/3142 3143/3143 3144/3144
f 3145/3145 3146/3146 3147/3147
f 3145/3145 3147/3147 3148/3148
f 3149/3149 3150/3150 3151/3151
f 3152/3152 3153/3153 3154/3154
f 3155/3155 3156/3156 3157/3157
f 3155/3155 3157/3157 3158/3158
f 3159/3159 3160/3160 3161/3161
f 3162/3162 3163/3163 3164/3164
f 3165/3165 3166/3166 3167/3167
f 3165/3165 3167/3167 3168/3168
f 3169/3169 3170/3170 3171/3171
f 3172/3172 3173/3173 3174/3174
f 3175/3175 3176/3176 3177/3177
f 3175/3175 3177/3177 3178/3178
f 3179/3179 3180/3180 3181/3181
f 3182/3182 3183/3183 3184/3184
f 3185/3185 3186/3186 3187/3187
f 3185/3185 3187/3187 3188/3188
f 3189/3189 3190/3190 3191/3191
f 3192/3192 3193/3193 3194/3194
f 3195/3195 3196/3196 3197/3197
f 3195/3195 3197/3197 3198/3198
f 3199/3199 3200/3200 3201/3201
f 3202/3202 3203/3203 3204/3204
f 3205/3205 3206/3206 3207/3207
f 3205/3205 3207/3207 3208/3208
f 3209/3209 3210/3210 3211/3211
f 3212/3212 3213/3213 3214/3214
f 3215/3215 3216/3216 3217/3217
f 3215/3215 3217/3217 3218/3218
f 3219/3219 3220/3220 3221/3221
f 3222/3222 3223/3223 3224/3224
f 3225/3225 3226/3226 3227/3227
f 3225/3225 3227/3227 3228/3228
f 3229/3229 3230/3230 3231/3231
f 3232/3232 3233/3233 3234/3234
f 3235/3235 3236/3236 3237/3237
f 3235/3235 3237/3237 3238/3238
f 3239/3239 3240/3240 3241/3241
f 3242/3242 3243/3243 3244/3244
f 3245/3245 3246/3246 3247/3247
f 3245/3245 3247/3247 3248/3248
f 3249/3249 3250/3250 3251/3251
f 3252/3252 3253/3253 3254/3254
f 3255/3255 3256/3256 3257/3257
f 3255/3255 3257/3257 3258/3258
f 3259/3259 3260/3260 3261/3261
f 3262/3262 3263/3263 3264/3264
f 3265/3265 3266/3266 3267/3267
f 3265/3265 3267/3267 3268/3268
f 3269/3269 3270/3270 3271/3271
f 3272/3272 3273/3273 3274/3274
f 3275/3275 3276/3276 3277/3277
f 3275/3275 3277/3277 3278/3278
f 3279/3279 3280/3280 3281/3281
f 3282/3282 3283/3283 3284/3284
f 3285/3285 3286/3286 3287/3287
f 3285/3285 3287/3287 3288/3288
f 3289/3289 3290/3290 3291/3291
f 3292/3292 3293/3293 3294/3294
f 3295/3295 3296/3296 3297/3297
f 3295/3295 3297/3297 3298/3298
f 3299/3299 3300/3300 3301/3301
f 3302/3302 3303/3303 3304/3304
f 3305/3305 3306/3306 3307/3307
f 3305/3305 3307/3307 3308/3308
f 3309/3309 3310/3310 3311/3311
f 3312/3312 3313/3313 3314/3314
f 3315/3315 3316/3316 3317/3317
f 3315/3315 3317/3317 3318/3318
f 3319/3319 3320/3320 3321/3321
f 3322/3322 3323/3323 3324/3324
f 3325/3325 3326/3326 3327/3327
f 3325/3325 3327/3327 3328/3328
f 3329/3329 3330/3330 3331/3331
f 3332/3332 3333/3333 3334/3334
f 3335/3335 3336/3336 3337/3337
f 3335/3335 3337/3337 3338/3338
f 3339/3339 3340/3340 3341/3341
f 3342/3342 3343/3343 3344/3344
f 3345/3345 3346/3346 3347/3347
f 3345/3345 3347/3347 3348/3348
f 3349/3349 3350/3350 3351/3351
f 3352/3352 3353/3353 3354/3354
f 3355/3355 3356/3356 3357/3357
f 3355/3355 3357/3357 3358/3358
f 3359/3359 3360/3360 3361/3361
f 3362/3362 3363/3363 3364/3364
f 3365/3365 3366/3366 3367/3367
f 3365/3365 3367/3367 3368/3368
f 3369/3369 3370/3370 3371/3371
f 3372/3372 3373/3373 3374/3374
f 3375/3375 3376/3376 3377/3377
f 3375/3375 3377/3377 3378/3378
f 3379/3379 3380/3380 3381/3381
f 3382/3382 3383/3383 3384/3384
f 3385/3385 3386/3386 3387/3387
f 3385/3385 3387/3387 3388/3388
f 3389/3389 3390/3390 3391/3391
f 3392/3392 3393/3393 3394/3394
f 3395/3395 3396/3396 3397/3397
f 3395/3395 3397/3397 3398/3398
f 3399/3399 3400/3400 3401/3401
f 3402/3402 3403/3403 3404/3404
f 3405/3405 3406/3406 3407/3407
f 3405/3405 3407/3407 3408/3408
f 3409/3409 3410/3410 3411/3411
f 3412/3412 3413/3413 3414/3414
f 3415/3415 3416/3416 3417/3417
f 3415/3415 3417/3417 3418/3418
f 3419/3419 3420/3420 3421/3421
f 3422/3422 3423/3423 3424/3424
f 3425/3425 3426/3426 3427/3427
f 3425/3425 3427/3427 3428/3428
f 3429/3429 3430/3430 3431/3431
f 3432/3432 3433/3433 3434/3434
f 3435/3435 3436/3436 3437/3437
f 3435/3435 3437/3437 3438/3438
f 3439/3439 3440/3440 3441/3441
f 3442/3442 3443/3443 3444/3444
f 3445/3445 3446/3446 3447/3447
f 3445/3445 3447/3447 3448/3448
f 3449/3449 3450/3450 3451/3451
f 3452/3452 3453/3453 3454/3454
f 3455/3455 3456/3456 3457/3457
f 3455/3455 3457/3457 3458/3458
f 3459/3459 3460/3460 3461/3461
f 3462/3462 3463/3463 3464/3464
f 3465/3465 3466/3466 3467/3467
f 3465/3465 3467/3467 3468/3468
f 3469/3469 3470/3470 3471/3471
f 3472/3472 3473/3473 3474/3474
f 3475/3475 3476/3476 3477/3477
f 3475/3475 3477/3477 3478/3478
f 3479/3479 3480/3480 3481/3481
f 3482/3482 3483/3483 3484/3484
f 3485/3485 3486/3486 3487/3487
f 3485/3485 3487/3487 3488/3488
f 3489/3489 3490/3490 3491/3491
f 3492/3492 3493/3493 3494/3494
f 3495/3495 3496/3496 3497/3497
f 3495/3495 3497/3497 3498/3498
f 3499/3499 3500/3500 3501/3501
f 3502/3502 3503/3503 3504/3504
f 3505/3505 3506/3506 3507/3507
f 3505/3505 3507/3507 3508/3508
f 3509/3509 3510/3510 3511/3511
f 3512/3512 3513/3513 3514/3514
f 3515/3515 3516/3516 3517/3517
f 3515/3515 3517/3517 3518/3518
f 3519/3519 3520/3520 3521/3521
f 3522/3522 3523/3523 3524/3524
f 3525/3525 3526/3526 3527/3527
f 3525/3525 3527/3527 3528/3528
f 3529/3529 3530/3530 3531/3531
f 3532/3532 3533/3533 3534/3534
f 3535/3535 3536/3536 3537/3537
f 3535/3535 3537/3537 3538/3538
f 3539/3539 3540/3540 3541/3541
f 3542/3542 3543/3543 3544/3544
f 3545/3545 3546/3546 3547/3547
f 3545/3545 3547/3547 3548/3548
f 3549/3549 3550/3550 3551/3551
f 3552/3552 3553/3553 3554/3554
f 3555/3555 3556/3556 3557/3557
f 3555/3555 3557/3557 3558/3558
f 3559/3559 3560/3560 3561/3561
f 3562/3562 3563/3563 3564/3564
f 3565/3565 3566/3566 3567/3567
f 3565/3565 3567/3567 3568/3568
f 3569/3569 3570/3570 3571/3571
f 3572/3572 3573/3573 3574/3574
f 3575/3575 3576/3576 3577/3577
f 3575/3575 3577/3577 3578/3578
f 3579/3579 3580/3580 3581/3581
f 3582/3582 3583/3583 3584/3584
usemtl masonry
f 25/25 26/26 27/27
f 25/25 27/27 28/28
f 29/29 30/30 31/31
f 29/29 31/31 32/32
f 33/33 34/34 35/35
f 33/33 35/35 36/36
f 37/37 38/38 39/39
f 37/37 39/39 40/40
f 41/41 42/42 43/43
f 41/41 43/43 44/44
f 45/45 46/46 47/47
f 45/45 47/47 48/48
f 265/265 266/266 267/267
f 265/265 267/267 268/268
f 269/269 270/270 271/271
f 269/269 271/271 272/272
f 273/273 274/274 275/275
f 273/273 275/275 276/276
f 277/277 278/278 279/279
f 277/277 279/279 280/280
f 281/281 282/282 283/283
f 281/281 283/283 284/284
f 285/285 286/286 287/287
f 285/285 287/287 288/288
f 313/313 314/314 315/315
f 313/313 315/315 316/316
f 317/317 318/318 319/319
f 317/317 319/319 320/320
f 321/321 322/322 323/323
f 321/321 323/323 324/324
f 325/325 326/326 327/327
f 325/325 327/327 328/328
f 329/329 330/330 331/331
f 329/329 331/331 332/332
f 333/333 334/334 335/335
f 333/333 335/335 336/336
f 361/361 362/362 363/363
f 361/361 363/363 364/364
f 365/365 366/366 367/367
f 365/365 367/367 368/368
f 369/369 370/370 371/371
f 369/369 371/371 372/372
f 373/373 374/374 375/375
f 373/373 375/375 376/376
f 377/377 378/378 379/379
f 377/377 379/379 380/380
f 381/381 382/382 383/383
f 381/381 383/383 384/384
f 409/409 410/410 411/411
f 409/409 411/411 412/412
f 413/413 414/414 415/415
f 413/413 415/415 416/416
f 417/417 418/418 419/419
f 417/417 419/419 420/420
f 421/421 422/422 423/423
f 421/421 423/423 424/424
f 425/425 426/426 427/427
f 425/425 427/427 428/428
f 429/429 430/430 431/431
f 429/429 431/431 432/432
f 457/457 458/458 459/459
f 457/457 459/459 460/460
f 461/461 462/462 463/463
f 461/461 463/463 464/464
f 465/465 466/466 467/467
f 465/465 467/467 468/468
f 469/469 470/470 471/471
f 469/469 471/471 472/472
f 473/473 474/474 475/475
f 473/473 475/475 476/476
f 477/477 478/478 479/479
f 477/477 479/479 480/480
f 601/601 602/602 603/603
f 601/601 603/603 604/604
f 605/605 606/606 607/607
f 605/605 607/607 608/608
f 609/609 610/610 611/611
f 609/609 611/611 612/612
f 613/613 614/614 615/615
f 613/613 615/615 616/616
f 617/617 618/618 619/619
f 617/617 619/619 620/620
f 621/621 622/622 623/623
f 621/621 623/623 624/624
f 673/673 674/674 675/675
f 673/673 675/675 676/676
f 677/677 678/678 679/679
f 677/677 679/679 680/680
f 681/681 682/682 683/683
f 681/681 683/683 684/684
f 685/685 686/686 687/687
f 685/685 687/687 688/688
f 689/689 690/690 691/691
f 689/689 691/691 692/692
f 693/693 694/694 695/695
f 693/693 695/695 696/696
f 697/697 698/698 699/699
f 697/697 699/699 700/700
f 701/701 702/702 703/703
f 701/701 703/703 704/704
f 705/705 706/706 707/707
f 705/705 707/707 708/708
f 709/709 710/710 711/711
f 709/709 711/711 712/712
f 713/713 714/714 715/715
f 713/713 715/715 716/716
f 717/717 718/718 719/719
f 717/717 719/719 720/720
f 721/721 722/722 723/723
f 721/721 723/723 724/724
f 725/725 726/726 727/727
f 725/725 727/727 728/728
f 729/729 730/730 731/731
f 729/729 731/731 732/732
f 733/733 734/734 735/735
f 733/733 735/735 736/736
f 737/737 738/738 739/739
f 737/737 739/739 740/740
f 741/741 742/742 743/743
f 741/741 743/743 744/744
f 745/745 746/746 747/747
f 745/745 747/747 748/748
f 749/749 750/750 751/751
f 749/749 751/751 752/752
f 753/753 754/754 755/755
f 753/753 755/755 756/756
f 757/757 758/758 759/759
f 757/757 759/759 760/760
f 761/761 762/762 763/763
f 761/761 763/763 764/764
f 765/765 766/766 767/767
f 765/765 767/767 768/768
f 769/769 770/770 771/771
f 769/769 771/771 772/772
f 773/773 774/774 775/775
f 773/773 775/775 776/776
f 777/777 778/778 779/779
f 777/777 779/779 780/780
f 781/781 782/782 783/783
f 781/781 783/783 784/784
f 785/785 786/786 787/787
f 785/785 787/787 788/788
f 789/789 790/790 791/791
f 789/789 791/791 792/792
f 817/817 818/818 819/819
f 817/817 819/819 820/820
f 821/821 822/822 823/823
f 821/821 823/823 824/824
f 825/825 826/826 827/827
f 825/825 827/827 828/828
f 829/829 830/830 831/831
f 829/829 831/831 832/832
f 833/833 834/834 835/835
f 833/833 835/835 836/836
f 837/837 838/838 839/839
f 837/837 839/839 840/840
f 841/841 842/842 843/843
f 841/841 843/843 844/844
f 845/845 846/846 847/847
f 845/845 847/847 848/848
f 849/849 850/850 851/851
f 849/849 851/851 852/852
f 853/853 854/854 855/855
f 853/853 855/855 856/856
f 857/857 858/858 859/859
f 857/857 859/859 860/860
f 861/861 862/862 863/863
f 861/861 863/863 864/864
f 937/937 938/938 939/939
f 937/937 939/939 940/940
f 941/941 942/942 943/943
f 941/941 943/943 944/944
f 945/945 946/946 947/947
f 945/945 947/947 948/948
f 949/949 950/950 951/951
f 949/949 951/951 952/952
f 953/953 954/954 955/955
f 953/953 955/955 956/956
f 957/957 958/958 959/959
f 957/957 959/959 960/960
f 985/985 986/986 987/987
f 985/985 987/987 988/988
f 989/989 990/990 991/991
f 989/989 991/991 992/992
f 993/993 994/994 995/995
f 993/993 995/995 996/996
f 997/997 998/998 999/999
f 997/997 999/999 1000/1000
f 1001/1001 1002/1002 1003/1003
f 1001/1001 1003/1003 1004/1004
f 1005/1005 1006/1006 1007/1007
f 1005/1005 1007/1007 1008/1008
f 1105/1105 1106/1106 1107/1107
f 1105/1105 1107/1107 1108/1108
f 1109/1109 1110/1110 1111/1111
f 1109/1109 1111/1111 1112/1112
f 1113/1113 1114/1114 1115/1115
f 1113/1113 1115/1115 1116/1116
f 1117/1117 1118/1118 1119/1119
f 1117/1117 1119/1119 1120/1120
f 1121/1121 1122/1122 1123/1123
f 1121/1121 1123/1123 1124/1124
f 1125/1125 1126/1126 1127/1127
f 1125/1125 1127/1127 1128/1128
f 1129/1129 1130/1130 1131/1131
f 1129/1129 1131/1131 1132/1132
f 1133/1133 1134/1134 1135/1135
f 1133/1133 1135/1135 1136/1136
f 1137/1137 1138/1138 1139/1139
f 1137/1137 1139/1139 1140/1140
f 1141/1141 1142/1142 1143/1143
f 1141/1141 1143/1143 1144/1144
f 1145/1145 1146/1146 1147/1147
f 1145/1145 1147/1147 1148/1148
f 1149/1149 1150/1150 1151/1151
f 1149/1149 1151/1151 1152/1152
f 1153/1153 1154/1154 1155/1155
f 1153/1153 1155/1155 1156/1156
f 1157/1157 1158/1158 1159/1159
f 1157/1157 1159/1159 1160/1160
f 1161/1161 1162/1162 1163/1163
f 1161/1161 1163/1163 1164/1164
f 1165/1165 1166/1166 1167/1167
f 1165/1165 1167/1167 1168/1168
f 1169/1169 1170/1170 1171/1171
f 1169/1169 1171/1171 1172/1172
f 1173/1173 1174/1174 1175/1175
f 1173/1173 1175/1175 1176/1176
f 1177/1177 1178/1178 1179/1179
f 1177/1177 1179/1179 1180/1180
f 1181/1181 1182/1182 1183/1183
f 1181/1181 1183/1183 1184/1184
f 1185/1185 1186/1186 1187/1187
f 1185/1185 1187/1187 1188/1188
f 1189/1189 1190/1190 1191/1191
f 1189/1189 1191/1191 1192/1192
f 1193/1193 1194/1194 1195/1195
f 1193/1193 1195/1195 1196/1196
f 1197/1197 1198/1198 1199/1199
f 1197/1197 1199/1199 1200/1200
f 1225/1225 1226/1226 1227/1227
f 1225/1225 1227/1227 1228/1228
f 1229/1229 1230/1230 1231/1231
f 1229/1229 1231/1231 1232/1232
f 1233/1233 1234/1234 1235/1235
f 1233/1233 1235/1235 1236/1236
f 1237/1237 1238/1238 1239/1239
f 1237/1237 1239/1239 1240/1240
f 1241/1241 1242/1242 1243/1243
f 1241/1241 1243/1243 1244/1244
f 1245/1245 1246/1246 1247/1247
f 1245/1245 1247/1247 1248/1248
