# D_mat_3 (Sightline generated, CENTIMETRES, +Z up)
v 200.49 -443.90 -1.61
v 204.29 -436.21 12.44
v 209.18 -418.68 0.24
v 202.62 -427.65 -10.16
v 214.46 -451.61 -4.31
v 213.78 -434.37 -13.05
v 225.39 -428.33 0.12
v 216.31 -440.39 7.94
v 200.49 -443.90 -1.61
v 202.62 -427.65 -10.16
v 213.78 -434.37 -13.05
v 214.46 -451.61 -4.31
v 204.29 -436.21 12.44
v 216.31 -440.39 7.94
v 225.39 -428.33 0.12
v 209.18 -418.68 0.24
v 200.49 -443.90 -1.61
v 214.46 -451.61 -4.31
v 216.31 -440.39 7.94
v 204.29 -436.21 12.44
v 202.62 -427.65 -10.16
v 209.18 -418.68 0.24
v 225.39 -428.33 0.12
v 213.78 -434.37 -13.05
v 193.77 -67.25 19.91
v 166.28 -43.67 -12.85
v 140.62 -69.53 -3.24
v 156.16 -92.76 29.50
v 209.37 -79.57 -18.14
v 174.07 -121.98 -3.06
v 158.00 -97.13 -42.16
v 181.22 -66.62 -42.35
v 193.77 -67.25 19.91
v 156.16 -92.76 29.50
v 174.07 -121.98 -3.06
v 209.37 -79.57 -18.14
v 166.28 -43.67 -12.85
v 181.22 -66.62 -42.35
v 158.00 -97.13 -42.16
v 140.62 -69.53 -3.24
v 193.77 -67.25 19.91
v 209.37 -79.57 -18.14
v 181.22 -66.62 -42.35
v 166.28 -43.67 -12.85
v 156.16 -92.76 29.50
v 140.62 -69.53 -3.24
v 158.00 -97.13 -42.16
v 174.07 -121.98 -3.06
v -186.47 131.57 6.15
v -213.84 128.45 4.72
v -218.72 143.90 -8.16
v -190.35 153.61 -6.06
v -193.25 140.35 15.90
v -197.16 158.70 7.67
v -220.09 152.23 4.09
v -217.38 133.35 20.14
v -186.47 131.57 6.15
v -190.35 153.61 -6.06
v -197.16 158.70 7.67
v -193.25 140.35 15.90
v -213.84 128.45 4.72
v -217.38 133.35 20.14
v -220.09 152.23 4.09
v -218.72 143.90 -8.16
v -186.47 131.57 6.15
v -193.25 140.35 15.90
v -217.38 133.35 20.14
v -213.84 128.45 4.72
v -190.35 153.61 -6.06
v -218.72 143.90 -8.16
v -220.09 152.23 4.09
v -197.16 158.70 7.67
v -257.17 111.68 6.69
v -243.57 134.03 -1.00
v -226.14 123.27 1.71
v -239.29 100.37 2.85
v -250.95 108.64 20.40
v -236.53 97.38 18.45
v -223.96 119.36 14.26
v -238.04 133.32 13.34
v -257.17 111.68 6.69
v -239.29 100.37 2.85
v -236.53 97.38 18.45
v -250.95 108.64 20.40
v -243.57 134.03 -1.00
v -238.04 133.32 13.34
v -223.96 119.36 14.26
v -226.14 123.27 1.71
v -257.17 111.68 6.69
v -250.95 108.64 20.40
v -238.04 133.32 13.34
v -243.57 134.03 -1.00
v -239.29 100.37 2.85
v -226.14 123.27 1.71
v -223.96 119.36 14.26
v -236.53 97.38 18.45
v -425.58 78.25 3.76
v -419.08 119.31 -4.26
v -374.28 117.90 0.94
v -378.69 69.55 -3.80
v -421.77 72.38 28.97
v -375.59 73.64 19.71
v -376.16 122.81 26.67
v -419.80 122.93 22.09
v -425.58 78.25 3.76
v -378.69 69.55 -3.80
v -375.59 73.64 19.71
v -421.77 72.38 28.97
v -419.08 119.31 -4.26
v -419.80 122.93 22.09
v -376.16 122.81 26.67
v -374.28 117.90 0.94
v -425.58 78.25 3.76
v -421.77 72.38 28.97
v -419.80 122.93 22.09
v -419.08 119.31 -4.26
v -378.69 69.55 -3.80
v -374.28 117.90 0.94
v -376.16 122.81 26.67
v -375.59 73.64 19.71
v 50.81 104.76 -26.89
v 72.55 109.32 -4.01
v 80.93 74.46 -6.95
v 59.45 71.56 -24.63
v 33.69 106.48 3.08
v 38.00 58.64 -0.86
v 67.59 63.42 15.79
v 53.93 111.04 15.35
v 50.81 104.76 -26.89
v 59.45 71.56 -24.63
v 38.00 58.64 -0.86
v 33.69 106.48 3.08
v 72.55 109.32 -4.01
v 53.93 111.04 15.35
v 67.59 63.42 15.79
v 80.93 74.46 -6.95
v 50.81 104.76 -26.89
v 33.69 106.48 3.08
v 53.93 111.04 15.35
v 72.55 109.32 -4.01
v 59.45 71.56 -24.63
v 80.93 74.46 -6.95
v 67.59 63.42 15.79
v 38.00 58.64 -0.86
v -439.34 -78.61 -38.01
v -470.51 -36.42 -21.71
v -433.37 -26.14 16.71
v -397.07 -62.27 -1.80
v -455.39 -95.92 -5.32
v -432.14 -90.54 22.66
v -449.97 -52.88 41.83
v -486.33 -61.74 10.69
v -439.34 -78.61 -38.01
v -397.07 -62.27 -1.80
v -432.14 -90.54 22.66
v -455.39 -95.92 -5.32
v -470.51 -36.42 -21.71
v -486.33 -61.74 10.69
v -449.97 -52.88 41.83
v -433.37 -26.14 16.71
v -439.34 -78.61 -38.01
v -455.39 -95.92 -5.32
v -486.33 -61.74 10.69
v -470.51 -36.42 -21.71
v -397.07 -62.27 -1.80
v -433.37 -26.14 16.71
v -449.97 -52.88 41.83
v -432.14 -90.54 22.66
v -3.80 -275.53 13.49
v 25.39 -333.11 -7.11
v 59.35 -325.71 25.53
v 27.86 -272.04 44.34
v 13.48 -258.27 -7.55
v 56.94 -260.04 25.87
v 69.52 -314.86 8.25
v 36.79 -325.11 -28.07
v -3.80 -275.53 13.49
v 27.86 -272.04 44.34
v 56.94 -260.04 25.87
v 13.48 -258.27 -7.55
v 25.39 -333.11 -7.11
v 36.79 -325.11 -28.07
v 69.52 -314.86 8.25
v 59.35 -325.71 25.53
v -3.80 -275.53 13.49
v 13.48 -258.27 -7.55
v 36.79 -325.11 -28.07
v 25.39 -333.11 -7.11
v 27.86 -272.04 44.34
v 59.35 -325.71 25.53
v 69.52 -314.86 8.25
v 56.94 -260.04 25.87
v 301.63 -91.72 -6.05
v 280.02 -81.73 -16.83
v 285.55 -60.09 -10.70
v 313.65 -74.05 -12.60
v 303.26 -98.91 9.97
v 311.78 -69.07 13.18
v 284.33 -58.79 7.75
v 273.13 -84.12 4.87
v 301.63 -91.72 -6.05
v 313.65 -74.05 -12.60
v 311.78 -69.07 13.18
v 303.26 -98.91 9.97
v 280.02 -81.73 -16.83
v 273.13 -84.12 4.87
v 284.33 -58.79 7.75
v 285.55 -60.09 -10.70
v 301.63 -91.72 -6.05
v 303.26 -98.91 9.97
v 273.13 -84.12 4.87
v 280.02 -81.73 -16.83
v 313.65 -74.05 -12.60
v 285.55 -60.09 -10.70
v 284.33 -58.79 7.75
v 311.78 -69.07 13.18
v 466.44 53.75 -27.29
v 452.64 77.71 -7.40
v 475.08 63.07 24.52
v 488.55 47.01 4.42
v 445.68 34.34 -26.97
v 465.20 26.36 10.10
v 452.01 45.41 28.01
v 432.81 63.70 5.16
v 466.44 53.75 -27.29
v 488.55 47.01 4.42
v 465.20 26.36 10.10
v 445.68 34.34 -26.97
v 452.64 77.71 -7.40
v 432.81 63.70 5.16
v 452.01 45.41 28.01
v 475.08 63.07 24.52
v 466.44 53.75 -27.29
v 445.68 34.34 -26.97
v 432.81 63.70 5.16
v 452.64 77.71 -7.40
v 488.55 47.01 4.42
v 475.08 63.07 24.52
v 452.01 45.41 28.01
v 465.20 26.36 10.10
v 320.22 275.12 -1.37
v 248.37 265.42 -10.82
v 248.26 317.78 -15.75
v 316.45 326.81 -7.75
v 317.43 275.92 22.39
v 312.77 334.91 27.25
v 248.66 326.87 21.93
v 246.31 260.38 23.15
v 320.22 275.12 -1.37
v 316.45 326.81 -7.75
v 312.77 334.91 27.25
v 317.43 275.92 22.39
v 248.37 265.42 -10.82
v 246.31 260.38 23.15
v 248.66 326.87 21.93
v 248.26 317.78 -15.75
v 320.22 275.12 -1.37
v 317.43 275.92 22.39
v 246.31 260.38 23.15
v 248.37 265.42 -10.82
v 316.45 326.81 -7.75
v 248.26 317.78 -15.75
v 248.66 326.87 21.93
v 312.77 334.91 27.25
v -127.47 71.57 31.37
v -140.39 18.02 31.75
v -104.18 -4.06 26.51
v -74.50 45.27 16.90
v -128.27 75.97 3.35
v -76.52 44.29 -4.61
v -93.21 4.82 -15.39
v -148.97 21.53 -2.51
v -127.47 71.57 31.37
v -74.50 45.27 16.90
v -76.52 44.29 -4.61
v -128.27 75.97 3.35
v -140.39 18.02 31.75
v -148.97 21.53 -2.51
v -93.21 4.82 -15.39
v -104.18 -4.06 26.51
v -127.47 71.57 31.37
v -128.27 75.97 3.35
v -148.97 21.53 -2.51
v -140.39 18.02 31.75
v -74.50 45.27 16.90
v -104.18 -4.06 26.51
v -93.21 4.82 -15.39
v -76.52 44.29 -4.61
v 405.79 -76.36 17.28
v 353.53 -93.34 27.00
v 383.59 -143.85 22.67
v 423.84 -124.23 29.81
v 410.74 -82.52 -5.82
v 419.03 -125.07 -7.86
v 378.64 -138.18 -9.46
v 354.08 -94.54 -5.70
v 405.79 -76.36 17.28
v 423.84 -124.23 29.81
v 419.03 -125.07 -7.86
v 410.74 -82.52 -5.82
v 353.53 -93.34 27.00
v 354.08 -94.54 -5.70
v 378.64 -138.18 -9.46
v 383.59 -143.85 22.67
v 405.79 -76.36 17.28
v 410.74 -82.52 -5.82
v 354.08 -94.54 -5.70
v 353.53 -93.34 27.00
v 423.84 -124.23 29.81
v 383.59 -143.85 22.67
v 378.64 -138.18 -9.46
v 419.03 -125.07 -7.86
v -373.30 -170.73 10.69
v -386.23 -156.49 4.54
v -407.49 -176.97 -6.63
v -379.54 -185.99 13.63
v -359.51 -178.47 -5.39
v -377.35 -199.31 -14.47
v -393.74 -177.06 -23.97
v -383.69 -157.86 -22.33
v -373.30 -170.73 10.69
v -379.54 -185.99 13.63
v -377.35 -199.31 -14.47
v -359.51 -178.47 -5.39
v -386.23 -156.49 4.54
v -383.69 -157.86 -22.33
v -393.74 -177.06 -23.97
v -407.49 -176.97 -6.63
v -373.30 -170.73 10.69
v -359.51 -178.47 -5.39
v -383.69 -157.86 -22.33
v -386.23 -156.49 4.54
v -379.54 -185.99 13.63
v -407.49 -176.97 -6.63
v -393.74 -177.06 -23.97
v -377.35 -199.31 -14.47
v 255.75 -111.69 17.56
v 221.87 -106.60 24.39
v 216.81 -135.92 26.49
v 245.18 -133.59 24.54
v 256.37 -117.13 -1.68
v 252.83 -141.62 -0.70
v 212.82 -135.99 4.26
v 226.61 -100.87 -7.36
v 255.75 -111.69 17.56
v 245.18 -133.59 24.54
v 252.83 -141.62 -0.70
v 256.37 -117.13 -1.68
v 221.87 -106.60 24.39
v 226.61 -100.87 -7.36
v 212.82 -135.99 4.26
v 216.81 -135.92 26.49
v 255.75 -111.69 17.56
v 256.37 -117.13 -1.68
v 226.61 -100.87 -7.36
v 221.87 -106.60 24.39
v 245.18 -133.59 24.54
v 216.81 -135.92 26.49
v 212.82 -135.99 4.26
v 252.83 -141.62 -0.70
v 131.90 253.23 -4.34
v 146.34 291.05 -17.30
v 194.60 259.58 -27.31
v 171.52 225.11 -9.70
v 150.59 260.91 19.88
v 184.68 237.17 15.81
v 196.84 259.17 20.96
v 168.04 291.75 21.62
v 131.90 253.23 -4.34
v 171.52 225.11 -9.70
v 184.68 237.17 15.81
v 150.59 260.91 19.88
v 146.34 291.05 -17.30
v 168.04 291.75 21.62
v 196.84 259.17 20.96
v 194.60 259.58 -27.31
v 131.90 253.23 -4.34
v 150.59 260.91 19.88
v 168.04 291.75 21.62
v 146.34 291.05 -17.30
v 171.52 225.11 -9.70
v 194.60 259.58 -27.31
v 196.84 259.17 20.96
v 184.68 237.17 15.81
v -359.73 109.65 -10.30
v -370.32 123.90 -3.98
v -359.41 139.04 -12.83
v -342.72 126.82 -13.67
v -349.79 107.63 3.99
v -341.52 120.87 1.68
v -358.23 138.17 7.95
v -366.41 124.30 11.76
v -359.73 109.65 -10.30
v -342.72 126.82 -13.67
v -341.52 120.87 1.68
v -349.79 107.63 3.99
v -370.32 123.90 -3.98
v -366.41 124.30 11.76
v -358.23 138.17 7.95
v -359.41 139.04 -12.83
v -359.73 109.65 -10.30
v -349.79 107.63 3.99
v -366.41 124.30 11.76
v -370.32 123.90 -3.98
v -342.72 126.82 -13.67
v -359.41 139.04 -12.83
v -358.23 138.17 7.95
v -341.52 120.87 1.68
v -326.52 -21.99 -12.71
v -315.24 -29.70 6.81
v -322.04 -56.14 -7.21
v -325.80 -50.55 -21.62
v -348.28 -23.12 -5.52
v -350.63 -44.44 -20.23
v -347.83 -52.94 -5.52
v -350.41 -24.79 10.11
v -326.52 -21.99 -12.71
v -325.80 -50.55 -21.62
v -350.63 -44.44 -20.23
v -348.28 -23.12 -5.52
v -315.24 -29.70 6.81
v -350.41 -24.79 10.11
v -347.83 -52.94 -5.52
v -322.04 -56.14 -7.21
v -326.52 -21.99 -12.71
v -348.28 -23.12 -5.52
v -350.41 -24.79 10.11
v -315.24 -29.70 6.81
v -325.80 -50.55 -21.62
v -322.04 -56.14 -7.21
v -347.83 -52.94 -5.52
v -350.63 -44.44 -20.23
v -244.48 -208.64 -9.81
v -222.47 -219.17 -16.75
v -229.07 -242.90 -8.79
v -250.07 -238.05 -3.76
v -235.23 -204.82 0.28
v -245.60 -231.22 12.27
v -222.98 -239.25 3.61
v -215.20 -213.47 -1.64
v -244.48 -208.64 -9.81
v -250.07 -238.05 -3.76
v -245.60 -231.22 12.27
v -235.23 -204.82 0.28
v -222.47 -219.17 -16.75
v -215.20 -213.47 -1.64
v -222.98 -239.25 3.61
v -229.07 -242.90 -8.79
v -244.48 -208.64 -9.81
v -235.23 -204.82 0.28
v -215.20 -213.47 -1.64
v -222.47 -219.17 -16.75
v -250.07 -238.05 -3.76
v -229.07 -242.90 -8.79
v -222.98 -239.25 3.61
v -245.60 -231.22 12.27
v -31.66 189.01 -22.48
v -49.51 166.94 22.07
v -50.39 203.28 39.19
v -38.88 220.38 -0.69
v -19.40 189.22 -15.47
v -12.77 218.05 5.55
v -33.29 201.58 45.41
v -31.04 166.48 21.12
v -31.66 189.01 -22.48
v -38.88 220.38 -0.69
v -12.77 218.05 5.55
v -19.40 189.22 -15.47
v -49.51 166.94 22.07
v -31.04 166.48 21.12
v -33.29 201.58 45.41
v -50.39 203.28 39.19
v -31.66 189.01 -22.48
v -19.40 189.22 -15.47
v -31.04 166.48 21.12
v -49.51 166.94 22.07
v -38.88 220.38 -0.69
v -50.39 203.28 39.19
v -33.29 201.58 45.41
v -12.77 218.05 5.55
v 20.37 -116.04 54.42
v 2.86 -77.10 16.21
v -18.39 -107.53 -20.70
v -5.99 -155.26 15.04
v 50.85 -123.87 40.92
v 23.35 -155.35 5.32
v 10.13 -114.74 -38.18
v 34.76 -79.70 7.13
v 20.37 -116.04 54.42
v -5.99 -155.26 15.04
v 23.35 -155.35 5.32
v 50.85 -123.87 40.92
v 2.86 -77.10 16.21
v 34.76 -79.70 7.13
v 10.13 -114.74 -38.18
v -18.39 -107.53 -20.70
v 20.37 -116.04 54.42
v 50.85 -123.87 40.92
v 34.76 -79.70 7.13
v 2.86 -77.10 16.21
v -5.99 -155.26 15.04
v -18.39 -107.53 -20.70
v 10.13 -114.74 -38.18
v 23.35 -155.35 5.32
v 380.55 0.59 12.69
v 406.75 -20.04 -22.53
v 438.47 -3.58 -18.33
v 419.36 16.37 30.42
v 380.88 22.91 -1.17
v 411.97 35.78 17.27
v 436.77 14.26 -23.52
v 398.15 -3.63 -43.35
v 380.55 0.59 12.69
v 419.36 16.37 30.42
v 411.97 35.78 17.27
v 380.88 22.91 -1.17
v 406.75 -20.04 -22.53
v 398.15 -3.63 -43.35
v 436.77 14.26 -23.52
v 438.47 -3.58 -18.33
v 380.55 0.59 12.69
v 380.88 22.91 -1.17
v 398.15 -3.63 -43.35
v 406.75 -20.04 -22.53
v 419.36 16.37 30.42
v 438.47 -3.58 -18.33
v 436.77 14.26 -23.52
v 411.97 35.78 17.27
v 193.93 236.98 -8.69
v 187.63 247.52 4.98
v 196.88 234.88 30.18
v 208.49 219.45 12.14
v 175.96 218.45 -9.54
v 192.91 200.16 15.15
v 179.43 207.41 34.57
v 163.82 232.31 6.29
v 193.93 236.98 -8.69
v 208.49 219.45 12.14
v 192.91 200.16 15.15
v 175.96 218.45 -9.54
v 187.63 247.52 4.98
v 163.82 232.31 6.29
v 179.43 207.41 34.57
v 196.88 234.88 30.18
v 193.93 236.98 -8.69
v 175.96 218.45 -9.54
v 163.82 232.31 6.29
v 187.63 247.52 4.98
v 208.49 219.45 12.14
v 196.88 234.88 30.18
v 179.43 207.41 34.57
v 192.91 200.16 15.15
v 136.01 407.19 -2.89
v 112.65 408.86 1.30
v 113.51 372.94 10.64
v 138.61 378.33 6.33
v 132.89 399.84 -23.73
v 141.58 372.36 -18.13
v 111.03 369.29 -8.45
v 106.04 395.22 -21.29
v 136.01 407.19 -2.89
v 138.61 378.33 6.33
v 141.58 372.36 -18.13
v 132.89 399.84 -23.73
v 112.65 408.86 1.30
v 106.04 395.22 -21.29
v 111.03 369.29 -8.45
v 113.51 372.94 10.64
v 136.01 407.19 -2.89
v 132.89 399.84 -23.73
v 106.04 395.22 -21.29
v 112.65 408.86 1.30
v 138.61 378.33 6.33
v 113.51 372.94 10.64
v 111.03 369.29 -8.45
v 141.58 372.36 -18.13
v -458.56 -200.21 15.35
v -398.20 -187.05 5.61
v -428.08 -138.33 17.80
v -472.00 -156.89 23.87
v -462.68 -197.37 -21.48
v -480.54 -149.43 -2.90
v -429.23 -133.68 -14.92
v -406.43 -184.14 -21.99
v -458.56 -200.21 15.35
v -472.00 -156.89 23.87
v -480.54 -149.43 -2.90
v -462.68 -197.37 -21.48
v -398.20 -187.05 5.61
v -406.43 -184.14 -21.99
v -429.23 -133.68 -14.92
v -428.08 -138.33 17.80
v -458.56 -200.21 15.35
v -462.68 -197.37 -21.48
v -406.43 -184.14 -21.99
v -398.20 -187.05 5.61
v -472.00 -156.89 23.87
v -428.08 -138.33 17.80
v -429.23 -133.68 -14.92
v -480.54 -149.43 -2.90
v 271.06 89.97 7.82
v 277.89 78.11 20.64
v 284.57 98.39 25.73
v 280.37 105.25 11.95
v 288.16 83.00 -1.79
v 294.78 98.49 5.63
v 300.38 92.13 20.25
v 294.21 75.17 10.41
v 271.06 89.97 7.82
v 280.37 105.25 11.95
v 294.78 98.49 5.63
v 288.16 83.00 -1.79
v 277.89 78.11 20.64
v 294.21 75.17 10.41
v 300.38 92.13 20.25
v 284.57 98.39 25.73
v 271.06 89.97 7.82
v 288.16 83.00 -1.79
v 294.21 75.17 10.41
v 277.89 78.11 20.64
v 280.37 105.25 11.95
v 284.57 98.39 25.73
v 300.38 92.13 20.25
v 294.78 98.49 5.63
v 51.22 282.24 13.27
v 17.40 281.20 16.76
v 22.28 256.45 14.89
v 53.79 256.37 16.25
v 51.78 282.54 -6.08
v 51.02 257.50 1.06
v 22.71 256.50 -1.11
v 18.76 283.25 1.68
v 51.22 282.24 13.27
v 53.79 256.37 16.25
v 51.02 257.50 1.06
v 51.78 282.54 -6.08
v 17.40 281.20 16.76
v 18.76 283.25 1.68
v 22.71 256.50 -1.11
v 22.28 256.45 14.89
v 51.22 282.24 13.27
v 51.78 282.54 -6.08
v 18.76 283.25 1.68
v 17.40 281.20 16.76
v 53.79 256.37 16.25
v 22.28 256.45 14.89
v 22.71 256.50 -1.11
v 51.02 257.50 1.06
v -53.55 146.25 -19.81
v -70.13 115.24 -17.22
v -93.93 127.91 16.11
v -77.72 162.25 4.12
v -39.24 137.98 -8.92
v -62.75 164.98 26.94
v -79.19 124.82 26.08
v -55.67 112.03 -1.59
v -53.55 146.25 -19.81
v -77.72 162.25 4.12
v -62.75 164.98 26.94
v -39.24 137.98 -8.92
v -70.13 115.24 -17.22
v -55.67 112.03 -1.59
v -79.19 124.82 26.08
v -93.93 127.91 16.11
v -53.55 146.25 -19.81
v -39.24 137.98 -8.92
v -55.67 112.03 -1.59
v -70.13 115.24 -17.22
v -77.72 162.25 4.12
v -93.93 127.91 16.11
v -79.19 124.82 26.08
v -62.75 164.98 26.94
v 110.13 247.68 17.66
v 122.32 270.91 3.58
v 151.39 270.09 -18.30
v 140.36 233.96 -8.04
v 138.43 249.33 42.96
v 161.14 237.76 20.78
v 175.96 268.11 9.52
v 141.31 284.56 29.09
v 110.13 247.68 17.66
v 140.36 233.96 -8.04
v 161.14 237.76 20.78
v 138.43 249.33 42.96
v 122.32 270.91 3.58
v 141.31 284.56 29.09
v 175.96 268.11 9.52
v 151.39 270.09 -18.30
v 110.13 247.68 17.66
v 138.43 249.33 42.96
v 141.31 284.56 29.09
v 122.32 270.91 3.58
v 140.36 233.96 -8.04
v 151.39 270.09 -18.30
v 175.96 268.11 9.52
v 161.14 237.76 20.78
v 329.93 -202.44 4.17
v 347.32 -224.95 8.03
v 368.00 -208.01 3.36
v 350.64 -185.42 -3.53
v 331.62 -201.99 -12.85
v 350.64 -189.15 -11.64
v 366.60 -209.30 -10.88
v 348.98 -228.55 -7.81
v 329.93 -202.44 4.17
v 350.64 -185.42 -3.53
v 350.64 -189.15 -11.64
v 331.62 -201.99 -12.85
v 347.32 -224.95 8.03
v 348.98 -228.55 -7.81
v 366.60 -209.30 -10.88
v 368.00 -208.01 3.36
v 329.93 -202.44 4.17
v 331.62 -201.99 -12.85
v 348.98 -228.55 -7.81
v 347.32 -224.95 8.03
v 350.64 -185.42 -3.53
v 368.00 -208.01 3.36
v 366.60 -209.30 -10.88
v 350.64 -189.15 -11.64
v -237.32 -57.89 7.12
v -240.50 -126.19 36.89
v -192.52 -122.41 48.10
v -186.09 -76.91 14.08
v -238.59 -85.80 -37.60
v -179.11 -101.31 -30.51
v -190.26 -154.09 -5.71
v -242.21 -149.97 6.02
v -237.32 -57.89 7.12
v -186.09 -76.91 14.08
v -179.11 -101.31 -30.51
v -238.59 -85.80 -37.60
v -240.50 -126.19 36.89
v -242.21 -149.97 6.02
v -190.26 -154.09 -5.71
v -192.52 -122.41 48.10
v -237.32 -57.89 7.12
v -238.59 -85.80 -37.60
v -242.21 -149.97 6.02
v -240.50 -126.19 36.89
v -186.09 -76.91 14.08
v -192.52 -122.41 48.10
v -190.26 -154.09 -5.71
v -179.11 -101.31 -30.51
v -399.81 -110.05 -16.42
v -371.48 -138.83 -9.85
v -380.85 -135.40 31.97
v -415.44 -106.80 27.44
v -387.17 -89.33 -13.77
v -387.24 -89.90 32.58
v -360.24 -113.01 32.76
v -360.41 -114.11 -16.92
v -399.81 -110.05 -16.42
v -415.44 -106.80 27.44
v -387.24 -89.90 32.58
v -387.17 -89.33 -13.77
v -371.48 -138.83 -9.85
v -360.41 -114.11 -16.92
v -360.24 -113.01 32.76
v -380.85 -135.40 31.97
v -399.81 -110.05 -16.42
v -387.17 -89.33 -13.77
v -360.41 -114.11 -16.92
v -371.48 -138.83 -9.85
v -415.44 -106.80 27.44
v -380.85 -135.40 31.97
v -360.24 -113.01 32.76
v -387.24 -89.90 32.58
v 208.94 80.13 -7.86
v 207.76 72.29 6.98
v 182.55 78.08 11.14
v 185.78 94.30 -3.08
v 209.89 104.07 11.72
v 190.08 105.43 5.53
v 185.32 93.77 24.64
v 209.10 87.41 22.99
v 208.94 80.13 -7.86
v 185.78 94.30 -3.08
v 190.08 105.43 5.53
v 209.89 104.07 11.72
v 207.76 72.29 6.98
v 209.10 87.41 22.99
v 185.32 93.77 24.64
v 182.55 78.08 11.14
v 208.94 80.13 -7.86
v 209.89 104.07 11.72
v 209.10 87.41 22.99
v 207.76 72.29 6.98
v 185.78 94.30 -3.08
v 182.55 78.08 11.14
v 185.32 93.77 24.64
v 190.08 105.43 5.53
v 275.17 -272.78 -29.36
v 279.75 -239.42 2.14
v 293.04 -259.22 21.25
v 278.38 -299.42 2.78
v 241.20 -269.57 -28.81
v 245.28 -291.92 8.18
v 251.73 -258.71 37.24
v 257.98 -238.88 1.64
v 275.17 -272.78 -29.36
v 278.38 -299.42 2.78
v 245.28 -291.92 8.18
v 241.20 -269.57 -28.81
v 279.75 -239.42 2.14
v 257.98 -238.88 1.64
v 251.73 -258.71 37.24
v 293.04 -259.22 21.25
v 275.17 -272.78 -29.36
v 241.20 -269.57 -28.81
v 257.98 -238.88 1.64
v 279.75 -239.42 2.14
v 278.38 -299.42 2.78
v 293.04 -259.22 21.25
v 251.73 -258.71 37.24
v 245.28 -291.92 8.18
v 124.92 -118.43 16.91
v 135.47 -142.02 34.86
v 182.58 -119.03 22.78
v 161.68 -84.95 24.22
v 122.69 -110.15 -10.70
v 173.02 -86.60 -15.98
v 186.68 -120.53 -13.73
v 139.71 -145.92 -2.62
v 124.92 -118.43 16.91
v 161.68 -84.95 24.22
v 173.02 -86.60 -15.98
v 122.69 -110.15 -10.70
v 135.47 -142.02 34.86
v 139.71 -145.92 -2.62
v 186.68 -120.53 -13.73
v 182.58 -119.03 22.78
v 124.92 -118.43 16.91
v 122.69 -110.15 -10.70
v 139.71 -145.92 -2.62
v 135.47 -142.02 34.86
v 161.68 -84.95 24.22
v 182.58 -119.03 22.78
v 186.68 -120.53 -13.73
v 173.02 -86.60 -15.98
v 385.43 91.57 -3.18
v 404.61 103.14 14.98
v 424.55 116.71 -2.26
v 419.13 104.49 -25.23
v 401.47 73.65 -6.05
v 429.11 88.46 -24.08
v 437.58 100.13 2.02
v 413.42 89.54 24.92
v 385.43 91.57 -3.18
v 419.13 104.49 -25.23
v 429.11 88.46 -24.08
v 401.47 73.65 -6.05
v 404.61 103.14 14.98
v 413.42 89.54 24.92
v 437.58 100.13 2.02
v 424.55 116.71 -2.26
v 385.43 91.57 -3.18
v 401.47 73.65 -6.05
v 413.42 89.54 24.92
v 404.61 103.14 14.98
v 419.13 104.49 -25.23
v 424.55 116.71 -2.26
v 437.58 100.13 2.02
v 429.11 88.46 -24.08
v -153.58 105.38 5.60
v -162.93 118.32 -9.18
v -183.29 120.09 2.13
v -177.58 106.29 17.33
v -164.49 86.89 -5.93
v -180.82 88.39 5.65
v -185.75 106.86 -13.92
v -168.61 97.10 -20.35
v -153.58 105.38 5.60
v -177.58 106.29 17.33
v -180.82 88.39 5.65
v -164.49 86.89 -5.93
v -162.93 118.32 -9.18
v -168.61 97.10 -20.35
v -185.75 106.86 -13.92
v -183.29 120.09 2.13
v -153.58 105.38 5.60
v -164.49 86.89 -5.93
v -168.61 97.10 -20.35
v -162.93 118.32 -9.18
v -177.58 106.29 17.33
v -183.29 120.09 2.13
v -185.75 106.86 -13.92
v -180.82 88.39 5.65
v -248.27 -174.09 -6.80
v -223.16 -174.33 1.36
v -215.49 -200.88 -12.70
v -242.90 -203.85 -18.90
v -256.99 -185.19 11.69
v -244.41 -215.36 -8.63
v -218.25 -212.29 1.77
v -223.10 -184.61 20.45
v -248.27 -174.09 -6.80
v -242.90 -203.85 -18.90
v -244.41 -215.36 -8.63
v -256.99 -185.19 11.69
v -223.16 -174.33 1.36
v -223.10 -184.61 20.45
v -218.25 -212.29 1.77
v -215.49 -200.88 -12.70
v -248.27 -174.09 -6.80
v -256.99 -185.19 11.69
v -223.10 -184.61 20.45
v -223.16 -174.33 1.36
v -242.90 -203.85 -18.90
v -215.49 -200.88 -12.70
v -218.25 -212.29 1.77
v -244.41 -215.36 -8.63
v 352.17 211.93 4.87
v 342.33 218.09 -1.05
v 335.14 207.62 5.20
v 344.69 201.35 10.03
v 353.21 208.69 -5.92
v 348.95 195.95 -1.49
v 338.35 200.57 -6.65
v 342.57 214.84 -10.32
v 352.17 211.93 4.87
v 344.69 201.35 10.03
v 348.95 195.95 -1.49
v 353.21 208.69 -5.92
v 342.33 218.09 -1.05
v 342.57 214.84 -10.32
v 338.35 200.57 -6.65
v 335.14 207.62 5.20
v 352.17 211.93 4.87
v 353.21 208.69 -5.92
v 342.57 214.84 -10.32
v 342.33 218.09 -1.05
v 344.69 201.35 10.03
v 335.14 207.62 5.20
v 338.35 200.57 -6.65
v 348.95 195.95 -1.49
v -79.67 57.43 18.20
v -69.15 33.28 20.07
v -35.71 27.12 2.15
v -45.25 55.33 -6.07
v -90.94 55.36 -23.74
v -60.09 53.56 -29.88
v -53.10 14.05 -22.48
v -85.71 20.03 -10.44
v -79.67 57.43 18.20
v -45.25 55.33 -6.07
v -60.09 53.56 -29.88
v -90.94 55.36 -23.74
v -69.15 33.28 20.07
v -85.71 20.03 -10.44
v -53.10 14.05 -22.48
v -35.71 27.12 2.15
v -79.67 57.43 18.20
v -90.94 55.36 -23.74
v -85.71 20.03 -10.44
v -69.15 33.28 20.07
v -45.25 55.33 -6.07
v -35.71 27.12 2.15
v -53.10 14.05 -22.48
v -60.09 53.56 -29.88
v -1.76 -109.48 9.48
v 0.95 -112.80 -28.00
v -27.36 -139.42 -26.00
v -27.31 -135.54 16.10
v 14.38 -126.03 13.85
v -12.12 -149.25 15.62
v -11.79 -152.11 -28.09
v 11.90 -129.31 -25.77
v -1.76 -109.48 9.48
v -27.31 -135.54 16.10
v -12.12 -149.25 15.62
v 14.38 -126.03 13.85
v 0.95 -112.80 -28.00
v 11.90 -129.31 -25.77
v -11.79 -152.11 -28.09
v -27.36 -139.42 -26.00
v -1.76 -109.48 9.48
v 14.38 -126.03 13.85
v 11.90 -129.31 -25.77
v 0.95 -112.80 -28.00
v -27.31 -135.54 16.10
v -27.36 -139.42 -26.00
v -11.79 -152.11 -28.09
v -12.12 -149.25 15.62
v 445.05 165.11 -27.87
v 490.29 146.69 -27.17
v 479.47 142.49 26.07
v 439.99 171.37 18.14
v 472.01 202.63 -34.40
v 463.41 200.20 12.20
v 499.68 182.02 14.86
v 509.71 188.28 -22.24
v 445.05 165.11 -27.87
v 439.99 171.37 18.14
v 463.41 200.20 12.20
v 472.01 202.63 -34.40
v 490.29 146.69 -27.17
v 509.71 188.28 -22.24
v 499.68 182.02 14.86
v 479.47 142.49 26.07
v 445.05 165.11 -27.87
v 472.01 202.63 -34.40
v 509.71 188.28 -22.24
v 490.29 146.69 -27.17
v 439.99 171.37 18.14
v 479.47 142.49 26.07
v 499.68 182.02 14.86
v 463.41 200.20 12.20
v -39.88 -397.68 -4.12
v -26.60 -385.55 15.58
v -4.13 -385.01 -0.91
v -21.13 -400.82 -20.26
v -33.95 -413.18 3.77
v -16.57 -415.70 -5.91
v -4.33 -403.87 11.88
v -21.83 -399.22 17.66
v -39.88 -397.68 -4.12
v -21.13 -400.82 -20.26
v -16.57 -415.70 -5.91
v -33.95 -413.18 3.77
v -26.60 -385.55 15.58
v -21.83 -399.22 17.66
v -4.33 -403.87 11.88
v -4.13 -385.01 -0.91
v -39.88 -397.68 -4.12
v -33.95 -413.18 3.77
v -21.83 -399.22 17.66
v -26.60 -385.55 15.58
v -21.13 -400.82 -20.26
v -4.13 -385.01 -0.91
v -4.33 -403.87 11.88
v -16.57 -415.70 -5.91
v 218.83 -60.23 50.83
v 252.27 -13.79 25.98
v 207.48 -24.51 -17.39
v 192.28 -76.23 2.04
v 244.61 -92.53 37.24
v 217.96 -95.94 -7.12
v 238.47 -38.21 -31.32
v 274.80 -37.14 18.13
v 218.83 -60.23 50.83
v 192.28 -76.23 2.04
v 217.96 -95.94 -7.12
v 244.61 -92.53 37.24
v 252.27 -13.79 25.98
v 274.80 -37.14 18.13
v 238.47 -38.21 -31.32
v 207.48 -24.51 -17.39
v 218.83 -60.23 50.83
v 244.61 -92.53 37.24
v 274.80 -37.14 18.13
v 252.27 -13.79 25.98
v 192.28 -76.23 2.04
v 207.48 -24.51 -17.39
v 238.47 -38.21 -31.32
v 217.96 -95.94 -7.12
v -378.25 254.74 -11.20
v -409.16 226.25 -20.06
v -435.02 280.24 -12.76
v -409.29 290.76 -8.43
v -382.16 258.04 25.17
v -414.06 295.87 20.78
v -439.50 277.69 22.81
v -419.39 236.53 16.62
v -378.25 254.74 -11.20
v -409.29 290.76 -8.43
v -414.06 295.87 20.78
v -382.16 258.04 25.17
v -409.16 226.25 -20.06
v -419.39 236.53 16.62
v -439.50 277.69 22.81
v -435.02 280.24 -12.76
v -378.25 254.74 -11.20
v -382.16 258.04 25.17
v -419.39 236.53 16.62
v -409.16 226.25 -20.06
v -409.29 290.76 -8.43
v -435.02 280.24 -12.76
v -439.50 277.69 22.81
v -414.06 295.87 20.78
v 49.49 249.92 -9.30
v 62.37 212.72 -24.92
v 84.99 200.55 2.74
v 78.14 234.79 17.43
v 70.70 249.53 -16.16
v 93.19 242.75 12.56
v 96.35 214.58 2.54
v 84.07 218.53 -34.48
v 49.49 249.92 -9.30
v 78.14 234.79 17.43
v 93.19 242.75 12.56
v 70.70 249.53 -16.16
v 62.37 212.72 -24.92
v 84.07 218.53 -34.48
v 96.35 214.58 2.54
v 84.99 200.55 2.74
v 49.49 249.92 -9.30
v 70.70 249.53 -16.16
v 84.07 218.53 -34.48
v 62.37 212.72 -24.92
v 78.14 234.79 17.43
v 84.99 200.55 2.74
v 96.35 214.58 2.54
v 93.19 242.75 12.56
v -258.63 368.01 -15.94
v -273.09 397.80 16.52
v -303.55 369.96 18.48
v -278.33 339.63 -4.42
v -285.59 383.50 -34.05
v -295.79 353.87 -30.39
v -316.14 379.19 -3.33
v -295.55 410.82 -5.27
v -258.63 368.01 -15.94
v -278.33 339.63 -4.42
v -295.79 353.87 -30.39
v -285.59 383.50 -34.05
v -273.09 397.80 16.52
v -295.55 410.82 -5.27
v -316.14 379.19 -3.33
v -303.55 369.96 18.48
v -258.63 368.01 -15.94
v -285.59 383.50 -34.05
v -295.55 410.82 -5.27
v -273.09 397.80 16.52
v -278.33 339.63 -4.42
v -303.55 369.96 18.48
v -316.14 379.19 -3.33
v -295.79 353.87 -30.39
v -41.79 71.53 -8.83
v -40.91 75.65 12.71
v -23.00 52.43 17.27
v -29.13 43.51 -6.85
v -66.62 57.06 9.30
v -52.64 28.24 11.49
v -40.99 43.69 28.61
v -60.31 69.02 32.53
v -41.79 71.53 -8.83
v -29.13 43.51 -6.85
v -52.64 28.24 11.49
v -66.62 57.06 9.30
v -40.91 75.65 12.71
v -60.31 69.02 32.53
v -40.99 43.69 28.61
v -23.00 52.43 17.27
v -41.79 71.53 -8.83
v -66.62 57.06 9.30
v -60.31 69.02 32.53
v -40.91 75.65 12.71
v -29.13 43.51 -6.85
v -23.00 52.43 17.27
v -40.99 43.69 28.61
v -52.64 28.24 11.49
v -334.76 220.84 -9.79
v -338.82 200.12 -14.16
v -348.98 193.50 2.06
v -342.98 219.95 9.34
v -320.36 223.89 -0.63
v -331.69 218.07 16.36
v -330.61 190.56 14.72
v -318.50 195.13 -6.74
v -334.76 220.84 -9.79
v -342.98 219.95 9.34
v -331.69 218.07 16.36
v -320.36 223.89 -0.63
v -338.82 200.12 -14.16
v -318.50 195.13 -6.74
v -330.61 190.56 14.72
v -348.98 193.50 2.06
v -334.76 220.84 -9.79
v -320.36 223.89 -0.63
v -318.50 195.13 -6.74
v -338.82 200.12 -14.16
v -342.98 219.95 9.34
v -348.98 193.50 2.06
v -330.61 190.56 14.72
v -331.69 218.07 16.36
v 34.70 45.57 4.44
v 29.14 24.51 20.65
v 51.71 13.47 10.66
v 60.34 40.26 -5.49
v 26.59 46.22 -8.70
v 51.13 32.68 -17.24
v 46.32 6.92 -3.86
v 26.90 16.07 7.67
v 34.70 45.57 4.44
v 60.34 40.26 -5.49
v 51.13 32.68 -17.24
v 26.59 46.22 -8.70
v 29.14 24.51 20.65
v 26.90 16.07 7.67
v 46.32 6.92 -3.86
v 51.71 13.47 10.66
v 34.70 45.57 4.44
v 26.59 46.22 -8.70
v 26.90 16.07 7.67
v 29.14 24.51 20.65
v 60.34 40.26 -5.49
v 51.71 13.47 10.66
v 46.32 6.92 -3.86
v 51.13 32.68 -17.24
v 177.03 -83.10 -35.71
v 192.38 -72.95 -2.02
v 179.25 -113.49 13.41
v 164.85 -125.31 -17.63
v 160.00 -83.69 -30.50
v 149.56 -115.83 -16.92
v 166.18 -99.26 23.22
v 173.82 -70.77 5.64
v 177.03 -83.10 -35.71
v 164.85 -125.31 -17.63
v 149.56 -115.83 -16.92
v 160.00 -83.69 -30.50
v 192.38 -72.95 -2.02
v 173.82 -70.77 5.64
v 166.18 -99.26 23.22
v 179.25 -113.49 13.41
v 177.03 -83.10 -35.71
v 160.00 -83.69 -30.50
v 173.82 -70.77 5.64
v 192.38 -72.95 -2.02
v 164.85 -125.31 -17.63
v 179.25 -113.49 13.41
v 166.18 -99.26 23.22
v 149.56 -115.83 -16.92
v -193.39 192.08 0.42
v -178.10 208.37 19.36
v -215.88 225.76 18.40
v -225.71 210.28 5.95
v -190.96 196.72 -10.96
v -223.12 216.81 -6.62
v -211.15 234.60 11.17
v -175.84 220.59 1.57
v -193.39 192.08 0.42
v -225.71 210.28 5.95
v -223.12 216.81 -6.62
v -190.96 196.72 -10.96
v -178.10 208.37 19.36
v -175.84 220.59 1.57
v -211.15 234.60 11.17
v -215.88 225.76 18.40
v -193.39 192.08 0.42
v -190.96 196.72 -10.96
v -175.84 220.59 1.57
v -178.10 208.37 19.36
v -225.71 210.28 5.95
v -215.88 225.76 18.40
v -211.15 234.60 11.17
v -223.12 216.81 -6.62
v -217.89 499.17 1.29
v -230.97 489.32 -6.97
v -236.79 476.98 14.90
v -220.83 488.39 23.39
v -211.45 489.96 1.38
v -211.59 482.08 21.98
v -222.76 469.70 14.85
v -221.83 475.60 -9.79
v -217.89 499.17 1.29
v -220.83 488.39 23.39
v -211.59 482.08 21.98
v -211.45 489.96 1.38
v -230.97 489.32 -6.97
v -221.83 475.60 -9.79
v -222.76 469.70 14.85
v -236.79 476.98 14.90
v -217.89 499.17 1.29
v -211.45 489.96 1.38
v -221.83 475.60 -9.79
v -230.97 489.32 -6.97
v -220.83 488.39 23.39
v -236.79 476.98 14.90
v -222.76 469.70 14.85
v -211.59 482.08 21.98
v 149.59 -293.11 -14.07
v 127.19 -298.57 -21.59
v 110.33 -280.55 -8.58
v 128.78 -279.64 4.06
v 146.97 -306.66 -3.17
v 122.81 -293.30 16.73
v 106.10 -304.80 -2.18
v 123.40 -316.40 -16.30
v 149.59 -293.11 -14.07
v 128.78 -279.64 4.06
v 122.81 -293.30 16.73
v 146.97 -306.66 -3.17
v 127.19 -298.57 -21.59
v 123.40 -316.40 -16.30
v 106.10 -304.80 -2.18
v 110.33 -280.55 -8.58
v 149.59 -293.11 -14.07
v 146.97 -306.66 -3.17
v 123.40 -316.40 -16.30
v 127.19 -298.57 -21.59
v 128.78 -279.64 4.06
v 110.33 -280.55 -8.58
v 106.10 -304.80 -2.18
v 122.81 -293.30 16.73
v -49.06 -334.39 0.32
v -41.52 -353.15 13.21
v -16.54 -341.50 4.83
v -19.30 -326.98 -8.19
v -46.39 -346.61 -17.95
v -17.72 -335.63 -20.42
v -13.49 -354.26 -11.72
v -40.93 -362.45 -5.86
v -49.06 -334.39 0.32
v -19.30 -326.98 -8.19
v -17.72 -335.63 -20.42
v -46.39 -346.61 -17.95
v -41.52 -353.15 13.21
v -40.93 -362.45 -5.86
v -13.49 -354.26 -11.72
v -16.54 -341.50 4.83
v -49.06 -334.39 0.32
v -46.39 -346.61 -17.95
v -40.93 -362.45 -5.86
v -41.52 -353.15 13.21
v -19.30 -326.98 -8.19
v -16.54 -341.50 4.83
v -13.49 -354.26 -11.72
v -17.72 -335.63 -20.42
v -1.63 -60.84 -17.33
v -13.43 -58.10 -9.10
v -1.02 -62.49 7.04
v 6.76 -63.77 -3.05
v -3.46 -76.34 -15.63
v 9.85 -74.97 -3.56
v -1.56 -74.73 4.21
v -14.31 -75.42 -10.00
v -1.63 -60.84 -17.33
v 6.76 -63.77 -3.05
v 9.85 -74.97 -3.56
v -3.46 -76.34 -15.63
v -13.43 -58.10 -9.10
v -14.31 -75.42 -10.00
v -1.56 -74.73 4.21
v -1.02 -62.49 7.04
v -1.63 -60.84 -17.33
v -3.46 -76.34 -15.63
v -14.31 -75.42 -10.00
v -13.43 -58.10 -9.10
v 6.76 -63.77 -3.05
v -1.02 -62.49 7.04
v -1.56 -74.73 4.21
v 9.85 -74.97 -3.56
v 221.57 -361.11 -12.51
v 230.52 -349.20 15.88
v 228.81 -319.81 9.25
v 217.94 -336.94 -22.84
v 239.47 -364.68 -19.08
v 237.66 -338.25 -25.86
v 242.67 -326.66 1.97
v 249.01 -351.49 11.32
v 221.57 -361.11 -12.51
v 217.94 -336.94 -22.84
v 237.66 -338.25 -25.86
v 239.47 -364.68 -19.08
v 230.52 -349.20 15.88
v 249.01 -351.49 11.32
v 242.67 -326.66 1.97
v 228.81 -319.81 9.25
v 221.57 -361.11 -12.51
v 239.47 -364.68 -19.08
v 249.01 -351.49 11.32
v 230.52 -349.20 15.88
v 217.94 -336.94 -22.84
v 228.81 -319.81 9.25
v 242.67 -326.66 1.97
v 237.66 -338.25 -25.86
v -238.96 45.70 19.15
v -287.57 28.31 18.35
v -276.00 -12.15 20.11
v -227.76 8.15 18.27
v -239.72 43.12 -8.42
v -229.65 4.94 -12.20
v -278.53 -15.04 -2.25
v -287.36 29.34 0.05
v -238.96 45.70 19.15
v -227.76 8.15 18.27
v -229.65 4.94 -12.20
v -239.72 43.12 -8.42
v -287.57 28.31 18.35
v -287.36 29.34 0.05
v -278.53 -15.04 -2.25
v -276.00 -12.15 20.11
v -238.96 45.70 19.15
v -239.72 43.12 -8.42
v -287.36 29.34 0.05
v -287.57 28.31 18.35
v -227.76 8.15 18.27
v -276.00 -12.15 20.11
v -278.53 -15.04 -2.25
v -229.65 4.94 -12.20
v 40.07 226.27 -26.70
v 29.12 205.06 7.42
v 78.28 230.62 25.64
v 85.70 250.00 -5.11
v 57.32 216.54 -43.25
v 102.91 236.86 -17.41
v 92.20 208.37 23.01
v 53.89 192.54 -1.11
v 40.07 226.27 -26.70
v 85.70 250.00 -5.11
v 102.91 236.86 -17.41
v 57.32 216.54 -43.25
v 29.12 205.06 7.42
v 53.89 192.54 -1.11
v 92.20 208.37 23.01
v 78.28 230.62 25.64
v 40.07 226.27 -26.70
v 57.32 216.54 -43.25
v 53.89 192.54 -1.11
v 29.12 205.06 7.42
v 85.70 250.00 -5.11
v 78.28 230.62 25.64
v 92.20 208.37 23.01
v 102.91 236.86 -17.41
v -345.07 -330.23 2.79
v -342.60 -326.14 19.69
v -340.17 -307.36 9.71
v -342.08 -312.53 -6.23
v -328.19 -335.04 2.98
v -325.61 -313.37 0.02
v -327.68 -306.18 17.40
v -328.98 -326.71 19.58
v -345.07 -330.23 2.79
v -342.08 -312.53 -6.23
v -325.61 -313.37 0.02
v -328.19 -335.04 2.98
v -342.60 -326.14 19.69
v -328.98 -326.71 19.58
v -327.68 -306.18 17.40
v -340.17 -307.36 9.71
v -345.07 -330.23 2.79
v -328.19 -335.04 2.98
v -328.98 -326.71 19.58
v -342.60 -326.14 19.69
v -342.08 -312.53 -6.23
v -340.17 -307.36 9.71
v -327.68 -306.18 17.40
v -325.61 -313.37 0.02
v -235.47 253.37 21.53
v -227.07 195.14 -5.08
v -170.95 180.30 16.29
v -182.65 264.33 39.38
v -224.88 274.76 -23.47
v -187.26 270.41 -2.10
v -162.13 202.60 -26.69
v -215.65 192.62 -43.29
v -235.47 253.37 21.53
v -182.65 264.33 39.38
v -187.26 270.41 -2.10
v -224.88 274.76 -23.47
v -227.07 195.14 -5.08
v -215.65 192.62 -43.29
v -162.13 202.60 -26.69
v -170.95 180.30 16.29
v -235.47 253.37 21.53
v -224.88 274.76 -23.47
v -215.65 192.62 -43.29
v -227.07 195.14 -5.08
v -182.65 264.33 39.38
v -170.95 180.30 16.29
v -162.13 202.60 -26.69
v -187.26 270.41 -2.10
v 237.51 -173.03 -26.88
v 230.07 -212.47 -35.22
v 195.83 -216.45 5.07
v 197.85 -182.23 5.18
v 255.33 -189.67 2.92
v 232.50 -187.43 40.86
v 228.87 -231.40 23.82
v 264.79 -222.35 -13.56
v 237.51 -173.03 -26.88
v 197.85 -182.23 5.18
v 232.50 -187.43 40.86
v 255.33 -189.67 2.92
v 230.07 -212.47 -35.22
v 264.79 -222.35 -13.56
v 228.87 -231.40 23.82
v 195.83 -216.45 5.07
v 237.51 -173.03 -26.88
v 255.33 -189.67 2.92
v 264.79 -222.35 -13.56
v 230.07 -212.47 -35.22
v 197.85 -182.23 5.18
v 195.83 -216.45 5.07
v 228.87 -231.40 23.82
v 232.50 -187.43 40.86
v 96.43 171.82 -8.41
v 81.74 180.84 -11.14
v 73.79 174.12 0.95
v 90.77 161.60 7.58
v 89.46 157.25 -13.61
v 82.49 150.92 -1.26
v 64.77 161.23 1.21
v 73.69 169.58 -23.85
v 96.43 171.82 -8.41
v 90.77 161.60 7.58
v 82.49 150.92 -1.26
v 89.46 157.25 -13.61
v 81.74 180.84 -11.14
v 73.69 169.58 -23.85
v 64.77 161.23 1.21
v 73.79 174.12 0.95
v 96.43 171.82 -8.41
v 89.46 157.25 -13.61
v 73.69 169.58 -23.85
v 81.74 180.84 -11.14
v 90.77 161.60 7.58
v 73.79 174.12 0.95
v 64.77 161.23 1.21
v 82.49 150.92 -1.26
v 86.28 126.40 -20.78
v 80.26 97.12 -4.81
v 47.40 101.03 -8.30
v 54.20 128.15 -10.38
v 87.35 129.30 16.13
v 52.17 131.98 15.05
v 58.55 106.93 16.63
v 81.33 94.43 15.68
v 86.28 126.40 -20.78
v 54.20 128.15 -10.38
v 52.17 131.98 15.05
v 87.35 129.30 16.13
v 80.26 97.12 -4.81
v 81.33 94.43 15.68
v 58.55 106.93 16.63
v 47.40 101.03 -8.30
v 86.28 126.40 -20.78
v 87.35 129.30 16.13
v 81.33 94.43 15.68
v 80.26 97.12 -4.81
v 54.20 128.15 -10.38
v 47.40 101.03 -8.30
v 58.55 106.93 16.63
v 52.17 131.98 15.05
v 132.68 340.88 12.81
v 143.20 345.27 2.14
v 141.56 364.60 2.91
v 130.85 357.18 13.03
v 123.62 337.96 5.50
v 122.88 357.29 6.47
v 133.05 362.06 -3.76
v 133.40 343.35 -6.17
v 132.68 340.88 12.81
v 130.85 357.18 13.03
v 122.88 357.29 6.47
v 123.62 337.96 5.50
v 143.20 345.27 2.14
v 133.40 343.35 -6.17
v 133.05 362.06 -3.76
v 141.56 364.60 2.91
v 132.68 340.88 12.81
v 123.62 337.96 5.50
v 133.40 343.35 -6.17
v 143.20 345.27 2.14
v 130.85 357.18 13.03
v 141.56 364.60 2.91
v 133.05 362.06 -3.76
v 122.88 357.29 6.47
v -208.28 241.86 -20.55
v -198.71 248.77 10.28
v -162.78 248.83 4.70
v -175.23 236.35 -32.37
v -213.95 217.62 -9.28
v -169.90 211.06 -22.66
v -158.83 226.55 9.33
v -194.55 222.83 19.39
v -208.28 241.86 -20.55
v -175.23 236.35 -32.37
v -169.90 211.06 -22.66
v -213.95 217.62 -9.28
v -198.71 248.77 10.28
v -194.55 222.83 19.39
v -158.83 226.55 9.33
v -162.78 248.83 4.70
v -208.28 241.86 -20.55
v -213.95 217.62 -9.28
v -194.55 222.83 19.39
v -198.71 248.77 10.28
v -175.23 236.35 -32.37
v -162.78 248.83 4.70
v -158.83 226.55 9.33
v -169.90 211.06 -22.66
v 452.59 -115.35 -9.87
v 463.97 -127.45 -7.25
v 453.58 -137.33 -12.77
v 442.97 -130.53 -17.88
v 445.50 -116.60 -3.63
v 436.39 -131.01 -7.54
v 446.63 -141.57 -3.74
v 460.35 -126.52 4.02
v 452.59 -115.35 -9.87
v 442.97 -130.53 -17.88
v 436.39 -131.01 -7.54
v 445.50 -116.60 -3.63
v 463.97 -127.45 -7.25
v 460.35 -126.52 4.02
v 446.63 -141.57 -3.74
v 453.58 -137.33 -12.77
v 452.59 -115.35 -9.87
v 445.50 -116.60 -3.63
v 460.35 -126.52 4.02
v 463.97 -127.45 -7.25
v 442.97 -130.53 -17.88
v 453.58 -137.33 -12.77
v 446.63 -141.57 -3.74
v 436.39 -131.01 -7.54
v 270.15 -445.87 3.16
v 260.40 -452.54 -5.87
v 252.48 -455.62 4.96
v 262.23 -448.95 13.99
v 262.23 -448.95 13.99
v 252.48 -455.62 4.96
v 263.56 -468.48 9.40
v 260.40 -452.54 -5.87
v 270.15 -445.87 3.16
v 271.48 -465.40 -1.43
v 260.40 -452.54 -5.87
v 260.12 -462.48 -8.90
v 252.21 -465.56 1.93
v 252.48 -455.62 4.96
v 252.48 -455.62 4.96
v 252.21 -465.56 1.93
v 263.56 -468.48 9.40
v 260.12 -462.48 -8.90
v 260.40 -452.54 -5.87
v 271.48 -465.40 -1.43
v 260.12 -462.48 -8.90
v 262.65 -483.52 -13.04
v 254.74 -486.60 -2.21
v 252.21 -465.56 1.93
v 252.21 -465.56 1.93
v 254.74 -486.60 -2.21
v 263.56 -468.48 9.40
v 262.65 -483.52 -13.04
v 260.12 -462.48 -8.90
v 271.48 -465.40 -1.43
v 262.65 -483.52 -13.04
v 271.25 -479.40 -5.58
v 263.33 -482.48 5.25
v 254.74 -486.60 -2.21
v 254.74 -486.60 -2.21
v 263.33 -482.48 5.25
v 263.56 -468.48 9.40
v 271.25 -479.40 -5.58
v 262.65 -483.52 -13.04
v 271.48 -465.40 -1.43
v 271.25 -479.40 -5.58
v 283.92 -476.09 4.63
v 276.00 -479.17 15.46
v 263.33 -482.48 5.25
v 263.33 -482.48 5.25
v 276.00 -479.17 15.46
v 263.56 -468.48 9.40
v 283.92 -476.09 4.63
v 271.25 -479.40 -5.58
v 271.48 -465.40 -1.43
v 283.92 -476.09 4.63
v 283.04 -461.75 8.06
v 275.12 -464.84 18.89
v 276.00 -479.17 15.46
v 276.00 -479.17 15.46
v 275.12 -464.84 18.89
v 263.56 -468.48 9.40
v 283.04 -461.75 8.06
v 283.92 -476.09 4.63
v 271.48 -465.40 -1.43
v 283.04 -461.75 8.06
v 276.51 -452.58 5.90
v 268.59 -455.66 16.73
v 275.12 -464.84 18.89
v 275.12 -464.84 18.89
v 268.59 -455.66 16.73
v 263.56 -468.48 9.40
v 276.51 -452.58 5.90
v 283.04 -461.75 8.06
v 271.48 -465.40 -1.43
v 276.51 -452.58 5.90
v 270.15 -445.87 3.16
v 262.23 -448.95 13.99
v 268.59 -455.66 16.73
v 268.59 -455.66 16.73
v 262.23 -448.95 13.99
v 263.56 -468.48 9.40
v 270.15 -445.87 3.16
v 276.51 -452.58 5.90
v 271.48 -465.40 -1.43
v 260.44 164.06 -5.76
v 277.57 196.08 -34.80
v 284.06 201.00 -25.54
v 266.93 168.97 3.50
v 266.93 168.97 3.50
v 284.06 201.00 -25.54
v 230.70 209.43 7.44
v 277.57 196.08 -34.80
v 260.44 164.06 -5.76
v 224.20 204.51 -1.82
v 277.57 196.08 -34.80
v 231.32 252.36 -32.23
v 237.82 257.27 -22.98
v 284.06 201.00 -25.54
v 284.06 201.00 -25.54
v 237.82 257.27 -22.98
v 230.70 209.43 7.44
v 231.32 252.36 -32.23
v 277.57 196.08 -34.80
v 224.20 204.51 -1.82
v 231.32 252.36 -32.23
v 204.77 249.76 -12.22
v 211.27 254.68 -2.96
v 237.82 257.27 -22.98
v 237.82 257.27 -22.98
v 211.27 254.68 -2.96
v 230.70 209.43 7.44
v 204.77 249.76 -12.22
v 231.32 252.36 -32.23
v 224.20 204.51 -1.82
v 204.77 249.76 -12.22
v 185.09 224.15 15.20
v 191.58 229.07 24.46
v 211.27 254.68 -2.96
v 211.27 254.68 -2.96
v 191.58 229.07 24.46
v 230.70 209.43 7.44
v 185.09 224.15 15.20
v 204.77 249.76 -12.22
v 224.20 204.51 -1.82
v 185.09 224.15 15.20
v 207.78 184.40 20.39
v 214.28 189.32 29.64
v 191.58 229.07 24.46
v 191.58 229.07 24.46
v 214.28 189.32 29.64
v 230.70 209.43 7.44
v 207.78 184.40 20.39
v 185.09 224.15 15.20
v 224.20 204.51 -1.82
v 207.78 184.40 20.39
v 226.18 163.72 18.46
v 232.68 168.64 27.72
v 214.28 189.32 29.64
v 214.28 189.32 29.64
v 232.68 168.64 27.72
v 230.70 209.43 7.44
v 226.18 163.72 18.46
v 207.78 184.40 20.39
v 224.20 204.51 -1.82
v 226.18 163.72 18.46
v 260.44 164.06 -5.76
v 266.93 168.97 3.50
v 232.68 168.64 27.72
v 232.68 168.64 27.72
v 266.93 168.97 3.50
v 230.70 209.43 7.44
v 260.44 164.06 -5.76
v 226.18 163.72 18.46
v 224.20 204.51 -1.82
v 0.63 201.20 2.66
v -15.52 181.74 -1.36
v -15.43 179.94 7.00
v 0.73 199.40 11.01
v 0.73 199.40 11.01
v -15.43 179.94 7.00
v 19.37 167.67 3.94
v -15.52 181.74 -1.36
v 0.63 201.20 2.66
v 19.27 169.47 -4.42
v -15.52 181.74 -1.36
v -17.31 150.73 -8.03
v -17.21 148.92 0.32
v -15.43 179.94 7.00
v -15.43 179.94 7.00
v -17.21 148.92 0.32
v 19.37 167.67 3.94
v -17.31 150.73 -8.03
v -15.52 181.74 -1.36
v 19.27 169.47 -4.42
v -17.31 150.73 -8.03
v 11.76 115.06 -16.08
v 11.86 113.25 -7.72
v -17.21 148.92 0.32
v -17.21 148.92 0.32
v 11.86 113.25 -7.72
v 19.37 167.67 3.94
v 11.76 115.06 -16.08
v -17.31 150.73 -8.03
v 19.27 169.47 -4.42
v 11.76 115.06 -16.08
v 50.14 127.64 -13.82
v 50.24 125.83 -5.46
v 11.86 113.25 -7.72
v 11.86 113.25 -7.72
v 50.24 125.83 -5.46
v 19.37 167.67 3.94
v 50.14 127.64 -13.82
v 11.76 115.06 -16.08
v 19.27 169.47 -4.42
v 50.14 127.64 -13.82
v 81.22 182.64 -2.31
v 81.32 180.83 6.05
v 50.24 125.83 -5.46
v 50.24 125.83 -5.46
v 81.32 180.83 6.05
v 19.37 167.67 3.94
v 81.22 182.64 -2.31
v 50.14 127.64 -13.82
v 19.27 169.47 -4.42
v 81.22 182.64 -2.31
v 43.85 207.08 3.41
v 43.95 205.27 11.77
v 81.32 180.83 6.05
v 81.32 180.83 6.05
v 43.95 205.27 11.77
v 19.37 167.67 3.94
v 43.85 207.08 3.41
v 81.22 182.64 -2.31
v 19.27 169.47 -4.42
v 43.85 207.08 3.41
v 0.63 201.20 2.66
v 0.73 199.40 11.01
v 43.95 205.27 11.77
v 43.95 205.27 11.77
v 0.73 199.40 11.01
v 19.37 167.67 3.94
v 0.63 201.20 2.66
v 43.85 207.08 3.41
v 19.27 169.47 -4.42
v 314.70 -447.36 -5.59
v 305.49 -442.72 -3.30
v 307.04 -444.70 6.91
v 316.25 -449.34 4.61
v 316.25 -449.34 4.61
v 307.04 -444.70 6.91
v 305.77 -466.54 2.88
v 305.49 -442.72 -3.30
v 314.70 -447.36 -5.59
v 304.22 -464.57 -7.33
v 305.49 -442.72 -3.30
v 291.82 -452.37 -3.09
v 293.37 -454.35 7.12
v 307.04 -444.70 6.91
v 307.04 -444.70 6.91
v 293.37 -454.35 7.12
v 305.77 -466.54 2.88
v 291.82 -452.37 -3.09
v 305.49 -442.72 -3.30
v 304.22 -464.57 -7.33
v 291.82 -452.37 -3.09
v 284.37 -477.03 -6.73
v 285.92 -479.00 3.48
v 293.37 -454.35 7.12
v 293.37 -454.35 7.12
v 285.92 -479.00 3.48
v 305.77 -466.54 2.88
v 284.37 -477.03 -6.73
v 291.82 -452.37 -3.09
v 304.22 -464.57 -7.33
v 284.37 -477.03 -6.73
v 292.94 -489.37 -10.42
v 294.49 -491.35 -0.21
v 285.92 -479.00 3.48
v 285.92 -479.00 3.48
v 294.49 -491.35 -0.21
v 305.77 -466.54 2.88
v 292.94 -489.37 -10.42
v 284.37 -477.03 -6.73
v 304.22 -464.57 -7.33
v 292.94 -489.37 -10.42
v 303.83 -484.14 -11.06
v 305.38 -486.12 -0.85
v 294.49 -491.35 -0.21
v 294.49 -491.35 -0.21
v 305.38 -486.12 -0.85
v 305.77 -466.54 2.88
v 303.83 -484.14 -11.06
v 292.94 -489.37 -10.42
v 304.22 -464.57 -7.33
v 303.83 -484.14 -11.06
v 319.61 -473.48 -11.40
v 321.16 -475.46 -1.19
v 305.38 -486.12 -0.85
v 305.38 -486.12 -0.85
v 321.16 -475.46 -1.19
v 305.77 -466.54 2.88
v 319.61 -473.48 -11.40
v 303.83 -484.14 -11.06
v 304.22 -464.57 -7.33
v 319.61 -473.48 -11.40
v 315.92 -455.50 -7.36
v 317.47 -457.48 2.85
v 321.16 -475.46 -1.19
v 321.16 -475.46 -1.19
v 317.47 -457.48 2.85
v 305.77 -466.54 2.88
v 315.92 -455.50 -7.36
v 319.61 -473.48 -11.40
v 304.22 -464.57 -7.33
v 315.92 -455.50 -7.36
v 314.70 -447.36 -5.59
v 316.25 -449.34 4.61
v 317.47 -457.48 2.85
v 317.47 -457.48 2.85
v 316.25 -449.34 4.61
v 305.77 -466.54 2.88
v 314.70 -447.36 -5.59
v 315.92 -455.50 -7.36
v 304.22 -464.57 -7.33
v -359.40 -234.68 7.02
v -352.43 -249.96 2.72
v -348.12 -251.15 13.94
v -355.10 -235.88 18.24
v -355.10 -235.88 18.24
v -348.12 -251.15 13.94
v -323.79 -251.83 4.53
v -352.43 -249.96 2.72
v -359.40 -234.68 7.02
v -328.10 -250.64 -6.69
v -352.43 -249.96 2.72
v -336.30 -276.90 -6.33
v -332.00 -278.10 4.89
v -348.12 -251.15 13.94
v -348.12 -251.15 13.94
v -332.00 -278.10 4.89
v -323.79 -251.83 4.53
v -336.30 -276.90 -6.33
v -352.43 -249.96 2.72
v -328.10 -250.64 -6.69
v -336.30 -276.90 -6.33
v -320.38 -281.40 -12.92
v -316.08 -282.60 -1.70
v -332.00 -278.10 4.89
v -332.00 -278.10 4.89
v -316.08 -282.60 -1.70
v -323.79 -251.83 4.53
v -320.38 -281.40 -12.92
v -336.30 -276.90 -6.33
v -328.10 -250.64 -6.69
v -320.38 -281.40 -12.92
v -295.70 -280.06 -22.25
v -291.39 -281.25 -11.04
v -316.08 -282.60 -1.70
v -316.08 -282.60 -1.70
v -291.39 -281.25 -11.04
v -323.79 -251.83 4.53
v -295.70 -280.06 -22.25
v -320.38 -281.40 -12.92
v -328.10 -250.64 -6.69
v -295.70 -280.06 -22.25
v -298.14 -251.12 -18.24
v -293.83 -252.32 -7.02
v -291.39 -281.25 -11.04
v -291.39 -281.25 -11.04
v -293.83 -252.32 -7.02
v -323.79 -251.83 4.53
v -298.14 -251.12 -18.24
v -295.70 -280.06 -22.25
v -328.10 -250.64 -6.69
v -298.14 -251.12 -18.24
v -312.05 -232.54 -10.93
v -307.74 -233.74 0.29
v -293.83 -252.32 -7.02
v -293.83 -252.32 -7.02
v -307.74 -233.74 0.29
v -323.79 -251.83 4.53
v -312.05 -232.54 -10.93
v -298.14 -251.12 -18.24
v -328.10 -250.64 -6.69
v -312.05 -232.54 -10.93
v -331.46 -224.20 -2.59
v -327.15 -225.39 8.63
v -307.74 -233.74 0.29
v -307.74 -233.74 0.29
v -327.15 -225.39 8.63
v -323.79 -251.83 4.53
v -331.46 -224.20 -2.59
v -312.05 -232.54 -10.93
v -328.10 -250.64 -6.69
v -331.46 -224.20 -2.59
v -359.40 -234.68 7.02
v -355.10 -235.88 18.24
v -327.15 -225.39 8.63
v -327.15 -225.39 8.63
v -355.10 -235.88 18.24
v -323.79 -251.83 4.53
v -359.40 -234.68 7.02
v -331.46 -224.20 -2.59
v -328.10 -250.64 -6.69
v 84.74 -409.99 -9.74
v 42.15 -403.48 -6.22
v 43.00 -403.37 3.82
v 85.58 -409.89 0.31
v 85.58 -409.89 0.31
v 43.00 -403.37 3.82
v 40.96 -440.99 4.39
v 42.15 -403.48 -6.22
v 84.74 -409.99 -9.74
v 40.11 -441.09 -5.66
v 42.15 -403.48 -6.22
v -7.94 -423.05 -1.80
v -7.10 -422.95 8.24
v 43.00 -403.37 3.82
v 43.00 -403.37 3.82
v -7.10 -422.95 8.24
v 40.96 -440.99 4.39
v -7.94 -423.05 -1.80
v 42.15 -403.48 -6.22
v 40.11 -441.09 -5.66
v -7.94 -423.05 -1.80
v 7.09 -443.26 -2.86
v 7.93 -443.16 7.19
v -7.10 -422.95 8.24
v -7.10 -422.95 8.24
v 7.93 -443.16 7.19
v 40.96 -440.99 4.39
v 7.09 -443.26 -2.86
v -7.94 -423.05 -1.80
v 40.11 -441.09 -5.66
v 7.09 -443.26 -2.86
v 15.49 -477.76 -3.20
v 16.34 -477.66 6.84
v 7.93 -443.16 7.19
v 7.93 -443.16 7.19
v 16.34 -477.66 6.84
v 40.96 -440.99 4.39
v 15.49 -477.76 -3.20
v 7.09 -443.26 -2.86
v 40.11 -441.09 -5.66
v 15.49 -477.76 -3.20
v 59.87 -463.45 -7.09
v 60.71 -463.34 2.96
v 16.34 -477.66 6.84
v 16.34 -477.66 6.84
v 60.71 -463.34 2.96
v 40.96 -440.99 4.39
v 59.87 -463.45 -7.09
v 15.49 -477.76 -3.20
v 40.11 -441.09 -5.66
v 59.87 -463.45 -7.09
v 75.21 -450.32 -8.51
v 76.06 -450.21 1.53
v 60.71 -463.34 2.96
v 60.71 -463.34 2.96
v 76.06 -450.21 1.53
v 40.96 -440.99 4.39
v 75.21 -450.32 -8.51
v 59.87 -463.45 -7.09
v 40.11 -441.09 -5.66
v 75.21 -450.32 -8.51
v 84.74 -409.99 -9.74
v 85.58 -409.89 0.31
v 76.06 -450.21 1.53
v 76.06 -450.21 1.53
v 85.58 -409.89 0.31
v 40.96 -440.99 4.39
v 84.74 -409.99 -9.74
v 75.21 -450.32 -8.51
v 40.11 -441.09 -5.66
v -299.60 -15.98 -8.62
v -297.93 -46.01 -9.65
v -300.53 -46.51 0.58
v -302.20 -16.48 1.62
v -302.20 -16.48 1.62
v -300.53 -46.51 0.58
v -264.19 -29.97 10.61
v -297.93 -46.01 -9.65
v -299.60 -15.98 -8.62
v -261.60 -29.47 0.37
v -297.93 -46.01 -9.65
v -259.85 -62.53 -0.79
v -262.44 -63.03 9.44
v -300.53 -46.51 0.58
v -300.53 -46.51 0.58
v -262.44 -63.03 9.44
v -264.19 -29.97 10.61
v -259.85 -62.53 -0.79
v -297.93 -46.01 -9.65
v -261.60 -29.47 0.37
v -259.85 -62.53 -0.79
v -234.15 -55.69 6.06
v -236.75 -56.18 16.30
v -262.44 -63.03 9.44
v -262.44 -63.03 9.44
v -236.75 -56.18 16.30
v -264.19 -29.97 10.61
v -234.15 -55.69 6.06
v -259.85 -62.53 -0.79
v -261.60 -29.47 0.37
v -234.15 -55.69 6.06
v -197.64 -36.98 16.24
v -200.24 -37.47 26.47
v -236.75 -56.18 16.30
v -236.75 -56.18 16.30
v -200.24 -37.47 26.47
v -264.19 -29.97 10.61
v -197.64 -36.98 16.24
v -234.15 -55.69 6.06
v -261.60 -29.47 0.37
v -197.64 -36.98 16.24
v -222.93 -20.37 10.63
v -225.53 -20.87 20.86
v -200.24 -37.47 26.47
v -200.24 -37.47 26.47
v -225.53 -20.87 20.86
v -264.19 -29.97 10.61
v -222.93 -20.37 10.63
v -197.64 -36.98 16.24
v -261.60 -29.47 0.37
v -222.93 -20.37 10.63
v -256.76 -0.37 3.01
v -259.36 -0.86 13.25
v -225.53 -20.87 20.86
v -225.53 -20.87 20.86
v -259.36 -0.86 13.25
v -264.19 -29.97 10.61
v -256.76 -0.37 3.01
v -222.93 -20.37 10.63
v -261.60 -29.47 0.37
v -256.76 -0.37 3.01
v -300.75 -3.23 -8.29
v -303.35 -3.73 1.95
v -259.36 -0.86 13.25
v -259.36 -0.86 13.25
v -303.35 -3.73 1.95
v -264.19 -29.97 10.61
v -300.75 -3.23 -8.29
v -256.76 -0.37 3.01
v -261.60 -29.47 0.37
v -300.75 -3.23 -8.29
v -299.60 -15.98 -8.62
v -302.20 -16.48 1.62
v -303.35 -3.73 1.95
v -303.35 -3.73 1.95
v -302.20 -16.48 1.62
v -264.19 -29.97 10.61
v -299.60 -15.98 -8.62
v -300.75 -3.23 -8.29
v -261.60 -29.47 0.37
v 42.34 -182.88 8.44
v 16.32 -216.54 18.14
v 19.67 -216.82 26.15
v 45.69 -183.16 16.44
v 45.69 -183.16 16.44
v 19.67 -216.82 26.15
v 47.83 -236.30 13.67
v 16.32 -216.54 18.14
v 42.34 -182.88 8.44
v 44.47 -236.02 5.66
v 16.32 -216.54 18.14
v 8.92 -255.79 19.85
v 12.27 -256.08 27.86
v 19.67 -216.82 26.15
v 19.67 -216.82 26.15
v 12.27 -256.08 27.86
v 47.83 -236.30 13.67
v 8.92 -255.79 19.85
v 16.32 -216.54 18.14
v 44.47 -236.02 5.66
v 8.92 -255.79 19.85
v 38.38 -284.94 6.48
v 41.73 -285.22 14.49
v 12.27 -256.08 27.86
v 12.27 -256.08 27.86
v 41.73 -285.22 14.49
v 47.83 -236.30 13.67
v 38.38 -284.94 6.48
v 8.92 -255.79 19.85
v 44.47 -236.02 5.66
v 38.38 -284.94 6.48
v 69.85 -300.26 -7.24
v 73.21 -300.54 0.76
v 41.73 -285.22 14.49
v 41.73 -285.22 14.49
v 73.21 -300.54 0.76
v 47.83 -236.30 13.67
v 69.85 -300.26 -7.24
v 38.38 -284.94 6.48
v 44.47 -236.02 5.66
v 69.85 -300.26 -7.24
v 86.59 -243.25 -12.24
v 89.94 -243.53 -4.23
v 73.21 -300.54 0.76
v 73.21 -300.54 0.76
v 89.94 -243.53 -4.23
v 47.83 -236.30 13.67
v 86.59 -243.25 -12.24
v 69.85 -300.26 -7.24
v 44.47 -236.02 5.66
v 86.59 -243.25 -12.24
v 60.42 -195.15 0.43
v 63.77 -195.43 8.43
v 89.94 -243.53 -4.23
v 89.94 -243.53 -4.23
v 63.77 -195.43 8.43
v 47.83 -236.30 13.67
v 60.42 -195.15 0.43
v 86.59 -243.25 -12.24
v 44.47 -236.02 5.66
v 60.42 -195.15 0.43
v 42.34 -182.88 8.44
v 45.69 -183.16 16.44
v 63.77 -195.43 8.43
v 63.77 -195.43 8.43
v 45.69 -183.16 16.44
v 47.83 -236.30 13.67
v 42.34 -182.88 8.44
v 60.42 -195.15 0.43
v 44.47 -236.02 5.66
v -273.66 -121.24 -6.42
v -269.29 -147.50 -1.16
v -269.35 -145.33 9.73
v -273.72 -119.07 4.47
v -273.72 -119.07 4.47
v -269.35 -145.33 9.73
v -247.76 -166.57 14.08
v -269.29 -147.50 -1.16
v -273.66 -121.24 -6.42
v -247.71 -168.74 3.19
v -269.29 -147.50 -1.16
v -276.09 -181.56 5.60
v -276.15 -179.38 16.49
v -269.35 -145.33 9.73
v -269.35 -145.33 9.73
v -276.15 -179.38 16.49
v -247.76 -166.57 14.08
v -276.09 -181.56 5.60
v -269.29 -147.50 -1.16
v -247.71 -168.74 3.19
v -276.09 -181.56 5.60
v -251.46 -204.11 10.22
v -251.52 -201.94 21.12
v -276.15 -179.38 16.49
v -276.15 -179.38 16.49
v -251.52 -201.94 21.12
v -247.76 -166.57 14.08
v -251.46 -204.11 10.22
v -276.09 -181.56 5.60
v -247.71 -168.74 3.19
v -251.46 -204.11 10.22
v -236.61 -215.06 12.49
v -236.67 -212.89 23.38
v -251.52 -201.94 21.12
v -251.52 -201.94 21.12
v -236.67 -212.89 23.38
v -247.76 -166.57 14.08
v -236.61 -215.06 12.49
v -251.46 -204.11 10.22
v -247.71 -168.74 3.19
v -236.61 -215.06 12.49
v -225.53 -189.97 7.54
v -225.59 -187.80 18.43
v -236.67 -212.89 23.38
v -236.67 -212.89 23.38
v -225.59 -187.80 18.43
v -247.76 -166.57 14.08
v -225.53 -189.97 7.54
v -236.61 -215.06 12.49
v -247.71 -168.74 3.19
v -225.53 -189.97 7.54
v -215.45 -180.02 5.61
v -215.51 -177.85 16.50
v -225.59 -187.80 18.43
v -225.59 -187.80 18.43
v -215.51 -177.85 16.50
v -247.76 -166.57 14.08
v -215.45 -180.02 5.61
v -225.53 -189.97 7.54
v -247.71 -168.74 3.19
v -215.45 -180.02 5.61
v -224.98 -157.47 1.06
v -225.03 -155.30 11.95
v -215.51 -177.85 16.50
v -215.51 -177.85 16.50
v -225.03 -155.30 11.95
v -247.76 -166.57 14.08
v -224.98 -157.47 1.06
v -215.45 -180.02 5.61
v -247.71 -168.74 3.19
v -224.98 -157.47 1.06
v -254.92 -121.25 -6.32
v -254.98 -119.08 4.57
v -225.03 -155.30 11.95
v -225.03 -155.30 11.95
v -254.98 -119.08 4.57
v -247.76 -166.57 14.08
v -254.92 -121.25 -6.32
v -224.98 -157.47 1.06
v -247.71 -168.74 3.19
v -254.92 -121.25 -6.32
v -273.66 -121.24 -6.42
v -273.72 -119.07 4.47
v -254.98 -119.08 4.57
v -254.98 -119.08 4.57
v -273.72 -119.07 4.47
v -247.76 -166.57 14.08
v -273.66 -121.24 -6.42
v -254.92 -121.25 -6.32
v -247.71 -168.74 3.19
v 253.46 260.39 13.45
v 239.20 278.04 9.42
v 235.47 276.49 15.86
v 249.72 258.84 19.88
v 249.72 258.84 19.88
v 235.47 276.49 15.86
v 235.35 248.97 9.17
v 239.20 278.04 9.42
v 253.46 260.39 13.45
v 239.09 250.52 2.74
v 239.20 278.04 9.42
v 218.23 260.00 -7.09
v 214.49 258.45 -0.65
v 235.47 276.49 15.86
v 235.47 276.49 15.86
v 214.49 258.45 -0.65
v 235.35 248.97 9.17
v 218.23 260.00 -7.09
v 239.20 278.04 9.42
v 239.09 250.52 2.74
v 218.23 260.00 -7.09
v 224.64 242.80 -7.51
v 220.91 241.25 -1.07
v 214.49 258.45 -0.65
v 214.49 258.45 -0.65
v 220.91 241.25 -1.07
v 235.35 248.97 9.17
v 224.64 242.80 -7.51
v 218.23 260.00 -7.09
v 239.09 250.52 2.74
v 224.64 242.80 -7.51
v 248.62 224.83 2.08
v 244.88 223.28 8.52
v 220.91 241.25 -1.07
v 220.91 241.25 -1.07
v 244.88 223.28 8.52
v 235.35 248.97 9.17
v 248.62 224.83 2.08
v 224.64 242.80 -7.51
v 239.09 250.52 2.74
v 248.62 224.83 2.08
v 258.13 237.01 10.53
v 254.40 235.46 16.97
v 244.88 223.28 8.52
v 244.88 223.28 8.52
v 254.40 235.46 16.97
v 235.35 248.97 9.17
v 258.13 237.01 10.53
v 248.62 224.83 2.08
v 239.09 250.52 2.74
v 258.13 237.01 10.53
v 253.46 260.39 13.45
v 249.72 258.84 19.88
v 254.40 235.46 16.97
v 254.40 235.46 16.97
v 249.72 258.84 19.88
v 235.35 248.97 9.17
v 253.46 260.39 13.45
v 258.13 237.01 10.53
v 239.09 250.52 2.74
v 142.27 386.99 -19.82
v 107.73 394.90 -9.56
v 109.64 395.90 -3.90
v 144.18 387.99 -14.16
v 144.18 387.99 -14.16
v 109.64 395.90 -3.90
v 101.30 374.86 2.62
v 107.73 394.90 -9.56
v 142.27 386.99 -19.82
v 99.39 373.86 -3.03
v 107.73 394.90 -9.56
v 80.21 390.52 0.50
v 82.11 391.52 6.15
v 109.64 395.90 -3.90
v 109.64 395.90 -3.90
v 82.11 391.52 6.15
v 101.30 374.86 2.62
v 80.21 390.52 0.50
v 107.73 394.90 -9.56
v 99.39 373.86 -3.03
v 80.21 390.52 0.50
v 74.97 360.28 7.60
v 76.88 361.28 13.25
v 82.11 391.52 6.15
v 82.11 391.52 6.15
v 76.88 361.28 13.25
v 101.30 374.86 2.62
v 74.97 360.28 7.60
v 80.21 390.52 0.50
v 99.39 373.86 -3.03
v 74.97 360.28 7.60
v 91.07 339.48 5.84
v 92.97 340.48 11.50
v 76.88 361.28 13.25
v 76.88 361.28 13.25
v 92.97 340.48 11.50
v 101.30 374.86 2.62
v 91.07 339.48 5.84
v 74.97 360.28 7.60
v 99.39 373.86 -3.03
v 91.07 339.48 5.84
v 133.94 359.39 -12.14
v 135.85 360.39 -6.48
v 92.97 340.48 11.50
v 92.97 340.48 11.50
v 135.85 360.39 -6.48
v 101.30 374.86 2.62
v 133.94 359.39 -12.14
v 91.07 339.48 5.84
v 99.39 373.86 -3.03
v 133.94 359.39 -12.14
v 142.27 386.99 -19.82
v 144.18 387.99 -14.16
v 135.85 360.39 -6.48
v 135.85 360.39 -6.48
v 144.18 387.99 -14.16
v 101.30 374.86 2.62
v 142.27 386.99 -19.82
v 133.94 359.39 -12.14
v 99.39 373.86 -3.03
v 226.99 258.43 9.98
v 215.71 268.03 6.35
v 212.51 269.19 19.33
v 223.80 259.59 22.96
v 223.80 259.59 22.96
v 212.51 269.19 19.33
v 172.66 254.77 10.82
v 215.71 268.03 6.35
v 226.99 258.43 9.98
v 175.86 253.61 -2.16
v 215.71 268.03 6.35
v 178.59 277.19 -3.60
v 175.40 278.35 9.39
v 212.51 269.19 19.33
v 212.51 269.19 19.33
v 175.40 278.35 9.39
v 172.66 254.77 10.82
v 178.59 277.19 -3.60
v 215.71 268.03 6.35
v 175.86 253.61 -2.16
v 178.59 277.19 -3.60
v 148.51 278.60 -11.12
v 145.32 279.76 1.86
v 175.40 278.35 9.39
v 175.40 278.35 9.39
v 145.32 279.76 1.86
v 172.66 254.77 10.82
v 148.51 278.60 -11.12
v 178.59 277.19 -3.60
v 175.86 253.61 -2.16
v 148.51 278.60 -11.12
v 131.70 265.75 -14.11
v 128.51 266.91 -1.13
v 145.32 279.76 1.86
v 145.32 279.76 1.86
v 128.51 266.91 -1.13
v 172.66 254.77 10.82
v 131.70 265.75 -14.11
v 148.51 278.60 -11.12
v 175.86 253.61 -2.16
v 131.70 265.75 -14.11
v 108.68 246.83 -18.08
v 105.49 247.98 -5.10
v 128.51 266.91 -1.13
v 128.51 266.91 -1.13
v 105.49 247.98 -5.10
v 172.66 254.77 10.82
v 108.68 246.83 -18.08
v 131.70 265.75 -14.11
v 175.86 253.61 -2.16
v 108.68 246.83 -18.08
v 163.57 233.03 -3.35
v 160.37 234.19 9.63
v 105.49 247.98 -5.10
v 105.49 247.98 -5.10
v 160.37 234.19 9.63
v 172.66 254.77 10.82
v 163.57 233.03 -3.35
v 108.68 246.83 -18.08
v 175.86 253.61 -2.16
v 163.57 233.03 -3.35
v 171.65 220.89 -0.28
v 168.45 222.05 12.70
v 160.37 234.19 9.63
v 160.37 234.19 9.63
v 168.45 222.05 12.70
v 172.66 254.77 10.82
v 171.65 220.89 -0.28
v 163.57 233.03 -3.35
v 175.86 253.61 -2.16
v 171.65 220.89 -0.28
v 202.27 231.92 6.27
v 199.08 233.08 19.25
v 168.45 222.05 12.70
v 168.45 222.05 12.70
v 199.08 233.08 19.25
v 172.66 254.77 10.82
v 202.27 231.92 6.27
v 171.65 220.89 -0.28
v 175.86 253.61 -2.16
v 202.27 231.92 6.27
v 226.99 258.43 9.98
v 223.80 259.59 22.96
v 199.08 233.08 19.25
v 199.08 233.08 19.25
v 223.80 259.59 22.96
v 172.66 254.77 10.82
v 226.99 258.43 9.98
v 202.27 231.92 6.27
v 175.86 253.61 -2.16
v -353.41 -33.67 0.38
v -368.43 -28.35 -0.28
v -368.87 -28.25 10.56
v -353.85 -33.56 11.22
v -353.85 -33.56 11.22
v -368.87 -28.25 10.56
v -370.68 -67.05 10.86
v -368.43 -28.35 -0.28
v -353.41 -33.67 0.38
v -370.24 -67.15 0.02
v -368.43 -28.35 -0.28
v -380.10 -45.72 -0.59
v -380.54 -45.62 10.25
v -368.87 -28.25 10.56
v -368.87 -28.25 10.56
v -380.54 -45.62 10.25
v -370.68 -67.05 10.86
v -380.10 -45.72 -0.59
v -368.43 -28.35 -0.28
v -370.24 -67.15 0.02
v -380.10 -45.72 -0.59
v -398.69 -79.79 -1.01
v -399.13 -79.69 9.83
v -380.54 -45.62 10.25
v -380.54 -45.62 10.25
v -399.13 -79.69 9.83
v -370.68 -67.05 10.86
v -398.69 -79.79 -1.01
v -380.10 -45.72 -0.59
v -370.24 -67.15 0.02
v -398.69 -79.79 -1.01
v -400.76 -92.11 -0.98
v -401.19 -92.00 9.86
v -399.13 -79.69 9.83
v -399.13 -79.69 9.83
v -401.19 -92.00 9.86
v -370.68 -67.05 10.86
v -400.76 -92.11 -0.98
v -398.69 -79.79 -1.01
v -370.24 -67.15 0.02
v -400.76 -92.11 -0.98
v -378.84 -110.70 0.09
v -379.28 -110.60 10.93
v -401.19 -92.00 9.86
v -401.19 -92.00 9.86
v -379.28 -110.60 10.93
v -370.68 -67.05 10.86
v -378.84 -110.70 0.09
v -400.76 -92.11 -0.98
v -370.24 -67.15 0.02
v -378.84 -110.70 0.09
v -361.23 -100.14 0.70
v -361.67 -100.04 11.54
v -379.28 -110.60 10.93
v -379.28 -110.60 10.93
v -361.67 -100.04 11.54
v -370.68 -67.05 10.86
v -361.23 -100.14 0.70
v -378.84 -110.70 0.09
v -370.24 -67.15 0.02
v -361.23 -100.14 0.70
v -346.53 -81.75 1.12
v -346.97 -81.65 11.96
v -361.67 -100.04 11.54
v -361.67 -100.04 11.54
v -346.97 -81.65 11.96
v -370.68 -67.05 10.86
v -346.53 -81.75 1.12
v -361.23 -100.14 0.70
v -370.24 -67.15 0.02
v -346.53 -81.75 1.12
v -345.38 -47.92 0.84
v -345.82 -47.82 11.68
v -346.97 -81.65 11.96
v -346.97 -81.65 11.96
v -345.82 -47.82 11.68
v -370.68 -67.05 10.86
v -345.38 -47.92 0.84
v -346.53 -81.75 1.12
v -370.24 -67.15 0.02
v -345.38 -47.92 0.84
v -353.41 -33.67 0.38
v -353.85 -33.56 11.22
v -345.82 -47.82 11.68
v -345.82 -47.82 11.68
v -353.85 -33.56 11.22
v -370.68 -67.05 10.86
v -353.41 -33.67 0.38
v -345.38 -47.92 0.84
v -370.24 -67.15 0.02
v -238.27 -5.08 6.73
v -227.07 24.31 3.75
v -227.61 25.79 16.35
v -238.81 -3.60 19.33
v -238.81 -3.60 19.33
v -227.61 25.79 16.35
v -267.53 26.74 14.53
v -227.07 24.31 3.75
v -238.27 -5.08 6.73
v -266.99 25.26 1.94
v -227.07 24.31 3.75
v -216.84 59.87 0.01
v -217.37 61.35 12.61
v -227.61 25.79 16.35
v -227.61 25.79 16.35
v -217.37 61.35 12.61
v -267.53 26.74 14.53
v -216.84 59.87 0.01
v -227.07 24.31 3.75
v -266.99 25.26 1.94
v -216.84 59.87 0.01
v -266.18 90.72 -5.73
v -266.72 92.20 6.87
v -217.37 61.35 12.61
v -217.37 61.35 12.61
v -266.72 92.20 6.87
v -267.53 26.74 14.53
v -266.18 90.72 -5.73
v -216.84 59.87 0.01
v -266.99 25.26 1.94
v -266.18 90.72 -5.73
v -298.70 72.35 -4.96
v -299.24 73.84 7.64
v -266.72 92.20 6.87
v -266.72 92.20 6.87
v -299.24 73.84 7.64
v -267.53 26.74 14.53
v -298.70 72.35 -4.96
v -266.18 90.72 -5.73
v -266.99 25.26 1.94
v -298.70 72.35 -4.96
v -332.95 36.40 -2.19
v -333.49 37.88 10.40
v -299.24 73.84 7.64
v -299.24 73.84 7.64
v -333.49 37.88 10.40
v -267.53 26.74 14.53
v -332.95 36.40 -2.19
v -298.70 72.35 -4.96
v -266.99 25.26 1.94
v -332.95 36.40 -2.19
v -318.01 -12.27 4.17
v -318.55 -10.79 16.77
v -333.49 37.88 10.40
v -333.49 37.88 10.40
v -318.55 -10.79 16.77
v -267.53 26.74 14.53
v -318.01 -12.27 4.17
v -332.95 36.40 -2.19
v -266.99 25.26 1.94
v -318.01 -12.27 4.17
v -270.41 -34.99 8.88
v -270.95 -33.51 21.47
v -318.55 -10.79 16.77
v -318.55 -10.79 16.77
v -270.95 -33.51 21.47
v -267.53 26.74 14.53
v -270.41 -34.99 8.88
v -318.01 -12.27 4.17
v -266.99 25.26 1.94
v -270.41 -34.99 8.88
v -238.27 -5.08 6.73
v -238.81 -3.60 19.33
v -270.95 -33.51 21.47
v -270.95 -33.51 21.47
v -238.81 -3.60 19.33
v -267.53 26.74 14.53
v -238.27 -5.08 6.73
v -270.41 -34.99 8.88
v -266.99 25.26 1.94
v 110.31 -218.99 -7.64
v 86.77 -214.90 -5.30
v 87.58 -214.75 2.64
v 111.12 -218.84 0.31
v 111.12 -218.84 0.31
v 87.58 -214.75 2.64
v 94.29 -277.20 3.14
v 86.77 -214.90 -5.30
v 110.31 -218.99 -7.64
v 93.48 -277.35 -4.80
v 86.77 -214.90 -5.30
v 66.01 -281.54 -1.91
v 66.82 -281.39 6.03
v 87.58 -214.75 2.64
v 87.58 -214.75 2.64
v 66.82 -281.39 6.03
v 94.29 -277.20 3.14
v 66.01 -281.54 -1.91
v 86.77 -214.90 -5.30
v 93.48 -277.35 -4.80
v 66.01 -281.54 -1.91
v 52.35 -317.70 0.18
v 53.16 -317.55 8.12
v 66.82 -281.39 6.03
v 66.82 -281.39 6.03
v 53.16 -317.55 8.12
v 94.29 -277.20 3.14
v 52.35 -317.70 0.18
v 66.01 -281.54 -1.91
v 93.48 -277.35 -4.80
v 52.35 -317.70 0.18
v 94.70 -336.91 -3.79
v 95.51 -336.76 4.15
v 53.16 -317.55 8.12
v 53.16 -317.55 8.12
v 95.51 -336.76 4.15
v 94.29 -277.20 3.14
v 94.70 -336.91 -3.79
v 52.35 -317.70 0.18
v 93.48 -277.35 -4.80
v 94.70 -336.91 -3.79
v 115.92 -293.93 -6.78
v 116.74 -293.78 1.16
v 95.51 -336.76 4.15
v 95.51 -336.76 4.15
v 116.74 -293.78 1.16
v 94.29 -277.20 3.14
v 115.92 -293.93 -6.78
v 94.70 -336.91 -3.79
v 93.48 -277.35 -4.80
v 115.92 -293.93 -6.78
v 128.41 -261.64 -8.67
v 129.22 -261.49 -0.73
v 116.74 -293.78 1.16
v 116.74 -293.78 1.16
v 129.22 -261.49 -0.73
v 94.29 -277.20 3.14
v 128.41 -261.64 -8.67
v 115.92 -293.93 -6.78
v 93.48 -277.35 -4.80
v 128.41 -261.64 -8.67
v 110.31 -218.99 -7.64
v 111.12 -218.84 0.31
v 129.22 -261.49 -0.73
v 129.22 -261.49 -0.73
v 111.12 -218.84 0.31
v 94.29 -277.20 3.14
v 110.31 -218.99 -7.64
v 128.41 -261.64 -8.67
v 93.48 -277.35 -4.80
v -15.90 56.21 20.06
v 3.11 50.57 19.07
v 4.35 53.86 24.29
v -14.66 59.49 25.29
v -14.66 59.49 25.29
v 4.35 53.86 24.29
v 11.61 75.84 8.75
v 3.11 50.57 19.07
v -15.90 56.21 20.06
v 10.36 72.56 3.53
v 3.11 50.57 19.07
v 34.86 61.72 4.50
v 36.11 65.00 9.72
v 4.35 53.86 24.29
v 4.35 53.86 24.29
v 36.11 65.00 9.72
v 11.61 75.84 8.75
v 34.86 61.72 4.50
v 3.11 50.57 19.07
v 10.36 72.56 3.53
v 34.86 61.72 4.50
v 40.01 88.06 -13.29
v 41.26 91.34 -8.07
v 36.11 65.00 9.72
v 36.11 65.00 9.72
v 41.26 91.34 -8.07
v 11.61 75.84 8.75
v 40.01 88.06 -13.29
v 34.86 61.72 4.50
v 10.36 72.56 3.53
v 40.01 88.06 -13.29
v 7.42 95.98 -10.49
v 8.66 99.26 -5.27
v 41.26 91.34 -8.07
v 41.26 91.34 -8.07
v 8.66 99.26 -5.27
v 11.61 75.84 8.75
v 7.42 95.98 -10.49
v 40.01 88.06 -13.29
v 10.36 72.56 3.53
v 7.42 95.98 -10.49
v -23.66 75.52 9.77
v -22.42 78.81 14.99
v 8.66 99.26 -5.27
v 8.66 99.26 -5.27
v -22.42 78.81 14.99
v 11.61 75.84 8.75
v -23.66 75.52 9.77
v 7.42 95.98 -10.49
v 10.36 72.56 3.53
v -23.66 75.52 9.77
v -15.90 56.21 20.06
v -14.66 59.49 25.29
v -22.42 78.81 14.99
v -22.42 78.81 14.99
v -14.66 59.49 25.29
v 11.61 75.84 8.75
v -15.90 56.21 20.06
v -23.66 75.52 9.77
v 10.36 72.56 3.53
v 141.33 288.14 -8.91
v 155.76 270.84 -8.15
v 155.34 270.98 2.77
v 140.92 288.27 2.02
v 140.92 288.27 2.02
v 155.34 270.98 2.77
v 166.15 290.50 2.95
v 155.76 270.84 -8.15
v 141.33 288.14 -8.91
v 166.56 290.37 -7.98
v 155.76 270.84 -8.15
v 170.27 271.05 -7.61
v 169.86 271.18 3.32
v 155.34 270.98 2.77
v 155.34 270.98 2.77
v 169.86 271.18 3.32
v 166.15 290.50 2.95
v 170.27 271.05 -7.61
v 155.76 270.84 -8.15
v 166.56 290.37 -7.98
v 170.27 271.05 -7.61
v 187.72 282.89 -7.10
v 187.30 283.02 3.83
v 169.86 271.18 3.32
v 169.86 271.18 3.32
v 187.30 283.02 3.83
v 166.15 290.50 2.95
v 187.72 282.89 -7.10
v 170.27 271.05 -7.61
v 166.56 290.37 -7.98
v 187.72 282.89 -7.10
v 186.38 300.05 -7.35
v 185.97 300.18 3.58
v 187.30 283.02 3.83
v 187.30 283.02 3.83
v 185.97 300.18 3.58
v 166.15 290.50 2.95
v 186.38 300.05 -7.35
v 187.72 282.89 -7.10
v 166.56 290.37 -7.98
v 186.38 300.05 -7.35
v 179.19 306.25 -7.70
v 178.78 306.38 3.23
v 185.97 300.18 3.58
v 185.97 300.18 3.58
v 178.78 306.38 3.23
v 166.15 290.50 2.95
v 179.19 306.25 -7.70
v 186.38 300.05 -7.35
v 166.56 290.37 -7.98
v 179.19 306.25 -7.70
v 159.57 307.73 -8.45
v 159.16 307.86 2.47
v 178.78 306.38 3.23
v 178.78 306.38 3.23
v 159.16 307.86 2.47
v 166.15 290.50 2.95
v 159.57 307.73 -8.45
v 179.19 306.25 -7.70
v 166.56 290.37 -7.98
v 159.57 307.73 -8.45
v 149.82 298.83 -8.71
v 149.41 298.96 2.21
v 159.16 307.86 2.47
v 159.16 307.86 2.47
v 149.41 298.96 2.21
v 166.15 290.50 2.95
v 149.82 298.83 -8.71
v 159.57 307.73 -8.45
v 166.56 290.37 -7.98
v 149.82 298.83 -8.71
v 141.33 288.14 -8.91
v 140.92 288.27 2.02
v 149.41 298.96 2.21
v 149.41 298.96 2.21
v 140.92 288.27 2.02
v 166.15 290.50 2.95
v 141.33 288.14 -8.91
v 149.82 298.83 -8.71
v 166.56 290.37 -7.98
v -56.30 -362.66 -6.85
v -15.34 -368.17 7.96
v -17.04 -367.19 13.03
v -58.00 -361.68 -1.77
v -58.00 -361.68 -1.77
v -17.04 -367.19 13.03
v -24.96 -309.65 -0.69
v -15.34 -368.17 7.96
v -56.30 -362.66 -6.85
v -23.26 -310.62 -5.76
v -15.34 -368.17 7.96
v 23.70 -307.11 9.32
v 21.99 -306.13 14.40
v -17.04 -367.19 13.03
v -17.04 -367.19 13.03
v 21.99 -306.13 14.40
v -24.96 -309.65 -0.69
v 23.70 -307.11 9.32
v -15.34 -368.17 7.96
v -23.26 -310.62 -5.76
v 23.70 -307.11 9.32
v 15.10 -263.86 -1.87
v 13.40 -262.89 3.20
v 21.99 -306.13 14.40
v 21.99 -306.13 14.40
v 13.40 -262.89 3.20
v -24.96 -309.65 -0.69
v 15.10 -263.86 -1.87
v 23.70 -307.11 9.32
v -23.26 -310.62 -5.76
v 15.10 -263.86 -1.87
v -31.07 -258.73 -18.35
v -32.77 -257.75 -13.28
v 13.40 -262.89 3.20
v 13.40 -262.89 3.20
v -32.77 -257.75 -13.28
v -24.96 -309.65 -0.69
v -31.07 -258.73 -18.35
v 15.10 -263.86 -1.87
v -23.26 -310.62 -5.76
v -31.07 -258.73 -18.35
v -79.46 -317.85 -23.23
v -81.16 -316.87 -18.16
v -32.77 -257.75 -13.28
v -32.77 -257.75 -13.28
v -81.16 -316.87 -18.16
v -24.96 -309.65 -0.69
v -79.46 -317.85 -23.23
v -31.07 -258.73 -18.35
v -23.26 -310.62 -5.76
v -79.46 -317.85 -23.23
v -56.30 -362.66 -6.85
v -58.00 -361.68 -1.77
v -81.16 -316.87 -18.16
v -81.16 -316.87 -18.16
v -58.00 -361.68 -1.77
v -24.96 -309.65 -0.69
v -56.30 -362.66 -6.85
v -79.46 -317.85 -23.23
v -23.26 -310.62 -5.76
v 31.31 539.28 0.83
v 14.82 534.95 -0.09
v 14.26 534.21 13.53
v 30.75 538.53 14.44
v 30.75 538.53 14.44
v 14.26 534.21 13.53
v 12.19 504.38 11.81
v 14.82 534.95 -0.09
v 31.31 539.28 0.83
v 12.75 505.13 -1.81
v 14.82 534.95 -0.09
v -16.63 531.45 -1.57
v -17.19 530.71 12.05
v 14.26 534.21 13.53
v 14.26 534.21 13.53
v -17.19 530.71 12.05
v 12.19 504.38 11.81
v -16.63 531.45 -1.57
v 14.82 534.95 -0.09
v 12.75 505.13 -1.81
v -16.63 531.45 -1.57
v -31.32 509.45 -3.38
v -31.88 508.70 10.24
v -17.19 530.71 12.05
v -17.19 530.71 12.05
v -31.88 508.70 10.24
v 12.19 504.38 11.81
v -31.32 509.45 -3.38
v -16.63 531.45 -1.57
v 12.75 505.13 -1.81
v -31.32 509.45 -3.38
v -18.28 480.83 -4.42
v -18.84 480.09 9.20
v -31.88 508.70 10.24
v -31.88 508.70 10.24
v -18.84 480.09 9.20
v 12.19 504.38 11.81
v -18.28 480.83 -4.42
v -31.32 509.45 -3.38
v 12.75 505.13 -1.81
v -18.28 480.83 -4.42
v -1.91 462.29 -4.76
v -2.47 461.55 8.86
v -18.84 480.09 9.20
v -18.84 480.09 9.20
v -2.47 461.55 8.86
v 12.19 504.38 11.81
v -1.91 462.29 -4.76
v -18.28 480.83 -4.42
v 12.75 505.13 -1.81
v -1.91 462.29 -4.76
v 26.52 473.12 -3.00
v 25.96 472.37 10.62
v -2.47 461.55 8.86
v -2.47 461.55 8.86
v 25.96 472.37 10.62
v 12.19 504.38 11.81
v 26.52 473.12 -3.00
v -1.91 462.29 -4.76
v 12.75 505.13 -1.81
v 26.52 473.12 -3.00
v 48.25 479.95 -1.73
v 47.70 479.20 11.88
v 25.96 472.37 10.62
v 25.96 472.37 10.62
v 47.70 479.20 11.88
v 12.19 504.38 11.81
v 48.25 479.95 -1.73
v 26.52 473.12 -3.00
v 12.75 505.13 -1.81
v 48.25 479.95 -1.73
v 48.93 513.00 0.11
v 48.37 512.25 13.73
v 47.70 479.20 11.88
v 47.70 479.20 11.88
v 48.37 512.25 13.73
v 12.19 504.38 11.81
v 48.93 513.00 0.11
v 48.25 479.95 -1.73
v 12.75 505.13 -1.81
v 48.93 513.00 0.11
v 31.31 539.28 0.83
v 30.75 538.53 14.44
v 48.37 512.25 13.73
v 48.37 512.25 13.73
v 30.75 538.53 14.44
v 12.19 504.38 11.81
v 31.31 539.28 0.83
v 48.93 513.00 0.11
v 12.75 505.13 -1.81
v 457.98 -31.18 -0.62
v 440.68 -35.20 -10.66
v 436.53 -35.18 -3.51
v 453.83 -31.16 6.52
v 453.83 -31.16 6.52
v 436.53 -35.18 -3.51
v 448.82 -56.99 3.68
v 440.68 -35.20 -10.66
v 457.98 -31.18 -0.62
v 452.97 -57.00 -3.47
v 440.68 -35.20 -10.66
v 426.44 -61.59 -18.86
v 422.29 -61.57 -11.72
v 436.53 -35.18 -3.51
v 436.53 -35.18 -3.51
v 422.29 -61.57 -11.72
v 448.82 -56.99 3.68
v 426.44 -61.59 -18.86
v 440.68 -35.20 -10.66
v 452.97 -57.00 -3.47
v 426.44 -61.59 -18.86
v 432.61 -74.88 -15.25
v 428.46 -74.86 -8.10
v 422.29 -61.57 -11.72
v 422.29 -61.57 -11.72
v 428.46 -74.86 -8.10
v 448.82 -56.99 3.68
v 432.61 -74.88 -15.25
v 426.44 -61.59 -18.86
v 452.97 -57.00 -3.47
v 432.61 -74.88 -15.25
v 453.21 -83.51 -3.26
v 449.06 -83.49 3.89
v 428.46 -74.86 -8.10
v 428.46 -74.86 -8.10
v 449.06 -83.49 3.89
v 448.82 -56.99 3.68
v 453.21 -83.51 -3.26
v 432.61 -74.88 -15.25
v 452.97 -57.00 -3.47
v 453.21 -83.51 -3.26
v 464.88 -93.94 3.54
v 460.73 -93.93 10.69
v 449.06 -83.49 3.89
v 449.06 -83.49 3.89
v 460.73 -93.93 10.69
v 448.82 -56.99 3.68
v 464.88 -93.94 3.54
v 453.21 -83.51 -3.26
v 452.97 -57.00 -3.47
v 464.88 -93.94 3.54
v 471.84 -61.63 7.50
v 467.69 -61.61 14.65
v 460.73 -93.93 10.69
v 460.73 -93.93 10.69
v 467.69 -61.61 14.65
v 448.82 -56.99 3.68
v 471.84 -61.63 7.50
v 464.88 -93.94 3.54
v 452.97 -57.00 -3.47
v 471.84 -61.63 7.50
v 471.61 -28.70 7.28
v 467.46 -28.68 14.43
v 467.69 -61.61 14.65
v 467.69 -61.61 14.65
v 467.46 -28.68 14.43
v 448.82 -56.99 3.68
v 471.61 -28.70 7.28
v 471.84 -61.63 7.50
v 452.97 -57.00 -3.47
v 471.61 -28.70 7.28
v 457.98 -31.18 -0.62
v 453.83 -31.16 6.52
v 467.46 -28.68 14.43
v 467.46 -28.68 14.43
v 453.83 -31.16 6.52
v 448.82 -56.99 3.68
v 457.98 -31.18 -0.62
v 471.61 -28.70 7.28
v 452.97 -57.00 -3.47
v -357.13 95.54 -4.06
v -372.01 133.58 -13.34
v -368.78 137.86 -0.99
v -353.89 99.82 8.29
v -353.89 99.82 8.29
v -368.78 137.86 -0.99
v -410.35 121.32 15.63
v -372.01 133.58 -13.34
v -357.13 95.54 -4.06
v -413.58 117.04 3.28
v -372.01 133.58 -13.34
v -434.42 157.59 -5.31
v -431.19 161.87 7.04
v -368.78 137.86 -0.99
v -368.78 137.86 -0.99
v -431.19 161.87 7.04
v -410.35 121.32 15.63
v -434.42 157.59 -5.31
v -372.01 133.58 -13.34
v -413.58 117.04 3.28
v -434.42 157.59 -5.31
v -475.07 126.00 16.29
v -471.84 130.28 28.64
v -431.19 161.87 7.04
v -431.19 161.87 7.04
v -471.84 130.28 28.64
v -410.35 121.32 15.63
v -475.07 126.00 16.29
v -434.42 157.59 -5.31
v -413.58 117.04 3.28
v -475.07 126.00 16.29
v -452.87 96.11 20.83
v -449.63 100.39 33.17
v -471.84 130.28 28.64
v -471.84 130.28 28.64
v -449.63 100.39 33.17
v -410.35 121.32 15.63
v -452.87 96.11 20.83
v -475.07 126.00 16.29
v -413.58 117.04 3.28
v -452.87 96.11 20.83
v -389.57 78.92 10.20
v -386.34 83.20 22.55
v -449.63 100.39 33.17
v -449.63 100.39 33.17
v -386.34 83.20 22.55
v -410.35 121.32 15.63
v -389.57 78.92 10.20
v -452.87 96.11 20.83
v -413.58 117.04 3.28
v -389.57 78.92 10.20
v -357.13 95.54 -4.06
v -353.89 99.82 8.29
v -386.34 83.20 22.55
v -386.34 83.20 22.55
v -353.89 99.82 8.29
v -410.35 121.32 15.63
v -357.13 95.54 -4.06
v -389.57 78.92 10.20
v -413.58 117.04 3.28
v -179.20 -370.81 -9.77
v -169.19 -396.06 -6.45
v -170.02 -394.85 5.24
v -180.02 -369.60 1.92
v -180.02 -369.60 1.92
v -170.02 -394.85 5.24
v -149.46 -369.28 4.04
v -169.19 -396.06 -6.45
v -179.20 -370.81 -9.77
v -148.64 -370.49 -7.65
v -169.19 -396.06 -6.45
v -145.79 -392.92 -5.14
v -146.62 -391.71 6.56
v -170.02 -394.85 5.24
v -170.02 -394.85 5.24
v -146.62 -391.71 6.56
v -149.46 -369.28 4.04
v -145.79 -392.92 -5.14
v -169.19 -396.06 -6.45
v -148.64 -370.49 -7.65
v -145.79 -392.92 -5.14
v -128.42 -380.87 -5.16
v -129.24 -379.66 6.53
v -146.62 -391.71 6.56
v -146.62 -391.71 6.56
v -129.24 -379.66 6.53
v -149.46 -369.28 4.04
v -128.42 -380.87 -5.16
v -145.79 -392.92 -5.14
v -148.64 -370.49 -7.65
v -128.42 -380.87 -5.16
v -113.14 -355.63 -6.70
v -113.97 -354.42 4.99
v -129.24 -379.66 6.53
v -129.24 -379.66 6.53
v -113.97 -354.42 4.99
v -149.46 -369.28 4.04
v -113.14 -355.63 -6.70
v -128.42 -380.87 -5.16
v -148.64 -370.49 -7.65
v -113.14 -355.63 -6.70
v -141.80 -342.85 -10.03
v -142.62 -341.64 1.66
v -113.97 -354.42 4.99
v -113.97 -354.42 4.99
v -142.62 -341.64 1.66
v -149.46 -369.28 4.04
v -141.80 -342.85 -10.03
v -113.14 -355.63 -6.70
v -148.64 -370.49 -7.65
v -141.80 -342.85 -10.03
v -163.86 -354.22 -10.41
v -164.68 -353.01 1.29
v -142.62 -341.64 1.66
v -142.62 -341.64 1.66
v -164.68 -353.01 1.29
v -149.46 -369.28 4.04
v -163.86 -354.22 -10.41
v -141.80 -342.85 -10.03
v -148.64 -370.49 -7.65
v -163.86 -354.22 -10.41
v -179.20 -370.81 -9.77
v -180.02 -369.60 1.92
v -164.68 -353.01 1.29
v -164.68 -353.01 1.29
v -180.02 -369.60 1.92
v -149.46 -369.28 4.04
v -179.20 -370.81 -9.77
v -163.86 -354.22 -10.41
v -148.64 -370.49 -7.65
v -111.89 325.83 14.23
v -94.52 321.78 1.84
v -91.21 320.12 7.03
v -108.57 324.17 19.42
v -108.57 324.17 19.42
v -91.21 320.12 7.03
v -80.25 339.47 6.23
v -94.52 321.78 1.84
v -111.89 325.83 14.23
v -83.57 341.14 1.05
v -94.52 321.78 1.84
v -79.18 328.87 -5.68
v -75.87 327.21 -0.50
v -91.21 320.12 7.03
v -91.21 320.12 7.03
v -75.87 327.21 -0.50
v -80.25 339.47 6.23
v -79.18 328.87 -5.68
v -94.52 321.78 1.84
v -83.57 341.14 1.05
v -79.18 328.87 -5.68
v -70.11 336.13 -9.15
v -66.79 334.47 -3.96
v -75.87 327.21 -0.50
v -75.87 327.21 -0.50
v -66.79 334.47 -3.96
v -80.25 339.47 6.23
v -70.11 336.13 -9.15
v -79.18 328.87 -5.68
v -83.57 341.14 1.05
v -70.11 336.13 -9.15
v -60.30 353.86 -9.74
v -56.98 352.20 -4.55
v -66.79 334.47 -3.96
v -66.79 334.47 -3.96
v -56.98 352.20 -4.55
v -80.25 339.47 6.23
v -60.30 353.86 -9.74
v -70.11 336.13 -9.15
v -83.57 341.14 1.05
v -60.30 353.86 -9.74
v -55.70 365.78 -8.86
v -52.39 364.12 -3.67
v -56.98 352.20 -4.55
v -56.98 352.20 -4.55
v -52.39 364.12 -3.67
v -80.25 339.47 6.23
v -55.70 365.78 -8.86
v -60.30 353.86 -9.74
v -83.57 341.14 1.05
v -55.70 365.78 -8.86
v -77.22 364.99 4.63
v -73.91 363.33 9.82
v -52.39 364.12 -3.67
v -52.39 364.12 -3.67
v -73.91 363.33 9.82
v -80.25 339.47 6.23
v -77.22 364.99 4.63
v -55.70 365.78 -8.86
v -83.57 341.14 1.05
v -77.22 364.99 4.63
v -98.37 353.85 14.57
v -95.05 352.19 19.76
v -73.91 363.33 9.82
v -73.91 363.33 9.82
v -95.05 352.19 19.76
v -80.25 339.47 6.23
v -98.37 353.85 14.57
v -77.22 364.99 4.63
v -83.57 341.14 1.05
v -98.37 353.85 14.57
v -113.50 334.49 18.03
v -110.18 332.83 23.22
v -95.05 352.19 19.76
v -95.05 352.19 19.76
v -110.18 332.83 23.22
v -80.25 339.47 6.23
v -113.50 334.49 18.03
v -98.37 353.85 14.57
v -83.57 341.14 1.05
v -113.50 334.49 18.03
v -111.89 325.83 14.23
v -108.57 324.17 19.42
v -110.18 332.83 23.22
v -110.18 332.83 23.22
v -108.57 324.17 19.42
v -80.25 339.47 6.23
v -111.89 325.83 14.23
v -113.50 334.49 18.03
v -83.57 341.14 1.05
v -126.70 320.51 -9.12
v -146.62 299.39 -7.93
v -148.55 301.63 -0.44
v -128.63 322.75 -1.62
v -128.63 322.75 -1.62
v -148.55 301.63 -0.44
v -122.41 291.11 9.45
v -146.62 299.39 -7.93
v -126.70 320.51 -9.12
v -120.47 288.86 1.96
v -146.62 299.39 -7.93
v -139.96 259.91 5.60
v -141.89 262.15 13.09
v -148.55 301.63 -0.44
v -148.55 301.63 -0.44
v -141.89 262.15 13.09
v -122.41 291.11 9.45
v -139.96 259.91 5.60
v -146.62 299.39 -7.93
v -120.47 288.86 1.96
v -139.96 259.91 5.60
v -117.07 254.32 13.18
v -119.00 256.56 20.67
v -141.89 262.15 13.09
v -141.89 262.15 13.09
v -119.00 256.56 20.67
v -122.41 291.11 9.45
v -117.07 254.32 13.18
v -139.96 259.91 5.60
v -120.47 288.86 1.96
v -117.07 254.32 13.18
v -100.00 275.63 11.20
v -101.93 277.88 18.69
v -119.00 256.56 20.67
v -119.00 256.56 20.67
v -101.93 277.88 18.69
v -122.41 291.11 9.45
v -100.00 275.63 11.20
v -117.07 254.32 13.18
v -120.47 288.86 1.96
v -100.00 275.63 11.20
v -94.41 309.16 2.61
v -96.35 311.41 10.10
v -101.93 277.88 18.69
v -101.93 277.88 18.69
v -96.35 311.41 10.10
v -122.41 291.11 9.45
v -94.41 309.16 2.61
v -100.00 275.63 11.20
v -120.47 288.86 1.96
v -94.41 309.16 2.61
v -126.70 320.51 -9.12
v -128.63 322.75 -1.62
v -96.35 311.41 10.10
v -96.35 311.41 10.10
v -128.63 322.75 -1.62
v -122.41 291.11 9.45
v -126.70 320.51 -9.12
v -94.41 309.16 2.61
v -120.47 288.86 1.96
v 474.62 356.50 -27.68
v 461.85 378.95 -29.92
v 466.67 382.78 -19.00
v 479.44 360.34 -16.76
v 479.44 360.34 -16.76
v 466.67 382.78 -19.00
v 440.76 346.99 5.01
v 461.85 378.95 -29.92
v 474.62 356.50 -27.68
v 435.94 343.15 -5.90
v 461.85 378.95 -29.92
v 429.84 386.68 -18.50
v 434.66 390.52 -7.58
v 466.67 382.78 -19.00
v 466.67 382.78 -19.00
v 434.66 390.52 -7.58
v 440.76 346.99 5.01
v 429.84 386.68 -18.50
v 461.85 378.95 -29.92
v 435.94 343.15 -5.90
v 429.84 386.68 -18.50
v 385.90 358.68 10.74
v 390.72 362.52 21.66
v 434.66 390.52 -7.58
v 434.66 390.52 -7.58
v 390.72 362.52 21.66
v 440.76 346.99 5.01
v 385.90 358.68 10.74
v 429.84 386.68 -18.50
v 435.94 343.15 -5.90
v 385.90 358.68 10.74
v 396.76 321.29 19.08
v 401.58 325.12 30.00
v 390.72 362.52 21.66
v 390.72 362.52 21.66
v 401.58 325.12 30.00
v 440.76 346.99 5.01
v 396.76 321.29 19.08
v 385.90 358.68 10.74
v 435.94 343.15 -5.90
v 396.76 321.29 19.08
v 416.92 308.87 14.54
v 421.74 312.70 25.45
v 401.58 325.12 30.00
v 401.58 325.12 30.00
v 421.74 312.70 25.45
v 440.76 346.99 5.01
v 416.92 308.87 14.54
v 396.76 321.29 19.08
v 435.94 343.15 -5.90
v 416.92 308.87 14.54
v 456.55 310.31 -3.48
v 461.37 314.15 7.44
v 421.74 312.70 25.45
v 421.74 312.70 25.45
v 461.37 314.15 7.44
v 440.76 346.99 5.01
v 456.55 310.31 -3.48
v 416.92 308.87 14.54
v 435.94 343.15 -5.90
v 456.55 310.31 -3.48
v 463.64 324.73 -11.67
v 468.46 328.56 -0.75
v 461.37 314.15 7.44
v 461.37 314.15 7.44
v 468.46 328.56 -0.75
v 440.76 346.99 5.01
v 463.64 324.73 -11.67
v 456.55 310.31 -3.48
v 435.94 343.15 -5.90
v 463.64 324.73 -11.67
v 474.62 356.50 -27.68
v 479.44 360.34 -16.76
v 468.46 328.56 -0.75
v 468.46 328.56 -0.75
v 479.44 360.34 -16.76
v 440.76 346.99 5.01
v 474.62 356.50 -27.68
v 463.64 324.73 -11.67
v 435.94 343.15 -5.90
v -330.84 -76.20 20.39
v -298.68 -83.19 11.37
v -295.81 -79.51 18.75
v -327.97 -72.52 27.77
v -327.97 -72.52 27.77
v -295.81 -79.51 18.75
v -301.87 -46.57 4.70
v -298.68 -83.19 11.37
v -330.84 -76.20 20.39
v -304.74 -50.25 -2.68
v -298.68 -83.19 11.37
v -252.78 -72.38 -11.86
v -249.91 -68.70 -4.48
v -295.81 -79.51 18.75
v -295.81 -79.51 18.75
v -249.91 -68.70 -4.48
v -301.87 -46.57 4.70
v -252.78 -72.38 -11.86
v -298.68 -83.19 11.37
v -304.74 -50.25 -2.68
v -252.78 -72.38 -11.86
v -265.95 -36.06 -24.83
v -263.08 -32.39 -17.45
v -249.91 -68.70 -4.48
v -249.91 -68.70 -4.48
v -263.08 -32.39 -17.45
v -301.87 -46.57 4.70
v -265.95 -36.06 -24.83
v -252.78 -72.38 -11.86
v -304.74 -50.25 -2.68
v -265.95 -36.06 -24.83
v -299.28 -8.34 -25.69
v -296.41 -4.66 -18.31
v -263.08 -32.39 -17.45
v -263.08 -32.39 -17.45
v -296.41 -4.66 -18.31
v -301.87 -46.57 4.70
v -299.28 -8.34 -25.69
v -265.95 -36.06 -24.83
v -304.74 -50.25 -2.68
v -299.28 -8.34 -25.69
v -336.60 -16.82 -6.95
v -333.73 -13.15 0.42
v -296.41 -4.66 -18.31
v -296.41 -4.66 -18.31
v -333.73 -13.15 0.42
v -301.87 -46.57 4.70
v -336.60 -16.82 -6.95
v -299.28 -8.34 -25.69
v -304.74 -50.25 -2.68
v -336.60 -16.82 -6.95
v -358.22 -56.27 21.10
v -355.35 -52.59 28.48
v -333.73 -13.15 0.42
v -333.73 -13.15 0.42
v -355.35 -52.59 28.48
v -301.87 -46.57 4.70
v -358.22 -56.27 21.10
v -336.60 -16.82 -6.95
v -304.74 -50.25 -2.68
v -358.22 -56.27 21.10
v -330.84 -76.20 20.39
v -327.97 -72.52 27.77
v -355.35 -52.59 28.48
v -355.35 -52.59 28.48
v -327.97 -72.52 27.77
v -301.87 -46.57 4.70
v -330.84 -76.20 20.39
v -358.22 -56.27 21.10
v -304.74 -50.25 -2.68
v 97.19 302.34 -13.59
v 126.69 310.19 -26.78
v 132.22 305.91 -16.96
v 102.72 298.06 -3.77
v 102.72 298.06 -3.77
v 132.22 305.91 -16.96
v 117.10 342.67 7.55
v 126.69 310.19 -26.78
v 97.19 302.34 -13.59
v 111.57 346.94 -2.27
v 126.69 310.19 -26.78
v 138.81 355.21 -14.01
v 144.34 350.93 -4.19
v 132.22 305.91 -16.96
v 132.22 305.91 -16.96
v 144.34 350.93 -4.19
v 117.10 342.67 7.55
v 138.81 355.21 -14.01
v 126.69 310.19 -26.78
v 111.57 346.94 -2.27
v 138.81 355.21 -14.01
v 127.69 397.05 10.46
v 133.22 392.77 20.28
v 144.34 350.93 -4.19
v 144.34 350.93 -4.19
v 133.22 392.77 20.28
v 117.10 342.67 7.55
v 127.69 397.05 10.46
v 138.81 355.21 -14.01
v 111.57 346.94 -2.27
v 127.69 397.05 10.46
v 107.67 376.67 12.86
v 113.20 372.39 22.68
v 133.22 392.77 20.28
v 133.22 392.77 20.28
v 113.20 372.39 22.68
v 117.10 342.67 7.55
v 107.67 376.67 12.86
v 127.69 397.05 10.46
v 111.57 346.94 -2.27
v 107.67 376.67 12.86
v 69.52 335.56 16.45
v 75.05 331.29 26.27
v 113.20 372.39 22.68
v 113.20 372.39 22.68
v 75.05 331.29 26.27
v 117.10 342.67 7.55
v 69.52 335.56 16.45
v 107.67 376.67 12.86
v 111.57 346.94 -2.27
v 69.52 335.56 16.45
v 97.19 302.34 -13.59
v 102.72 298.06 -3.77
v 75.05 331.29 26.27
v 75.05 331.29 26.27
v 102.72 298.06 -3.77
v 117.10 342.67 7.55
v 97.19 302.34 -13.59
v 69.52 335.56 16.45
v 111.57 346.94 -2.27
v -289.91 143.15 -7.87
v -276.35 151.42 -6.45
v -277.01 151.16 1.28
v -290.57 142.90 -0.14
v -290.57 142.90 -0.14
v -277.01 151.16 1.28
v -285.75 168.92 1.13
v -276.35 151.42 -6.45
v -289.91 143.15 -7.87
v -285.10 169.17 -6.60
v -276.35 151.42 -6.45
v -264.73 166.80 -4.96
v -265.38 166.55 2.77
v -277.01 151.16 1.28
v -277.01 151.16 1.28
v -265.38 166.55 2.77
v -285.75 168.92 1.13
v -264.73 166.80 -4.96
v -276.35 151.42 -6.45
v -285.10 169.17 -6.60
v -264.73 166.80 -4.96
v -266.45 190.41 -4.33
v -267.10 190.16 3.40
v -265.38 166.55 2.77
v -265.38 166.55 2.77
v -267.10 190.16 3.40
v -285.75 168.92 1.13
v -266.45 190.41 -4.33
v -264.73 166.80 -4.96
v -285.10 169.17 -6.60
v -266.45 190.41 -4.33
v -273.87 203.97 -4.50
v -274.52 203.72 3.23
v -267.10 190.16 3.40
v -267.10 190.16 3.40
v -274.52 203.72 3.23
v -285.75 168.92 1.13
v -273.87 203.97 -4.50
v -266.45 190.41 -4.33
v -285.10 169.17 -6.60
v -273.87 203.97 -4.50
v -292.85 183.50 -6.78
v -293.50 183.25 0.95
v -274.52 203.72 3.23
v -274.52 203.72 3.23
v -293.50 183.25 0.95
v -285.75 168.92 1.13
v -292.85 183.50 -6.78
v -273.87 203.97 -4.50
v -285.10 169.17 -6.60
v -292.85 183.50 -6.78
v -299.48 177.51 -7.54
v -300.13 177.26 0.19
v -293.50 183.25 0.95
v -293.50 183.25 0.95
v -300.13 177.26 0.19
v -285.75 168.92 1.13
v -299.48 177.51 -7.54
v -292.85 183.50 -6.78
v -285.10 169.17 -6.60
v -299.48 177.51 -7.54
v -300.07 160.26 -8.16
v -300.73 160.00 -0.43
v -300.13 177.26 0.19
v -300.13 177.26 0.19
v -300.73 160.00 -0.43
v -285.75 168.92 1.13
v -300.07 160.26 -8.16
v -299.48 177.51 -7.54
v -285.10 169.17 -6.60
v -300.07 160.26 -8.16
v -289.91 143.15 -7.87
v -290.57 142.90 -0.14
v -300.73 160.00 -0.43
v -300.73 160.00 -0.43
v -290.57 142.90 -0.14
v -285.75 168.92 1.13
v -289.91 143.15 -7.87
v -300.07 160.26 -8.16
v -285.10 169.17 -6.60
vt 0.0000 0.0000
vt 0.1646 0.0000
vt 0.1536 0.2169
vt 0.0078 0.1847
vt 0.0000 0.0000
vt 0.1934 0.0000
vt 0.1837 0.1581
vt 0.0440 0.1613
vt 0.0000 0.0000
vt 0.1849 0.0000
vt 0.1520 0.1290
vt -0.0392 0.1570
vt 0.0000 0.0000
vt 0.1350 0.0000
vt 0.2046 0.1522
vt 0.0300 0.2171
vt 0.0000 0.0000
vt 0.1618 -0.0000
vt 0.1039 0.1538
vt -0.0273 0.1623
vt 0.0000 0.0000
vt 0.1521 0.0000
vt 0.1643 0.1862
vt -0.0113 0.1329
vt 0.0000 0.0000
vt 0.4884 0.0000
vt 0.4435 0.3725
vt 0.0243 0.4639
vt 0.0000 0.0000
vt 0.5720 0.0000
vt 0.3839 0.4445
vt 0.0139 0.3931
vt 0.0000 0.0000
vt 0.4645 -0.0000
vt 0.4128 0.4443
vt -0.1371 0.4068
vt 0.0000 0.0000
vt 0.4025 -0.0000
vt 0.4888 0.3727
vt -0.0183 0.3763
vt 0.0000 0.0000
vt 0.4293 0.0000
vt 0.5044 0.3767
vt 0.1228 0.4727
vt 0.0000 0.0000
vt 0.4304 0.0000
vt 0.5148 0.5007
vt 0.0253 0.4721
vt 0.0000 0.0000
vt 0.1379 0.0000
vt 0.1567 0.1002
vt 0.0099 0.1271
vt 0.0000 0.0000
vt 0.1024 0.0000
vt 0.1025 0.1155
vt -0.0169 0.1263
vt 0.0000 0.0000
vt 0.1274 0.0000
vt 0.1217 0.0805
vt 0.0197 0.0712
vt 0.0000 0.0000
vt 0.0828 0.0000
vt 0.0389 0.1157
vt -0.0319 0.0985
vt 0.0000 0.0000
vt 0.0739 -0.0000
vt 0.1225 0.1126
vt 0.0489 0.1290
vt 0.0000 0.0000
vt 0.1503 0.0000
vt 0.1390 0.0728
vt 0.0191 0.0784
vt 0.0000 0.0000
vt 0.2727 0.0000
vt 0.2638 0.1971
vt 0.0073 0.2149
vt 0.0000 0.0000
vt 0.1840 0.0000
vt 0.1524 0.2537
vt -0.0424 0.2842
vt 0.0000 0.0000
vt 0.2150 0.0000
vt 0.2258 0.1597
vt 0.0432 0.1473
vt 0.0000 0.0000
vt 0.1538 0.0000
vt 0.2196 0.1826
vt 0.0929 0.1846
vt 0.0000 0.0000
vt 0.1535 0.0000
vt 0.0939 0.2803
vt -0.0578 0.2665
vt 0.0000 0.0000
vt 0.2643 -0.0000
vt 0.2359 0.1300
vt -0.0189 0.1601
vt 0.0000 0.0000
vt 0.2117 -0.0000
vt 0.2343 0.2146
vt 0.0009 0.2414
vt 0.0000 0.0000
vt 0.2356 0.0000
vt 0.2325 0.2399
vt 0.0232 0.2542
vt 0.0000 0.0000
vt 0.2414 0.0000
vt 0.2344 0.1112
vt 0.0040 0.1308
vt 0.0000 0.0000
vt 0.1331 -0.0000
vt 0.1498 0.2186
vt 0.0188 0.2248
vt 0.0000 0.0000
vt 0.1308 0.0000
vt 0.0424 0.2374
vt -0.0800 0.1960
vt 0.0000 0.0000
vt 0.2439 0.0000
vt 0.2799 0.1235
vt 0.0331 0.1157
vt 0.0000 0.0000
vt 0.1594 -0.0000
vt 0.1525 0.1791
vt 0.0138 0.1714
vt 0.0000 0.0000
vt 0.2410 0.0000
vt 0.2237 0.1705
vt -0.0186 0.1191
vt 0.0000 0.0000
vt 0.1719 -0.0000
vt 0.2152 0.1591
vt -0.0200 0.1716
vt 0.0000 0.0000
vt 0.1346 -0.0000
vt 0.0737 0.2390
vt -0.0507 0.1726
vt 0.0000 0.0000
vt 0.1728 0.0000
vt 0.1770 0.1203
vt 0.0465 0.1525
vt 0.0000 0.0000
vt 0.1398 0.0000
vt 0.1548 0.1420
vt -0.0139 0.1721
vt 0.0000 0.0000
vt 0.2746 0.0000
vt 0.2658 0.2696
vt -0.0034 0.2901
vt 0.0000 0.0000
vt 0.1839 0.0000
vt 0.2280 0.2222
vt -0.0119 0.2437
vt 0.0000 0.0000
vt 0.2901 0.0000
vt 0.1988 0.2394
vt 0.0192 0.2007
vt 0.0000 0.0000
vt 0.2203 0.0000
vt 0.2441 0.2418
vt 0.0451 0.2683
vt 0.0000 0.0000
vt 0.2016 0.0000
vt 0.2548 0.2377
vt 0.0376 0.2721
vt 0.0000 0.0000
vt 0.2722 0.0000
vt 0.2816 0.1944
vt 0.0646 0.2480
vt 0.0000 0.0000
vt 0.3388 0.0000
vt 0.3309 0.2380
vt 0.0065 0.2216
vt 0.0000 0.0000
vt 0.2742 0.0000
vt 0.2793 0.2942
vt 0.0406 0.3663
vt 0.0000 0.0000
vt 0.2217 -0.0000
vt 0.2660 0.1717
vt -0.0047 0.1611
vt 0.0000 0.0000
vt 0.1258 -0.0000
vt 0.0650 0.2416
vt -0.0473 0.2337
vt 0.0000 0.0000
vt 0.1612 0.0000
vt 0.1117 0.3642
vt -0.0087 0.3387
vt 0.0000 0.0000
vt 0.3250 0.0000
vt 0.3299 0.1045
vt 0.0476 0.1760
vt 0.0000 0.0000
vt 0.2613 -0.0000
vt 0.2730 0.1832
vt -0.0048 0.2234
vt 0.0000 0.0000
vt 0.3120 0.0000
vt 0.3297 0.2976
vt 0.0538 0.3352
vt 0.0000 0.0000
vt 0.2235 -0.0000
vt 0.1773 0.2224
vt -0.0950 0.1486
vt 0.0000 0.0000
vt 0.2290 0.0000
vt 0.1961 0.2746
vt 0.0189 0.2309
vt 0.0000 0.0000
vt 0.1764 0.0000
vt 0.0420 0.3085
vt -0.1585 0.2077
vt 0.0000 0.0000
vt 0.3143 -0.0000
vt 0.3422 0.1822
vt 0.0544 0.2576
vt 0.0000 0.0000
vt 0.1703 0.0000
vt 0.1666 0.2068
vt 0.0241 0.1947
vt 0.0000 0.0000
vt 0.2132 -0.0000
vt 0.2430 0.1427
vt 0.0827 0.2113
vt 0.0000 0.0000
vt 0.1962 0.0000
vt 0.1711 0.1554
vt -0.0405 0.1362
vt 0.0000 0.0000
vt 0.1367 0.0000
vt 0.1664 0.1688
vt 0.0295 0.2063
vt 0.0000 0.0000
vt 0.1421 0.0000
vt 0.0907 0.2175
vt -0.0303 0.1676
vt 0.0000 0.0000
vt 0.1452 0.0000
vt 0.1619 0.1448
vt 0.0167 0.1576
vt 0.0000 0.0000
vt 0.3656 0.0000
vt 0.3346 0.2611
vt -0.0116 0.2608
vt 0.0000 0.0000
vt 0.2968 0.0000
vt 0.2799 0.3221
vt -0.0490 0.3607
vt 0.0000 0.0000
vt 0.2611 0.0000
vt 0.2811 0.1794
vt -0.0095 0.1193
vt 0.0000 0.0000
vt 0.1720 0.0000
vt 0.1167 0.3278
vt -0.0626 0.2554
vt 0.0000 0.0000
vt 0.1197 0.0000
vt 0.1625 0.3601
vt -0.0065 0.3656
vt 0.0000 0.0000
vt 0.3463 0.0000
vt 0.3166 0.1915
vt -0.0073 0.1804
vt 0.0000 0.0000
vt 0.2754 -0.0000
vt 0.3401 0.2023
vt 0.0652 0.2973
vt 0.0000 0.0000
vt 0.3060 0.0000
vt 0.3446 0.2150
vt 0.0572 0.2870
vt 0.0000 0.0000
vt 0.3044 0.0000
vt 0.3233 0.1041
vt 0.0203 0.1404
vt 0.0000 0.0000
vt 0.1774 0.0000
vt 0.1639 0.2881
vt -0.0294 0.2116
vt 0.0000 0.0000
vt 0.1419 0.0000
vt 0.1315 0.2904
vt -0.0415 0.2723
vt 0.0000 0.0000
vt 0.2918 0.0000
vt 0.1920 0.1940
vt -0.0084 0.1078
vt 0.0000 0.0000
vt 0.2790 0.0000
vt 0.2114 0.2757
vt -0.0008 0.2633
vt 0.0000 0.0000
vt 0.2170 -0.0000
vt 0.2430 0.2107
vt 0.0047 0.2896
vt 0.0000 0.0000
vt 0.2633 0.0000
vt 0.2141 0.1785
vt 0.0090 0.1218
vt 0.0000 0.0000
vt 0.1636 0.0000
vt 0.1924 0.2494
vt 0.0334 0.2928
vt 0.0000 0.0000
vt 0.1221 0.0000
vt 0.0793 0.2830
vt -0.0774 0.2681
vt 0.0000 0.0000
vt 0.2267 0.0000
vt 0.2617 0.1583
vt 0.0528 0.1824
vt 0.0000 0.0000
vt 0.1010 0.0000
vt 0.1138 0.1451
vt -0.0383 0.0744
vt 0.0000 0.0000
vt 0.1445 -0.0000
vt 0.1298 0.1449
vt 0.0269 0.1780
vt 0.0000 0.0000
vt 0.0837 0.0000
vt 0.1157 0.1311
vt -0.0046 0.1127
vt 0.0000 0.0000
vt 0.1351 -0.0000
vt 0.1434 0.1018
vt 0.0507 0.1494
vt 0.0000 0.0000
vt 0.1128 0.0000
vt 0.0638 0.1710
vt -0.0420 0.0918
vt 0.0000 0.0000
vt 0.1784 0.0000
vt 0.1737 0.0905
vt 0.0544 0.1461
vt 0.0000 0.0000
vt 0.3493 0.0000
vt 0.3597 0.2941
vt 0.0842 0.2385
vt 0.0000 0.0000
vt 0.2476 0.0000
vt 0.2511 0.3907
vt -0.1206 0.3220
vt 0.0000 0.0000
vt 0.2530 0.0000
vt 0.2208 0.2659
vt -0.0087 0.1999
vt 0.0000 0.0000
vt 0.3261 0.0000
vt 0.1312 0.3371
vt -0.0793 0.2875
vt 0.0000 0.0000
vt 0.2001 0.0000
vt 0.2012 0.3121
vt -0.0901 0.3375
vt 0.0000 0.0000
vt 0.2853 0.0000
vt 0.3098 0.2112
vt -0.0869 0.2617
vt 0.0000 0.0000
vt 0.4251 -0.0000
vt 0.3396 0.5779
vt -0.0991 0.4787
vt 0.0000 0.0000
vt 0.4174 0.0000
vt 0.3866 0.2518
vt -0.0346 0.3531
vt 0.0000 0.0000
vt 0.4888 0.0000
vt 0.4982 0.3112
vt 0.0808 0.3049
vt 0.0000 0.0000
vt 0.4457 0.0000
vt 0.5750 0.3945
vt 0.1426 0.5671
vt 0.0000 0.0000
vt 0.3154 0.0000
vt 0.5074 0.2981
vt 0.0783 0.4178
vt 0.0000 0.0000
vt 0.4506 -0.0000
vt 0.2703 0.4465
vt 0.0599 0.3055
vt 0.0000 0.0000
vt 0.0943 0.0000
vt 0.1060 0.0967
vt 0.0115 0.1215
vt 0.0000 0.0000
vt 0.0789 0.0000
vt 0.1031 0.1217
vt 0.0207 0.1222
vt 0.0000 0.0000
vt 0.1220 0.0000
vt 0.0947 0.0765
vt 0.0177 0.0858
vt 0.0000 0.0000
vt 0.0811 0.0000
vt 0.0742 0.0818
vt -0.0279 0.0994
vt 0.0000 0.0000
vt 0.0876 0.0000
vt 0.0625 0.1205
vt -0.0125 0.0934
vt 0.0000 0.0000
vt 0.1035 0.0000
vt 0.1004 0.1007
vt -0.0193 0.0802
vt 0.0000 0.0000
vt 0.1191 0.0000
vt 0.0884 0.1490
vt 0.0115 0.1492
vt 0.0000 0.0000
vt 0.1300 0.0000
vt 0.1220 0.0804
vt -0.0364 0.0705
vt 0.0000 0.0000
vt 0.1496 0.0000
vt 0.1155 0.1163
vt -0.0079 0.1145
vt 0.0000 0.0000
vt 0.1783 -0.0000
vt 0.1390 0.1566
vt 0.0088 0.1532
vt 0.0000 0.0000
vt 0.1147 -0.0000
vt 0.1497 0.0690
vt -0.0210 0.1173
vt 0.0000 0.0000
vt 0.0795 0.0000
vt 0.0511 0.1263
vt -0.0338 0.1235
vt 0.0000 0.0000
vt 0.1268 0.0000
vt 0.1365 0.1286
vt 0.0285 0.1500
vt 0.0000 0.0000
vt 0.1540 0.0000
vt 0.1334 0.1230
vt -0.0004 0.1095
vt 0.0000 0.0000
vt 0.1527 0.0000
vt 0.1316 0.0779
vt -0.0169 0.0690
vt 0.0000 0.0000
vt 0.0886 0.0000
vt 0.0535 0.1326
vt -0.0178 0.1282
vt 0.0000 0.0000
vt 0.0711 0.0000
vt 0.1178 0.0988
vt 0.0328 0.1225
vt 0.0000 0.0000
vt 0.1107 0.0000
vt 0.1215 0.0704
vt -0.0045 0.0899
vt 0.0000 0.0000
vt 0.5282 0.0000
vt 0.5238 0.3997
vt 0.0771 0.3810
vt 0.0000 0.0000
vt 0.3629 0.0000
vt 0.4255 0.4629
vt 0.0102 0.4462
vt 0.0000 0.0000
vt 0.3887 -0.0000
vt 0.3564 0.2636
vt 0.0182 0.1400
vt 0.0000 0.0000
vt 0.1850 0.0000
vt 0.1414 0.4194
vt -0.0266 0.4009
vt 0.0000 0.0000
vt 0.1412 0.0000
vt 0.2183 0.4370
vt 0.0627 0.5245
vt 0.0000 0.0000
vt 0.4489 0.0000
vt 0.4668 0.1817
vt -0.0026 0.2694
vt 0.0000 0.0000
vt 0.5729 -0.0000
vt 0.6772 0.5124
vt 0.0766 0.6103
vt 0.0000 0.0000
vt 0.5490 0.0000
vt 0.6645 0.5931
vt 0.0464 0.5770
vt 0.0000 0.0000
vt 0.6151 -0.0000
vt 0.5521 0.3008
vt 0.0056 0.3423
vt 0.0000 0.0000
vt 0.3327 -0.0000
vt 0.2475 0.6175
vt -0.0793 0.5174
vt 0.0000 0.0000
vt 0.3423 -0.0000
vt 0.2314 0.5641
vt -0.0943 0.5651
vt 0.0000 0.0000
vt 0.6091 0.0000
vt 0.5971 0.3258
vt -0.0034 0.3091
vt 0.0000 0.0000
vt 0.2425 -0.0000
vt 0.2779 0.1710
vt 0.0069 0.2273
vt 0.0000 0.0000
vt 0.1918 -0.0000
vt 0.1582 0.2591
vt -0.0759 0.2525
vt 0.0000 0.0000
vt 0.2274 0.0000
vt 0.2040 0.1196
vt 0.0131 0.1307
vt 0.0000 0.0000
vt 0.1394 0.0000
vt 0.0583 0.2163
vt -0.0162 0.1791
vt 0.0000 0.0000
vt 0.1314 0.0000
vt 0.1311 0.2563
vt 0.0070 0.2424
vt 0.0000 0.0000
vt 0.2801 0.0000
vt 0.2681 0.0882
vt 0.0100 0.1225
vt 0.0000 0.0000
vt 0.1837 -0.0000
vt 0.2670 0.2842
vt 0.0045 0.3087
vt 0.0000 0.0000
vt 0.3509 0.0000
vt 0.3846 0.2388
vt -0.0195 0.2421
vt 0.0000 0.0000
vt 0.3088 -0.0000
vt 0.3650 0.2430
vt 0.0147 0.2578
vt 0.0000 0.0000
vt 0.2829 0.0000
vt 0.2985 0.3948
vt 0.0018 0.2967
vt 0.0000 0.0000
vt 0.2582 0.0000
vt 0.2381 0.2396
vt -0.0363 0.1801
vt 0.0000 0.0000
vt 0.2643 0.0000
vt 0.2105 0.3226
vt -0.0237 0.2486
vt 0.0000 0.0000
vt 0.1190 -0.0000
vt 0.1104 0.1850
vt -0.0148 0.1513
vt 0.0000 0.0000
vt 0.1468 -0.0000
vt 0.1251 0.1554
vt -0.0158 0.1358
vt 0.0000 0.0000
vt 0.1520 -0.0000
vt 0.1445 0.1221
vt 0.0020 0.1115
vt 0.0000 0.0000
vt 0.1360 0.0000
vt 0.1416 0.1461
vt 0.0502 0.1787
vt 0.0000 0.0000
vt 0.1116 -0.0000
vt 0.1266 0.1332
vt -0.0060 0.1188
vt 0.0000 0.0000
vt 0.1302 0.0000
vt 0.1301 0.0974
vt -0.0284 0.1236
vt 0.0000 0.0000
vt 0.3127 -0.0000
vt 0.2102 0.2736
vt -0.0259 0.2292
vt 0.0000 0.0000
vt 0.2722 -0.0000
vt 0.2369 0.2659
vt -0.0348 0.2868
vt 0.0000 0.0000
vt 0.2307 -0.0000
vt 0.2535 0.1425
vt -0.0147 0.1853
vt 0.0000 0.0000
vt 0.1448 0.0000
vt 0.1688 0.2754
vt 0.0089 0.2921
vt 0.0000 0.0000
vt 0.1859 0.0000
vt 0.1623 0.2878
vt 0.0198 0.3121
vt 0.0000 0.0000
vt 0.2403 0.0000
vt 0.2647 0.1598
vt -0.0077 0.1452
vt 0.0000 0.0000
vt 0.0938 -0.0000
vt 0.0592 0.1024
vt -0.0173 0.0902
vt 0.0000 0.0000
vt 0.0920 -0.0000
vt 0.1048 0.0830
vt 0.0025 0.0785
vt 0.0000 0.0000
vt 0.0918 0.0000
vt 0.0931 0.0851
vt 0.0035 0.1041
vt 0.0000 0.0000
vt 0.0974 -0.0000
vt 0.0846 0.0991
vt -0.0007 0.1097
vt 0.0000 0.0000
vt 0.1041 -0.0000
vt 0.1139 0.0771
vt 0.0183 0.0920
vt 0.0000 0.0000
vt 0.0798 -0.0000
vt 0.0904 0.0885
vt 0.0063 0.0854
vt 0.0000 0.0000
vt 0.1701 0.0000
vt 0.1486 0.1227
vt -0.0073 0.1306
vt 0.0000 0.0000
vt 0.1302 0.0000
vt 0.1362 0.1351
vt 0.0121 0.1692
vt 0.0000 0.0000
vt 0.1309 0.0000
vt 0.1153 0.0742
vt -0.0122 0.0960
vt 0.0000 0.0000
vt 0.0764 0.0000
vt 0.0740 0.1357
vt -0.0052 0.1264
vt 0.0000 0.0000
vt 0.0968 0.0000
vt 0.0532 0.1637
vt -0.0225 0.1686
vt 0.0000 0.0000
vt 0.1577 0.0000
vt 0.1590 0.0798
vt 0.0171 0.0755
vt 0.0000 0.0000
vt 0.1763 -0.0000
vt 0.1888 0.2100
vt -0.0048 0.1879
vt 0.0000 0.0000
vt 0.2533 0.0000
vt 0.1814 0.2046
vt -0.0051 0.1578
vt 0.0000 0.0000
vt 0.1879 0.0000
vt 0.2183 0.1255
vt -0.0289 0.0946
vt 0.0000 0.0000
vt 0.1077 0.0000
vt 0.1196 0.1921
vt 0.0316 0.2120
vt 0.0000 0.0000
vt 0.0989 0.0000
vt 0.1139 0.1548
vt 0.0119 0.1759
vt 0.0000 0.0000
vt 0.1991 0.0000
vt 0.1975 0.0802
vt -0.0079 0.1369
vt 0.0000 0.0000
vt 0.1489 -0.0000
vt 0.2569 0.1455
vt 0.0691 0.1982
vt 0.0000 0.0000
vt 0.1689 -0.0000
vt 0.2037 0.1680
vt -0.0051 0.1898
vt 0.0000 0.0000
vt 0.2099 -0.0000
vt 0.1903 0.1776
vt 0.0218 0.1888
vt 0.0000 0.0000
vt 0.1730 0.0000
vt 0.1636 0.1990
vt -0.0025 0.1819
vt 0.0000 0.0000
vt 0.1900 0.0000
vt 0.1622 0.1769
vt 0.0036 0.1488
vt 0.0000 0.0000
vt 0.1957 -0.0000
vt 0.1848 0.1834
vt 0.0090 0.1784
vt 0.0000 0.0000
vt 0.2870 -0.0000
vt 0.2731 0.2695
vt -0.0184 0.2783
vt 0.0000 0.0000
vt 0.2298 -0.0000
vt 0.2498 0.2541
vt -0.0020 0.3213
vt 0.0000 0.0000
vt 0.2789 0.0000
vt 0.2786 0.0857
vt 0.0623 0.1594
vt 0.0000 0.0000
vt 0.1633 0.0000
vt 0.1686 0.2606
vt 0.0291 0.2698
vt 0.0000 0.0000
vt 0.1712 -0.0000
vt 0.1309 0.3179
vt -0.0273 0.2857
vt 0.0000 0.0000
vt 0.2930 -0.0000
vt 0.2612 0.1390
vt 0.0096 0.0887
vt 0.0000 0.0000
vt 0.7457 0.0000
vt 0.7354 0.4769
vt 0.1802 0.5206
vt 0.0000 0.0000
vt 0.6188 -0.0000
vt 0.6723 0.5835
vt 0.1761 0.7566
vt 0.0000 0.0000
vt 0.5509 0.0000
vt 0.6437 0.5014
vt 0.0280 0.5266
vt 0.0000 0.0000
vt 0.3901 0.0000
vt 0.4853 0.5193
vt -0.1328 0.4760
vt 0.0000 0.0000
vt 0.5273 0.0000
vt 0.4978 0.7762
vt 0.1097 0.7376
vt 0.0000 0.0000
vt 0.5717 -0.0000
vt 0.5010 0.6179
vt -0.0791 0.5069
vt 0.0000 0.0000
vt 0.2046 -0.0000
vt 0.1937 0.2137
vt -0.0302 0.2314
vt 0.0000 0.0000
vt 0.2318 -0.0000
vt 0.2339 0.1775
vt -0.0144 0.1825
vt 0.0000 0.0000
vt 0.2334 -0.0000
vt 0.2162 0.1473
vt -0.0015 0.1220
vt 0.0000 0.0000
vt 0.1400 -0.0000
vt 0.0824 0.2350
vt -0.0562 0.2075
vt 0.0000 0.0000
vt 0.1220 -0.0000
vt 0.0845 0.1733
vt -0.0452 0.1995
vt 0.0000 0.0000
vt 0.2255 0.0000
vt 0.2340 0.1511
vt 0.0571 0.1562
vt 0.0000 0.0000
vt 0.0842 0.0000
vt 0.0978 0.1248
vt -0.0038 0.1378
vt 0.0000 0.0000
vt 0.1040 0.0000
vt 0.0944 0.1026
vt -0.0184 0.0989
vt 0.0000 0.0000
vt 0.1378 -0.0000
vt 0.1559 0.0711
vt 0.0745 0.1356
vt 0.0000 0.0000
vt 0.1103 0.0000
vt 0.1309 0.1211
vt 0.0273 0.1281
vt 0.0000 0.0000
vt 0.1547 -0.0000
vt 0.1258 0.0963
vt 0.0165 0.0825
vt 0.0000 0.0000
vt 0.1091 -0.0000
vt 0.0927 0.1018
vt -0.0165 0.0717
vt 0.0000 0.0000
vt 0.2305 -0.0000
vt 0.2308 0.1418
vt 0.0150 0.2088
vt 0.0000 0.0000
vt 0.2171 0.0000
vt 0.2583 0.2135
vt 0.0586 0.2243
vt 0.0000 0.0000
vt 0.2093 0.0000
vt 0.1935 0.1681
vt -0.0211 0.1693
vt 0.0000 0.0000
vt 0.1089 0.0000
vt 0.1336 0.1959
vt -0.0711 0.1353
vt 0.0000 0.0000
vt 0.1707 0.0000
vt 0.1041 0.2221
vt -0.0045 0.2305
vt 0.0000 0.0000
vt 0.2330 -0.0000
vt 0.2020 0.2107
vt -0.0090 0.1716
vt 0.0000 0.0000
vt 0.1573 0.0000
vt 0.1157 0.2365
vt -0.0430 0.2476
vt 0.0000 0.0000
vt 0.2791 0.0000
vt 0.2680 0.1810
vt -0.0025 0.2022
vt 0.0000 0.0000
vt 0.2513 0.0000
vt 0.2580 0.1852
vt -0.0007 0.1445
vt 0.0000 0.0000
vt 0.1896 -0.0000
vt 0.2577 0.2638
vt 0.0742 0.2585
vt 0.0000 0.0000
vt 0.1445 0.0000
vt 0.0481 0.1777
vt -0.1236 0.0973
vt 0.0000 0.0000
vt 0.2000 -0.0000
vt 0.2236 0.1805
vt 0.0438 0.2043
vt 0.0000 0.0000
vt 0.1442 0.0000
vt 0.1835 0.1399
vt 0.0686 0.2000
vt 0.0000 0.0000
vt 0.1809 0.0000
vt 0.1720 0.1488
vt 0.0010 0.1840
vt 0.0000 0.0000
vt 0.2115 0.0000
vt 0.2238 0.0936
vt 0.0440 0.1128
vt 0.0000 0.0000
vt 0.0951 -0.0000
vt 0.0533 0.1675
vt -0.0474 0.1404
vt 0.0000 0.0000
vt 0.1211 0.0000
vt 0.0835 0.1721
vt 0.0099 0.1438
vt 0.0000 0.0000
vt 0.1329 -0.0000
vt 0.1265 0.1073
vt -0.0217 0.0921
vt 0.0000 0.0000
vt 0.1088 0.0000
vt 0.1194 0.1161
vt 0.0144 0.1329
vt 0.0000 0.0000
vt 0.1004 0.0000
vt 0.0709 0.1321
vt -0.0210 0.0883
vt 0.0000 0.0000
vt 0.1336 0.0000
vt 0.1195 0.1067
vt 0.0206 0.1201
vt 0.0000 0.0000
vt 0.1232 0.0000
vt 0.0864 0.0912
vt -0.0098 0.1164
vt 0.0000 0.0000
vt 0.1218 -0.0000
vt 0.1265 0.0881
vt 0.0068 0.1086
vt 0.0000 0.0000
vt 0.1066 0.0000
vt 0.1242 0.1025
vt -0.0120 0.1074
vt 0.0000 0.0000
vt 0.1320 0.0000
vt 0.1480 0.1531
vt 0.0082 0.1626
vt 0.0000 0.0000
vt 0.1925 0.0000
vt 0.1957 0.1415
vt 0.0300 0.1725
vt 0.0000 0.0000
vt 0.1629 0.0000
vt 0.1952 0.0688
vt 0.0092 0.1160
vt 0.0000 0.0000
vt 0.1084 0.0000
vt 0.0919 0.1670
vt 0.0012 0.1550
vt 0.0000 0.0000
vt 0.1163 0.0000
vt 0.0862 0.1724
vt -0.0141 0.1313
vt 0.0000 0.0000
vt 0.1413 -0.0000
vt 0.1378 0.0915
vt -0.0021 0.0775
vt 0.0000 0.0000
vt 0.1303 0.0000
vt 0.1067 0.1393
vt -0.0170 0.1385
vt 0.0000 0.0000
vt 0.1414 -0.0000
vt 0.1156 0.1233
vt -0.0372 0.1252
vt 0.0000 0.0000
vt 0.1395 0.0000
vt 0.1149 0.1269
vt -0.0209 0.1112
vt 0.0000 0.0000
vt 0.0982 -0.0000
vt 0.1097 0.1479
vt -0.0261 0.1391
vt 0.0000 0.0000
vt 0.1131 0.0000
vt 0.1277 0.1295
vt 0.0298 0.1269
vt 0.0000 0.0000
vt 0.1240 -0.0000
vt 0.1099 0.1396
vt -0.0152 0.1333
vt 0.0000 0.0000
vt 0.2641 0.0000
vt 0.4409 0.3399
vt 0.1390 0.3981
vt 0.0000 0.0000
vt 0.3151 -0.0000
vt 0.3917 0.3954
vt 0.0455 0.3783
vt 0.0000 0.0000
vt 0.4217 0.0000
vt 0.4385 0.2805
vt 0.1504 0.4080
vt 0.0000 0.0000
vt 0.3716 0.0000
vt 0.3465 0.3513
vt 0.0201 0.3839
vt 0.0000 0.0000
vt 0.4348 -0.0000
vt 0.3098 0.3401
vt -0.0338 0.2619
vt 0.0000 0.0000
vt 0.3090 0.0000
vt 0.3091 0.3272
vt -0.0930 0.2653
vt 0.0000 0.0000
vt 0.3772 -0.0000
vt 0.3604 0.3882
vt -0.0613 0.3659
vt 0.0000 0.0000
vt 0.3528 0.0000
vt 0.3472 0.4378
vt 0.0204 0.3978
vt 0.0000 0.0000
vt 0.3709 0.0000
vt 0.3618 0.2006
vt 0.0129 0.2350
vt 0.0000 0.0000
vt 0.1994 -0.0000
vt 0.2556 0.3222
vt 0.0674 0.3833
vt 0.0000 0.0000
vt 0.2353 0.0000
vt 0.1677 0.3908
vt -0.0277 0.3762
vt 0.0000 0.0000
vt 0.4228 0.0000
vt 0.4551 0.1991
vt 0.0172 0.2040
vt 0.0000 0.0000
vt 0.2442 0.0000
vt 0.2059 0.2625
vt -0.0319 0.2313
vt 0.0000 0.0000
vt 0.2372 0.0000
vt 0.2221 0.2011
vt 0.0292 0.2086
vt 0.0000 0.0000
vt 0.2335 0.0000
vt 0.2109 0.1865
vt -0.0216 0.2323
vt 0.0000 0.0000
vt 0.2309 -0.0000
vt 0.2013 0.1924
vt -0.0133 0.2721
vt 0.0000 0.0000
vt 0.2333 -0.0000
vt 0.2760 0.1980
vt 0.0561 0.2377
vt 0.0000 0.0000
vt 0.2478 -0.0000
vt 0.2041 0.2244
vt 0.0045 0.1881
vt 0.0000 0.0000
vt 0.2669 0.0000
vt 0.2593 0.2774
vt -0.0401 0.2462
vt 0.0000 0.0000
vt 0.2006 0.0000
vt 0.2059 0.2429
vt 0.0206 0.2303
vt 0.0000 0.0000
vt 0.2494 0.0000
vt 0.2095 0.2052
vt 0.0130 0.1832
vt 0.0000 0.0000
vt 0.1463 0.0000
vt 0.2387 0.1615
vt 0.0449 0.2751
vt 0.0000 0.0000
vt 0.1837 -0.0000
vt 0.1647 0.2292
vt 0.0251 0.2657
vt 0.0000 0.0000
vt 0.3022 -0.0000
vt 0.2843 0.2262
vt 0.0397 0.2079
vt 0.0000 0.0000
vt 0.6239 -0.0000
vt 0.4767 0.5883
vt -0.0671 0.5741
vt 0.0000 0.0000
vt 0.5186 -0.0000
vt 0.5822 0.6526
vt -0.0281 0.6586
vt 0.0000 0.0000
vt 0.5781 0.0000
vt 0.5919 0.3309
vt 0.0857 0.4265
vt 0.0000 0.0000
vt 0.3339 0.0000
vt 0.2124 0.5856
vt -0.1253 0.6201
vt 0.0000 0.0000
vt 0.4351 -0.0000
vt 0.2624 0.6351
vt -0.0690 0.6201
vt 0.0000 0.0000
vt 0.5730 0.0000
vt 0.5788 0.3663
vt -0.0788 0.3271
vt 0.0000 0.0000
vt 0.2148 0.0000
vt 0.1213 0.2866
vt -0.0106 0.2379
vt 0.0000 0.0000
vt 0.2484 -0.0000
vt 0.2600 0.1512
vt 0.0414 0.2153
vt 0.0000 0.0000
vt 0.2382 0.0000
vt 0.2815 0.1438
vt 0.0358 0.1801
vt 0.0000 0.0000
vt 0.1972 0.0000
vt 0.3057 0.2041
vt 0.1378 0.2682
vt 0.0000 0.0000
vt 0.1836 -0.0000
vt 0.1514 0.2118
vt -0.0402 0.2110
vt 0.0000 0.0000
vt 0.1406 -0.0000
vt 0.1386 0.1746
vt -0.0102 0.1498
vt 0.0000 0.0000
vt 0.2118 -0.0000
vt 0.2486 0.1843
vt 0.0607 0.2010
vt 0.0000 0.0000
vt 0.1855 0.0000
vt 0.1820 0.1430
vt -0.0020 0.1920
vt 0.0000 0.0000
vt 0.2100 -0.0000
vt 0.2315 0.0771
vt 0.0512 0.0990
vt 0.0000 0.0000
vt 0.1221 0.0000
vt 0.0995 0.1852
vt 0.0319 0.1860
vt 0.0000 0.0000
vt 0.1115 -0.0000
vt 0.2060 0.1659
vt 0.0886 0.1923
vt 0.0000 0.0000
vt 0.1894 0.0000
vt 0.1367 0.0732
vt -0.0129 0.0876
vt 0.0000 0.0000
vt 0.4637 -0.0000
vt 0.3936 0.3824
vt -0.0402 0.3619
vt 0.0000 0.0000
vt 0.3155 -0.0000
vt 0.1749 0.3882
vt -0.1910 0.3618
vt 0.0000 0.0000
vt 0.3641 -0.0000
vt 0.2655 0.3154
vt -0.0321 0.3585
vt 0.0000 0.0000
vt 0.3390 0.0000
vt 0.3412 0.3729
vt 0.0822 0.4048
vt 0.0000 0.0000
vt 0.3599 -0.0000
vt 0.4072 0.4057
vt 0.0732 0.4579
vt 0.0000 0.0000
vt 0.4561 0.0000
vt 0.4776 0.2673
vt 0.0609 0.3384
vt 0.0000 0.0000
vt 0.2195 0.0000
vt 0.2279 0.2897
vt -0.0280 0.3069
vt 0.0000 0.0000
vt 0.3210 -0.0000
vt 0.2447 0.2326
vt -0.0640 0.2610
vt 0.0000 0.0000
vt 0.3082 0.0000
vt 0.3622 0.3306
vt 0.0413 0.3373
vt 0.0000 0.0000
vt 0.2852 0.0000
vt 0.1854 0.2988
vt -0.0362 0.2946
vt 0.0000 0.0000
vt 0.3398 -0.0000
vt 0.3668 0.2656
vt 0.0910 0.1997
vt 0.0000 0.0000
vt 0.2644 -0.0000
vt 0.2967 0.2261
vt 0.0613 0.3293
vt 0.0000 0.0000
vt 0.1078 0.0000
vt 0.1327 0.0980
vt -0.0074 0.1039
vt 0.0000 0.0000
vt 0.1062 -0.0000
vt 0.1344 0.1347
vt 0.0100 0.1470
vt 0.0000 0.0000
vt 0.1042 0.0000
vt 0.1146 0.0630
vt 0.0130 0.0857
vt 0.0000 0.0000
vt 0.1110 0.0000
vt 0.0966 0.1230
vt -0.0119 0.1006
vt 0.0000 0.0000
vt 0.0867 0.0000
vt 0.0530 0.1420
vt -0.0466 0.0972
vt 0.0000 0.0000
vt 0.1404 -0.0000
vt 0.1182 0.1102
vt -0.0123 0.0660
vt 0.0000 0.0000
vt 0.2714 -0.0000
vt 0.2513 0.2665
vt -0.0706 0.2711
vt 0.0000 0.0000
vt 0.2931 -0.0000
vt 0.3328 0.2900
vt 0.0942 0.3299
vt 0.0000 0.0000
vt 0.2801 0.0000
vt 0.2518 0.1422
vt -0.0289 0.1518
vt 0.0000 0.0000
vt 0.1564 0.0000
vt 0.2735 0.2129
vt 0.1100 0.2470
vt 0.0000 0.0000
vt 0.1545 0.0000
vt 0.0009 0.2934
vt -0.1175 0.2447
vt 0.0000 0.0000
vt 0.3245 -0.0000
vt 0.3206 0.1643
vt 0.0286 0.1649
vt 0.0000 0.0000
vt 0.1919 -0.0000
vt 0.1797 0.2263
vt -0.0009 0.2375
vt 0.0000 0.0000
vt 0.1821 0.0000
vt 0.1600 0.2314
vt -0.0095 0.2037
vt 0.0000 0.0000
vt 0.2375 0.0000
vt 0.2163 0.0875
vt 0.0343 0.0822
vt 0.0000 0.0000
vt 0.1010 0.0000
vt 0.1541 0.1599
vt 0.0678 0.2162
vt 0.0000 0.0000
vt 0.0891 0.0000
vt 0.0738 0.2031
vt -0.0258 0.1902
vt 0.0000 0.0000
vt 0.1810 0.0000
vt 0.2203 0.1010
vt -0.0119 0.0893
vt 0.0000 0.0000
vt 0.1465 0.0000
vt 0.0931 0.2005
vt -0.0159 0.1868
vt 0.0000 0.0000
vt 0.1908 -0.0000
vt 0.1974 0.1339
vt 0.0063 0.1544
vt 0.0000 0.0000
vt 0.1875 -0.0000
vt 0.1829 0.0717
vt -0.0076 0.0622
vt 0.0000 0.0000
vt 0.1085 0.0000
vt 0.0902 0.1939
vt 0.0332 0.2053
vt 0.0000 0.0000
vt 0.0626 -0.0000
vt 0.0646 0.1530
vt -0.0410 0.1406
vt 0.0000 0.0000
vt 0.1108 0.0000
vt 0.1319 0.0581
vt -0.0067 0.0717
vt 0.0000 0.0000
vt 0.0917 -0.0000
vt 0.0964 0.1288
vt -0.0103 0.1234
vt 0.0000 0.0000
vt 0.1103 -0.0000
vt 0.0995 0.0893
vt -0.0261 0.1014
vt 0.0000 0.0000
vt 0.1238 -0.0000
vt 0.1258 0.0542
vt 0.0166 0.0537
vt 0.0000 0.0000
vt 0.0836 0.0000
vt 0.0845 0.1205
vt 0.0163 0.1279
vt 0.0000 0.0000
vt 0.0562 -0.0000
vt 0.0848 0.1000
vt 0.0025 0.0917
vt 0.0000 0.0000
vt 0.1069 0.0000
vt 0.0740 0.0718
vt -0.0149 0.0544
vt 0.0000 0.0000
vt 0.2426 0.0000
vt 0.3173 0.2603
vt 0.1057 0.2884
vt 0.0000 0.0000
vt 0.3403 0.0000
vt 0.3032 0.2743
vt 0.0523 0.2820
vt 0.0000 0.0000
vt 0.3071 0.0000
vt 0.3624 0.1871
vt 0.0227 0.1743
vt 0.0000 0.0000
vt 0.1898 -0.0000
vt 0.1547 0.2492
vt -0.0994 0.2607
vt 0.0000 0.0000
vt 0.1758 -0.0000
vt 0.2047 0.2789
vt 0.0289 0.2408
vt 0.0000 0.0000
vt 0.2238 0.0000
vt 0.2324 0.2253
vt -0.0169 0.1949
vt 0.0000 0.0000
vt 0.1199 -0.0000
vt 0.0911 0.1407
vt -0.0051 0.1591
vt 0.0000 0.0000
vt 0.1540 0.0000
vt 0.1370 0.1015
vt -0.0076 0.1030
vt 0.0000 0.0000
vt 0.1591 -0.0000
vt 0.1728 0.0741
vt 0.0227 0.1084
vt 0.0000 0.0000
vt 0.1061 0.0000
vt 0.1183 0.1435
vt 0.0156 0.1432
vt 0.0000 0.0000
vt 0.1107 0.0000
vt 0.1078 0.1032
vt 0.0031 0.1199
vt 0.0000 0.0000
vt 0.0985 0.0000
vt 0.0930 0.1054
vt -0.0074 0.0750
vt 0.0000 0.0000
vt 0.1464 0.0000
vt 0.1289 0.2076
vt 0.0071 0.1681
vt 0.0000 0.0000
vt 0.1802 -0.0000
vt 0.1481 0.1339
vt -0.0417 0.1153
vt 0.0000 0.0000
vt 0.1683 -0.0000
vt 0.1988 0.1023
vt 0.0324 0.1536
vt 0.0000 0.0000
vt 0.1737 0.0000
vt 0.1530 0.1894
vt 0.0292 0.2063
vt 0.0000 0.0000
vt 0.1570 0.0000
vt 0.1666 0.1211
vt -0.0044 0.1463
vt 0.0000 0.0000
vt 0.1280 0.0000
vt 0.0967 0.1135
vt -0.0340 0.1112
vt 0.0000 0.0000
vt 0.1603 0.0000
vt 0.1832 0.1491
vt -0.0059 0.1325
vt 0.0000 0.0000
vt 0.1367 0.0000
vt 0.1566 0.1505
vt 0.0229 0.1709
vt 0.0000 0.0000
vt 0.1327 0.0000
vt 0.1191 0.0964
vt -0.0157 0.0957
vt 0.0000 0.0000
vt 0.0959 -0.0000
vt 0.0616 0.1298
vt -0.0179 0.1498
vt 0.0000 0.0000
vt 0.0970 0.0000
vt 0.0774 0.1713
vt -0.0177 0.1593
vt 0.0000 0.0000
vt 0.1898 0.0000
vt 0.1635 0.0800
vt 0.0125 0.0992
vt 0.0000 0.0000
vt 0.2582 -0.0000
vt 0.2717 0.2097
vt 0.0106 0.1957
vt 0.0000 0.0000
vt 0.1983 0.0000
vt 0.2277 0.2669
vt 0.0018 0.2515
vt 0.0000 0.0000
vt 0.1960 0.0000
vt 0.2121 0.1526
vt 0.0144 0.1378
vt 0.0000 0.0000
vt 0.0917 -0.0000
vt 0.0911 0.2258
vt -0.0195 0.2097
vt 0.0000 0.0000
vt 0.1385 0.0000
vt 0.1094 0.2495
vt 0.0188 0.2575
vt 0.0000 0.0000
vt 0.2618 0.0000
vt 0.2752 0.1126
vt 0.0096 0.1532
vt 0.0000 0.0000
vt 0.2082 0.0000
vt 0.1531 0.2863
vt -0.0320 0.2770
vt 0.0000 0.0000
vt 0.2810 -0.0000
vt 0.2790 0.2530
vt 0.0395 0.2398
vt 0.0000 0.0000
vt 0.2789 0.0000
vt 0.2975 0.1203
vt 0.0179 0.1278
vt 0.0000 0.0000
vt 0.1452 0.0000
vt 0.2390 0.2144
vt 0.1278 0.2621
vt 0.0000 0.0000
vt 0.1291 0.0000
vt 0.0277 0.2169
vt -0.1060 0.1792
vt 0.0000 0.0000
vt 0.1855 -0.0000
vt 0.2188 0.1272
vt -0.0339 0.1198
vt 0.0000 0.0000
vt 0.0878 -0.0000
vt 0.0634 0.1041
vt -0.0207 0.0983
vt 0.0000 0.0000
vt 0.1101 -0.0000
vt 0.1326 0.0917
vt 0.0294 0.0882
vt 0.0000 0.0000
vt 0.1004 0.0000
vt 0.0950 0.0805
vt -0.0090 0.0873
vt 0.0000 0.0000
vt 0.0682 -0.0000
vt 0.0705 0.0960
vt 0.0086 0.1067
vt 0.0000 0.0000
vt 0.0878 -0.0000
vt 0.0734 0.0905
vt 0.0072 0.0875
vt 0.0000 0.0000
vt 0.0843 0.0000
vt 0.1295 0.0579
vt 0.0376 0.0797
vt 0.0000 0.0000
vt 0.3229 0.0000
vt 0.3822 0.2959
vt -0.0519 0.2793
vt 0.0000 0.0000
vt 0.2174 0.0000
vt 0.2996 0.3648
vt 0.0323 0.4238
vt 0.0000 0.0000
vt 0.2841 -0.0000
vt 0.2034 0.1909
vt -0.0009 0.2547
vt 0.0000 0.0000
vt 0.1998 0.0000
vt 0.1937 0.2595
vt -0.0173 0.3088
vt 0.0000 0.0000
vt 0.2547 -0.0000
vt 0.1793 0.4182
vt 0.0040 0.3228
vt 0.0000 0.0000
vt 0.4396 0.0000
vt 0.3954 0.2286
vt 0.0224 0.2097
vt 0.0000 0.0000
vt 0.2050 0.0000
vt 0.2142 0.2620
vt 0.0476 0.2547
vt 0.0000 0.0000
vt 0.2217 0.0000
vt 0.1470 0.2170
vt -0.1031 0.1584
vt 0.0000 0.0000
vt 0.2591 0.0000
vt 0.2415 0.2379
vt 0.0388 0.1886
vt 0.0000 0.0000
vt 0.2105 -0.0000
vt 0.1691 0.2583
vt -0.0329 0.2631
vt 0.0000 0.0000
vt 0.1925 0.0000
vt 0.2212 0.1629
vt 0.0357 0.2018
vt 0.0000 0.0000
vt 0.1714 -0.0000
vt 0.2359 0.1856
vt 0.0151 0.2496
vt 0.0000 0.0000
vt 0.1744 0.0000
vt 0.1878 0.1589
vt -0.0302 0.1957
vt 0.0000 0.0000
vt 0.1553 -0.0000
vt 0.2125 0.1922
vt -0.0609 0.2165
vt 0.0000 0.0000
vt 0.1981 0.0000
vt 0.2053 0.1585
vt 0.0530 0.1611
vt 0.0000 0.0000
vt 0.1880 0.0000
vt 0.1067 0.2660
vt -0.0074 0.1593
vt 0.0000 0.0000
vt 0.1696 0.0000
vt 0.1599 0.2123
vt -0.0088 0.1742
vt 0.0000 0.0000
vt 0.2212 0.0000
vt 0.2167 0.1331
vt 0.0297 0.1588
vt 0.0000 0.0000
vt 0.3389 -0.0000
vt 0.3470 0.3127
vt 0.0909 0.3252
vt 0.0000 0.0000
vt 0.3530 -0.0000
vt 0.2699 0.2448
vt 0.0337 0.3523
vt 0.0000 0.0000
vt 0.3377 0.0000
vt 0.4373 0.2373
vt 0.1050 0.3552
vt 0.0000 0.0000
vt 0.2070 0.0000
vt 0.1884 0.2389
vt -0.0567 0.3278
vt 0.0000 0.0000
vt 0.3704 0.0000
vt 0.3369 0.3520
vt 0.1344 0.3111
vt 0.0000 0.0000
vt 0.2803 -0.0000
vt 0.2147 0.2427
vt -0.0133 0.2576
vt 0.0000 0.0000
vt 0.0781 -0.0000
vt 0.0971 0.0951
vt 0.0160 0.0804
vt 0.0000 0.0000
vt 0.0968 -0.0000
vt 0.1161 0.0733
vt 0.0221 0.0776
vt 0.0000 0.0000
vt 0.0820 -0.0000
vt 0.0865 0.0514
vt -0.0100 0.0592
vt 0.0000 0.0000
vt 0.0650 -0.0000
vt 0.0448 0.0921
vt -0.0105 0.0965
vt 0.0000 0.0000
vt 0.0600 -0.0000
vt 0.0521 0.0801
vt -0.0125 0.0771
vt 0.0000 0.0000
vt 0.0825 0.0000
vt 0.0696 0.0528
vt -0.0055 0.0513
vt 0.0000 0.0000
vt 0.1651 0.0000
vt 0.1911 0.1788
vt -0.0131 0.1771
vt 0.0000 0.0000
vt 0.2325 -0.0000
vt 0.2280 0.1810
vt 0.0469 0.1686
vt 0.0000 0.0000
vt 0.1776 0.0000
vt 0.2059 0.1346
vt -0.0263 0.1340
vt 0.0000 0.0000
vt 0.1390 0.0000
vt 0.1319 0.1858
vt 0.0175 0.1810
vt 0.0000 0.0000
vt 0.1366 0.0000
vt 0.1525 0.1668
vt 0.0230 0.1634
vt 0.0000 0.0000
vt 0.2052 0.0000
vt 0.1983 0.1152
vt 0.0135 0.1374
vt 0.0000 0.0000
vt 0.1682 0.0000
vt 0.1604 0.1527
vt 0.0317 0.1942
vt 0.0000 0.0000
vt 0.1749 -0.0000
vt 0.2001 0.1491
vt -0.0128 0.1938
vt 0.0000 0.0000
vt 0.1968 0.0000
vt 0.1905 0.1209
vt 0.0189 0.0934
vt 0.0000 0.0000
vt 0.1187 -0.0000
vt 0.0749 0.2131
vt -0.0286 0.1509
vt 0.0000 0.0000
vt 0.0953 0.0000
vt 0.0479 0.1778
vt -0.0516 0.1600
vt 0.0000 0.0000
vt 0.1360 -0.0000
vt 0.1368 0.1155
vt -0.0101 0.1222
vt 0.0000 0.0000
vt 0.0743 0.0000
vt 0.0743 0.0688
vt 0.0000 0.0688
vt 0.0000 0.0000
vt 0.0743 0.0000
vt 0.0534 0.0852
vt 0.0000 0.0000
vt 0.0743 0.0000
vt 0.0209 0.0852
vt 0.0000 0.0000
vt 0.0520 0.0000
vt 0.0520 0.0688
vt 0.0000 0.0688
vt 0.0000 0.0000
vt 0.0520 0.0000
vt 0.0535 0.0695
vt 0.0000 0.0000
vt 0.0520 0.0000
vt -0.0015 0.0695
vt 0.0000 0.0000
vt 0.1079 0.0000
vt 0.1079 0.0688
vt 0.0000 0.0688
vt 0.0000 0.0000
vt 0.1079 0.0000
vt 0.0137 0.0681
vt 0.0000 0.0000
vt 0.1079 0.0000
vt 0.0943 0.0681
vt 0.0000 0.0000
vt 0.0605 0.0000
vt 0.0605 0.0688
vt 0.0000 0.0688
vt 0.0000 0.0000
vt 0.0605 0.0000
vt 0.0979 0.0627
vt 0.0000 0.0000
vt 0.0605 0.0000
vt -0.0375 0.0627
vt 0.0000 0.0000
vt 0.0831 0.0000
vt 0.0831 0.0688
vt 0.0000 0.0688
vt 0.0000 0.0000
vt 0.0831 0.0000
vt 0.0276 0.0676
vt 0.0000 0.0000
vt 0.0831 0.0000
vt 0.0554 0.0676
vt 0.0000 0.0000
vt 0.0738 0.0000
vt 0.0738 0.0688
vt 0.0000 0.0688
vt 0.0000 0.0000
vt 0.0738 -0.0000
vt 0.0486 0.0727
vt 0.0000 0.0000
vt 0.0738 0.0000
vt 0.0253 0.0727
vt 0.0000 0.0000
vt 0.0573 0.0000
vt 0.0573 0.0688
vt 0.0000 0.0688
vt 0.0000 0.0000
vt 0.0573 0.0000
vt 0.0273 0.0720
vt 0.0000 0.0000
vt 0.0573 0.0000
vt 0.0301 0.0720
vt 0.0000 0.0000
vt 0.0482 0.0000
vt 0.0482 0.0688
vt 0.0000 0.0688
vt 0.0000 0.0000
vt 0.0482 0.0000
vt -0.0176 0.0760
vt 0.0000 0.0000
vt 0.0482 0.0000
vt 0.0658 0.0760
vt 0.0000 0.0000
vt 0.2325 0.0000
vt 0.2325 0.0617
vt 0.0000 0.0617
vt 0.0000 0.0000
vt 0.2325 -0.0000
vt 0.0603 0.2655
vt 0.0000 0.0000
vt 0.2325 0.0000
vt 0.1722 0.2655
vt 0.0000 0.0000
vt 0.3644 0.0000
vt 0.3644 0.0617
vt 0.0000 0.0617
vt 0.0000 0.0000
vt 0.3644 0.0000
vt 0.2076 0.2388
vt 0.0000 0.0000
vt 0.3644 -0.0000
vt 0.1568 0.2388
vt 0.0000 0.0000
vt 0.1667 0.0000
vt 0.1667 0.0617
vt 0.0000 0.0617
vt 0.0000 0.0000
vt 0.1667 0.0000
vt 0.1382 0.2500
vt 0.0000 0.0000
vt 0.1667 0.0000
vt 0.0285 0.2500
vt 0.0000 0.0000
vt 0.2119 0.0000
vt 0.2119 0.0617
vt 0.0000 0.0617
vt 0.0000 0.0000
vt 0.2119 0.0000
vt 0.1253 0.2183
vt 0.0000 0.0000
vt 0.2119 0.0000
vt 0.0866 0.2183
vt 0.0000 0.0000
vt 0.2303 0.0000
vt 0.2303 0.0617
vt 0.0000 0.0617
vt 0.0000 0.0000
vt 0.2303 -0.0000
vt 0.1715 0.1604
vt 0.0000 0.0000
vt 0.2303 0.0000
vt 0.0588 0.1604
vt 0.0000 0.0000
vt 0.1387 0.0000
vt 0.1387 0.0617
vt 0.0000 0.0617
vt 0.0000 0.0000
vt 0.1387 0.0000
vt -0.0128 0.1703
vt 0.0000 0.0000
vt 0.1387 0.0000
vt 0.1515 0.1703
vt 0.0000 0.0000
vt 0.2098 0.0000
vt 0.2098 0.0617
vt 0.0000 0.0617
vt 0.0000 0.0000
vt 0.2098 0.0000
vt 0.0521 0.2219
vt 0.0000 0.0000
vt 0.2098 -0.0000
vt 0.1577 0.2219
vt 0.0000 0.0000
vt 0.1280 0.0000
vt 0.1280 0.0427
vt 0.0000 0.0427
vt 0.0000 0.0000
vt 0.1280 0.0000
vt 0.0673 0.1749
vt 0.0000 0.0000
vt 0.1280 -0.0000
vt 0.0607 0.1749
vt 0.0000 0.0000
vt 0.1589 0.0000
vt 0.1589 0.0427
vt 0.0000 0.0427
vt 0.0000 0.0000
vt 0.1589 0.0000
vt 0.0533 0.1773
vt 0.0000 0.0000
vt 0.1589 0.0000
vt 0.1056 0.1773
vt 0.0000 0.0000
vt 0.2336 0.0000
vt 0.2336 0.0427
vt 0.0000 0.0427
vt 0.0000 0.0000
vt 0.2336 0.0000
vt 0.0392 0.2026
vt 0.0000 0.0000
vt 0.2336 0.0000
vt 0.1944 0.2026
vt 0.0000 0.0000
vt 0.2022 0.0000
vt 0.2022 0.0427
vt 0.0000 0.0427
vt 0.0000 0.0000
vt 0.2022 0.0000
vt 0.1235 0.2522
vt 0.0000 0.0000
vt 0.2022 0.0000
vt 0.0788 0.2522
vt 0.0000 0.0000
vt 0.3211 0.0000
vt 0.3211 0.0427
vt 0.0000 0.0427
vt 0.0000 0.0000
vt 0.3211 0.0000
vt 0.1129 0.2388
vt 0.0000 0.0000
vt 0.3211 0.0000
vt 0.2082 0.2388
vt 0.0000 0.0000
vt 0.2251 0.0000
vt 0.2251 0.0427
vt 0.0000 0.0427
vt 0.0000 0.0000
vt 0.2251 -0.0000
vt 0.2201 0.2280
vt 0.0000 0.0000
vt 0.2251 0.0000
vt 0.0050 0.2280
vt 0.0000 0.0000
vt 0.2181 0.0000
vt 0.2181 0.0427
vt 0.0000 0.0427
vt 0.0000 0.0000
vt 0.2181 0.0000
vt 0.1478 0.1737
vt 0.0000 0.0000
vt 0.2181 0.0000
vt 0.0704 0.1737
vt 0.0000 0.0000
vt 0.0528 0.0000
vt 0.0528 0.0526
vt 0.0000 0.0526
vt 0.0000 0.0000
vt 0.0528 -0.0000
vt 0.0060 0.1009
vt 0.0000 0.0000
vt 0.0528 0.0000
vt 0.0468 0.1009
vt 0.0000 0.0000
vt 0.0837 0.0000
vt 0.0837 0.0526
vt 0.0000 0.0526
vt 0.0000 0.0000
vt 0.0837 0.0000
vt 0.0679 0.0881
vt 0.0000 0.0000
vt 0.0837 0.0000
vt 0.0158 0.0881
vt 0.0000 0.0000
vt 0.1301 0.0000
vt 0.1301 0.0526
vt 0.0000 0.0526
vt 0.0000 0.0000
vt 0.1301 0.0000
vt 0.0430 0.0785
vt 0.0000 0.0000
vt 0.1301 0.0000
vt 0.0870 0.0785
vt 0.0000 0.0000
vt 0.0774 0.0000
vt 0.0774 0.0526
vt 0.0000 0.0526
vt 0.0000 0.0000
vt 0.0774 -0.0000
vt 0.0059 0.1171
vt 0.0000 0.0000
vt 0.0774 0.0000
vt 0.0714 0.1171
vt 0.0000 0.0000
vt 0.0605 0.0000
vt 0.0605 0.0526
vt 0.0000 0.0526
vt 0.0000 0.0000
vt 0.0605 -0.0000
vt 0.1036 0.0899
vt 0.0000 0.0000
vt 0.0605 0.0000
vt -0.0431 0.0899
vt 0.0000 0.0000
vt 0.0952 0.0000
vt 0.0952 0.0526
vt 0.0000 0.0526
vt 0.0000 0.0000
vt 0.0952 0.0000
vt 0.0560 0.0824
vt 0.0000 0.0000
vt 0.0952 0.0000
vt 0.0392 0.0824
vt 0.0000 0.0000
vt 0.0940 0.0000
vt 0.0940 0.0526
vt 0.0000 0.0526
vt 0.0000 0.0000
vt 0.0940 0.0000
vt 0.0621 0.0668
vt 0.0000 0.0000
vt 0.0940 0.0000
vt 0.0318 0.0668
vt 0.0000 0.0000
vt 0.0421 0.0000
vt 0.0421 0.0526
vt 0.0000 0.0526
vt 0.0000 0.0000
vt 0.0421 -0.0000
vt -0.0353 0.0651
vt 0.0000 0.0000
vt 0.0421 0.0000
vt 0.0774 0.0651
vt 0.0000 0.0000
vt 0.0867 0.0000
vt 0.0867 0.0604
vt 0.0000 0.0604
vt 0.0000 0.0000
vt 0.0867 -0.0000
vt 0.1503 0.1139
vt 0.0000 0.0000
vt 0.0867 0.0000
vt -0.0636 0.1139
vt 0.0000 0.0000
vt 0.1634 0.0000
vt 0.1634 0.0604
vt 0.0000 0.0604
vt 0.0000 0.0000
vt 0.1634 0.0000
vt 0.0759 0.1062
vt 0.0000 0.0000
vt 0.1634 0.0000
vt 0.0875 0.1062
vt 0.0000 0.0000
vt 0.0890 0.0000
vt 0.0890 0.0604
vt 0.0000 0.0604
vt 0.0000 0.0000
vt 0.0890 0.0000
vt 0.0042 0.1375
vt 0.0000 0.0000
vt 0.0890 0.0000
vt 0.0849 0.1375
vt 0.0000 0.0000
vt 0.1321 0.0000
vt 0.1321 0.0604
vt 0.0000 0.0604
vt 0.0000 0.0000
vt 0.1321 0.0000
vt -0.0392 0.1568
vt 0.0000 0.0000
vt 0.1321 -0.0000
vt 0.1713 0.1568
vt 0.0000 0.0000
vt 0.1466 0.0000
vt 0.1466 0.0604
vt 0.0000 0.0604
vt 0.0000 0.0000
vt 0.1466 0.0000
vt 0.1694 0.1589
vt 0.0000 0.0000
vt 0.1466 -0.0000
vt -0.0228 0.1589
vt 0.0000 0.0000
vt 0.1217 0.0000
vt 0.1217 0.0604
vt 0.0000 0.0604
vt 0.0000 0.0000
vt 0.1217 0.0000
vt 0.1048 0.1216
vt 0.0000 0.0000
vt 0.1217 0.0000
vt 0.0169 0.1216
vt 0.0000 0.0000
vt 0.1135 0.0000
vt 0.1135 0.0604
vt 0.0000 0.0604
vt 0.0000 0.0000
vt 0.1135 0.0000
vt 0.0431 0.1150
vt 0.0000 0.0000
vt 0.1135 0.0000
vt 0.0705 0.1150
vt 0.0000 0.0000
vt 0.1568 0.0000
vt 0.1568 0.0604
vt 0.0000 0.0604
vt 0.0000 0.0000
vt 0.1568 0.0000
vt 0.0230 0.1329
vt 0.0000 0.0000
vt 0.1568 0.0000
vt 0.1338 0.1329
vt 0.0000 0.0000
vt 0.2161 0.0000
vt 0.2161 0.0504
vt 0.0000 0.0504
vt 0.0000 0.0000
vt 0.2161 0.0000
vt 0.1981 0.1875
vt 0.0000 0.0000
vt 0.2161 0.0000
vt 0.0180 0.1875
vt 0.0000 0.0000
vt 0.2698 0.0000
vt 0.2698 0.0504
vt 0.0000 0.0504
vt 0.0000 0.0000
vt 0.2698 0.0000
vt 0.0779 0.1715
vt 0.0000 0.0000
vt 0.2698 0.0000
vt 0.1919 0.1715
vt 0.0000 0.0000
vt 0.1261 0.0000
vt 0.1261 0.0504
vt 0.0000 0.0504
vt 0.0000 0.0000
vt 0.1261 0.0000
vt 0.2164 0.1393
vt 0.0000 0.0000
vt 0.1261 -0.0000
vt -0.0903 0.1393
vt 0.0000 0.0000
vt 0.1775 0.0000
vt 0.1775 0.0504
vt 0.0000 0.0504
vt 0.0000 0.0000
vt 0.1775 0.0000
vt 0.0287 0.1636
vt 0.0000 0.0000
vt 0.1775 0.0000
vt 0.1489 0.1636
vt 0.0000 0.0000
vt 0.2339 0.0000
vt 0.2339 0.0504
vt 0.0000 0.0504
vt 0.0000 0.0000
vt 0.2339 0.0000
vt 0.1739 0.1367
vt 0.0000 0.0000
vt 0.2339 0.0000
vt 0.0601 0.1367
vt 0.0000 0.0000
vt 0.1012 0.0000
vt 0.1012 0.0504
vt 0.0000 0.0504
vt 0.0000 0.0000
vt 0.1012 0.0000
vt -0.0029 0.1493
vt 0.0000 0.0000
vt 0.1012 0.0000
vt 0.1041 0.1493
vt 0.0000 0.0000
vt 0.2073 0.0000
vt 0.2073 0.0504
vt 0.0000 0.0504
vt 0.0000 0.0000
vt 0.2073 0.0000
vt 0.0041 0.1820
vt 0.0000 0.0000
vt 0.2073 0.0000
vt 0.2031 0.1820
vt 0.0000 0.0000
vt 0.1505 0.0000
vt 0.1505 0.0529
vt 0.0000 0.0529
vt 0.0000 0.0000
vt 0.1505 0.0000
vt 0.0763 0.1920
vt 0.0000 0.0000
vt 0.1505 0.0000
vt 0.0741 0.1920
vt 0.0000 0.0000
vt 0.2122 0.0000
vt 0.2122 0.0529
vt 0.0000 0.0529
vt 0.0000 0.0000
vt 0.2122 -0.0000
vt 0.1413 0.1496
vt 0.0000 0.0000
vt 0.2122 0.0000
vt 0.0710 0.1496
vt 0.0000 0.0000
vt 0.1373 0.0000
vt 0.1373 0.0529
vt 0.0000 0.0529
vt 0.0000 0.0000
vt 0.1373 -0.0000
vt 0.0344 0.1620
vt 0.0000 0.0000
vt 0.1373 0.0000
vt 0.1028 0.1620
vt 0.0000 0.0000
vt 0.2114 0.0000
vt 0.2114 0.0529
vt 0.0000 0.0529
vt 0.0000 0.0000
vt 0.2114 0.0000
vt -0.0674 0.1797
vt 0.0000 0.0000
vt 0.2114 0.0000
vt 0.2787 0.1797
vt 0.0000 0.0000
vt 0.1539 0.0000
vt 0.1539 0.0529
vt 0.0000 0.0529
vt 0.0000 0.0000
vt 0.1539 0.0000
vt 0.2976 0.1464
vt 0.0000 0.0000
vt 0.1539 0.0000
vt -0.1437 0.1464
vt 0.0000 0.0000
vt 0.2002 0.0000
vt 0.2002 0.0529
vt 0.0000 0.0529
vt 0.0000 0.0000
vt 0.2002 0.0000
vt 0.1504 0.1395
vt 0.0000 0.0000
vt 0.2002 -0.0000
vt 0.0498 0.1395
vt 0.0000 0.0000
vt 0.2275 0.0000
vt 0.2275 0.0529
vt 0.0000 0.0529
vt 0.0000 0.0000
vt 0.2275 0.0000
vt 0.0358 0.1437
vt 0.0000 0.0000
vt 0.2275 0.0000
vt 0.1917 0.1437
vt 0.0000 0.0000
vt 0.0640 0.0000
vt 0.0640 0.0529
vt 0.0000 0.0529
vt 0.0000 0.0000
vt 0.0640 0.0000
vt 0.1471 0.1892
vt 0.0000 0.0000
vt 0.0640 0.0000
vt -0.0831 0.1892
vt 0.0000 0.0000
vt 0.2182 0.0000
vt 0.2182 0.0434
vt 0.0000 0.0434
vt 0.0000 0.0000
vt 0.2182 0.0000
vt 0.1955 0.1808
vt 0.0000 0.0000
vt 0.2182 0.0000
vt 0.0227 0.1808
vt 0.0000 0.0000
vt 0.1999 0.0000
vt 0.1999 0.0434
vt 0.0000 0.0434
vt 0.0000 0.0000
vt 0.1999 0.0000
vt 0.0669 0.1695
vt 0.0000 0.0000
vt 0.1999 0.0000
vt 0.1330 0.1695
vt 0.0000 0.0000
vt 0.2177 0.0000
vt 0.2177 0.0434
vt 0.0000 0.0434
vt 0.0000 0.0000
vt 0.2177 -0.0000
vt 0.0759 0.2016
vt 0.0000 0.0000
vt 0.2177 0.0000
vt 0.1418 0.2016
vt 0.0000 0.0000
vt 0.1880 0.0000
vt 0.1880 0.0434
vt 0.0000 0.0434
vt 0.0000 0.0000
vt 0.1880 0.0000
vt -0.0727 0.2356
vt 0.0000 0.0000
vt 0.1880 0.0000
vt 0.2607 0.2356
vt 0.0000 0.0000
vt 0.2981 0.0000
vt 0.2981 0.0434
vt 0.0000 0.0434
vt 0.0000 0.0000
vt 0.2981 -0.0000
vt 0.2661 0.2294
vt 0.0000 0.0000
vt 0.2981 0.0000
vt 0.0320 0.2294
vt 0.0000 0.0000
vt 0.2810 0.0000
vt 0.2810 0.0434
vt 0.0000 0.0434
vt 0.0000 0.0000
vt 0.2810 0.0000
vt 0.1492 0.1772
vt 0.0000 0.0000
vt 0.2810 0.0000
vt 0.1319 0.1772
vt 0.0000 0.0000
vt 0.1164 0.0000
vt 0.1164 0.0434
vt 0.0000 0.0434
vt 0.0000 0.0000
vt 0.1164 0.0000
vt -0.0367 0.2178
vt 0.0000 0.0000
vt 0.1164 0.0000
vt 0.1531 0.2178
vt 0.0000 0.0000
vt 0.1357 0.0000
vt 0.1357 0.0555
vt 0.0000 0.0555
vt 0.0000 0.0000
vt 0.1357 -0.0000
vt 0.2600 0.0891
vt 0.0000 0.0000
vt 0.1357 0.0000
vt -0.1244 0.0891
vt 0.0000 0.0000
vt 0.1769 0.0000
vt 0.1769 0.0555
vt 0.0000 0.0555
vt 0.0000 0.0000
vt 0.1769 0.0000
vt 0.0856 0.1268
vt 0.0000 0.0000
vt 0.1769 0.0000
vt 0.0913 0.1268
vt 0.0000 0.0000
vt 0.1686 0.0000
vt 0.1686 0.0555
vt 0.0000 0.0555
vt 0.0000 0.0000
vt 0.1686 0.0000
vt 0.0592 0.1445
vt 0.0000 0.0000
vt 0.1686 0.0000
vt 0.1094 0.1445
vt 0.0000 0.0000
vt 0.0929 0.0000
vt 0.0929 0.0555
vt 0.0000 0.0555
vt 0.0000 0.0000
vt 0.0929 -0.0000
vt -0.0935 0.1553
vt 0.0000 0.0000
vt 0.0929 0.0000
vt 0.1864 0.1553
vt 0.0000 0.0000
vt 0.1394 0.0000
vt 0.1394 0.0555
vt 0.0000 0.0555
vt 0.0000 0.0000
vt 0.1394 0.0000
vt 0.1947 0.1448
vt 0.0000 0.0000
vt 0.1394 0.0000
vt -0.0553 0.1448
vt 0.0000 0.0000
vt 0.0715 0.0000
vt 0.0715 0.0555
vt 0.0000 0.0555
vt 0.0000 0.0000
vt 0.0715 -0.0000
vt -0.0014 0.1550
vt 0.0000 0.0000
vt 0.0715 0.0000
vt 0.0729 0.1550
vt 0.0000 0.0000
vt 0.1245 0.0000
vt 0.1245 0.0555
vt 0.0000 0.0555
vt 0.0000 0.0000
vt 0.1245 0.0000
vt 0.1150 0.1270
vt 0.0000 0.0000
vt 0.1245 0.0000
vt 0.0095 0.1270
vt 0.0000 0.0000
vt 0.2379 0.0000
vt 0.2379 0.0555
vt 0.0000 0.0555
vt 0.0000 0.0000
vt 0.2379 0.0000
vt 0.0270 0.1244
vt 0.0000 0.0000
vt 0.2379 -0.0000
vt 0.2109 0.1244
vt 0.0000 0.0000
vt 0.0937 0.0000
vt 0.0937 0.0555
vt 0.0000 0.0555
vt 0.0000 0.0000
vt 0.0937 0.0000
vt -0.0364 0.2421
vt 0.0000 0.0000
vt 0.0937 0.0000
vt 0.1301 0.2421
vt 0.0000 0.0000
vt 0.1152 0.0000
vt 0.1152 0.0380
vt 0.0000 0.0380
vt 0.0000 0.0000
vt 0.1152 0.0000
vt 0.0160 0.1010
vt 0.0000 0.0000
vt 0.1152 0.0000
vt 0.0992 0.1010
vt 0.0000 0.0000
vt 0.1611 0.0000
vt 0.1611 0.0380
vt 0.0000 0.0380
vt 0.0000 0.0000
vt 0.1611 0.0000
vt 0.0945 0.1054
vt 0.0000 0.0000
vt 0.1611 0.0000
vt 0.0665 0.1054
vt 0.0000 0.0000
vt 0.0918 0.0000
vt 0.0918 0.0380
vt 0.0000 0.0380
vt 0.0000 0.0000
vt 0.0918 0.0000
vt 0.0797 0.0958
vt 0.0000 0.0000
vt 0.0918 0.0000
vt 0.0121 0.0958
vt 0.0000 0.0000
vt 0.1573 0.0000
vt 0.1573 0.0380
vt 0.0000 0.0380
vt 0.0000 0.0000
vt 0.1573 0.0000
vt 0.0486 0.0835
vt 0.0000 0.0000
vt 0.1573 0.0000
vt 0.1087 0.0835
vt 0.0000 0.0000
vt 0.0881 0.0000
vt 0.0881 0.0380
vt 0.0000 0.0380
vt 0.0000 0.0000
vt 0.0881 0.0000
vt 0.0647 0.1208
vt 0.0000 0.0000
vt 0.0881 0.0000
vt 0.0234 0.1208
vt 0.0000 0.0000
vt 0.1201 0.0000
vt 0.1201 0.0380
vt 0.0000 0.0380
vt 0.0000 0.0000
vt 0.1201 0.0000
vt 0.0796 0.0939
vt 0.0000 0.0000
vt 0.1201 0.0000
vt 0.0405 0.0939
vt 0.0000 0.0000
vt 0.1845 0.0000
vt 0.1845 0.0303
vt 0.0000 0.0303
vt 0.0000 0.0000
vt 0.1845 0.0000
vt 0.2100 0.1150
vt 0.0000 0.0000
vt 0.1845 0.0000
vt -0.0255 0.1150
vt 0.0000 0.0000
vt 0.1481 0.0000
vt 0.1481 0.0303
vt 0.0000 0.0303
vt 0.0000 0.0000
vt 0.1481 0.0000
vt 0.0654 0.0980
vt 0.0000 0.0000
vt 0.1481 0.0000
vt 0.0828 0.0980
vt 0.0000 0.0000
vt 0.1575 0.0000
vt 0.1575 0.0303
vt 0.0000 0.0303
vt 0.0000 0.0000
vt 0.1575 0.0000
vt 0.0601 0.1133
vt 0.0000 0.0000
vt 0.1575 0.0000
vt 0.0974 0.1133
vt 0.0000 0.0000
vt 0.1318 0.0000
vt 0.1318 0.0303
vt 0.0000 0.0303
vt 0.0000 0.0000
vt 0.1318 0.0000
vt 0.0245 0.1474
vt 0.0000 0.0000
vt 0.1318 0.0000
vt 0.1073 0.1474
vt 0.0000 0.0000
vt 0.2529 0.0000
vt 0.2529 0.0303
vt 0.0000 0.0303
vt 0.0000 0.0000
vt 0.2529 0.0000
vt 0.1188 0.1384
vt 0.0000 0.0000
vt 0.2529 0.0000
vt 0.1342 0.1384
vt 0.0000 0.0000
vt 0.1492 0.0000
vt 0.1492 0.0303
vt 0.0000 0.0303
vt 0.0000 0.0000
vt 0.1492 0.0000
vt 0.0069 0.1926
vt 0.0000 0.0000
vt 0.1492 0.0000
vt 0.1422 0.1926
vt 0.0000 0.0000
vt 0.0763 0.0000
vt 0.0763 0.0671
vt 0.0000 0.0671
vt 0.0000 0.0000
vt 0.0763 -0.0000
vt 0.1884 0.1847
vt 0.0000 0.0000
vt 0.0763 0.0000
vt -0.1122 0.1847
vt 0.0000 0.0000
vt 0.1975 0.0000
vt 0.1975 0.0671
vt 0.0000 0.0671
vt 0.0000 0.0000
vt 0.1975 0.0000
vt 0.1812 0.1178
vt 0.0000 0.0000
vt 0.1975 0.0000
vt 0.0163 0.1178
vt 0.0000 0.0000
vt 0.1552 0.0000
vt 0.1552 0.0671
vt 0.0000 0.0671
vt 0.0000 0.0000
vt 0.1552 0.0000
vt 0.0062 0.1188
vt 0.0000 0.0000
vt 0.1552 0.0000
vt 0.1490 0.1188
vt 0.0000 0.0000
vt 0.1068 0.0000
vt 0.1068 0.0671
vt 0.0000 0.0671
vt 0.0000 0.0000
vt 0.1068 0.0000
vt -0.0387 0.1866
vt 0.0000 0.0000
vt 0.1068 0.0000
vt 0.1455 0.1866
vt 0.0000 0.0000
vt 0.1503 0.0000
vt 0.1503 0.0671
vt 0.0000 0.0671
vt 0.0000 0.0000
vt 0.1503 0.0000
vt -0.1387 0.1917
vt 0.0000 0.0000
vt 0.1503 -0.0000
vt 0.2890 0.1917
vt 0.0000 0.0000
vt 0.2924 0.0000
vt 0.2924 0.0671
vt 0.0000 0.0671
vt 0.0000 0.0000
vt 0.2924 0.0000
vt 0.3273 0.1148
vt 0.0000 0.0000
vt 0.2924 0.0000
vt -0.0349 0.1148
vt 0.0000 0.0000
vt 0.0745 0.0000
vt 0.0745 0.0671
vt 0.0000 0.0671
vt 0.0000 0.0000
vt 0.0745 0.0000
vt -0.0493 0.1094
vt 0.0000 0.0000
vt 0.0745 0.0000
vt 0.1238 0.1094
vt 0.0000 0.0000
vt 0.1660 0.0000
vt 0.1660 0.0671
vt 0.0000 0.0671
vt 0.0000 0.0000
vt 0.1660 0.0000
vt 0.0719 0.1487
vt 0.0000 0.0000
vt 0.1660 0.0000
vt 0.0941 0.1487
vt 0.0000 0.0000
vt 0.1822 0.0000
vt 0.1822 0.0671
vt 0.0000 0.0671
vt 0.0000 0.0000
vt 0.1822 0.0000
vt -0.0150 0.1754
vt 0.0000 0.0000
vt 0.1822 0.0000
vt 0.1972 0.1754
vt 0.0000 0.0000
vt 0.0797 0.0000
vt 0.0797 0.0542
vt 0.0000 0.0542
vt 0.0000 0.0000
vt 0.0797 0.0000
vt 0.0235 0.1859
vt 0.0000 0.0000
vt 0.0797 0.0000
vt 0.0562 0.1859
vt 0.0000 0.0000
vt 0.1047 0.0000
vt 0.1047 0.0542
vt 0.0000 0.0542
vt 0.0000 0.0000
vt 0.1047 0.0000
vt 0.1661 0.1007
vt 0.0000 0.0000
vt 0.1047 0.0000
vt -0.0614 0.1007
vt 0.0000 0.0000
vt 0.1941 0.0000
vt 0.1941 0.0542
vt 0.0000 0.0542
vt 0.0000 0.0000
vt 0.1941 0.0000
vt 0.0704 0.0947
vt 0.0000 0.0000
vt 0.1941 0.0000
vt 0.1237 0.0947
vt 0.0000 0.0000
vt 0.0624 0.0000
vt 0.0624 0.0542
vt 0.0000 0.0542
vt 0.0000 0.0000
vt 0.0624 0.0000
vt -0.0858 0.1299
vt 0.0000 0.0000
vt 0.0624 0.0000
vt 0.1482 0.1299
vt 0.0000 0.0000
vt 0.1438 0.0000
vt 0.1438 0.0542
vt 0.0000 0.0542
vt 0.0000 0.0000
vt 0.1438 0.0000
vt 0.0358 0.1939
vt 0.0000 0.0000
vt 0.1438 0.0000
vt 0.1081 0.1939
vt 0.0000 0.0000
vt 0.1027 0.0000
vt 0.1027 0.0542
vt 0.0000 0.0542
vt 0.0000 0.0000
vt 0.1027 -0.0000
vt 0.1488 0.1647
vt 0.0000 0.0000
vt 0.1027 0.0000
vt -0.0461 0.1647
vt 0.0000 0.0000
vt 0.1177 0.0000
vt 0.1177 0.0542
vt 0.0000 0.0542
vt 0.0000 0.0000
vt 0.1177 -0.0000
vt 0.1006 0.1383
vt 0.0000 0.0000
vt 0.1177 0.0000
vt 0.0171 0.1383
vt 0.0000 0.0000
vt 0.1692 0.0000
vt 0.1692 0.0542
vt 0.0000 0.0542
vt 0.0000 0.0000
vt 0.1692 0.0000
vt 0.0690 0.1211
vt 0.0000 0.0000
vt 0.1692 0.0000
vt 0.1003 0.1211
vt 0.0000 0.0000
vt 0.0818 0.0000
vt 0.0818 0.0542
vt 0.0000 0.0542
vt 0.0000 0.0000
vt 0.0818 0.0000
vt -0.0227 0.1556
vt 0.0000 0.0000
vt 0.0818 0.0000
vt 0.1045 0.1556
vt 0.0000 0.0000
vt 0.1580 0.0000
vt 0.1580 0.0635
vt 0.0000 0.0635
vt 0.0000 0.0000
vt 0.1580 0.0000
vt 0.0925 0.1888
vt 0.0000 0.0000
vt 0.1580 0.0000
vt 0.0655 0.1888
vt 0.0000 0.0000
vt 0.1859 0.0000
vt 0.1859 0.0635
vt 0.0000 0.0635
vt 0.0000 0.0000
vt 0.1859 0.0000
vt -0.0495 0.1936
vt 0.0000 0.0000
vt 0.1859 0.0000
vt 0.2354 0.1936
vt 0.0000 0.0000
vt 0.2924 0.0000
vt 0.2924 0.0635
vt 0.0000 0.0635
vt 0.0000 0.0000
vt 0.2924 0.0000
vt 0.1193 0.2805
vt 0.0000 0.0000
vt 0.2924 0.0000
vt 0.1731 0.2805
vt 0.0000 0.0000
vt 0.1868 0.0000
vt 0.1868 0.0635
vt 0.0000 0.0635
vt 0.0000 0.0000
vt 0.1868 0.0000
vt 0.1652 0.2852
vt 0.0000 0.0000
vt 0.1868 -0.0000
vt 0.0215 0.2852
vt 0.0000 0.0000
vt 0.2487 0.0000
vt 0.2487 0.0635
vt 0.0000 0.0635
vt 0.0000 0.0000
vt 0.2487 0.0000
vt 0.0629 0.2790
vt 0.0000 0.0000
vt 0.2487 0.0000
vt 0.1857 0.2790
vt 0.0000 0.0000
vt 0.2565 0.0000
vt 0.2565 0.0635
vt 0.0000 0.0635
vt 0.0000 0.0000
vt 0.2565 0.0000
vt 0.1514 0.2990
vt 0.0000 0.0000
vt 0.2565 0.0000
vt 0.1051 0.2990
vt 0.0000 0.0000
vt 0.2648 0.0000
vt 0.2648 0.0635
vt 0.0000 0.0635
vt 0.0000 0.0000
vt 0.2648 0.0000
vt 0.1478 0.2803
vt 0.0000 0.0000
vt 0.2648 0.0000
vt 0.1170 0.2803
vt 0.0000 0.0000
vt 0.2198 0.0000
vt 0.2198 0.0635
vt 0.0000 0.0635
vt 0.0000 0.0000
vt 0.2198 0.0000
vt 0.2192 0.2102
vt 0.0000 0.0000
vt 0.2198 0.0000
vt 0.0006 0.2102
vt 0.0000 0.0000
vt 0.1200 0.0000
vt 0.1200 0.0399
vt 0.0000 0.0399
vt 0.0000 0.0000
vt 0.1200 0.0000
vt 0.0342 0.3021
vt 0.0000 0.0000
vt 0.1200 0.0000
vt 0.0858 0.3021
vt 0.0000 0.0000
vt 0.3494 0.0000
vt 0.3494 0.0399
vt 0.0000 0.0399
vt 0.0000 0.0000
vt 0.3494 -0.0000
vt 0.2879 0.1254
vt 0.0000 0.0000
vt 0.3494 0.0000
vt 0.0615 0.1254
vt 0.0000 0.0000
vt 0.1935 0.0000
vt 0.1935 0.0399
vt 0.0000 0.0399
vt 0.0000 0.0000
vt 0.1935 0.0000
vt -0.0688 0.1216
vt 0.0000 0.0000
vt 0.1935 0.0000
vt 0.2623 0.1216
vt 0.0000 0.0000
vt 0.2334 0.0000
vt 0.2334 0.0399
vt 0.0000 0.0399
vt 0.0000 0.0000
vt 0.2334 0.0000
vt 0.1057 0.2691
vt 0.0000 0.0000
vt 0.2334 -0.0000
vt 0.1277 0.2691
vt 0.0000 0.0000
vt 0.2401 0.0000
vt 0.2401 0.0399
vt 0.0000 0.0399
vt 0.0000 0.0000
vt 0.2401 0.0000
vt 0.2641 0.1378
vt 0.0000 0.0000
vt 0.2401 0.0000
vt -0.0239 0.1378
vt 0.0000 0.0000
vt 0.1734 0.0000
vt 0.1734 0.0399
vt 0.0000 0.0399
vt 0.0000 0.0000
vt 0.1734 0.0000
vt 0.0362 0.1351
vt 0.0000 0.0000
vt 0.1734 0.0000
vt 0.1371 0.1351
vt 0.0000 0.0000
vt 0.2317 0.0000
vt 0.2317 0.0399
vt 0.0000 0.0399
vt 0.0000 0.0000
vt 0.2317 0.0000
vt -0.0036 0.1925
vt 0.0000 0.0000
vt 0.2317 0.0000
vt 0.2353 0.1925
vt 0.0000 0.0000
vt 0.0993 0.0000
vt 0.0993 0.0315
vt 0.0000 0.0315
vt 0.0000 0.0000
vt 0.0993 0.0000
vt 0.1067 0.1392
vt 0.0000 0.0000
vt 0.0993 0.0000
vt -0.0074 0.1392
vt 0.0000 0.0000
vt 0.1833 0.0000
vt 0.1833 0.0315
vt 0.0000 0.0315
vt 0.0000 0.0000
vt 0.1833 0.0000
vt 0.0957 0.1014
vt 0.0000 0.0000
vt 0.1833 0.0000
vt 0.0877 0.1014
vt 0.0000 0.0000
vt 0.1610 0.0000
vt 0.1610 0.0315
vt 0.0000 0.0315
vt 0.0000 0.0000
vt 0.1610 0.0000
vt 0.0274 0.1312
vt 0.0000 0.0000
vt 0.1610 0.0000
vt 0.1336 0.1312
vt 0.0000 0.0000
vt 0.1683 0.0000
vt 0.1683 0.0315
vt 0.0000 0.0315
vt 0.0000 0.0000
vt 0.1683 0.0000
vt 0.1323 0.1325
vt 0.0000 0.0000
vt 0.1683 0.0000
vt 0.0360 0.1325
vt 0.0000 0.0000
vt 0.2118 0.0000
vt 0.2118 0.0315
vt 0.0000 0.0315
vt 0.0000 0.0000
vt 0.2118 0.0000
vt 0.0793 0.1121
vt 0.0000 0.0000
vt 0.2118 0.0000
vt 0.1326 0.1121
vt 0.0000 0.0000
vt 0.1161 0.0000
vt 0.1161 0.0315
vt 0.0000 0.0315
vt 0.0000 0.0000
vt 0.1161 0.0000
vt 0.0554 0.1645
vt 0.0000 0.0000
vt 0.1161 0.0000
vt 0.0608 0.1645
vt 0.0000 0.0000
vt 0.1127 0.0000
vt 0.1127 0.0547
vt 0.0000 0.0547
vt 0.0000 0.0000
vt 0.1127 0.0000
vt 0.0723 0.1040
vt 0.0000 0.0000
vt 0.1127 0.0000
vt 0.0403 0.1040
vt 0.0000 0.0000
vt 0.0726 0.0000
vt 0.0726 0.0547
vt 0.0000 0.0547
vt 0.0000 0.0000
vt 0.0726 0.0000
vt 0.0554 0.0968
vt 0.0000 0.0000
vt 0.0726 0.0000
vt 0.0172 0.0968
vt 0.0000 0.0000
vt 0.1054 0.0000
vt 0.1054 0.0547
vt 0.0000 0.0547
vt 0.0000 0.0000
vt 0.1054 -0.0000
vt 0.0388 0.0904
vt 0.0000 0.0000
vt 0.1054 0.0000
vt 0.0666 0.0904
vt 0.0000 0.0000
vt 0.0861 0.0000
vt 0.0861 0.0547
vt 0.0000 0.0547
vt 0.0000 0.0000
vt 0.0861 -0.0000
vt 0.0455 0.1026
vt 0.0000 0.0000
vt 0.0861 0.0000
vt 0.0405 0.1026
vt 0.0000 0.0000
vt 0.0475 0.0000
vt 0.0475 0.0547
vt 0.0000 0.0547
vt 0.0000 0.0000
vt 0.0475 0.0000
vt 0.0435 0.1014
vt 0.0000 0.0000
vt 0.0475 0.0000
vt 0.0040 0.1014
vt 0.0000 0.0000
vt 0.0985 0.0000
vt 0.0985 0.0547
vt 0.0000 0.0547
vt 0.0000 0.0000
vt 0.0985 0.0000
vt 0.0570 0.0840
vt 0.0000 0.0000
vt 0.0985 0.0000
vt 0.0414 0.0840
vt 0.0000 0.0000
vt 0.0660 0.0000
vt 0.0660 0.0547
vt 0.0000 0.0547
vt 0.0000 0.0000
vt 0.0660 0.0000
vt 0.0327 0.0877
vt 0.0000 0.0000
vt 0.0660 0.0000
vt 0.0334 0.0877
vt 0.0000 0.0000
vt 0.0682 0.0000
vt 0.0682 0.0547
vt 0.0000 0.0547
vt 0.0000 0.0000
vt 0.0682 0.0000
vt -0.0189 0.0919
vt 0.0000 0.0000
vt 0.0682 0.0000
vt 0.0872 0.0919
vt 0.0000 0.0000
vt 0.2195 0.0000
vt 0.2195 0.0272
vt 0.0000 0.0272
vt 0.0000 0.0000
vt 0.2195 0.0000
vt 0.1233 0.2825
vt 0.0000 0.0000
vt 0.2195 -0.0000
vt 0.0962 0.2825
vt 0.0000 0.0000
vt 0.3624 0.0000
vt 0.3624 0.0272
vt 0.0000 0.0272
vt 0.0000 0.0000
vt 0.3624 0.0000
vt 0.2198 0.2019
vt 0.0000 0.0000
vt 0.3624 0.0000
vt 0.1427 0.2019
vt 0.0000 0.0000
vt 0.2275 0.0000
vt 0.2275 0.0272
vt 0.0000 0.0272
vt 0.0000 0.0000
vt 0.2275 0.0000
vt 0.0462 0.2429
vt 0.0000 0.0000
vt 0.2275 0.0000
vt 0.1812 0.2429
vt 0.0000 0.0000
vt 0.2464 0.0000
vt 0.2464 0.0272
vt 0.0000 0.0272
vt 0.0000 0.0000
vt 0.2464 0.0000
vt 0.1618 0.2562
vt 0.0000 0.0000
vt 0.2464 0.0000
vt 0.0846 0.2562
vt 0.0000 0.0000
vt 0.3828 0.0000
vt 0.3828 0.0272
vt 0.0000 0.0272
vt 0.0000 0.0000
vt 0.3828 0.0000
vt 0.1717 0.2082
vt 0.0000 0.0000
vt 0.3828 0.0000
vt 0.2111 0.2082
vt 0.0000 0.0000
vt 0.2652 0.0000
vt 0.2652 0.0272
vt 0.0000 0.0272
vt 0.0000 0.0000
vt 0.2652 0.0000
vt 0.1192 0.2714
vt 0.0000 0.0000
vt 0.2652 0.0000
vt 0.1460 0.2714
vt 0.0000 0.0000
vt 0.0853 0.0000
vt 0.0853 0.0683
vt 0.0000 0.0683
vt 0.0000 0.0000
vt 0.0853 0.0000
vt 0.1336 0.1418
vt 0.0000 0.0000
vt 0.0853 0.0000
vt -0.0483 0.1418
vt 0.0000 0.0000
vt 0.1584 0.0000
vt 0.1584 0.0683
vt 0.0000 0.0683
vt 0.0000 0.0000
vt 0.1584 -0.0000
vt 0.0272 0.1473
vt 0.0000 0.0000
vt 0.1584 0.0000
vt 0.1312 0.1473
vt 0.0000 0.0000
vt 0.1326 0.0000
vt 0.1326 0.0683
vt 0.0000 0.0683
vt 0.0000 0.0000
vt 0.1326 0.0000
vt 0.0279 0.1952
vt 0.0000 0.0000
vt 0.1326 0.0000
vt 0.1046 0.1952
vt 0.0000 0.0000
vt 0.1573 0.0000
vt 0.1573 0.0683
vt 0.0000 0.0683
vt 0.0000 0.0000
vt 0.1573 0.0000
vt 0.1107 0.1919
vt 0.0000 0.0000
vt 0.1573 -0.0000
vt 0.0466 0.1919
vt 0.0000 0.0000
vt 0.1236 0.0000
vt 0.1236 0.0683
vt 0.0000 0.0683
vt 0.0000 0.0000
vt 0.1236 -0.0000
vt 0.0114 0.1971
vt 0.0000 0.0000
vt 0.1236 0.0000
vt 0.1123 0.1971
vt 0.0000 0.0000
vt 0.1524 0.0000
vt 0.1524 0.0683
vt 0.0000 0.0683
vt 0.0000 0.0000
vt 0.1524 0.0000
vt 0.1453 0.1742
vt 0.0000 0.0000
vt 0.1524 0.0000
vt 0.0071 0.1742
vt 0.0000 0.0000
vt 0.1141 0.0000
vt 0.1141 0.0683
vt 0.0000 0.0683
vt 0.0000 0.0000
vt 0.1141 0.0000
vt -0.0174 0.1735
vt 0.0000 0.0000
vt 0.1141 -0.0000
vt 0.1315 0.1735
vt 0.0000 0.0000
vt 0.1656 0.0000
vt 0.1656 0.0683
vt 0.0000 0.0683
vt 0.0000 0.0000
vt 0.1656 0.0000
vt 0.1220 0.1802
vt 0.0000 0.0000
vt 0.1656 -0.0000
vt 0.0435 0.1802
vt 0.0000 0.0000
vt 0.1582 0.0000
vt 0.1582 0.0683
vt 0.0000 0.0683
vt 0.0000 0.0000
vt 0.1582 0.0000
vt 0.0678 0.1725
vt 0.0000 0.0000
vt 0.1582 0.0000
vt 0.0904 0.1725
vt 0.0000 0.0000
vt 0.1020 0.0000
vt 0.1020 0.0413
vt 0.0000 0.0413
vt 0.0000 0.0000
vt 0.1020 0.0000
vt 0.0537 0.1209
vt 0.0000 0.0000
vt 0.1020 -0.0000
vt 0.0483 0.1209
vt 0.0000 0.0000
vt 0.1554 0.0000
vt 0.1554 0.0413
vt 0.0000 0.0413
vt 0.0000 0.0000
vt 0.1554 0.0000
vt 0.0549 0.1181
vt 0.0000 0.0000
vt 0.1554 0.0000
vt 0.1005 0.1181
vt 0.0000 0.0000
vt 0.0754 0.0000
vt 0.0754 0.0413
vt 0.0000 0.0413
vt 0.0000 0.0000
vt 0.0754 0.0000
vt 0.0525 0.1459
vt 0.0000 0.0000
vt 0.0754 0.0000
vt 0.0230 0.1459
vt 0.0000 0.0000
vt 0.1268 0.0000
vt 0.1268 0.0413
vt 0.0000 0.0413
vt 0.0000 0.0000
vt 0.1268 0.0000
vt 0.0802 0.1241
vt 0.0000 0.0000
vt 0.1268 0.0000
vt 0.0466 0.1241
vt 0.0000 0.0000
vt 0.0853 0.0000
vt 0.0853 0.0413
vt 0.0000 0.0413
vt 0.0000 0.0000
vt 0.0853 0.0000
vt -0.0823 0.1039
vt 0.0000 0.0000
vt 0.0853 0.0000
vt 0.1676 0.1039
vt 0.0000 0.0000
vt 0.1665 0.0000
vt 0.1665 0.0413
vt 0.0000 0.0413
vt 0.0000 0.0000
vt 0.1665 0.0000
vt 0.1627 0.1115
vt 0.0000 0.0000
vt 0.1665 -0.0000
vt 0.0038 0.1115
vt 0.0000 0.0000
vt 0.1647 0.0000
vt 0.1647 0.0413
vt 0.0000 0.0413
vt 0.0000 0.0000
vt 0.1647 0.0000
vt 0.0242 0.1089
vt 0.0000 0.0000
vt 0.1647 0.0000
vt 0.1405 0.1089
vt 0.0000 0.0000
vt 0.0798 0.0000
vt 0.0798 0.0413
vt 0.0000 0.0413
vt 0.0000 0.0000
vt 0.0798 0.0000
vt 0.1283 0.1231
vt 0.0000 0.0000
vt 0.0798 0.0000
vt -0.0485 0.1231
vt 0.0000 0.0000
vt 0.2095 0.0000
vt 0.2095 0.0673
vt 0.0000 0.0673
vt 0.0000 0.0000
vt 0.2095 0.0000
vt 0.1898 0.2378
vt 0.0000 0.0000
vt 0.2095 0.0000
vt 0.0196 0.2378
vt 0.0000 0.0000
vt 0.3368 0.0000
vt 0.3368 0.0673
vt 0.0000 0.0673
vt 0.0000 0.0000
vt 0.3368 0.0000
vt 0.1730 0.1643
vt 0.0000 0.0000
vt 0.3368 0.0000
vt 0.1637 0.1643
vt 0.0000 0.0000
vt 0.2791 0.0000
vt 0.2791 0.0673
vt 0.0000 0.0673
vt 0.0000 0.0000
vt 0.2791 -0.0000
vt 0.0555 0.2252
vt 0.0000 0.0000
vt 0.2791 0.0000
vt 0.2236 0.2252
vt 0.0000 0.0000
vt 0.1875 0.0000
vt 0.1875 0.0673
vt 0.0000 0.0673
vt 0.0000 0.0000
vt 0.1875 0.0000
vt 0.2098 0.2382
vt 0.0000 0.0000
vt 0.1875 0.0000
vt -0.0223 0.2382
vt 0.0000 0.0000
vt 0.3322 0.0000
vt 0.3322 0.0673
vt 0.0000 0.0673
vt 0.0000 0.0000
vt 0.3322 0.0000
vt 0.1741 0.1641
vt 0.0000 0.0000
vt 0.3322 0.0000
vt 0.1581 0.1641
vt 0.0000 0.0000
vt 0.1957 0.0000
vt 0.1957 0.0673
vt 0.0000 0.0673
vt 0.0000 0.0000
vt 0.1957 -0.0000
vt -0.0060 0.2278
vt 0.0000 0.0000
vt 0.1957 0.0000
vt 0.2017 0.2278
vt 0.0000 0.0000
vt 0.1368 0.0000
vt 0.1368 0.0589
vt 0.0000 0.0589
vt 0.0000 0.0000
vt 0.1368 0.0000
vt 0.0557 0.1427
vt 0.0000 0.0000
vt 0.1368 -0.0000
vt 0.0811 0.1427
vt 0.0000 0.0000
vt 0.1182 0.0000
vt 0.1182 0.0589
vt 0.0000 0.0589
vt 0.0000 0.0000
vt 0.1182 0.0000
vt 0.1183 0.1137
vt 0.0000 0.0000
vt 0.1182 0.0000
vt -0.0001 0.1137
vt 0.0000 0.0000
vt 0.1057 0.0000
vt 0.1057 0.0589
vt 0.0000 0.0589
vt 0.0000 0.0000
vt 0.1057 0.0000
vt 0.0522 0.1010
vt 0.0000 0.0000
vt 0.1057 0.0000
vt 0.0535 0.1010
vt 0.0000 0.0000
vt 0.1477 0.0000
vt 0.1477 0.0589
vt 0.0000 0.0589
vt 0.0000 0.0000
vt 0.1477 -0.0000
vt -0.0073 0.1141
vt 0.0000 0.0000
vt 0.1477 0.0000
vt 0.1550 0.1141
vt 0.0000 0.0000
vt 0.1578 0.0000
vt 0.1578 0.0589
vt 0.0000 0.0589
vt 0.0000 0.0000
vt 0.1578 0.0000
vt 0.1316 0.1405
vt 0.0000 0.0000
vt 0.1578 -0.0000
vt 0.0262 0.1405
vt 0.0000 0.0000
vt 0.1241 0.0000
vt 0.1241 0.0589
vt 0.0000 0.0589
vt 0.0000 0.0000
vt 0.1241 0.0000
vt 0.0935 0.1080
vt 0.0000 0.0000
vt 0.1241 -0.0000
vt 0.0305 0.1080
vt 0.0000 0.0000
vt 0.1131 0.0000
vt 0.1131 0.0589
vt 0.0000 0.0589
vt 0.0000 0.0000
vt 0.1131 -0.0000
vt 0.0085 0.1119
vt 0.0000 0.0000
vt 0.1131 0.0000
vt 0.1046 0.1119
vt 0.0000 0.0000
vt 0.1086 0.0000
vt 0.1086 0.0319
vt 0.0000 0.0319
vt 0.0000 0.0000
vt 0.1086 0.0000
vt 0.1366 0.1077
vt 0.0000 0.0000
vt 0.1086 0.0000
vt -0.0280 0.1077
vt 0.0000 0.0000
vt 0.0925 0.0000
vt 0.0925 0.0319
vt 0.0000 0.0319
vt 0.0000 0.0000
vt 0.0925 0.0000
vt 0.0841 0.0728
vt 0.0000 0.0000
vt 0.0925 0.0000
vt 0.0084 0.0728
vt 0.0000 0.0000
vt 0.0606 0.0000
vt 0.0606 0.0319
vt 0.0000 0.0319
vt 0.0000 0.0000
vt 0.0606 0.0000
vt 0.0107 0.0725
vt 0.0000 0.0000
vt 0.0606 0.0000
vt 0.0499 0.0725
vt 0.0000 0.0000
vt 0.1014 0.0000
vt 0.1014 0.0319
vt 0.0000 0.0319
vt 0.0000 0.0000
vt 0.1014 -0.0000
vt -0.0122 0.0872
vt 0.0000 0.0000
vt 0.1014 0.0000
vt 0.1135 0.0872
vt 0.0000 0.0000
vt 0.0640 0.0000
vt 0.0640 0.0319
vt 0.0000 0.0319
vt 0.0000 0.0000
vt 0.0640 0.0000
vt -0.0973 0.1050
vt 0.0000 0.0000
vt 0.0640 0.0000
vt 0.1613 0.1050
vt 0.0000 0.0000
vt 0.1271 0.0000
vt 0.1271 0.0319
vt 0.0000 0.0319
vt 0.0000 0.0000
vt 0.1271 -0.0000
vt 0.1481 0.1229
vt 0.0000 0.0000
vt 0.1271 0.0000
vt -0.0211 0.1229
vt 0.0000 0.0000
vt 0.1294 0.0000
vt 0.1294 0.0319
vt 0.0000 0.0319
vt 0.0000 0.0000
vt 0.1294 -0.0000
vt 0.0704 0.1030
vt 0.0000 0.0000
vt 0.1294 0.0000
vt 0.0590 0.1030
vt 0.0000 0.0000
vt 0.1241 0.0000
vt 0.1241 0.0319
vt 0.0000 0.0319
vt 0.0000 0.0000
vt 0.1241 0.0000
vt -0.0050 0.1186
vt 0.0000 0.0000
vt 0.1241 0.0000
vt 0.1290 0.1186
vt 0.0000 0.0000
vt 0.0480 0.0000
vt 0.0480 0.0319
vt 0.0000 0.0319
vt 0.0000 0.0000
vt 0.0480 0.0000
vt 0.0288 0.1729
vt 0.0000 0.0000
vt 0.0480 -0.0000
vt 0.0192 0.1729
vt 0.0000 0.0000
vt 0.1453 0.0000
vt 0.1453 0.0403
vt 0.0000 0.0403
vt 0.0000 0.0000
vt 0.1453 0.0000
vt 0.0959 0.1410
vt 0.0000 0.0000
vt 0.1453 0.0000
vt 0.0493 0.1410
vt 0.0000 0.0000
vt 0.2113 0.0000
vt 0.2113 0.0403
vt 0.0000 0.0403
vt 0.0000 0.0000
vt 0.2113 0.0000
vt 0.0856 0.1224
vt 0.0000 0.0000
vt 0.2113 0.0000
vt 0.1257 0.1224
vt 0.0000 0.0000
vt 0.1238 0.0000
vt 0.1238 0.0403
vt 0.0000 0.0403
vt 0.0000 0.0000
vt 0.1238 0.0000
vt 0.0518 0.1676
vt 0.0000 0.0000
vt 0.1238 0.0000
vt 0.0719 0.1676
vt 0.0000 0.0000
vt 0.1369 0.0000
vt 0.1369 0.0403
vt 0.0000 0.0403
vt 0.0000 0.0000
vt 0.1369 0.0000
vt 0.1279 0.1300
vt 0.0000 0.0000
vt 0.1369 0.0000
vt 0.0090 0.1300
vt 0.0000 0.0000
vt 0.1753 0.0000
vt 0.1753 0.0403
vt 0.0000 0.0403
vt 0.0000 0.0000
vt 0.1753 0.0000
vt 0.0583 0.1166
vt 0.0000 0.0000
vt 0.1753 0.0000
vt 0.1170 0.1166
vt 0.0000 0.0000
vt 0.1809 0.0000
vt 0.1809 0.0403
vt 0.0000 0.0403
vt 0.0000 0.0000
vt 0.1809 -0.0000
vt 0.0855 0.1414
vt 0.0000 0.0000
vt 0.1809 0.0000
vt 0.0954 0.1414
vt 0.0000 0.0000
vt 0.1296 0.0000
vt 0.1296 0.0627
vt 0.0000 0.0627
vt 0.0000 0.0000
vt 0.1296 0.0000
vt 0.0281 0.2301
vt 0.0000 0.0000
vt 0.1296 -0.0000
vt 0.1015 0.2301
vt 0.0000 0.0000
vt 0.1743 0.0000
vt 0.1743 0.0627
vt 0.0000 0.0627
vt 0.0000 0.0000
vt 0.1743 0.0000
vt 0.1186 0.2217
vt 0.0000 0.0000
vt 0.1743 0.0000
vt 0.0557 0.2217
vt 0.0000 0.0000
vt 0.2987 0.0000
vt 0.2987 0.0627
vt 0.0000 0.0627
vt 0.0000 0.0000
vt 0.2987 0.0000
vt 0.1104 0.2002
vt 0.0000 0.0000
vt 0.2987 -0.0000
vt 0.1883 0.2002
vt 0.0000 0.0000
vt 0.1991 0.0000
vt 0.1991 0.0627
vt 0.0000 0.0627
vt 0.0000 0.0000
vt 0.1991 0.0000
vt 0.1237 0.2454
vt 0.0000 0.0000
vt 0.1991 0.0000
vt 0.0754 0.2454
vt 0.0000 0.0000
vt 0.1205 0.0000
vt 0.1205 0.0627
vt 0.0000 0.0627
vt 0.0000 0.0000
vt 0.1205 0.0000
vt 0.1310 0.2208
vt 0.0000 0.0000
vt 0.1205 -0.0000
vt -0.0105 0.2208
vt 0.0000 0.0000
vt 0.2178 0.0000
vt 0.2178 0.0627
vt 0.0000 0.0627
vt 0.0000 0.0000
vt 0.2178 0.0000
vt 0.1345 0.1755
vt 0.0000 0.0000
vt 0.2178 0.0000
vt 0.0833 0.1755
vt 0.0000 0.0000
vt 0.0902 0.0000
vt 0.0902 0.0627
vt 0.0000 0.0627
vt 0.0000 0.0000
vt 0.0902 0.0000
vt 0.0962 0.1687
vt 0.0000 0.0000
vt 0.0902 0.0000
vt -0.0060 0.1687
vt 0.0000 0.0000
vt 0.1862 0.0000
vt 0.1862 0.0627
vt 0.0000 0.0627
vt 0.0000 0.0000
vt 0.1862 0.0000
vt 0.0254 0.1669
vt 0.0000 0.0000
vt 0.1862 0.0000
vt 0.1608 0.1669
vt 0.0000 0.0000
vt 0.1706 0.0000
vt 0.1706 0.0436
vt 0.0000 0.0436
vt 0.0000 0.0000
vt 0.1706 0.0000
vt 0.1269 0.1763
vt 0.0000 0.0000
vt 0.1706 0.0000
vt 0.0437 0.1763
vt 0.0000 0.0000
vt 0.2628 0.0000
vt 0.2628 0.0436
vt 0.0000 0.0436
vt 0.0000 0.0000
vt 0.2628 -0.0000
vt 0.0385 0.1775
vt 0.0000 0.0000
vt 0.2628 0.0000
vt 0.2244 0.1775
vt 0.0000 0.0000
vt 0.2037 0.0000
vt 0.2037 0.0436
vt 0.0000 0.0436
vt 0.0000 0.0000
vt 0.2037 0.0000
vt 0.1680 0.2316
vt 0.0000 0.0000
vt 0.2037 -0.0000
vt 0.0358 0.2316
vt 0.0000 0.0000
vt 0.2168 0.0000
vt 0.2168 0.0436
vt 0.0000 0.0436
vt 0.0000 0.0000
vt 0.2168 0.0000
vt 0.1015 0.2112
vt 0.0000 0.0000
vt 0.2168 0.0000
vt 0.1153 0.2112
vt 0.0000 0.0000
vt 0.2131 0.0000
vt 0.2131 0.0436
vt 0.0000 0.0436
vt 0.0000 0.0000
vt 0.2131 0.0000
vt 0.1162 0.2107
vt 0.0000 0.0000
vt 0.2131 0.0000
vt 0.0968 0.2107
vt 0.0000 0.0000
vt 0.2651 0.0000
vt 0.2651 0.0436
vt 0.0000 0.0436
vt 0.0000 0.0000
vt 0.2651 0.0000
vt 0.0707 0.2208
vt 0.0000 0.0000
vt 0.2651 0.0000
vt 0.1944 0.2208
vt 0.0000 0.0000
vt 0.1694 0.0000
vt 0.1694 0.0436
vt 0.0000 0.0436
vt 0.0000 0.0000
vt 0.1694 0.0000
vt 0.2009 0.2149
vt 0.0000 0.0000
vt 0.1694 0.0000
vt -0.0316 0.2149
vt 0.0000 0.0000
vt 0.1662 0.0000
vt 0.1662 0.0603
vt 0.0000 0.0603
vt 0.0000 0.0000
vt 0.1662 0.0000
vt 0.0940 0.2220
vt 0.0000 0.0000
vt 0.1662 0.0000
vt 0.0723 0.2220
vt 0.0000 0.0000
vt 0.2417 0.0000
vt 0.2417 0.0603
vt 0.0000 0.0603
vt 0.0000 0.0000
vt 0.2417 0.0000
vt 0.1846 0.1430
vt 0.0000 0.0000
vt 0.2417 0.0000
vt 0.0571 0.1430
vt 0.0000 0.0000
vt 0.2487 0.0000
vt 0.2487 0.0603
vt 0.0000 0.0603
vt 0.0000 0.0000
vt 0.2487 0.0000
vt 0.0246 0.1520
vt 0.0000 0.0000
vt 0.2487 0.0000
vt 0.2241 0.1520
vt 0.0000 0.0000
vt 0.1433 0.0000
vt 0.1433 0.0603
vt 0.0000 0.0603
vt 0.0000 0.0000
vt 0.1433 0.0000
vt 0.2290 0.1444
vt 0.0000 0.0000
vt 0.1433 0.0000
vt -0.0857 0.1444
vt 0.0000 0.0000
vt 0.2810 0.0000
vt 0.2810 0.0603
vt 0.0000 0.0603
vt 0.0000 0.0000
vt 0.2810 0.0000
vt 0.0906 0.1413
vt 0.0000 0.0000
vt 0.2810 0.0000
vt 0.1903 0.1413
vt 0.0000 0.0000
vt 0.2633 0.0000
vt 0.2633 0.0603
vt 0.0000 0.0603
vt 0.0000 0.0000
vt 0.2633 0.0000
vt 0.1280 0.1995
vt 0.0000 0.0000
vt 0.2633 0.0000
vt 0.1353 0.1995
vt 0.0000 0.0000
vt 0.0797 0.0000
vt 0.0797 0.0388
vt 0.0000 0.0388
vt 0.0000 0.0000
vt 0.0797 0.0000
vt 0.0885 0.0986
vt 0.0000 0.0000
vt 0.0797 0.0000
vt -0.0088 0.0986
vt 0.0000 0.0000
vt 0.0967 0.0000
vt 0.0967 0.0388
vt 0.0000 0.0388
vt 0.0000 0.0000
vt 0.0967 0.0000
vt 0.0443 0.0885
vt 0.0000 0.0000
vt 0.0967 0.0000
vt 0.0524 0.0885
vt 0.0000 0.0000
vt 0.1184 0.0000
vt 0.1184 0.0388
vt 0.0000 0.0388
vt 0.0000 0.0000
vt 0.1184 0.0000
vt 0.0190 0.1011
vt 0.0000 0.0000
vt 0.1184 0.0000
vt 0.0994 0.1011
vt 0.0000 0.0000
vt 0.0773 0.0000
vt 0.0773 0.0388
vt 0.0000 0.0388
vt 0.0000 0.0000
vt 0.0773 0.0000
vt -0.0482 0.1334
vt 0.0000 0.0000
vt 0.0773 0.0000
vt 0.1255 0.1334
vt 0.0000 0.0000
vt 0.1400 0.0000
vt 0.1400 0.0388
vt 0.0000 0.0388
vt 0.0000 0.0000
vt 0.1400 0.0000
vt 0.1661 0.0772
vt 0.0000 0.0000
vt 0.1400 0.0000
vt -0.0261 0.0772
vt 0.0000 0.0000
vt 0.0449 0.0000
vt 0.0449 0.0388
vt 0.0000 0.0388
vt 0.0000 0.0000
vt 0.0449 0.0000
vt 0.0191 0.0792
vt 0.0000 0.0000
vt 0.0449 0.0000
vt 0.0257 0.0792
vt 0.0000 0.0000
vt 0.0864 0.0000
vt 0.0864 0.0388
vt 0.0000 0.0388
vt 0.0000 0.0000
vt 0.0864 0.0000
vt 0.0390 0.0736
vt 0.0000 0.0000
vt 0.0864 -0.0000
vt 0.0474 0.0736
vt 0.0000 0.0000
vt 0.0995 0.0000
vt 0.0995 0.0388
vt 0.0000 0.0388
vt 0.0000 0.0000
vt 0.0995 0.0000
vt 0.0000 0.0875
vt 0.0000 0.0000
vt 0.0995 0.0000
vt 0.0995 0.0875
usemtl concrete
f 49/49 50/50 51/51
f 49/49 51/51 52/52
f 53/53 54/54 55/55
f 53/53 55/55 56/56
f 57/57 58/58 59/59
f 57/57 59/59 60/60
f 61/61 62/62 63/63
f 61/61 63/63 64/64
f 65/65 66/66 67/67
f 65/65 67/67 68/68
f 69/69 70/70 71/71
f 69/69 71/71 72/72
f 97/97 98/98 99/99
f 97/97 99/99 100/100
f 101/101 102/102 103/103
f 101/101 103/103 104/104
f 105/105 106/106 107/107
f 105/105 107/107 108/108
f 109/109 110/110 111/111
f 109/109 111/111 112/112
f 113/113 114/114 115/115
f 113/113 115/115 116/116
f 117/117 118/118 119/119
f 117/117 119/119 120/120
f 121/121 122/122 123/123
f 121/121 123/123 124/124
f 125/125 126/126 127/127
f 125/125 127/127 128/128
f 129/129 130/130 131/131
f 129/129 131/131 132/132
f 133/133 134/134 135/135
f 133/133 135/135 136/136
f 137/137 138/138 139/139
f 137/137 139/139 140/140
f 141/141 142/142 143/143
f 141/141 143/143 144/144
f 145/145 146/146 147/147
f 145/145 147/147 148/148
f 149/149 150/150 151/151
f 149/149 151/151 152/152
f 153/153 154/154 155/155
f 153/153 155/155 156/156
f 157/157 158/158 159/159
f 157/157 159/159 160/160
f 161/161 162/162 163/163
f 161/161 163/163 164/164
f 165/165 166/166 167/167
f 165/165 167/167 168/168
f 169/169 170/170 171/171
f 169/169 171/171 172/172
f 173/173 174/174 175/175
f 173/173 175/175 176/176
f 177/177 178/178 179/179
f 177/177 179/179 180/180
f 181/181 182/182 183/183
f 181/181 183/183 184/184
f 185/185 186/186 187/187
f 185/185 187/187 188/188
f 189/189 190/190 191/191
f 189/189 191/191 192/192
f 217/217 218/218 219/219
f 217/217 219/219 220/220
f 221/221 222/222 223/223
f 221/221 223/223 224/224
f 225/225 226/226 227/227
f 225/225 227/227 228/228
f 229/229 230/230 231/231
f 229/229 231/231 232/232
f 233/233 234/234 235/235
f 233/233 235/235 236/236
f 237/237 238/238 239/239
f 237/237 239/239 240/240
f 241/241 242/242 243/243
f 241/241 243/243 244/244
f 245/245 246/246 247/247
f 245/245 247/247 248/248
f 249/249 250/250 251/251
f 249/249 251/251 252/252
f 253/253 254/254 255/255
f 253/253 255/255 256/256
f 257/257 258/258 259/259
f 257/257 259/259 260/260
f 261/261 262/262 263/263
f 261/261 263/263 264/264
f 265/265 266/266 267/267
f 265/265 267/267 268/268
f 269/269 270/270 271/271
f 269/269 271/271 272/272
f 273/273 274/274 275/275
f 273/273 275/275 276/276
f 277/277 278/278 279/279
f 277/277 279/279 280/280
f 281/281 282/282 283/283
f 281/281 283/283 284/284
f 285/285 286/286 287/287
f 285/285 287/287 288/288
f 289/289 290/290 291/291
f 289/289 291/291 292/292
f 293/293 294/294 295/295
f 293/293 295/295 296/296
f 297/297 298/298 299/299
f 297/297 299/299 300/300
f 301/301 302/302 303/303
f 301/301 303/303 304/304
f 305/305 306/306 307/307
f 305/305 307/307 308/308
f 309/309 310/310 311/311
f 309/309 311/311 312/312
f 313/313 314/314 315/315
f 313/313 315/315 316/316
f 317/317 318/318 319/319
f 317/317 319/319 320/320
f 321/321 322/322 323/323
f 321/321 323/323 324/324
f 325/325 326/326 327/327
f 325/325 327/327 328/328
f 329/329 330/330 331/331
f 329/329 331/331 332/332
f 333/333 334/334 335/335
f 333/333 335/335 336/336
f 385/385 386/386 387/387
f 385/385 387/387 388/388
f 389/389 390/390 391/391
f 389/389 391/391 392/392
f 393/393 394/394 395/395
f 393/393 395/395 396/396
f 397/397 398/398 399/399
f 397/397 399/399 400/400
f 401/401 402/402 403/403
f 401/401 403/403 404/404
f 405/405 406/406 407/407
f 405/405 407/407 408/408
f 409/409 410/410 411/411
f 409/409 411/411 412/412
f 413/413 414/414 415/415
f 413/413 415/415 416/416
f 417/417 418/418 419/419
f 417/417 419/419 420/420
f 421/421 422/422 423/423
f 421/421 423/423 424/424
f 425/425 426/426 427/427
f 425/425 427/427 428/428
f 429/429 430/430 431/431
f 429/429 431/431 432/432
f 433/433 434/434 435/435
f 433/433 435/435 436/436
f 437/437 438/438 439/439
f 437/437 439/439 440/440
f 441/441 442/442 443/443
f 441/441 443/443 444/444
f 445/445 446/446 447/447
f 445/445 447/447 448/448
f 449/449 450/450 451/451
f 449/449 451/451 452/452
f 453/453 454/454 455/455
f 453/453 455/455 456/456
f 505/505 506/506 507/507
f 505/505 507/507 508/508
f 509/509 510/510 511/511
f 509/509 511/511 512/512
f 513/513 514/514 515/515
f 513/513 515/515 516/516
f 517/517 518/518 519/519
f 517/517 519/519 520/520
f 521/521 522/522 523/523
f 521/521 523/523 524/524
f 525/525 526/526 527/527
f 525/525 527/527 528/528
f 553/553 554/554 555/555
f 553/553 555/555 556/556
f 557/557 558/558 559/559
f 557/557 559/559 560/560
f 561/561 562/562 563/563
f 561/561 563/563 564/564
f 565/565 566/566 567/567
f 565/565 567/567 568/568
f 569/569 570/570 571/571
f 569/569 571/571 572/572
f 573/573 574/574 575/575
f 573/573 575/575 576/576
f 577/577 578/578 579/579
f 577/577 579/579 580/580
f 581/581 582/582 583/583
f 581/581 583/583 584/584
f 585/585 586/586 587/587
f 585/585 587/587 588/588
f 589/589 590/590 591/591
f 589/589 591/591 592/592
f 593/593 594/594 595/595
f 593/593 595/595 596/596
f 597/597 598/598 599/599
f 597/597 599/599 600/600
f 601/601 602/602 603/603
f 601/601 603/603 604/604
f 605/605 606/606 607/607
f 605/605 607/607 608/608
f 609/609 610/610 611/611
f 609/609 611/611 612/612
f 613/613 614/614 615/615
f 613/613 615/615 616/616
f 617/617 618/618 619/619
f 617/617 619/619 620/620
f 621/621 622/622 623/623
f 621/621 623/623 624/624
f 625/625 626/626 627/627
f 625/625 627/627 628/628
f 629/629 630/630 631/631
f 629/629 631/631 632/632
f 633/633 634/634 635/635
f 633/633 635/635 636/636
f 637/637 638/638 639/639
f 637/637 639/639 640/640
f 641/641 642/642 643/643
f 641/641 643/643 644/644
f 645/645 646/646 647/647
f 645/645 647/647 648/648
f 649/649 650/650 651/651
f 649/649 651/651 652/652
f 653/653 654/654 655/655
f 653/653 655/655 656/656
f 657/657 658/658 659/659
f 657/657 659/659 660/660
f 661/661 662/662 663/663
f 661/661 663/663 664/664
f 665/665 666/666 667/667
f 665/665 667/667 668/668
f 669/669 670/670 671/671
f 669/669 671/671 672/672
f 673/673 674/674 675/675
f 673/673 675/675 676/676
f 677/677 678/678 679/679
f 677/677 679/679 680/680
f 681/681 682/682 683/683
f 681/681 683/683 684/684
f 685/685 686/686 687/687
f 685/685 687/687 688/688
f 689/689 690/690 691/691
f 689/689 691/691 692/692
f 693/693 694/694 695/695
f 693/693 695/695 696/696
f 745/745 746/746 747/747
f 745/745 747/747 748/748
f 749/749 750/750 751/751
f 749/749 751/751 752/752
f 753/753 754/754 755/755
f 753/753 755/755 756/756
f 757/757 758/758 759/759
f 757/757 759/759 760/760
f 761/761 762/762 763/763
f 761/761 763/763 764/764
f 765/765 766/766 767/767
f 765/765 767/767 768/768
f 769/769 770/770 771/771
f 769/769 771/771 772/772
f 773/773 774/774 775/775
f 773/773 775/775 776/776
f 777/777 778/778 779/779
f 777/777 779/779 780/780
f 781/781 782/782 783/783
f 781/781 783/783 784/784
f 785/785 786/786 787/787
f 785/785 787/787 788/788
f 789/789 790/790 791/791
f 789/789 791/791 792/792
f 793/793 794/794 795/795
f 793/793 795/795 796/796
f 797/797 798/798 799/799
f 797/797 799/799 800/800
f 801/801 802/802 803/803
f 801/801 803/803 804/804
f 805/805 806/806 807/807
f 805/805 807/807 808/808
f 809/809 810/810 811/811
f 809/809 811/811 812/812
f 813/813 814/814 815/815
f 813/813 815/815 816/816
f 817/817 818/818 819/819
f 817/817 819/819 820/820
f 821/821 822/822 823/823
f 821/821 823/823 824/824
f 825/825 826/826 827/827
f 825/825 827/827 828/828
f 829/829 830/830 831/831
f 829/829 831/831 832/832
f 833/833 834/834 835/835
f 833/833 835/835 836/836
f 837/837 838/838 839/839
f 837/837 839/839 840/840
f 841/841 842/842 843/843
f 841/841 843/843 844/844
f 845/845 846/846 847/847
f 845/845 847/847 848/848
f 849/849 850/850 851/851
f 849/849 851/851 852/852
f 853/853 854/854 855/855
f 853/853 855/855 856/856
f 857/857 858/858 859/859
f 857/857 859/859 860/860
f 861/861 862/862 863/863
f 861/861 863/863 864/864
f 865/865 866/866 867/867
f 865/865 867/867 868/868
f 869/869 870/870 871/871
f 869/869 871/871 872/872
f 873/873 874/874 875/875
f 873/873 875/875 876/876
f 877/877 878/878 879/879
f 877/877 879/879 880/880
f 881/881 882/882 883/883
f 881/881 883/883 884/884
f 885/885 886/886 887/887
f 885/885 887/887 888/888
f 889/889 890/890 891/891
f 889/889 891/891 892/892
f 893/893 894/894 895/895
f 893/893 895/895 896/896
f 897/897 898/898 899/899
f 897/897 899/899 900/900
f 901/901 902/902 903/903
f 901/901 903/903 904/904
f 905/905 906/906 907/907
f 905/905 907/907 908/908
f 909/909 910/910 911/911
f 909/909 911/911 912/912
f 985/985 986/986 987/987
f 985/985 987/987 988/988
f 989/989 990/990 991/991
f 989/989 991/991 992/992
f 993/993 994/994 995/995
f 993/993 995/995 996/996
f 997/997 998/998 999/999
f 997/997 999/999 1000/1000
f 1001/1001 1002/1002 1003/1003
f 1001/1001 1003/1003 1004/1004
f 1005/1005 1006/1006 1007/1007
f 1005/1005 1007/1007 1008/1008
f 1057/1057 1058/1058 1059/1059
f 1057/1057 1059/1059 1060/1060
f 1061/1061 1062/1062 1063/1063
f 1061/1061 1063/1063 1064/1064
f 1065/1065 1066/1066 1067/1067
f 1065/1065 1067/1067 1068/1068
f 1069/1069 1070/1070 1071/1071
f 1069/1069 1071/1071 1072/1072
f 1073/1073 1074/1074 1075/1075
f 1073/1073 1075/1075 1076/1076
f 1077/1077 1078/1078 1079/1079
f 1077/1077 1079/1079 1080/1080
f 1081/1081 1082/1082 1083/1083
f 1081/1081 1083/1083 1084/1084
f 1085/1085 1086/1086 1087/1087
f 1085/1085 1087/1087 1088/1088
f 1089/1089 1090/1090 1091/1091
f 1089/1089 1091/1091 1092/1092
f 1093/1093 1094/1094 1095/1095
f 1093/1093 1095/1095 1096/1096
f 1097/1097 1098/1098 1099/1099
f 1097/1097 1099/1099 1100/1100
f 1101/1101 1102/1102 1103/1103
f 1101/1101 1103/1103 1104/1104
f 1153/1153 1154/1154 1155/1155
f 1153/1153 1155/1155 1156/1156
f 1157/1157 1158/1158 1159/1159
f 1157/1157 1159/1159 1160/1160
f 1161/1161 1162/1162 1163/1163
f 1161/1161 1163/1163 1164/1164
f 1165/1165 1166/1166 1167/1167
f 1165/1165 1167/1167 1168/1168
f 1169/1169 1170/1170 1171/1171
f 1169/1169 1171/1171 1172/1172
f 1173/1173 1174/1174 1175/1175
f 1173/1173 1175/1175 1176/1176
f 1201/1201 1202/1202 1203/1203
f 1201/1201 1203/1203 1204/1204
f 1205/1205 1206/1206 1207/1207
f 1205/1205 1207/1207 1208/1208
f 1209/1209 1210/1210 1211/1211
f 1209/1209 1211/1211 1212/1212
f 1213/1213 1214/1214 1215/1215
f 1213/1213 1215/1215 1216/1216
f 1217/1217 1218/1218 1219/1219
f 1217/1217 1219/1219 1220/1220
f 1221/1221 1222/1222 1223/1223
f 1221/1221 1223/1223 1224/1224
f 1225/1225 1226/1226 1227/1227
f 1225/1225 1227/1227 1228/1228
f 1229/1229 1230/1230 1231/1231
f 1229/1229 1231/1231 1232/1232
f 1233/1233 1234/1234 1235/1235
f 1233/1233 1235/1235 1236/1236
f 1237/1237 1238/1238 1239/1239
f 1237/1237 1239/1239 1240/1240
f 1241/1241 1242/1242 1243/1243
f 1241/1241 1243/1243 1244/1244
f 1245/1245 1246/1246 1247/1247
f 1245/1245 1247/1247 1248/1248
f 1249/1249 1250/1250 1251/1251
f 1249/1249 1251/1251 1252/1252
f 1253/1253 1254/1254 1255/1255
f 1253/1253 1255/1255 1256/1256
f 1257/1257 1258/1258 1259/1259
f 1257/1257 1259/1259 1260/1260
f 1261/1261 1262/1262 1263/1263
f 1261/1261 1263/1263 1264/1264
f 1265/1265 1266/1266 1267/1267
f 1265/1265 1267/1267 1268/1268
f 1269/1269 1270/1270 1271/1271
f 1269/1269 1271/1271 1272/1272
f 1297/1297 1298/1298 1299/1299
f 1297/1297 1299/1299 1300/1300
f 1301/1301 1302/1302 1303/1303
f 1301/1301 1303/1303 1304/1304
f 1305/1305 1306/1306 1307/1307
f 1305/1305 1307/1307 1308/1308
f 1309/1309 1310/1310 1311/1311
f 1309/1309 1311/1311 1312/1312
f 1313/1313 1314/1314 1315/1315
f 1313/1313 1315/1315 1316/1316
f 1317/1317 1318/1318 1319/1319
f 1317/1317 1319/1319 1320/1320
f 1345/1345 1346/1346 1347/1347
f 1345/1345 1347/1347 1348/1348
f 1349/1349 1350/1350 1351/1351
f 1349/1349 1351/1351 1352/1352
f 1353/1353 1354/1354 1355/1355
f 1353/1353 1355/1355 1356/1356
f 1357/1357 1358/1358 1359/1359
f 1357/1357 1359/1359 1360/1360
f 1361/1361 1362/1362 1363/1363
f 1361/1361 1363/1363 1364/1364
f 1365/1365 1366/1366 1367/1367
f 1365/1365 1367/1367 1368/1368
f 1369/1369 1370/1370 1371/1371
f 1369/1369 1371/1371 1372/1372
f 1373/1373 1374/1374 1375/1375
f 1373/1373 1375/1375 1376/1376
f 1377/1377 1378/1378 1379/1379
f 1377/1377 1379/1379 1380/1380
f 1381/1381 1382/1382 1383/1383
f 1381/1381 1383/1383 1384/1384
f 1385/1385 1386/1386 1387/1387
f 1385/1385 1387/1387 1388/1388
f 1389/1389 1390/1390 1391/1391
f 1389/1389 1391/1391 1392/1392
f 1393/1393 1394/1394 1395/1395
f 1393/1393 1395/1395 1396/1396
f 1397/1397 1398/1398 1399/1399
f 1397/1397 1399/1399 1400/1400
f 1401/1401 1402/1402 1403/1403
f 1401/1401 1403/1403 1404/1404
f 1405/1405 1406/1406 1407/1407
f 1405/1405 1407/1407 1408/1408
f 1409/1409 1410/1410 1411/1411
f 1409/1409 1411/1411 1412/1412
f 1413/1413 1414/1414 1415/1415
f 1413/1413 1415/1415 1416/1416
f 1417/1417 1418/1418 1419/1419
f 1417/1417 1419/1419 1420/1420
f 1421/1421 1422/1422 1423/1423
f 1421/1421 1423/1423 1424/1424
f 1425/1425 1426/1426 1427/1427
f 1425/1425 1427/1427 1428/1428
f 1429/1429 1430/1430 1431/1431
f 1429/1429 1431/1431 1432/1432
f 1433/1433 1434/1434 1435/1435
f 1433/1433 1435/1435 1436/1436
f 1437/1437 1438/1438 1439/1439
f 1437/1437 1439/1439 1440/1440
f 1441/1441 1442/1442 1443/1443
f 1441/1441 1443/1443 1444/1444
f 1445/1445 1446/1446 1447/1447
f 1445/1445 1447/1447 1448/1448
f 1449/1449 1450/1450 1451/1451
f 1449/1449 1451/1451 1452/1452
f 1453/1453 1454/1454 1455/1455
f 1453/1453 1455/1455 1456/1456
f 1457/1457 1458/1458 1459/1459
f 1457/1457 1459/1459 1460/1460
f 1461/1461 1462/1462 1463/1463
f 1461/1461 1463/1463 1464/1464
f 1465/1465 1466/1466 1467/1467
f 1465/1465 1467/1467 1468/1468
f 1469/1469 1470/1470 1471/1471
f 1469/1469 1471/1471 1472/1472
f 1473/1473 1474/1474 1475/1475
f 1473/1473 1475/1475 1476/1476
f 1477/1477 1478/1478 1479/1479
f 1477/1477 1479/1479 1480/1480
f 1481/1481 1482/1482 1483/1483
f 1481/1481 1483/1483 1484/1484
f 1485/1485 1486/1486 1487/1487
f 1485/1485 1487/1487 1488/1488
f 1537/1537 1538/1538 1539/1539
f 1537/1537 1539/1539 1540/1540
f 1541/1541 1542/1542 1543/1543
f 1541/1541 1543/1543 1544/1544
f 1545/1545 1546/1546 1547/1547
f 1545/1545 1547/1547 1548/1548
f 1549/1549 1550/1550 1551/1551
f 1549/1549 1551/1551 1552/1552
f 1553/1553 1554/1554 1555/1555
f 1553/1553 1555/1555 1556/1556
f 1557/1557 1558/1558 1559/1559
f 1557/1557 1559/1559 1560/1560
f 1561/1561 1562/1562 1563/1563
f 1561/1561 1563/1563 1564/1564
f 1565/1565 1566/1566 1567/1567
f 1565/1565 1567/1567 1568/1568
f 1569/1569 1570/1570 1571/1571
f 1569/1569 1571/1571 1572/1572
f 1573/1573 1574/1574 1575/1575
f 1573/1573 1575/1575 1576/1576
f 1577/1577 1578/1578 1579/1579
f 1577/1577 1579/1579 1580/1580
f 1581/1581 1582/1582 1583/1583
f 1581/1581 1583/1583 1584/1584
f 1609/1609 1610/1610 1611/1611
f 1609/1609 1611/1611 1612/1612
f 1613/1613 1614/1614 1615/1615
f 1616/1616 1617/1617 1618/1618
f 1619/1619 1620/1620 1621/1621
f 1619/1619 1621/1621 1622/1622
f 1623/1623 1624/1624 1625/1625
f 1626/1626 1627/1627 1628/1628
f 1629/1629 1630/1630 1631/1631
f 1629/1629 1631/1631 1632/1632
f 1633/1633 1634/1634 1635/1635
f 1636/1636 1637/1637 1638/1638
f 1639/1639 1640/1640 1641/1641
f 1639/1639 1641/1641 1642/1642
f 1643/1643 1644/1644 1645/1645
f 1646/1646 1647/1647 1648/1648
f 1649/1649 1650/1650 1651/1651
f 1649/1649 1651/1651 1652/1652
f 1653/1653 1654/1654 1655/1655
f 1656/1656 1657/1657 1658/1658
f 1659/1659 1660/1660 1661/1661
f 1659/1659 1661/1661 1662/1662
f 1663/1663 1664/1664 1665/1665
f 1666/1666 1667/1667 1668/1668
f 1669/1669 1670/1670 1671/1671
f 1669/1669 1671/1671 1672/1672
f 1673/1673 1674/1674 1675/1675
f 1676/1676 1677/1677 1678/1678
f 1679/1679 1680/1680 1681/1681
f 1679/1679 1681/1681 1682/1682
f 1683/1683 1684/1684 1685/1685
f 1686/1686 1687/1687 1688/1688
f 1689/1689 1690/1690 1691/1691
f 1689/1689 1691/1691 1692/1692
f 1693/1693 1694/1694 1695/1695
f 1696/1696 1697/1697 1698/1698
f 1699/1699 1700/1700 1701/1701
f 1699/1699 1701/1701 1702/1702
f 1703/1703 1704/1704 1705/1705
f 1706/1706 1707/1707 1708/1708
f 1709/1709 1710/1710 1711/1711
f 1709/1709 1711/1711 1712/1712
f 1713/1713 1714/1714 1715/1715
f 1716/1716 1717/1717 1718/1718
f 1719/1719 1720/1720 1721/1721
f 1719/1719 1721/1721 1722/1722
f 1723/1723 1724/1724 1725/1725
f 1726/1726 1727/1727 1728/1728
f 1729/1729 1730/1730 1731/1731
f 1729/1729 1731/1731 1732/1732
f 1733/1733 1734/1734 1735/1735
f 1736/1736 1737/1737 1738/1738
f 1739/1739 1740/1740 1741/1741
f 1739/1739 1741/1741 1742/1742
f 1743/1743 1744/1744 1745/1745
f 1746/1746 1747/1747 1748/1748
f 1749/1749 1750/1750 1751/1751
f 1749/1749 1751/1751 1752/1752
f 1753/1753 1754/1754 1755/1755
f 1756/1756 1757/1757 1758/1758
f 1759/1759 1760/1760 1761/1761
f 1759/1759 1761/1761 1762/1762
f 1763/1763 1764/1764 1765/1765
f 1766/1766 1767/1767 1768/1768
f 1769/1769 1770/1770 1771/1771
f 1769/1769 1771/1771 1772/1772
f 1773/1773 1774/1774 1775/1775
f 1776/1776 1777/1777 1778/1778
f 1779/1779 1780/1780 1781/1781
f 1779/1779 1781/1781 1782/1782
f 1783/1783 1784/1784 1785/1785
f 1786/1786 1787/1787 1788/1788
f 1789/1789 1790/1790 1791/1791
f 1789/1789 1791/1791 1792/1792
f 1793/1793 1794/1794 1795/1795
f 1796/1796 1797/1797 1798/1798
f 1799/1799 1800/1800 1801/1801
f 1799/1799 1801/1801 1802/1802
f 1803/1803 1804/1804 1805/1805
f 1806/1806 1807/1807 1808/1808
f 1809/1809 1810/1810 1811/1811
f 1809/1809 1811/1811 1812/1812
f 1813/1813 1814/1814 1815/1815
f 1816/1816 1817/1817 1818/1818
f 1819/1819 1820/1820 1821/1821
f 1819/1819 1821/1821 1822/1822
f 1823/1823 1824/1824 1825/1825
f 1826/1826 1827/1827 1828/1828
f 1829/1829 1830/1830 1831/1831
f 1829/1829 1831/1831 1832/1832
f 1833/1833 1834/1834 1835/1835
f 1836/1836 1837/1837 1838/1838
f 1839/1839 1840/1840 1841/1841
f 1839/1839 1841/1841 1842/1842
f 1843/1843 1844/1844 1845/1845
f 1846/1846 1847/1847 1848/1848
f 1849/1849 1850/1850 1851/1851
f 1849/1849 1851/1851 1852/1852
f 1853/1853 1854/1854 1855/1855
f 1856/1856 1857/1857 1858/1858
f 1859/1859 1860/1860 1861/1861
f 1859/1859 1861/1861 1862/1862
f 1863/1863 1864/1864 1865/1865
f 1866/1866 1867/1867 1868/1868
f 1869/1869 1870/1870 1871/1871
f 1869/1869 1871/1871 1872/1872
f 1873/1873 1874/1874 1875/1875
f 1876/1876 1877/1877 1878/1878
f 1879/1879 1880/1880 1881/1881
f 1879/1879 1881/1881 1882/1882
f 1883/1883 1884/1884 1885/1885
f 1886/1886 1887/1887 1888/1888
f 1889/1889 1890/1890 1891/1891
f 1889/1889 1891/1891 1892/1892
f 1893/1893 1894/1894 1895/1895
f 1896/1896 1897/1897 1898/1898
f 1899/1899 1900/1900 1901/1901
f 1899/1899 1901/1901 1902/1902
f 1903/1903 1904/1904 1905/1905
f 1906/1906 1907/1907 1908/1908
f 1909/1909 1910/1910 1911/1911
f 1909/1909 1911/1911 1912/1912
f 1913/1913 1914/1914 1915/1915
f 1916/1916 1917/1917 1918/1918
f 1919/1919 1920/1920 1921/1921
f 1919/1919 1921/1921 1922/1922
f 1923/1923 1924/1924 1925/1925
f 1926/1926 1927/1927 1928/1928
f 1929/1929 1930/1930 1931/1931
f 1929/1929 1931/1931 1932/1932
f 1933/1933 1934/1934 1935/1935
f 1936/1936 1937/1937 1938/1938
f 1939/1939 1940/1940 1941/1941
f 1939/1939 1941/1941 1942/1942
f 1943/1943 1944/1944 1945/1945
f 1946/1946 1947/1947 1948/1948
f 1949/1949 1950/1950 1951/1951
f 1949/1949 1951/1951 1952/1952
f 1953/1953 1954/1954 1955/1955
f 1956/1956 1957/1957 1958/1958
f 1959/1959 1960/1960 1961/1961
f 1959/1959 1961/1961 1962/1962
f 1963/1963 1964/1964 1965/1965
f 1966/1966 1967/1967 1968/1968
f 1969/1969 1970/1970 1971/1971
f 1969/1969 1971/1971 1972/1972
f 1973/1973 1974/1974 1975/1975
f 1976/1976 1977/1977 1978/1978
f 1979/1979 1980/1980 1981/1981
f 1979/1979 1981/1981 1982/1982
f 1983/1983 1984/1984 1985/1985
f 1986/1986 1987/1987 1988/1988
f 1989/1989 1990/1990 1991/1991
f 1989/1989 1991/1991 1992/1992
f 1993/1993 1994/1994 1995/1995
f 1996/1996 1997/1997 1998/1998
f 1999/1999 2000/2000 2001/2001
f 1999/1999 2001/2001 2002/2002
f 2003/2003 2004/2004 2005/2005
f 2006/2006 2007/2007 2008/2008
f 2009/2009 2010/2010 2011/2011
f 2009/2009 2011/2011 2012/2012
f 2013/2013 2014/2014 2015/2015
f 2016/2016 2017/2017 2018/2018
f 2019/2019 2020/2020 2021/2021
f 2019/2019 2021/2021 2022/2022
f 2023/2023 2024/2024 2025/2025
f 2026/2026 2027/2027 2028/2028
f 2029/2029 2030/2030 2031/2031
f 2029/2029 2031/2031 2032/2032
f 2033/2033 2034/2034 2035/2035
f 2036/2036 2037/2037 2038/2038
f 2039/2039 2040/2040 2041/2041
f 2039/2039 2041/2041 2042/2042
f 2043/2043 2044/2044 2045/2045
f 2046/2046 2047/2047 2048/2048
f 2049/2049 2050/2050 2051/2051
f 2049/2049 2051/2051 2052/2052
f 2053/2053 2054/2054 2055/2055
f 2056/2056 2057/2057 2058/2058
f 2059/2059 2060/2060 2061/2061
f 2059/2059 2061/2061 2062/2062
f 2063/2063 2064/2064 2065/2065
f 2066/2066 2067/2067 2068/2068
f 2069/2069 2070/2070 2071/2071
f 2069/2069 2071/2071 2072/2072
f 2073/2073 2074/2074 2075/2075
f 2076/2076 2077/2077 2078/2078
f 2079/2079 2080/2080 2081/2081
f 2079/2079 2081/2081 2082/2082
f 2083/2083 2084/2084 2085/2085
f 2086/2086 2087/2087 2088/2088
f 2089/2089 2090/2090 2091/2091
f 2089/2089 2091/2091 2092/2092
f 2093/2093 2094/2094 2095/2095
f 2096/2096 2097/2097 2098/2098
f 2099/2099 2100/2100 2101/2101
f 2099/2099 2101/2101 2102/2102
f 2103/2103 2104/2104 2105/2105
f 2106/2106 2107/2107 2108/2108
f 2109/2109 2110/2110 2111/2111
f 2109/2109 2111/2111 2112/2112
f 2113/2113 2114/2114 2115/2115
f 2116/2116 2117/2117 2118/2118
f 2119/2119 2120/2120 2121/2121
f 2119/2119 2121/2121 2122/2122
f 2123/2123 2124/2124 2125/2125
f 2126/2126 2127/2127 2128/2128
f 2129/2129 2130/2130 2131/2131
f 2129/2129 2131/2131 2132/2132
f 2133/2133 2134/2134 2135/2135
f 2136/2136 2137/2137 2138/2138
f 2139/2139 2140/2140 2141/2141
f 2139/2139 2141/2141 2142/2142
f 2143/2143 2144/2144 2145/2145
f 2146/2146 2147/2147 2148/2148
f 2149/2149 2150/2150 2151/2151
f 2149/2149 2151/2151 2152/2152
f 2153/2153 2154/2154 2155/2155
f 2156/2156 2157/2157 2158/2158
f 2159/2159 2160/2160 2161/2161
f 2159/2159 2161/2161 2162/2162
f 2163/2163 2164/2164 2165/2165
f 2166/2166 2167/2167 2168/2168
f 2169/2169 2170/2170 2171/2171
f 2169/2169 2171/2171 2172/2172
f 2173/2173 2174/2174 2175/2175
f 2176/2176 2177/2177 2178/2178
f 2179/2179 2180/2180 2181/2181
f 2179/2179 2181/2181 2182/2182
f 2183/2183 2184/2184 2185/2185
f 2186/2186 2187/2187 2188/2188
f 2189/2189 2190/2190 2191/2191
f 2189/2189 2191/2191 2192/2192
f 2193/2193 2194/2194 2195/2195
f 2196/2196 2197/2197 2198/2198
f 2199/2199 2200/2200 2201/2201
f 2199/2199 2201/2201 2202/2202
f 2203/2203 2204/2204 2205/2205
f 2206/2206 2207/2207 2208/2208
f 2209/2209 2210/2210 2211/2211
f 2209/2209 2211/2211 2212/2212
f 2213/2213 2214/2214 2215/2215
f 2216/2216 2217/2217 2218/2218
f 2219/2219 2220/2220 2221/2221
f 2219/2219 2221/2221 2222/2222
f 2223/2223 2224/2224 2225/2225
f 2226/2226 2227/2227 2228/2228
f 2229/2229 2230/2230 2231/2231
f 2229/2229 2231/2231 2232/2232
f 2233/2233 2234/2234 2235/2235
f 2236/2236 2237/2237 2238/2238
f 2239/2239 2240/2240 2241/2241
f 2239/2239 2241/2241 2242/2242
f 2243/2243 2244/2244 2245/2245
f 2246/2246 2247/2247 2248/2248
f 2249/2249 2250/2250 2251/2251
f 2249/2249 2251/2251 2252/2252
f 2253/2253 2254/2254 2255/2255
f 2256/2256 2257/2257 2258/2258
f 2259/2259 2260/2260 2261/2261
f 2259/2259 2261/2261 2262/2262
f 2263/2263 2264/2264 2265/2265
f 2266/2266 2267/2267 2268/2268
f 2269/2269 2270/2270 2271/2271
f 2269/2269 2271/2271 2272/2272
f 2273/2273 2274/2274 2275/2275
f 2276/2276 2277/2277 2278/2278
f 2279/2279 2280/2280 2281/2281
f 2279/2279 2281/2281 2282/2282
f 2283/2283 2284/2284 2285/2285
f 2286/2286 2287/2287 2288/2288
f 2289/2289 2290/2290 2291/2291
f 2289/2289 2291/2291 2292/2292
f 2293/2293 2294/2294 2295/2295
f 2296/2296 2297/2297 2298/2298
f 2299/2299 2300/2300 2301/2301
f 2299/2299 2301/2301 2302/2302
f 2303/2303 2304/2304 2305/2305
f 2306/2306 2307/2307 2308/2308
f 2309/2309 2310/2310 2311/2311
f 2309/2309 2311/2311 2312/2312
f 2313/2313 2314/2314 2315/2315
f 2316/2316 2317/2317 2318/2318
f 2319/2319 2320/2320 2321/2321
f 2319/2319 2321/2321 2322/2322
f 2323/2323 2324/2324 2325/2325
f 2326/2326 2327/2327 2328/2328
f 2329/2329 2330/2330 2331/2331
f 2329/2329 2331/2331 2332/2332
f 2333/2333 2334/2334 2335/2335
f 2336/2336 2337/2337 2338/2338
f 2339/2339 2340/2340 2341/2341
f 2339/2339 2341/2341 2342/2342
f 2343/2343 2344/2344 2345/2345
f 2346/2346 2347/2347 2348/2348
f 2349/2349 2350/2350 2351/2351
f 2349/2349 2351/2351 2352/2352
f 2353/2353 2354/2354 2355/2355
f 2356/2356 2357/2357 2358/2358
f 2359/2359 2360/2360 2361/2361
f 2359/2359 2361/2361 2362/2362
f 2363/2363 2364/2364 2365/2365
f 2366/2366 2367/2367 2368/2368
f 2369/2369 2370/2370 2371/2371
f 2369/2369 2371/2371 2372/2372
f 2373/2373 2374/2374 2375/2375
f 2376/2376 2377/2377 2378/2378
f 2379/2379 2380/2380 2381/2381
f 2379/2379 2381/2381 2382/2382
f 2383/2383 2384/2384 2385/2385
f 2386/2386 2387/2387 2388/2388
f 2389/2389 2390/2390 2391/2391
f 2389/2389 2391/2391 2392/2392
f 2393/2393 2394/2394 2395/2395
f 2396/2396 2397/2397 2398/2398
f 2399/2399 2400/2400 2401/2401
f 2399/2399 2401/2401 2402/2402
f 2403/2403 2404/2404 2405/2405
f 2406/2406 2407/2407 2408/2408
f 2409/2409 2410/2410 2411/2411
f 2409/2409 2411/2411 2412/2412
f 2413/2413 2414/2414 2415/2415
f 2416/2416 2417/2417 2418/2418
f 2419/2419 2420/2420 2421/2421
f 2419/2419 2421/2421 2422/2422
f 2423/2423 2424/2424 2425/2425
f 2426/2426 2427/2427 2428/2428
f 2429/2429 2430/2430 2431/2431
f 2429/2429 2431/2431 2432/2432
f 2433/2433 2434/2434 2435/2435
f 2436/2436 2437/2437 2438/2438
f 2439/2439 2440/2440 2441/2441
f 2439/2439 2441/2441 2442/2442
f 2443/2443 2444/2444 2445/2445
f 2446/2446 2447/2447 2448/2448
f 2449/2449 2450/2450 2451/2451
f 2449/2449 2451/2451 2452/2452
f 2453/2453 2454/2454 2455/2455
f 2456/2456 2457/2457 2458/2458
f 2459/2459 2460/2460 2461/2461
f 2459/2459 2461/2461 2462/2462
f 2463/2463 2464/2464 2465/2465
f 2466/2466 2467/2467 2468/2468
f 2469/2469 2470/2470 2471/2471
f 2469/2469 2471/2471 2472/2472
f 2473/2473 2474/2474 2475/2475
f 2476/2476 2477/2477 2478/2478
f 2479/2479 2480/2480 2481/2481
f 2479/2479 2481/2481 2482/2482
f 2483/2483 2484/2484 2485/2485
f 2486/2486 2487/2487 2488/2488
f 2489/2489 2490/2490 2491/2491
f 2489/2489 2491/2491 2492/2492
f 2493/2493 2494/2494 2495/2495
f 2496/2496 2497/2497 2498/2498
f 2499/2499 2500/2500 2501/2501
f 2499/2499 2501/2501 2502/2502
f 2503/2503 2504/2504 2505/2505
f 2506/2506 2507/2507 2508/2508
f 2509/2509 2510/2510 2511/2511
f 2509/2509 2511/2511 2512/2512
f 2513/2513 2514/2514 2515/2515
f 2516/2516 2517/2517 2518/2518
f 2519/2519 2520/2520 2521/2521
f 2519/2519 2521/2521 2522/2522
f 2523/2523 2524/2524 2525/2525
f 2526/2526 2527/2527 2528/2528
f 2529/2529 2530/2530 2531/2531
f 2529/2529 2531/2531 2532/2532
f 2533/2533 2534/2534 2535/2535
f 2536/2536 2537/2537 2538/2538
f 2539/2539 2540/2540 2541/2541
f 2539/2539 2541/2541 2542/2542
f 2543/2543 2544/2544 2545/2545
f 2546/2546 2547/2547 2548/2548
f 2549/2549 2550/2550 2551/2551
f 2549/2549 2551/2551 2552/2552
f 2553/2553 2554/2554 2555/2555
f 2556/2556 2557/2557 2558/2558
f 2559/2559 2560/2560 2561/2561
f 2559/2559 2561/2561 2562/2562
f 2563/2563 2564/2564 2565/2565
f 2566/2566 2567/2567 2568/2568
f 2569/2569 2570/2570 2571/2571
f 2569/2569 2571/2571 2572/2572
f 2573/2573 2574/2574 2575/2575
f 2576/2576 2577/2577 2578/2578
f 2579/2579 2580/2580 2581/2581
f 2579/2579 2581/2581 2582/2582
f 2583/2583 2584/2584 2585/2585
f 2586/2586 2587/2587 2588/2588
f 2589/2589 2590/2590 2591/2591
f 2589/2589 2591/2591 2592/2592
f 2593/2593 2594/2594 2595/2595
f 2596/2596 2597/2597 2598/2598
f 2599/2599 2600/2600 2601/2601
f 2599/2599 2601/2601 2602/2602
f 2603/2603 2604/2604 2605/2605
f 2606/2606 2607/2607 2608/2608
f 2609/2609 2610/2610 2611/2611
f 2609/2609 2611/2611 2612/2612
f 2613/2613 2614/2614 2615/2615
f 2616/2616 2617/2617 2618/2618
f 2619/2619 2620/2620 2621/2621
f 2619/2619 2621/2621 2622/2622
f 2623/2623 2624/2624 2625/2625
f 2626/2626 2627/2627 2628/2628
f 2629/2629 2630/2630 2631/2631
f 2629/2629 2631/2631 2632/2632
f 2633/2633 2634/2634 2635/2635
f 2636/2636 2637/2637 2638/2638
f 2639/2639 2640/2640 2641/2641
f 2639/2639 2641/2641 2642/2642
f 2643/2643 2644/2644 2645/2645
f 2646/2646 2647/2647 2648/2648
f 2649/2649 2650/2650 2651/2651
f 2649/2649 2651/2651 2652/2652
f 2653/2653 2654/2654 2655/2655
f 2656/2656 2657/2657 2658/2658
f 2659/2659 2660/2660 2661/2661
f 2659/2659 2661/2661 2662/2662
f 2663/2663 2664/2664 2665/2665
f 2666/2666 2667/2667 2668/2668
f 2669/2669 2670/2670 2671/2671
f 2669/2669 2671/2671 2672/2672
f 2673/2673 2674/2674 2675/2675
f 2676/2676 2677/2677 2678/2678
f 2679/2679 2680/2680 2681/2681
f 2679/2679 2681/2681 2682/2682
f 2683/2683 2684/2684 2685/2685
f 2686/2686 2687/2687 2688/2688
f 2689/2689 2690/2690 2691/2691
f 2689/2689 2691/2691 2692/2692
f 2693/2693 2694/2694 2695/2695
f 2696/2696 2697/2697 2698/2698
f 2699/2699 2700/2700 2701/2701
f 2699/2699 2701/2701 2702/2702
f 2703/2703 2704/2704 2705/2705
f 2706/2706 2707/2707 2708/2708
f 2709/2709 2710/2710 2711/2711
f 2709/2709 2711/2711 2712/2712
f 2713/2713 2714/2714 2715/2715
f 2716/2716 2717/2717 2718/2718
f 2719/2719 2720/2720 2721/2721
f 2719/2719 2721/2721 2722/2722
f 2723/2723 2724/2724 2725/2725
f 2726/2726 2727/2727 2728/2728
f 2729/2729 2730/2730 2731/2731
f 2729/2729 2731/2731 2732/2732
f 2733/2733 2734/2734 2735/2735
f 2736/2736 2737/2737 2738/2738
f 2739/2739 2740/2740 2741/2741
f 2739/2739 2741/2741 2742/2742
f 2743/2743 2744/2744 2745/2745
f 2746/2746 2747/2747 2748/2748
f 2749/2749 2750/2750 2751/2751
f 2749/2749 2751/2751 2752/2752
f 2753/2753 2754/2754 2755/2755
f 2756/2756 2757/2757 2758/2758
f 2759/2759 2760/2760 2761/2761
f 2759/2759 2761/2761 2762/2762
f 2763/2763 2764/2764 2765/2765
f 2766/2766 2767/2767 2768/2768
f 2769/2769 2770/2770 2771/2771
f 2769/2769 2771/2771 2772/2772
f 2773/2773 2774/2774 2775/2775
f 2776/2776 2777/2777 2778/2778
f 2779/2779 2780/2780 2781/2781
f 2779/2779 2781/2781 2782/2782
f 2783/2783 2784/2784 2785/2785
f 2786/2786 2787/2787 2788/2788
f 2789/2789 2790/2790 2791/2791
f 2789/2789 2791/2791 2792/2792
f 2793/2793 2794/2794 2795/2795
f 2796/2796 2797/2797 2798/2798
f 2799/2799 2800/2800 2801/2801
f 2799/2799 2801/2801 2802/2802
f 2803/2803 2804/2804 2805/2805
f 2806/2806 2807/2807 2808/2808
f 2809/2809 2810/2810 2811/2811
f 2809/2809 2811/2811 2812/2812
f 2813/2813 2814/2814 2815/2815
f 2816/2816 2817/2817 2818/2818
f 2819/2819 2820/2820 2821/2821
f 2819/2819 2821/2821 2822/2822
f 2823/2823 2824/2824 2825/2825
f 2826/2826 2827/2827 2828/2828
f 2829/2829 2830/2830 2831/2831
f 2829/2829 2831/2831 2832/2832
f 2833/2833 2834/2834 2835/2835
f 2836/2836 2837/2837 2838/2838
f 2839/2839 2840/2840 2841/2841
f 2839/2839 2841/2841 2842/2842
f 2843/2843 2844/2844 2845/2845
f 2846/2846 2847/2847 2848/2848
f 2849/2849 2850/2850 2851/2851
f 2849/2849 2851/2851 2852/2852
f 2853/2853 2854/2854 2855/2855
f 2856/2856 2857/2857 2858/2858
f 2859/2859 2860/2860 2861/2861
f 2859/2859 2861/2861 2862/2862
f 2863/2863 2864/2864 2865/2865
f 2866/2866 2867/2867 2868/2868
f 2869/2869 2870/2870 2871/2871
f 2869/2869 2871/2871 2872/2872
f 2873/2873 2874/2874 2875/2875
f 2876/2876 2877/2877 2878/2878
f 2879/2879 2880/2880 2881/2881
f 2879/2879 2881/2881 2882/2882
f 2883/2883 2884/2884 2885/2885
f 2886/2886 2887/2887 2888/2888
f 2889/2889 2890/2890 2891/2891
f 2889/2889 2891/2891 2892/2892
f 2893/2893 2894/2894 2895/2895
f 2896/2896 2897/2897 2898/2898
f 2899/2899 2900/2900 2901/2901
f 2899/2899 2901/2901 2902/2902
f 2903/2903 2904/2904 2905/2905
f 2906/2906 2907/2907 2908/2908
f 2909/2909 2910/2910 2911/2911
f 2909/2909 2911/2911 2912/2912
f 2913/2913 2914/2914 2915/2915
f 2916/2916 2917/2917 2918/2918
f 2919/2919 2920/2920 2921/2921
f 2919/2919 2921/2921 2922/2922
f 2923/2923 2924/2924 2925/2925
f 2926/2926 2927/2927 2928/2928
f 2929/2929 2930/2930 2931/2931
f 2929/2929 2931/2931 2932/2932
f 2933/2933 2934/2934 2935/2935
f 2936/2936 2937/2937 2938/2938
f 2939/2939 2940/2940 2941/2941
f 2939/2939 2941/2941 2942/2942
f 2943/2943 2944/2944 2945/2945
f 2946/2946 2947/2947 2948/2948
f 2949/2949 2950/2950 2951/2951
f 2949/2949 2951/2951 2952/2952
f 2953/2953 2954/2954 2955/2955
f 2956/2956 2957/2957 2958/2958
f 2959/2959 2960/2960 2961/2961
f 2959/2959 2961/2961 2962/2962
f 2963/2963 2964/2964 2965/2965
f 2966/2966 2967/2967 2968/2968
f 2969/2969 2970/2970 2971/2971
f 2969/2969 2971/2971 2972/2972
f 2973/2973 2974/2974 2975/2975
f 2976/2976 2977/2977 2978/2978
f 2979/2979 2980/2980 2981/2981
f 2979/2979 2981/2981 2982/2982
f 2983/2983 2984/2984 2985/2985
f 2986/2986 2987/2987 2988/2988
f 2989/2989 2990/2990 2991/2991
f 2989/2989 2991/2991 2992/2992
f 2993/2993 2994/2994 2995/2995
f 2996/2996 2997/2997 2998/2998
f 2999/2999 3000/3000 3001/3001
f 2999/2999 3001/3001 3002/3002
f 3003/3003 3004/3004 3005/3005
f 3006/3006 3007/3007 3008/3008
f 3009/3009 3010/3010 3011/3011
f 3009/3009 3011/3011 3012/3012
f 3013/3013 3014/3014 3015/3015
f 3016/3016 3017/3017 3018/3018
f 3019/3019 3020/3020 3021/3021
f 3019/3019 3021/3021 3022/3022
f 3023/3023 3024/3024 3025/3025
f 3026/3026 3027/3027 3028/3028
f 3029/3029 3030/3030 3031/3031
f 3029/3029 3031/3031 3032/3032
f 3033/3033 3034/3034 3035/3035
f 3036/3036 3037/3037 3038/3038
f 3039/3039 3040/3040 3041/3041
f 3039/3039 3041/3041 3042/3042
f 3043/3043 3044/3044 3045/3045
f 3046/3046 3047/3047 3048/3048
f 3049/3049 3050/3050 3051/3051
f 3049/3049 3051/3051 3052/3052
f 3053/3053 3054/3054 3055/3055
f 3056/3056 3057/3057 3058/3058
f 3059/3059 3060/3060 3061/3061
f 3059/3059 3061/3061 3062/3062
f 3063/3063 3064/3064 3065/3065
f 3066/3066 3067/3067 3068/3068
f 3069/3069 3070/3070 3071/3071
f 3069/3069 3071/3071 3072/3072
f 3073/3073 3074/3074 3075/3075
f 3076/3076 3077/3077 3078/3078
f 3079/3079 3080/3080 3081/3081
f 3079/3079 3081/3081 3082/3082
f 3083/3083 3084/3084 3085/3085
f 3086/3086 3087/3087 3088/3088
f 3089/3089 3090/3090 3091/3091
f 3089/3089 3091/3091 3092/3092
f 3093/3093 3094/3094 3095/3095
f 3096/3096 3097/3097 3098/3098
f 3099/3099 3100/3100 3101/3101
f 3099/3099 3101/3101 3102/3102
f 3103/3103 3104/3104 3105/3105
f 3106/3106 3107/3107 3108/3108
f 3109/3109 3110/3110 3111/3111
f 3109/3109 3111/3111 3112/3112
f 3113/3113 3114/3114 3115/3115
f 3116/3116 3117/3117 3118/3118
f 3119/3119 3120/3120 3121/3121
f 3119/3119 3121/3121 3122/3122
f 3123/3123 3124/3124 3125/3125
f 3126/3126 3127/3127 3128/3128
f 3129/3129 3130/3130 3131/3131
f 3129/3129 3131/3131 3132/3132
f 3133/3133 3134/3134 3135/3135
f 3136/3136 3137/3137 3138/3138
f 3139/3139 3140/3140 3141/3141
f 3139/3139 3141/3141 3142/3142
f 3143/3143 3144/3144 3145/3145
f 3146/3146 3147/3147 3148/3148
f 3149/3149 3150/3150 3151/3151
f 3149/3149 3151/3151 3152/3152
f 3153/3153 3154/3154 3155/3155
f 3156/3156 3157/3157 3158/3158
f 3159/3159 3160/3160 3161/3161
f 3159/3159 3161/3161 3162/3162
f 3163/3163 3164/3164 3165/3165
f 3166/3166 3167/3167 3168/3168
f 3169/3169 3170/3170 3171/3171
f 3169/3169 3171/3171 3172/3172
f 3173/3173 3174/3174 3175/3175
f 3176/3176 3177/3177 3178/3178
f 3179/3179 3180/3180 3181/3181
f 3179/3179 3181/3181 3182/3182
f 3183/3183 3184/3184 3185/3185
f 3186/3186 3187/3187 3188/3188
f 3189/3189 3190/3190 3191/3191
f 3189/3189 3191/3191 3192/3192
f 3193/3193 3194/3194 3195/3195
f 3196/3196 3197/3197 3198/3198
f 3199/3199 3200/3200 3201/3201
f 3199/3199 3201/3201 3202/3202
f 3203/3203 3204/3204 3205/3205
f 3206/3206 3207/3207 3208/3208
f 3209/3209 3210/3210 3211/3211
f 3209/3209 3211/3211 3212/3212
f 3213/3213 3214/3214 3215/3215
f 3216/3216 3217/3217 3218/3218
f 3219/3219 3220/3220 3221/3221
f 3219/3219 3221/3221 3222/3222
f 3223/3223 3224/3224 3225/3225
f 3226/3226 3227/3227 3228/3228
f 3229/3229 3230/3230 3231/3231
f 3229/3229 3231/3231 3232/3232
f 3233/3233 3234/3234 3235/3235
f 3236/3236 3237/3237 3238/3238
f 3239/3239 3240/3240 3241/3241
f 3239/3239 3241/3241 3242/3242
f 3243/3243 3244/3244 3245/3245
f 3246/3246 3247/3247 3248/3248
f 3249/3249 3250/3250 3251/3251
f 3249/3249 3251/3251 3252/3252
f 3253/3253 3254/3254 3255/3255
f 3256/3256 3257/3257 3258/3258
f 3259/3259 3260/3260 3261/3261
f 3259/3259 3261/3261 3262/3262
f 3263/3263 3264/3264 3265/3265
f 3266/3266 3267/3267 3268/3268
f 3269/3269 3270/3270 3271/3271
f 3269/3269 3271/3271 3272/3272
f 3273/3273 3274/3274 3275/3275
f 3276/3276 3277/3277 3278/3278
f 3279/3279 3280/3280 3281/3281
f 3279/3279 3281/3281 3282/3282
f 3283/3283 3284/3284 3285/3285
f 3286/3286 3287/3287 3288/3288
f 3289/3289 3290/3290 3291/3291
f 3289/3289 3291/3291 3292/3292
f 3293/3293 3294/3294 3295/3295
f 3296/3296 3297/3297 3298/3298
f 3299/3299 3300/3300 3301/3301
f 3299/3299 3301/3301 3302/3302
f 3303/3303 3304/3304 3305/3305
f 3306/3306 3307/3307 3308/3308
f 3309/3309 3310/3310 3311/3311
f 3309/3309 3311/3311 3312/3312
f 3313/3313 3314/3314 3315/3315
f 3316/3316 3317/3317 3318/3318
f 3319/3319 3320/3320 3321/3321
f 3319/3319 3321/3321 3322/3322
f 3323/3323 3324/3324 3325/3325
f 3326/3326 3327/3327 3328/3328
f 3329/3329 3330/3330 3331/3331
f 3329/3329 3331/3331 3332/3332
f 3333/3333 3334/3334 3335/3335
f 3336/3336 3337/3337 3338/3338
f 3339/3339 3340/3340 3341/3341
f 3339/3339 3341/3341 3342/3342
f 3343/3343 3344/3344 3345/3345
f 3346/3346 3347/3347 3348/3348
f 3349/3349 3350/3350 3351/3351
f 3349/3349 3351/3351 3352/3352
f 3353/3353 3354/3354 3355/3355
f 3356/3356 3357/3357 3358/3358
f 3359/3359 3360/3360 3361/3361
f 3359/3359 3361/3361 3362/3362
f 3363/3363 3364/3364 3365/3365
f 3366/3366 3367/3367 3368/3368
f 3369/3369 3370/3370 3371/3371
f 3369/3369 3371/3371 3372/3372
f 3373/3373 3374/3374 3375/3375
f 3376/3376 3377/3377 3378/3378
f 3379/3379 3380/3380 3381/3381
f 3379/3379 3381/3381 3382/3382
f 3383/3383 3384/3384 3385/3385
f 3386/3386 3387/3387 3388/3388
f 3389/3389 3390/3390 3391/3391
f 3389/3389 3391/3391 3392/3392
f 3393/3393 3394/3394 3395/3395
f 3396/3396 3397/3397 3398/3398
f 3399/3399 3400/3400 3401/3401
f 3399/3399 3401/3401 3402/3402
f 3403/3403 3404/3404 3405/3405
f 3406/3406 3407/3407 3408/3408
f 3409/3409 3410/3410 3411/3411
f 3409/3409 3411/3411 3412/3412
f 3413/3413 3414/3414 3415/3415
f 3416/3416 3417/3417 3418/3418
f 3419/3419 3420/3420 3421/3421
f 3419/3419 3421/3421 3422/3422
f 3423/3423 3424/3424 3425/3425
f 3426/3426 3427/3427 3428/3428
f 3429/3429 3430/3430 3431/3431
f 3429/3429 3431/3431 3432/3432
f 3433/3433 3434/3434 3435/3435
f 3436/3436 3437/3437 3438/3438
f 3439/3439 3440/3440 3441/3441
f 3439/3439 3441/3441 3442/3442
f 3443/3443 3444/3444 3445/3445
f 3446/3446 3447/3447 3448/3448
f 3449/3449 3450/3450 3451/3451
f 3449/3449 3451/3451 3452/3452
f 3453/3453 3454/3454 3455/3455
f 3456/3456 3457/3457 3458/3458
f 3459/3459 3460/3460 3461/3461
f 3459/3459 3461/3461 3462/3462
f 3463/3463 3464/3464 3465/3465
f 3466/3466 3467/3467 3468/3468
f 3469/3469 3470/3470 3471/3471
f 3469/3469 3471/3471 3472/3472
f 3473/3473 3474/3474 3475/3475
f 3476/3476 3477/3477 3478/3478
f 3479/3479 3480/3480 3481/3481
f 3479/3479 3481/3481 3482/3482
f 3483/3483 3484/3484 3485/3485
f 3486/3486 3487/3487 3488/3488
f 3489/3489 3490/3490 3491/3491
f 3489/3489 3491/3491 3492/3492
f 3493/3493 3494/3494 3495/3495
f 3496/3496 3497/3497 3498/3498
f 3499/3499 3500/3500 3501/3501
f 3499/3499 3501/3501 3502/3502
f 3503/3503 3504/3504 3505/3505
f 3506/3506 3507/3507 3508/3508
f 3509/3509 3510/3510 3511/3511
f 3509/3509 3511/3511 3512/3512
f 3513/3513 3514/3514 3515/3515
f 3516/3516 3517/3517 3518/3518
f 3519/3519 3520/3520 3521/3521
f 3519/3519 3521/3521 3522/3522
f 3523/3523 3524/3524 3525/3525
f 3526/3526 3527/3527 3528/3528
f 3529/3529 3530/3530 3531/3531
f 3529/3529 3531/3531 3532/3532
f 3533/3533 3534/3534 3535/3535
f 3536/3536 3537/3537 3538/3538
f 3539/3539 3540/3540 3541/3541
f 3539/3539 3541/3541 3542/3542
f 3543/3543 3544/3544 3545/3545
f 3546/3546 3547/3547 3548/3548
f 3549/3549 3550/3550 3551/3551
f 3549/3549 3551/3551 3552/3552
f 3553/3553 3554/3554 3555/3555
f 3556/3556 3557/3557 3558/3558
f 3559/3559 3560/3560 3561/3561
f 3559/3559 3561/3561 3562/3562
f 3563/3563 3564/3564 3565/3565
f 3566/3566 3567/3567 3568/3568
f 3569/3569 3570/3570 3571/3571
f 3569/3569 3571/3571 3572/3572
f 3573/3573 3574/3574 3575/3575
f 3576/3576 3577/3577 3578/3578
f 3579/3579 3580/3580 3581/3581
f 3579/3579 3581/3581 3582/3582
f 3583/3583 3584/3584 3585/3585
f 3586/3586 3587/3587 3588/3588
f 3589/3589 3590/3590 3591/3591
f 3589/3589 3591/3591 3592/3592
f 3593/3593 3594/3594 3595/3595
f 3596/3596 3597/3597 3598/3598
f 3599/3599 3600/3600 3601/3601
f 3599/3599 3601/3601 3602/3602
f 3603/3603 3604/3604 3605/3605
f 3606/3606 3607/3607 3608/3608
f 3609/3609 3610/3610 3611/3611
f 3609/3609 3611/3611 3612/3612
f 3613/3613 3614/3614 3615/3615
f 3616/3616 3617/3617 3618/3618
f 3619/3619 3620/3620 3621/3621
f 3619/3619 3621/3621 3622/3622
f 3623/3623 3624/3624 3625/3625
f 3626/3626 3627/3627 3628/3628
f 3629/3629 3630/3630 3631/3631
f 3629/3629 3631/3631 3632/3632
f 3633/3633 3634/3634 3635/3635
f 3636/3636 3637/3637 3638/3638
f 3639/3639 3640/3640 3641/3641
f 3639/3639 3641/3641 3642/3642
f 3643/3643 3644/3644 3645/3645
f 3646/3646 3647/3647 3648/3648
f 3649/3649 3650/3650 3651/3651
f 3649/3649 3651/3651 3652/3652
f 3653/3653 3654/3654 3655/3655
f 3656/3656 3657/3657 3658/3658
f 3659/3659 3660/3660 3661/3661
f 3659/3659 3661/3661 3662/3662
f 3663/3663 3664/3664 3665/3665
f 3666/3666 3667/3667 3668/3668
f 3669/3669 3670/3670 3671/3671
f 3669/3669 3671/3671 3672/3672
f 3673/3673 3674/3674 3675/3675
f 3676/3676 3677/3677 3678/3678
f 3679/3679 3680/3680 3681/3681
f 3679/3679 3681/3681 3682/3682
f 3683/3683 3684/3684 3685/3685
f 3686/3686 3687/3687 3688/3688
usemtl masonry
f 1/1 2/2 3/3
f 1/1 3/3 4/4
f 5/5 6/6 7/7
f 5/5 7/7 8/8
f 9/9 10/10 11/11
f 9/9 11/11 12/12
f 13/13 14/14 15/15
f 13/13 15/15 16/16
f 17/17 18/18 19/19
f 17/17 19/19 20/20
f 21/21 22/22 23/23
f 21/21 23/23 24/24
f 25/25 26/26 27/27
f 25/25 27/27 28/28
f 29/29 30/30 31/31
f 29/29 31/31 32/32
f 33/33 34/34 35/35
f 33/33 35/35 36/36
f 37/37 38/38 39/39
f 37/37 39/39 40/40
f 41/41 42/42 43/43
f 41/41 43/43 44/44
f 45/45 46/46 47/47
f 45/45 47/47 48/48
f 73/73 74/74 75/75
f 73/73 75/75 76/76
f 77/77 78/78 79/79
f 77/77 79/79 80/80
f 81/81 82/82 83/83
f 81/81 83/83 84/84
f 85/85 86/86 87/87
f 85/85 87/87 88/88
f 89/89 90/90 91/91
f 89/89 91/91 92/92
f 93/93 94/94 95/95
f 93/93 95/95 96/96
f 193/193 194/194 195/195
f 193/193 195/195 196/196
f 197/197 198/198 199/199
f 197/197 199/199 200/200
f 201/201 202/202 203/203
f 201/201 203/203 204/204
f 205/205 206/206 207/207
f 205/205 207/207 208/208
f 209/209 210/210 211/211
f 209/209 211/211 212/212
f 213/213 214/214 215/215
f 213/213 215/215 216/216
f 337/337 338/338 339/339
f 337/337 339/339 340/340
f 341/341 342/342 343/343
f 341/341 343/343 344/344
f 345/345 346/346 347/347
f 345/345 347/347 348/348
f 349/349 350/350 351/351
f 349/349 351/351 352/352
f 353/353 354/354 355/355
f 353/353 355/355 356/356
f 357/357 358/358 359/359
f 357/357 359/359 360/360
f 361/361 362/362 363/363
f 361/361 363/363 364/364
f 365/365 366/366 367/367
f 365/365 367/367 368/368
f 369/369 370/370 371/371
f 369/369 371/371 372/372
f 373/373 374/374 375/375
f 373/373 375/375 376/376
f 377/377 378/378 379/379
f 377/377 379/379 380/380
f 381/381 382/382 383/383
f 381/381 383/383 384/384
f 457/457 458/458 459/459
f 457/457 459/459 460/460
f 461/461 462/462 463/463
f 461/461 463/463 464/464
f 465/465 466/466 467/467
f 465/465 467/467 468/468
f 469/469 470/470 471/471
f 469/469 471/471 472/472
f 473/473 474/474 475/475
f 473/473 475/475 476/476
f 477/477 478/478 479/479
f 477/477 479/479 480/480
f 481/481 482/482 483/483
f 481/481 483/483 484/484
f 485/485 486/486 487/487
f 485/485 487/487 488/488
f 489/489 490/490 491/491
f 489/489 491/491 492/492
f 493/493 494/494 495/495
f 493/493 495/495 496/496
f 497/497 498/498 499/499
f 497/497 499/499 500/500
f 501/501 502/502 503/503
f 501/501 503/503 504/504
f 529/529 530/530 531/531
f 529/529 531/531 532/532
f 533/533 534/534 535/535
f 533/533 535/535 536/536
f 537/537 538/538 539/539
f 537/537 539/539 540/540
f 541/541 542/542 543/543
f 541/541 543/543 544/544
f 545/545 546/546 547/547
f 545/545 547/547 548/548
f 549/549 550/550 551/551
f 549/549 551/551 552/552
f 697/697 698/698 699/699
f 697/697 699/699 700/700
f 701/701 702/702 703/703
f 701/701 703/703 704/704
f 705/705 706/706 707/707
f 705/705 707/707 708/708
f 709/709 710/710 711/711
f 709/709 711/711 712/712
f 713/713 714/714 715/715
f 713/713 715/715 716/716
f 717/717 718/718 719/719
f 717/717 719/719 720/720
f 721/721 722/722 723/723
f 721/721 723/723 724/724
f 725/725 726/726 727/727
f 725/725 727/727 728/728
f 729/729 730/730 731/731
f 729/729 731/731 732/732
f 733/733 734/734 735/735
f 733/733 735/735 736/736
f 737/737 738/738 739/739
f 737/737 739/739 740/740
f 741/741 742/742 743/743
f 741/741 743/743 744/744
f 913/913 914/914 915/915
f 913/913 915/915 916/916
f 917/917 918/918 919/919
f 917/917 919/919 920/920
f 921/921 922/922 923/923
f 921/921 923/923 924/924
f 925/925 926/926 927/927
f 925/925 927/927 928/928
f 929/929 930/930 931/931
f 929/929 931/931 932/932
f 933/933 934/934 935/935
f 933/933 935/935 936/936
f 937/937 938/938 939/939
f 937/937 939/939 940/940
f 941/941 942/942 943/943
f 941/941 943/943 944/944
f 945/945 946/946 947/947
f 945/945 947/947 948/948
f 949/949 950/950 951/951
f 949/949 951/951 952/952
f 953/953 954/954 955/955
f 953/953 955/955 956/956
f 957/957 958/958 959/959
f 957/957 959/959 960/960
f 961/961 962/962 963/963
f 961/961 963/963 964/964
f 965/965 966/966 967/967
f 965/965 967/967 968/968
f 969/969 970/970 971/971
f 969/969 971/971 972/972
f 973/973 974/974 975/975
f 973/973 975/975 976/976
f 977/977 978/978 979/979
f 977/977 979/979 980/980
f 981/981 982/982 983/983
f 981/981 983/983 984/984
f 1009/1009 1010/1010 1011/1011
f 1009/1009 1011/1011 1012/1012
f 1013/1013 1014/1014 1015/1015
f 1013/1013 1015/1015 1016/1016
f 1017/1017 1018/1018 1019/1019
f 1017/1017 1019/1019 1020/1020
f 1021/1021 1022/1022 1023/1023
f 1021/1021 1023/1023 1024/1024
f 1025/1025 1026/1026 1027/1027
f 1025/1025 1027/1027 1028/1028
f 1029/1029 1030/1030 1031/1031
f 1029/1029 1031/1031 1032/1032
f 1033/1033 1034/1034 1035/1035
f 1033/1033 1035/1035 1036/1036
f 1037/1037 1038/1038 1039/1039
f 1037/1037 1039/1039 1040/1040
f 1041/1041 1042/1042 1043/1043
f 1041/1041 1043/1043 1044/1044
f 1045/1045 1046/1046 1047/1047
f 1045/1045 1047/1047 1048/1048
f 1049/1049 1050/1050 1051/1051
f 1049/1049 1051/1051 1052/1052
f 1053/1053 1054/1054 1055/1055
f 1053/1053 1055/1055 1056/1056
f 1105/1105 1106/1106 1107/1107
f 1105/1105 1107/1107 1108/1108
f 1109/1109 1110/1110 1111/1111
f 1109/1109 1111/1111 1112/1112
f 1113/1113 1114/1114 1115/1115
f 1113/1113 1115/1115 1116/1116
f 1117/1117 1118/1118 1119/1119
f 1117/1117 1119/1119 1120/1120
f 1121/1121 1122/1122 1123/1123
f 1121/1121 1123/1123 1124/1124
f 1125/1125 1126/1126 1127/1127
f 1125/1125 1127/1127 1128/1128
f 1129/1129 1130/1130 1131/1131
f 1129/1129 1131/1131 1132/1132
f 1133/1133 1134/1134 1135/1135
f 1133/1133 1135/1135 1136/1136
f 1137/1137 1138/1138 1139/1139
f 1137/1137 1139/1139 1140/1140
f 1141/1141 1142/1142 1143/1143
f 1141/1141 1143/1143 1144/1144
f 1145/1145 1146/1146 1147/1147
f 1145/1145 1147/1147 1148/1148
f 1149/1149 1150/1150 1151/1151
f 1149/1149 1151/1151 1152/1152
f 1177/1177 1178/1178 1179/1179
f 1177/1177 1179/1179 1180/1180
f 1181/1181 1182/1182 1183/1183
f 1181/1181 1183/1183 1184/1184
f 1185/1185 1186/1186 1187/1187
f 1185/1185 1187/1187 1188/1188
f 1189/1189 1190/1190 1191/1191
f 1189/1189 1191/1191 1192/1192
f 1193/1193 1194/1194 1195/1195
f 1193/1193 1195/1195 1196/1196
f 1197/1197 1198/1198 1199/1199
f 1197/1197 1199/1199 1200/1200
f 1273/1273 1274/1274 1275/1275
f 1273/1273 1275/1275 1276/1276
f 1277/1277 1278/1278 1279/1279
f 1277/1277 1279/1279 1280/1280
f 1281/1281 1282/1282 1283/1283
f 1281/1281 1283/1283 1284/1284
f 1285/1285 1286/1286 1287/1287
f 1285/1285 1287/1287 1288/1288
f 1289/1289 1290/1290 1291/1291
f 1289/1289 1291/1291 1292/1292
f 1293/1293 1294/1294 1295/1295
f 1293/1293 1295/1295 1296/1296
f 1321/1321 1322/1322 1323/1323
f 1321/1321 1323/1323 1324/1324
f 1325/1325 1326/1326 1327/1327
f 1325/1325 1327/1327 1328/1328
f 1329/1329 1330/1330 1331/1331
f 1329/1329 1331/1331 1332/1332
f 1333/1333 1334/1334 1335/1335
f 1333/1333 1335/1335 1336/1336
f 1337/1337 1338/1338 1339/1339
f 1337/1337 1339/1339 1340/1340
f 1341/1341 1342/1342 1343/1343
f 1341/1341 1343/1343 1344/1344
f 1489/1489 1490/1490 1491/1491
f 1489/1489 1491/1491 1492/1492
f 1493/1493 1494/1494 1495/1495
f 1493/1493 1495/1495 1496/1496
f 1497/1497 1498/1498 1499/1499
f 1497/1497 1499/1499 1500/1500
f 1501/1501 1502/1502 1503/1503
f 1501/1501 1503/1503 1504/1504
f 1505/1505 1506/1506 1507/1507
f 1505/1505 1507/1507 1508/1508
f 1509/1509 1510/1510 1511/1511
f 1509/1509 1511/1511 1512/1512
f 1513/1513 1514/1514 1515/1515
f 1513/1513 1515/1515 1516/1516
f 1517/1517 1518/1518 1519/1519
f 1517/1517 1519/1519 1520/1520
f 1521/1521 1522/1522 1523/1523
f 1521/1521 1523/1523 1524/1524
f 1525/1525 1526/1526 1527/1527
f 1525/1525 1527/1527 1528/1528
f 1529/1529 1530/1530 1531/1531
f 1529/1529 1531/1531 1532/1532
f 1533/1533 1534/1534 1535/1535
f 1533/1533 1535/1535 1536/1536
f 1585/1585 1586/1586 1587/1587
f 1585/1585 1587/1587 1588/1588
f 1589/1589 1590/1590 1591/1591
f 1589/1589 1591/1591 1592/1592
f 1593/1593 1594/1594 1595/1595
f 1593/1593 1595/1595 1596/1596
f 1597/1597 1598/1598 1599/1599
f 1597/1597 1599/1599 1600/1600
f 1601/1601 1602/1602 1603/1603
f 1601/1601 1603/1603 1604/1604
f 1605/1605 1606/1606 1607/1607
f 1605/1605 1607/1607 1608/1608
