# D_mat_6 (Sightline generated, CENTIMETRES, +Z up)
v 85.02 -297.81 -30.00
v 106.34 -335.35 11.24
v 99.81 -282.95 43.96
v 91.81 -253.58 13.96
v 120.65 -292.51 -34.60
v 116.71 -250.17 -2.37
v 138.25 -286.07 36.64
v 133.13 -323.12 -8.27
v 85.02 -297.81 -30.00
v 91.81 -253.58 13.96
v 116.71 -250.17 -2.37
v 120.65 -292.51 -34.60
v 106.34 -335.35 11.24
v 133.13 -323.12 -8.27
v 138.25 -286.07 36.64
v 99.81 -282.95 43.96
v 85.02 -297.81 -30.00
v 120.65 -292.51 -34.60
v 133.13 -323.12 -8.27
v 106.34 -335.35 11.24
v 91.81 -253.58 13.96
v 99.81 -282.95 43.96
v 138.25 -286.07 36.64
v 116.71 -250.17 -2.37
v -163.86 -49.31 23.70
v -157.13 -7.67 -7.35
v -196.44 6.89 -14.08
v -217.19 -50.52 10.91
v -158.75 -70.63 4.92
v -213.08 -58.02 -5.30
v -201.99 -20.19 -41.20
v -145.34 -25.64 -22.12
v -163.86 -49.31 23.70
v -217.19 -50.52 10.91
v -213.08 -58.02 -5.30
v -158.75 -70.63 4.92
v -157.13 -7.67 -7.35
v -145.34 -25.64 -22.12
v -201.99 -20.19 -41.20
v -196.44 6.89 -14.08
v -163.86 -49.31 23.70
v -158.75 -70.63 4.92
v -145.34 -25.64 -22.12
v -157.13 -7.67 -7.35
v -217.19 -50.52 10.91
v -196.44 6.89 -14.08
v -201.99 -20.19 -41.20
v -213.08 -58.02 -5.30
v -200.41 175.23 12.48
v -241.92 152.46 23.96
v -225.83 127.43 -10.31
v -188.27 139.51 -15.15
v -216.77 190.58 -4.79
v -208.26 158.23 -34.71
v -241.63 142.20 -24.64
v -251.70 167.04 7.48
v -200.41 175.23 12.48
v -188.27 139.51 -15.15
v -208.26 158.23 -34.71
v -216.77 190.58 -4.79
v -241.92 152.46 23.96
v -251.70 167.04 7.48
v -241.63 142.20 -24.64
v -225.83 127.43 -10.31
v -200.41 175.23 12.48
v -216.77 190.58 -4.79
v -251.70 167.04 7.48
v -241.92 152.46 23.96
v -188.27 139.51 -15.15
v -225.83 127.43 -10.31
v -241.63 142.20 -24.64
v -208.26 158.23 -34.71
v 213.95 402.43 -17.92
v 210.06 378.98 16.30
v 233.30 421.04 37.45
v 244.23 428.92 0.39
v 252.47 383.67 -23.11
v 265.39 420.53 -13.30
v 273.12 394.88 20.56
v 249.74 369.91 10.21
v 213.95 402.43 -17.92
v 244.23 428.92 0.39
v 265.39 420.53 -13.30
v 252.47 383.67 -23.11
v 210.06 378.98 16.30
v 249.74 369.91 10.21
v 273.12 394.88 20.56
v 233.30 421.04 37.45
v 213.95 402.43 -17.92
v 252.47 383.67 -23.11
v 249.74 369.91 10.21
v 210.06 378.98 16.30
v 244.23 428.92 0.39
v 233.30 421.04 37.45
v 273.12 394.88 20.56
v 265.39 420.53 -13.30
v 447.24 -159.12 -25.07
v 471.57 -149.12 -2.36
v 469.39 -190.52 5.06
v 442.21 -189.24 -20.82
v 436.49 -147.78 -8.93
v 419.34 -184.45 3.41
v 453.78 -185.40 29.62
v 463.36 -150.29 22.72
v 447.24 -159.12 -25.07
v 442.21 -189.24 -20.82
v 419.34 -184.45 3.41
v 436.49 -147.78 -8.93
v 471.57 -149.12 -2.36
v 463.36 -150.29 22.72
v 453.78 -185.40 29.62
v 469.39 -190.52 5.06
v 447.24 -159.12 -25.07
v 436.49 -147.78 -8.93
v 463.36 -150.29 22.72
v 471.57 -149.12 -2.36
v 442.21 -189.24 -20.82
v 469.39 -190.52 5.06
v 453.78 -185.40 29.62
v 419.34 -184.45 3.41
v -222.03 -100.94 10.18
v -188.03 -94.73 0.77
v -195.22 -69.55 -6.78
v -220.02 -69.90 5.95
v -221.51 -99.41 -12.41
v -227.41 -74.41 -10.97
v -194.01 -68.19 -24.51
v -193.21 -98.14 -15.00
v -222.03 -100.94 10.18
v -220.02 -69.90 5.95
v -227.41 -74.41 -10.97
v -221.51 -99.41 -12.41
v -188.03 -94.73 0.77
v -193.21 -98.14 -15.00
v -194.01 -68.19 -24.51
v -195.22 -69.55 -6.78
v -222.03 -100.94 10.18
v -221.51 -99.41 -12.41
v -193.21 -98.14 -15.00
v -188.03 -94.73 0.77
v -220.02 -69.90 5.95
v -195.22 -69.55 -6.78
v -194.01 -68.19 -24.51
v -227.41 -74.41 -10.97
v 500.16 10.39 8.06
v 471.79 -15.12 19.17
v 487.18 -39.35 23.55
v 521.86 -15.06 10.36
v 495.57 9.51 -13.55
v 517.34 -23.03 -13.60
v 484.67 -50.56 -2.81
v 467.91 -18.53 2.61
v 500.16 10.39 8.06
v 521.86 -15.06 10.36
v 517.34 -23.03 -13.60
v 495.57 9.51 -13.55
v 471.79 -15.12 19.17
v 467.91 -18.53 2.61
v 484.67 -50.56 -2.81
v 487.18 -39.35 23.55
v 500.16 10.39 8.06
v 495.57 9.51 -13.55
v 467.91 -18.53 2.61
v 471.79 -15.12 19.17
v 521.86 -15.06 10.36
v 487.18 -39.35 23.55
v 484.67 -50.56 -2.81
v 517.34 -23.03 -13.60
v -212.19 -276.65 -18.94
v -211.05 -260.46 -2.20
v -196.27 -263.32 4.22
v -195.31 -281.40 -9.24
v -221.20 -284.24 -10.09
v -206.19 -288.68 4.49
v -205.97 -275.02 15.45
v -220.40 -264.75 6.34
v -212.19 -276.65 -18.94
v -195.31 -281.40 -9.24
v -206.19 -288.68 4.49
v -221.20 -284.24 -10.09
v -211.05 -260.46 -2.20
v -220.40 -264.75 6.34
v -205.97 -275.02 15.45
v -196.27 -263.32 4.22
v -212.19 -276.65 -18.94
v -221.20 -284.24 -10.09
v -220.40 -264.75 6.34
v -211.05 -260.46 -2.20
v -195.31 -281.40 -9.24
v -196.27 -263.32 4.22
v -205.97 -275.02 15.45
v -206.19 -288.68 4.49
v -141.47 -167.26 20.79
v -158.55 -171.64 -22.40
v -168.72 -190.62 -13.30
v -160.34 -186.73 17.81
v -125.12 -188.12 14.39
v -141.56 -208.87 16.36
v -151.39 -209.72 -17.17
v -132.30 -191.37 -19.54
v -141.47 -167.26 20.79
v -160.34 -186.73 17.81
v -141.56 -208.87 16.36
v -125.12 -188.12 14.39
v -158.55 -171.64 -22.40
v -132.30 -191.37 -19.54
v -151.39 -209.72 -17.17
v -168.72 -190.62 -13.30
v -141.47 -167.26 20.79
v -125.12 -188.12 14.39
v -132.30 -191.37 -19.54
v -158.55 -171.64 -22.40
v -160.34 -186.73 17.81
v -168.72 -190.62 -13.30
v -151.39 -209.72 -17.17
v -141.56 -208.87 16.36
v 176.52 425.75 -10.88
v 205.02 400.56 -0.27
v 170.07 380.22 -0.92
v 150.74 408.22 -11.93
v 173.10 425.20 33.24
v 154.03 405.59 19.85
v 172.33 376.04 29.82
v 200.85 405.55 29.64
v 176.52 425.75 -10.88
v 150.74 408.22 -11.93
v 154.03 405.59 19.85
v 173.10 425.20 33.24
v 205.02 400.56 -0.27
v 200.85 405.55 29.64
v 172.33 376.04 29.82
v 170.07 380.22 -0.92
v 176.52 425.75 -10.88
v 173.10 425.20 33.24
v 200.85 405.55 29.64
v 205.02 400.56 -0.27
v 150.74 408.22 -11.93
v 170.07 380.22 -0.92
v 172.33 376.04 29.82
v 154.03 405.59 19.85
v -146.23 240.06 22.05
v -167.59 254.44 35.97
v -193.24 227.12 16.09
v -172.71 214.71 6.62
v -145.60 260.91 -2.28
v -171.15 239.03 -20.44
v -191.53 250.06 -10.49
v -170.10 269.72 3.78
v -146.23 240.06 22.05
v -172.71 214.71 6.62
v -171.15 239.03 -20.44
v -145.60 260.91 -2.28
v -167.59 254.44 35.97
v -170.10 269.72 3.78
v -191.53 250.06 -10.49
v -193.24 227.12 16.09
v -146.23 240.06 22.05
v -145.60 260.91 -2.28
v -170.10 269.72 3.78
v -167.59 254.44 35.97
v -172.71 214.71 6.62
v -193.24 227.12 16.09
v -191.53 250.06 -10.49
v -171.15 239.03 -20.44
v -288.15 -22.23 13.56
v -316.81 -69.94 19.28
v -367.60 -41.86 -28.61
v -315.92 -1.46 -35.32
v -317.88 20.62 31.32
v -344.93 25.88 -10.85
v -368.21 -26.90 -0.34
v -345.43 -36.72 42.93
v -288.15 -22.23 13.56
v -315.92 -1.46 -35.32
v -344.93 25.88 -10.85
v -317.88 20.62 31.32
v -316.81 -69.94 19.28
v -345.43 -36.72 42.93
v -368.21 -26.90 -0.34
v -367.60 -41.86 -28.61
v -288.15 -22.23 13.56
v -317.88 20.62 31.32
v -345.43 -36.72 42.93
v -316.81 -69.94 19.28
v -315.92 -1.46 -35.32
v -367.60 -41.86 -28.61
v -368.21 -26.90 -0.34
v -344.93 25.88 -10.85
v 54.68 461.83 24.41
v 98.08 442.13 29.05
v 117.17 460.14 -3.02
v 62.15 489.69 -8.88
v 44.42 439.42 6.98
v 47.90 459.11 -26.15
v 92.86 438.19 -34.36
v 91.22 412.60 5.80
v 54.68 461.83 24.41
v 62.15 489.69 -8.88
v 47.90 459.11 -26.15
v 44.42 439.42 6.98
v 98.08 442.13 29.05
v 91.22 412.60 5.80
v 92.86 438.19 -34.36
v 117.17 460.14 -3.02
v 54.68 461.83 24.41
v 44.42 439.42 6.98
v 91.22 412.60 5.80
v 98.08 442.13 29.05
v 62.15 489.69 -8.88
v 117.17 460.14 -3.02
v 92.86 438.19 -34.36
v 47.90 459.11 -26.15
v -78.92 -39.56 23.08
v -119.80 -62.90 36.08
v -99.22 -96.47 16.20
v -66.95 -67.06 7.96
v -98.76 -24.11 -6.21
v -63.96 -57.76 -26.38
v -108.94 -79.67 -19.93
v -125.43 -47.70 -1.17
v -78.92 -39.56 23.08
v -66.95 -67.06 7.96
v -63.96 -57.76 -26.38
v -98.76 -24.11 -6.21
v -119.80 -62.90 36.08
v -125.43 -47.70 -1.17
v -108.94 -79.67 -19.93
v -99.22 -96.47 16.20
v -78.92 -39.56 23.08
v -98.76 -24.11 -6.21
v -125.43 -47.70 -1.17
v -119.80 -62.90 36.08
v -66.95 -67.06 7.96
v -99.22 -96.47 16.20
v -108.94 -79.67 -19.93
v -63.96 -57.76 -26.38
v 142.69 450.65 7.04
v 129.61 462.03 0.19
v 118.46 461.92 11.16
v 128.55 453.12 22.53
v 140.30 443.07 4.24
v 126.60 444.03 17.86
v 118.25 446.67 6.98
v 125.25 450.39 -4.86
v 142.69 450.65 7.04
v 128.55 453.12 22.53
v 126.60 444.03 17.86
v 140.30 443.07 4.24
v 129.61 462.03 0.19
v 125.25 450.39 -4.86
v 118.25 446.67 6.98
v 118.46 461.92 11.16
v 142.69 450.65 7.04
v 140.30 443.07 4.24
v 125.25 450.39 -4.86
v 129.61 462.03 0.19
v 128.55 453.12 22.53
v 118.46 461.92 11.16
v 118.25 446.67 6.98
v 126.60 444.03 17.86
v 226.59 34.14 24.06
v 223.86 21.51 17.94
v 229.48 26.53 -1.14
v 233.02 41.80 7.01
v 215.03 39.85 18.70
v 223.48 43.45 4.42
v 223.51 30.21 -3.58
v 211.86 21.84 11.85
v 226.59 34.14 24.06
v 233.02 41.80 7.01
v 223.48 43.45 4.42
v 215.03 39.85 18.70
v 223.86 21.51 17.94
v 211.86 21.84 11.85
v 223.51 30.21 -3.58
v 229.48 26.53 -1.14
v 226.59 34.14 24.06
v 215.03 39.85 18.70
v 211.86 21.84 11.85
v 223.86 21.51 17.94
v 233.02 41.80 7.01
v 229.48 26.53 -1.14
v 223.51 30.21 -3.58
v 223.48 43.45 4.42
v -315.57 275.64 -4.82
v -320.96 290.48 12.66
v -296.79 308.61 10.09
v -291.78 297.72 -15.73
v -297.80 265.48 5.98
v -273.09 285.02 -4.47
v -274.60 290.69 21.03
v -298.20 275.95 28.10
v -315.57 275.64 -4.82
v -291.78 297.72 -15.73
v -273.09 285.02 -4.47
v -297.80 265.48 5.98
v -320.96 290.48 12.66
v -298.20 275.95 28.10
v -274.60 290.69 21.03
v -296.79 308.61 10.09
v -315.57 275.64 -4.82
v -297.80 265.48 5.98
v -298.20 275.95 28.10
v -320.96 290.48 12.66
v -291.78 297.72 -15.73
v -296.79 308.61 10.09
v -274.60 290.69 21.03
v -273.09 285.02 -4.47
v 458.82 5.76 -8.94
v 490.26 16.68 -5.86
v 504.66 -7.49 -18.27
v 472.23 -23.33 -24.03
v 456.73 6.31 7.52
v 478.66 -29.39 6.97
v 499.34 -17.35 9.29
v 481.08 15.07 11.38
v 458.82 5.76 -8.94
v 472.23 -23.33 -24.03
v 478.66 -29.39 6.97
v 456.73 6.31 7.52
v 490.26 16.68 -5.86
v 481.08 15.07 11.38
v 499.34 -17.35 9.29
v 504.66 -7.49 -18.27
v 458.82 5.76 -8.94
v 456.73 6.31 7.52
v 481.08 15.07 11.38
v 490.26 16.68 -5.86
v 472.23 -23.33 -24.03
v 504.66 -7.49 -18.27
v 499.34 -17.35 9.29
v 478.66 -29.39 6.97
v 158.07 117.37 -20.01
v 175.20 101.26 -13.63
v 166.89 93.99 3.66
v 149.81 103.09 7.34
v 163.56 125.53 -7.92
v 156.93 122.10 10.45
v 174.18 111.92 17.26
v 185.53 122.98 -8.62
v 158.07 117.37 -20.01
v 149.81 103.09 7.34
v 156.93 122.10 10.45
v 163.56 125.53 -7.92
v 175.20 101.26 -13.63
v 185.53 122.98 -8.62
v 174.18 111.92 17.26
v 166.89 93.99 3.66
v 158.07 117.37 -20.01
v 163.56 125.53 -7.92
v 185.53 122.98 -8.62
v 175.20 101.26 -13.63
v 149.81 103.09 7.34
v 166.89 93.99 3.66
v 174.18 111.92 17.26
v 156.93 122.10 10.45
v -182.87 234.72 -16.11
v -133.85 267.28 -13.62
v -117.83 239.36 7.61
v -144.40 204.97 5.39
v -196.62 247.73 9.60
v -158.19 218.34 34.37
v -126.37 261.78 30.84
v -148.97 274.50 6.51
v -182.87 234.72 -16.11
v -144.40 204.97 5.39
v -158.19 218.34 34.37
v -196.62 247.73 9.60
v -133.85 267.28 -13.62
v -148.97 274.50 6.51
v -126.37 261.78 30.84
v -117.83 239.36 7.61
v -182.87 234.72 -16.11
v -196.62 247.73 9.60
v -148.97 274.50 6.51
v -133.85 267.28 -13.62
v -144.40 204.97 5.39
v -117.83 239.36 7.61
v -126.37 261.78 30.84
v -158.19 218.34 34.37
v 96.56 -26.83 2.89
v 135.86 4.22 3.02
v 113.75 32.76 0.84
v 74.44 8.17 -0.11
v 97.93 -19.56 -22.32
v 76.58 8.09 -16.41
v 110.44 36.47 -19.95
v 136.25 0.87 -14.11
v 96.56 -26.83 2.89
v 74.44 8.17 -0.11
v 76.58 8.09 -16.41
v 97.93 -19.56 -22.32
v 135.86 4.22 3.02
v 136.25 0.87 -14.11
v 110.44 36.47 -19.95
v 113.75 32.76 0.84
v 96.56 -26.83 2.89
v 97.93 -19.56 -22.32
v 136.25 0.87 -14.11
v 135.86 4.22 3.02
v 74.44 8.17 -0.11
v 113.75 32.76 0.84
v 110.44 36.47 -19.95
v 76.58 8.09 -16.41
v -97.53 368.51 38.42
v -151.10 375.29 27.42
v -159.05 325.47 -4.50
v -95.63 305.16 10.54
v -75.49 370.32 -17.40
v -91.18 320.87 -22.01
v -146.30 333.07 -37.91
v -140.03 398.51 -24.24
v -97.53 368.51 38.42
v -95.63 305.16 10.54
v -91.18 320.87 -22.01
v -75.49 370.32 -17.40
v -151.10 375.29 27.42
v -140.03 398.51 -24.24
v -146.30 333.07 -37.91
v -159.05 325.47 -4.50
v -97.53 368.51 38.42
v -75.49 370.32 -17.40
v -140.03 398.51 -24.24
v -151.10 375.29 27.42
v -95.63 305.16 10.54
v -159.05 325.47 -4.50
v -146.30 333.07 -37.91
v -91.18 320.87 -22.01
v 144.87 -249.23 -15.96
v 187.06 -222.83 -19.11
v 216.28 -256.41 -21.32
v 171.25 -285.03 -33.43
v 161.49 -258.14 32.00
v 169.27 -298.78 17.64
v 223.92 -273.22 11.69
v 200.74 -232.47 25.78
v 144.87 -249.23 -15.96
v 171.25 -285.03 -33.43
v 169.27 -298.78 17.64
v 161.49 -258.14 32.00
v 187.06 -222.83 -19.11
v 200.74 -232.47 25.78
v 223.92 -273.22 11.69
v 216.28 -256.41 -21.32
v 144.87 -249.23 -15.96
v 161.49 -258.14 32.00
v 200.74 -232.47 25.78
v 187.06 -222.83 -19.11
v 171.25 -285.03 -33.43
v 216.28 -256.41 -21.32
v 223.92 -273.22 11.69
v 169.27 -298.78 17.64
v 215.82 102.94 19.83
v 222.81 122.04 16.74
v 207.31 128.11 14.11
v 199.40 108.40 15.68
v 217.58 98.44 9.71
v 197.40 104.39 3.80
v 205.93 129.06 3.47
v 225.75 120.05 2.72
v 215.82 102.94 19.83
v 199.40 108.40 15.68
v 197.40 104.39 3.80
v 217.58 98.44 9.71
v 222.81 122.04 16.74
v 225.75 120.05 2.72
v 205.93 129.06 3.47
v 207.31 128.11 14.11
v 215.82 102.94 19.83
v 217.58 98.44 9.71
v 225.75 120.05 2.72
v 222.81 122.04 16.74
v 199.40 108.40 15.68
v 207.31 128.11 14.11
v 205.93 129.06 3.47
v 197.40 104.39 3.80
v 53.47 -91.76 5.56
v 82.61 -86.68 2.16
v 72.51 -60.55 4.18
v 47.35 -64.00 12.29
v 50.31 -89.57 -18.02
v 42.69 -63.99 -18.18
v 74.60 -58.39 -16.61
v 78.04 -80.06 -17.33
v 53.47 -91.76 5.56
v 47.35 -64.00 12.29
v 42.69 -63.99 -18.18
v 50.31 -89.57 -18.02
v 82.61 -86.68 2.16
v 78.04 -80.06 -17.33
v 74.60 -58.39 -16.61
v 72.51 -60.55 4.18
v 53.47 -91.76 5.56
v 50.31 -89.57 -18.02
v 78.04 -80.06 -17.33
v 82.61 -86.68 2.16
v 47.35 -64.00 12.29
v 72.51 -60.55 4.18
v 74.60 -58.39 -16.61
v 42.69 -63.99 -18.18
v 274.90 -110.06 -34.30
v 217.86 -82.26 -24.99
v 244.83 -42.52 -7.18
v 289.48 -69.08 -20.81
v 273.17 -115.63 -3.04
v 301.17 -84.27 3.15
v 251.84 -49.04 20.04
v 220.92 -91.45 8.28
v 274.90 -110.06 -34.30
v 289.48 -69.08 -20.81
v 301.17 -84.27 3.15
v 273.17 -115.63 -3.04
v 217.86 -82.26 -24.99
v 220.92 -91.45 8.28
v 251.84 -49.04 20.04
v 244.83 -42.52 -7.18
v 274.90 -110.06 -34.30
v 273.17 -115.63 -3.04
v 220.92 -91.45 8.28
v 217.86 -82.26 -24.99
v 289.48 -69.08 -20.81
v 244.83 -42.52 -7.18
v 251.84 -49.04 20.04
v 301.17 -84.27 3.15
v 86.06 91.37 -6.11
v 112.04 82.19 3.95
v 100.12 57.74 9.11
v 83.12 61.51 -6.12
v 71.70 89.60 8.82
v 65.55 67.34 6.06
v 96.36 58.67 22.49
v 104.27 88.79 26.78
v 86.06 91.37 -6.11
v 83.12 61.51 -6.12
v 65.55 67.34 6.06
v 71.70 89.60 8.82
v 112.04 82.19 3.95
v 104.27 88.79 26.78
v 96.36 58.67 22.49
v 100.12 57.74 9.11
v 86.06 91.37 -6.11
v 71.70 89.60 8.82
v 104.27 88.79 26.78
v 112.04 82.19 3.95
v 83.12 61.51 -6.12
v 100.12 57.74 9.11
v 96.36 58.67 22.49
v 65.55 67.34 6.06
v -245.18 53.00 -38.55
v -213.99 59.26 33.82
v -248.17 74.09 56.06
v -284.34 79.32 -7.90
v -239.06 78.53 -40.37
v -279.37 96.13 -16.40
v -249.77 116.20 43.15
v -203.63 88.84 20.34
v -245.18 53.00 -38.55
v -284.34 79.32 -7.90
v -279.37 96.13 -16.40
v -239.06 78.53 -40.37
v -213.99 59.26 33.82
v -203.63 88.84 20.34
v -249.77 116.20 43.15
v -248.17 74.09 56.06
v -245.18 53.00 -38.55
v -239.06 78.53 -40.37
v -203.63 88.84 20.34
v -213.99 59.26 33.82
v -284.34 79.32 -7.90
v -248.17 74.09 56.06
v -249.77 116.20 43.15
v -279.37 96.13 -16.40
v 30.22 -38.29 -15.86
v 35.00 -25.84 -17.83
v 45.25 -34.42 -0.01
v 40.40 -45.00 -5.23
v 20.02 -33.25 -9.84
v 32.41 -41.43 5.32
v 37.58 -31.75 3.32
v 26.76 -22.50 -7.25
v 30.22 -38.29 -15.86
v 40.40 -45.00 -5.23
v 32.41 -41.43 5.32
v 20.02 -33.25 -9.84
v 35.00 -25.84 -17.83
v 26.76 -22.50 -7.25
v 37.58 -31.75 3.32
v 45.25 -34.42 -0.01
v 30.22 -38.29 -15.86
v 20.02 -33.25 -9.84
v 26.76 -22.50 -7.25
v 35.00 -25.84 -17.83
v 40.40 -45.00 -5.23
v 45.25 -34.42 -0.01
v 37.58 -31.75 3.32
v 32.41 -41.43 5.32
v -260.85 -51.28 22.47
v -256.68 -65.55 9.24
v -238.10 -62.72 13.29
v -241.19 -48.95 23.27
v -256.04 -47.19 11.75
v -242.73 -40.48 15.11
v -234.39 -58.14 0.48
v -254.57 -58.42 -2.40
v -260.85 -51.28 22.47
v -241.19 -48.95 23.27
v -242.73 -40.48 15.11
v -256.04 -47.19 11.75
v -256.68 -65.55 9.24
v -254.57 -58.42 -2.40
v -234.39 -58.14 0.48
v -238.10 -62.72 13.29
v -260.85 -51.28 22.47
v -256.04 -47.19 11.75
v -254.57 -58.42 -2.40
v -256.68 -65.55 9.24
v -241.19 -48.95 23.27
v -238.10 -62.72 13.29
v -234.39 -58.14 0.48
v -242.73 -40.48 15.11
v 228.51 300.96 -0.20
v 211.68 310.95 2.79
v 213.43 311.25 18.44
v 226.77 299.83 16.67
v 218.73 287.47 2.61
v 222.15 290.72 22.15
v 203.57 303.80 23.13
v 197.74 296.66 1.26
v 228.51 300.96 -0.20
v 226.77 299.83 16.67
v 222.15 290.72 22.15
v 218.73 287.47 2.61
v 211.68 310.95 2.79
v 197.74 296.66 1.26
v 203.57 303.80 23.13
v 213.43 311.25 18.44
v 228.51 300.96 -0.20
v 218.73 287.47 2.61
v 197.74 296.66 1.26
v 211.68 310.95 2.79
v 226.77 299.83 16.67
v 213.43 311.25 18.44
v 203.57 303.80 23.13
v 222.15 290.72 22.15
v 318.08 367.54 -25.16
v 354.47 376.48 -17.09
v 361.37 344.44 -13.79
v 325.76 338.84 -18.50
v 312.97 374.92 6.02
v 317.45 343.08 8.30
v 349.95 353.92 15.31
v 349.41 374.37 7.08
v 318.08 367.54 -25.16
v 325.76 338.84 -18.50
v 317.45 343.08 8.30
v 312.97 374.92 6.02
v 354.47 376.48 -17.09
v 349.41 374.37 7.08
v 349.95 353.92 15.31
v 361.37 344.44 -13.79
v 318.08 367.54 -25.16
v 312.97 374.92 6.02
v 349.41 374.37 7.08
v 354.47 376.48 -17.09
v 325.76 338.84 -18.50
v 361.37 344.44 -13.79
v 349.95 353.92 15.31
v 317.45 343.08 8.30
v 163.11 -205.20 5.62
v 149.77 -205.23 -7.10
v 139.22 -221.55 3.28
v 158.77 -222.94 18.48
v 174.04 -214.19 -4.11
v 163.87 -235.54 12.91
v 149.87 -233.96 3.56
v 154.52 -220.54 -15.04
v 163.11 -205.20 5.62
v 158.77 -222.94 18.48
v 163.87 -235.54 12.91
v 174.04 -214.19 -4.11
v 149.77 -205.23 -7.10
v 154.52 -220.54 -15.04
v 149.87 -233.96 3.56
v 139.22 -221.55 3.28
v 163.11 -205.20 5.62
v 174.04 -214.19 -4.11
v 154.52 -220.54 -15.04
v 149.77 -205.23 -7.10
v 158.77 -222.94 18.48
v 139.22 -221.55 3.28
v 149.87 -233.96 3.56
v 163.87 -235.54 12.91
v 217.78 -163.74 -21.17
v 225.10 -169.26 -7.90
v 208.08 -167.82 4.35
v 201.77 -156.87 -8.33
v 221.92 -147.21 -15.35
v 204.83 -147.71 -4.33
v 213.72 -156.28 11.87
v 230.41 -155.77 -1.50
v 217.78 -163.74 -21.17
v 201.77 -156.87 -8.33
v 204.83 -147.71 -4.33
v 221.92 -147.21 -15.35
v 225.10 -169.26 -7.90
v 230.41 -155.77 -1.50
v 213.72 -156.28 11.87
v 208.08 -167.82 4.35
v 217.78 -163.74 -21.17
v 221.92 -147.21 -15.35
v 230.41 -155.77 -1.50
v 225.10 -169.26 -7.90
v 201.77 -156.87 -8.33
v 208.08 -167.82 4.35
v 213.72 -156.28 11.87
v 204.83 -147.71 -4.33
v 286.94 367.46 5.11
v 283.24 344.31 6.42
v 311.11 337.63 9.73
v 315.75 362.09 9.73
v 286.70 364.91 -11.73
v 315.61 361.98 -12.40
v 314.71 335.14 -8.55
v 286.32 338.47 -9.20
v 286.94 367.46 5.11
v 315.75 362.09 9.73
v 315.61 361.98 -12.40
v 286.70 364.91 -11.73
v 283.24 344.31 6.42
v 286.32 338.47 -9.20
v 314.71 335.14 -8.55
v 311.11 337.63 9.73
v 286.94 367.46 5.11
v 286.70 364.91 -11.73
v 286.32 338.47 -9.20
v 283.24 344.31 6.42
v 315.75 362.09 9.73
v 311.11 337.63 9.73
v 314.71 335.14 -8.55
v 315.61 361.98 -12.40
v 183.59 299.08 31.76
v 200.20 273.11 30.32
v 216.38 279.67 3.70
v 201.83 294.11 -3.18
v 169.98 278.02 24.55
v 183.75 287.87 -14.96
v 193.65 262.54 0.58
v 185.06 258.92 26.25
v 183.59 299.08 31.76
v 201.83 294.11 -3.18
v 183.75 287.87 -14.96
v 169.98 278.02 24.55
v 200.20 273.11 30.32
v 185.06 258.92 26.25
v 193.65 262.54 0.58
v 216.38 279.67 3.70
v 183.59 299.08 31.76
v 169.98 278.02 24.55
v 185.06 258.92 26.25
v 200.20 273.11 30.32
v 201.83 294.11 -3.18
v 216.38 279.67 3.70
v 193.65 262.54 0.58
v 183.75 287.87 -14.96
v 238.65 -245.18 1.24
v 237.59 -201.00 -6.52
v 268.66 -188.64 -12.40
v 285.42 -236.77 -14.48
v 252.70 -245.78 29.44
v 290.36 -231.56 18.14
v 280.66 -189.59 18.67
v 234.64 -199.72 25.38
v 238.65 -245.18 1.24
v 285.42 -236.77 -14.48
v 290.36 -231.56 18.14
v 252.70 -245.78 29.44
v 237.59 -201.00 -6.52
v 234.64 -199.72 25.38
v 280.66 -189.59 18.67
v 268.66 -188.64 -12.40
v 238.65 -245.18 1.24
v 252.70 -245.78 29.44
v 234.64 -199.72 25.38
v 237.59 -201.00 -6.52
v 285.42 -236.77 -14.48
v 268.66 -188.64 -12.40
v 280.66 -189.59 18.67
v 290.36 -231.56 18.14
v -143.20 -257.17 17.04
v -157.24 -216.91 8.94
v -135.97 -211.15 -14.02
v -114.32 -242.93 -14.34
v -126.02 -241.20 27.84
v -106.81 -236.91 9.17
v -121.02 -199.52 6.01
v -142.94 -209.17 27.20
v -143.20 -257.17 17.04
v -114.32 -242.93 -14.34
v -106.81 -236.91 9.17
v -126.02 -241.20 27.84
v -157.24 -216.91 8.94
v -142.94 -209.17 27.20
v -121.02 -199.52 6.01
v -135.97 -211.15 -14.02
v -143.20 -257.17 17.04
v -126.02 -241.20 27.84
v -142.94 -209.17 27.20
v -157.24 -216.91 8.94
v -114.32 -242.93 -14.34
v -135.97 -211.15 -14.02
v -121.02 -199.52 6.01
v -106.81 -236.91 9.17
v 47.87 -312.70 -7.27
v 84.08 -293.05 -15.26
v 72.57 -288.36 47.14
v 27.55 -296.77 40.97
v 27.74 -281.49 -37.02
v 12.97 -270.21 18.00
v 54.15 -252.67 36.39
v 64.96 -256.48 -27.00
v 47.87 -312.70 -7.27
v 27.55 -296.77 40.97
v 12.97 -270.21 18.00
v 27.74 -281.49 -37.02
v 84.08 -293.05 -15.26
v 64.96 -256.48 -27.00
v 54.15 -252.67 36.39
v 72.57 -288.36 47.14
v 47.87 -312.70 -7.27
v 27.74 -281.49 -37.02
v 64.96 -256.48 -27.00
v 84.08 -293.05 -15.26
v 27.55 -296.77 40.97
v 72.57 -288.36 47.14
v 54.15 -252.67 36.39
v 12.97 -270.21 18.00
v -26.25 -123.77 -5.42
v -25.59 -112.06 9.29
v -36.86 -124.92 24.50
v -37.73 -140.62 5.51
v -32.03 -121.38 -11.46
v -45.15 -137.17 2.50
v -45.11 -121.02 16.59
v -37.80 -105.88 3.93
v -26.25 -123.77 -5.42
v -37.73 -140.62 5.51
v -45.15 -137.17 2.50
v -32.03 -121.38 -11.46
v -25.59 -112.06 9.29
v -37.80 -105.88 3.93
v -45.11 -121.02 16.59
v -36.86 -124.92 24.50
v -26.25 -123.77 -5.42
v -32.03 -121.38 -11.46
v -37.80 -105.88 3.93
v -25.59 -112.06 9.29
v -37.73 -140.62 5.51
v -36.86 -124.92 24.50
v -45.11 -121.02 16.59
v -45.15 -137.17 2.50
v 344.61 159.35 23.02
v 390.65 167.99 1.50
v 371.51 166.37 -33.07
v 329.57 152.76 -6.68
v 358.01 133.30 25.33
v 336.74 127.35 -18.64
v 366.35 130.42 -28.64
v 389.69 132.94 -1.01
v 344.61 159.35 23.02
v 329.57 152.76 -6.68
v 336.74 127.35 -18.64
v 358.01 133.30 25.33
v 390.65 167.99 1.50
v 389.69 132.94 -1.01
v 366.35 130.42 -28.64
v 371.51 166.37 -33.07
v 344.61 159.35 23.02
v 358.01 133.30 25.33
v 389.69 132.94 -1.01
v 390.65 167.99 1.50
v 329.57 152.76 -6.68
v 371.51 166.37 -33.07
v 366.35 130.42 -28.64
v 336.74 127.35 -18.64
v -170.95 377.76 8.91
v -171.50 356.44 15.74
v -154.16 352.40 6.96
v -149.49 378.63 2.19
v -177.33 382.47 -0.58
v -156.14 373.71 -11.74
v -164.13 351.61 -8.11
v -178.82 357.91 0.30
v -170.95 377.76 8.91
v -149.49 378.63 2.19
v -156.14 373.71 -11.74
v -177.33 382.47 -0.58
v -171.50 356.44 15.74
v -178.82 357.91 0.30
v -164.13 351.61 -8.11
v -154.16 352.40 6.96
v -170.95 377.76 8.91
v -177.33 382.47 -0.58
v -178.82 357.91 0.30
v -171.50 356.44 15.74
v -149.49 378.63 2.19
v -154.16 352.40 6.96
v -164.13 351.61 -8.11
v -156.14 373.71 -11.74
v -380.17 316.33 -15.71
v -406.65 284.91 -1.52
v -432.55 308.09 -4.82
v -410.70 332.87 -10.43
v -384.62 320.94 5.31
v -398.67 345.76 9.47
v -425.24 315.93 19.47
v -405.50 292.95 24.35
v -380.17 316.33 -15.71
v -410.70 332.87 -10.43
v -398.67 345.76 9.47
v -384.62 320.94 5.31
v -406.65 284.91 -1.52
v -405.50 292.95 24.35
v -425.24 315.93 19.47
v -432.55 308.09 -4.82
v -380.17 316.33 -15.71
v -384.62 320.94 5.31
v -405.50 292.95 24.35
v -406.65 284.91 -1.52
v -410.70 332.87 -10.43
v -432.55 308.09 -4.82
v -425.24 315.93 19.47
v -398.67 345.76 9.47
v 455.46 127.60 -7.70
v 410.17 88.79 -20.12
v 374.85 115.77 -31.16
v 421.24 153.06 -30.97
v 444.29 139.95 32.27
v 403.78 168.94 16.93
v 375.69 141.97 18.12
v 408.31 109.67 23.98
v 455.46 127.60 -7.70
v 421.24 153.06 -30.97
v 403.78 168.94 16.93
v 444.29 139.95 32.27
v 410.17 88.79 -20.12
v 408.31 109.67 23.98
v 375.69 141.97 18.12
v 374.85 115.77 -31.16
v 455.46 127.60 -7.70
v 444.29 139.95 32.27
v 408.31 109.67 23.98
v 410.17 88.79 -20.12
v 421.24 153.06 -30.97
v 374.85 115.77 -31.16
v 375.69 141.97 18.12
v 403.78 168.94 16.93
v 152.47 83.06 19.69
v 164.85 71.91 21.72
v 171.04 74.74 7.22
v 159.57 85.07 5.03
v 144.44 67.67 13.82
v 151.02 70.78 -0.69
v 168.26 64.25 0.18
v 161.47 57.87 16.08
v 152.47 83.06 19.69
v 159.57 85.07 5.03
v 151.02 70.78 -0.69
v 144.44 67.67 13.82
v 164.85 71.91 21.72
v 161.47 57.87 16.08
v 168.26 64.25 0.18
v 171.04 74.74 7.22
v 152.47 83.06 19.69
v 144.44 67.67 13.82
v 161.47 57.87 16.08
v 164.85 71.91 21.72
v 159.57 85.07 5.03
v 171.04 74.74 7.22
v 168.26 64.25 0.18
v 151.02 70.78 -0.69
v -46.41 -2.13 6.08
v -44.65 14.22 13.67
v -55.90 18.51 20.80
v -62.00 -2.45 17.64
v -53.12 -1.25 2.26
v -66.71 -0.94 10.44
v -62.39 17.56 12.60
v -48.82 19.69 5.34
v -46.41 -2.13 6.08
v -62.00 -2.45 17.64
v -66.71 -0.94 10.44
v -53.12 -1.25 2.26
v -44.65 14.22 13.67
v -48.82 19.69 5.34
v -62.39 17.56 12.60
v -55.90 18.51 20.80
v -46.41 -2.13 6.08
v -53.12 -1.25 2.26
v -48.82 19.69 5.34
v -44.65 14.22 13.67
v -62.00 -2.45 17.64
v -55.90 18.51 20.80
v -62.39 17.56 12.60
v -66.71 -0.94 10.44
v -343.42 17.89 -2.35
v -337.20 8.31 17.77
v -322.36 9.02 13.87
v -326.84 20.73 -4.48
v -343.43 10.04 -7.20
v -322.61 13.24 -9.12
v -318.25 1.51 9.11
v -335.97 -0.74 12.70
v -343.42 17.89 -2.35
v -326.84 20.73 -4.48
v -322.61 13.24 -9.12
v -343.43 10.04 -7.20
v -337.20 8.31 17.77
v -335.97 -0.74 12.70
v -318.25 1.51 9.11
v -322.36 9.02 13.87
v -343.42 17.89 -2.35
v -343.43 10.04 -7.20
v -335.97 -0.74 12.70
v -337.20 8.31 17.77
v -326.84 20.73 -4.48
v -322.36 9.02 13.87
v -318.25 1.51 9.11
v -322.61 13.24 -9.12
v -203.78 -48.05 -19.27
v -187.33 -21.03 -7.71
v -158.92 -42.47 -4.37
v -178.25 -75.08 -18.87
v -214.62 -49.20 -11.40
v -193.56 -73.88 1.95
v -165.89 -42.54 18.72
v -189.86 -21.10 6.69
v -203.78 -48.05 -19.27
v -178.25 -75.08 -18.87
v -193.56 -73.88 1.95
v -214.62 -49.20 -11.40
v -187.33 -21.03 -7.71
v -189.86 -21.10 6.69
v -165.89 -42.54 18.72
v -158.92 -42.47 -4.37
v -203.78 -48.05 -19.27
v -214.62 -49.20 -11.40
v -189.86 -21.10 6.69
v -187.33 -21.03 -7.71
v -178.25 -75.08 -18.87
v -158.92 -42.47 -4.37
v -165.89 -42.54 18.72
v -193.56 -73.88 1.95
v -272.54 -6.60 11.49
v -264.40 -24.37 5.45
v -250.98 -18.47 11.52
v -257.28 -1.45 16.35
v -271.72 -5.78 5.50
v -257.50 -0.88 7.70
v -247.19 -16.59 2.84
v -263.62 -22.83 -2.42
v -272.54 -6.60 11.49
v -257.28 -1.45 16.35
v -257.50 -0.88 7.70
v -271.72 -5.78 5.50
v -264.40 -24.37 5.45
v -263.62 -22.83 -2.42
v -247.19 -16.59 2.84
v -250.98 -18.47 11.52
v -272.54 -6.60 11.49
v -271.72 -5.78 5.50
v -263.62 -22.83 -2.42
v -264.40 -24.37 5.45
v -257.28 -1.45 16.35
v -250.98 -18.47 11.52
v -247.19 -16.59 2.84
v -257.50 -0.88 7.70
v 162.62 -222.95 25.12
v 159.16 -212.66 23.68
v 158.92 -220.40 1.47
v 162.19 -231.80 4.08
v 180.75 -224.88 21.01
v 178.69 -229.74 2.76
v 173.64 -215.48 2.00
v 174.47 -208.17 21.98
v 162.62 -222.95 25.12
v 162.19 -231.80 4.08
v 178.69 -229.74 2.76
v 180.75 -224.88 21.01
v 159.16 -212.66 23.68
v 174.47 -208.17 21.98
v 173.64 -215.48 2.00
v 158.92 -220.40 1.47
v 162.62 -222.95 25.12
v 180.75 -224.88 21.01
v 174.47 -208.17 21.98
v 159.16 -212.66 23.68
v 162.19 -231.80 4.08
v 158.92 -220.40 1.47
v 173.64 -215.48 2.00
v 178.69 -229.74 2.76
v -64.98 304.86 5.34
v -57.36 311.27 2.30
v -71.18 329.09 -0.15
v -86.02 321.60 3.45
v -69.77 298.06 -1.98
v -85.44 313.51 -4.80
v -78.41 320.56 -17.42
v -63.38 308.56 -14.91
v -64.98 304.86 5.34
v -86.02 321.60 3.45
v -85.44 313.51 -4.80
v -69.77 298.06 -1.98
v -57.36 311.27 2.30
v -63.38 308.56 -14.91
v -78.41 320.56 -17.42
v -71.18 329.09 -0.15
v -64.98 304.86 5.34
v -69.77 298.06 -1.98
v -63.38 308.56 -14.91
v -57.36 311.27 2.30
v -86.02 321.60 3.45
v -71.18 329.09 -0.15
v -78.41 320.56 -17.42
v -85.44 313.51 -4.80
v 251.38 84.57 23.24
v 251.29 47.98 24.49
v 231.51 21.46 -11.34
v 217.97 69.59 -20.74
v 202.11 86.45 26.16
v 189.37 76.48 -7.86
v 198.05 24.56 16.27
v 214.33 39.67 46.19
v 251.38 84.57 23.24
v 217.97 69.59 -20.74
v 189.37 76.48 -7.86
v 202.11 86.45 26.16
v 251.29 47.98 24.49
v 214.33 39.67 46.19
v 198.05 24.56 16.27
v 231.51 21.46 -11.34
v 251.38 84.57 23.24
v 202.11 86.45 26.16
v 214.33 39.67 46.19
v 251.29 47.98 24.49
v 217.97 69.59 -20.74
v 231.51 21.46 -11.34
v 198.05 24.56 16.27
v 189.37 76.48 -7.86
v 177.65 -263.24 -5.31
v 171.16 -274.49 6.66
v 168.33 -252.47 17.36
v 183.25 -244.11 4.85
v 190.90 -268.44 2.42
v 194.97 -247.87 10.23
v 183.97 -260.23 22.76
v 183.13 -279.54 10.69
v 177.65 -263.24 -5.31
v 183.25 -244.11 4.85
v 194.97 -247.87 10.23
v 190.90 -268.44 2.42
v 171.16 -274.49 6.66
v 183.13 -279.54 10.69
v 183.97 -260.23 22.76
v 168.33 -252.47 17.36
v 177.65 -263.24 -5.31
v 190.90 -268.44 2.42
v 183.13 -279.54 10.69
v 171.16 -274.49 6.66
v 183.25 -244.11 4.85
v 168.33 -252.47 17.36
v 183.97 -260.23 22.76
v 194.97 -247.87 10.23
v -122.58 -53.80 19.74
v -160.13 -49.83 18.70
v -156.51 -40.73 -14.69
v -120.91 -37.34 -4.22
v -125.26 -31.99 27.69
v -119.50 -21.34 4.97
v -151.15 -24.12 -4.02
v -153.85 -32.26 25.38
v -122.58 -53.80 19.74
v -120.91 -37.34 -4.22
v -119.50 -21.34 4.97
v -125.26 -31.99 27.69
v -160.13 -49.83 18.70
v -153.85 -32.26 25.38
v -151.15 -24.12 -4.02
v -156.51 -40.73 -14.69
v -122.58 -53.80 19.74
v -125.26 -31.99 27.69
v -153.85 -32.26 25.38
v -160.13 -49.83 18.70
v -120.91 -37.34 -4.22
v -156.51 -40.73 -14.69
v -151.15 -24.12 -4.02
v -119.50 -21.34 4.97
v -245.50 68.16 -4.23
v -257.48 69.78 8.99
v -258.18 52.02 14.58
v -247.19 48.64 0.94
v -259.32 62.05 -11.26
v -255.62 43.29 -1.68
v -265.84 51.22 7.36
v -265.92 66.68 1.26
v -245.50 68.16 -4.23
v -247.19 48.64 0.94
v -255.62 43.29 -1.68
v -259.32 62.05 -11.26
v -257.48 69.78 8.99
v -265.92 66.68 1.26
v -265.84 51.22 7.36
v -258.18 52.02 14.58
v -245.50 68.16 -4.23
v -259.32 62.05 -11.26
v -265.92 66.68 1.26
v -257.48 69.78 8.99
v -247.19 48.64 0.94
v -258.18 52.02 14.58
v -265.84 51.22 7.36
v -255.62 43.29 -1.68
v -145.49 207.89 0.64
v -160.57 217.29 -11.40
v -159.68 235.07 2.06
v -134.54 231.27 8.49
v -144.93 198.16 16.21
v -141.17 214.88 26.07
v -170.59 234.19 20.66
v -173.09 204.38 11.10
v -145.49 207.89 0.64
v -134.54 231.27 8.49
v -141.17 214.88 26.07
v -144.93 198.16 16.21
v -160.57 217.29 -11.40
v -173.09 204.38 11.10
v -170.59 234.19 20.66
v -159.68 235.07 2.06
v -145.49 207.89 0.64
v -144.93 198.16 16.21
v -173.09 204.38 11.10
v -160.57 217.29 -11.40
v -134.54 231.27 8.49
v -159.68 235.07 2.06
v -170.59 234.19 20.66
v -141.17 214.88 26.07
v 86.41 -202.81 -11.31
v 83.48 -196.98 23.40
v 71.58 -173.41 21.22
v 78.74 -177.47 -12.58
v 105.30 -187.68 -4.50
v 89.36 -163.71 -9.32
v 84.48 -160.87 21.31
v 100.10 -186.20 23.73
v 86.41 -202.81 -11.31
v 78.74 -177.47 -12.58
v 89.36 -163.71 -9.32
v 105.30 -187.68 -4.50
v 83.48 -196.98 23.40
v 100.10 -186.20 23.73
v 84.48 -160.87 21.31
v 71.58 -173.41 21.22
v 86.41 -202.81 -11.31
v 105.30 -187.68 -4.50
v 100.10 -186.20 23.73
v 83.48 -196.98 23.40
v 78.74 -177.47 -12.58
v 71.58 -173.41 21.22
v 84.48 -160.87 21.31
v 89.36 -163.71 -9.32
v -258.29 291.46 3.72
v -255.90 303.01 1.50
v -264.78 304.97 19.78
v -270.97 293.34 13.90
v -274.42 291.92 -4.70
v -276.87 295.93 8.62
v -274.11 309.14 8.87
v -268.51 308.67 -1.25
v -258.29 291.46 3.72
v -270.97 293.34 13.90
v -276.87 295.93 8.62
v -274.42 291.92 -4.70
v -255.90 303.01 1.50
v -268.51 308.67 -1.25
v -274.11 309.14 8.87
v -264.78 304.97 19.78
v -258.29 291.46 3.72
v -274.42 291.92 -4.70
v -268.51 308.67 -1.25
v -255.90 303.01 1.50
v -270.97 293.34 13.90
v -264.78 304.97 19.78
v -274.11 309.14 8.87
v -276.87 295.93 8.62
v -95.66 339.50 -18.94
v -127.52 340.48 -22.19
v -122.19 393.87 -18.16
v -92.60 387.55 -15.18
v -85.01 343.50 13.37
v -91.57 385.38 14.32
v -131.59 383.79 9.76
v -132.21 338.61 4.92
v -95.66 339.50 -18.94
v -92.60 387.55 -15.18
v -91.57 385.38 14.32
v -85.01 343.50 13.37
v -127.52 340.48 -22.19
v -132.21 338.61 4.92
v -131.59 383.79 9.76
v -122.19 393.87 -18.16
v -95.66 339.50 -18.94
v -85.01 343.50 13.37
v -132.21 338.61 4.92
v -127.52 340.48 -22.19
v -92.60 387.55 -15.18
v -122.19 393.87 -18.16
v -131.59 383.79 9.76
v -91.57 385.38 14.32
v -201.33 -209.65 -23.09
v -180.84 -179.90 -1.80
v -194.13 -200.88 26.45
v -214.30 -226.31 0.21
v -224.45 -196.72 -23.47
v -245.74 -208.58 2.41
v -228.19 -180.15 32.88
v -212.92 -158.94 -3.92
v -201.33 -209.65 -23.09
v -214.30 -226.31 0.21
v -245.74 -208.58 2.41
v -224.45 -196.72 -23.47
v -180.84 -179.90 -1.80
v -212.92 -158.94 -3.92
v -228.19 -180.15 32.88
v -194.13 -200.88 26.45
v -201.33 -209.65 -23.09
v -224.45 -196.72 -23.47
v -212.92 -158.94 -3.92
v -180.84 -179.90 -1.80
v -214.30 -226.31 0.21
v -194.13 -200.88 26.45
v -228.19 -180.15 32.88
v -245.74 -208.58 2.41
v -59.71 -142.91 -2.62
v -33.66 -122.92 -24.96
v -42.10 -95.69 -1.74
v -73.75 -117.50 22.03
v -93.44 -138.17 -19.31
v -97.99 -108.93 9.33
v -80.95 -86.40 -13.02
v -62.30 -106.94 -43.36
v -59.71 -142.91 -2.62
v -73.75 -117.50 22.03
v -97.99 -108.93 9.33
v -93.44 -138.17 -19.31
v -33.66 -122.92 -24.96
v -62.30 -106.94 -43.36
v -80.95 -86.40 -13.02
v -42.10 -95.69 -1.74
v -59.71 -142.91 -2.62
v -93.44 -138.17 -19.31
v -62.30 -106.94 -43.36
v -33.66 -122.92 -24.96
v -73.75 -117.50 22.03
v -42.10 -95.69 -1.74
v -80.95 -86.40 -13.02
v -97.99 -108.93 9.33
v -143.88 -110.42 1.82
v -164.18 -117.64 6.97
v -171.30 -116.86 -9.52
v -149.72 -110.10 -15.14
v -147.82 -99.82 4.73
v -152.48 -100.31 -13.54
v -173.25 -104.23 -9.02
v -168.87 -110.02 8.89
v -143.88 -110.42 1.82
v -149.72 -110.10 -15.14
v -152.48 -100.31 -13.54
v -147.82 -99.82 4.73
v -164.18 -117.64 6.97
v -168.87 -110.02 8.89
v -173.25 -104.23 -9.02
v -171.30 -116.86 -9.52
v -143.88 -110.42 1.82
v -147.82 -99.82 4.73
v -168.87 -110.02 8.89
v -164.18 -117.64 6.97
v -149.72 -110.10 -15.14
v -171.30 -116.86 -9.52
v -173.25 -104.23 -9.02
v -152.48 -100.31 -13.54
v -45.85 -283.82 24.21
v -39.75 -294.14 -30.32
v 7.78 -263.44 -31.23
v 6.55 -258.44 25.22
v -57.76 -259.73 19.02
v -11.39 -234.41 17.83
v 1.62 -246.05 -46.03
v -52.25 -269.39 -34.61
v -45.85 -283.82 24.21
v 6.55 -258.44 25.22
v -11.39 -234.41 17.83
v -57.76 -259.73 19.02
v -39.75 -294.14 -30.32
v -52.25 -269.39 -34.61
v 1.62 -246.05 -46.03
v 7.78 -263.44 -31.23
v -45.85 -283.82 24.21
v -57.76 -259.73 19.02
v -52.25 -269.39 -34.61
v -39.75 -294.14 -30.32
v 6.55 -258.44 25.22
v 7.78 -263.44 -31.23
v 1.62 -246.05 -46.03
v -11.39 -234.41 17.83
v 193.69 358.12 -17.17
v 242.39 393.35 -9.94
v 258.46 348.41 4.57
v 214.63 322.58 2.62
v 184.22 379.17 8.00
v 207.59 341.81 32.09
v 262.31 358.06 37.24
v 239.13 406.95 18.02
v 193.69 358.12 -17.17
v 214.63 322.58 2.62
v 207.59 341.81 32.09
v 184.22 379.17 8.00
v 242.39 393.35 -9.94
v 239.13 406.95 18.02
v 262.31 358.06 37.24
v 258.46 348.41 4.57
v 193.69 358.12 -17.17
v 184.22 379.17 8.00
v 239.13 406.95 18.02
v 242.39 393.35 -9.94
v 214.63 322.58 2.62
v 258.46 348.41 4.57
v 262.31 358.06 37.24
v 207.59 341.81 32.09
v 7.48 -145.43 10.26
v 42.39 -163.57 5.88
v 43.87 -162.66 13.94
v 8.96 -144.52 18.32
v 8.96 -144.52 18.32
v 43.87 -162.66 13.94
v 49.02 -140.59 10.50
v 42.39 -163.57 5.88
v 7.48 -145.43 10.26
v 47.53 -141.50 2.45
v 42.39 -163.57 5.88
v 67.09 -157.36 0.63
v 68.58 -156.45 8.69
v 43.87 -162.66 13.94
v 43.87 -162.66 13.94
v 68.58 -156.45 8.69
v 49.02 -140.59 10.50
v 67.09 -157.36 0.63
v 42.39 -163.57 5.88
v 47.53 -141.50 2.45
v 67.09 -157.36 0.63
v 76.15 -134.74 -3.59
v 77.63 -133.83 4.47
v 68.58 -156.45 8.69
v 68.58 -156.45 8.69
v 77.63 -133.83 4.47
v 49.02 -140.59 10.50
v 76.15 -134.74 -3.59
v 67.09 -157.36 0.63
v 47.53 -141.50 2.45
v 76.15 -134.74 -3.59
v 62.28 -116.46 -3.09
v 63.77 -115.55 4.97
v 77.63 -133.83 4.47
v 77.63 -133.83 4.47
v 63.77 -115.55 4.97
v 49.02 -140.59 10.50
v 62.28 -116.46 -3.09
v 76.15 -134.74 -3.59
v 47.53 -141.50 2.45
v 62.28 -116.46 -3.09
v 31.15 -128.65 4.01
v 32.64 -127.74 12.07
v 63.77 -115.55 4.97
v 63.77 -115.55 4.97
v 32.64 -127.74 12.07
v 49.02 -140.59 10.50
v 31.15 -128.65 4.01
v 62.28 -116.46 -3.09
v 47.53 -141.50 2.45
v 31.15 -128.65 4.01
v 7.48 -145.43 10.26
v 8.96 -144.52 18.32
v 32.64 -127.74 12.07
v 32.64 -127.74 12.07
v 8.96 -144.52 18.32
v 49.02 -140.59 10.50
v 7.48 -145.43 10.26
v 31.15 -128.65 4.01
v 47.53 -141.50 2.45
v 180.59 444.41 -18.80
v 177.30 458.21 -14.09
v 182.73 456.45 -5.16
v 186.02 442.65 -9.88
v 186.02 442.65 -9.88
v 182.73 456.45 -5.16
v 165.58 443.20 2.67
v 177.30 458.21 -14.09
v 180.59 444.41 -18.80
v 160.15 444.95 -6.25
v 177.30 458.21 -14.09
v 169.80 465.12 -8.16
v 175.23 463.37 0.77
v 182.73 456.45 -5.16
v 182.73 456.45 -5.16
v 175.23 463.37 0.77
v 165.58 443.20 2.67
v 169.80 465.12 -8.16
v 177.30 458.21 -14.09
v 160.15 444.95 -6.25
v 169.80 465.12 -8.16
v 150.10 458.21 2.48
v 155.53 456.46 11.40
v 175.23 463.37 0.77
v 175.23 463.37 0.77
v 155.53 456.46 11.40
v 165.58 443.20 2.67
v 150.10 458.21 2.48
v 169.80 465.12 -8.16
v 160.15 444.95 -6.25
v 150.10 458.21 2.48
v 142.50 448.33 5.16
v 147.93 446.58 14.08
v 155.53 456.46 11.40
v 155.53 456.46 11.40
v 147.93 446.58 14.08
v 165.58 443.20 2.67
v 142.50 448.33 5.16
v 150.10 458.21 2.48
v 160.15 444.95 -6.25
v 142.50 448.33 5.16
v 145.15 435.37 1.00
v 150.58 433.62 9.92
v 147.93 446.58 14.08
v 147.93 446.58 14.08
v 150.58 433.62 9.92
v 165.58 443.20 2.67
v 145.15 435.37 1.00
v 142.50 448.33 5.16
v 160.15 444.95 -6.25
v 145.15 435.37 1.00
v 141.73 424.63 0.96
v 147.17 422.88 9.89
v 150.58 433.62 9.92
v 150.58 433.62 9.92
v 147.17 422.88 9.89
v 165.58 443.20 2.67
v 141.73 424.63 0.96
v 145.15 435.37 1.00
v 160.15 444.95 -6.25
v 141.73 424.63 0.96
v 163.39 430.22 -11.13
v 168.83 428.47 -2.20
v 147.17 422.88 9.89
v 147.17 422.88 9.89
v 168.83 428.47 -2.20
v 165.58 443.20 2.67
v 163.39 430.22 -11.13
v 141.73 424.63 0.96
v 160.15 444.95 -6.25
v 163.39 430.22 -11.13
v 179.29 434.26 -20.01
v 184.72 432.51 -11.09
v 168.83 428.47 -2.20
v 168.83 428.47 -2.20
v 184.72 432.51 -11.09
v 165.58 443.20 2.67
v 179.29 434.26 -20.01
v 163.39 430.22 -11.13
v 160.15 444.95 -6.25
v 179.29 434.26 -20.01
v 180.59 444.41 -18.80
v 186.02 442.65 -9.88
v 184.72 432.51 -11.09
v 184.72 432.51 -11.09
v 186.02 442.65 -9.88
v 165.58 443.20 2.67
v 180.59 444.41 -18.80
v 179.29 434.26 -20.01
v 160.15 444.95 -6.25
v 426.82 -10.44 -9.72
v 454.71 -8.93 12.30
v 449.32 -10.01 19.19
v 421.43 -11.52 -2.82
v 421.43 -11.52 -2.82
v 449.32 -10.01 19.19
v 426.79 21.55 6.53
v 454.71 -8.93 12.30
v 426.82 -10.44 -9.72
v 432.18 22.63 -0.36
v 454.71 -8.93 12.30
v 450.39 37.61 16.20
v 445.01 36.54 23.10
v 449.32 -10.01 19.19
v 449.32 -10.01 19.19
v 445.01 36.54 23.10
v 426.79 21.55 6.53
v 450.39 37.61 16.20
v 454.71 -8.93 12.30
v 432.18 22.63 -0.36
v 450.39 37.61 16.20
v 440.42 64.24 12.58
v 435.03 63.16 19.47
v 445.01 36.54 23.10
v 445.01 36.54 23.10
v 435.03 63.16 19.47
v 426.79 21.55 6.53
v 440.42 64.24 12.58
v 450.39 37.61 16.20
v 432.18 22.63 -0.36
v 440.42 64.24 12.58
v 411.04 49.73 -12.64
v 405.65 48.65 -5.74
v 435.03 63.16 19.47
v 435.03 63.16 19.47
v 405.65 48.65 -5.74
v 426.79 21.55 6.53
v 411.04 49.73 -12.64
v 440.42 64.24 12.58
v 432.18 22.63 -0.36
v 411.04 49.73 -12.64
v 401.53 10.31 -26.23
v 396.14 9.24 -19.33
v 405.65 48.65 -5.74
v 405.65 48.65 -5.74
v 396.14 9.24 -19.33
v 426.79 21.55 6.53
v 401.53 10.31 -26.23
v 411.04 49.73 -12.64
v 432.18 22.63 -0.36
v 401.53 10.31 -26.23
v 426.82 -10.44 -9.72
v 421.43 -11.52 -2.82
v 396.14 9.24 -19.33
v 396.14 9.24 -19.33
v 421.43 -11.52 -2.82
v 426.79 21.55 6.53
v 426.82 -10.44 -9.72
v 401.53 10.31 -26.23
v 432.18 22.63 -0.36
v -257.23 92.33 -15.87
v -277.18 83.40 -6.18
v -275.44 87.17 0.88
v -255.49 96.10 -8.80
v -255.49 96.10 -8.80
v -275.44 87.17 0.88
v -259.52 71.62 5.25
v -277.18 83.40 -6.18
v -257.23 92.33 -15.87
v -261.26 67.85 -1.81
v -277.18 83.40 -6.18
v -292.92 67.13 6.39
v -291.18 70.90 13.45
v -275.44 87.17 0.88
v -275.44 87.17 0.88
v -291.18 70.90 13.45
v -259.52 71.62 5.25
v -292.92 67.13 6.39
v -277.18 83.40 -6.18
v -261.26 67.85 -1.81
v -292.92 67.13 6.39
v -270.15 44.26 12.97
v -268.41 48.03 20.04
v -291.18 70.90 13.45
v -291.18 70.90 13.45
v -268.41 48.03 20.04
v -259.52 71.62 5.25
v -270.15 44.26 12.97
v -292.92 67.13 6.39
v -261.26 67.85 -1.81
v -270.15 44.26 12.97
v -245.52 37.81 10.34
v -243.77 41.58 17.40
v -268.41 48.03 20.04
v -268.41 48.03 20.04
v -243.77 41.58 17.40
v -259.52 71.62 5.25
v -245.52 37.81 10.34
v -270.15 44.26 12.97
v -261.26 67.85 -1.81
v -245.52 37.81 10.34
v -235.68 59.55 -3.69
v -233.94 63.32 3.37
v -243.77 41.58 17.40
v -243.77 41.58 17.40
v -233.94 63.32 3.37
v -259.52 71.62 5.25
v -235.68 59.55 -3.69
v -245.52 37.81 10.34
v -261.26 67.85 -1.81
v -235.68 59.55 -3.69
v -236.85 81.66 -15.20
v -235.11 85.43 -8.13
v -233.94 63.32 3.37
v -233.94 63.32 3.37
v -235.11 85.43 -8.13
v -259.52 71.62 5.25
v -236.85 81.66 -15.20
v -235.68 59.55 -3.69
v -261.26 67.85 -1.81
v -236.85 81.66 -15.20
v -257.23 92.33 -15.87
v -255.49 96.10 -8.80
v -235.11 85.43 -8.13
v -235.11 85.43 -8.13
v -255.49 96.10 -8.80
v -259.52 71.62 5.25
v -257.23 92.33 -15.87
v -236.85 81.66 -15.20
v -261.26 67.85 -1.81
v -110.86 84.85 16.64
v -84.78 67.64 12.14
v -81.93 69.74 20.66
v -108.01 86.94 25.15
v -108.01 86.94 25.15
v -81.93 69.74 20.66
v -66.03 91.20 10.05
v -84.78 67.64 12.14
v -110.86 84.85 16.64
v -68.88 89.11 1.54
v -84.78 67.64 12.14
v -62.91 62.73 6.03
v -60.06 64.82 14.54
v -81.93 69.74 20.66
v -81.93 69.74 20.66
v -60.06 64.82 14.54
v -66.03 91.20 10.05
v -62.91 62.73 6.03
v -84.78 67.64 12.14
v -68.88 89.11 1.54
v -62.91 62.73 6.03
v -40.58 73.18 -4.02
v -37.73 75.28 4.50
v -60.06 64.82 14.54
v -60.06 64.82 14.54
v -37.73 75.28 4.50
v -66.03 91.20 10.05
v -40.58 73.18 -4.02
v -62.91 62.73 6.03
v -68.88 89.11 1.54
v -40.58 73.18 -4.02
v -36.65 91.80 -9.91
v -33.80 93.90 -1.40
v -37.73 75.28 4.50
v -37.73 75.28 4.50
v -33.80 93.90 -1.40
v -66.03 91.20 10.05
v -36.65 91.80 -9.91
v -40.58 73.18 -4.02
v -68.88 89.11 1.54
v -36.65 91.80 -9.91
v -45.25 102.31 -9.62
v -42.39 104.40 -1.11
v -33.80 93.90 -1.40
v -33.80 93.90 -1.40
v -42.39 104.40 -1.11
v -66.03 91.20 10.05
v -45.25 102.31 -9.62
v -36.65 91.80 -9.91
v -68.88 89.11 1.54
v -45.25 102.31 -9.62
v -74.73 121.64 -4.50
v -71.88 123.73 4.01
v -42.39 104.40 -1.11
v -42.39 104.40 -1.11
v -71.88 123.73 4.01
v -66.03 91.20 10.05
v -74.73 121.64 -4.50
v -45.25 102.31 -9.62
v -68.88 89.11 1.54
v -74.73 121.64 -4.50
v -94.31 112.73 4.24
v -91.46 114.82 12.76
v -71.88 123.73 4.01
v -71.88 123.73 4.01
v -91.46 114.82 12.76
v -66.03 91.20 10.05
v -94.31 112.73 4.24
v -74.73 121.64 -4.50
v -68.88 89.11 1.54
v -94.31 112.73 4.24
v -110.86 84.85 16.64
v -108.01 86.94 25.15
v -91.46 114.82 12.76
v -91.46 114.82 12.76
v -108.01 86.94 25.15
v -66.03 91.20 10.05
v -110.86 84.85 16.64
v -94.31 112.73 4.24
v -68.88 89.11 1.54
v -142.73 -1.11 1.50
v -129.11 29.69 3.65
v -129.50 29.42 10.04
v -143.11 -1.38 7.89
v -143.11 -1.38 7.89
v -129.50 29.42 10.04
v -158.29 52.87 9.33
v -129.11 29.69 3.65
v -142.73 -1.11 1.50
v -157.90 53.14 2.94
v -129.11 29.69 3.65
v -131.25 57.22 4.71
v -131.63 56.95 11.10
v -129.50 29.42 10.04
v -129.50 29.42 10.04
v -131.63 56.95 11.10
v -158.29 52.87 9.33
v -131.25 57.22 4.71
v -129.11 29.69 3.65
v -157.90 53.14 2.94
v -131.25 57.22 4.71
v -145.68 85.70 5.08
v -146.06 85.43 11.47
v -131.63 56.95 11.10
v -131.63 56.95 11.10
v -146.06 85.43 11.47
v -158.29 52.87 9.33
v -145.68 85.70 5.08
v -131.25 57.22 4.71
v -157.90 53.14 2.94
v -145.68 85.70 5.08
v -175.28 93.71 3.65
v -175.67 93.43 10.04
v -146.06 85.43 11.47
v -146.06 85.43 11.47
v -175.67 93.43 10.04
v -158.29 52.87 9.33
v -175.28 93.71 3.65
v -145.68 85.70 5.08
v -157.90 53.14 2.94
v -175.28 93.71 3.65
v -186.38 79.94 2.39
v -186.77 79.66 8.78
v -175.67 93.43 10.04
v -175.67 93.43 10.04
v -186.77 79.66 8.78
v -158.29 52.87 9.33
v -186.38 79.94 2.39
v -175.28 93.71 3.65
v -157.90 53.14 2.94
v -186.38 79.94 2.39
v -184.07 45.16 1.02
v -184.46 44.88 7.41
v -186.77 79.66 8.78
v -186.77 79.66 8.78
v -184.46 44.88 7.41
v -158.29 52.87 9.33
v -184.07 45.16 1.02
v -186.38 79.94 2.39
v -157.90 53.14 2.94
v -184.07 45.16 1.02
v -167.13 11.07 0.56
v -167.51 10.79 6.95
v -184.46 44.88 7.41
v -184.46 44.88 7.41
v -167.51 10.79 6.95
v -158.29 52.87 9.33
v -167.13 11.07 0.56
v -184.07 45.16 1.02
v -157.90 53.14 2.94
v -167.13 11.07 0.56
v -142.73 -1.11 1.50
v -143.11 -1.38 7.89
v -167.51 10.79 6.95
v -167.51 10.79 6.95
v -143.11 -1.38 7.89
v -158.29 52.87 9.33
v -142.73 -1.11 1.50
v -167.13 11.07 0.56
v -157.90 53.14 2.94
v 59.77 206.60 -5.52
v 53.93 198.12 -8.76
v 50.61 196.18 2.29
v 56.45 204.66 5.53
v 56.45 204.66 5.53
v 50.61 196.18 2.29
v 73.65 181.24 6.60
v 53.93 198.12 -8.76
v 59.77 206.60 -5.52
v 76.97 183.17 -4.45
v 53.93 198.12 -8.76
v 52.15 181.62 -12.18
v 48.83 179.68 -1.13
v 50.61 196.18 2.29
v 50.61 196.18 2.29
v 48.83 179.68 -1.13
v 73.65 181.24 6.60
v 52.15 181.62 -12.18
v 53.93 198.12 -8.76
v 76.97 183.17 -4.45
v 52.15 181.62 -12.18
v 68.13 169.33 -9.53
v 64.80 167.39 1.52
v 48.83 179.68 -1.13
v 48.83 179.68 -1.13
v 64.80 167.39 1.52
v 73.65 181.24 6.60
v 68.13 169.33 -9.53
v 52.15 181.62 -12.18
v 76.97 183.17 -4.45
v 68.13 169.33 -9.53
v 84.84 160.72 -6.01
v 81.52 158.79 5.04
v 64.80 167.39 1.52
v 64.80 167.39 1.52
v 81.52 158.79 5.04
v 73.65 181.24 6.60
v 84.84 160.72 -6.01
v 68.13 169.33 -9.53
v 76.97 183.17 -4.45
v 84.84 160.72 -6.01
v 88.80 169.64 -3.26
v 85.47 167.70 7.79
v 81.52 158.79 5.04
v 81.52 158.79 5.04
v 85.47 167.70 7.79
v 73.65 181.24 6.60
v 88.80 169.64 -3.26
v 84.84 160.72 -6.01
v 76.97 183.17 -4.45
v 88.80 169.64 -3.26
v 100.21 175.75 1.24
v 96.89 173.81 12.29
v 85.47 167.70 7.79
v 85.47 167.70 7.79
v 96.89 173.81 12.29
v 73.65 181.24 6.60
v 100.21 175.75 1.24
v 88.80 169.64 -3.26
v 76.97 183.17 -4.45
v 100.21 175.75 1.24
v 92.80 200.41 3.33
v 89.47 198.48 14.38
v 96.89 173.81 12.29
v 96.89 173.81 12.29
v 89.47 198.48 14.38
v 73.65 181.24 6.60
v 92.80 200.41 3.33
v 100.21 175.75 1.24
v 76.97 183.17 -4.45
v 92.80 200.41 3.33
v 80.20 211.22 1.43
v 76.87 209.29 12.49
v 89.47 198.48 14.38
v 89.47 198.48 14.38
v 76.87 209.29 12.49
v 73.65 181.24 6.60
v 80.20 211.22 1.43
v 92.80 200.41 3.33
v 76.97 183.17 -4.45
v 80.20 211.22 1.43
v 59.77 206.60 -5.52
v 56.45 204.66 5.53
v 76.87 209.29 12.49
v 76.87 209.29 12.49
v 56.45 204.66 5.53
v 73.65 181.24 6.60
v 59.77 206.60 -5.52
v 80.20 211.22 1.43
v 76.97 183.17 -4.45
v 7.06 -188.26 -3.29
v 3.67 -171.25 2.51
v 7.99 -173.54 11.76
v 11.38 -190.55 5.97
v 11.38 -190.55 5.97
v 7.99 -173.54 11.76
v -9.38 -228.34 6.32
v 3.67 -171.25 2.51
v 7.06 -188.26 -3.29
v -13.71 -226.05 -2.94
v 3.67 -171.25 2.51
v -35.21 -208.92 11.34
v -30.89 -211.21 20.60
v 7.99 -173.54 11.76
v 7.99 -173.54 11.76
v -30.89 -211.21 20.60
v -9.38 -228.34 6.32
v -35.21 -208.92 11.34
v 3.67 -171.25 2.51
v -13.71 -226.05 -2.94
v -35.21 -208.92 11.34
v -53.41 -232.19 14.08
v -49.09 -234.48 23.34
v -30.89 -211.21 20.60
v -30.89 -211.21 20.60
v -49.09 -234.48 23.34
v -9.38 -228.34 6.32
v -53.41 -232.19 14.08
v -35.21 -208.92 11.34
v -13.71 -226.05 -2.94
v -53.41 -232.19 14.08
v -53.91 -255.31 8.59
v -49.59 -257.60 17.85
v -49.09 -234.48 23.34
v -49.09 -234.48 23.34
v -49.59 -257.60 17.85
v -9.38 -228.34 6.32
v -53.91 -255.31 8.59
v -53.41 -232.19 14.08
v -13.71 -226.05 -2.94
v -53.91 -255.31 8.59
v -33.36 -273.19 -5.43
v -29.03 -275.48 3.83
v -49.59 -257.60 17.85
v -49.59 -257.60 17.85
v -29.03 -275.48 3.83
v -9.38 -228.34 6.32
v -33.36 -273.19 -5.43
v -53.91 -255.31 8.59
v -13.71 -226.05 -2.94
v -33.36 -273.19 -5.43
v -6.80 -266.70 -16.22
v -2.48 -268.99 -6.96
v -29.03 -275.48 3.83
v -29.03 -275.48 3.83
v -2.48 -268.99 -6.96
v -9.38 -228.34 6.32
v -6.80 -266.70 -16.22
v -33.36 -273.19 -5.43
v -13.71 -226.05 -2.94
v -6.80 -266.70 -16.22
v 17.78 -255.12 -24.83
v 22.10 -257.41 -15.57
v -2.48 -268.99 -6.96
v -2.48 -268.99 -6.96
v 22.10 -257.41 -15.57
v -9.38 -228.34 6.32
v 17.78 -255.12 -24.83
v -6.80 -266.70 -16.22
v -13.71 -226.05 -2.94
v 17.78 -255.12 -24.83
v 29.94 -205.48 -18.23
v 34.26 -207.77 -8.97
v 22.10 -257.41 -15.57
v 22.10 -257.41 -15.57
v 34.26 -207.77 -8.97
v -9.38 -228.34 6.32
v 29.94 -205.48 -18.23
v 17.78 -255.12 -24.83
v -13.71 -226.05 -2.94
v 29.94 -205.48 -18.23
v 7.06 -188.26 -3.29
v 11.38 -190.55 5.97
v 34.26 -207.77 -8.97
v 34.26 -207.77 -8.97
v 11.38 -190.55 5.97
v -9.38 -228.34 6.32
v 7.06 -188.26 -3.29
v 29.94 -205.48 -18.23
v -13.71 -226.05 -2.94
v 264.94 382.95 -10.66
v 211.11 395.29 -17.68
v 210.80 399.85 -7.27
v 264.63 387.52 -0.25
v 264.63 387.52 -0.25
v 210.80 399.85 -7.27
v 212.48 356.58 11.75
v 211.11 395.29 -17.68
v 264.94 382.95 -10.66
v 212.79 352.02 1.34
v 211.11 395.29 -17.68
v 184.24 395.83 -18.72
v 183.93 400.39 -8.31
v 210.80 399.85 -7.27
v 210.80 399.85 -7.27
v 183.93 400.39 -8.31
v 212.48 356.58 11.75
v 184.24 395.83 -18.72
v 211.11 395.29 -17.68
v 212.79 352.02 1.34
v 184.24 395.83 -18.72
v 166.79 359.35 -3.25
v 166.48 363.91 7.16
v 183.93 400.39 -8.31
v 183.93 400.39 -8.31
v 166.48 363.91 7.16
v 212.48 356.58 11.75
v 166.79 359.35 -3.25
v 184.24 395.83 -18.72
v 212.79 352.02 1.34
v 166.79 359.35 -3.25
v 175.89 319.22 14.61
v 175.57 323.78 25.02
v 166.48 363.91 7.16
v 166.48 363.91 7.16
v 175.57 323.78 25.02
v 212.48 356.58 11.75
v 175.89 319.22 14.61
v 166.79 359.35 -3.25
v 212.79 352.02 1.34
v 175.89 319.22 14.61
v 222.05 299.02 24.85
v 221.74 303.58 35.26
v 175.57 323.78 25.02
v 175.57 323.78 25.02
v 221.74 303.58 35.26
v 212.48 356.58 11.75
v 222.05 299.02 24.85
v 175.89 319.22 14.61
v 212.79 352.02 1.34
v 222.05 299.02 24.85
v 241.99 312.58 19.50
v 241.68 317.14 29.92
v 221.74 303.58 35.26
v 221.74 303.58 35.26
v 241.68 317.14 29.92
v 212.48 356.58 11.75
v 241.99 312.58 19.50
v 222.05 299.02 24.85
v 212.79 352.02 1.34
v 241.99 312.58 19.50
v 274.43 357.04 0.98
v 274.12 361.61 11.40
v 241.68 317.14 29.92
v 241.68 317.14 29.92
v 274.12 361.61 11.40
v 212.48 356.58 11.75
v 274.43 357.04 0.98
v 241.99 312.58 19.50
v 212.79 352.02 1.34
v 274.43 357.04 0.98
v 264.94 382.95 -10.66
v 264.63 387.52 -0.25
v 274.12 361.61 11.40
v 274.12 361.61 11.40
v 264.63 387.52 -0.25
v 212.48 356.58 11.75
v 264.94 382.95 -10.66
v 274.43 357.04 0.98
v 212.79 352.02 1.34
v 312.42 160.41 6.28
v 324.03 155.43 5.67
v 325.37 157.37 15.22
v 313.75 162.35 15.83
v 313.75 162.35 15.83
v 325.37 157.37 15.22
v 330.87 174.26 11.02
v 324.03 155.43 5.67
v 312.42 160.41 6.28
v 329.54 172.32 1.46
v 324.03 155.43 5.67
v 338.49 160.13 2.69
v 339.83 162.08 12.24
v 325.37 157.37 15.22
v 325.37 157.37 15.22
v 339.83 162.08 12.24
v 330.87 174.26 11.02
v 338.49 160.13 2.69
v 324.03 155.43 5.67
v 329.54 172.32 1.46
v 338.49 160.13 2.69
v 346.43 174.47 -1.33
v 347.76 176.41 8.22
v 339.83 162.08 12.24
v 339.83 162.08 12.24
v 347.76 176.41 8.22
v 330.87 174.26 11.02
v 346.43 174.47 -1.33
v 338.49 160.13 2.69
v 329.54 172.32 1.46
v 346.43 174.47 -1.33
v 346.25 189.59 -4.38
v 347.59 191.53 5.17
v 347.76 176.41 8.22
v 347.76 176.41 8.22
v 347.59 191.53 5.17
v 330.87 174.26 11.02
v 346.25 189.59 -4.38
v 346.43 174.47 -1.33
v 329.54 172.32 1.46
v 346.25 189.59 -4.38
v 332.47 186.40 -1.81
v 333.80 188.34 7.75
v 347.59 191.53 5.17
v 347.59 191.53 5.17
v 333.80 188.34 7.75
v 330.87 174.26 11.02
v 332.47 186.40 -1.81
v 346.25 189.59 -4.38
v 329.54 172.32 1.46
v 332.47 186.40 -1.81
v 323.38 186.18 -0.49
v 324.72 188.12 9.06
v 333.80 188.34 7.75
v 333.80 188.34 7.75
v 324.72 188.12 9.06
v 330.87 174.26 11.02
v 323.38 186.18 -0.49
v 332.47 186.40 -1.81
v 329.54 172.32 1.46
v 323.38 186.18 -0.49
v 305.68 162.88 6.72
v 307.02 164.83 16.27
v 324.72 188.12 9.06
v 324.72 188.12 9.06
v 307.02 164.83 16.27
v 330.87 174.26 11.02
v 305.68 162.88 6.72
v 323.38 186.18 -0.49
v 329.54 172.32 1.46
v 305.68 162.88 6.72
v 312.42 160.41 6.28
v 313.75 162.35 15.83
v 307.02 164.83 16.27
v 307.02 164.83 16.27
v 313.75 162.35 15.83
v 330.87 174.26 11.02
v 312.42 160.41 6.28
v 305.68 162.88 6.72
v 329.54 172.32 1.46
v -354.31 -165.75 -3.70
v -330.89 -163.92 -15.85
v -326.22 -169.29 -7.66
v -349.64 -171.11 4.50
v -349.64 -171.11 4.50
v -326.22 -169.29 -7.66
v -322.56 -138.98 10.09
v -330.89 -163.92 -15.85
v -354.31 -165.75 -3.70
v -327.23 -133.62 1.90
v -330.89 -163.92 -15.85
v -301.58 -131.65 -11.44
v -296.91 -137.01 -3.24
v -326.22 -169.29 -7.66
v -326.22 -169.29 -7.66
v -296.91 -137.01 -3.24
v -322.56 -138.98 10.09
v -301.58 -131.65 -11.44
v -330.89 -163.92 -15.85
v -327.23 -133.62 1.90
v -301.58 -131.65 -11.44
v -293.16 -105.33 0.99
v -288.49 -110.69 9.19
v -296.91 -137.01 -3.24
v -296.91 -137.01 -3.24
v -288.49 -110.69 9.19
v -322.56 -138.98 10.09
v -293.16 -105.33 0.99
v -301.58 -131.65 -11.44
v -327.23 -133.62 1.90
v -293.16 -105.33 0.99
v -297.23 -81.98 18.59
v -292.56 -87.34 26.78
v -288.49 -110.69 9.19
v -288.49 -110.69 9.19
v -292.56 -87.34 26.78
v -322.56 -138.98 10.09
v -297.23 -81.98 18.59
v -293.16 -105.33 0.99
v -327.23 -133.62 1.90
v -297.23 -81.98 18.59
v -344.44 -121.55 19.60
v -339.77 -126.91 27.79
v -292.56 -87.34 26.78
v -292.56 -87.34 26.78
v -339.77 -126.91 27.79
v -322.56 -138.98 10.09
v -344.44 -121.55 19.60
v -297.23 -81.98 18.59
v -327.23 -133.62 1.90
v -344.44 -121.55 19.60
v -350.21 -138.69 11.67
v -345.54 -144.05 19.86
v -339.77 -126.91 27.79
v -339.77 -126.91 27.79
v -345.54 -144.05 19.86
v -322.56 -138.98 10.09
v -350.21 -138.69 11.67
v -344.44 -121.55 19.60
v -327.23 -133.62 1.90
v -350.21 -138.69 11.67
v -354.31 -165.75 -3.70
v -349.64 -171.11 4.50
v -345.54 -144.05 19.86
v -345.54 -144.05 19.86
v -349.64 -171.11 4.50
v -322.56 -138.98 10.09
v -354.31 -165.75 -3.70
v -350.21 -138.69 11.67
v -327.23 -133.62 1.90
v -55.79 -307.97 11.26
v -50.35 -338.99 3.64
v -48.94 -340.65 11.42
v -54.38 -309.64 19.04
v -54.38 -309.64 19.04
v -48.94 -340.65 11.42
v -20.02 -323.73 9.78
v -50.35 -338.99 3.64
v -55.79 -307.97 11.26
v -21.44 -322.06 2.00
v -50.35 -338.99 3.64
v -35.10 -349.43 -1.37
v -33.68 -351.09 6.41
v -48.94 -340.65 11.42
v -48.94 -340.65 11.42
v -33.68 -351.09 6.41
v -20.02 -323.73 9.78
v -35.10 -349.43 -1.37
v -50.35 -338.99 3.64
v -21.44 -322.06 2.00
v -35.10 -349.43 -1.37
v -17.34 -355.86 -5.97
v -15.93 -357.52 1.80
v -33.68 -351.09 6.41
v -33.68 -351.09 6.41
v -15.93 -357.52 1.80
v -20.02 -323.73 9.78
v -17.34 -355.86 -5.97
v -35.10 -349.43 -1.37
v -21.44 -322.06 2.00
v -17.34 -355.86 -5.97
v 16.72 -344.04 -9.65
v 18.13 -345.71 -1.87
v -15.93 -357.52 1.80
v -15.93 -357.52 1.80
v 18.13 -345.71 -1.87
v -20.02 -323.73 9.78
v 16.72 -344.04 -9.65
v -17.34 -355.86 -5.97
v -21.44 -322.06 2.00
v 16.72 -344.04 -9.65
v 11.96 -314.10 -2.37
v 13.38 -315.77 5.40
v 18.13 -345.71 -1.87
v 18.13 -345.71 -1.87
v 13.38 -315.77 5.40
v -20.02 -323.73 9.78
v 11.96 -314.10 -2.37
v 16.72 -344.04 -9.65
v -21.44 -322.06 2.00
v 11.96 -314.10 -2.37
v -0.84 -306.62 1.55
v 0.57 -308.29 9.33
v 13.38 -315.77 5.40
v 13.38 -315.77 5.40
v 0.57 -308.29 9.33
v -20.02 -323.73 9.78
v -0.84 -306.62 1.55
v 11.96 -314.10 -2.37
v -21.44 -322.06 2.00
v -0.84 -306.62 1.55
v -15.23 -292.72 7.15
v -13.82 -294.39 14.92
v 0.57 -308.29 9.33
v 0.57 -308.29 9.33
v -13.82 -294.39 14.92
v -20.02 -323.73 9.78
v -15.23 -292.72 7.15
v -0.84 -306.62 1.55
v -21.44 -322.06 2.00
v -15.23 -292.72 7.15
v -41.94 -306.00 9.17
v -40.52 -307.66 16.94
v -13.82 -294.39 14.92
v -13.82 -294.39 14.92
v -40.52 -307.66 16.94
v -20.02 -323.73 9.78
v -41.94 -306.00 9.17
v -15.23 -292.72 7.15
v -21.44 -322.06 2.00
v -41.94 -306.00 9.17
v -55.79 -307.97 11.26
v -54.38 -309.64 19.04
v -40.52 -307.66 16.94
v -40.52 -307.66 16.94
v -54.38 -309.64 19.04
v -20.02 -323.73 9.78
v -55.79 -307.97 11.26
v -41.94 -306.00 9.17
v -21.44 -322.06 2.00
v 91.13 50.00 7.15
v 104.33 42.85 2.07
v 105.09 39.09 9.35
v 91.89 46.24 14.43
v 91.89 46.24 14.43
v 105.09 39.09 9.35
v 116.18 49.11 13.37
v 104.33 42.85 2.07
v 91.13 50.00 7.15
v 115.42 52.87 6.10
v 104.33 42.85 2.07
v 115.36 39.55 -0.78
v 116.12 35.79 6.49
v 105.09 39.09 9.35
v 105.09 39.09 9.35
v 116.12 35.79 6.49
v 116.18 49.11 13.37
v 115.36 39.55 -0.78
v 104.33 42.85 2.07
v 115.42 52.87 6.10
v 115.36 39.55 -0.78
v 125.61 38.60 -2.35
v 126.37 34.84 4.93
v 116.12 35.79 6.49
v 116.12 35.79 6.49
v 126.37 34.84 4.93
v 116.18 49.11 13.37
v 125.61 38.60 -2.35
v 115.36 39.55 -0.78
v 115.42 52.87 6.10
v 125.61 38.60 -2.35
v 129.08 49.65 3.01
v 129.84 45.89 10.28
v 126.37 34.84 4.93
v 126.37 34.84 4.93
v 129.84 45.89 10.28
v 116.18 49.11 13.37
v 129.08 49.65 3.01
v 125.61 38.60 -2.35
v 115.42 52.87 6.10
v 129.08 49.65 3.01
v 135.68 63.19 9.32
v 136.44 59.43 16.60
v 129.84 45.89 10.28
v 129.84 45.89 10.28
v 136.44 59.43 16.60
v 116.18 49.11 13.37
v 135.68 63.19 9.32
v 129.08 49.65 3.01
v 115.42 52.87 6.10
v 135.68 63.19 9.32
v 124.89 69.57 13.74
v 125.65 65.81 21.02
v 136.44 59.43 16.60
v 136.44 59.43 16.60
v 125.65 65.81 21.02
v 116.18 49.11 13.37
v 124.89 69.57 13.74
v 135.68 63.19 9.32
v 115.42 52.87 6.10
v 124.89 69.57 13.74
v 109.35 68.19 14.65
v 110.11 64.42 21.93
v 125.65 65.81 21.02
v 125.65 65.81 21.02
v 110.11 64.42 21.93
v 116.18 49.11 13.37
v 109.35 68.19 14.65
v 124.89 69.57 13.74
v 115.42 52.87 6.10
v 109.35 68.19 14.65
v 96.57 61.09 12.32
v 97.33 57.33 19.59
v 110.11 64.42 21.93
v 110.11 64.42 21.93
v 97.33 57.33 19.59
v 116.18 49.11 13.37
v 96.57 61.09 12.32
v 109.35 68.19 14.65
v 115.42 52.87 6.10
v 96.57 61.09 12.32
v 91.13 50.00 7.15
v 91.89 46.24 14.43
v 97.33 57.33 19.59
v 97.33 57.33 19.59
v 91.89 46.24 14.43
v 116.18 49.11 13.37
v 91.13 50.00 7.15
v 96.57 61.09 12.32
v 115.42 52.87 6.10
v -265.33 -22.57 -19.42
v -288.50 -2.03 -24.20
v -287.38 0.62 -18.23
v -264.22 -19.93 -13.45
v -264.22 -19.93 -13.45
v -287.38 0.62 -18.23
v -298.91 -37.26 0.68
v -288.50 -2.03 -24.20
v -265.33 -22.57 -19.42
v -300.02 -39.90 -5.29
v -288.50 -2.03 -24.20
v -321.19 -9.49 -14.81
v -320.07 -6.85 -8.84
v -287.38 0.62 -18.23
v -287.38 0.62 -18.23
v -320.07 -6.85 -8.84
v -298.91 -37.26 0.68
v -321.19 -9.49 -14.81
v -288.50 -2.03 -24.20
v -300.02 -39.90 -5.29
v -321.19 -9.49 -14.81
v -336.63 -43.52 3.14
v -335.52 -40.87 9.10
v -320.07 -6.85 -8.84
v -320.07 -6.85 -8.84
v -335.52 -40.87 9.10
v -298.91 -37.26 0.68
v -336.63 -43.52 3.14
v -321.19 -9.49 -14.81
v -300.02 -39.90 -5.29
v -336.63 -43.52 3.14
v -321.61 -63.83 9.33
v -320.49 -61.19 15.30
v -335.52 -40.87 9.10
v -335.52 -40.87 9.10
v -320.49 -61.19 15.30
v -298.91 -37.26 0.68
v -321.61 -63.83 9.33
v -336.63 -43.52 3.14
v -300.02 -39.90 -5.29
v -321.61 -63.83 9.33
v -289.76 -69.22 5.79
v -288.65 -66.58 11.76
v -320.49 -61.19 15.30
v -320.49 -61.19 15.30
v -288.65 -66.58 11.76
v -298.91 -37.26 0.68
v -289.76 -69.22 5.79
v -321.61 -63.83 9.33
v -300.02 -39.90 -5.29
v -289.76 -69.22 5.79
v -252.54 -60.46 -5.03
v -251.42 -57.82 0.94
v -288.65 -66.58 11.76
v -288.65 -66.58 11.76
v -251.42 -57.82 0.94
v -298.91 -37.26 0.68
v -252.54 -60.46 -5.03
v -289.76 -69.22 5.79
v -300.02 -39.90 -5.29
v -252.54 -60.46 -5.03
v -265.33 -22.57 -19.42
v -264.22 -19.93 -13.45
v -251.42 -57.82 0.94
v -251.42 -57.82 0.94
v -264.22 -19.93 -13.45
v -298.91 -37.26 0.68
v -265.33 -22.57 -19.42
v -252.54 -60.46 -5.03
v -300.02 -39.90 -5.29
v 82.86 -221.23 17.44
v 80.15 -239.27 12.30
v 80.23 -241.19 19.00
v 82.94 -223.15 24.15
v 82.94 -223.15 24.15
v 80.23 -241.19 19.00
v 116.57 -261.52 12.75
v 80.15 -239.27 12.30
v 82.86 -221.23 17.44
v 116.49 -259.60 6.05
v 80.15 -239.27 12.30
v 87.86 -272.49 2.68
v 87.94 -274.41 9.38
v 80.23 -241.19 19.00
v 80.23 -241.19 19.00
v 87.94 -274.41 9.38
v 116.57 -261.52 12.75
v 87.86 -272.49 2.68
v 80.15 -239.27 12.30
v 116.49 -259.60 6.05
v 87.86 -272.49 2.68
v 119.52 -302.08 -6.17
v 119.59 -304.01 0.53
v 87.94 -274.41 9.38
v 87.94 -274.41 9.38
v 119.59 -304.01 0.53
v 116.57 -261.52 12.75
v 119.52 -302.08 -6.17
v 87.86 -272.49 2.68
v 116.49 -259.60 6.05
v 119.52 -302.08 -6.17
v 142.90 -304.99 -7.28
v 142.98 -306.91 -0.58
v 119.59 -304.01 0.53
v 119.59 -304.01 0.53
v 142.98 -306.91 -0.58
v 116.57 -261.52 12.75
v 142.90 -304.99 -7.28
v 119.52 -302.08 -6.17
v 116.49 -259.60 6.05
v 142.90 -304.99 -7.28
v 153.05 -265.08 4.05
v 153.13 -267.00 10.75
v 142.98 -306.91 -0.58
v 142.98 -306.91 -0.58
v 153.13 -267.00 10.75
v 116.57 -261.52 12.75
v 153.05 -265.08 4.05
v 142.90 -304.99 -7.28
v 116.49 -259.60 6.05
v 153.05 -265.08 4.05
v 139.21 -245.80 9.74
v 139.29 -247.72 16.44
v 153.13 -267.00 10.75
v 153.13 -267.00 10.75
v 139.29 -247.72 16.44
v 116.57 -261.52 12.75
v 139.21 -245.80 9.74
v 153.05 -265.08 4.05
v 116.49 -259.60 6.05
v 139.21 -245.80 9.74
v 114.92 -228.04 15.12
v 115.00 -229.96 21.82
v 139.29 -247.72 16.44
v 139.29 -247.72 16.44
v 115.00 -229.96 21.82
v 116.57 -261.52 12.75
v 114.92 -228.04 15.12
v 139.21 -245.80 9.74
v 116.49 -259.60 6.05
v 114.92 -228.04 15.12
v 82.86 -221.23 17.44
v 82.94 -223.15 24.15
v 115.00 -229.96 21.82
v 115.00 -229.96 21.82
v 82.94 -223.15 24.15
v 116.57 -261.52 12.75
v 82.86 -221.23 17.44
v 114.92 -228.04 15.12
v 116.49 -259.60 6.05
v -262.31 13.85 13.01
v -282.87 -0.94 -0.61
v -285.33 -1.86 4.09
v -264.76 12.93 17.72
v -264.76 12.93 17.72
v -285.33 -1.86 4.09
v -275.44 -12.05 7.25
v -282.87 -0.94 -0.61
v -262.31 13.85 13.01
v -272.99 -11.13 2.54
v -282.87 -0.94 -0.61
v -292.97 -19.66 -9.55
v -295.42 -20.58 -4.85
v -285.33 -1.86 4.09
v -285.33 -1.86 4.09
v -295.42 -20.58 -4.85
v -275.44 -12.05 7.25
v -292.97 -19.66 -9.55
v -282.87 -0.94 -0.61
v -272.99 -11.13 2.54
v -292.97 -19.66 -9.55
v -277.03 -34.24 -4.10
v -279.48 -35.17 0.60
v -295.42 -20.58 -4.85
v -295.42 -20.58 -4.85
v -279.48 -35.17 0.60
v -275.44 -12.05 7.25
v -277.03 -34.24 -4.10
v -292.97 -19.66 -9.55
v -272.99 -11.13 2.54
v -277.03 -34.24 -4.10
v -265.39 -26.97 3.39
v -267.84 -27.90 8.10
v -279.48 -35.17 0.60
v -279.48 -35.17 0.60
v -267.84 -27.90 8.10
v -275.44 -12.05 7.25
v -265.39 -26.97 3.39
v -277.03 -34.24 -4.10
v -272.99 -11.13 2.54
v -265.39 -26.97 3.39
v -256.96 -3.95 12.31
v -259.41 -4.87 17.01
v -267.84 -27.90 8.10
v -267.84 -27.90 8.10
v -259.41 -4.87 17.01
v -275.44 -12.05 7.25
v -256.96 -3.95 12.31
v -265.39 -26.97 3.39
v -272.99 -11.13 2.54
v -256.96 -3.95 12.31
v -262.31 13.85 13.01
v -264.76 12.93 17.72
v -259.41 -4.87 17.01
v -259.41 -4.87 17.01
v -264.76 12.93 17.72
v -275.44 -12.05 7.25
v -262.31 13.85 13.01
v -256.96 -3.95 12.31
v -272.99 -11.13 2.54
v 59.28 -330.00 -28.54
v 80.83 -341.38 -22.77
v 75.58 -346.63 -13.51
v 54.03 -335.24 -19.28
v 54.03 -335.24 -19.28
v 75.58 -346.63 -13.51
v 75.08 -299.94 12.65
v 80.83 -341.38 -22.77
v 59.28 -330.00 -28.54
v 80.33 -294.70 3.39
v 80.83 -341.38 -22.77
v 102.06 -315.51 3.91
v 96.81 -320.76 13.17
v 75.58 -346.63 -13.51
v 75.58 -346.63 -13.51
v 96.81 -320.76 13.17
v 75.08 -299.94 12.65
v 102.06 -315.51 3.91
v 80.83 -341.38 -22.77
v 80.33 -294.70 3.39
v 102.06 -315.51 3.91
v 112.90 -299.31 19.24
v 107.65 -304.56 28.50
v 96.81 -320.76 13.17
v 96.81 -320.76 13.17
v 107.65 -304.56 28.50
v 75.08 -299.94 12.65
v 112.90 -299.31 19.24
v 102.06 -315.51 3.91
v 80.33 -294.70 3.39
v 112.90 -299.31 19.24
v 108.78 -263.77 37.04
v 103.53 -269.01 46.30
v 107.65 -304.56 28.50
v 107.65 -304.56 28.50
v 103.53 -269.01 46.30
v 75.08 -299.94 12.65
v 108.78 -263.77 37.04
v 112.90 -299.31 19.24
v 80.33 -294.70 3.39
v 108.78 -263.77 37.04
v 84.33 -255.14 28.07
v 79.08 -260.39 37.33
v 103.53 -269.01 46.30
v 103.53 -269.01 46.30
v 79.08 -260.39 37.33
v 75.08 -299.94 12.65
v 84.33 -255.14 28.07
v 108.78 -263.77 37.04
v 80.33 -294.70 3.39
v 84.33 -255.14 28.07
v 49.88 -258.21 6.80
v 44.63 -263.46 16.06
v 79.08 -260.39 37.33
v 79.08 -260.39 37.33
v 44.63 -263.46 16.06
v 75.08 -299.94 12.65
v 49.88 -258.21 6.80
v 84.33 -255.14 28.07
v 80.33 -294.70 3.39
v 49.88 -258.21 6.80
v 33.03 -289.10 -20.26
v 27.78 -294.34 -11.00
v 44.63 -263.46 16.06
v 44.63 -263.46 16.06
v 27.78 -294.34 -11.00
v 75.08 -299.94 12.65
v 33.03 -289.10 -20.26
v 49.88 -258.21 6.80
v 80.33 -294.70 3.39
v 33.03 -289.10 -20.26
v 39.05 -318.19 -33.32
v 33.80 -323.43 -24.06
v 27.78 -294.34 -11.00
v 27.78 -294.34 -11.00
v 33.80 -323.43 -24.06
v 75.08 -299.94 12.65
v 39.05 -318.19 -33.32
v 33.03 -289.10 -20.26
v 80.33 -294.70 3.39
v 39.05 -318.19 -33.32
v 59.28 -330.00 -28.54
v 54.03 -335.24 -19.28
v 33.80 -323.43 -24.06
v 33.80 -323.43 -24.06
v 54.03 -335.24 -19.28
v 75.08 -299.94 12.65
v 59.28 -330.00 -28.54
v 39.05 -318.19 -33.32
v 80.33 -294.70 3.39
v -279.38 269.01 1.43
v -277.30 286.04 5.61
v -280.47 283.66 16.92
v -282.55 266.62 12.73
v -282.55 266.62 12.73
v -280.47 283.66 16.92
v -300.48 283.36 11.24
v -277.30 286.04 5.61
v -279.38 269.01 1.43
v -297.30 285.75 -0.07
v -277.30 286.04 5.61
v -300.04 304.17 3.06
v -303.21 301.79 14.36
v -280.47 283.66 16.92
v -280.47 283.66 16.92
v -303.21 301.79 14.36
v -300.48 283.36 11.24
v -300.04 304.17 3.06
v -277.30 286.04 5.61
v -297.30 285.75 -0.07
v -300.04 304.17 3.06
v -309.77 300.60 -0.42
v -312.94 298.22 10.88
v -303.21 301.79 14.36
v -303.21 301.79 14.36
v -312.94 298.22 10.88
v -300.48 283.36 11.24
v -309.77 300.60 -0.42
v -300.04 304.17 3.06
v -297.30 285.75 -0.07
v -309.77 300.60 -0.42
v -311.45 283.17 -4.58
v -314.62 280.78 6.73
v -312.94 298.22 10.88
v -312.94 298.22 10.88
v -314.62 280.78 6.73
v -300.48 283.36 11.24
v -311.45 283.17 -4.58
v -309.77 300.60 -0.42
v -297.30 285.75 -0.07
v -311.45 283.17 -4.58
v -299.91 273.20 -3.45
v -303.08 270.81 7.86
v -314.62 280.78 6.73
v -314.62 280.78 6.73
v -303.08 270.81 7.86
v -300.48 283.36 11.24
v -299.91 273.20 -3.45
v -311.45 283.17 -4.58
v -297.30 285.75 -0.07
v -299.91 273.20 -3.45
v -279.38 269.01 1.43
v -282.55 266.62 12.73
v -303.08 270.81 7.86
v -303.08 270.81 7.86
v -282.55 266.62 12.73
v -300.48 283.36 11.24
v -279.38 269.01 1.43
v -299.91 273.20 -3.45
v -297.30 285.75 -0.07
v -417.46 268.68 -26.40
v -398.70 254.85 -17.99
v -402.03 254.66 -10.88
v -420.79 268.49 -19.29
v -420.79 268.49 -19.29
v -402.03 254.66 -10.88
v -379.63 267.59 -0.05
v -398.70 254.85 -17.99
v -417.46 268.68 -26.40
v -376.31 267.78 -7.16
v -398.70 254.85 -17.99
v -390.88 238.61 -14.77
v -394.21 238.42 -7.66
v -402.03 254.66 -10.88
v -402.03 254.66 -10.88
v -394.21 238.42 -7.66
v -379.63 267.59 -0.05
v -390.88 238.61 -14.77
v -398.70 254.85 -17.99
v -376.31 267.78 -7.16
v -390.88 238.61 -14.77
v -359.23 241.25 0.12
v -362.55 241.06 7.23
v -394.21 238.42 -7.66
v -394.21 238.42 -7.66
v -362.55 241.06 7.23
v -379.63 267.59 -0.05
v -359.23 241.25 0.12
v -390.88 238.61 -14.77
v -376.31 267.78 -7.16
v -359.23 241.25 0.12
v -341.81 258.06 8.72
v -345.14 257.87 15.84
v -362.55 241.06 7.23
v -362.55 241.06 7.23
v -345.14 257.87 15.84
v -379.63 267.59 -0.05
v -341.81 258.06 8.72
v -359.23 241.25 0.12
v -376.31 267.78 -7.16
v -341.81 258.06 8.72
v -335.92 273.65 11.90
v -339.25 273.46 19.01
v -345.14 257.87 15.84
v -345.14 257.87 15.84
v -339.25 273.46 19.01
v -379.63 267.59 -0.05
v -335.92 273.65 11.90
v -341.81 258.06 8.72
v -376.31 267.78 -7.16
v -335.92 273.65 11.90
v -352.67 286.87 4.42
v -356.00 286.68 11.53
v -339.25 273.46 19.01
v -339.25 273.46 19.01
v -356.00 286.68 11.53
v -379.63 267.59 -0.05
v -352.67 286.87 4.42
v -335.92 273.65 11.90
v -376.31 267.78 -7.16
v -352.67 286.87 4.42
v -377.45 285.72 -7.21
v -380.78 285.52 -0.10
v -356.00 286.68 11.53
v -356.00 286.68 11.53
v -380.78 285.52 -0.10
v -379.63 267.59 -0.05
v -377.45 285.72 -7.21
v -352.67 286.87 4.42
v -376.31 267.78 -7.16
v -377.45 285.72 -7.21
v -419.31 277.25 -27.03
v -422.64 277.06 -19.92
v -380.78 285.52 -0.10
v -380.78 285.52 -0.10
v -422.64 277.06 -19.92
v -379.63 267.59 -0.05
v -419.31 277.25 -27.03
v -377.45 285.72 -7.21
v -376.31 267.78 -7.16
v -419.31 277.25 -27.03
v -417.46 268.68 -26.40
v -420.79 268.49 -19.29
v -422.64 277.06 -19.92
v -422.64 277.06 -19.92
v -420.79 268.49 -19.29
v -379.63 267.59 -0.05
v -417.46 268.68 -26.40
v -419.31 277.25 -27.03
v -376.31 267.78 -7.16
v -186.72 109.45 -15.84
v -209.37 100.40 -32.67
v -213.99 101.52 -27.04
v -191.34 110.57 -10.22
v -191.34 110.57 -10.22
v -213.99 101.52 -27.04
v -191.15 60.50 -0.09
v -209.37 100.40 -32.67
v -186.72 109.45 -15.84
v -186.52 59.38 -5.71
v -209.37 100.40 -32.67
v -213.09 63.44 -28.37
v -217.71 64.56 -22.74
v -213.99 101.52 -27.04
v -213.99 101.52 -27.04
v -217.71 64.56 -22.74
v -191.15 60.50 -0.09
v -213.09 63.44 -28.37
v -209.37 100.40 -32.67
v -186.52 59.38 -5.71
v -213.09 63.44 -28.37
v -210.40 31.56 -19.81
v -215.03 32.68 -14.19
v -217.71 64.56 -22.74
v -217.71 64.56 -22.74
v -215.03 32.68 -14.19
v -191.15 60.50 -0.09
v -210.40 31.56 -19.81
v -213.09 63.44 -28.37
v -186.52 59.38 -5.71
v -210.40 31.56 -19.81
v -188.58 -6.69 5.75
v -193.20 -5.57 11.37
v -215.03 32.68 -14.19
v -215.03 32.68 -14.19
v -193.20 -5.57 11.37
v -191.15 60.50 -0.09
v -188.58 -6.69 5.75
v -210.40 31.56 -19.81
v -186.52 59.38 -5.71
v -188.58 -6.69 5.75
v -175.47 16.26 11.96
v -180.09 17.38 17.59
v -193.20 -5.57 11.37
v -193.20 -5.57 11.37
v -180.09 17.38 17.59
v -191.15 60.50 -0.09
v -175.47 16.26 11.96
v -188.58 -6.69 5.75
v -186.52 59.38 -5.71
v -175.47 16.26 11.96
v -158.85 42.62 20.38
v -163.47 43.74 26.00
v -180.09 17.38 17.59
v -180.09 17.38 17.59
v -163.47 43.74 26.00
v -191.15 60.50 -0.09
v -158.85 42.62 20.38
v -175.47 16.26 11.96
v -186.52 59.38 -5.71
v -158.85 42.62 20.38
v -156.99 72.01 16.06
v -161.62 73.13 21.68
v -163.47 43.74 26.00
v -163.47 43.74 26.00
v -161.62 73.13 21.68
v -191.15 60.50 -0.09
v -156.99 72.01 16.06
v -158.85 42.62 20.38
v -186.52 59.38 -5.71
v -156.99 72.01 16.06
v -164.40 99.64 4.46
v -169.03 100.76 10.09
v -161.62 73.13 21.68
v -161.62 73.13 21.68
v -169.03 100.76 10.09
v -191.15 60.50 -0.09
v -164.40 99.64 4.46
v -156.99 72.01 16.06
v -186.52 59.38 -5.71
v -164.40 99.64 4.46
v -186.72 109.45 -15.84
v -191.34 110.57 -10.22
v -169.03 100.76 10.09
v -169.03 100.76 10.09
v -191.34 110.57 -10.22
v -191.15 60.50 -0.09
v -186.72 109.45 -15.84
v -164.40 99.64 4.46
v -186.52 59.38 -5.71
v -146.09 135.11 4.96
v -168.91 130.28 5.02
v -168.86 130.13 12.99
v -146.04 134.96 12.94
v -146.04 134.96 12.94
v -168.86 130.13 12.99
v -161.33 108.72 12.55
v -168.91 130.28 5.02
v -146.09 135.11 4.96
v -161.39 108.86 4.58
v -168.91 130.28 5.02
v -176.32 119.59 4.87
v -176.27 119.44 12.84
v -168.86 130.13 12.99
v -168.86 130.13 12.99
v -176.27 119.44 12.84
v -161.33 108.72 12.55
v -176.32 119.59 4.87
v -168.91 130.28 5.02
v -161.39 108.86 4.58
v -176.32 119.59 4.87
v -186.91 107.23 4.71
v -186.86 107.08 12.68
v -176.27 119.44 12.84
v -176.27 119.44 12.84
v -186.86 107.08 12.68
v -161.33 108.72 12.55
v -186.91 107.23 4.71
v -176.32 119.59 4.87
v -161.39 108.86 4.58
v -186.91 107.23 4.71
v -173.87 91.87 4.34
v -173.82 91.72 12.32
v -186.86 107.08 12.68
v -186.86 107.08 12.68
v -173.82 91.72 12.32
v -161.33 108.72 12.55
v -173.87 91.87 4.34
v -186.91 107.23 4.71
v -161.39 108.86 4.58
v -173.87 91.87 4.34
v -163.89 88.94 4.23
v -163.84 88.79 12.20
v -173.82 91.72 12.32
v -173.82 91.72 12.32
v -163.84 88.79 12.20
v -161.33 108.72 12.55
v -163.89 88.94 4.23
v -173.87 91.87 4.34
v -161.39 108.86 4.58
v -163.89 88.94 4.23
v -155.13 86.27 4.12
v -155.08 86.13 12.10
v -163.84 88.79 12.20
v -163.84 88.79 12.20
v -155.08 86.13 12.10
v -161.33 108.72 12.55
v -155.13 86.27 4.12
v -163.89 88.94 4.23
v -161.39 108.86 4.58
v -155.13 86.27 4.12
v -145.27 99.10 4.30
v -145.22 98.96 12.27
v -155.08 86.13 12.10
v -155.08 86.13 12.10
v -145.22 98.96 12.27
v -161.33 108.72 12.55
v -145.27 99.10 4.30
v -155.13 86.27 4.12
v -161.39 108.86 4.58
v -145.27 99.10 4.30
v -134.60 120.06 4.61
v -134.54 119.92 12.59
v -145.22 98.96 12.27
v -145.22 98.96 12.27
v -134.54 119.92 12.59
v -161.33 108.72 12.55
v -134.60 120.06 4.61
v -145.27 99.10 4.30
v -161.39 108.86 4.58
v -134.60 120.06 4.61
v -146.09 135.11 4.96
v -146.04 134.96 12.94
v -134.54 119.92 12.59
v -134.54 119.92 12.59
v -146.04 134.96 12.94
v -161.33 108.72 12.55
v -146.09 135.11 4.96
v -134.60 120.06 4.61
v -161.39 108.86 4.58
v 71.46 366.75 -0.03
v 69.59 360.52 -0.08
v 68.98 360.67 5.01
v 70.85 366.89 5.05
v 70.85 366.89 5.05
v 68.98 360.67 5.01
v 90.72 350.41 7.89
v 69.59 360.52 -0.08
v 71.46 366.75 -0.03
v 91.33 350.26 2.81
v 69.59 360.52 -0.08
v 71.74 345.25 0.61
v 71.13 345.39 5.70
v 68.98 360.67 5.01
v 68.98 360.67 5.01
v 71.13 345.39 5.70
v 90.72 350.41 7.89
v 71.74 345.25 0.61
v 69.59 360.52 -0.08
v 91.33 350.26 2.81
v 71.74 345.25 0.61
v 92.84 330.54 3.55
v 92.24 330.68 8.63
v 71.13 345.39 5.70
v 71.13 345.39 5.70
v 92.24 330.68 8.63
v 90.72 350.41 7.89
v 92.84 330.54 3.55
v 71.74 345.25 0.61
v 91.33 350.26 2.81
v 92.84 330.54 3.55
v 99.87 332.50 4.33
v 99.26 332.65 9.41
v 92.24 330.68 8.63
v 92.24 330.68 8.63
v 99.26 332.65 9.41
v 90.72 350.41 7.89
v 99.87 332.50 4.33
v 92.84 330.54 3.55
v 91.33 350.26 2.81
v 99.87 332.50 4.33
v 113.56 336.39 5.85
v 112.95 336.53 10.93
v 99.26 332.65 9.41
v 99.26 332.65 9.41
v 112.95 336.53 10.93
v 90.72 350.41 7.89
v 113.56 336.39 5.85
v 99.87 332.50 4.33
v 91.33 350.26 2.81
v 113.56 336.39 5.85
v 102.69 353.93 4.06
v 102.08 354.08 9.14
v 112.95 336.53 10.93
v 112.95 336.53 10.93
v 102.08 354.08 9.14
v 90.72 350.41 7.89
v 102.69 353.93 4.06
v 113.56 336.39 5.85
v 91.33 350.26 2.81
v 102.69 353.93 4.06
v 102.60 360.66 3.86
v 102.00 360.81 8.94
v 102.08 354.08 9.14
v 102.08 354.08 9.14
v 102.00 360.81 8.94
v 90.72 350.41 7.89
v 102.60 360.66 3.86
v 102.69 353.93 4.06
v 91.33 350.26 2.81
v 102.60 360.66 3.86
v 88.64 366.50 2.03
v 88.03 366.64 7.11
v 102.00 360.81 8.94
v 102.00 360.81 8.94
v 88.03 366.64 7.11
v 90.72 350.41 7.89
v 88.64 366.50 2.03
v 102.60 360.66 3.86
v 91.33 350.26 2.81
v 88.64 366.50 2.03
v 71.46 366.75 -0.03
v 70.85 366.89 5.05
v 88.03 366.64 7.11
v 88.03 366.64 7.11
v 70.85 366.89 5.05
v 90.72 350.41 7.89
v 71.46 366.75 -0.03
v 88.64 366.50 2.03
v 91.33 350.26 2.81
v -186.31 420.02 -9.84
v -224.99 424.87 -13.13
v -225.45 426.67 -5.02
v -186.77 421.83 -1.73
v -186.77 421.83 -1.73
v -225.45 426.67 -5.02
v -202.24 386.18 5.31
v -224.99 424.87 -13.13
v -186.31 420.02 -9.84
v -201.77 384.37 -2.80
v -224.99 424.87 -13.13
v -238.10 394.98 -7.23
v -238.57 396.78 0.88
v -225.45 426.67 -5.02
v -225.45 426.67 -5.02
v -238.57 396.78 0.88
v -202.24 386.18 5.31
v -238.10 394.98 -7.23
v -224.99 424.87 -13.13
v -201.77 384.37 -2.80
v -238.10 394.98 -7.23
v -233.86 372.96 -2.09
v -234.32 374.77 6.02
v -238.57 396.78 0.88
v -238.57 396.78 0.88
v -234.32 374.77 6.02
v -202.24 386.18 5.31
v -233.86 372.96 -2.09
v -238.10 394.98 -7.23
v -201.77 384.37 -2.80
v -233.86 372.96 -2.09
v -221.93 345.43 4.72
v -222.39 347.24 12.83
v -234.32 374.77 6.02
v -234.32 374.77 6.02
v -222.39 347.24 12.83
v -202.24 386.18 5.31
v -221.93 345.43 4.72
v -233.86 372.96 -2.09
v -201.77 384.37 -2.80
v -221.93 345.43 4.72
v -191.70 342.02 7.20
v -192.16 343.82 15.31
v -222.39 347.24 12.83
v -222.39 347.24 12.83
v -192.16 343.82 15.31
v -202.24 386.18 5.31
v -191.70 342.02 7.20
v -221.93 345.43 4.72
v -201.77 384.37 -2.80
v -191.70 342.02 7.20
v -186.55 358.22 3.89
v -187.01 360.02 12.00
v -192.16 343.82 15.31
v -192.16 343.82 15.31
v -187.01 360.02 12.00
v -202.24 386.18 5.31
v -186.55 358.22 3.89
v -191.70 342.02 7.20
v -201.77 384.37 -2.80
v -186.55 358.22 3.89
v -159.69 382.15 0.10
v -160.15 383.95 8.21
v -187.01 360.02 12.00
v -187.01 360.02 12.00
v -160.15 383.95 8.21
v -202.24 386.18 5.31
v -159.69 382.15 0.10
v -186.55 358.22 3.89
v -201.77 384.37 -2.80
v -159.69 382.15 0.10
v -156.93 408.98 -5.71
v -157.40 410.78 2.40
v -160.15 383.95 8.21
v -160.15 383.95 8.21
v -157.40 410.78 2.40
v -202.24 386.18 5.31
v -156.93 408.98 -5.71
v -159.69 382.15 0.10
v -201.77 384.37 -2.80
v -156.93 408.98 -5.71
v -186.31 420.02 -9.84
v -186.77 421.83 -1.73
v -157.40 410.78 2.40
v -157.40 410.78 2.40
v -186.77 421.83 -1.73
v -202.24 386.18 5.31
v -186.31 420.02 -9.84
v -156.93 408.98 -5.71
v -201.77 384.37 -2.80
v -161.85 -32.27 2.46
v -150.54 -40.80 -4.66
v -149.41 -43.02 -0.22
v -160.72 -34.50 6.91
v -160.72 -34.50 6.91
v -149.41 -43.02 -0.22
v -126.23 -25.03 2.90
v -150.54 -40.80 -4.66
v -161.85 -32.27 2.46
v -127.36 -22.81 -1.55
v -150.54 -40.80 -4.66
v -143.26 -49.81 -11.00
v -142.13 -52.03 -6.55
v -149.41 -43.02 -0.22
v -149.41 -43.02 -0.22
v -142.13 -52.03 -6.55
v -126.23 -25.03 2.90
v -143.26 -49.81 -11.00
v -150.54 -40.80 -4.66
v -127.36 -22.81 -1.55
v -143.26 -49.81 -11.00
v -92.46 -37.62 -17.77
v -91.34 -39.84 -13.32
v -142.13 -52.03 -6.55
v -142.13 -52.03 -6.55
v -91.34 -39.84 -13.32
v -126.23 -25.03 2.90
v -92.46 -37.62 -17.77
v -143.26 -49.81 -11.00
v -127.36 -22.81 -1.55
v -92.46 -37.62 -17.77
v -93.12 -22.30 -9.96
v -92.00 -24.52 -5.51
v -91.34 -39.84 -13.32
v -91.34 -39.84 -13.32
v -92.00 -24.52 -5.51
v -126.23 -25.03 2.90
v -93.12 -22.30 -9.96
v -92.46 -37.62 -17.77
v -127.36 -22.81 -1.55
v -93.12 -22.30 -9.96
v -77.72 -6.75 -6.09
v -76.60 -8.97 -1.64
v -92.00 -24.52 -5.51
v -92.00 -24.52 -5.51
v -76.60 -8.97 -1.64
v -126.23 -25.03 2.90
v -77.72 -6.75 -6.09
v -93.12 -22.30 -9.96
v -127.36 -22.81 -1.55
v -77.72 -6.75 -6.09
v -99.06 8.64 6.99
v -97.94 6.42 11.44
v -76.60 -8.97 -1.64
v -76.60 -8.97 -1.64
v -97.94 6.42 11.44
v -126.23 -25.03 2.90
v -99.06 8.64 6.99
v -77.72 -6.75 -6.09
v -127.36 -22.81 -1.55
v -99.06 8.64 6.99
v -140.15 -5.32 10.43
v -139.03 -7.54 14.87
v -97.94 6.42 11.44
v -97.94 6.42 11.44
v -139.03 -7.54 14.87
v -126.23 -25.03 2.90
v -140.15 -5.32 10.43
v -99.06 8.64 6.99
v -127.36 -22.81 -1.55
v -140.15 -5.32 10.43
v -169.53 -14.33 13.36
v -168.40 -16.55 17.81
v -139.03 -7.54 14.87
v -139.03 -7.54 14.87
v -168.40 -16.55 17.81
v -126.23 -25.03 2.90
v -169.53 -14.33 13.36
v -140.15 -5.32 10.43
v -127.36 -22.81 -1.55
v -169.53 -14.33 13.36
v -161.85 -32.27 2.46
v -160.72 -34.50 6.91
v -168.40 -16.55 17.81
v -168.40 -16.55 17.81
v -160.72 -34.50 6.91
v -126.23 -25.03 2.90
v -161.85 -32.27 2.46
v -169.53 -14.33 13.36
v -127.36 -22.81 -1.55
v 363.22 336.38 -6.37
v 335.52 323.20 1.79
v 336.63 325.17 8.76
v 364.34 338.35 0.60
v 364.34 338.35 0.60
v 336.63 325.17 8.76
v 352.43 307.89 11.11
v 335.52 323.20 1.79
v 363.22 336.38 -6.37
v 351.31 305.92 4.15
v 335.52 323.20 1.79
v 329.84 294.55 10.80
v 330.96 296.51 17.76
v 336.63 325.17 8.76
v 336.63 325.17 8.76
v 330.96 296.51 17.76
v 352.43 307.89 11.11
v 329.84 294.55 10.80
v 335.52 323.20 1.79
v 351.31 305.92 4.15
v 329.84 294.55 10.80
v 338.66 272.19 15.70
v 339.78 274.16 22.67
v 330.96 296.51 17.76
v 330.96 296.51 17.76
v 339.78 274.16 22.67
v 352.43 307.89 11.11
v 338.66 272.19 15.70
v 329.84 294.55 10.80
v 351.31 305.92 4.15
v 338.66 272.19 15.70
v 358.28 290.70 7.34
v 359.39 292.66 14.30
v 339.78 274.16 22.67
v 339.78 274.16 22.67
v 359.39 292.66 14.30
v 352.43 307.89 11.11
v 358.28 290.70 7.34
v 338.66 272.19 15.70
v 351.31 305.92 4.15
v 358.28 290.70 7.34
v 368.24 311.52 -0.14
v 369.35 313.49 6.82
v 359.39 292.66 14.30
v 359.39 292.66 14.30
v 369.35 313.49 6.82
v 352.43 307.89 11.11
v 368.24 311.52 -0.14
v 358.28 290.70 7.34
v 351.31 305.92 4.15
v 368.24 311.52 -0.14
v 363.22 336.38 -6.37
v 364.34 338.35 0.60
v 369.35 313.49 6.82
v 369.35 313.49 6.82
v 364.34 338.35 0.60
v 352.43 307.89 11.11
v 363.22 336.38 -6.37
v 368.24 311.52 -0.14
v 351.31 305.92 4.15
v 250.67 89.38 -12.53
v 225.36 103.43 -10.42
v 226.57 103.58 3.00
v 251.88 89.53 0.89
v 251.88 89.53 0.89
v 226.57 103.58 3.00
v 217.79 69.03 4.20
v 225.36 103.43 -10.42
v 250.67 89.38 -12.53
v 216.58 68.88 -9.23
v 225.36 103.43 -10.42
v 192.24 103.10 -7.44
v 193.45 103.25 5.98
v 226.57 103.58 3.00
v 226.57 103.58 3.00
v 193.45 103.25 5.98
v 217.79 69.03 4.20
v 192.24 103.10 -7.44
v 225.36 103.43 -10.42
v 216.58 68.88 -9.23
v 192.24 103.10 -7.44
v 173.39 84.59 -5.53
v 174.59 84.75 7.89
v 193.45 103.25 5.98
v 193.45 103.25 5.98
v 174.59 84.75 7.89
v 217.79 69.03 4.20
v 173.39 84.59 -5.53
v 192.24 103.10 -7.44
v 216.58 68.88 -9.23
v 173.39 84.59 -5.53
v 155.21 39.50 -3.37
v 156.41 39.66 10.05
v 174.59 84.75 7.89
v 174.59 84.75 7.89
v 156.41 39.66 10.05
v 217.79 69.03 4.20
v 155.21 39.50 -3.37
v 173.39 84.59 -5.53
v 216.58 68.88 -9.23
v 155.21 39.50 -3.37
v 174.92 20.99 -4.93
v 176.13 21.15 8.50
v 156.41 39.66 10.05
v 156.41 39.66 10.05
v 176.13 21.15 8.50
v 217.79 69.03 4.20
v 174.92 20.99 -4.93
v 155.21 39.50 -3.37
v 216.58 68.88 -9.23
v 174.92 20.99 -4.93
v 215.21 32.61 -8.68
v 216.41 32.77 4.74
v 176.13 21.15 8.50
v 176.13 21.15 8.50
v 216.41 32.77 4.74
v 217.79 69.03 4.20
v 215.21 32.61 -8.68
v 174.92 20.99 -4.93
v 216.58 68.88 -9.23
v 215.21 32.61 -8.68
v 236.67 37.19 -10.66
v 237.87 37.35 2.76
v 216.41 32.77 4.74
v 216.41 32.77 4.74
v 237.87 37.35 2.76
v 217.79 69.03 4.20
v 236.67 37.19 -10.66
v 215.21 32.61 -8.68
v 216.58 68.88 -9.23
v 236.67 37.19 -10.66
v 266.78 60.94 -13.65
v 267.99 61.09 -0.22
v 237.87 37.35 2.76
v 237.87 37.35 2.76
v 267.99 61.09 -0.22
v 217.79 69.03 4.20
v 266.78 60.94 -13.65
v 236.67 37.19 -10.66
v 216.58 68.88 -9.23
v 266.78 60.94 -13.65
v 250.67 89.38 -12.53
v 251.88 89.53 0.89
v 267.99 61.09 -0.22
v 267.99 61.09 -0.22
v 251.88 89.53 0.89
v 217.79 69.03 4.20
v 250.67 89.38 -12.53
v 266.78 60.94 -13.65
v 216.58 68.88 -9.23
v -350.04 122.94 8.98
v -358.94 102.05 20.74
v -354.50 105.16 29.63
v -345.60 126.05 17.87
v -345.60 126.05 17.87
v -354.50 105.16 29.63
v -317.20 98.60 13.30
v -358.94 102.05 20.74
v -350.04 122.94 8.98
v -321.64 95.49 4.41
v -358.94 102.05 20.74
v -338.78 79.14 18.70
v -334.34 82.25 27.59
v -354.50 105.16 29.63
v -354.50 105.16 29.63
v -334.34 82.25 27.59
v -317.20 98.60 13.30
v -338.78 79.14 18.70
v -358.94 102.05 20.74
v -321.64 95.49 4.41
v -338.78 79.14 18.70
v -317.52 67.90 12.02
v -313.08 71.02 20.90
v -334.34 82.25 27.59
v -334.34 82.25 27.59
v -313.08 71.02 20.90
v -317.20 98.60 13.30
v -317.52 67.90 12.02
v -338.78 79.14 18.70
v -321.64 95.49 4.41
v -317.52 67.90 12.02
v -292.40 69.50 -1.09
v -287.97 72.61 7.80
v -313.08 71.02 20.90
v -313.08 71.02 20.90
v -287.97 72.61 7.80
v -317.20 98.60 13.30
v -292.40 69.50 -1.09
v -317.52 67.90 12.02
v -321.64 95.49 4.41
v -292.40 69.50 -1.09
v -283.33 82.85 -10.29
v -278.89 85.96 -1.41
v -287.97 72.61 7.80
v -287.97 72.61 7.80
v -278.89 85.96 -1.41
v -317.20 98.60 13.30
v -283.33 82.85 -10.29
v -292.40 69.50 -1.09
v -321.64 95.49 4.41
v -283.33 82.85 -10.29
v -286.55 112.74 -19.15
v -282.11 115.85 -10.26
v -278.89 85.96 -1.41
v -278.89 85.96 -1.41
v -282.11 115.85 -10.26
v -317.20 98.60 13.30
v -286.55 112.74 -19.15
v -283.33 82.85 -10.29
v -321.64 95.49 4.41
v -286.55 112.74 -19.15
v -305.67 131.79 -16.27
v -301.23 134.90 -7.38
v -282.11 115.85 -10.26
v -282.11 115.85 -10.26
v -301.23 134.90 -7.38
v -317.20 98.60 13.30
v -305.67 131.79 -16.27
v -286.55 112.74 -19.15
v -321.64 95.49 4.41
v -305.67 131.79 -16.27
v -343.61 140.11 -0.24
v -339.17 143.22 8.65
v -301.23 134.90 -7.38
v -301.23 134.90 -7.38
v -339.17 143.22 8.65
v -317.20 98.60 13.30
v -343.61 140.11 -0.24
v -305.67 131.79 -16.27
v -321.64 95.49 4.41
v -343.61 140.11 -0.24
v -350.04 122.94 8.98
v -345.60 126.05 17.87
v -339.17 143.22 8.65
v -339.17 143.22 8.65
v -345.60 126.05 17.87
v -317.20 98.60 13.30
v -350.04 122.94 8.98
v -343.61 140.11 -0.24
v -321.64 95.49 4.41
v 101.01 -233.25 -0.06
v 122.86 -178.65 -2.19
v 123.06 -178.53 2.93
v 101.22 -233.13 5.06
v 101.22 -233.13 5.06
v 123.06 -178.53 2.93
v 83.86 -180.94 4.56
v 122.86 -178.65 -2.19
v 101.01 -233.25 -0.06
v 83.66 -181.06 -0.57
v 122.86 -178.65 -2.19
v 113.78 -148.73 -2.52
v 113.99 -148.61 2.61
v 123.06 -178.53 2.93
v 123.06 -178.53 2.93
v 113.99 -148.61 2.61
v 83.86 -180.94 4.56
v 113.78 -148.73 -2.52
v 122.86 -178.65 -2.19
v 83.66 -181.06 -0.57
v 113.78 -148.73 -2.52
v 70.78 -145.89 -0.87
v 70.99 -145.77 4.26
v 113.99 -148.61 2.61
v 113.99 -148.61 2.61
v 70.99 -145.77 4.26
v 83.86 -180.94 4.56
v 70.78 -145.89 -0.87
v 113.78 -148.73 -2.52
v 83.66 -181.06 -0.57
v 70.78 -145.89 -0.87
v 42.20 -173.73 0.92
v 42.41 -173.61 6.05
v 70.99 -145.77 4.26
v 70.99 -145.77 4.26
v 42.41 -173.61 6.05
v 83.86 -180.94 4.56
v 42.20 -173.73 0.92
v 70.78 -145.89 -0.87
v 83.66 -181.06 -0.57
v 42.20 -173.73 0.92
v 62.20 -215.00 1.07
v 62.41 -214.88 6.20
v 42.41 -173.61 6.05
v 42.41 -173.61 6.05
v 62.41 -214.88 6.20
v 83.86 -180.94 4.56
v 62.20 -215.00 1.07
v 42.20 -173.73 0.92
v 83.66 -181.06 -0.57
v 62.20 -215.00 1.07
v 101.01 -233.25 -0.06
v 101.22 -233.13 5.06
v 62.41 -214.88 6.20
v 62.41 -214.88 6.20
v 101.22 -233.13 5.06
v 83.86 -180.94 4.56
v 101.01 -233.25 -0.06
v 62.20 -215.00 1.07
v 83.66 -181.06 -0.57
v 181.08 0.51 2.13
v 198.67 -10.87 -0.26
v 198.61 -13.04 9.61
v 181.02 -1.67 12.00
v 181.02 -1.67 12.00
v 198.61 -13.04 9.61
v 211.26 4.58 13.57
v 198.67 -10.87 -0.26
v 181.08 0.51 2.13
v 211.32 6.75 3.70
v 198.67 -10.87 -0.26
v 226.12 -6.95 0.78
v 226.06 -9.13 10.65
v 198.61 -13.04 9.61
v 198.61 -13.04 9.61
v 226.06 -9.13 10.65
v 211.26 4.58 13.57
v 226.12 -6.95 0.78
v 198.67 -10.87 -0.26
v 211.32 6.75 3.70
v 226.12 -6.95 0.78
v 240.23 9.78 4.56
v 240.16 7.61 14.43
v 226.06 -9.13 10.65
v 226.06 -9.13 10.65
v 240.16 7.61 14.43
v 211.26 4.58 13.57
v 240.23 9.78 4.56
v 226.12 -6.95 0.78
v 211.32 6.75 3.70
v 240.23 9.78 4.56
v 220.46 25.54 7.90
v 220.39 23.37 17.77
v 240.16 7.61 14.43
v 240.16 7.61 14.43
v 220.39 23.37 17.77
v 211.26 4.58 13.57
v 220.46 25.54 7.90
v 240.23 9.78 4.56
v 211.32 6.75 3.70
v 220.46 25.54 7.90
v 201.31 20.46 6.66
v 201.24 18.28 16.52
v 220.39 23.37 17.77
v 220.39 23.37 17.77
v 201.24 18.28 16.52
v 211.26 4.58 13.57
v 201.31 20.46 6.66
v 220.46 25.54 7.90
v 211.32 6.75 3.70
v 201.31 20.46 6.66
v 181.08 0.51 2.13
v 181.02 -1.67 12.00
v 201.24 18.28 16.52
v 201.24 18.28 16.52
v 181.02 -1.67 12.00
v 211.26 4.58 13.57
v 181.08 0.51 2.13
v 201.31 20.46 6.66
v 211.32 6.75 3.70
v -71.13 -221.75 -3.43
v -97.94 -223.82 -12.13
v -101.38 -221.11 -2.18
v -74.57 -219.05 6.52
v -74.57 -219.05 6.52
v -101.38 -221.11 -2.18
v -103.83 -244.47 3.32
v -97.94 -223.82 -12.13
v -71.13 -221.75 -3.43
v -100.39 -247.17 -6.64
v -97.94 -223.82 -12.13
v -126.63 -242.15 -17.07
v -130.07 -239.45 -7.11
v -101.38 -221.11 -2.18
v -101.38 -221.11 -2.18
v -130.07 -239.45 -7.11
v -103.83 -244.47 3.32
v -126.63 -242.15 -17.07
v -97.94 -223.82 -12.13
v -100.39 -247.17 -6.64
v -126.63 -242.15 -17.07
v -126.16 -269.29 -9.54
v -129.60 -266.59 0.42
v -130.07 -239.45 -7.11
v -130.07 -239.45 -7.11
v -129.60 -266.59 0.42
v -103.83 -244.47 3.32
v -126.16 -269.29 -9.54
v -126.63 -242.15 -17.07
v -100.39 -247.17 -6.64
v -126.16 -269.29 -9.54
v -100.26 -271.83 0.10
v -103.70 -269.13 10.06
v -129.60 -266.59 0.42
v -129.60 -266.59 0.42
v -103.70 -269.13 10.06
v -103.83 -244.47 3.32
v -100.26 -271.83 0.10
v -126.16 -269.29 -9.54
v -100.39 -247.17 -6.64
v -100.26 -271.83 0.10
v -81.24 -248.02 0.21
v -84.68 -245.32 10.16
v -103.70 -269.13 10.06
v -103.70 -269.13 10.06
v -84.68 -245.32 10.16
v -103.83 -244.47 3.32
v -81.24 -248.02 0.21
v -100.26 -271.83 0.10
v -100.39 -247.17 -6.64
v -81.24 -248.02 0.21
v -71.13 -221.75 -3.43
v -74.57 -219.05 6.52
v -84.68 -245.32 10.16
v -84.68 -245.32 10.16
v -74.57 -219.05 6.52
v -103.83 -244.47 3.32
v -71.13 -221.75 -3.43
v -81.24 -248.02 0.21
v -100.39 -247.17 -6.64
v 295.49 -38.43 -4.54
v 308.39 -45.86 -5.49
v 308.77 -46.35 3.49
v 295.86 -38.93 4.44
v 295.86 -38.93 4.44
v 308.77 -46.35 3.49
v 320.09 -34.09 3.69
v 308.39 -45.86 -5.49
v 295.49 -38.43 -4.54
v 319.72 -33.59 -5.28
v 308.39 -45.86 -5.49
v 331.52 -50.16 -6.69
v 331.89 -50.66 2.28
v 308.77 -46.35 3.49
v 308.77 -46.35 3.49
v 331.89 -50.66 2.28
v 320.09 -34.09 3.69
v 331.52 -50.16 -6.69
v 308.39 -45.86 -5.49
v 319.72 -33.59 -5.28
v 331.52 -50.16 -6.69
v 346.10 -40.47 -6.76
v 346.47 -40.97 2.21
v 331.89 -50.66 2.28
v 331.89 -50.66 2.28
v 346.47 -40.97 2.21
v 320.09 -34.09 3.69
v 346.10 -40.47 -6.76
v 331.52 -50.16 -6.69
v 319.72 -33.59 -5.28
v 346.10 -40.47 -6.76
v 337.87 -26.13 -5.62
v 338.24 -26.62 3.35
v 346.47 -40.97 2.21
v 346.47 -40.97 2.21
v 338.24 -26.62 3.35
v 320.09 -34.09 3.69
v 337.87 -26.13 -5.62
v 346.10 -40.47 -6.76
v 319.72 -33.59 -5.28
v 337.87 -26.13 -5.62
v 330.14 -16.55 -4.77
v 330.51 -17.04 4.21
v 338.24 -26.62 3.35
v 338.24 -26.62 3.35
v 330.51 -17.04 4.21
v 320.09 -34.09 3.69
v 330.14 -16.55 -4.77
v 337.87 -26.13 -5.62
v 319.72 -33.59 -5.28
v 330.14 -16.55 -4.77
v 310.69 -24.79 -4.42
v 311.06 -25.28 4.56
v 330.51 -17.04 4.21
v 330.51 -17.04 4.21
v 311.06 -25.28 4.56
v 320.09 -34.09 3.69
v 310.69 -24.79 -4.42
v 330.14 -16.55 -4.77
v 319.72 -33.59 -5.28
v 310.69 -24.79 -4.42
v 295.49 -38.43 -4.54
v 295.86 -38.93 4.44
v 311.06 -25.28 4.56
v 311.06 -25.28 4.56
v 295.86 -38.93 4.44
v 320.09 -34.09 3.69
v 295.49 -38.43 -4.54
v 310.69 -24.79 -4.42
v 319.72 -33.59 -5.28
v 468.61 -143.19 -16.82
v 442.32 -141.24 -9.59
v 444.06 -138.81 -3.91
v 470.35 -140.76 -11.14
v 470.35 -140.76 -11.14
v 444.06 -138.81 -3.91
v 458.45 -164.29 2.59
v 442.32 -141.24 -9.59
v 468.61 -143.19 -16.82
v 456.71 -166.72 -3.09
v 442.32 -141.24 -9.59
v 420.39 -158.04 4.33
v 422.13 -155.60 10.01
v 444.06 -138.81 -3.91
v 444.06 -138.81 -3.91
v 422.13 -155.60 10.01
v 458.45 -164.29 2.59
v 420.39 -158.04 4.33
v 442.32 -141.24 -9.59
v 456.71 -166.72 -3.09
v 420.39 -158.04 4.33
v 425.67 -184.54 14.07
v 427.41 -182.10 19.75
v 422.13 -155.60 10.01
v 422.13 -155.60 10.01
v 427.41 -182.10 19.75
v 458.45 -164.29 2.59
v 425.67 -184.54 14.07
v 420.39 -158.04 4.33
v 456.71 -166.72 -3.09
v 425.67 -184.54 14.07
v 448.75 -202.83 14.82
v 450.49 -200.39 20.50
v 427.41 -182.10 19.75
v 427.41 -182.10 19.75
v 450.49 -200.39 20.50
v 458.45 -164.29 2.59
v 448.75 -202.83 14.82
v 425.67 -184.54 14.07
v 456.71 -166.72 -3.09
v 448.75 -202.83 14.82
v 487.29 -200.86 2.16
v 489.04 -198.43 7.84
v 450.49 -200.39 20.50
v 450.49 -200.39 20.50
v 489.04 -198.43 7.84
v 458.45 -164.29 2.59
v 487.29 -200.86 2.16
v 448.75 -202.83 14.82
v 456.71 -166.72 -3.09
v 487.29 -200.86 2.16
v 494.04 -178.78 -9.37
v 495.79 -176.34 -3.69
v 489.04 -198.43 7.84
v 489.04 -198.43 7.84
v 495.79 -176.34 -3.69
v 458.45 -164.29 2.59
v 494.04 -178.78 -9.37
v 487.29 -200.86 2.16
v 456.71 -166.72 -3.09
v 494.04 -178.78 -9.37
v 488.17 -146.52 -21.39
v 489.91 -144.09 -15.71
v 495.79 -176.34 -3.69
v 495.79 -176.34 -3.69
v 489.91 -144.09 -15.71
v 458.45 -164.29 2.59
v 488.17 -146.52 -21.39
v 494.04 -178.78 -9.37
v 456.71 -166.72 -3.09
v 488.17 -146.52 -21.39
v 468.61 -143.19 -16.82
v 470.35 -140.76 -11.14
v 489.91 -144.09 -15.71
v 489.91 -144.09 -15.71
v 470.35 -140.76 -11.14
v 458.45 -164.29 2.59
v 468.61 -143.19 -16.82
v 488.17 -146.52 -21.39
v 456.71 -166.72 -3.09
v -25.71 297.31 -14.31
v -27.67 275.50 -6.10
v -30.46 280.05 5.30
v -28.50 301.85 -2.92
v -28.50 301.85 -2.92
v -30.46 280.05 5.30
v -0.14 275.81 14.42
v -27.67 275.50 -6.10
v -25.71 297.31 -14.31
v 2.65 271.26 3.03
v -27.67 275.50 -6.10
v -14.32 254.92 5.37
v -17.12 259.47 16.77
v -30.46 280.05 5.30
v -30.46 280.05 5.30
v -17.12 259.47 16.77
v -0.14 275.81 14.42
v -14.32 254.92 5.37
v -27.67 275.50 -6.10
v 2.65 271.26 3.03
v -14.32 254.92 5.37
v -2.48 244.16 12.57
v -5.27 248.70 23.97
v -17.12 259.47 16.77
v -17.12 259.47 16.77
v -5.27 248.70 23.97
v -0.14 275.81 14.42
v -2.48 244.16 12.57
v -14.32 254.92 5.37
v 2.65 271.26 3.03
v -2.48 244.16 12.57
v 27.74 240.24 21.55
v 24.94 244.78 32.95
v -5.27 248.70 23.97
v -5.27 248.70 23.97
v 24.94 244.78 32.95
v -0.14 275.81 14.42
v 27.74 240.24 21.55
v -2.48 244.16 12.57
v 2.65 271.26 3.03
v 27.74 240.24 21.55
v 41.61 253.83 19.53
v 38.81 258.38 30.93
v 24.94 244.78 32.95
v 24.94 244.78 32.95
v 38.81 258.38 30.93
v -0.14 275.81 14.42
v 41.61 253.83 19.53
v 27.74 240.24 21.55
v 2.65 271.26 3.03
v 41.61 253.83 19.53
v 39.88 274.80 10.75
v 37.08 279.34 22.15
v 38.81 258.38 30.93
v 38.81 258.38 30.93
v 37.08 279.34 22.15
v -0.14 275.81 14.42
v 39.88 274.80 10.75
v 41.61 253.83 19.53
v 2.65 271.26 3.03
v 39.88 274.80 10.75
v 5.15 302.24 -8.71
v 2.35 306.79 2.69
v 37.08 279.34 22.15
v 37.08 279.34 22.15
v 2.35 306.79 2.69
v -0.14 275.81 14.42
v 5.15 302.24 -8.71
v 39.88 274.80 10.75
v 2.65 271.26 3.03
v 5.15 302.24 -8.71
v -4.85 293.03 -7.49
v -7.65 297.57 3.91
v 2.35 306.79 2.69
v 2.35 306.79 2.69
v -7.65 297.57 3.91
v -0.14 275.81 14.42
v -4.85 293.03 -7.49
v 5.15 302.24 -8.71
v 2.65 271.26 3.03
v -4.85 293.03 -7.49
v -25.71 297.31 -14.31
v -28.50 301.85 -2.92
v -7.65 297.57 3.91
v -7.65 297.57 3.91
v -28.50 301.85 -2.92
v -0.14 275.81 14.42
v -25.71 297.31 -14.31
v -4.85 293.03 -7.49
v 2.65 271.26 3.03
vt 0.0000 0.0000
vt 0.2985 -0.0000
vt 0.2351 0.3018
vt 0.0249 0.3126
vt 0.0000 0.0000
vt 0.2668 0.0000
vt 0.2342 0.2831
vt -0.0466 0.2061
vt 0.0000 0.0000
vt 0.3136 0.0000
vt 0.2819 0.1398
vt 0.0219 0.1803
vt 0.0000 0.0000
vt 0.1766 -0.0000
vt 0.1361 0.2695
vt -0.0244 0.3096
vt 0.0000 0.0000
vt 0.1816 0.0000
vt 0.2038 0.2087
vt 0.0511 0.2941
vt 0.0000 0.0000
vt 0.2137 0.0000
vt 0.2347 0.1935
vt -0.0458 0.1427
vt 0.0000 0.0000
vt 0.2619 0.0000
vt 0.3144 0.1975
vt -0.0012 0.2743
vt 0.0000 0.0000
vt 0.2835 0.0000
vt 0.3048 0.2598
vt 0.0101 0.2707
vt 0.0000 0.0000
vt 0.2743 0.0000
vt 0.2740 0.0841
vt -0.0006 0.1443
vt 0.0000 0.0000
vt 0.1304 0.0000
vt 0.0376 0.2840
vt -0.1200 0.1751
vt 0.0000 0.0000
vt 0.1443 0.0000
vt 0.0781 0.2599
vt -0.0468 0.2577
vt 0.0000 0.0000
vt 0.3298 -0.0000
vt 0.2546 0.1730
vt 0.0045 0.0915
vt 0.0000 0.0000
vt 0.2436 -0.0000
vt 0.1932 0.2176
vt -0.0008 0.2338
vt 0.0000 0.0000
vt 0.2244 0.0000
vt 0.2170 0.1905
vt 0.0108 0.2191
vt 0.0000 0.0000
vt 0.2338 0.0000
vt 0.1942 0.1635
vt -0.0288 0.1386
vt 0.0000 0.0000
vt 0.1204 0.0000
vt 0.1347 0.2072
vt 0.0088 0.2268
vt 0.0000 0.0000
vt 0.1416 0.0000
vt 0.1413 0.2193
vt 0.0232 0.2425
vt 0.0000 0.0000
vt 0.1988 -0.0000
vt 0.2422 0.1222
vt 0.0541 0.1594
vt 0.0000 0.0000
vt 0.4167 -0.0000
vt 0.3320 0.4946
vt -0.0270 0.4412
vt 0.0000 0.0000
vt 0.4027 -0.0000
vt 0.2752 0.3893
vt -0.0536 0.3576
vt 0.0000 0.0000
vt 0.4420 0.0000
vt 0.4801 0.2415
vt 0.1300 0.4116
vt 0.0000 0.0000
vt 0.4115 0.0000
vt 0.5665 0.3216
vt 0.1000 0.5154
vt 0.0000 0.0000
vt 0.4316 0.0000
vt 0.4270 0.3547
vt 0.0261 0.4159
vt 0.0000 0.0000
vt 0.3944 0.0000
vt 0.1776 0.4535
vt -0.1705 0.2036
vt 0.0000 0.0000
vt 0.1738 -0.0000
vt 0.1308 0.2058
vt -0.0471 0.1468
vt 0.0000 0.0000
vt 0.2116 -0.0000
vt 0.1841 0.2116
vt 0.0026 0.2079
vt 0.0000 0.0000
vt 0.1541 -0.0000
vt 0.1661 0.1662
vt -0.0355 0.1065
vt 0.0000 0.0000
vt 0.1321 0.0000
vt 0.1875 0.1731
vt 0.0478 0.2051
vt 0.0000 0.0000
vt 0.1123 0.0000
vt 0.1554 0.1893
vt 0.0486 0.1668
vt 0.0000 0.0000
vt 0.1878 -0.0000
vt 0.2151 0.1450
vt -0.0000 0.1683
vt 0.0000 0.0000
vt 0.1791 0.0000
vt 0.1767 0.1328
vt 0.0420 0.1512
vt 0.0000 0.0000
vt 0.1286 0.0000
vt 0.1167 0.1746
vt -0.0270 0.1397
vt 0.0000 0.0000
vt 0.1569 -0.0000
vt 0.1437 0.0865
vt 0.0230 0.1109
vt 0.0000 0.0000
vt 0.0847 0.0000
vt 0.1001 0.1520
vt 0.0208 0.1347
vt 0.0000 0.0000
vt 0.1132 -0.0000
vt 0.1299 0.1402
vt 0.0530 0.1711
vt 0.0000 0.0000
vt 0.1394 0.0000
vt 0.1853 0.0725
vt 0.0055 0.0949
vt 0.0000 0.0000
vt 0.1987 0.0000
vt 0.2277 0.1421
vt 0.0075 0.1674
vt 0.0000 0.0000
vt 0.1958 -0.0000
vt 0.2193 0.2167
vt 0.0395 0.2091
vt 0.0000 0.0000
vt 0.1676 0.0000
vt 0.1751 0.1265
vt -0.0189 0.1089
vt 0.0000 0.0000
vt 0.0867 -0.0000
vt 0.1253 0.1787
vt -0.0144 0.1445
vt 0.0000 0.0000
vt 0.1105 0.0000
vt 0.0659 0.2079
vt -0.0197 0.1977
vt 0.0000 0.0000
vt 0.2217 0.0000
vt 0.2230 0.1428
vt 0.0038 0.1282
vt 0.0000 0.0000
vt 0.1166 -0.0000
vt 0.1333 0.0795
vt 0.0225 0.0976
vt 0.0000 0.0000
vt 0.1070 -0.0000
vt 0.1309 0.0842
vt 0.0386 0.1215
vt 0.0000 0.0000
vt 0.1002 0.0000
vt 0.0962 0.0933
vt -0.0075 0.0732
vt 0.0000 0.0000
vt 0.0669 -0.0000
vt 0.0620 0.0956
vt -0.0266 0.0774
vt 0.0000 0.0000
vt 0.0736 0.0000
vt 0.0703 0.1271
vt 0.0051 0.1165
vt 0.0000 0.0000
vt 0.1128 0.0000
vt 0.1015 0.0936
vt 0.0141 0.0938
vt 0.0000 0.0000
vt 0.2332 0.0000
vt 0.2186 0.1148
vt 0.0575 0.1237
vt 0.0000 0.0000
vt 0.1327 0.0000
vt 0.1541 0.1725
vt 0.0223 0.1727
vt 0.0000 0.0000
vt 0.1364 -0.0000
vt 0.1512 0.1422
vt 0.0214 0.1346
vt 0.0000 0.0000
vt 0.1648 -0.0000
vt 0.1447 0.1260
vt 0.0202 0.1151
vt 0.0000 0.0000
vt 0.1363 0.0000
vt 0.1670 0.1700
vt 0.0162 0.2327
vt 0.0000 0.0000
vt 0.1623 0.0000
vt 0.1699 0.1299
vt -0.0040 0.1453
vt 0.0000 0.0000
vt 0.3949 0.0000
vt 0.2706 0.3846
vt -0.0770 0.3022
vt 0.0000 0.0000
vt 0.3045 0.0000
vt 0.3364 0.3121
vt -0.0315 0.3405
vt 0.0000 0.0000
vt 0.3119 0.0000
vt 0.2888 0.3157
vt 0.0164 0.4422
vt 0.0000 0.0000
vt 0.3062 -0.0000
vt 0.2987 0.3951
vt 0.0081 0.4044
vt 0.0000 0.0000
vt 0.4425 0.0000
vt 0.3877 0.3363
vt 0.0868 0.3852
vt 0.0000 0.0000
vt 0.3576 -0.0000
vt 0.4971 0.2775
vt 0.1362 0.2903
vt 0.0000 0.0000
vt 0.1463 -0.0000
vt 0.1256 0.2108
vt -0.0024 0.1989
vt 0.0000 0.0000
vt 0.1911 -0.0000
vt 0.2041 0.1252
vt 0.0423 0.1268
vt 0.0000 0.0000
vt 0.1989 -0.0000
vt 0.1687 0.1795
vt -0.0213 0.1588
vt 0.0000 0.0000
vt 0.1786 -0.0000
vt 0.2084 0.1588
vt 0.0402 0.2083
vt 0.0000 0.0000
vt 0.1603 -0.0000
vt 0.1635 0.1258
vt -0.0082 0.1461
vt 0.0000 0.0000
vt 0.1290 0.0000
vt 0.1285 0.1758
vt 0.0026 0.1820
vt 0.0000 0.0000
vt 0.2798 -0.0000
vt 0.2656 0.3633
vt -0.0424 0.2966
vt 0.0000 0.0000
vt 0.2519 0.0000
vt 0.2428 0.2929
vt -0.0046 0.3233
vt 0.0000 0.0000
vt 0.2996 0.0000
vt 0.3144 0.2279
vt 0.0707 0.2662
vt 0.0000 0.0000
vt 0.2491 0.0000
vt 0.2446 0.2487
vt 0.1258 0.3545
vt 0.0000 0.0000
vt 0.2754 0.0000
vt 0.1455 0.2940
vt -0.0990 0.2617
vt 0.0000 0.0000
vt 0.3297 0.0000
vt 0.3007 0.1269
vt 0.0424 0.2300
vt 0.0000 0.0000
vt 0.2395 -0.0000
vt 0.2734 0.2037
vt -0.0396 0.2166
vt 0.0000 0.0000
vt 0.1935 -0.0000
vt 0.1956 0.2513
vt -0.0422 0.2664
vt 0.0000 0.0000
vt 0.2202 -0.0000
vt 0.1767 0.1844
vt -0.0137 0.1503
vt 0.0000 0.0000
vt 0.1910 -0.0000
vt 0.2129 0.2140
vt 0.0108 0.2069
vt 0.0000 0.0000
vt 0.1509 0.0000
vt 0.1744 0.2685
vt -0.0140 0.2391
vt 0.0000 0.0000
vt 0.3136 -0.0000
vt 0.2441 0.2062
vt 0.0014 0.1895
vt 0.0000 0.0000
vt 0.4884 0.0000
vt 0.4236 0.4361
vt -0.0090 0.3357
vt 0.0000 0.0000
vt 0.5243 0.0000
vt 0.3417 0.4672
vt -0.0450 0.3567
vt 0.0000 0.0000
vt 0.3359 0.0000
vt 0.4249 0.3018
vt -0.0653 0.3805
vt 0.0000 0.0000
vt 0.4062 0.0000
vt 0.4357 0.4037
vt 0.0281 0.4402
vt 0.0000 0.0000
vt 0.3861 -0.0000
vt 0.3905 0.3495
vt 0.0181 0.4880
vt 0.0000 0.0000
vt 0.4443 -0.0000
vt 0.3367 0.3717
vt -0.1470 0.3253
vt 0.0000 0.0000
vt 0.1864 0.0000
vt 0.2236 0.1505
vt 0.0573 0.2032
vt 0.0000 0.0000
vt 0.1934 0.0000
vt 0.1773 0.1360
vt 0.0462 0.1849
vt 0.0000 0.0000
vt 0.2111 -0.0000
vt 0.1793 0.0990
vt -0.0134 0.0832
vt 0.0000 0.0000
vt 0.1342 -0.0000
vt 0.1446 0.1335
vt -0.0040 0.1563
vt 0.0000 0.0000
vt 0.0842 0.0000
vt 0.0912 0.1904
vt -0.0427 0.1815
vt 0.0000 0.0000
vt 0.1756 0.0000
vt 0.1275 0.1506
vt -0.0041 0.1039
vt 0.0000 0.0000
vt 0.0715 -0.0000
vt 0.0848 0.1017
vt -0.0035 0.0987
vt 0.0000 0.0000
vt 0.0849 0.0000
vt 0.1045 0.0747
vt 0.0018 0.0976
vt 0.0000 0.0000
vt 0.0988 -0.0000
vt 0.0977 0.0493
vt 0.0154 0.0681
vt 0.0000 0.0000
vt 0.0673 0.0000
vt 0.0513 0.1026
vt 0.0187 0.1008
vt 0.0000 0.0000
vt 0.0698 0.0000
vt 0.0593 0.0969
vt -0.0028 0.0714
vt 0.0000 0.0000
vt 0.0883 -0.0000
vt 0.0841 0.0358
vt 0.0084 0.0494
vt 0.0000 0.0000
vt 0.2355 -0.0000
vt 0.2753 0.2926
vt 0.0037 0.3425
vt 0.0000 0.0000
vt 0.3319 -0.0000
vt 0.2738 0.2526
vt -0.0110 0.2446
vt 0.0000 0.0000
vt 0.3425 -0.0000
vt 0.3545 0.2519
vt 0.0235 0.2302
vt 0.0000 0.0000
vt 0.3111 0.0000
vt 0.3799 0.2739
vt 0.0795 0.2926
vt 0.0000 0.0000
vt 0.2314 0.0000
vt 0.2856 0.2382
vt -0.0251 0.2342
vt 0.0000 0.0000
vt 0.2847 0.0000
vt 0.2764 0.3049
vt 0.0207 0.2516
vt 0.0000 0.0000
vt 0.1672 -0.0000
vt 0.1897 0.1521
vt 0.0086 0.1768
vt 0.0000 0.0000
vt 0.2095 -0.0000
vt 0.2122 0.1200
vt 0.0261 0.1282
vt 0.0000 0.0000
vt 0.1770 0.0000
vt 0.1481 0.1547
vt -0.0413 0.0720
vt 0.0000 0.0000
vt 0.0980 0.0000
vt 0.0593 0.1798
vt -0.0784 0.1323
vt 0.0000 0.0000
vt 0.0830 -0.0000
vt 0.0883 0.1307
vt -0.0027 0.1671
vt 0.0000 0.0000
vt 0.1828 -0.0000
vt 0.1595 0.1468
vt 0.0398 0.1562
vt 0.0000 0.0000
vt 0.1219 0.0000
vt 0.1393 0.1011
vt 0.0540 0.1503
vt 0.0000 0.0000
vt 0.0991 0.0000
vt 0.1106 0.1004
vt -0.0378 0.1040
vt 0.0000 0.0000
vt 0.1597 -0.0000
vt 0.1213 0.0929
vt 0.0264 0.0733
vt 0.0000 0.0000
vt 0.1228 0.0000
vt 0.0765 0.1444
vt -0.0319 0.0975
vt 0.0000 0.0000
vt 0.0779 0.0000
vt 0.1073 0.0821
vt 0.0128 0.1212
vt 0.0000 0.0000
vt 0.0985 -0.0000
vt 0.0761 0.1037
vt -0.0159 0.1015
vt 0.0000 0.0000
vt 0.2945 0.0000
vt 0.2885 0.1902
vt 0.0824 0.2528
vt 0.0000 0.0000
vt 0.2718 -0.0000
vt 0.2588 0.2643
vt 0.0890 0.2588
vt 0.0000 0.0000
vt 0.2659 0.0000
vt 0.2372 0.1715
vt -0.0341 0.1559
vt 0.0000 0.0000
vt 0.1309 0.0000
vt 0.1417 0.1601
vt -0.0032 0.1928
vt 0.0000 0.0000
vt 0.1596 -0.0000
vt 0.0991 0.2669
vt -0.0292 0.2930
vt 0.0000 0.0000
vt 0.2176 0.0000
vt 0.2860 0.1506
vt 0.0181 0.1729
vt 0.0000 0.0000
vt 0.2504 0.0000
vt 0.2522 0.1808
vt 0.0217 0.2064
vt 0.0000 0.0000
vt 0.1771 0.0000
vt 0.1829 0.2116
vt -0.0289 0.2191
vt 0.0000 0.0000
vt 0.2076 0.0000
vt 0.2074 0.0818
vt 0.0362 0.1263
vt 0.0000 0.0000
vt 0.0873 0.0000
vt 0.0788 0.2215
vt -0.0192 0.1798
vt 0.0000 0.0000
vt 0.1314 0.0000
vt 0.1302 0.2189
vt 0.0526 0.2448
vt 0.0000 0.0000
vt 0.2319 0.0000
vt 0.2256 0.1017
vt 0.0072 0.0819
vt 0.0000 0.0000
vt 0.2756 0.0000
vt 0.3154 0.2939
vt -0.0204 0.3456
vt 0.0000 0.0000
vt 0.2604 -0.0000
vt 0.2926 0.2877
vt -0.0335 0.3522
vt 0.0000 0.0000
vt 0.3462 -0.0000
vt 0.3404 0.1754
vt 0.1071 0.2804
vt 0.0000 0.0000
vt 0.2885 0.0000
vt 0.2121 0.3249
vt 0.0350 0.2964
vt 0.0000 0.0000
vt 0.3002 0.0000
vt 0.2178 0.3287
vt -0.0462 0.2717
vt 0.0000 0.0000
vt 0.3414 -0.0000
vt 0.3302 0.1799
vt 0.0385 0.1779
vt 0.0000 0.0000
vt 0.2493 -0.0000
vt 0.2848 0.2081
vt 0.0224 0.2379
vt 0.0000 0.0000
vt 0.2190 0.0000
vt 0.1587 0.2960
vt -0.0740 0.2247
vt 0.0000 0.0000
vt 0.2389 0.0000
vt 0.1916 0.2449
vt -0.0084 0.2575
vt 0.0000 0.0000
vt 0.2395 0.0000
vt 0.2476 0.2412
vt 0.0651 0.2131
vt 0.0000 0.0000
vt 0.2577 0.0000
vt 0.2698 0.2362
vt 0.0306 0.2475
vt 0.0000 0.0000
vt 0.2736 0.0000
vt 0.2975 0.1787
vt 0.0124 0.2643
vt 0.0000 0.0000
vt 0.1028 0.0000
vt 0.1067 0.0839
vt 0.0006 0.0890
vt 0.0000 0.0000
vt 0.1093 0.0000
vt 0.1039 0.1254
vt 0.0012 0.1207
vt 0.0000 0.0000
vt 0.0890 0.0000
vt 0.1059 0.0612
vt -0.0032 0.0560
vt 0.0000 0.0000
vt 0.0723 0.0000
vt 0.0423 0.1046
vt -0.0072 0.0840
vt 0.0000 0.0000
vt 0.0561 0.0000
vt 0.0506 0.1205
vt -0.0189 0.1011
vt 0.0000 0.0000
vt 0.1065 -0.0000
vt 0.1122 0.0531
vt -0.0179 0.0609
vt 0.0000 0.0000
vt 0.2978 0.0000
vt 0.2412 0.2709
vt -0.0203 0.2914
vt 0.0000 0.0000
vt 0.2669 0.0000
vt 0.2292 0.3221
vt 0.0118 0.2930
vt 0.0000 0.0000
vt 0.2921 -0.0000
vt 0.2318 0.3021
vt -0.0269 0.2375
vt 0.0000 0.0000
vt 0.2109 0.0000
vt 0.2797 0.2031
vt 0.0853 0.2676
vt 0.0000 0.0000
vt 0.2390 0.0000
vt 0.2043 0.2868
vt -0.0002 0.2978
vt 0.0000 0.0000
vt 0.2666 -0.0000
vt 0.3523 0.1912
vt 0.0487 0.3044
vt 0.0000 0.0000
vt 0.3207 0.0000
vt 0.2998 0.2542
vt 0.0338 0.2252
vt 0.0000 0.0000
vt 0.2124 0.0000
vt 0.1923 0.3137
vt -0.0747 0.2837
vt 0.0000 0.0000
vt 0.2277 -0.0000
vt 0.2136 0.1304
vt 0.0185 0.1579
vt 0.0000 0.0000
vt 0.1733 0.0000
vt 0.1871 0.2681
vt 0.0447 0.2522
vt 0.0000 0.0000
vt 0.1590 0.0000
vt 0.2077 0.2893
vt 0.0370 0.3186
vt 0.0000 0.0000
vt 0.2685 0.0000
vt 0.2578 0.1416
vt -0.0558 0.1429
vt 0.0000 0.0000
vt 0.1467 -0.0000
vt 0.1410 0.1321
vt 0.0337 0.1462
vt 0.0000 0.0000
vt 0.1163 -0.0000
vt 0.1073 0.1796
vt -0.0498 0.1792
vt 0.0000 0.0000
vt 0.1500 0.0000
vt 0.1296 0.1063
vt 0.0158 0.1028
vt 0.0000 0.0000
vt 0.1250 0.0000
vt 0.0780 0.1497
vt 0.0099 0.1381
vt 0.0000 0.0000
vt 0.1040 0.0000
vt 0.0563 0.1702
vt -0.0498 0.1380
vt 0.0000 0.0000
vt 0.1157 0.0000
vt 0.1452 0.0629
vt -0.0292 0.1069
vt 0.0000 0.0000
vt 0.3953 -0.0000
vt 0.4355 0.2110
vt 0.0735 0.2716
vt 0.0000 0.0000
vt 0.2505 -0.0000
vt 0.3091 0.3400
vt 0.0208 0.3546
vt 0.0000 0.0000
vt 0.2814 0.0000
vt 0.2802 0.0936
vt 0.0335 0.1273
vt 0.0000 0.0000
vt 0.1706 -0.0000
vt 0.1741 0.2906
vt -0.0315 0.2147
vt 0.0000 0.0000
vt 0.1316 0.0000
vt 0.2018 0.3464
vt 0.0416 0.3931
vt 0.0000 0.0000
vt 0.3683 -0.0000
vt 0.2934 0.1941
vt -0.0307 0.0925
vt 0.0000 0.0000
vt 0.1348 -0.0000
vt 0.0657 0.2064
vt -0.0415 0.1562
vt 0.0000 0.0000
vt 0.2122 0.0000
vt 0.1908 0.1068
vt 0.0164 0.1285
vt 0.0000 0.0000
vt 0.1617 -0.0000
vt 0.1660 0.1370
vt -0.0456 0.1204
vt 0.0000 0.0000
vt 0.1382 0.0000
vt 0.1323 0.1769
vt 0.0547 0.2160
vt 0.0000 0.0000
vt 0.1287 -0.0000
vt 0.1295 0.1194
vt 0.0016 0.1348
vt 0.0000 0.0000
vt 0.1276 -0.0000
vt 0.1342 0.0791
vt 0.0424 0.1304
vt 0.0000 0.0000
vt 0.0995 0.0000
vt 0.0953 0.0955
vt 0.0096 0.0986
vt 0.0000 0.0000
vt 0.0764 0.0000
vt 0.0579 0.1167
vt -0.0338 0.0841
vt 0.0000 0.0000
vt 0.0991 -0.0000
vt 0.0948 0.0518
vt 0.0241 0.0574
vt 0.0000 0.0000
vt 0.0690 0.0000
vt 0.0730 0.1007
vt 0.0044 0.0960
vt 0.0000 0.0000
vt 0.0622 0.0000
vt 0.1076 0.0769
vt 0.0416 0.0904
vt 0.0000 0.0000
vt 0.0864 -0.0000
vt 0.1085 0.0635
vt -0.0115 0.0581
vt 0.0000 0.0000
vt 0.0990 0.0000
vt 0.1041 0.0773
vt 0.0173 0.0832
vt 0.0000 0.0000
vt 0.1005 0.0000
vt 0.1001 0.1120
vt -0.0170 0.1135
vt 0.0000 0.0000
vt 0.0850 0.0000
vt 0.1176 0.0470
vt 0.0235 0.0812
vt 0.0000 0.0000
vt 0.1001 0.0000
vt 0.0460 0.1050
vt -0.0131 0.0777
vt 0.0000 0.0000
vt 0.0845 -0.0000
vt 0.1074 0.1095
vt 0.0113 0.0983
vt 0.0000 0.0000
vt 0.0883 -0.0000
vt 0.1037 0.0633
vt -0.0093 0.0572
vt 0.0000 0.0000
vt 0.1916 -0.0000
vt 0.1905 0.1637
vt 0.0100 0.1519
vt 0.0000 0.0000
vt 0.1612 0.0000
vt 0.1327 0.1692
vt 0.0284 0.1801
vt 0.0000 0.0000
vt 0.1522 0.0000
vt 0.1511 0.1402
vt -0.0071 0.1621
vt 0.0000 0.0000
vt 0.1239 0.0000
vt 0.1722 0.0985
vt 0.0227 0.1631
vt 0.0000 0.0000
vt 0.1622 0.0000
vt 0.1380 0.1770
vt 0.0203 0.1906
vt 0.0000 0.0000
vt 0.1818 0.0000
vt 0.1520 0.1586
vt -0.0201 0.1405
vt 0.0000 0.0000
vt 0.1844 0.0000
vt 0.1892 0.2184
vt -0.0571 0.2159
vt 0.0000 0.0000
vt 0.2914 0.0000
vt 0.2740 0.1650
vt 0.0508 0.2269
vt 0.0000 0.0000
vt 0.2233 -0.0000
vt 0.2814 0.1320
vt -0.0059 0.1716
vt 0.0000 0.0000
vt 0.1789 0.0000
vt 0.1989 0.2130
vt 0.0656 0.2103
vt 0.0000 0.0000
vt 0.1717 0.0000
vt 0.1426 0.2153
vt -0.0127 0.1839
vt 0.0000 0.0000
vt 0.2480 0.0000
vt 0.1554 0.1346
vt -0.0132 0.1463
vt 0.0000 0.0000
vt 0.0806 -0.0000
vt 0.0900 0.1013
vt 0.0047 0.1081
vt 0.0000 0.0000
vt 0.1017 0.0000
vt 0.1093 0.1014
vt 0.0029 0.0918
vt 0.0000 0.0000
vt 0.1082 -0.0000
vt 0.1233 0.0498
vt 0.0282 0.0855
vt 0.0000 0.0000
vt 0.0792 0.0000
vt 0.0761 0.1065
vt 0.0023 0.1051
vt 0.0000 0.0000
vt 0.0901 0.0000
vt 0.0829 0.0914
vt 0.0046 0.0805
vt 0.0000 0.0000
vt 0.0895 0.0000
vt 0.0908 0.0744
vt -0.0084 0.0516
vt 0.0000 0.0000
vt 0.2348 -0.0000
vt 0.2586 0.2873
vt 0.0101 0.2965
vt 0.0000 0.0000
vt 0.2906 -0.0000
vt 0.3078 0.2705
vt 0.0222 0.2647
vt 0.0000 0.0000
vt 0.2967 -0.0000
vt 0.2611 0.2161
vt -0.0238 0.1686
vt 0.0000 0.0000
vt 0.1696 0.0000
vt 0.2267 0.2773
vt 0.0432 0.2853
vt 0.0000 0.0000
vt 0.1703 0.0000
vt 0.1850 0.2625
vt 0.0222 0.2337
vt 0.0000 0.0000
vt 0.2489 0.0000
vt 0.2667 0.1826
vt 0.0013 0.2213
vt 0.0000 0.0000
vt 0.1543 0.0000
vt 0.1765 0.1538
vt 0.0782 0.1826
vt 0.0000 0.0000
vt 0.2149 0.0000
vt 0.1303 0.1314
vt -0.0055 0.1219
vt 0.0000 0.0000
vt 0.1986 0.0000
vt 0.2128 0.0876
vt 0.0136 0.1297
vt 0.0000 0.0000
vt 0.1057 0.0000
vt 0.0875 0.1347
vt -0.0543 0.1496
vt 0.0000 0.0000
vt 0.1305 -0.0000
vt 0.1658 0.1163
vt 0.0635 0.1407
vt 0.0000 0.0000
vt 0.1081 0.0000
vt 0.0839 0.1299
vt -0.0587 0.0958
vt 0.0000 0.0000
vt 0.2243 0.0000
vt 0.2866 0.1555
vt 0.0495 0.2453
vt 0.0000 0.0000
vt 0.2091 0.0000
vt 0.2361 0.2119
vt 0.0025 0.2482
vt 0.0000 0.0000
vt 0.2502 0.0000
vt 0.2265 0.1610
vt 0.0209 0.1562
vt 0.0000 0.0000
vt 0.1603 -0.0000
vt 0.1077 0.2289
vt -0.0411 0.1647
vt 0.0000 0.0000
vt 0.1576 -0.0000
vt 0.0947 0.2247
vt -0.0413 0.2205
vt 0.0000 0.0000
vt 0.2550 0.0000
vt 0.2372 0.1639
vt 0.0231 0.1654
vt 0.0000 0.0000
vt 0.4340 0.0000
vt 0.4614 0.3165
vt 0.0972 0.4389
vt 0.0000 0.0000
vt 0.2713 0.0000
vt 0.2516 0.4004
vt -0.0647 0.3565
vt 0.0000 0.0000
vt 0.4495 0.0000
vt 0.3528 0.2306
vt 0.0855 0.2437
vt 0.0000 0.0000
vt 0.2445 0.0000
vt 0.2449 0.3182
vt -0.0289 0.3168
vt 0.0000 0.0000
vt 0.2582 0.0000
vt 0.3411 0.3436
vt 0.1217 0.4166
vt 0.0000 0.0000
vt 0.3845 0.0000
vt 0.3981 0.2568
vt 0.0094 0.2538
vt 0.0000 0.0000
vt 0.2098 -0.0000
vt 0.1117 0.2871
vt -0.0963 0.2561
vt 0.0000 0.0000
vt 0.2904 0.0000
vt 0.3422 0.2304
vt 0.0245 0.2285
vt 0.0000 0.0000
vt 0.2736 0.0000
vt 0.2380 0.1865
vt -0.0483 0.2330
vt 0.0000 0.0000
vt 0.2145 -0.0000
vt 0.1682 0.3187
vt -0.0397 0.3157
vt 0.0000 0.0000
vt 0.2379 0.0000
vt 0.2099 0.2117
vt 0.0128 0.2094
vt 0.0000 0.0000
vt 0.2311 -0.0000
vt 0.1666 0.1814
vt -0.0622 0.1797
vt 0.0000 0.0000
vt 0.1881 -0.0000
vt 0.2230 0.2261
vt -0.0235 0.2301
vt 0.0000 0.0000
vt 0.2483 0.0000
vt 0.2246 0.2093
vt 0.0185 0.2252
vt 0.0000 0.0000
vt 0.2313 -0.0000
vt 0.2288 0.0809
vt -0.0173 0.0853
vt 0.0000 0.0000
vt 0.1470 0.0000
vt 0.0979 0.2023
vt -0.0159 0.2282
vt 0.0000 0.0000
vt 0.0870 0.0000
vt 0.0611 0.2227
vt -0.0743 0.1729
vt 0.0000 0.0000
vt 0.2465 0.0000
vt 0.2075 0.1113
vt -0.0039 0.0871
vt 0.0000 0.0000
vt 0.5155 0.0000
vt 0.4862 0.3894
vt -0.0213 0.3387
vt 0.0000 0.0000
vt 0.4921 -0.0000
vt 0.4497 0.3106
vt 0.0989 0.4000
vt 0.0000 0.0000
vt 0.3394 0.0000
vt 0.4616 0.2619
vt -0.0290 0.2925
vt 0.0000 0.0000
vt 0.3515 0.0000
vt 0.4027 0.3519
vt 0.0461 0.3928
vt 0.0000 0.0000
vt 0.2939 0.0000
vt 0.4208 0.3733
vt 0.1165 0.5022
vt 0.0000 0.0000
vt 0.5139 0.0000
vt 0.3538 0.3184
vt 0.0526 0.2850
vt 0.0000 0.0000
vt 0.2239 0.0000
vt 0.2313 0.1933
vt -0.0342 0.2225
vt 0.0000 0.0000
vt 0.2551 0.0000
vt 0.2487 0.2376
vt 0.0682 0.2365
vt 0.0000 0.0000
vt 0.2251 0.0000
vt 0.2014 0.1203
vt -0.0307 0.1199
vt 0.0000 0.0000
vt 0.1715 0.0000
vt 0.1791 0.1783
vt 0.0015 0.1985
vt 0.0000 0.0000
vt 0.1237 -0.0000
vt 0.0312 0.2251
vt -0.1307 0.1818
vt 0.0000 0.0000
vt 0.2707 0.0000
vt 0.2690 0.1774
vt 0.0347 0.1583
vt 0.0000 0.0000
vt 0.2174 -0.0000
vt 0.2071 0.1721
vt 0.0418 0.1705
vt 0.0000 0.0000
vt 0.1441 -0.0000
vt 0.0877 0.1905
vt -0.0559 0.1909
vt 0.0000 0.0000
vt 0.1756 -0.0000
vt 0.1686 0.1094
vt 0.0460 0.0998
vt 0.0000 0.0000
vt 0.1356 0.0000
vt 0.1422 0.1517
vt 0.0131 0.1741
vt 0.0000 0.0000
vt 0.1099 0.0000
vt 0.1928 0.1797
vt 0.0617 0.2084
vt 0.0000 0.0000
vt 0.1675 -0.0000
vt 0.1350 0.1287
vt -0.0703 0.1128
vt 0.0000 0.0000
vt 0.6093 -0.0000
vt 0.7225 0.4285
vt 0.1397 0.4654
vt 0.0000 0.0000
vt 0.5213 0.0000
vt 0.5861 0.3778
vt 0.1357 0.4579
vt 0.0000 0.0000
vt 0.4859 0.0000
vt 0.4628 0.5332
vt -0.0481 0.4303
vt 0.0000 0.0000
vt 0.4883 -0.0000
vt 0.5860 0.4506
vt 0.0292 0.4570
vt 0.0000 0.0000
vt 0.4330 0.0000
vt 0.3629 0.4724
vt -0.1085 0.5995
vt 0.0000 0.0000
vt 0.5952 -0.0000
vt 0.4230 0.5297
vt 0.0351 0.5328
vt 0.0000 0.0000
vt 0.1678 0.0000
vt 0.1771 0.1599
vt 0.0213 0.1627
vt 0.0000 0.0000
vt 0.1624 0.0000
vt 0.2119 0.1763
vt 0.0301 0.1955
vt 0.0000 0.0000
vt 0.1641 0.0000
vt 0.1608 0.1758
vt -0.0011 0.1832
vt 0.0000 0.0000
vt 0.1551 -0.0000
vt 0.1403 0.1834
vt 0.0137 0.1596
vt 0.0000 0.0000
vt 0.1832 0.0000
vt 0.1837 0.1972
vt 0.0329 0.1645
vt 0.0000 0.0000
vt 0.1559 0.0000
vt 0.1950 0.1173
vt 0.0237 0.1744
vt 0.0000 0.0000
vt 0.0906 0.0000
vt 0.1194 0.0623
vt 0.0152 0.0959
vt 0.0000 0.0000
vt 0.0793 0.0000
vt 0.0682 0.0949
vt -0.0084 0.1076
vt 0.0000 0.0000
vt 0.0970 0.0000
vt 0.0944 0.0435
vt 0.0155 0.0356
vt 0.0000 0.0000
vt 0.0540 -0.0000
vt 0.0469 0.0705
vt 0.0051 0.0698
vt 0.0000 0.0000
vt 0.0389 0.0000
vt 0.0246 0.1022
vt -0.0169 0.0890
vt 0.0000 0.0000
vt 0.1103 0.0000
vt 0.0910 0.0487
vt -0.0045 0.0434
vt 0.0000 0.0000
vt 0.2314 0.0000
vt 0.2344 0.1515
vt 0.0144 0.1690
vt 0.0000 0.0000
vt 0.2116 0.0000
vt 0.2201 0.2205
vt 0.0390 0.2351
vt 0.0000 0.0000
vt 0.1696 0.0000
vt 0.2042 0.0911
vt -0.0072 0.0920
vt 0.0000 0.0000
vt 0.1045 0.0000
vt 0.1232 0.1812
vt 0.0302 0.1506
vt 0.0000 0.0000
vt 0.0923 0.0000
vt 0.0793 0.2377
vt -0.0243 0.2301
vt 0.0000 0.0000
vt 0.2222 0.0000
vt 0.2307 0.0976
vt 0.0097 0.0973
vt 0.0000 0.0000
vt 0.1684 -0.0000
vt 0.1575 0.1784
vt -0.0454 0.1803
vt 0.0000 0.0000
vt 0.1754 0.0000
vt 0.1801 0.2247
vt 0.0099 0.2077
vt 0.0000 0.0000
vt 0.1859 0.0000
vt 0.1301 0.1087
vt -0.0326 0.0588
vt 0.0000 0.0000
vt 0.0731 -0.0000
vt 0.1122 0.1669
vt -0.0076 0.1786
vt 0.0000 0.0000
vt 0.0672 0.0000
vt 0.0084 0.1956
vt -0.0440 0.1625
vt 0.0000 0.0000
vt 0.2029 0.0000
vt 0.2273 0.1126
vt 0.0055 0.1292
vt 0.0000 0.0000
vt 0.1023 0.0000
vt 0.0944 0.0787
vt 0.0008 0.0841
vt 0.0000 0.0000
vt 0.0760 0.0000
vt 0.0954 0.0944
vt 0.0047 0.1023
vt 0.0000 0.0000
vt 0.0841 0.0000
vt 0.0715 0.0415
vt -0.0037 0.0303
vt 0.0000 0.0000
vt 0.0403 -0.0000
vt 0.0285 0.0908
vt -0.0175 0.0774
vt 0.0000 0.0000
vt 0.0305 -0.0000
vt 0.0633 0.0970
vt 0.0231 0.0996
vt 0.0000 0.0000
vt 0.0939 0.0000
vt 0.1029 0.0425
vt 0.0082 0.0426
vt 0.0000 0.0000
vt 0.1096 0.0000
vt 0.0669 0.2312
vt -0.0540 0.2218
vt 0.0000 0.0000
vt 0.1900 0.0000
vt 0.1664 0.1494
vt -0.0452 0.1729
vt 0.0000 0.0000
vt 0.2283 -0.0000
vt 0.2294 0.1648
vt 0.0419 0.1821
vt 0.0000 0.0000
vt 0.1605 -0.0000
vt 0.1532 0.2128
vt -0.0004 0.2352
vt 0.0000 0.0000
vt 0.1869 0.0000
vt 0.1067 0.1569
vt -0.0410 0.1016
vt 0.0000 0.0000
vt 0.1215 0.0000
vt 0.1269 0.1533
vt -0.0222 0.1653
vt 0.0000 0.0000
vt 0.1041 -0.0000
vt 0.1198 0.2261
vt -0.0454 0.2656
vt 0.0000 0.0000
vt 0.2218 0.0000
vt 0.2373 0.1592
vt 0.0444 0.1728
vt 0.0000 0.0000
vt 0.2695 0.0000
vt 0.2204 0.1018
vt 0.0003 0.1108
vt 0.0000 0.0000
vt 0.1843 0.0000
vt 0.2392 0.1815
vt 0.0418 0.2229
vt 0.0000 0.0000
vt 0.1108 0.0000
vt 0.1040 0.1686
vt -0.0523 0.0900
vt 0.0000 0.0000
vt 0.1701 0.0000
vt 0.1060 0.1731
vt -0.0131 0.1150
vt 0.0000 0.0000
vt 0.1831 -0.0000
vt 0.3097 0.2060
vt 0.0678 0.2780
vt 0.0000 0.0000
vt 0.1884 0.0000
vt 0.1335 0.2831
vt -0.0491 0.2570
vt 0.0000 0.0000
vt 0.2861 -0.0000
vt 0.3111 0.1583
vt 0.1301 0.2099
vt 0.0000 0.0000
vt 0.2183 -0.0000
vt 0.2272 0.1839
vt 0.0199 0.2430
vt 0.0000 0.0000
vt 0.2470 0.0000
vt 0.1830 0.2350
vt -0.0062 0.1829
vt 0.0000 0.0000
vt 0.2544 0.0000
vt 0.2207 0.2099
vt -0.0587 0.1494
vt 0.0000 0.0000
vt 0.1766 -0.0000
vt 0.1192 0.2234
vt -0.0736 0.2112
vt 0.0000 0.0000
vt 0.2238 -0.0000
vt 0.1340 0.1870
vt -0.0872 0.1326
vt 0.0000 0.0000
vt 0.2237 0.0000
vt 0.2453 0.1320
vt 0.0237 0.1603
vt 0.0000 0.0000
vt 0.1360 0.0000
vt 0.1075 0.2260
vt -0.0749 0.2348
vt 0.0000 0.0000
vt 0.1620 0.0000
vt 0.1735 0.1568
vt 0.0401 0.1719
vt 0.0000 0.0000
vt 0.2119 0.0000
vt 0.1643 0.1734
vt -0.0360 0.1295
vt 0.0000 0.0000
vt 0.1888 0.0000
vt 0.1802 0.1644
vt 0.0036 0.1455
vt 0.0000 0.0000
vt 0.1287 0.0000
vt 0.1273 0.1632
vt -0.0223 0.1417
vt 0.0000 0.0000
vt 0.1456 0.0000
vt 0.1534 0.0903
vt 0.0281 0.1134
vt 0.0000 0.0000
vt 0.0991 0.0000
vt 0.0899 0.1528
vt -0.0102 0.1737
vt 0.0000 0.0000
vt 0.1168 0.0000
vt 0.1280 0.1430
vt 0.0382 0.1849
vt 0.0000 0.0000
vt 0.1863 0.0000
vt 0.1382 0.0902
vt -0.0269 0.0885
vt 0.0000 0.0000
vt 0.1791 0.0000
vt 0.2091 0.1835
vt 0.0318 0.2002
vt 0.0000 0.0000
vt 0.2139 -0.0000
vt 0.1671 0.1473
vt 0.0040 0.1488
vt 0.0000 0.0000
vt 0.2027 0.0000
vt 0.2545 0.0888
vt 0.0524 0.1582
vt 0.0000 0.0000
vt 0.1186 -0.0000
vt 0.1186 0.1662
vt 0.0149 0.1857
vt 0.0000 0.0000
vt 0.1667 0.0000
vt 0.1517 0.1471
vt 0.0377 0.1751
vt 0.0000 0.0000
vt 0.1784 -0.0000
vt 0.1688 0.0891
vt 0.0217 0.1009
vt 0.0000 0.0000
vt 0.2147 -0.0000
vt 0.2108 0.1971
vt -0.0186 0.2692
vt 0.0000 0.0000
vt 0.1978 -0.0000
vt 0.2782 0.3420
vt -0.0263 0.2917
vt 0.0000 0.0000
vt 0.2699 0.0000
vt 0.1521 0.2146
vt -0.0368 0.1800
vt 0.0000 0.0000
vt 0.2880 -0.0000
vt 0.2183 0.3043
vt 0.0216 0.2222
vt 0.0000 0.0000
vt 0.1837 0.0000
vt 0.0989 0.2803
vt -0.1564 0.1471
vt 0.0000 0.0000
vt 0.2623 0.0000
vt 0.3200 0.1668
vt -0.0032 0.2493
vt 0.0000 0.0000
vt 0.1766 -0.0000
vt 0.1903 0.1297
vt 0.0178 0.1313
vt 0.0000 0.0000
vt 0.1460 0.0000
vt 0.1456 0.1556
vt -0.0030 0.1437
vt 0.0000 0.0000
vt 0.1325 0.0000
vt 0.1822 0.0731
vt 0.0434 0.1180
vt 0.0000 0.0000
vt 0.0991 -0.0000
vt 0.1023 0.1492
vt 0.0141 0.1317
vt 0.0000 0.0000
vt 0.1257 0.0000
vt 0.1489 0.1417
vt 0.0535 0.1683
vt 0.0000 0.0000
vt 0.1740 0.0000
vt 0.1684 0.0894
vt 0.0129 0.0875
vt 0.0000 0.0000
vt 0.0600 0.0000
vt 0.0437 0.0909
vt -0.0130 0.0808
vt 0.0000 0.0000
vt 0.0706 -0.0000
vt 0.0881 0.0640
vt 0.0349 0.0834
vt 0.0000 0.0000
vt 0.0818 0.0000
vt 0.0898 0.0388
vt 0.0365 0.0834
vt 0.0000 0.0000
vt 0.0705 0.0000
vt 0.0866 0.0554
vt 0.0259 0.0988
vt 0.0000 0.0000
vt 0.0910 0.0000
vt 0.0590 0.0813
vt -0.0039 0.0599
vt 0.0000 0.0000
vt 0.0721 0.0000
vt 0.0467 0.0696
vt -0.0130 0.0396
vt 0.0000 0.0000
vt 0.1602 0.0000
vt 0.1399 0.2682
vt -0.0097 0.2413
vt 0.0000 0.0000
vt 0.2120 0.0000
vt 0.2346 0.1999
vt 0.0114 0.2407
vt 0.0000 0.0000
vt 0.2415 0.0000
vt 0.2425 0.1424
vt 0.0358 0.1674
vt 0.0000 0.0000
vt 0.1379 0.0000
vt 0.1458 0.2264
vt -0.0028 0.2690
vt 0.0000 0.0000
vt 0.1712 -0.0000
vt 0.0551 0.2092
vt -0.0643 0.1468
vt 0.0000 0.0000
vt 0.1520 0.0000
vt 0.1736 0.1459
vt -0.0217 0.1464
vt 0.0000 0.0000
vt 0.2097 -0.0000
vt 0.1745 0.1843
vt -0.0317 0.1540
vt 0.0000 0.0000
vt 0.1778 0.0000
vt 0.1887 0.2152
vt -0.0264 0.2188
vt 0.0000 0.0000
vt 0.1572 -0.0000
vt 0.1832 0.1787
vt 0.0120 0.1319
vt 0.0000 0.0000
vt 0.1919 0.0000
vt 0.1877 0.2244
vt -0.0095 0.1878
vt 0.0000 0.0000
vt 0.1324 0.0000
vt 0.1729 0.2162
vt -0.0184 0.2089
vt 0.0000 0.0000
vt 0.2087 -0.0000
vt 0.2098 0.2016
vt -0.0150 0.1802
vt 0.0000 0.0000
vt 0.3972 -0.0000
vt 0.3483 0.3634
vt -0.1028 0.3667
vt 0.0000 0.0000
vt 0.4118 0.0000
vt 0.3975 0.3536
vt 0.0201 0.5019
vt 0.0000 0.0000
vt 0.3808 0.0000
vt 0.4452 0.2762
vt 0.0479 0.3763
vt 0.0000 0.0000
vt 0.3760 -0.0000
vt 0.4568 0.3781
vt 0.0664 0.3616
vt 0.0000 0.0000
vt 0.3793 0.0000
vt 0.2472 0.4788
vt -0.1084 0.3821
vt 0.0000 0.0000
vt 0.4519 0.0000
vt 0.2840 0.3788
vt -0.0616 0.2800
vt 0.0000 0.0000
vt 0.1107 0.0000
vt 0.1230 0.0890
vt 0.0065 0.0895
vt 0.0000 0.0000
vt 0.0943 0.0000
vt 0.0986 0.1043
vt 0.0072 0.1186
vt 0.0000 0.0000
vt 0.0897 -0.0000
vt 0.0875 0.0511
vt -0.0064 0.0580
vt 0.0000 0.0000
vt 0.0457 -0.0000
vt 0.0623 0.0914
vt 0.0042 0.0898
vt 0.0000 0.0000
vt 0.0584 0.0000
vt 0.0527 0.1186
vt 0.0079 0.1105
vt 0.0000 0.0000
vt 0.1165 0.0000
vt 0.1078 0.0631
vt 0.0005 0.0515
vt 0.0000 0.0000
vt 0.5584 0.0000
vt 0.5623 0.5614
vt 0.0003 0.5823
vt 0.0000 0.0000
vt 0.5284 0.0000
vt 0.6011 0.6573
vt 0.0140 0.5475
vt 0.0000 0.0000
vt 0.5823 0.0000
vt 0.5243 0.3029
vt -0.0031 0.2737
vt 0.0000 0.0000
vt 0.2806 -0.0000
vt 0.2639 0.5861
vt 0.0605 0.5627
vt 0.0000 0.0000
vt 0.2737 0.0000
vt 0.2665 0.5476
vt -0.0139 0.5582
vt 0.0000 0.0000
vt 0.5669 0.0000
vt 0.6975 0.1882
vt 0.0485 0.3050
vt 0.0000 0.0000
vt 0.3027 0.0000
vt 0.2452 0.2410
vt -0.0074 0.2287
vt 0.0000 0.0000
vt 0.2511 0.0000
vt 0.3303 0.2723
vt 0.0484 0.3079
vt 0.0000 0.0000
vt 0.2288 0.0000
vt 0.2017 0.1773
vt -0.0490 0.1636
vt 0.0000 0.0000
vt 0.1563 0.0000
vt 0.1238 0.2841
vt -0.0413 0.2460
vt 0.0000 0.0000
vt 0.1708 0.0000
vt 0.2172 0.3050
vt 0.0677 0.2950
vt 0.0000 0.0000
vt 0.2546 -0.0000
vt 0.3019 0.1512
vt 0.0241 0.1778
vt 0.0000 0.0000
vt 0.1979 0.0000
vt 0.1979 0.0412
vt 0.0000 0.0412
vt 0.0000 0.0000
vt 0.1979 -0.0000
vt 0.1719 0.1116
vt 0.0000 0.0000
vt 0.1979 0.0000
vt 0.0260 0.1116
vt 0.0000 0.0000
vt 0.1300 0.0000
vt 0.1300 0.0412
vt 0.0000 0.0412
vt 0.0000 0.0000
vt 0.1300 0.0000
vt 0.0542 0.1009
vt 0.0000 0.0000
vt 0.1300 0.0000
vt 0.0758 0.1009
vt 0.0000 0.0000
vt 0.1236 0.0000
vt 0.1236 0.0412
vt 0.0000 0.0412
vt 0.0000 0.0000
vt 0.1236 0.0000
vt 0.0352 0.1212
vt 0.0000 0.0000
vt 0.1236 0.0000
vt 0.0885 0.1212
vt 0.0000 0.0000
vt 0.1147 0.0000
vt 0.1147 0.0412
vt 0.0000 0.0412
vt 0.0000 0.0000
vt 0.1147 0.0000
vt 0.0602 0.1375
vt 0.0000 0.0000
vt 0.1147 -0.0000
vt 0.0546 0.1375
vt 0.0000 0.0000
vt 0.1709 0.0000
vt 0.1709 0.0412
vt 0.0000 0.0412
vt 0.0000 0.0000
vt 0.1709 0.0000
vt 0.1176 0.0898
vt 0.0000 0.0000
vt 0.1709 0.0000
vt 0.0533 0.0898
vt 0.0000 0.0000
vt 0.1484 0.0000
vt 0.1484 0.0412
vt 0.0000 0.0412
vt 0.0000 0.0000
vt 0.1484 0.0000
vt -0.0306 0.0998
vt 0.0000 0.0000
vt 0.1484 0.0000
vt 0.1790 0.0998
vt 0.0000 0.0000
vt 0.0747 0.0000
vt 0.0747 0.0530
vt 0.0000 0.0530
vt 0.0000 0.0000
vt 0.0747 0.0000
vt 0.0448 0.1113
vt 0.0000 0.0000
vt 0.0747 -0.0000
vt 0.0299 0.1113
vt 0.0000 0.0000
vt 0.0590 0.0000
vt 0.0590 0.0530
vt 0.0000 0.0530
vt 0.0000 0.0000
vt 0.0590 0.0000
vt 0.0354 0.1097
vt 0.0000 0.0000
vt 0.0590 0.0000
vt 0.0236 0.1097
vt 0.0000 0.0000
vt 0.1171 0.0000
vt 0.1171 0.0530
vt 0.0000 0.0530
vt 0.0000 0.0000
vt 0.1171 0.0000
vt 0.0746 0.0838
vt 0.0000 0.0000
vt 0.1171 0.0000
vt 0.0425 0.0838
vt 0.0000 0.0000
vt 0.0638 0.0000
vt 0.0638 0.0530
vt 0.0000 0.0530
vt 0.0000 0.0000
vt 0.0638 0.0000
vt 0.0122 0.0931
vt 0.0000 0.0000
vt 0.0638 0.0000
vt 0.0515 0.0931
vt 0.0000 0.0000
vt 0.0693 0.0000
vt 0.0693 0.0530
vt 0.0000 0.0530
vt 0.0000 0.0000
vt 0.0693 0.0000
vt 0.0498 0.0941
vt 0.0000 0.0000
vt 0.0693 -0.0000
vt 0.0196 0.0941
vt 0.0000 0.0000
vt 0.0563 0.0000
vt 0.0563 0.0530
vt 0.0000 0.0530
vt 0.0000 0.0000
vt 0.0563 0.0000
vt -0.0682 0.0677
vt 0.0000 0.0000
vt 0.0563 0.0000
vt 0.1246 0.0677
vt 0.0000 0.0000
vt 0.1271 0.0000
vt 0.1271 0.0530
vt 0.0000 0.0530
vt 0.0000 0.0000
vt 0.1271 -0.0000
vt 0.1179 0.0787
vt 0.0000 0.0000
vt 0.1271 0.0000
vt 0.0092 0.0787
vt 0.0000 0.0000
vt 0.0933 0.0000
vt 0.0933 0.0530
vt 0.0000 0.0530
vt 0.0000 0.0000
vt 0.0933 0.0000
vt -0.0095 0.0787
vt 0.0000 0.0000
vt 0.0933 -0.0000
vt 0.1027 0.0787
vt 0.0000 0.0000
vt 0.0515 0.0000
vt 0.0515 0.0530
vt 0.0000 0.0530
vt 0.0000 0.0000
vt 0.0515 -0.0000
vt 0.0486 0.1199
vt 0.0000 0.0000
vt 0.0515 0.0000
vt 0.0029 0.1199
vt 0.0000 0.0000
vt 0.1778 0.0000
vt 0.1778 0.0441
vt 0.0000 0.0441
vt 0.0000 0.0000
vt 0.1778 0.0000
vt 0.0570 0.1643
vt 0.0000 0.0000
vt 0.1778 -0.0000
vt 0.1209 0.1643
vt 0.0000 0.0000
vt 0.2346 0.0000
vt 0.2346 0.0441
vt 0.0000 0.0441
vt 0.0000 0.0000
vt 0.2346 -0.0000
vt 0.1617 0.1243
vt 0.0000 0.0000
vt 0.2346 0.0000
vt 0.0729 0.1243
vt 0.0000 0.0000
vt 0.1433 0.0000
vt 0.1433 0.0441
vt 0.0000 0.0441
vt 0.0000 0.0000
vt 0.1433 0.0000
vt -0.0274 0.1415
vt 0.0000 0.0000
vt 0.1433 -0.0000
vt 0.1708 0.1415
vt 0.0000 0.0000
vt 0.2067 0.0000
vt 0.2067 0.0441
vt 0.0000 0.0441
vt 0.0000 0.0000
vt 0.2067 0.0000
vt 0.1418 0.1705
vt 0.0000 0.0000
vt 0.2067 -0.0000
vt 0.0650 0.1705
vt 0.0000 0.0000
vt 0.2138 0.0000
vt 0.2138 0.0441
vt 0.0000 0.0441
vt 0.0000 0.0000
vt 0.2138 0.0000
vt 0.0819 0.1631
vt 0.0000 0.0000
vt 0.2138 0.0000
vt 0.1319 0.1631
vt 0.0000 0.0000
vt 0.1832 0.0000
vt 0.1832 0.0441
vt 0.0000 0.0441
vt 0.0000 0.0000
vt 0.1832 0.0000
vt 0.1292 0.1653
vt 0.0000 0.0000
vt 0.1832 0.0000
vt 0.0541 0.1653
vt 0.0000 0.0000
vt 0.1196 0.0000
vt 0.1196 0.0410
vt 0.0000 0.0410
vt 0.0000 0.0000
vt 0.1196 0.0000
vt 0.0910 0.1098
vt 0.0000 0.0000
vt 0.1196 0.0000
vt 0.0286 0.1098
vt 0.0000 0.0000
vt 0.1295 0.0000
vt 0.1295 0.0410
vt 0.0000 0.0410
vt 0.0000 0.0000
vt 0.1295 0.0000
vt 0.0111 0.1129
vt 0.0000 0.0000
vt 0.1295 0.0000
vt 0.1184 0.1129
vt 0.0000 0.0000
vt 0.1647 0.0000
vt 0.1647 0.0410
vt 0.0000 0.0410
vt 0.0000 0.0000
vt 0.1647 0.0000
vt 0.0988 0.1304
vt 0.0000 0.0000
vt 0.1647 0.0000
vt 0.0659 0.1304
vt 0.0000 0.0000
vt 0.1280 0.0000
vt 0.1280 0.0410
vt 0.0000 0.0410
vt 0.0000 0.0000
vt 0.1280 0.0000
vt 0.0207 0.1446
vt 0.0000 0.0000
vt 0.1280 0.0000
vt 0.1073 0.1446
vt 0.0000 0.0000
vt 0.1384 0.0000
vt 0.1384 0.0410
vt 0.0000 0.0410
vt 0.0000 0.0000
vt 0.1384 0.0000
vt 0.1208 0.1336
vt 0.0000 0.0000
vt 0.1384 -0.0000
vt 0.0176 0.1336
vt 0.0000 0.0000
vt 0.1247 0.0000
vt 0.1247 0.0410
vt 0.0000 0.0410
vt 0.0000 0.0000
vt 0.1247 -0.0000
vt 0.0384 0.1292
vt 0.0000 0.0000
vt 0.1247 0.0000
vt 0.0864 0.1292
vt 0.0000 0.0000
vt 0.1151 0.0000
vt 0.1151 0.0410
vt 0.0000 0.0410
vt 0.0000 0.0000
vt 0.1151 -0.0000
vt 0.0741 0.1366
vt 0.0000 0.0000
vt 0.1151 0.0000
vt 0.0410 0.1366
vt 0.0000 0.0000
vt 0.1578 0.0000
vt 0.1578 0.0461
vt 0.0000 0.0461
vt 0.0000 0.0000
vt 0.1578 0.0000
vt 0.1725 0.1429
vt 0.0000 0.0000
vt 0.1578 0.0000
vt -0.0147 0.1429
vt 0.0000 0.0000
vt 0.1162 0.0000
vt 0.1162 0.0461
vt 0.0000 0.0461
vt 0.0000 0.0000
vt 0.1162 0.0000
vt 0.0661 0.1276
vt 0.0000 0.0000
vt 0.1162 0.0000
vt 0.0501 0.1276
vt 0.0000 0.0000
vt 0.1331 0.0000
vt 0.1331 0.0461
vt 0.0000 0.0461
vt 0.0000 0.0000
vt 0.1331 0.0000
vt 0.0352 0.1325
vt 0.0000 0.0000
vt 0.1331 0.0000
vt 0.0979 0.1325
vt 0.0000 0.0000
vt 0.0996 0.0000
vt 0.0996 0.0461
vt 0.0000 0.0461
vt 0.0000 0.0000
vt 0.0996 -0.0000
vt 0.0383 0.1603
vt 0.0000 0.0000
vt 0.0996 0.0000
vt 0.0613 0.1603
vt 0.0000 0.0000
vt 0.0679 0.0000
vt 0.0679 0.0461
vt 0.0000 0.0461
vt 0.0000 0.0000
vt 0.0679 0.0000
vt 0.0929 0.1443
vt 0.0000 0.0000
vt 0.0679 0.0000
vt -0.0250 0.1443
vt 0.0000 0.0000
vt 0.1782 0.0000
vt 0.1782 0.0461
vt 0.0000 0.0461
vt 0.0000 0.0000
vt 0.1782 -0.0000
vt 0.0700 0.1286
vt 0.0000 0.0000
vt 0.1782 0.0000
vt 0.1081 0.1286
vt 0.0000 0.0000
vt 0.1161 0.0000
vt 0.1161 0.0461
vt 0.0000 0.0461
vt 0.0000 0.0000
vt 0.1161 0.0000
vt 0.0491 0.1607
vt 0.0000 0.0000
vt 0.1161 0.0000
vt 0.0670 0.1607
vt 0.0000 0.0000
vt 0.1735 0.0000
vt 0.1735 0.0461
vt 0.0000 0.0461
vt 0.0000 0.0000
vt 0.1735 0.0000
vt 0.0294 0.1716
vt 0.0000 0.0000
vt 0.1735 0.0000
vt 0.1441 0.1716
vt 0.0000 0.0000
vt 0.1687 0.0000
vt 0.1687 0.0320
vt 0.0000 0.0320
vt 0.0000 0.0000
vt 0.1687 0.0000
vt 0.2174 0.1792
vt 0.0000 0.0000
vt 0.1687 0.0000
vt -0.0487 0.1792
vt 0.0000 0.0000
vt 0.1382 0.0000
vt 0.1382 0.0320
vt 0.0000 0.0320
vt 0.0000 0.0000
vt 0.1382 0.0000
vt 0.1278 0.1347
vt 0.0000 0.0000
vt 0.1382 -0.0000
vt 0.0104 0.1347
vt 0.0000 0.0000
vt 0.1597 0.0000
vt 0.1597 0.0320
vt 0.0000 0.0320
vt 0.0000 0.0000
vt 0.1597 0.0000
vt 0.0419 0.1285
vt 0.0000 0.0000
vt 0.1597 0.0000
vt 0.1177 0.1285
vt 0.0000 0.0000
vt 0.1535 0.0000
vt 0.1535 0.0320
vt 0.0000 0.0320
vt 0.0000 0.0000
vt 0.1535 0.0000
vt 0.0170 0.1734
vt 0.0000 0.0000
vt 0.1535 0.0000
vt 0.1365 0.1734
vt 0.0000 0.0000
vt 0.0886 0.0000
vt 0.0886 0.0320
vt 0.0000 0.0320
vt 0.0000 0.0000
vt 0.0886 0.0000
vt 0.1034 0.1950
vt 0.0000 0.0000
vt 0.0886 0.0000
vt -0.0147 0.1950
vt 0.0000 0.0000
vt 0.1744 0.0000
vt 0.1744 0.0320
vt 0.0000 0.0320
vt 0.0000 0.0000
vt 0.1744 -0.0000
vt 0.1429 0.1335
vt 0.0000 0.0000
vt 0.1744 0.0000
vt 0.0315 0.1335
vt 0.0000 0.0000
vt 0.1903 0.0000
vt 0.1903 0.0320
vt 0.0000 0.0320
vt 0.0000 0.0000
vt 0.1903 0.0000
vt 0.0224 0.1353
vt 0.0000 0.0000
vt 0.1903 -0.0000
vt 0.1680 0.1353
vt 0.0000 0.0000
vt 0.1364 0.0000
vt 0.1364 0.0320
vt 0.0000 0.0320
vt 0.0000 0.0000
vt 0.1364 0.0000
vt -0.0522 0.2093
vt 0.0000 0.0000
vt 0.1364 0.0000
vt 0.1887 0.2093
vt 0.0000 0.0000
vt 0.0540 0.0000
vt 0.0540 0.0585
vt 0.0000 0.0585
vt 0.0000 0.0000
vt 0.0540 0.0000
vt 0.0439 0.1386
vt 0.0000 0.0000
vt 0.0540 0.0000
vt 0.0101 0.1386
vt 0.0000 0.0000
vt 0.0847 0.0000
vt 0.0847 0.0585
vt 0.0000 0.0585
vt 0.0000 0.0000
vt 0.0847 0.0000
vt 0.0563 0.1271
vt 0.0000 0.0000
vt 0.0847 0.0000
vt 0.0284 0.1271
vt 0.0000 0.0000
vt 0.1017 0.0000
vt 0.1017 0.0585
vt 0.0000 0.0585
vt 0.0000 0.0000
vt 0.1017 0.0000
vt 0.0979 0.0859
vt 0.0000 0.0000
vt 0.1017 0.0000
vt 0.0038 0.0859
vt 0.0000 0.0000
vt 0.0956 0.0000
vt 0.0956 0.0585
vt 0.0000 0.0585
vt 0.0000 0.0000
vt 0.0956 0.0000
vt 0.0122 0.0851
vt 0.0000 0.0000
vt 0.0956 -0.0000
vt 0.0835 0.0851
vt 0.0000 0.0000
vt 0.0507 0.0000
vt 0.0507 0.0585
vt 0.0000 0.0585
vt 0.0000 0.0000
vt 0.0507 0.0000
vt 0.0855 0.0831
vt 0.0000 0.0000
vt 0.0507 0.0000
vt -0.0348 0.0831
vt 0.0000 0.0000
vt 0.0685 0.0000
vt 0.0685 0.0585
vt 0.0000 0.0585
vt 0.0000 0.0000
vt 0.0685 0.0000
vt -0.0210 0.0876
vt 0.0000 0.0000
vt 0.0685 0.0000
vt 0.0895 0.0876
vt 0.0000 0.0000
vt 0.1292 0.0000
vt 0.1292 0.0585
vt 0.0000 0.0585
vt 0.0000 0.0000
vt 0.1292 0.0000
vt 0.0665 0.1062
vt 0.0000 0.0000
vt 0.1292 0.0000
vt 0.0627 0.1062
vt 0.0000 0.0000
vt 0.0835 0.0000
vt 0.0835 0.0585
vt 0.0000 0.0585
vt 0.0000 0.0000
vt 0.0835 0.0000
vt 0.0083 0.1230
vt 0.0000 0.0000
vt 0.0835 0.0000
vt 0.0752 0.1230
vt 0.0000 0.0000
vt 0.1103 0.0000
vt 0.1103 0.0585
vt 0.0000 0.0585
vt 0.0000 0.0000
vt 0.1103 0.0000
vt 0.0536 0.1339
vt 0.0000 0.0000
vt 0.1103 0.0000
vt 0.0567 0.1339
vt 0.0000 0.0000
vt 0.0914 0.0000
vt 0.0914 0.0523
vt 0.0000 0.0523
vt 0.0000 0.0000
vt 0.0914 -0.0000
vt -0.1559 0.1489
vt 0.0000 0.0000
vt 0.0914 0.0000
vt 0.2473 0.1489
vt 0.0000 0.0000
vt 0.2742 0.0000
vt 0.2742 0.0523
vt 0.0000 0.0523
vt 0.0000 0.0000
vt 0.2742 0.0000
vt 0.2453 0.1522
vt 0.0000 0.0000
vt 0.2742 -0.0000
vt 0.0289 0.1522
vt 0.0000 0.0000
vt 0.1484 0.0000
vt 0.1484 0.0523
vt 0.0000 0.0523
vt 0.0000 0.0000
vt 0.1484 0.0000
vt -0.0054 0.1548
vt 0.0000 0.0000
vt 0.1484 0.0000
vt 0.1537 0.1548
vt 0.0000 0.0000
vt 0.1188 0.0000
vt 0.1188 0.0523
vt 0.0000 0.0523
vt 0.0000 0.0000
vt 0.1188 0.0000
vt -0.0143 0.2177
vt 0.0000 0.0000
vt 0.1188 0.0000
vt 0.1332 0.2177
vt 0.0000 0.0000
vt 0.1532 0.0000
vt 0.1532 0.0523
vt 0.0000 0.0523
vt 0.0000 0.0000
vt 0.1532 0.0000
vt 0.0758 0.2437
vt 0.0000 0.0000
vt 0.1532 -0.0000
vt 0.0774 0.2437
vt 0.0000 0.0000
vt 0.1470 0.0000
vt 0.1470 0.0523
vt 0.0000 0.0523
vt 0.0000 0.0000
vt 0.1470 0.0000
vt 0.1363 0.2163
vt 0.0000 0.0000
vt 0.1470 0.0000
vt 0.0106 0.2163
vt 0.0000 0.0000
vt 0.1425 0.0000
vt 0.1425 0.0523
vt 0.0000 0.0523
vt 0.0000 0.0000
vt 0.1425 0.0000
vt 0.0327 0.2141
vt 0.0000 0.0000
vt 0.1425 -0.0000
vt 0.1098 0.2141
vt 0.0000 0.0000
vt 0.2576 0.0000
vt 0.2576 0.0523
vt 0.0000 0.0523
vt 0.0000 0.0000
vt 0.2576 0.0000
vt 0.1169 0.2103
vt 0.0000 0.0000
vt 0.2576 0.0000
vt 0.1408 0.2103
vt 0.0000 0.0000
vt 0.1615 0.0000
vt 0.1615 0.0523
vt 0.0000 0.0523
vt 0.0000 0.0000
vt 0.1615 0.0000
vt 0.1351 0.2140
vt 0.0000 0.0000
vt 0.1615 0.0000
vt 0.0264 0.2140
vt 0.0000 0.0000
vt 0.2784 0.0000
vt 0.2784 0.0569
vt 0.0000 0.0569
vt 0.0000 0.0000
vt 0.2784 0.0000
vt 0.2103 0.2265
vt 0.0000 0.0000
vt 0.2784 0.0000
vt 0.0681 0.2265
vt 0.0000 0.0000
vt 0.1345 0.0000
vt 0.1345 0.0569
vt 0.0000 0.0569
vt 0.0000 0.0000
vt 0.1345 0.0000
vt -0.0164 0.2359
vt 0.0000 0.0000
vt 0.1345 0.0000
vt 0.1509 0.2359
vt 0.0000 0.0000
vt 0.2165 0.0000
vt 0.2165 0.0569
vt 0.0000 0.0569
vt 0.0000 0.0000
vt 0.2165 0.0000
vt 0.1628 0.2278
vt 0.0000 0.0000
vt 0.2165 0.0000
vt 0.0536 0.2278
vt 0.0000 0.0000
vt 0.2243 0.0000
vt 0.2243 0.0569
vt 0.0000 0.0569
vt 0.0000 0.0000
vt 0.2243 0.0000
vt 0.0886 0.2166
vt 0.0000 0.0000
vt 0.2243 -0.0000
vt 0.1357 0.2166
vt 0.0000 0.0000
vt 0.2571 0.0000
vt 0.2571 0.0569
vt 0.0000 0.0569
vt 0.0000 0.0000
vt 0.2571 0.0000
vt 0.0880 0.2400
vt 0.0000 0.0000
vt 0.2571 0.0000
vt 0.1691 0.2400
vt 0.0000 0.0000
vt 0.1235 0.0000
vt 0.1235 0.0569
vt 0.0000 0.0569
vt 0.0000 0.0000
vt 0.1235 0.0000
vt 0.1336 0.2614
vt 0.0000 0.0000
vt 0.1235 -0.0000
vt -0.0101 0.2614
vt 0.0000 0.0000
vt 0.2904 0.0000
vt 0.2904 0.0569
vt 0.0000 0.0569
vt 0.0000 0.0000
vt 0.2904 0.0000
vt 0.0984 0.2424
vt 0.0000 0.0000
vt 0.2904 0.0000
vt 0.1919 0.2424
vt 0.0000 0.0000
vt 0.1497 0.0000
vt 0.1497 0.0569
vt 0.0000 0.0569
vt 0.0000 0.0000
vt 0.1497 0.0000
vt 0.0752 0.2999
vt 0.0000 0.0000
vt 0.1497 0.0000
vt 0.0746 0.2999
vt 0.0000 0.0000
vt 0.0633 0.0000
vt 0.0633 0.0492
vt 0.0000 0.0492
vt 0.0000 0.0000
vt 0.0633 0.0000
vt 0.0563 0.0910
vt 0.0000 0.0000
vt 0.0633 0.0000
vt 0.0070 0.0910
vt 0.0000 0.0000
vt 0.0775 0.0000
vt 0.0775 0.0492
vt 0.0000 0.0492
vt 0.0000 0.0000
vt 0.0775 0.0000
vt 0.0554 0.0726
vt 0.0000 0.0000
vt 0.0775 0.0000
vt 0.0221 0.0726
vt 0.0000 0.0000
vt 0.0844 0.0000
vt 0.0844 0.0492
vt 0.0000 0.0492
vt 0.0000 0.0000
vt 0.0844 0.0000
vt 0.0322 0.0687
vt 0.0000 0.0000
vt 0.0844 0.0000
vt 0.0522 0.0687
vt 0.0000 0.0000
vt 0.0771 0.0000
vt 0.0771 0.0492
vt 0.0000 0.0492
vt 0.0000 0.0000
vt 0.0771 0.0000
vt -0.0123 0.0854
vt 0.0000 0.0000
vt 0.0771 0.0000
vt 0.0895 0.0854
vt 0.0000 0.0000
vt 0.0719 0.0000
vt 0.0719 0.0492
vt 0.0000 0.0492
vt 0.0000 0.0000
vt 0.0719 -0.0000
vt 0.1045 0.0661
vt 0.0000 0.0000
vt 0.0719 0.0000
vt -0.0326 0.0661
vt 0.0000 0.0000
vt 0.0459 0.0000
vt 0.0459 0.0492
vt 0.0000 0.0492
vt 0.0000 0.0000
vt 0.0459 0.0000
vt 0.0185 0.0714
vt 0.0000 0.0000
vt 0.0459 0.0000
vt 0.0275 0.0714
vt 0.0000 0.0000
vt 0.1507 0.0000
vt 0.1507 0.0492
vt 0.0000 0.0492
vt 0.0000 0.0000
vt 0.1507 0.0000
vt 0.0379 0.0665
vt 0.0000 0.0000
vt 0.1507 -0.0000
vt 0.1128 0.0665
vt 0.0000 0.0000
vt 0.0359 0.0000
vt 0.0359 0.0492
vt 0.0000 0.0492
vt 0.0000 0.0000
vt 0.0359 0.0000
vt 0.0971 0.0878
vt 0.0000 0.0000
vt 0.0359 0.0000
vt -0.0612 0.0878
vt 0.0000 0.0000
vt 0.1322 0.0000
vt 0.1322 0.0542
vt 0.0000 0.0542
vt 0.0000 0.0000
vt 0.1322 0.0000
vt 0.1181 0.1760
vt 0.0000 0.0000
vt 0.1322 0.0000
vt 0.0141 0.1760
vt 0.0000 0.0000
vt 0.2191 0.0000
vt 0.2191 0.0542
vt 0.0000 0.0542
vt 0.0000 0.0000
vt 0.2191 0.0000
vt 0.1328 0.1163
vt 0.0000 0.0000
vt 0.2191 -0.0000
vt 0.0864 0.1163
vt 0.0000 0.0000
vt 0.1515 0.0000
vt 0.1515 0.0542
vt 0.0000 0.0542
vt 0.0000 0.0000
vt 0.1515 0.0000
vt -0.0169 0.1439
vt 0.0000 0.0000
vt 0.1515 0.0000
vt 0.1684 0.1439
vt 0.0000 0.0000
vt 0.1476 0.0000
vt 0.1476 0.0542
vt 0.0000 0.0542
vt 0.0000 0.0000
vt 0.1476 0.0000
vt -0.0857 0.2042
vt 0.0000 0.0000
vt 0.1476 0.0000
vt 0.2333 0.2042
vt 0.0000 0.0000
vt 0.3080 0.0000
vt 0.3080 0.0542
vt 0.0000 0.0542
vt 0.0000 0.0000
vt 0.3080 0.0000
vt 0.2794 0.1344
vt 0.0000 0.0000
vt 0.3080 0.0000
vt 0.0286 0.1344
vt 0.0000 0.0000
vt 0.0987 0.0000
vt 0.0987 0.0542
vt 0.0000 0.0542
vt 0.0000 0.0000
vt 0.0987 0.0000
vt 0.0628 0.1222
vt 0.0000 0.0000
vt 0.0987 0.0000
vt 0.0360 0.1222
vt 0.0000 0.0000
vt 0.1569 0.0000
vt 0.1569 0.0542
vt 0.0000 0.0542
vt 0.0000 0.0000
vt 0.1569 0.0000
vt -0.0129 0.1267
vt 0.0000 0.0000
vt 0.1569 0.0000
vt 0.1699 0.1267
vt 0.0000 0.0000
vt 0.1620 0.0000
vt 0.1620 0.0404
vt 0.0000 0.0404
vt 0.0000 0.0000
vt 0.1620 0.0000
vt 0.1072 0.1585
vt 0.0000 0.0000
vt 0.1620 0.0000
vt 0.0548 0.1585
vt 0.0000 0.0000
vt 0.0958 0.0000
vt 0.0958 0.0404
vt 0.0000 0.0404
vt 0.0000 0.0000
vt 0.0958 0.0000
vt 0.0712 0.1519
vt 0.0000 0.0000
vt 0.0958 0.0000
vt 0.0246 0.1519
vt 0.0000 0.0000
vt 0.0972 0.0000
vt 0.0972 0.0404
vt 0.0000 0.0404
vt 0.0000 0.0000
vt 0.0972 0.0000
vt 0.0132 0.1533
vt 0.0000 0.0000
vt 0.0972 0.0000
vt 0.0840 0.1533
vt 0.0000 0.0000
vt 0.1812 0.0000
vt 0.1812 0.0404
vt 0.0000 0.0404
vt 0.0000 0.0000
vt 0.1812 0.0000
vt 0.0318 0.1719
vt 0.0000 0.0000
vt 0.1812 0.0000
vt 0.1494 0.1719
vt 0.0000 0.0000
vt 0.1559 0.0000
vt 0.1559 0.0404
vt 0.0000 0.0404
vt 0.0000 0.0000
vt 0.1559 0.0000
vt 0.1482 0.1729
vt 0.0000 0.0000
vt 0.1559 0.0000
vt 0.0076 0.1729
vt 0.0000 0.0000
vt 0.0767 0.0000
vt 0.0767 0.0404
vt 0.0000 0.0404
vt 0.0000 0.0000
vt 0.0767 0.0000
vt 0.1256 0.1190
vt 0.0000 0.0000
vt 0.0767 0.0000
vt -0.0489 0.1190
vt 0.0000 0.0000
vt 0.1039 0.0000
vt 0.1039 0.0404
vt 0.0000 0.0404
vt 0.0000 0.0000
vt 0.1039 0.0000
vt 0.0203 0.1271
vt 0.0000 0.0000
vt 0.1039 0.0000
vt 0.0836 0.1271
vt 0.0000 0.0000
vt 0.1495 0.0000
vt 0.1495 0.0404
vt 0.0000 0.0404
vt 0.0000 0.0000
vt 0.1495 0.0000
vt 0.0911 0.1218
vt 0.0000 0.0000
vt 0.1495 0.0000
vt 0.0584 0.1218
vt 0.0000 0.0000
vt 0.0707 0.0000
vt 0.0707 0.0404
vt 0.0000 0.0404
vt 0.0000 0.0000
vt 0.0707 0.0000
vt -0.0945 0.0966
vt 0.0000 0.0000
vt 0.0707 0.0000
vt 0.1652 0.0966
vt 0.0000 0.0000
vt 0.0792 0.0000
vt 0.0792 0.0411
vt 0.0000 0.0411
vt 0.0000 0.0000
vt 0.0792 -0.0000
vt 0.0963 0.0755
vt 0.0000 0.0000
vt 0.0792 0.0000
vt -0.0171 0.0755
vt 0.0000 0.0000
vt 0.0593 0.0000
vt 0.0593 0.0411
vt 0.0000 0.0411
vt 0.0000 0.0000
vt 0.0593 0.0000
vt 0.0328 0.0701
vt 0.0000 0.0000
vt 0.0593 0.0000
vt 0.0265 0.0701
vt 0.0000 0.0000
vt 0.0521 0.0000
vt 0.0521 0.0411
vt 0.0000 0.0411
vt 0.0000 0.0000
vt 0.0521 0.0000
vt -0.0109 0.0741
vt 0.0000 0.0000
vt 0.0521 0.0000
vt 0.0630 0.0741
vt 0.0000 0.0000
vt 0.0638 0.0000
vt 0.0638 0.0411
vt 0.0000 0.0411
vt 0.0000 0.0000
vt 0.0638 -0.0000
vt 0.0656 0.0718
vt 0.0000 0.0000
vt 0.0638 0.0000
vt -0.0019 0.0718
vt 0.0000 0.0000
vt 0.0817 0.0000
vt 0.0817 0.0411
vt 0.0000 0.0411
vt 0.0000 0.0000
vt 0.0817 0.0000
vt -0.0083 0.0713
vt 0.0000 0.0000
vt 0.0817 -0.0000
vt 0.0900 0.0713
vt 0.0000 0.0000
vt 0.0665 0.0000
vt 0.0665 0.0411
vt 0.0000 0.0411
vt 0.0000 0.0000
vt 0.0665 -0.0000
vt 0.0521 0.1023
vt 0.0000 0.0000
vt 0.0665 0.0000
vt 0.0143 0.1023
vt 0.0000 0.0000
vt 0.0781 0.0000
vt 0.0781 0.0411
vt 0.0000 0.0411
vt 0.0000 0.0000
vt 0.0781 -0.0000
vt 0.0523 0.0892
vt 0.0000 0.0000
vt 0.0781 0.0000
vt 0.0259 0.0892
vt 0.0000 0.0000
vt 0.0740 0.0000
vt 0.0740 0.0411
vt 0.0000 0.0411
vt 0.0000 0.0000
vt 0.0740 0.0000
vt 0.0172 0.0912
vt 0.0000 0.0000
vt 0.0740 0.0000
vt 0.0568 0.0912
vt 0.0000 0.0000
vt 0.0669 0.0000
vt 0.0669 0.0411
vt 0.0000 0.0411
vt 0.0000 0.0000
vt 0.0669 0.0000
vt 0.0078 0.1072
vt 0.0000 0.0000
vt 0.0669 0.0000
vt 0.0591 0.1072
vt 0.0000 0.0000
vt 0.1566 0.0000
vt 0.1566 0.0331
vt 0.0000 0.0331
vt 0.0000 0.0000
vt 0.1566 0.0000
vt 0.0607 0.1973
vt 0.0000 0.0000
vt 0.1566 0.0000
vt 0.0960 0.1973
vt 0.0000 0.0000
vt 0.1741 0.0000
vt 0.1741 0.0331
vt 0.0000 0.0331
vt 0.0000 0.0000
vt 0.1741 0.0000
vt 0.1202 0.1835
vt 0.0000 0.0000
vt 0.1741 0.0000
vt 0.0539 0.1835
vt 0.0000 0.0000
vt 0.2073 0.0000
vt 0.2073 0.0331
vt 0.0000 0.0331
vt 0.0000 0.0000
vt 0.2073 0.0000
vt 0.1060 0.1592
vt 0.0000 0.0000
vt 0.2073 -0.0000
vt 0.1013 0.1592
vt 0.0000 0.0000
vt 0.1301 0.0000
vt 0.1301 0.0331
vt 0.0000 0.0331
vt 0.0000 0.0000
vt 0.1301 0.0000
vt 0.0816 0.1702
vt 0.0000 0.0000
vt 0.1301 0.0000
vt 0.0485 0.1702
vt 0.0000 0.0000
vt 0.1625 0.0000
vt 0.1625 0.0331
vt 0.0000 0.0331
vt 0.0000 0.0000
vt 0.1625 0.0000
vt 0.0939 0.1500
vt 0.0000 0.0000
vt 0.1625 0.0000
vt 0.0686 0.1500
vt 0.0000 0.0000
vt 0.1987 0.0000
vt 0.1987 0.0331
vt 0.0000 0.0331
vt 0.0000 0.0000
vt 0.1987 -0.0000
vt -0.0007 0.1649
vt 0.0000 0.0000
vt 0.1987 0.0000
vt 0.1994 0.1649
vt 0.0000 0.0000
vt 0.2125 0.0000
vt 0.2125 0.0331
vt 0.0000 0.0331
vt 0.0000 0.0000
vt 0.2125 -0.0000
vt 0.1636 0.2005
vt 0.0000 0.0000
vt 0.2125 0.0000
vt 0.0490 0.2005
vt 0.0000 0.0000
vt 0.0947 0.0000
vt 0.0947 0.0349
vt 0.0000 0.0349
vt 0.0000 0.0000
vt 0.0947 -0.0000
vt 0.1740 0.1950
vt 0.0000 0.0000
vt 0.0947 0.0000
vt -0.0793 0.1950
vt 0.0000 0.0000
vt 0.1772 0.0000
vt 0.1772 0.0349
vt 0.0000 0.0349
vt 0.0000 0.0000
vt 0.1772 0.0000
vt 0.1433 0.1542
vt 0.0000 0.0000
vt 0.1772 0.0000
vt 0.0339 0.1542
vt 0.0000 0.0000
vt 0.2212 0.0000
vt 0.2212 0.0349
vt 0.0000 0.0349
vt 0.0000 0.0000
vt 0.2212 0.0000
vt 0.0560 0.1477
vt 0.0000 0.0000
vt 0.2212 0.0000
vt 0.1652 0.1477
vt 0.0000 0.0000
vt 0.1179 0.0000
vt 0.1179 0.0349
vt 0.0000 0.0349
vt 0.0000 0.0000
vt 0.1179 0.0000
vt -0.0440 0.2172
vt 0.0000 0.0000
vt 0.1179 0.0000
vt 0.1619 0.2172
vt 0.0000 0.0000
vt 0.2135 0.0000
vt 0.2135 0.0349
vt 0.0000 0.0349
vt 0.0000 0.0000
vt 0.2135 0.0000
vt 0.1983 0.1845
vt 0.0000 0.0000
vt 0.2135 0.0000
vt 0.0152 0.1845
vt 0.0000 0.0000
vt 0.1220 0.0000
vt 0.1220 0.0349
vt 0.0000 0.0349
vt 0.0000 0.0000
vt 0.1220 0.0000
vt 0.1277 0.1341
vt 0.0000 0.0000
vt 0.1220 0.0000
vt -0.0057 0.1341
vt 0.0000 0.0000
vt 0.1528 0.0000
vt 0.1528 0.0349
vt 0.0000 0.0349
vt 0.0000 0.0000
vt 0.1528 0.0000
vt 0.0469 0.1257
vt 0.0000 0.0000
vt 0.1528 0.0000
vt 0.1059 0.1257
vt 0.0000 0.0000
vt 0.1643 0.0000
vt 0.1643 0.0349
vt 0.0000 0.0349
vt 0.0000 0.0000
vt 0.1643 0.0000
vt -0.0435 0.1585
vt 0.0000 0.0000
vt 0.1643 0.0000
vt 0.2078 0.1585
vt 0.0000 0.0000
vt 0.1438 0.0000
vt 0.1438 0.0269
vt 0.0000 0.0269
vt 0.0000 0.0000
vt 0.1438 0.0000
vt 0.1272 0.0708
vt 0.0000 0.0000
vt 0.1438 0.0000
vt 0.0166 0.0708
vt 0.0000 0.0000
vt 0.1153 0.0000
vt 0.1153 0.0269
vt 0.0000 0.0269
vt 0.0000 0.0000
vt 0.1153 0.0000
vt 0.0136 0.0714
vt 0.0000 0.0000
vt 0.1153 0.0000
vt 0.1017 0.0714
vt 0.0000 0.0000
vt 0.1114 0.0000
vt 0.1114 0.0269
vt 0.0000 0.0269
vt 0.0000 0.0000
vt 0.1114 0.0000
vt 0.0583 0.1098
vt 0.0000 0.0000
vt 0.1114 0.0000
vt 0.0531 0.1098
vt 0.0000 0.0000
vt 0.0782 0.0000
vt 0.0782 0.0269
vt 0.0000 0.0269
vt 0.0000 0.0000
vt 0.0782 0.0000
vt 0.0847 0.0877
vt 0.0000 0.0000
vt 0.0782 0.0000
vt -0.0066 0.0877
vt 0.0000 0.0000
vt 0.1305 0.0000
vt 0.1305 0.0269
vt 0.0000 0.0269
vt 0.0000 0.0000
vt 0.1305 0.0000
vt 0.0562 0.0677
vt 0.0000 0.0000
vt 0.1305 0.0000
vt 0.0743 0.0677
vt 0.0000 0.0000
vt 0.0930 0.0000
vt 0.0930 0.0269
vt 0.0000 0.0269
vt 0.0000 0.0000
vt 0.0930 0.0000
vt -0.0131 0.0996
vt 0.0000 0.0000
vt 0.0930 0.0000
vt 0.1061 0.0996
vt 0.0000 0.0000
vt 0.1252 0.0000
vt 0.1252 0.0593
vt 0.0000 0.0593
vt 0.0000 0.0000
vt 0.1252 0.0000
vt 0.0471 0.2559
vt 0.0000 0.0000
vt 0.1252 0.0000
vt 0.0781 0.2559
vt 0.0000 0.0000
vt 0.2140 0.0000
vt 0.2140 0.0593
vt 0.0000 0.0593
vt 0.0000 0.0000
vt 0.2140 0.0000
vt 0.2214 0.1503
vt 0.0000 0.0000
vt 0.2140 0.0000
vt -0.0074 0.1503
vt 0.0000 0.0000
vt 0.1240 0.0000
vt 0.1240 0.0593
vt 0.0000 0.0593
vt 0.0000 0.0000
vt 0.1240 0.0000
vt 0.0188 0.1493
vt 0.0000 0.0000
vt 0.1240 0.0000
vt 0.1052 0.1493
vt 0.0000 0.0000
vt 0.1998 0.0000
vt 0.1998 0.0593
vt 0.0000 0.0593
vt 0.0000 0.0000
vt 0.1998 0.0000
vt 0.0020 0.1826
vt 0.0000 0.0000
vt 0.1998 -0.0000
vt 0.1978 0.1826
vt 0.0000 0.0000
vt 0.1372 0.0000
vt 0.1372 0.0593
vt 0.0000 0.0593
vt 0.0000 0.0000
vt 0.1372 0.0000
vt 0.1332 0.2339
vt 0.0000 0.0000
vt 0.1372 0.0000
vt 0.0040 0.2339
vt 0.0000 0.0000
vt 0.2030 0.0000
vt 0.2030 0.0593
vt 0.0000 0.0593
vt 0.0000 0.0000
vt 0.2030 0.0000
vt 0.0966 0.2131
vt 0.0000 0.0000
vt 0.2030 0.0000
vt 0.1065 0.2131
vt 0.0000 0.0000
vt 0.2219 0.0000
vt 0.2219 0.0593
vt 0.0000 0.0593
vt 0.0000 0.0000
vt 0.2219 0.0000
vt 0.0795 0.2246
vt 0.0000 0.0000
vt 0.2219 0.0000
vt 0.1424 0.2246
vt 0.0000 0.0000
vt 0.1623 0.0000
vt 0.1623 0.0593
vt 0.0000 0.0593
vt 0.0000 0.0000
vt 0.1623 0.0000
vt 0.0214 0.2650
vt 0.0000 0.0000
vt 0.1623 0.0000
vt 0.1409 0.2650
vt 0.0000 0.0000
vt 0.1195 0.0000
vt 0.1195 0.0593
vt 0.0000 0.0593
vt 0.0000 0.0000
vt 0.1195 0.0000
vt 0.1533 0.2580
vt 0.0000 0.0000
vt 0.1195 0.0000
vt -0.0338 0.2580
vt 0.0000 0.0000
vt 0.0883 0.0000
vt 0.0883 0.0599
vt 0.0000 0.0599
vt 0.0000 0.0000
vt 0.0883 0.0000
vt 0.0684 0.1021
vt 0.0000 0.0000
vt 0.0883 0.0000
vt 0.0200 0.1021
vt 0.0000 0.0000
vt 0.1460 0.0000
vt 0.1460 0.0599
vt 0.0000 0.0599
vt 0.0000 0.0000
vt 0.1460 -0.0000
vt 0.0795 0.0671
vt 0.0000 0.0000
vt 0.1460 0.0000
vt 0.0665 0.0671
vt 0.0000 0.0000
vt 0.0546 0.0000
vt 0.0546 0.0599
vt 0.0000 0.0599
vt 0.0000 0.0000
vt 0.0546 0.0000
vt 0.0229 0.0916
vt 0.0000 0.0000
vt 0.0546 0.0000
vt 0.0318 0.0916
vt 0.0000 0.0000
vt 0.0900 0.0000
vt 0.0900 0.0599
vt 0.0000 0.0599
vt 0.0000 0.0000
vt 0.0900 -0.0000
vt 0.0657 0.0713
vt 0.0000 0.0000
vt 0.0900 0.0000
vt 0.0243 0.0713
vt 0.0000 0.0000
vt 0.0765 0.0000
vt 0.0765 0.0599
vt 0.0000 0.0599
vt 0.0000 0.0000
vt 0.0765 0.0000
vt 0.0466 0.0592
vt 0.0000 0.0000
vt 0.0765 -0.0000
vt 0.0298 0.0592
vt 0.0000 0.0000
vt 0.1076 0.0000
vt 0.1076 0.0599
vt 0.0000 0.0599
vt 0.0000 0.0000
vt 0.1076 -0.0000
vt 0.0040 0.0661
vt 0.0000 0.0000
vt 0.1076 0.0000
vt 0.1035 0.0661
vt 0.0000 0.0000
vt 0.1239 0.0000
vt 0.1239 0.0393
vt 0.0000 0.0393
vt 0.0000 0.0000
vt 0.1239 0.0000
vt 0.1910 0.1231
vt 0.0000 0.0000
vt 0.1239 0.0000
vt -0.0671 0.1231
vt 0.0000 0.0000
vt 0.0916 0.0000
vt 0.0916 0.0393
vt 0.0000 0.0393
vt 0.0000 0.0000
vt 0.0916 0.0000
vt 0.0001 0.1402
vt 0.0000 0.0000
vt 0.0916 -0.0000
vt 0.0915 0.1402
vt 0.0000 0.0000
vt 0.1754 0.0000
vt 0.1754 0.0393
vt 0.0000 0.0393
vt 0.0000 0.0000
vt 0.1754 0.0000
vt 0.0929 0.1393
vt 0.0000 0.0000
vt 0.1754 0.0000
vt 0.0825 0.1393
vt 0.0000 0.0000
vt 0.1284 0.0000
vt 0.1284 0.0393
vt 0.0000 0.0393
vt 0.0000 0.0000
vt 0.1284 -0.0000
vt 0.0167 0.1610
vt 0.0000 0.0000
vt 0.1284 0.0000
vt 0.1117 0.1610
vt 0.0000 0.0000
vt 0.0848 0.0000
vt 0.0848 0.0393
vt 0.0000 0.0393
vt 0.0000 0.0000
vt 0.0848 0.0000
vt -0.0301 0.1937
vt 0.0000 0.0000
vt 0.0848 -0.0000
vt 0.1149 0.1937
vt 0.0000 0.0000
vt 0.1130 0.0000
vt 0.1130 0.0393
vt 0.0000 0.0393
vt 0.0000 0.0000
vt 0.1130 0.0000
vt 0.1639 0.1544
vt 0.0000 0.0000
vt 0.1130 0.0000
vt -0.0509 0.1544
vt 0.0000 0.0000
vt 0.1370 0.0000
vt 0.1370 0.0393
vt 0.0000 0.0393
vt 0.0000 0.0000
vt 0.1370 0.0000
vt 0.1355 0.0898
vt 0.0000 0.0000
vt 0.1370 0.0000
vt 0.0015 0.0898
vt 0.0000 0.0000
vt 0.2354 0.0000
vt 0.2354 0.0393
vt 0.0000 0.0393
vt 0.0000 0.0000
vt 0.2354 0.0000
vt 0.0109 0.0892
vt 0.0000 0.0000
vt 0.2354 0.0000
vt 0.2245 0.0892
vt 0.0000 0.0000
vt 0.0440 0.0000
vt 0.0440 0.0393
vt 0.0000 0.0393
vt 0.0000 0.0000
vt 0.0440 -0.0000
vt 0.0985 0.2206
vt 0.0000 0.0000
vt 0.0440 0.0000
vt -0.0546 0.2206
vt 0.0000 0.0000
vt 0.1481 0.0000
vt 0.1481 0.0368
vt 0.0000 0.0368
vt 0.0000 0.0000
vt 0.1481 0.0000
vt 0.0469 0.2511
vt 0.0000 0.0000
vt 0.1481 0.0000
vt 0.1012 0.2511
vt 0.0000 0.0000
vt 0.1870 0.0000
vt 0.1870 0.0368
vt 0.0000 0.0368
vt 0.0000 0.0000
vt 0.1870 0.0000
vt 0.2069 0.1746
vt 0.0000 0.0000
vt 0.1870 0.0000
vt -0.0199 0.1746
vt 0.0000 0.0000
vt 0.1656 0.0000
vt 0.1656 0.0368
vt 0.0000 0.0368
vt 0.0000 0.0000
vt 0.1656 0.0000
vt 0.0596 0.1653
vt 0.0000 0.0000
vt 0.1656 0.0000
vt 0.1060 0.1653
vt 0.0000 0.0000
vt 0.2546 0.0000
vt 0.2546 0.0368
vt 0.0000 0.0368
vt 0.0000 0.0000
vt 0.2546 0.0000
vt -0.0179 0.1956
vt 0.0000 0.0000
vt 0.2546 0.0000
vt 0.2725 0.1956
vt 0.0000 0.0000
vt 0.1358 0.0000
vt 0.1358 0.0368
vt 0.0000 0.0368
vt 0.0000 0.0000
vt 0.1358 0.0000
vt 0.2710 0.1976
vt 0.0000 0.0000
vt 0.1358 0.0000
vt -0.1353 0.1976
vt 0.0000 0.0000
vt 0.1614 0.0000
vt 0.1614 0.0368
vt 0.0000 0.0368
vt 0.0000 0.0000
vt 0.1614 -0.0000
vt 0.1246 0.2045
vt 0.0000 0.0000
vt 0.1614 0.0000
vt 0.0368 0.2045
vt 0.0000 0.0000
vt 0.1488 0.0000
vt 0.1488 0.0368
vt 0.0000 0.0368
vt 0.0000 0.0000
vt 0.1488 0.0000
vt 0.0930 0.1858
vt 0.0000 0.0000
vt 0.1488 0.0000
vt 0.0558 0.1858
vt 0.0000 0.0000
vt 0.1544 0.0000
vt 0.1544 0.0368
vt 0.0000 0.0368
vt 0.0000 0.0000
vt 0.1544 0.0000
vt 0.0198 0.1930
vt 0.0000 0.0000
vt 0.1544 0.0000
vt 0.1346 0.1930
vt 0.0000 0.0000
vt 0.1586 0.0000
vt 0.1586 0.0368
vt 0.0000 0.0368
vt 0.0000 0.0000
vt 0.1586 0.0000
vt 0.0481 0.2303
vt 0.0000 0.0000
vt 0.1586 0.0000
vt 0.1105 0.2303
vt 0.0000 0.0000
vt 0.1166 0.0000
vt 0.1166 0.0399
vt 0.0000 0.0399
vt 0.0000 0.0000
vt 0.1166 0.0000
vt 0.1020 0.1126
vt 0.0000 0.0000
vt 0.1166 -0.0000
vt 0.0146 0.1126
vt 0.0000 0.0000
vt 0.0651 0.0000
vt 0.0651 0.0399
vt 0.0000 0.0399
vt 0.0000 0.0000
vt 0.0651 -0.0000
vt 0.0666 0.0919
vt 0.0000 0.0000
vt 0.0651 0.0000
vt -0.0015 0.0919
vt 0.0000 0.0000
vt 0.0814 0.0000
vt 0.0814 0.0399
vt 0.0000 0.0399
vt 0.0000 0.0000
vt 0.0814 0.0000
vt -0.0079 0.0916
vt 0.0000 0.0000
vt 0.0814 -0.0000
vt 0.0892 0.0916
vt 0.0000 0.0000
vt 0.1008 0.0000
vt 0.1008 0.0399
vt 0.0000 0.0399
vt 0.0000 0.0000
vt 0.1008 0.0000
vt 0.0763 0.1026
vt 0.0000 0.0000
vt 0.1008 -0.0000
vt 0.0244 0.1026
vt 0.0000 0.0000
vt 0.0520 0.0000
vt 0.0520 0.0399
vt 0.0000 0.0399
vt 0.0000 0.0000
vt 0.0520 0.0000
vt 0.0360 0.0992
vt 0.0000 0.0000
vt 0.0520 0.0000
vt 0.0161 0.0992
vt 0.0000 0.0000
vt 0.0458 0.0000
vt 0.0458 0.0399
vt 0.0000 0.0399
vt 0.0000 0.0000
vt 0.0458 0.0000
vt -0.0170 0.0990
vt 0.0000 0.0000
vt 0.0458 0.0000
vt 0.0628 0.0990
vt 0.0000 0.0000
vt 0.0809 0.0000
vt 0.0809 0.0399
vt 0.0000 0.0399
vt 0.0000 0.0000
vt 0.0809 0.0000
vt 0.0705 0.0936
vt 0.0000 0.0000
vt 0.0809 0.0000
vt 0.0104 0.0936
vt 0.0000 0.0000
vt 0.1176 0.0000
vt 0.1176 0.0399
vt 0.0000 0.0399
vt 0.0000 0.0000
vt 0.1176 0.0000
vt 0.0069 0.0940
vt 0.0000 0.0000
vt 0.1176 -0.0000
vt 0.1107 0.0940
vt 0.0000 0.0000
vt 0.0947 0.0000
vt 0.0947 0.0399
vt 0.0000 0.0399
vt 0.0000 0.0000
vt 0.0947 0.0000
vt 0.0368 0.1404
vt 0.0000 0.0000
vt 0.0947 -0.0000
vt 0.0578 0.1404
vt 0.0000 0.0000
vt 0.0325 0.0000
vt 0.0325 0.0256
vt 0.0000 0.0256
vt 0.0000 0.0000
vt 0.0325 0.0000
vt 0.0503 0.1197
vt 0.0000 0.0000
vt 0.0325 0.0000
vt -0.0178 0.1197
vt 0.0000 0.0000
vt 0.0772 0.0000
vt 0.0772 0.0256
vt 0.0000 0.0256
vt 0.0000 0.0000
vt 0.0772 0.0000
vt 0.0665 0.1011
vt 0.0000 0.0000
vt 0.0772 0.0000
vt 0.0107 0.1011
vt 0.0000 0.0000
vt 0.1294 0.0000
vt 0.1294 0.0256
vt 0.0000 0.0256
vt 0.0000 0.0000
vt 0.1294 0.0000
vt 0.0668 0.0767
vt 0.0000 0.0000
vt 0.1294 0.0000
vt 0.0626 0.0767
vt 0.0000 0.0000
vt 0.0367 0.0000
vt 0.0367 0.0256
vt 0.0000 0.0256
vt 0.0000 0.0000
vt 0.0367 0.0000
vt 0.0187 0.0972
vt 0.0000 0.0000
vt 0.0367 0.0000
vt 0.0179 0.0972
vt 0.0000 0.0000
vt 0.0716 0.0000
vt 0.0716 0.0256
vt 0.0000 0.0256
vt 0.0000 0.0000
vt 0.0716 0.0000
vt -0.0175 0.0973
vt 0.0000 0.0000
vt 0.0716 0.0000
vt 0.0891 0.0973
vt 0.0000 0.0000
vt 0.1036 0.0000
vt 0.1036 0.0256
vt 0.0000 0.0256
vt 0.0000 0.0000
vt 0.1036 0.0000
vt 0.1184 0.0582
vt 0.0000 0.0000
vt 0.1036 0.0000
vt -0.0148 0.0582
vt 0.0000 0.0000
vt 0.0337 0.0000
vt 0.0337 0.0256
vt 0.0000 0.0256
vt 0.0000 0.0000
vt 0.0337 0.0000
vt -0.0174 0.0575
vt 0.0000 0.0000
vt 0.0337 0.0000
vt 0.0511 0.0575
vt 0.0000 0.0000
vt 0.0762 0.0000
vt 0.0762 0.0256
vt 0.0000 0.0256
vt 0.0000 0.0000
vt 0.0762 0.0000
vt 0.0324 0.0697
vt 0.0000 0.0000
vt 0.0762 0.0000
vt 0.0439 0.0697
vt 0.0000 0.0000
vt 0.0865 0.0000
vt 0.0865 0.0256
vt 0.0000 0.0256
vt 0.0000 0.0000
vt 0.0865 0.0000
vt -0.0150 0.0810
vt 0.0000 0.0000
vt 0.0865 0.0000
vt 0.1015 0.0810
vt 0.0000 0.0000
vt 0.1956 0.0000
vt 0.1956 0.0416
vt 0.0000 0.0416
vt 0.0000 0.0000
vt 0.1956 0.0000
vt 0.0514 0.1907
vt 0.0000 0.0000
vt 0.1956 -0.0000
vt 0.1442 0.1907
vt 0.0000 0.0000
vt 0.1659 0.0000
vt 0.1659 0.0416
vt 0.0000 0.0416
vt 0.0000 0.0000
vt 0.1659 0.0000
vt 0.1458 0.1895
vt 0.0000 0.0000
vt 0.1659 -0.0000
vt 0.0201 0.1895
vt 0.0000 0.0000
vt 0.1150 0.0000
vt 0.1150 0.0416
vt 0.0000 0.0416
vt 0.0000 0.0000
vt 0.1150 0.0000
vt 0.0892 0.1683
vt 0.0000 0.0000
vt 0.1150 0.0000
vt 0.0258 0.1683
vt 0.0000 0.0000
vt 0.1538 0.0000
vt 0.1538 0.0416
vt 0.0000 0.0416
vt 0.0000 0.0000
vt 0.1538 0.0000
vt 0.0104 0.1700
vt 0.0000 0.0000
vt 0.1538 0.0000
vt 0.1435 0.1700
vt 0.0000 0.0000
vt 0.1526 0.0000
vt 0.1526 0.0416
vt 0.0000 0.0416
vt 0.0000 0.0000
vt 0.1526 0.0000
vt 0.0750 0.2094
vt 0.0000 0.0000
vt 0.1526 0.0000
vt 0.0776 0.2094
vt 0.0000 0.0000
vt 0.0866 0.0000
vt 0.0866 0.0416
vt 0.0000 0.0416
vt 0.0000 0.0000
vt 0.0866 0.0000
vt 0.1927 0.1130
vt 0.0000 0.0000
vt 0.0866 -0.0000
vt -0.1061 0.1130
vt 0.0000 0.0000
vt 0.1808 0.0000
vt 0.1808 0.0416
vt 0.0000 0.0416
vt 0.0000 0.0000
vt 0.1808 0.0000
vt 0.0335 0.1513
vt 0.0000 0.0000
vt 0.1808 -0.0000
vt 0.1474 0.1513
vt 0.0000 0.0000
vt 0.1380 0.0000
vt 0.1380 0.0416
vt 0.0000 0.0416
vt 0.0000 0.0000
vt 0.1380 0.0000
vt -0.0072 0.2111
vt 0.0000 0.0000
vt 0.1380 0.0000
vt 0.1451 0.2111
vt 0.0000 0.0000
vt 0.1583 0.0000
vt 0.1583 0.0416
vt 0.0000 0.0416
vt 0.0000 0.0000
vt 0.1583 0.0000
vt 0.1632 0.1974
vt 0.0000 0.0000
vt 0.1583 0.0000
vt -0.0049 0.1974
vt 0.0000 0.0000
vt 0.0793 0.0000
vt 0.0793 0.0255
vt 0.0000 0.0255
vt 0.0000 0.0000
vt 0.0793 0.0000
vt 0.1066 0.1450
vt 0.0000 0.0000
vt 0.0793 0.0000
vt -0.0273 0.1450
vt 0.0000 0.0000
vt 0.0660 0.0000
vt 0.0660 0.0255
vt 0.0000 0.0255
vt 0.0000 0.0000
vt 0.0660 0.0000
vt -0.0050 0.1475
vt 0.0000 0.0000
vt 0.0660 -0.0000
vt 0.0710 0.1475
vt 0.0000 0.0000
vt 0.2634 0.0000
vt 0.2634 0.0255
vt 0.0000 0.0255
vt 0.0000 0.0000
vt 0.2634 -0.0000
vt 0.1019 0.1281
vt 0.0000 0.0000
vt 0.2634 0.0000
vt 0.1615 0.1281
vt 0.0000 0.0000
vt 0.0861 0.0000
vt 0.0861 0.0255
vt 0.0000 0.0255
vt 0.0000 0.0000
vt 0.0861 0.0000
vt 0.1094 0.1747
vt 0.0000 0.0000
vt 0.0861 0.0000
vt -0.0233 0.1747
vt 0.0000 0.0000
vt 0.1111 0.0000
vt 0.1111 0.0255
vt 0.0000 0.0255
vt 0.0000 0.0000
vt 0.1111 0.0000
vt -0.1131 0.1352
vt 0.0000 0.0000
vt 0.1111 0.0000
vt 0.2242 0.1352
vt 0.0000 0.0000
vt 0.1469 0.0000
vt 0.1469 0.0255
vt 0.0000 0.0255
vt 0.0000 0.0000
vt 0.1469 0.0000
vt 0.1483 0.2158
vt 0.0000 0.0000
vt 0.1469 0.0000
vt -0.0014 0.2158
vt 0.0000 0.0000
vt 0.2177 0.0000
vt 0.2177 0.0255
vt 0.0000 0.0255
vt 0.0000 0.0000
vt 0.2177 0.0000
vt 0.1806 0.1181
vt 0.0000 0.0000
vt 0.2177 0.0000
vt 0.0371 0.1181
vt 0.0000 0.0000
vt 0.1543 0.0000
vt 0.1543 0.0255
vt 0.0000 0.0255
vt 0.0000 0.0000
vt 0.1543 0.0000
vt -0.0411 0.1168
vt 0.0000 0.0000
vt 0.1543 0.0000
vt 0.1954 0.1168
vt 0.0000 0.0000
vt 0.1118 0.0000
vt 0.1118 0.0255
vt 0.0000 0.0255
vt 0.0000 0.0000
vt 0.1118 0.0000
vt 0.1429 0.1772
vt 0.0000 0.0000
vt 0.1118 0.0000
vt -0.0310 0.1772
vt 0.0000 0.0000
vt 0.1588 0.0000
vt 0.1588 0.0366
vt 0.0000 0.0366
vt 0.0000 0.0000
vt 0.1588 0.0000
vt 0.1287 0.1137
vt 0.0000 0.0000
vt 0.1588 0.0000
vt 0.0300 0.1137
vt 0.0000 0.0000
vt 0.1528 0.0000
vt 0.1528 0.0366
vt 0.0000 0.0366
vt 0.0000 0.0000
vt 0.1528 0.0000
vt 0.0698 0.0947
vt 0.0000 0.0000
vt 0.1528 0.0000
vt 0.0830 0.0947
vt 0.0000 0.0000
vt 0.1226 0.0000
vt 0.1226 0.0366
vt 0.0000 0.0366
vt 0.0000 0.0000
vt 0.1226 0.0000
vt -0.0199 0.1244
vt 0.0000 0.0000
vt 0.1226 0.0000
vt 0.1426 0.1244
vt 0.0000 0.0000
vt 0.1412 0.0000
vt 0.1412 0.0366
vt 0.0000 0.0366
vt 0.0000 0.0000
vt 0.1412 0.0000
vt 0.1716 0.0796
vt 0.0000 0.0000
vt 0.1412 0.0000
vt -0.0305 0.0796
vt 0.0000 0.0000
vt 0.1213 0.0000
vt 0.1213 0.0366
vt 0.0000 0.0366
vt 0.0000 0.0000
vt 0.1213 0.0000
vt 0.0560 0.0643
vt 0.0000 0.0000
vt 0.1213 0.0000
vt 0.0654 0.0643
vt 0.0000 0.0000
vt 0.1305 0.0000
vt 0.1305 0.0366
vt 0.0000 0.0366
vt 0.0000 0.0000
vt 0.1305 0.0000
vt -0.0155 0.0903
vt 0.0000 0.0000
vt 0.1305 0.0000
vt 0.1461 0.0903
vt 0.0000 0.0000
vt 0.1451 0.0000
vt 0.1451 0.0674
vt 0.0000 0.0674
vt 0.0000 0.0000
vt 0.1451 0.0000
vt 0.1002 0.1726
vt 0.0000 0.0000
vt 0.1451 0.0000
vt 0.0449 0.1726
vt 0.0000 0.0000
vt 0.1663 0.0000
vt 0.1663 0.0674
vt 0.0000 0.0674
vt 0.0000 0.0000
vt 0.1663 0.0000
vt 0.0460 0.1723
vt 0.0000 0.0000
vt 0.1663 0.0000
vt 0.1203 0.1723
vt 0.0000 0.0000
vt 0.1324 0.0000
vt 0.1324 0.0674
vt 0.0000 0.0674
vt 0.0000 0.0000
vt 0.1324 -0.0000
vt 0.0322 0.2077
vt 0.0000 0.0000
vt 0.1324 0.0000
vt 0.1002 0.2077
vt 0.0000 0.0000
vt 0.2433 0.0000
vt 0.2433 0.0674
vt 0.0000 0.0674
vt 0.0000 0.0000
vt 0.2433 0.0000
vt -0.0087 0.2304
vt 0.0000 0.0000
vt 0.2433 0.0000
vt 0.2520 0.2304
vt 0.0000 0.0000
vt 0.1354 0.0000
vt 0.1354 0.0674
vt 0.0000 0.0674
vt 0.0000 0.0000
vt 0.1354 0.0000
vt 0.1247 0.3179
vt 0.0000 0.0000
vt 0.1354 0.0000
vt 0.0107 0.3179
vt 0.0000 0.0000
vt 0.2105 0.0000
vt 0.2105 0.0674
vt 0.0000 0.0674
vt 0.0000 0.0000
vt 0.2105 -0.0000
vt 0.2673 0.1724
vt 0.0000 0.0000
vt 0.2105 0.0000
vt -0.0569 0.1724
vt 0.0000 0.0000
vt 0.1102 0.0000
vt 0.1102 0.0674
vt 0.0000 0.0674
vt 0.0000 0.0000
vt 0.1102 0.0000
vt 0.0447 0.1759
vt 0.0000 0.0000
vt 0.1102 0.0000
vt 0.0655 0.1759
vt 0.0000 0.0000
vt 0.1923 0.0000
vt 0.1923 0.0674
vt 0.0000 0.0674
vt 0.0000 0.0000
vt 0.1923 -0.0000
vt 0.0186 0.1868
vt 0.0000 0.0000
vt 0.1923 0.0000
vt 0.1737 0.1868
vt 0.0000 0.0000
vt 0.1635 0.0000
vt 0.1635 0.0674
vt 0.0000 0.0674
vt 0.0000 0.0000
vt 0.1635 0.0000
vt 0.1589 0.1995
vt 0.0000 0.0000
vt 0.1635 0.0000
vt 0.0046 0.1995
vt 0.0000 0.0000
vt 0.1279 0.0000
vt 0.1279 0.0520
vt 0.0000 0.0520
vt 0.0000 0.0000
vt 0.1279 0.0000
vt 0.0522 0.1918
vt 0.0000 0.0000
vt 0.1279 0.0000
vt 0.0757 0.1918
vt 0.0000 0.0000
vt 0.1529 0.0000
vt 0.1529 0.0520
vt 0.0000 0.0520
vt 0.0000 0.0000
vt 0.1529 0.0000
vt 0.1529 0.1383
vt 0.0000 0.0000
vt 0.1529 0.0000
vt -0.0000 0.1383
vt 0.0000 0.0000
vt 0.1248 0.0000
vt 0.1248 0.0520
vt 0.0000 0.0520
vt 0.0000 0.0000
vt 0.1248 0.0000
vt 0.0554 0.1268
vt 0.0000 0.0000
vt 0.1248 -0.0000
vt 0.0694 0.1268
vt 0.0000 0.0000
vt 0.1419 0.0000
vt 0.1419 0.0520
vt 0.0000 0.0520
vt 0.0000 0.0000
vt 0.1419 0.0000
vt 0.0071 0.1444
vt 0.0000 0.0000
vt 0.1419 0.0000
vt 0.1348 0.1444
vt 0.0000 0.0000
vt 0.0929 0.0000
vt 0.0929 0.0520
vt 0.0000 0.0520
vt 0.0000 0.0000
vt 0.0929 0.0000
vt 0.0084 0.1973
vt 0.0000 0.0000
vt 0.0929 0.0000
vt 0.0845 0.1973
vt 0.0000 0.0000
vt 0.1567 0.0000
vt 0.1567 0.0520
vt 0.0000 0.0520
vt 0.0000 0.0000
vt 0.1567 -0.0000
vt 0.0592 0.2063
vt 0.0000 0.0000
vt 0.1567 0.0000
vt 0.0975 0.2063
vt 0.0000 0.0000
vt 0.1357 0.0000
vt 0.1357 0.0520
vt 0.0000 0.0520
vt 0.0000 0.0000
vt 0.1357 0.0000
vt 0.0755 0.2154
vt 0.0000 0.0000
vt 0.1357 0.0000
vt 0.0602 0.2154
vt 0.0000 0.0000
vt 0.2101 0.0000
vt 0.2101 0.0520
vt 0.0000 0.0520
vt 0.0000 0.0000
vt 0.2101 0.0000
vt 0.0756 0.2105
vt 0.0000 0.0000
vt 0.2101 0.0000
vt 0.1345 0.2105
vt 0.0000 0.0000
vt 0.1026 0.0000
vt 0.1026 0.0520
vt 0.0000 0.0520
vt 0.0000 0.0000
vt 0.1026 0.0000
vt 0.1627 0.1895
vt 0.0000 0.0000
vt 0.1026 -0.0000
vt -0.0601 0.1895
vt 0.0000 0.0000
vt 0.2942 0.0000
vt 0.2942 0.0257
vt 0.0000 0.0257
vt 0.0000 0.0000
vt 0.2942 0.0000
vt 0.2100 0.1776
vt 0.0000 0.0000
vt 0.2942 0.0000
vt 0.0843 0.1776
vt 0.0000 0.0000
vt 0.1563 0.0000
vt 0.1563 0.0257
vt 0.0000 0.0257
vt 0.0000 0.0000
vt 0.1563 0.0000
vt 0.0452 0.1913
vt 0.0000 0.0000
vt 0.1563 -0.0000
vt 0.1111 0.1913
vt 0.0000 0.0000
vt 0.2156 0.0000
vt 0.2156 0.0257
vt 0.0000 0.0257
vt 0.0000 0.0000
vt 0.2156 0.0000
vt 0.1399 0.1713
vt 0.0000 0.0000
vt 0.2156 -0.0000
vt 0.0757 0.1713
vt 0.0000 0.0000
vt 0.1997 0.0000
vt 0.1997 0.0257
vt 0.0000 0.0257
vt 0.0000 0.0000
vt 0.1997 0.0000
vt 0.0766 0.1709
vt 0.0000 0.0000
vt 0.1997 0.0000
vt 0.1231 0.1709
vt 0.0000 0.0000
vt 0.2293 0.0000
vt 0.2293 0.0257
vt 0.0000 0.0257
vt 0.0000 0.0000
vt 0.2293 0.0000
vt 0.1234 0.1707
vt 0.0000 0.0000
vt 0.2293 0.0000
vt 0.1060 0.1707
vt 0.0000 0.0000
vt 0.2145 0.0000
vt 0.2145 0.0257
vt 0.0000 0.0257
vt 0.0000 0.0000
vt 0.2145 -0.0000
vt 0.0251 0.1994
vt 0.0000 0.0000
vt 0.2145 0.0000
vt 0.1894 0.1994
vt 0.0000 0.0000
vt 0.1054 0.0000
vt 0.1054 0.0505
vt 0.0000 0.0505
vt 0.0000 0.0000
vt 0.1054 0.0000
vt 0.1084 0.1102
vt 0.0000 0.0000
vt 0.1054 0.0000
vt -0.0030 0.1102
vt 0.0000 0.0000
vt 0.1387 0.0000
vt 0.1387 0.0505
vt 0.0000 0.0505
vt 0.0000 0.0000
vt 0.1387 0.0000
vt 0.0757 0.0801
vt 0.0000 0.0000
vt 0.1387 0.0000
vt 0.0630 0.0801
vt 0.0000 0.0000
vt 0.1110 0.0000
vt 0.1110 0.0505
vt 0.0000 0.0505
vt 0.0000 0.0000
vt 0.1110 0.0000
vt 0.0071 0.1017
vt 0.0000 0.0000
vt 0.1110 0.0000
vt 0.1039 0.1017
vt 0.0000 0.0000
vt 0.1275 0.0000
vt 0.1275 0.0505
vt 0.0000 0.0505
vt 0.0000 0.0000
vt 0.1275 0.0000
vt 0.1021 0.1035
vt 0.0000 0.0000
vt 0.1275 0.0000
vt 0.0254 0.1035
vt 0.0000 0.0000
vt 0.0993 0.0000
vt 0.0993 0.0505
vt 0.0000 0.0505
vt 0.0000 0.0000
vt 0.0993 0.0000
vt 0.0694 0.0808
vt 0.0000 0.0000
vt 0.0993 0.0000
vt 0.0298 0.0808
vt 0.0000 0.0000
vt 0.1438 0.0000
vt 0.1438 0.0505
vt 0.0000 0.0505
vt 0.0000 0.0000
vt 0.1438 0.0000
vt 0.0146 0.0849
vt 0.0000 0.0000
vt 0.1438 0.0000
vt 0.1292 0.0849
vt 0.0000 0.0000
vt 0.1413 0.0000
vt 0.1413 0.0544
vt 0.0000 0.0544
vt 0.0000 0.0000
vt 0.1413 0.0000
vt 0.1530 0.1200
vt 0.0000 0.0000
vt 0.1413 0.0000
vt -0.0117 0.1200
vt 0.0000 0.0000
vt 0.1720 0.0000
vt 0.1720 0.0544
vt 0.0000 0.0544
vt 0.0000 0.0000
vt 0.1720 0.0000
vt 0.0685 0.0992
vt 0.0000 0.0000
vt 0.1720 0.0000
vt 0.1035 0.0992
vt 0.0000 0.0000
vt 0.1409 0.0000
vt 0.1409 0.0544
vt 0.0000 0.0544
vt 0.0000 0.0000
vt 0.1409 0.0000
vt 0.0403 0.1376
vt 0.0000 0.0000
vt 0.1409 0.0000
vt 0.1006 0.1376
vt 0.0000 0.0000
vt 0.1388 0.0000
vt 0.1388 0.0544
vt 0.0000 0.0544
vt 0.0000 0.0000
vt 0.1388 0.0000
vt 0.1152 0.1256
vt 0.0000 0.0000
vt 0.1388 0.0000
vt 0.0236 0.1256
vt 0.0000 0.0000
vt 0.1523 0.0000
vt 0.1523 0.0544
vt 0.0000 0.0544
vt 0.0000 0.0000
vt 0.1523 0.0000
vt 0.0958 0.0846
vt 0.0000 0.0000
vt 0.1523 0.0000
vt 0.0565 0.0846
vt 0.0000 0.0000
vt 0.1419 0.0000
vt 0.1419 0.0544
vt 0.0000 0.0544
vt 0.0000 0.0000
vt 0.1419 0.0000
vt -0.0257 0.0984
vt 0.0000 0.0000
vt 0.1419 0.0000
vt 0.1677 0.0984
vt 0.0000 0.0000
vt 0.0746 0.0000
vt 0.0746 0.0450
vt 0.0000 0.0450
vt 0.0000 0.0000
vt 0.0746 0.0000
vt 0.0930 0.0814
vt 0.0000 0.0000
vt 0.0746 0.0000
vt -0.0184 0.0814
vt 0.0000 0.0000
vt 0.1178 0.0000
vt 0.1178 0.0450
vt 0.0000 0.0450
vt 0.0000 0.0000
vt 0.1178 -0.0000
vt 0.0443 0.0707
vt 0.0000 0.0000
vt 0.1178 0.0000
vt 0.0734 0.0707
vt 0.0000 0.0000
vt 0.0875 0.0000
vt 0.0875 0.0450
vt 0.0000 0.0450
vt 0.0000 0.0000
vt 0.0875 0.0000
vt -0.0034 0.1019
vt 0.0000 0.0000
vt 0.0875 0.0000
vt 0.0909 0.1019
vt 0.0000 0.0000
vt 0.0829 0.0000
vt 0.0829 0.0450
vt 0.0000 0.0450
vt 0.0000 0.0000
vt 0.0829 0.0000
vt 0.0958 0.0973
vt 0.0000 0.0000
vt 0.0829 -0.0000
vt -0.0129 0.0973
vt 0.0000 0.0000
vt 0.0617 0.0000
vt 0.0617 0.0450
vt 0.0000 0.0450
vt 0.0000 0.0000
vt 0.0617 0.0000
vt 0.0280 0.0941
vt 0.0000 0.0000
vt 0.0617 -0.0000
vt 0.0337 0.0941
vt 0.0000 0.0000
vt 0.1056 0.0000
vt 0.1056 0.0450
vt 0.0000 0.0450
vt 0.0000 0.0000
vt 0.1056 0.0000
vt 0.0812 0.0583
vt 0.0000 0.0000
vt 0.1056 0.0000
vt 0.0245 0.0583
vt 0.0000 0.0000
vt 0.1021 0.0000
vt 0.1021 0.0450
vt 0.0000 0.0450
vt 0.0000 0.0000
vt 0.1021 0.0000
vt -0.0041 0.0631
vt 0.0000 0.0000
vt 0.1021 0.0000
vt 0.1063 0.0631
vt 0.0000 0.0000
vt 0.1367 0.0000
vt 0.1367 0.0321
vt 0.0000 0.0321
vt 0.0000 0.0000
vt 0.1367 -0.0000
vt 0.0670 0.1327
vt 0.0000 0.0000
vt 0.1367 0.0000
vt 0.0697 0.1327
vt 0.0000 0.0000
vt 0.1547 0.0000
vt 0.1547 0.0321
vt 0.0000 0.0321
vt 0.0000 0.0000
vt 0.1547 0.0000
vt 0.0328 0.1463
vt 0.0000 0.0000
vt 0.1547 0.0000
vt 0.1219 0.1463
vt 0.0000 0.0000
vt 0.1436 0.0000
vt 0.1436 0.0321
vt 0.0000 0.0321
vt 0.0000 0.0000
vt 0.1436 -0.0000
vt 0.0609 0.1804
vt 0.0000 0.0000
vt 0.1436 0.0000
vt 0.0827 0.1804
vt 0.0000 0.0000
vt 0.1473 0.0000
vt 0.1473 0.0321
vt 0.0000 0.0321
vt 0.0000 0.0000
vt 0.1473 0.0000
vt 0.0641 0.1878
vt 0.0000 0.0000
vt 0.1473 -0.0000
vt 0.0832 0.1878
vt 0.0000 0.0000
vt 0.2031 0.0000
vt 0.2031 0.0321
vt 0.0000 0.0321
vt 0.0000 0.0000
vt 0.2031 0.0000
vt 0.0744 0.1915
vt 0.0000 0.0000
vt 0.2031 0.0000
vt 0.1287 0.1915
vt 0.0000 0.0000
vt 0.1290 0.0000
vt 0.1290 0.0321
vt 0.0000 0.0321
vt 0.0000 0.0000
vt 0.1290 0.0000
vt 0.1178 0.1984
vt 0.0000 0.0000
vt 0.1290 -0.0000
vt 0.0113 0.1984
vt 0.0000 0.0000
vt 0.1746 0.0000
vt 0.1746 0.0321
vt 0.0000 0.0321
vt 0.0000 0.0000
vt 0.1746 0.0000
vt 0.0763 0.1834
vt 0.0000 0.0000
vt 0.1746 0.0000
vt 0.0983 0.1834
vt 0.0000 0.0000
vt 0.1018 0.0000
vt 0.1018 0.0321
vt 0.0000 0.0321
vt 0.0000 0.0000
vt 0.1018 0.0000
vt 0.1551 0.1387
vt 0.0000 0.0000
vt 0.1018 -0.0000
vt -0.0533 0.1387
vt 0.0000 0.0000
vt 0.1169 0.0000
vt 0.1169 0.0629
vt 0.0000 0.0629
vt 0.0000 0.0000
vt 0.1169 -0.0000
vt 0.1400 0.1581
vt 0.0000 0.0000
vt 0.1169 0.0000
vt -0.0231 0.1581
vt 0.0000 0.0000
vt 0.1354 0.0000
vt 0.1354 0.0629
vt 0.0000 0.0629
vt 0.0000 0.0000
vt 0.1354 0.0000
vt 0.1102 0.1157
vt 0.0000 0.0000
vt 0.1354 0.0000
vt 0.0253 0.1157
vt 0.0000 0.0000
vt 0.0877 0.0000
vt 0.0877 0.0629
vt 0.0000 0.0629
vt 0.0000 0.0000
vt 0.0877 0.0000
vt 0.0024 0.1184
vt 0.0000 0.0000
vt 0.0877 0.0000
vt 0.0854 0.1184
vt 0.0000 0.0000
vt 0.1588 0.0000
vt 0.1588 0.0629
vt 0.0000 0.0629
vt 0.0000 0.0000
vt 0.1588 0.0000
vt -0.0058 0.1458
vt 0.0000 0.0000
vt 0.1588 0.0000
vt 0.1646 0.1458
vt 0.0000 0.0000
vt 0.0976 0.0000
vt 0.0976 0.0629
vt 0.0000 0.0629
vt 0.0000 0.0000
vt 0.0976 0.0000
vt 0.0285 0.2181
vt 0.0000 0.0000
vt 0.0976 0.0000
vt 0.0691 0.2181
vt 0.0000 0.0000
vt 0.1140 0.0000
vt 0.1140 0.0629
vt 0.0000 0.0629
vt 0.0000 0.0000
vt 0.1140 0.0000
vt 0.1267 0.1905
vt 0.0000 0.0000
vt 0.1140 0.0000
vt -0.0127 0.1905
vt 0.0000 0.0000
vt 0.2418 0.0000
vt 0.2418 0.0629
vt 0.0000 0.0629
vt 0.0000 0.0000
vt 0.2418 0.0000
vt 0.1392 0.1307
vt 0.0000 0.0000
vt 0.2418 0.0000
vt 0.1026 0.1307
vt 0.0000 0.0000
vt 0.0683 0.0000
vt 0.0683 0.0629
vt 0.0000 0.0629
vt 0.0000 0.0000
vt 0.0683 0.0000
vt 0.1189 0.1160
vt 0.0000 0.0000
vt 0.0683 0.0000
vt -0.0506 0.1160
vt 0.0000 0.0000
vt 0.1118 0.0000
vt 0.1118 0.0629
vt 0.0000 0.0629
vt 0.0000 0.0000
vt 0.1118 0.0000
vt -0.0719 0.1042
vt 0.0000 0.0000
vt 0.1118 -0.0000
vt 0.1837 0.1042
usemtl concrete
f 1/1 2/2 3/3
f 1/1 3/3 4/4
f 5/5 6/6 7/7
f 5/5 7/7 8/8
f 9/9 10/10 11/11
f 9/9 11/11 12/12
f 13/13 14/14 15/15
f 13/13 15/15 16/16
f 17/17 18/18 19/19
f 17/17 19/19 20/20
f 21/21 22/22 23/23
f 21/21 23/23 24/24
f 25/25 26/26 27/27
f 25/25 27/27 28/28
f 29/29 30/30 31/31
f 29/29 31/31 32/32
f 33/33 34/34 35/35
f 33/33 35/35 36/36
f 37/37 38/38 39/39
f 37/37 39/39 40/40
f 41/41 42/42 43/43
f 41/41 43/43 44/44
f 45/45 46/46 47/47
f 45/45 47/47 48/48
f 49/49 50/50 51/51
f 49/49 51/51 52/52
f 53/53 54/54 55/55
f 53/53 55/55 56/56
f 57/57 58/58 59/59
f 57/57 59/59 60/60
f 61/61 62/62 63/63
f 61/61 63/63 64/64
f 65/65 66/66 67/67
f 65/65 67/67 68/68
f 69/69 70/70 71/71
f 69/69 71/71 72/72
f 97/97 98/98 99/99
f 97/97 99/99 100/100
f 101/101 102/102 103/103
f 101/101 103/103 104/104
f 105/105 106/106 107/107
f 105/105 107/107 108/108
f 109/109 110/110 111/111
f 109/109 111/111 112/112
f 113/113 114/114 115/115
f 113/113 115/115 116/116
f 117/117 118/118 119/119
f 117/117 119/119 120/120
f 121/121 122/122 123/123
f 121/121 123/123 124/124
f 125/125 126/126 127/127
f 125/125 127/127 128/128
f 129/129 130/130 131/131
f 129/129 131/131 132/132
f 133/133 134/134 135/135
f 133/133 135/135 136/136
f 137/137 138/138 139/139
f 137/137 139/139 140/140
f 141/141 142/142 143/143
f 141/141 143/143 144/144
f 145/145 146/146 147/147
f 145/145 147/147 148/148
f 149/149 150/150 151/151
f 149/149 151/151 152/152
f 153/153 154/154 155/155
f 153/153 155/155 156/156
f 157/157 158/158 159/159
f 157/157 159/159 160/160
f 161/161 162/162 163/163
f 161/161 163/163 164/164
f 165/165 166/166 167/167
f 165/165 167/167 168/168
f 169/169 170/170 171/171
f 169/169 171/171 172/172
f 173/173 174/174 175/175
f 173/173 175/175 176/176
f 177/177 178/178 179/179
f 177/177 179/179 180/180
f 181/181 182/182 183/183
f 181/181 183/183 184/184
f 185/185 186/186 187/187
f 185/185 187/187 188/188
f 189/189 190/190 191/191
f 189/189 191/191 192/192
f 193/193 194/194 195/195
f 193/193 195/195 196/196
f 197/197 198/198 199/199
f 197/197 199/199 200/200
f 201/201 202/202 203/203
f 201/201 203/203 204/204
f 205/205 206/206 207/207
f 205/205 207/207 208/208
f 209/209 210/210 211/211
f 209/209 211/211 212/212
f 213/213 214/214 215/215
f 213/213 215/215 216/216
f 241/241 242/242 243/243
f 241/241 243/243 244/244
f 245/245 246/246 247/247
f 245/245 247/247 248/248
f 249/249 250/250 251/251
f 249/249 251/251 252/252
f 253/253 254/254 255/255
f 253/253 255/255 256/256
f 257/257 258/258 259/259
f 257/257 259/259 260/260
f 261/261 262/262 263/263
f 261/261 263/263 264/264
f 265/265 266/266 267/267
f 265/265 267/267 268/268
f 269/269 270/270 271/271
f 269/269 271/271 272/272
f 273/273 274/274 275/275
f 273/273 275/275 276/276
f 277/277 278/278 279/279
f 277/277 279/279 280/280
f 281/281 282/282 283/283
f 281/281 283/283 284/284
f 285/285 286/286 287/287
f 285/285 287/287 288/288
f 289/289 290/290 291/291
f 289/289 291/291 292/292
f 293/293 294/294 295/295
f 293/293 295/295 296/296
f 297/297 298/298 299/299
f 297/297 299/299 300/300
f 301/301 302/302 303/303
f 301/301 303/303 304/304
f 305/305 306/306 307/307
f 305/305 307/307 308/308
f 309/309 310/310 311/311
f 309/309 311/311 312/312
f 361/361 362/362 363/363
f 361/361 363/363 364/364
f 365/365 366/366 367/367
f 365/365 367/367 368/368
f 369/369 370/370 371/371
f 369/369 371/371 372/372
f 373/373 374/374 375/375
f 373/373 375/375 376/376
f 377/377 378/378 379/379
f 377/377 379/379 380/380
f 381/381 382/382 383/383
f 381/381 383/383 384/384
f 409/409 410/410 411/411
f 409/409 411/411 412/412
f 413/413 414/414 415/415
f 413/413 415/415 416/416
f 417/417 418/418 419/419
f 417/417 419/419 420/420
f 421/421 422/422 423/423
f 421/421 423/423 424/424
f 425/425 426/426 427/427
f 425/425 427/427 428/428
f 429/429 430/430 431/431
f 429/429 431/431 432/432
f 433/433 434/434 435/435
f 433/433 435/435 436/436
f 437/437 438/438 439/439
f 437/437 439/439 440/440
f 441/441 442/442 443/443
f 441/441 443/443 444/444
f 445/445 446/446 447/447
f 445/445 447/447 448/448
f 449/449 450/450 451/451
f 449/449 451/451 452/452
f 453/453 454/454 455/455
f 453/453 455/455 456/456
f 457/457 458/458 459/459
f 457/457 459/459 460/460
f 461/461 462/462 463/463
f 461/461 463/463 464/464
f 465/465 466/466 467/467
f 465/465 467/467 468/468
f 469/469 470/470 471/471
f 469/469 471/471 472/472
f 473/473 474/474 475/475
f 473/473 475/475 476/476
f 477/477 478/478 479/479
f 477/477 479/479 480/480
f 481/481 482/482 483/483
f 481/481 483/483 484/484
f 485/485 486/486 487/487
f 485/485 487/487 488/488
f 489/489 490/490 491/491
f 489/489 491/491 492/492
f 493/493 494/494 495/495
f 493/493 495/495 496/496
f 497/497 498/498 499/499
f 497/497 499/499 500/500
f 501/501 502/502 503/503
f 501/501 503/503 504/504
f 505/505 506/506 507/507
f 505/505 507/507 508/508
f 509/509 510/510 511/511
f 509/509 511/511 512/512
f 513/513 514/514 515/515
f 513/513 515/515 516/516
f 517/517 518/518 519/519
f 517/517 519/519 520/520
f 521/521 522/522 523/523
f 521/521 523/523 524/524
f 525/525 526/526 527/527
f 525/525 527/527 528/528
f 529/529 530/530 531/531
f 529/529 531/531 532/532
f 533/533 534/534 535/535
f 533/533 535/535 536/536
f 537/537 538/538 539/539
f 537/537 539/539 540/540
f 541/541 542/542 543/543
f 541/541 543/543 544/544
f 545/545 546/546 547/547
f 545/545 547/547 548/548
f 549/549 550/550 551/551
f 549/549 551/551 552/552
f 553/553 554/554 555/555
f 553/553 555/555 556/556
f 557/557 558/558 559/559
f 557/557 559/559 560/560
f 561/561 562/562 563/563
f 561/561 563/563 564/564
f 565/565 566/566 567/567
f 565/565 567/567 568/568
f 569/569 570/570 571/571
f 569/569 571/571 572/572
f 573/573 574/574 575/575
f 573/573 575/575 576/576
f 601/601 602/602 603/603
f 601/601 603/603 604/604
f 605/605 606/606 607/607
f 605/605 607/607 608/608
f 609/609 610/610 611/611
f 609/609 611/611 612/612
f 613/613 614/614 615/615
f 613/613 615/615 616/616
f 617/617 618/618 619/619
f 617/617 619/619 620/620
f 621/621 622/622 623/623
f 621/621 623/623 624/624
f 625/625 626/626 627/627
f 625/625 627/627 628/628
f 629/629 630/630 631/631
f 629/629 631/631 632/632
f 633/633 634/634 635/635
f 633/633 635/635 636/636
f 637/637 638/638 639/639
f 637/637 639/639 640/640
f 641/641 642/642 643/643
f 641/641 643/643 644/644
f 645/645 646/646 647/647
f 645/645 647/647 648/648
f 649/649 650/650 651/651
f 649/649 651/651 652/652
f 653/653 654/654 655/655
f 653/653 655/655 656/656
f 657/657 658/658 659/659
f 657/657 659/659 660/660
f 661/661 662/662 663/663
f 661/661 663/663 664/664
f 665/665 666/666 667/667
f 665/665 667/667 668/668
f 669/669 670/670 671/671
f 669/669 671/671 672/672
f 697/697 698/698 699/699
f 697/697 699/699 700/700
f 701/701 702/702 703/703
f 701/701 703/703 704/704
f 705/705 706/706 707/707
f 705/705 707/707 708/708
f 709/709 710/710 711/711
f 709/709 711/711 712/712
f 713/713 714/714 715/715
f 713/713 715/715 716/716
f 717/717 718/718 719/719
f 717/717 719/719 720/720
f 721/721 722/722 723/723
f 721/721 723/723 724/724
f 725/725 726/726 727/727
f 725/725 727/727 728/728
f 729/729 730/730 731/731
f 729/729 731/731 732/732
f 733/733 734/734 735/735
f 733/733 735/735 736/736
f 737/737 738/738 739/739
f 737/737 739/739 740/740
f 741/741 742/742 743/743
f 741/741 743/743 744/744
f 745/745 746/746 747/747
f 745/745 747/747 748/748
f 749/749 750/750 751/751
f 749/749 751/751 752/752
f 753/753 754/754 755/755
f 753/753 755/755 756/756
f 757/757 758/758 759/759
f 757/757 759/759 760/760
f 761/761 762/762 763/763
f 761/761 763/763 764/764
f 765/765 766/766 767/767
f 765/765 767/767 768/768
f 793/793 794/794 795/795
f 793/793 795/795 796/796
f 797/797 798/798 799/799
f 797/797 799/799 800/800
f 801/801 802/802 803/803
f 801/801 803/803 804/804
f 805/805 806/806 807/807
f 805/805 807/807 808/808
f 809/809 810/810 811/811
f 809/809 811/811 812/812
f 813/813 814/814 815/815
f 813/813 815/815 816/816
f 841/841 842/842 843/843
f 841/841 843/843 844/844
f 845/845 846/846 847/847
f 845/845 847/847 848/848
f 849/849 850/850 851/851
f 849/849 851/851 852/852
f 853/853 854/854 855/855
f 853/853 855/855 856/856
f 857/857 858/858 859/859
f 857/857 859/859 860/860
f 861/861 862/862 863/863
f 861/861 863/863 864/864
f 865/865 866/866 867/867
f 865/865 867/867 868/868
f 869/869 870/870 871/871
f 869/869 871/871 872/872
f 873/873 874/874 875/875
f 873/873 875/875 876/876
f 877/877 878/878 879/879
f 877/877 879/879 880/880
f 881/881 882/882 883/883
f 881/881 883/883 884/884
f 885/885 886/886 887/887
f 885/885 887/887 888/888
f 913/913 914/914 915/915
f 913/913 915/915 916/916
f 917/917 918/918 919/919
f 917/917 919/919 920/920
f 921/921 922/922 923/923
f 921/921 923/923 924/924
f 925/925 926/926 927/927
f 925/925 927/927 928/928
f 929/929 930/930 931/931
f 929/929 931/931 932/932
f 933/933 934/934 935/935
f 933/933 935/935 936/936
f 1009/1009 1010/1010 1011/1011
f 1009/1009 1011/1011 1012/1012
f 1013/1013 1014/1014 1015/1015
f 1013/1013 1015/1015 1016/1016
f 1017/1017 1018/1018 1019/1019
f 1017/1017 1019/1019 1020/1020
f 1021/1021 1022/1022 1023/1023
f 1021/1021 1023/1023 1024/1024
f 1025/1025 1026/1026 1027/1027
f 1025/1025 1027/1027 1028/1028
f 1029/1029 1030/1030 1031/1031
f 1029/1029 1031/1031 1032/1032
f 1081/1081 1082/1082 1083/1083
f 1081/1081 1083/1083 1084/1084
f 1085/1085 1086/1086 1087/1087
f 1085/1085 1087/1087 1088/1088
f 1089/1089 1090/1090 1091/1091
f 1089/1089 1091/1091 1092/1092
f 1093/1093 1094/1094 1095/1095
f 1093/1093 1095/1095 1096/1096
f 1097/1097 1098/1098 1099/1099
f 1097/1097 1099/1099 1100/1100
f 1101/1101 1102/1102 1103/1103
f 1101/1101 1103/1103 1104/1104
f 1129/1129 1130/1130 1131/1131
f 1129/1129 1131/1131 1132/1132
f 1133/1133 1134/1134 1135/1135
f 1133/1133 1135/1135 1136/1136
f 1137/1137 1138/1138 1139/1139
f 1137/1137 1139/1139 1140/1140
f 1141/1141 1142/1142 1143/1143
f 1141/1141 1143/1143 1144/1144
f 1145/1145 1146/1146 1147/1147
f 1145/1145 1147/1147 1148/1148
f 1149/1149 1150/1150 1151/1151
f 1149/1149 1151/1151 1152/1152
f 1153/1153 1154/1154 1155/1155
f 1153/1153 1155/1155 1156/1156
f 1157/1157 1158/1158 1159/1159
f 1157/1157 1159/1159 1160/1160
f 1161/1161 1162/1162 1163/1163
f 1161/1161 1163/1163 1164/1164
f 1165/1165 1166/1166 1167/1167
f 1165/1165 1167/1167 1168/1168
f 1169/1169 1170/1170 1171/1171
f 1169/1169 1171/1171 1172/1172
f 1173/1173 1174/1174 1175/1175
f 1173/1173 1175/1175 1176/1176
f 1225/1225 1226/1226 1227/1227
f 1225/1225 1227/1227 1228/1228
f 1229/1229 1230/1230 1231/1231
f 1229/1229 1231/1231 1232/1232
f 1233/1233 1234/1234 1235/1235
f 1233/1233 1235/1235 1236/1236
f 1237/1237 1238/1238 1239/1239
f 1237/1237 1239/1239 1240/1240
f 1241/1241 1242/1242 1243/1243
f 1241/1241 1243/1243 1244/1244
f 1245/1245 1246/1246 1247/1247
f 1245/1245 1247/1247 1248/1248
f 1273/1273 1274/1274 1275/1275
f 1273/1273 1275/1275 1276/1276
f 1277/1277 1278/1278 1279/1279
f 1277/1277 1279/1279 1280/1280
f 1281/1281 1282/1282 1283/1283
f 1281/1281 1283/1283 1284/1284
f 1285/1285 1286/1286 1287/1287
f 1285/1285 1287/1287 1288/1288
f 1289/1289 1290/1290 1291/1291
f 1289/1289 1291/1291 1292/1292
f 1293/1293 1294/1294 1295/1295
f 1293/1293 1295/1295 1296/1296
f 1345/1345 1346/1346 1347/1347
f 1345/1345 1347/1347 1348/1348
f 1349/1349 1350/1350 1351/1351
f 1349/1349 1351/1351 1352/1352
f 1353/1353 1354/1354 1355/1355
f 1353/1353 1355/1355 1356/1356
f 1357/1357 1358/1358 1359/1359
f 1357/1357 1359/1359 1360/1360
f 1361/1361 1362/1362 1363/1363
f 1361/1361 1363/1363 1364/1364
f 1365/1365 1366/1366 1367/1367
f 1365/1365 1367/1367 1368/1368
f 1369/1369 1370/1370 1371/1371
f 1369/1369 1371/1371 1372/1372
f 1373/1373 1374/1374 1375/1375
f 1373/1373 1375/1375 1376/1376
f 1377/1377 1378/1378 1379/1379
f 1377/1377 1379/1379 1380/1380
f 1381/1381 1382/1382 1383/1383
f 1381/1381 1383/1383 1384/1384
f 1385/1385 1386/1386 1387/1387
f 1385/1385 1387/1387 1388/1388
f 1389/1389 1390/1390 1391/1391
f 1389/1389 1391/1391 1392/1392
f 1393/1393 1394/1394 1395/1395
f 1393/1393 1395/1395 1396/1396
f 1397/1397 1398/1398 1399/1399
f 1397/1397 1399/1399 1400/1400
f 1401/1401 1402/1402 1403/1403
f 1401/1401 1403/1403 1404/1404
f 1405/1405 1406/1406 1407/1407
f 1405/1405 1407/1407 1408/1408
f 1409/1409 1410/1410 1411/1411
f 1409/1409 1411/1411 1412/1412
f 1413/1413 1414/1414 1415/1415
f 1413/1413 1415/1415 1416/1416
f 1417/1417 1418/1418 1419/1419
f 1417/1417 1419/1419 1420/1420
f 1421/1421 1422/1422 1423/1423
f 1421/1421 1423/1423 1424/1424
f 1425/1425 1426/1426 1427/1427
f 1425/1425 1427/1427 1428/1428
f 1429/1429 1430/1430 1431/1431
f 1429/1429 1431/1431 1432/1432
f 1433/1433 1434/1434 1435/1435
f 1433/1433 1435/1435 1436/1436
f 1437/1437 1438/1438 1439/1439
f 1437/1437 1439/1439 1440/1440
f 1465/1465 1466/1466 1467/1467
f 1465/1465 1467/1467 1468/1468
f 1469/1469 1470/1470 1471/1471
f 1469/1469 1471/1471 1472/1472
f 1473/1473 1474/1474 1475/1475
f 1473/1473 1475/1475 1476/1476
f 1477/1477 1478/1478 1479/1479
f 1477/1477 1479/1479 1480/1480
f 1481/1481 1482/1482 1483/1483
f 1481/1481 1483/1483 1484/1484
f 1485/1485 1486/1486 1487/1487
f 1485/1485 1487/1487 1488/1488
f 1513/1513 1514/1514 1515/1515
f 1513/1513 1515/1515 1516/1516
f 1517/1517 1518/1518 1519/1519
f 1517/1517 1519/1519 1520/1520
f 1521/1521 1522/1522 1523/1523
f 1521/1521 1523/1523 1524/1524
f 1525/1525 1526/1526 1527/1527
f 1525/1525 1527/1527 1528/1528
f 1529/1529 1530/1530 1531/1531
f 1529/1529 1531/1531 1532/1532
f 1533/1533 1534/1534 1535/1535
f 1533/1533 1535/1535 1536/1536
f 1537/1537 1538/1538 1539/1539
f 1537/1537 1539/1539 1540/1540
f 1541/1541 1542/1542 1543/1543
f 1544/1544 1545/1545 1546/1546
f 1547/1547 1548/1548 1549/1549
f 1547/1547 1549/1549 1550/1550
f 1551/1551 1552/1552 1553/1553
f 1554/1554 1555/1555 1556/1556
f 1557/1557 1558/1558 1559/1559
f 1557/1557 1559/1559 1560/1560
f 1561/1561 1562/1562 1563/1563
f 1564/1564 1565/1565 1566/1566
f 1567/1567 1568/1568 1569/1569
f 1567/1567 1569/1569 1570/1570
f 1571/1571 1572/1572 1573/1573
f 1574/1574 1575/1575 1576/1576
f 1577/1577 1578/1578 1579/1579
f 1577/1577 1579/1579 1580/1580
f 1581/1581 1582/1582 1583/1583
f 1584/1584 1585/1585 1586/1586
f 1587/1587 1588/1588 1589/1589
f 1587/1587 1589/1589 1590/1590
f 1591/1591 1592/1592 1593/1593
f 1594/1594 1595/1595 1596/1596
f 1597/1597 1598/1598 1599/1599
f 1597/1597 1599/1599 1600/1600
f 1601/1601 1602/1602 1603/1603
f 1604/1604 1605/1605 1606/1606
f 1607/1607 1608/1608 1609/1609
f 1607/1607 1609/1609 1610/1610
f 1611/1611 1612/1612 1613/1613
f 1614/1614 1615/1615 1616/1616
f 1617/1617 1618/1618 1619/1619
f 1617/1617 1619/1619 1620/1620
f 1621/1621 1622/1622 1623/1623
f 1624/1624 1625/1625 1626/1626
f 1627/1627 1628/1628 1629/1629
f 1627/1627 1629/1629 1630/1630
f 1631/1631 1632/1632 1633/1633
f 1634/1634 1635/1635 1636/1636
f 1637/1637 1638/1638 1639/1639
f 1637/1637 1639/1639 1640/1640
f 1641/1641 1642/1642 1643/1643
f 1644/1644 1645/1645 1646/1646
f 1647/1647 1648/1648 1649/1649
f 1647/1647 1649/1649 1650/1650
f 1651/1651 1652/1652 1653/1653
f 1654/1654 1655/1655 1656/1656
f 1657/1657 1658/1658 1659/1659
f 1657/1657 1659/1659 1660/1660
f 1661/1661 1662/1662 1663/1663
f 1664/1664 1665/1665 1666/1666
f 1667/1667 1668/1668 1669/1669
f 1667/1667 1669/1669 1670/1670
f 1671/1671 1672/1672 1673/1673
f 1674/1674 1675/1675 1676/1676
f 1677/1677 1678/1678 1679/1679
f 1677/1677 1679/1679 1680/1680
f 1681/1681 1682/1682 1683/1683
f 1684/1684 1685/1685 1686/1686
f 1687/1687 1688/1688 1689/1689
f 1687/1687 1689/1689 1690/1690
f 1691/1691 1692/1692 1693/1693
f 1694/1694 1695/1695 1696/1696
f 1697/1697 1698/1698 1699/1699
f 1697/1697 1699/1699 1700/1700
f 1701/1701 1702/1702 1703/1703
f 1704/1704 1705/1705 1706/1706
f 1707/1707 1708/1708 1709/1709
f 1707/1707 1709/1709 1710/1710
f 1711/1711 1712/1712 1713/1713
f 1714/1714 1715/1715 1716/1716
f 1717/1717 1718/1718 1719/1719
f 1717/1717 1719/1719 1720/1720
f 1721/1721 1722/1722 1723/1723
f 1724/1724 1725/1725 1726/1726
f 1727/1727 1728/1728 1729/1729
f 1727/1727 1729/1729 1730/1730
f 1731/1731 1732/1732 1733/1733
f 1734/1734 1735/1735 1736/1736
f 1737/1737 1738/1738 1739/1739
f 1737/1737 1739/1739 1740/1740
f 1741/1741 1742/1742 1743/1743
f 1744/1744 1745/1745 1746/1746
f 1747/1747 1748/1748 1749/1749
f 1747/1747 1749/1749 1750/1750
f 1751/1751 1752/1752 1753/1753
f 1754/1754 1755/1755 1756/1756
f 1757/1757 1758/1758 1759/1759
f 1757/1757 1759/1759 1760/1760
f 1761/1761 1762/1762 1763/1763
f 1764/1764 1765/1765 1766/1766
f 1767/1767 1768/1768 1769/1769
f 1767/1767 1769/1769 1770/1770
f 1771/1771 1772/1772 1773/1773
f 1774/1774 1775/1775 1776/1776
f 1777/1777 1778/1778 1779/1779
f 1777/1777 1779/1779 1780/1780
f 1781/1781 1782/1782 1783/1783
f 1784/1784 1785/1785 1786/1786
f 1787/1787 1788/1788 1789/1789
f 1787/1787 1789/1789 1790/1790
f 1791/1791 1792/1792 1793/1793
f 1794/1794 1795/1795 1796/1796
f 1797/1797 1798/1798 1799/1799
f 1797/1797 1799/1799 1800/1800
f 1801/1801 1802/1802 1803/1803
f 1804/1804 1805/1805 1806/1806
f 1807/1807 1808/1808 1809/1809
f 1807/1807 1809/1809 1810/1810
f 1811/1811 1812/1812 1813/1813
f 1814/1814 1815/1815 1816/1816
f 1817/1817 1818/1818 1819/1819
f 1817/1817 1819/1819 1820/1820
f 1821/1821 1822/1822 1823/1823
f 1824/1824 1825/1825 1826/1826
f 1827/1827 1828/1828 1829/1829
f 1827/1827 1829/1829 1830/1830
f 1831/1831 1832/1832 1833/1833
f 1834/1834 1835/1835 1836/1836
f 1837/1837 1838/1838 1839/1839
f 1837/1837 1839/1839 1840/1840
f 1841/1841 1842/1842 1843/1843
f 1844/1844 1845/1845 1846/1846
f 1847/1847 1848/1848 1849/1849
f 1847/1847 1849/1849 1850/1850
f 1851/1851 1852/1852 1853/1853
f 1854/1854 1855/1855 1856/1856
f 1857/1857 1858/1858 1859/1859
f 1857/1857 1859/1859 1860/1860
f 1861/1861 1862/1862 1863/1863
f 1864/1864 1865/1865 1866/1866
f 1867/1867 1868/1868 1869/1869
f 1867/1867 1869/1869 1870/1870
f 1871/1871 1872/1872 1873/1873
f 1874/1874 1875/1875 1876/1876
f 1877/1877 1878/1878 1879/1879
f 1877/1877 1879/1879 1880/1880
f 1881/1881 1882/1882 1883/1883
f 1884/1884 1885/1885 1886/1886
f 1887/1887 1888/1888 1889/1889
f 1887/1887 1889/1889 1890/1890
f 1891/1891 1892/1892 1893/1893
f 1894/1894 1895/1895 1896/1896
f 1897/1897 1898/1898 1899/1899
f 1897/1897 1899/1899 1900/1900
f 1901/1901 1902/1902 1903/1903
f 1904/1904 1905/1905 1906/1906
f 1907/1907 1908/1908 1909/1909
f 1907/1907 1909/1909 1910/1910
f 1911/1911 1912/1912 1913/1913
f 1914/1914 1915/1915 1916/1916
f 1917/1917 1918/1918 1919/1919
f 1917/1917 1919/1919 1920/1920
f 1921/1921 1922/1922 1923/1923
f 1924/1924 1925/1925 1926/1926
f 1927/1927 1928/1928 1929/1929
f 1927/1927 1929/1929 1930/1930
f 1931/1931 1932/1932 1933/1933
f 1934/1934 1935/1935 1936/1936
f 1937/1937 1938/1938 1939/1939
f 1937/1937 1939/1939 1940/1940
f 1941/1941 1942/1942 1943/1943
f 1944/1944 1945/1945 1946/1946
f 1947/1947 1948/1948 1949/1949
f 1947/1947 1949/1949 1950/1950
f 1951/1951 1952/1952 1953/1953
f 1954/1954 1955/1955 1956/1956
f 1957/1957 1958/1958 1959/1959
f 1957/1957 1959/1959 1960/1960
f 1961/1961 1962/1962 1963/1963
f 1964/1964 1965/1965 1966/1966
f 1967/1967 1968/1968 1969/1969
f 1967/1967 1969/1969 1970/1970
f 1971/1971 1972/1972 1973/1973
f 1974/1974 1975/1975 1976/1976
f 1977/1977 1978/1978 1979/1979
f 1977/1977 1979/1979 1980/1980
f 1981/1981 1982/1982 1983/1983
f 1984/1984 1985/1985 1986/1986
f 1987/1987 1988/1988 1989/1989
f 1987/1987 1989/1989 1990/1990
f 1991/1991 1992/1992 1993/1993
f 1994/1994 1995/1995 1996/1996
f 1997/1997 1998/1998 1999/1999
f 1997/1997 1999/1999 2000/2000
f 2001/2001 2002/2002 2003/2003
f 2004/2004 2005/2005 2006/2006
f 2007/2007 2008/2008 2009/2009
f 2007/2007 2009/2009 2010/2010
f 2011/2011 2012/2012 2013/2013
f 2014/2014 2015/2015 2016/2016
f 2017/2017 2018/2018 2019/2019
f 2017/2017 2019/2019 2020/2020
f 2021/2021 2022/2022 2023/2023
f 2024/2024 2025/2025 2026/2026
f 2027/2027 2028/2028 2029/2029
f 2027/2027 2029/2029 2030/2030
f 2031/2031 2032/2032 2033/2033
f 2034/2034 2035/2035 2036/2036
f 2037/2037 2038/2038 2039/2039
f 2037/2037 2039/2039 2040/2040
f 2041/2041 2042/2042 2043/2043
f 2044/2044 2045/2045 2046/2046
f 2047/2047 2048/2048 2049/2049
f 2047/2047 2049/2049 2050/2050
f 2051/2051 2052/2052 2053/2053
f 2054/2054 2055/2055 2056/2056
f 2057/2057 2058/2058 2059/2059
f 2057/2057 2059/2059 2060/2060
f 2061/2061 2062/2062 2063/2063
f 2064/2064 2065/2065 2066/2066
f 2067/2067 2068/2068 2069/2069
f 2067/2067 2069/2069 2070/2070
f 2071/2071 2072/2072 2073/2073
f 2074/2074 2075/2075 2076/2076
f 2077/2077 2078/2078 2079/2079
f 2077/2077 2079/2079 2080/2080
f 2081/2081 2082/2082 2083/2083
f 2084/2084 2085/2085 2086/2086
f 2087/2087 2088/2088 2089/2089
f 2087/2087 2089/2089 2090/2090
f 2091/2091 2092/2092 2093/2093
f 2094/2094 2095/2095 2096/2096
f 2097/2097 2098/2098 2099/2099
f 2097/2097 2099/2099 2100/2100
f 2101/2101 2102/2102 2103/2103
f 2104/2104 2105/2105 2106/2106
f 2107/2107 2108/2108 2109/2109
f 2107/2107 2109/2109 2110/2110
f 2111/2111 2112/2112 2113/2113
f 2114/2114 2115/2115 2116/2116
f 2117/2117 2118/2118 2119/2119
f 2117/2117 2119/2119 2120/2120
f 2121/2121 2122/2122 2123/2123
f 2124/2124 2125/2125 2126/2126
f 2127/2127 2128/2128 2129/2129
f 2127/2127 2129/2129 2130/2130
f 2131/2131 2132/2132 2133/2133
f 2134/2134 2135/2135 2136/2136
f 2137/2137 2138/2138 2139/2139
f 2137/2137 2139/2139 2140/2140
f 2141/2141 2142/2142 2143/2143
f 2144/2144 2145/2145 2146/2146
f 2147/2147 2148/2148 2149/2149
f 2147/2147 2149/2149 2150/2150
f 2151/2151 2152/2152 2153/2153
f 2154/2154 2155/2155 2156/2156
f 2157/2157 2158/2158 2159/2159
f 2157/2157 2159/2159 2160/2160
f 2161/2161 2162/2162 2163/2163
f 2164/2164 2165/2165 2166/2166
f 2167/2167 2168/2168 2169/2169
f 2167/2167 2169/2169 2170/2170
f 2171/2171 2172/2172 2173/2173
f 2174/2174 2175/2175 2176/2176
f 2177/2177 2178/2178 2179/2179
f 2177/2177 2179/2179 2180/2180
f 2181/2181 2182/2182 2183/2183
f 2184/2184 2185/2185 2186/2186
f 2187/2187 2188/2188 2189/2189
f 2187/2187 2189/2189 2190/2190
f 2191/2191 2192/2192 2193/2193
f 2194/2194 2195/2195 2196/2196
f 2197/2197 2198/2198 2199/2199
f 2197/2197 2199/2199 2200/2200
f 2201/2201 2202/2202 2203/2203
f 2204/2204 2205/2205 2206/2206
f 2207/2207 2208/2208 2209/2209
f 2207/2207 2209/2209 2210/2210
f 2211/2211 2212/2212 2213/2213
f 2214/2214 2215/2215 2216/2216
f 2217/2217 2218/2218 2219/2219
f 2217/2217 2219/2219 2220/2220
f 2221/2221 2222/2222 2223/2223
f 2224/2224 2225/2225 2226/2226
f 2227/2227 2228/2228 2229/2229
f 2227/2227 2229/2229 2230/2230
f 2231/2231 2232/2232 2233/2233
f 2234/2234 2235/2235 2236/2236
f 2237/2237 2238/2238 2239/2239
f 2237/2237 2239/2239 2240/2240
f 2241/2241 2242/2242 2243/2243
f 2244/2244 2245/2245 2246/2246
f 2247/2247 2248/2248 2249/2249
f 2247/2247 2249/2249 2250/2250
f 2251/2251 2252/2252 2253/2253
f 2254/2254 2255/2255 2256/2256
f 2257/2257 2258/2258 2259/2259
f 2257/2257 2259/2259 2260/2260
f 2261/2261 2262/2262 2263/2263
f 2264/2264 2265/2265 2266/2266
f 2267/2267 2268/2268 2269/2269
f 2267/2267 2269/2269 2270/2270
f 2271/2271 2272/2272 2273/2273
f 2274/2274 2275/2275 2276/2276
f 2277/2277 2278/2278 2279/2279
f 2277/2277 2279/2279 2280/2280
f 2281/2281 2282/2282 2283/2283
f 2284/2284 2285/2285 2286/2286
f 2287/2287 2288/2288 2289/2289
f 2287/2287 2289/2289 2290/2290
f 2291/2291 2292/2292 2293/2293
f 2294/2294 2295/2295 2296/2296
f 2297/2297 2298/2298 2299/2299
f 2297/2297 2299/2299 2300/2300
f 2301/2301 2302/2302 2303/2303
f 2304/2304 2305/2305 2306/2306
f 2307/2307 2308/2308 2309/2309
f 2307/2307 2309/2309 2310/2310
f 2311/2311 2312/2312 2313/2313
f 2314/2314 2315/2315 2316/2316
f 2317/2317 2318/2318 2319/2319
f 2317/2317 2319/2319 2320/2320
f 2321/2321 2322/2322 2323/2323
f 2324/2324 2325/2325 2326/2326
f 2327/2327 2328/2328 2329/2329
f 2327/2327 2329/2329 2330/2330
f 2331/2331 2332/2332 2333/2333
f 2334/2334 2335/2335 2336/2336
f 2337/2337 2338/2338 2339/2339
f 2337/2337 2339/2339 2340/2340
f 2341/2341 2342/2342 2343/2343
f 2344/2344 2345/2345 2346/2346
f 2347/2347 2348/2348 2349/2349
f 2347/2347 2349/2349 2350/2350
f 2351/2351 2352/2352 2353/2353
f 2354/2354 2355/2355 2356/2356
f 2357/2357 2358/2358 2359/2359
f 2357/2357 2359/2359 2360/2360
f 2361/2361 2362/2362 2363/2363
f 2364/2364 2365/2365 2366/2366
f 2367/2367 2368/2368 2369/2369
f 2367/2367 2369/2369 2370/2370
f 2371/2371 2372/2372 2373/2373
f 2374/2374 2375/2375 2376/2376
f 2377/2377 2378/2378 2379/2379
f 2377/2377 2379/2379 2380/2380
f 2381/2381 2382/2382 2383/2383
f 2384/2384 2385/2385 2386/2386
f 2387/2387 2388/2388 2389/2389
f 2387/2387 2389/2389 2390/2390
f 2391/2391 2392/2392 2393/2393
f 2394/2394 2395/2395 2396/2396
f 2397/2397 2398/2398 2399/2399
f 2397/2397 2399/2399 2400/2400
f 2401/2401 2402/2402 2403/2403
f 2404/2404 2405/2405 2406/2406
f 2407/2407 2408/2408 2409/2409
f 2407/2407 2409/2409 2410/2410
f 2411/2411 2412/2412 2413/2413
f 2414/2414 2415/2415 2416/2416
f 2417/2417 2418/2418 2419/2419
f 2417/2417 2419/2419 2420/2420
f 2421/2421 2422/2422 2423/2423
f 2424/2424 2425/2425 2426/2426
f 2427/2427 2428/2428 2429/2429
f 2427/2427 2429/2429 2430/2430
f 2431/2431 2432/2432 2433/2433
f 2434/2434 2435/2435 2436/2436
f 2437/2437 2438/2438 2439/2439
f 2437/2437 2439/2439 2440/2440
f 2441/2441 2442/2442 2443/2443
f 2444/2444 2445/2445 2446/2446
f 2447/2447 2448/2448 2449/2449
f 2447/2447 2449/2449 2450/2450
f 2451/2451 2452/2452 2453/2453
f 2454/2454 2455/2455 2456/2456
f 2457/2457 2458/2458 2459/2459
f 2457/2457 2459/2459 2460/2460
f 2461/2461 2462/2462 2463/2463
f 2464/2464 2465/2465 2466/2466
f 2467/2467 2468/2468 2469/2469
f 2467/2467 2469/2469 2470/2470
f 2471/2471 2472/2472 2473/2473
f 2474/2474 2475/2475 2476/2476
f 2477/2477 2478/2478 2479/2479
f 2477/2477 2479/2479 2480/2480
f 2481/2481 2482/2482 2483/2483
f 2484/2484 2485/2485 2486/2486
f 2487/2487 2488/2488 2489/2489
f 2487/2487 2489/2489 2490/2490
f 2491/2491 2492/2492 2493/2493
f 2494/2494 2495/2495 2496/2496
f 2497/2497 2498/2498 2499/2499
f 2497/2497 2499/2499 2500/2500
f 2501/2501 2502/2502 2503/2503
f 2504/2504 2505/2505 2506/2506
f 2507/2507 2508/2508 2509/2509
f 2507/2507 2509/2509 2510/2510
f 2511/2511 2512/2512 2513/2513
f 2514/2514 2515/2515 2516/2516
f 2517/2517 2518/2518 2519/2519
f 2517/2517 2519/2519 2520/2520
f 2521/2521 2522/2522 2523/2523
f 2524/2524 2525/2525 2526/2526
f 2527/2527 2528/2528 2529/2529
f 2527/2527 2529/2529 2530/2530
f 2531/2531 2532/2532 2533/2533
f 2534/2534 2535/2535 2536/2536
f 2537/2537 2538/2538 2539/2539
f 2537/2537 2539/2539 2540/2540
f 2541/2541 2542/2542 2543/2543
f 2544/2544 2545/2545 2546/2546
f 2547/2547 2548/2548 2549/2549
f 2547/2547 2549/2549 2550/2550
f 2551/2551 2552/2552 2553/2553
f 2554/2554 2555/2555 2556/2556
f 2557/2557 2558/2558 2559/2559
f 2557/2557 2559/2559 2560/2560
f 2561/2561 2562/2562 2563/2563
f 2564/2564 2565/2565 2566/2566
f 2567/2567 2568/2568 2569/2569
f 2567/2567 2569/2569 2570/2570
f 2571/2571 2572/2572 2573/2573
f 2574/2574 2575/2575 2576/2576
f 2577/2577 2578/2578 2579/2579
f 2577/2577 2579/2579 2580/2580
f 2581/2581 2582/2582 2583/2583
f 2584/2584 2585/2585 2586/2586
f 2587/2587 2588/2588 2589/2589
f 2587/2587 2589/2589 2590/2590
f 2591/2591 2592/2592 2593/2593
f 2594/2594 2595/2595 2596/2596
f 2597/2597 2598/2598 2599/2599
f 2597/2597 2599/2599 2600/2600
f 2601/2601 2602/2602 2603/2603
f 2604/2604 2605/2605 2606/2606
f 2607/2607 2608/2608 2609/2609
f 2607/2607 2609/2609 2610/2610
f 2611/2611 2612/2612 2613/2613
f 2614/2614 2615/2615 2616/2616
f 2617/2617 2618/2618 2619/2619
f 2617/2617 2619/2619 2620/2620
f 2621/2621 2622/2622 2623/2623
f 2624/2624 2625/2625 2626/2626
f 2627/2627 2628/2628 2629/2629
f 2627/2627 2629/2629 2630/2630
f 2631/2631 2632/2632 2633/2633
f 2634/2634 2635/2635 2636/2636
f 2637/2637 2638/2638 2639/2639
f 2637/2637 2639/2639 2640/2640
f 2641/2641 2642/2642 2643/2643
f 2644/2644 2645/2645 2646/2646
f 2647/2647 2648/2648 2649/2649
f 2647/2647 2649/2649 2650/2650
f 2651/2651 2652/2652 2653/2653
f 2654/2654 2655/2655 2656/2656
f 2657/2657 2658/2658 2659/2659
f 2657/2657 2659/2659 2660/2660
f 2661/2661 2662/2662 2663/2663
f 2664/2664 2665/2665 2666/2666
f 2667/2667 2668/2668 2669/2669
f 2667/2667 2669/2669 2670/2670
f 2671/2671 2672/2672 2673/2673
f 2674/2674 2675/2675 2676/2676
f 2677/2677 2678/2678 2679/2679
f 2677/2677 2679/2679 2680/2680
f 2681/2681 2682/2682 2683/2683
f 2684/2684 2685/2685 2686/2686
f 2687/2687 2688/2688 2689/2689
f 2687/2687 2689/2689 2690/2690
f 2691/2691 2692/2692 2693/2693
f 2694/2694 2695/2695 2696/2696
f 2697/2697 2698/2698 2699/2699
f 2697/2697 2699/2699 2700/2700
f 2701/2701 2702/2702 2703/2703
f 2704/2704 2705/2705 2706/2706
f 2707/2707 2708/2708 2709/2709
f 2707/2707 2709/2709 2710/2710
f 2711/2711 2712/2712 2713/2713
f 2714/2714 2715/2715 2716/2716
f 2717/2717 2718/2718 2719/2719
f 2717/2717 2719/2719 2720/2720
f 2721/2721 2722/2722 2723/2723
f 2724/2724 2725/2725 2726/2726
f 2727/2727 2728/2728 2729/2729
f 2727/2727 2729/2729 2730/2730
f 2731/2731 2732/2732 2733/2733
f 2734/2734 2735/2735 2736/2736
f 2737/2737 2738/2738 2739/2739
f 2737/2737 2739/2739 2740/2740
f 2741/2741 2742/2742 2743/2743
f 2744/2744 2745/2745 2746/2746
f 2747/2747 2748/2748 2749/2749
f 2747/2747 2749/2749 2750/2750
f 2751/2751 2752/2752 2753/2753
f 2754/2754 2755/2755 2756/2756
f 2757/2757 2758/2758 2759/2759
f 2757/2757 2759/2759 2760/2760
f 2761/2761 2762/2762 2763/2763
f 2764/2764 2765/2765 2766/2766
f 2767/2767 2768/2768 2769/2769
f 2767/2767 2769/2769 2770/2770
f 2771/2771 2772/2772 2773/2773
f 2774/2774 2775/2775 2776/2776
f 2777/2777 2778/2778 2779/2779
f 2777/2777 2779/2779 2780/2780
f 2781/2781 2782/2782 2783/2783
f 2784/2784 2785/2785 2786/2786
f 2787/2787 2788/2788 2789/2789
f 2787/2787 2789/2789 2790/2790
f 2791/2791 2792/2792 2793/2793
f 2794/2794 2795/2795 2796/2796
f 2797/2797 2798/2798 2799/2799
f 2797/2797 2799/2799 2800/2800
f 2801/2801 2802/2802 2803/2803
f 2804/2804 2805/2805 2806/2806
f 2807/2807 2808/2808 2809/2809
f 2807/2807 2809/2809 2810/2810
f 2811/2811 2812/2812 2813/2813
f 2814/2814 2815/2815 2816/2816
f 2817/2817 2818/2818 2819/2819
f 2817/2817 2819/2819 2820/2820
f 2821/2821 2822/2822 2823/2823
f 2824/2824 2825/2825 2826/2826
f 2827/2827 2828/2828 2829/2829
f 2827/2827 2829/2829 2830/2830
f 2831/2831 2832/2832 2833/2833
f 2834/2834 2835/2835 2836/2836
f 2837/2837 2838/2838 2839/2839
f 2837/2837 2839/2839 2840/2840
f 2841/2841 2842/2842 2843/2843
f 2844/2844 2845/2845 2846/2846
f 2847/2847 2848/2848 2849/2849
f 2847/2847 2849/2849 2850/2850
f 2851/2851 2852/2852 2853/2853
f 2854/2854 2855/2855 2856/2856
f 2857/2857 2858/2858 2859/2859
f 2857/2857 2859/2859 2860/2860
f 2861/2861 2862/2862 2863/2863
f 2864/2864 2865/2865 2866/2866
f 2867/2867 2868/2868 2869/2869
f 2867/2867 2869/2869 2870/2870
f 2871/2871 2872/2872 2873/2873
f 2874/2874 2875/2875 2876/2876
f 2877/2877 2878/2878 2879/2879
f 2877/2877 2879/2879 2880/2880
f 2881/2881 2882/2882 2883/2883
f 2884/2884 2885/2885 2886/2886
f 2887/2887 2888/2888 2889/2889
f 2887/2887 2889/2889 2890/2890
f 2891/2891 2892/2892 2893/2893
f 2894/2894 2895/2895 2896/2896
f 2897/2897 2898/2898 2899/2899
f 2897/2897 2899/2899 2900/2900
f 2901/2901 2902/2902 2903/2903
f 2904/2904 2905/2905 2906/2906
f 2907/2907 2908/2908 2909/2909
f 2907/2907 2909/2909 2910/2910
f 2911/2911 2912/2912 2913/2913
f 2914/2914 2915/2915 2916/2916
f 2917/2917 2918/2918 2919/2919
f 2917/2917 2919/2919 2920/2920
f 2921/2921 2922/2922 2923/2923
f 2924/2924 2925/2925 2926/2926
f 2927/2927 2928/2928 2929/2929
f 2927/2927 2929/2929 2930/2930
f 2931/2931 2932/2932 2933/2933
f 2934/2934 2935/2935 2936/2936
f 2937/2937 2938/2938 2939/2939
f 2937/2937 2939/2939 2940/2940
f 2941/2941 2942/2942 2943/2943
f 2944/2944 2945/2945 2946/2946
f 2947/2947 2948/2948 2949/2949
f 2947/2947 2949/2949 2950/2950
f 2951/2951 2952/2952 2953/2953
f 2954/2954 2955/2955 2956/2956
f 2957/2957 2958/2958 2959/2959
f 2957/2957 2959/2959 2960/2960
f 2961/2961 2962/2962 2963/2963
f 2964/2964 2965/2965 2966/2966
f 2967/2967 2968/2968 2969/2969
f 2967/2967 2969/2969 2970/2970
f 2971/2971 2972/2972 2973/2973
f 2974/2974 2975/2975 2976/2976
f 2977/2977 2978/2978 2979/2979
f 2977/2977 2979/2979 2980/2980
f 2981/2981 2982/2982 2983/2983
f 2984/2984 2985/2985 2986/2986
f 2987/2987 2988/2988 2989/2989
f 2987/2987 2989/2989 2990/2990
f 2991/2991 2992/2992 2993/2993
f 2994/2994 2995/2995 2996/2996
f 2997/2997 2998/2998 2999/2999
f 2997/2997 2999/2999 3000/3000
f 3001/3001 3002/3002 3003/3003
f 3004/3004 3005/3005 3006/3006
f 3007/3007 3008/3008 3009/3009
f 3007/3007 3009/3009 3010/3010
f 3011/3011 3012/3012 3013/3013
f 3014/3014 3015/3015 3016/3016
f 3017/3017 3018/3018 3019/3019
f 3017/3017 3019/3019 3020/3020
f 3021/3021 3022/3022 3023/3023
f 3024/3024 3025/3025 3026/3026
f 3027/3027 3028/3028 3029/3029
f 3027/3027 3029/3029 3030/3030
f 3031/3031 3032/3032 3033/3033
f 3034/3034 3035/3035 3036/3036
f 3037/3037 3038/3038 3039/3039
f 3037/3037 3039/3039 3040/3040
f 3041/3041 3042/3042 3043/3043
f 3044/3044 3045/3045 3046/3046
f 3047/3047 3048/3048 3049/3049
f 3047/3047 3049/3049 3050/3050
f 3051/3051 3052/3052 3053/3053
f 3054/3054 3055/3055 3056/3056
f 3057/3057 3058/3058 3059/3059
f 3057/3057 3059/3059 3060/3060
f 3061/3061 3062/3062 3063/3063
f 3064/3064 3065/3065 3066/3066
f 3067/3067 3068/3068 3069/3069
f 3067/3067 3069/3069 3070/3070
f 3071/3071 3072/3072 3073/3073
f 3074/3074 3075/3075 3076/3076
f 3077/3077 3078/3078 3079/3079
f 3077/3077 3079/3079 3080/3080
f 3081/3081 3082/3082 3083/3083
f 3084/3084 3085/3085 3086/3086
f 3087/3087 3088/3088 3089/3089
f 3087/3087 3089/3089 3090/3090
f 3091/3091 3092/3092 3093/3093
f 3094/3094 3095/3095 3096/3096
f 3097/3097 3098/3098 3099/3099
f 3097/3097 3099/3099 3100/3100
f 3101/3101 3102/3102 3103/3103
f 3104/3104 3105/3105 3106/3106
f 3107/3107 3108/3108 3109/3109
f 3107/3107 3109/3109 3110/3110
f 3111/3111 3112/3112 3113/3113
f 3114/3114 3115/3115 3116/3116
f 3117/3117 3118/3118 3119/3119
f 3117/3117 3119/3119 3120/3120
f 3121/3121 3122/3122 3123/3123
f 3124/3124 3125/3125 3126/3126
f 3127/3127 3128/3128 3129/3129
f 3127/3127 3129/3129 3130/3130
f 3131/3131 3132/3132 3133/3133
f 3134/3134 3135/3135 3136/3136
f 3137/3137 3138/3138 3139/3139
f 3137/3137 3139/3139 3140/3140
f 3141/3141 3142/3142 3143/3143
f 3144/3144 3145/3145 3146/3146
f 3147/3147 3148/3148 3149/3149
f 3147/3147 3149/3149 3150/3150
f 3151/3151 3152/3152 3153/3153
f 3154/3154 3155/3155 3156/3156
f 3157/3157 3158/3158 3159/3159
f 3157/3157 3159/3159 3160/3160
f 3161/3161 3162/3162 3163/3163
f 3164/3164 3165/3165 3166/3166
f 3167/3167 3168/3168 3169/3169
f 3167/3167 3169/3169 3170/3170
f 3171/3171 3172/3172 3173/3173
f 3174/3174 3175/3175 3176/3176
f 3177/3177 3178/3178 3179/3179
f 3177/3177 3179/3179 3180/3180
f 3181/3181 3182/3182 3183/3183
f 3184/3184 3185/3185 3186/3186
f 3187/3187 3188/3188 3189/3189
f 3187/3187 3189/3189 3190/3190
f 3191/3191 3192/3192 3193/3193
f 3194/3194 3195/3195 3196/3196
f 3197/3197 3198/3198 3199/3199
f 3197/3197 3199/3199 3200/3200
f 3201/3201 3202/3202 3203/3203
f 3204/3204 3205/3205 3206/3206
f 3207/3207 3208/3208 3209/3209
f 3207/3207 3209/3209 3210/3210
f 3211/3211 3212/3212 3213/3213
f 3214/3214 3215/3215 3216/3216
f 3217/3217 3218/3218 3219/3219
f 3217/3217 3219/3219 3220/3220
f 3221/3221 3222/3222 3223/3223
f 3224/3224 3225/3225 3226/3226
f 3227/3227 3228/3228 3229/3229
f 3227/3227 3229/3229 3230/3230
f 3231/3231 3232/3232 3233/3233
f 3234/3234 3235/3235 3236/3236
f 3237/3237 3238/3238 3239/3239
f 3237/3237 3239/3239 3240/3240
f 3241/3241 3242/3242 3243/3243
f 3244/3244 3245/3245 3246/3246
f 3247/3247 3248/3248 3249/3249
f 3247/3247 3249/3249 3250/3250
f 3251/3251 3252/3252 3253/3253
f 3254/3254 3255/3255 3256/3256
f 3257/3257 3258/3258 3259/3259
f 3257/3257 3259/3259 3260/3260
f 3261/3261 3262/3262 3263/3263
f 3264/3264 3265/3265 3266/3266
f 3267/3267 3268/3268 3269/3269
f 3267/3267 3269/3269 3270/3270
f 3271/3271 3272/3272 3273/3273
f 3274/3274 3275/3275 3276/3276
f 3277/3277 3278/3278 3279/3279
f 3277/3277 3279/3279 3280/3280
f 3281/3281 3282/3282 3283/3283
f 3284/3284 3285/3285 3286/3286
f 3287/3287 3288/3288 3289/3289
f 3287/3287 3289/3289 3290/3290
f 3291/3291 3292/3292 3293/3293
f 3294/3294 3295/3295 3296/3296
f 3297/3297 3298/3298 3299/3299
f 3297/3297 3299/3299 3300/3300
f 3301/3301 3302/3302 3303/3303
f 3304/3304 3305/3305 3306/3306
f 3307/3307 3308/3308 3309/3309
f 3307/3307 3309/3309 3310/3310
f 3311/3311 3312/3312 3313/3313
f 3314/3314 3315/3315 3316/3316
f 3317/3317 3318/3318 3319/3319
f 3317/3317 3319/3319 3320/3320
f 3321/3321 3322/3322 3323/3323
f 3324/3324 3325/3325 3326/3326
f 3327/3327 3328/3328 3329/3329
f 3327/3327 3329/3329 3330/3330
f 3331/3331 3332/3332 3333/3333
f 3334/3334 3335/3335 3336/3336
f 3337/3337 3338/3338 3339/3339
f 3337/3337 3339/3339 3340/3340
f 3341/3341 3342/3342 3343/3343
f 3344/3344 3345/3345 3346/3346
f 3347/3347 3348/3348 3349/3349
f 3347/3347 3349/3349 3350/3350
f 3351/3351 3352/3352 3353/3353
f 3354/3354 3355/3355 3356/3356
f 3357/3357 3358/3358 3359/3359
f 3357/3357 3359/3359 3360/3360
f 3361/3361 3362/3362 3363/3363
f 3364/3364 3365/3365 3366/3366
f 3367/3367 3368/3368 3369/3369
f 3367/3367 3369/3369 3370/3370
f 3371/3371 3372/3372 3373/3373
f 3374/3374 3375/3375 3376/3376
f 3377/3377 3378/3378 3379/3379
f 3377/3377 3379/3379 3380/3380
f 3381/3381 3382/3382 3383/3383
f 3384/3384 3385/3385 3386/3386
f 3387/3387 3388/3388 3389/3389
f 3387/3387 3389/3389 3390/3390
f 3391/3391 3392/3392 3393/3393
f 3394/3394 3395/3395 3396/3396
f 3397/3397 3398/3398 3399/3399
f 3397/3397 3399/3399 3400/3400
f 3401/3401 3402/3402 3403/3403
f 3404/3404 3405/3405 3406/3406
f 3407/3407 3408/3408 3409/3409
f 3407/3407 3409/3409 3410/3410
f 3411/3411 3412/3412 3413/3413
f 3414/3414 3415/3415 3416/3416
f 3417/3417 3418/3418 3419/3419
f 3417/3417 3419/3419 3420/3420
f 3421/3421 3422/3422 3423/3423
f 3424/3424 3425/3425 3426/3426
f 3427/3427 3428/3428 3429/3429
f 3427/3427 3429/3429 3430/3430
f 3431/3431 3432/3432 3433/3433
f 3434/3434 3435/3435 3436/3436
f 3437/3437 3438/3438 3439/3439
f 3437/3437 3439/3439 3440/3440
f 3441/3441 3442/3442 3443/3443
f 3444/3444 3445/3445 3446/3446
f 3447/3447 3448/3448 3449/3449
f 3447/3447 3449/3449 3450/3450
f 3451/3451 3452/3452 3453/3453
f 3454/3454 3455/3455 3456/3456
f 3457/3457 3458/3458 3459/3459
f 3457/3457 3459/3459 3460/3460
f 3461/3461 3462/3462 3463/3463
f 3464/3464 3465/3465 3466/3466
f 3467/3467 3468/3468 3469/3469
f 3467/3467 3469/3469 3470/3470
f 3471/3471 3472/3472 3473/3473
f 3474/3474 3475/3475 3476/3476
f 3477/3477 3478/3478 3479/3479
f 3477/3477 3479/3479 3480/3480
f 3481/3481 3482/3482 3483/3483
f 3484/3484 3485/3485 3486/3486
f 3487/3487 3488/3488 3489/3489
f 3487/3487 3489/3489 3490/3490
f 3491/3491 3492/3492 3493/3493
f 3494/3494 3495/3495 3496/3496
f 3497/3497 3498/3498 3499/3499
f 3497/3497 3499/3499 3500/3500
f 3501/3501 3502/3502 3503/3503
f 3504/3504 3505/3505 3506/3506
f 3507/3507 3508/3508 3509/3509
f 3507/3507 3509/3509 3510/3510
f 3511/3511 3512/3512 3513/3513
f 3514/3514 3515/3515 3516/3516
f 3517/3517 3518/3518 3519/3519
f 3517/3517 3519/3519 3520/3520
f 3521/3521 3522/3522 3523/3523
f 3524/3524 3525/3525 3526/3526
f 3527/3527 3528/3528 3529/3529
f 3527/3527 3529/3529 3530/3530
f 3531/3531 3532/3532 3533/3533
f 3534/3534 3535/3535 3536/3536
f 3537/3537 3538/3538 3539/3539
f 3537/3537 3539/3539 3540/3540
f 3541/3541 3542/3542 3543/3543
f 3544/3544 3545/3545 3546/3546
f 3547/3547 3548/3548 3549/3549
f 3547/3547 3549/3549 3550/3550
f 3551/3551 3552/3552 3553/3553
f 3554/3554 3555/3555 3556/3556
f 3557/3557 3558/3558 3559/3559
f 3557/3557 3559/3559 3560/3560
f 3561/3561 3562/3562 3563/3563
f 3564/3564 3565/3565 3566/3566
f 3567/3567 3568/3568 3569/3569
f 3567/3567 3569/3569 3570/3570
f 3571/3571 3572/3572 3573/3573
f 3574/3574 3575/3575 3576/3576
f 3577/3577 3578/3578 3579/3579
f 3577/3577 3579/3579 3580/3580
f 3581/3581 3582/3582 3583/3583
f 3584/3584 3585/3585 3586/3586
f 3587/3587 3588/3588 3589/3589
f 3587/3587 3589/3589 3590/3590
f 3591/3591 3592/3592 3593/3593
f 3594/3594 3595/3595 3596/3596
f 3597/3597 3598/3598 3599/3599
f 3597/3597 3599/3599 3600/3600
f 3601/3601 3602/3602 3603/3603
f 3604/3604 3605/3605 3606/3606
f 3607/3607 3608/3608 3609/3609
f 3607/3607 3609/3609 3610/3610
f 3611/3611 3612/3612 3613/3613
f 3614/3614 3615/3615 3616/3616
f 3617/3617 3618/3618 3619/3619
f 3617/3617 3619/3619 3620/3620
f 3621/3621 3622/3622 3623/3623
f 3624/3624 3625/3625 3626/3626
f 3627/3627 3628/3628 3629/3629
f 3627/3627 3629/3629 3630/3630
f 3631/3631 3632/3632 3633/3633
f 3634/3634 3635/3635 3636/3636
f 3637/3637 3638/3638 3639/3639
f 3637/3637 3639/3639 3640/3640
f 3641/3641 3642/3642 3643/3643
f 3644/3644 3645/3645 3646/3646
f 3647/3647 3648/3648 3649/3649
f 3647/3647 3649/3649 3650/3650
f 3651/3651 3652/3652 3653/3653
f 3654/3654 3655/3655 3656/3656
f 3657/3657 3658/3658 3659/3659
f 3657/3657 3659/3659 3660/3660
f 3661/3661 3662/3662 3663/3663
f 3664/3664 3665/3665 3666/3666
f 3667/3667 3668/3668 3669/3669
f 3667/3667 3669/3669 3670/3670
f 3671/3671 3672/3672 3673/3673
f 3674/3674 3675/3675 3676/3676
f 3677/3677 3678/3678 3679/3679
f 3677/3677 3679/3679 3680/3680
f 3681/3681 3682/3682 3683/3683
f 3684/3684 3685/3685 3686/3686
f 3687/3687 3688/3688 3689/3689
f 3687/3687 3689/3689 3690/3690
f 3691/3691 3692/3692 3693/3693
f 3694/3694 3695/3695 3696/3696
f 3697/3697 3698/3698 3699/3699
f 3697/3697 3699/3699 3700/3700
f 3701/3701 3702/3702 3703/3703
f 3704/3704 3705/3705 3706/3706
f 3707/3707 3708/3708 3709/3709
f 3707/3707 3709/3709 3710/3710
f 3711/3711 3712/3712 3713/3713
f 3714/3714 3715/3715 3716/3716
f 3717/3717 3718/3718 3719/3719
f 3717/3717 3719/3719 3720/3720
f 3721/3721 3722/3722 3723/3723
f 3724/3724 3725/3725 3726/3726
f 3727/3727 3728/3728 3729/3729
f 3727/3727 3729/3729 3730/3730
f 3731/3731 3732/3732 3733/3733
f 3734/3734 3735/3735 3736/3736
f 3737/3737 3738/3738 3739/3739
f 3737/3737 3739/3739 3740/3740
f 3741/3741 3742/3742 3743/3743
f 3744/3744 3745/3745 3746/3746
f 3747/3747 3748/3748 3749/3749
f 3747/3747 3749/3749 3750/3750
f 3751/3751 3752/3752 3753/3753
f 3754/3754 3755/3755 3756/3756
f 3757/3757 3758/3758 3759/3759
f 3757/3757 3759/3759 3760/3760
f 3761/3761 3762/3762 3763/3763
f 3764/3764 3765/3765 3766/3766
f 3767/3767 3768/3768 3769/3769
f 3767/3767 3769/3769 3770/3770
f 3771/3771 3772/3772 3773/3773
f 3774/3774 3775/3775 3776/3776
f 3777/3777 3778/3778 3779/3779
f 3777/3777 3779/3779 3780/3780
f 3781/3781 3782/3782 3783/3783
f 3784/3784 3785/3785 3786/3786
f 3787/3787 3788/3788 3789/3789
f 3787/3787 3789/3789 3790/3790
f 3791/3791 3792/3792 3793/3793
f 3794/3794 3795/3795 3796/3796
f 3797/3797 3798/3798 3799/3799
f 3797/3797 3799/3799 3800/3800
f 3801/3801 3802/3802 3803/3803
f 3804/3804 3805/3805 3806/3806
f 3807/3807 3808/3808 3809/3809
f 3807/3807 3809/3809 3810/3810
f 3811/3811 3812/3812 3813/3813
f 3814/3814 3815/3815 3816/3816
f 3817/3817 3818/3818 3819/3819
f 3817/3817 3819/3819 3820/3820
f 3821/3821 3822/3822 3823/3823
f 3824/3824 3825/3825 3826/3826
f 3827/3827 3828/3828 3829/3829
f 3827/3827 3829/3829 3830/3830
f 3831/3831 3832/3832 3833/3833
f 3834/3834 3835/3835 3836/3836
f 3837/3837 3838/3838 3839/3839
f 3837/3837 3839/3839 3840/3840
f 3841/3841 3842/3842 3843/3843
f 3844/3844 3845/3845 3846/3846
f 3847/3847 3848/3848 3849/3849
f 3847/3847 3849/3849 3850/3850
f 3851/3851 3852/3852 3853/3853
f 3854/3854 3855/3855 3856/3856
f 3857/3857 3858/3858 3859/3859
f 3857/3857 3859/3859 3860/3860
f 3861/3861 3862/3862 3863/3863
f 3864/3864 3865/3865 3866/3866
f 3867/3867 3868/3868 3869/3869
f 3867/3867 3869/3869 3870/3870
f 3871/3871 3872/3872 3873/3873
f 3874/3874 3875/3875 3876/3876
f 3877/3877 3878/3878 3879/3879
f 3877/3877 3879/3879 3880/3880
f 3881/3881 3882/3882 3883/3883
f 3884/3884 3885/3885 3886/3886
f 3887/3887 3888/3888 3889/3889
f 3887/3887 3889/3889 3890/3890
f 3891/3891 3892/3892 3893/3893
f 3894/3894 3895/3895 3896/3896
f 3897/3897 3898/3898 3899/3899
f 3897/3897 3899/3899 3900/3900
f 3901/3901 3902/3902 3903/3903
f 3904/3904 3905/3905 3906/3906
f 3907/3907 3908/3908 3909/3909
f 3907/3907 3909/3909 3910/3910
f 3911/3911 3912/3912 3913/3913
f 3914/3914 3915/3915 3916/3916
f 3917/3917 3918/3918 3919/3919
f 3917/3917 3919/3919 3920/3920
f 3921/3921 3922/3922 3923/3923
f 3924/3924 3925/3925 3926/3926
f 3927/3927 3928/3928 3929/3929
f 3927/3927 3929/3929 3930/3930
f 3931/3931 3932/3932 3933/3933
f 3934/3934 3935/3935 3936/3936
f 3937/3937 3938/3938 3939/3939
f 3937/3937 3939/3939 3940/3940
f 3941/3941 3942/3942 3943/3943
f 3944/3944 3945/3945 3946/3946
f 3947/3947 3948/3948 3949/3949
f 3947/3947 3949/3949 3950/3950
f 3951/3951 3952/3952 3953/3953
f 3954/3954 3955/3955 3956/3956
f 3957/3957 3958/3958 3959/3959
f 3957/3957 3959/3959 3960/3960
f 3961/3961 3962/3962 3963/3963
f 3964/3964 3965/3965 3966/3966
f 3967/3967 3968/3968 3969/3969
f 3967/3967 3969/3969 3970/3970
f 3971/3971 3972/3972 3973/3973
f 3974/3974 3975/3975 3976/3976
f 3977/3977 3978/3978 3979/3979
f 3977/3977 3979/3979 3980/3980
f 3981/3981 3982/3982 3983/3983
f 3984/3984 3985/3985 3986/3986
f 3987/3987 3988/3988 3989/3989
f 3987/3987 3989/3989 3990/3990
f 3991/3991 3992/3992 3993/3993
f 3994/3994 3995/3995 3996/3996
f 3997/3997 3998/3998 3999/3999
f 3997/3997 3999/3999 4000/4000
f 4001/4001 4002/4002 4003/4003
f 4004/4004 4005/4005 4006/4006
f 4007/4007 4008/4008 4009/4009
f 4007/4007 4009/4009 4010/4010
f 4011/4011 4012/4012 4013/4013
f 4014/4014 4015/4015 4016/4016
f 4017/4017 4018/4018 4019/4019
f 4017/4017 4019/4019 4020/4020
f 4021/4021 4022/4022 4023/4023
f 4024/4024 4025/4025 4026/4026
f 4027/4027 4028/4028 4029/4029
f 4027/4027 4029/4029 4030/4030
f 4031/4031 4032/4032 4033/4033
f 4034/4034 4035/4035 4036/4036
f 4037/4037 4038/4038 4039/4039
f 4037/4037 4039/4039 4040/4040
f 4041/4041 4042/4042 4043/4043
f 4044/4044 4045/4045 4046/4046
f 4047/4047 4048/4048 4049/4049
f 4047/4047 4049/4049 4050/4050
f 4051/4051 4052/4052 4053/4053
f 4054/4054 4055/4055 4056/4056
f 4057/4057 4058/4058 4059/4059
f 4057/4057 4059/4059 4060/4060
f 4061/4061 4062/4062 4063/4063
f 4064/4064 4065/4065 4066/4066
f 4067/4067 4068/4068 4069/4069
f 4067/4067 4069/4069 4070/4070
f 4071/4071 4072/4072 4073/4073
f 4074/4074 4075/4075 4076/4076
f 4077/4077 4078/4078 4079/4079
f 4077/4077 4079/4079 4080/4080
f 4081/4081 4082/4082 4083/4083
f 4084/4084 4085/4085 4086/4086
f 4087/4087 4088/4088 4089/4089
f 4087/4087 4089/4089 4090/4090
f 4091/4091 4092/4092 4093/4093
f 4094/4094 4095/4095 4096/4096
f 4097/4097 4098/4098 4099/4099
f 4097/4097 4099/4099 4100/4100
f 4101/4101 4102/4102 4103/4103
f 4104/4104 4105/4105 4106/4106
f 4107/4107 4108/4108 4109/4109
f 4107/4107 4109/4109 4110/4110
f 4111/4111 4112/4112 4113/4113
f 4114/4114 4115/4115 4116/4116
f 4117/4117 4118/4118 4119/4119
f 4117/4117 4119/4119 4120/4120
f 4121/4121 4122/4122 4123/4123
f 4124/4124 4125/4125 4126/4126
usemtl masonry
f 73/73 74/74 75/75
f 73/73 75/75 76/76
f 77/77 78/78 79/79
f 77/77 79/79 80/80
f 81/81 82/82 83/83
f 81/81 83/83 84/84
f 85/85 86/86 87/87
f 85/85 87/87 88/88
f 89/89 90/90 91/91
f 89/89 91/91 92/92
f 93/93 94/94 95/95
f 93/93 95/95 96/96
f 217/217 218/218 219/219
f 217/217 219/219 220/220
f 221/221 222/222 223/223
f 221/221 223/223 224/224
f 225/225 226/226 227/227
f 225/225 227/227 228/228
f 229/229 230/230 231/231
f 229/229 231/231 232/232
f 233/233 234/234 235/235
f 233/233 235/235 236/236
f 237/237 238/238 239/239
f 237/237 239/239 240/240
f 313/313 314/314 315/315
f 313/313 315/315 316/316
f 317/317 318/318 319/319
f 317/317 319/319 320/320
f 321/321 322/322 323/323
f 321/321 323/323 324/324
f 325/325 326/326 327/327
f 325/325 327/327 328/328
f 329/329 330/330 331/331
f 329/329 331/331 332/332
f 333/333 334/334 335/335
f 333/333 335/335 336/336
f 337/337 338/338 339/339
f 337/337 339/339 340/340
f 341/341 342/342 343/343
f 341/341 343/343 344/344
f 345/345 346/346 347/347
f 345/345 347/347 348/348
f 349/349 350/350 351/351
f 349/349 351/351 352/352
f 353/353 354/354 355/355
f 353/353 355/355 356/356
f 357/357 358/358 359/359
f 357/357 359/359 360/360
f 385/385 386/386 387/387
f 385/385 387/387 388/388
f 389/389 390/390 391/391
f 389/389 391/391 392/392
f 393/393 394/394 395/395
f 393/393 395/395 396/396
f 397/397 398/398 399/399
f 397/397 399/399 400/400
f 401/401 402/402 403/403
f 401/401 403/403 404/404
f 405/405 406/406 407/407
f 405/405 407/407 408/408
f 577/577 578/578 579/579
f 577/577 579/579 580/580
f 581/581 582/582 583/583
f 581/581 583/583 584/584
f 585/585 586/586 587/587
f 585/585 587/587 588/588
f 589/589 590/590 591/591
f 589/589 591/591 592/592
f 593/593 594/594 595/595
f 593/593 595/595 596/596
f 597/597 598/598 599/599
f 597/597 599/599 600/600
f 673/673 674/674 675/675
f 673/673 675/675 676/676
f 677/677 678/678 679/679
f 677/677 679/679 680/680
f 681/681 682/682 683/683
f 681/681 683/683 684/684
f 685/685 686/686 687/687
f 685/685 687/687 688/688
f 689/689 690/690 691/691
f 689/689 691/691 692/692
f 693/693 694/694 695/695
f 693/693 695/695 696/696
f 769/769 770/770 771/771
f 769/769 771/771 772/772
f 773/773 774/774 775/775
f 773/773 775/775 776/776
f 777/777 778/778 779/779
f 777/777 779/779 780/780
f 781/781 782/782 783/783
f 781/781 783/783 784/784
f 785/785 786/786 787/787
f 785/785 787/787 788/788
f 789/789 790/790 791/791
f 789/789 791/791 792/792
f 817/817 818/818 819/819
f 817/817 819/819 820/820
f 821/821 822/822 823/823
f 821/821 823/823 824/824
f 825/825 826/826 827/827
f 825/825 827/827 828/828
f 829/829 830/830 831/831
f 829/829 831/831 832/832
f 833/833 834/834 835/835
f 833/833 835/835 836/836
f 837/837 838/838 839/839
f 837/837 839/839 840/840
f 889/889 890/890 891/891
f 889/889 891/891 892/892
f 893/893 894/894 895/895
f 893/893 895/895 896/896
f 897/897 898/898 899/899
f 897/897 899/899 900/900
f 901/901 902/902 903/903
f 901/901 903/903 904/904
f 905/905 906/906 907/907
f 905/905 907/907 908/908
f 909/909 910/910 911/911
f 909/909 911/911 912/912
f 937/937 938/938 939/939
f 937/937 939/939 940/940
f 941/941 942/942 943/943
f 941/941 943/943 944/944
f 945/945 946/946 947/947
f 945/945 947/947 948/948
f 949/949 950/950 951/951
f 949/949 951/951 952/952
f 953/953 954/954 955/955
f 953/953 955/955 956/956
f 957/957 958/958 959/959
f 957/957 959/959 960/960
f 961/961 962/962 963/963
f 961/961 963/963 964/964
f 965/965 966/966 967/967
f 965/965 967/967 968/968
f 969/969 970/970 971/971
f 969/969 971/971 972/972
f 973/973 974/974 975/975
f 973/973 975/975 976/976
f 977/977 978/978 979/979
f 977/977 979/979 980/980
f 981/981 982/982 983/983
f 981/981 983/983 984/984
f 985/985 986/986 987/987
f 985/985 987/987 988/988
f 989/989 990/990 991/991
f 989/989 991/991 992/992
f 993/993 994/994 995/995
f 993/993 995/995 996/996
f 997/997 998/998 999/999
f 997/997 999/999 1000/1000
f 1001/1001 1002/1002 1003/1003
f 1001/1001 1003/1003 1004/1004
f 1005/1005 1006/1006 1007/1007
f 1005/1005 1007/1007 1008/1008
f 1033/1033 1034/1034 1035/1035
f 1033/1033 1035/1035 1036/1036
f 1037/1037 1038/1038 1039/1039
f 1037/1037 1039/1039 1040/1040
f 1041/1041 1042/1042 1043/1043
f 1041/1041 1043/1043 1044/1044
f 1045/1045 1046/1046 1047/1047
f 1045/1045 1047/1047 1048/1048
f 1049/1049 1050/1050 1051/1051
f 1049/1049 1051/1051 1052/1052
f 1053/1053 1054/1054 1055/1055
f 1053/1053 1055/1055 1056/1056
f 1057/1057 1058/1058 1059/1059
f 1057/1057 1059/1059 1060/1060
f 1061/1061 1062/1062 1063/1063
f 1061/1061 1063/1063 1064/1064
f 1065/1065 1066/1066 1067/1067
f 1065/1065 1067/1067 1068/1068
f 1069/1069 1070/1070 1071/1071
f 1069/1069 1071/1071 1072/1072
f 1073/1073 1074/1074 1075/1075
f 1073/1073 1075/1075 1076/1076
f 1077/1077 1078/1078 1079/1079
f 1077/1077 1079/1079 1080/1080
f 1105/1105 1106/1106 1107/1107
f 1105/1105 1107/1107 1108/1108
f 1109/1109 1110/1110 1111/1111
f 1109/1109 1111/1111 1112/1112
f 1113/1113 1114/1114 1115/1115
f 1113/1113 1115/1115 1116/1116
f 1117/1117 1118/1118 1119/1119
f 1117/1117 1119/1119 1120/1120
f 1121/1121 1122/1122 1123/1123
f 1121/1121 1123/1123 1124/1124
f 1125/1125 1126/1126 1127/1127
f 1125/1125 1127/1127 1128/1128
f 1177/1177 1178/1178 1179/1179
f 1177/1177 1179/1179 1180/1180
f 1181/1181 1182/1182 1183/1183
f 1181/1181 1183/1183 1184/1184
f 1185/1185 1186/1186 1187/1187
f 1185/1185 1187/1187 1188/1188
f 1189/1189 1190/1190 1191/1191
f 1189/1189 1191/1191 1192/1192
f 1193/1193 1194/1194 1195/1195
f 1193/1193 1195/1195 1196/1196
f 1197/1197 1198/1198 1199/1199
f 1197/1197 1199/1199 1200/1200
f 1201/1201 1202/1202 1203/1203
f 1201/1201 1203/1203 1204/1204
f 1205/1205 1206/1206 1207/1207
f 1205/1205 1207/1207 1208/1208
f 1209/1209 1210/1210 1211/1211
f 1209/1209 1211/1211 1212/1212
f 1213/1213 1214/1214 1215/1215
f 1213/1213 1215/1215 1216/1216
f 1217/1217 1218/1218 1219/1219
f 1217/1217 1219/1219 1220/1220
f 1221/1221 1222/1222 1223/1223
f 1221/1221 1223/1223 1224/1224
f 1249/1249 1250/1250 1251/1251
f 1249/1249 1251/1251 1252/1252
f 1253/1253 1254/1254 1255/1255
f 1253/1253 1255/1255 1256/1256
f 1257/1257 1258/1258 1259/1259
f 1257/1257 1259/1259 1260/1260
f 1261/1261 1262/1262 1263/1263
f 1261/1261 1263/1263 1264/1264
f 1265/1265 1266/1266 1267/1267
f 1265/1265 1267/1267 1268/1268
f 1269/1269 1270/1270 1271/1271
f 1269/1269 1271/1271 1272/1272
f 1297/1297 1298/1298 1299/1299
f 1297/1297 1299/1299 1300/1300
f 1301/1301 1302/1302 1303/1303
f 1301/1301 1303/1303 1304/1304
f 1305/1305 1306/1306 1307/1307
f 1305/1305 1307/1307 1308/1308
f 1309/1309 1310/1310 1311/1311
f 1309/1309 1311/1311 1312/1312
f 1313/1313 1314/1314 1315/1315
f 1313/1313 1315/1315 1316/1316
f 1317/1317 1318/1318 1319/1319
f 1317/1317 1319/1319 1320/1320
f 1321/1321 1322/1322 1323/1323
f 1321/1321 1323/1323 1324/1324
f 1325/1325 1326/1326 1327/1327
f 1325/1325 1327/1327 1328/1328
f 1329/1329 1330/1330 1331/1331
f 1329/1329 1331/1331 1332/1332
f 1333/1333 1334/1334 1335/1335
f 1333/1333 1335/1335 1336/1336
f 1337/1337 1338/1338 1339/1339
f 1337/1337 1339/1339 1340/1340
f 1341/1341 1342/1342 1343/1343
f 1341/1341 1343/1343 1344/1344
f 1441/1441 1442/1442 1443/1443
f 1441/1441 1443/1443 1444/1444
f 1445/1445 1446/1446 1447/1447
f 1445/1445 1447/1447 1448/1448
f 1449/1449 1450/1450 1451/1451
f 1449/1449 1451/1451 1452/1452
f 1453/1453 1454/1454 1455/1455
f 1453/1453 1455/1455 1456/1456
f 1457/1457 1458/1458 1459/1459
f 1457/1457 1459/1459 1460/1460
f 1461/1461 1462/1462 1463/1463
f 1461/1461 1463/1463 1464/1464
f 1489/1489 1490/1490 1491/1491
f 1489/1489 1491/1491 1492/1492
f 1493/1493 1494/1494 1495/1495
f 1493/1493 1495/1495 1496/1496
f 1497/1497 1498/1498 1499/1499
f 1497/1497 1499/1499 1500/1500
f 1501/1501 1502/1502 1503/1503
f 1501/1501 1503/1503 1504/1504
f 1505/1505 1506/1506 1507/1507
f 1505/1505 1507/1507 1508/1508
f 1509/1509 1510/1510 1511/1511
f 1509/1509 1511/1511 1512/1512
