# D_mat_4 (Sightline generated, CENTIMETRES, +Z up)
v 243.93 -296.70 -28.64
v 243.99 -258.77 3.53
v 211.13 -280.95 27.81
v 207.19 -318.76 13.10
v 215.18 -269.09 -45.31
v 177.33 -291.49 -7.58
v 186.77 -262.17 17.40
v 225.89 -238.89 -14.08
v 243.93 -296.70 -28.64
v 207.19 -318.76 13.10
v 177.33 -291.49 -7.58
v 215.18 -269.09 -45.31
v 243.99 -258.77 3.53
v 225.89 -238.89 -14.08
v 186.77 -262.17 17.40
v 211.13 -280.95 27.81
v 243.93 -296.70 -28.64
v 215.18 -269.09 -45.31
v 225.89 -238.89 -14.08
v 243.99 -258.77 3.53
v 207.19 -318.76 13.10
v 211.13 -280.95 27.81
v 186.77 -262.17 17.40
v 177.33 -291.49 -7.58
v 157.54 -184.73 -4.70
v 154.88 -168.65 12.53
v 168.17 -182.69 23.94
v 168.17 -200.06 2.18
v 141.92 -191.76 -4.80
v 149.51 -207.16 11.68
v 149.04 -184.82 30.97
v 144.28 -175.31 15.40
v 157.54 -184.73 -4.70
v 168.17 -200.06 2.18
v 149.51 -207.16 11.68
v 141.92 -191.76 -4.80
v 154.88 -168.65 12.53
v 144.28 -175.31 15.40
v 149.04 -184.82 30.97
v 168.17 -182.69 23.94
v 157.54 -184.73 -4.70
v 141.92 -191.76 -4.80
v 144.28 -175.31 15.40
v 154.88 -168.65 12.53
v 168.17 -200.06 2.18
v 168.17 -182.69 23.94
v 149.04 -184.82 30.97
v 149.51 -207.16 11.68
v 27.84 100.48 -0.87
v 6.09 122.53 -23.52
v 22.40 156.81 -0.73
v 39.04 140.52 35.67
v 1.81 96.60 18.29
v 12.61 135.97 44.12
v -1.17 150.50 18.95
v -10.17 119.78 -1.67
v 27.84 100.48 -0.87
v 39.04 140.52 35.67
v 12.61 135.97 44.12
v 1.81 96.60 18.29
v 6.09 122.53 -23.52
v -10.17 119.78 -1.67
v -1.17 150.50 18.95
v 22.40 156.81 -0.73
v 27.84 100.48 -0.87
v 1.81 96.60 18.29
v -10.17 119.78 -1.67
v 6.09 122.53 -23.52
v 39.04 140.52 35.67
v 22.40 156.81 -0.73
v -1.17 150.50 18.95
v 12.61 135.97 44.12
v 84.45 -94.90 16.98
v 100.73 -123.28 -13.01
v 138.18 -121.08 -1.10
v 126.05 -86.44 15.64
v 86.97 -71.67 -12.93
v 124.55 -62.43 -0.88
v 131.79 -103.08 -20.48
v 98.58 -110.01 -38.80
v 84.45 -94.90 16.98
v 126.05 -86.44 15.64
v 124.55 -62.43 -0.88
v 86.97 -71.67 -12.93
v 100.73 -123.28 -13.01
v 98.58 -110.01 -38.80
v 131.79 -103.08 -20.48
v 138.18 -121.08 -1.10
v 84.45 -94.90 16.98
v 86.97 -71.67 -12.93
v 98.58 -110.01 -38.80
v 100.73 -123.28 -13.01
v 126.05 -86.44 15.64
v 138.18 -121.08 -1.10
v 131.79 -103.08 -20.48
v 124.55 -62.43 -0.88
v -65.55 33.40 14.41
v -45.16 26.70 12.10
v -40.20 43.67 21.93
v -53.91 50.61 19.47
v -63.40 35.16 -0.69
v -58.32 57.03 8.35
v -37.83 52.35 3.46
v -42.73 30.49 -5.38
v -65.55 33.40 14.41
v -53.91 50.61 19.47
v -58.32 57.03 8.35
v -63.40 35.16 -0.69
v -45.16 26.70 12.10
v -42.73 30.49 -5.38
v -37.83 52.35 3.46
v -40.20 43.67 21.93
v -65.55 33.40 14.41
v -63.40 35.16 -0.69
v -42.73 30.49 -5.38
v -45.16 26.70 12.10
v -53.91 50.61 19.47
v -40.20 43.67 21.93
v -37.83 52.35 3.46
v -58.32 57.03 8.35
v 148.22 -193.37 -7.73
v 173.89 -199.00 -5.68
v 169.32 -228.54 -8.40
v 139.56 -225.35 -6.00
v 143.06 -196.61 14.75
v 146.07 -219.64 10.84
v 168.62 -230.37 7.78
v 179.27 -197.73 7.31
v 148.22 -193.37 -7.73
v 139.56 -225.35 -6.00
v 146.07 -219.64 10.84
v 143.06 -196.61 14.75
v 173.89 -199.00 -5.68
v 179.27 -197.73 7.31
v 168.62 -230.37 7.78
v 169.32 -228.54 -8.40
v 148.22 -193.37 -7.73
v 143.06 -196.61 14.75
v 179.27 -197.73 7.31
v 173.89 -199.00 -5.68
v 139.56 -225.35 -6.00
v 169.32 -228.54 -8.40
v 168.62 -230.37 7.78
v 146.07 -219.64 10.84
v 280.72 -242.08 1.46
v 324.00 -221.65 -1.55
v 343.88 -255.32 -12.29
v 300.40 -278.41 -2.30
v 292.76 -240.94 23.00
v 305.07 -278.79 24.00
v 347.36 -253.90 17.35
v 332.03 -224.41 20.35
v 280.72 -242.08 1.46
v 300.40 -278.41 -2.30
v 305.07 -278.79 24.00
v 292.76 -240.94 23.00
v 324.00 -221.65 -1.55
v 332.03 -224.41 20.35
v 347.36 -253.90 17.35
v 343.88 -255.32 -12.29
v 280.72 -242.08 1.46
v 292.76 -240.94 23.00
v 332.03 -224.41 20.35
v 324.00 -221.65 -1.55
v 300.40 -278.41 -2.30
v 343.88 -255.32 -12.29
v 347.36 -253.90 17.35
v 305.07 -278.79 24.00
v 251.83 55.28 -9.07
v 225.93 51.75 -10.95
v 219.09 70.40 -9.39
v 245.70 75.96 -8.04
v 245.49 58.45 8.43
v 240.85 71.12 10.67
v 217.45 72.34 6.79
v 217.58 46.31 0.15
v 251.83 55.28 -9.07
v 245.70 75.96 -8.04
v 240.85 71.12 10.67
v 245.49 58.45 8.43
v 225.93 51.75 -10.95
v 217.58 46.31 0.15
v 217.45 72.34 6.79
v 219.09 70.40 -9.39
v 251.83 55.28 -9.07
v 245.49 58.45 8.43
v 217.58 46.31 0.15
v 225.93 51.75 -10.95
v 245.70 75.96 -8.04
v 219.09 70.40 -9.39
v 217.45 72.34 6.79
v 240.85 71.12 10.67
v -243.53 337.11 -30.12
v -212.85 340.05 -17.81
v -214.17 306.05 -12.56
v -256.75 309.47 -25.84
v -261.23 347.86 -2.92
v -266.45 308.01 -0.35
v -236.26 310.47 19.05
v -239.85 343.42 19.46
v -243.53 337.11 -30.12
v -256.75 309.47 -25.84
v -266.45 308.01 -0.35
v -261.23 347.86 -2.92
v -212.85 340.05 -17.81
v -239.85 343.42 19.46
v -236.26 310.47 19.05
v -214.17 306.05 -12.56
v -243.53 337.11 -30.12
v -261.23 347.86 -2.92
v -239.85 343.42 19.46
v -212.85 340.05 -17.81
v -256.75 309.47 -25.84
v -214.17 306.05 -12.56
v -236.26 310.47 19.05
v -266.45 308.01 -0.35
v -74.94 368.93 -7.24
v -88.15 355.80 -4.73
v -109.25 370.72 -3.96
v -97.24 388.28 -3.27
v -70.81 369.12 7.88
v -91.27 385.55 9.28
v -109.35 370.73 9.59
v -79.25 354.84 5.97
v -74.94 368.93 -7.24
v -97.24 388.28 -3.27
v -91.27 385.55 9.28
v -70.81 369.12 7.88
v -88.15 355.80 -4.73
v -79.25 354.84 5.97
v -109.35 370.73 9.59
v -109.25 370.72 -3.96
v -74.94 368.93 -7.24
v -70.81 369.12 7.88
v -79.25 354.84 5.97
v -88.15 355.80 -4.73
v -97.24 388.28 -3.27
v -109.25 370.72 -3.96
v -109.35 370.73 9.59
v -91.27 385.55 9.28
v -303.09 247.68 -17.24
v -339.73 244.20 21.22
v -334.12 199.43 21.51
v -314.32 186.90 -3.34
v -324.43 248.73 -42.11
v -351.09 202.51 -28.08
v -380.51 203.33 -6.15
v -364.65 253.24 -11.17
v -303.09 247.68 -17.24
v -314.32 186.90 -3.34
v -351.09 202.51 -28.08
v -324.43 248.73 -42.11
v -339.73 244.20 21.22
v -364.65 253.24 -11.17
v -380.51 203.33 -6.15
v -334.12 199.43 21.51
v -303.09 247.68 -17.24
v -324.43 248.73 -42.11
v -364.65 253.24 -11.17
v -339.73 244.20 21.22
v -314.32 186.90 -3.34
v -334.12 199.43 21.51
v -380.51 203.33 -6.15
v -351.09 202.51 -28.08
v -26.95 -144.49 -0.89
v -39.45 -179.34 10.59
v -65.06 -164.68 -0.43
v -54.19 -143.40 -7.85
v -28.70 -138.41 18.57
v -61.68 -132.59 8.98
v -69.53 -155.44 22.51
v -45.89 -169.73 30.16
v -26.95 -144.49 -0.89
v -54.19 -143.40 -7.85
v -61.68 -132.59 8.98
v -28.70 -138.41 18.57
v -39.45 -179.34 10.59
v -45.89 -169.73 30.16
v -69.53 -155.44 22.51
v -65.06 -164.68 -0.43
v -26.95 -144.49 -0.89
v -28.70 -138.41 18.57
v -45.89 -169.73 30.16
v -39.45 -179.34 10.59
v -54.19 -143.40 -7.85
v -65.06 -164.68 -0.43
v -69.53 -155.44 22.51
v -61.68 -132.59 8.98
v -76.55 186.62 11.33
v -103.36 187.56 -17.12
v -90.40 210.84 -25.03
v -68.58 213.45 2.99
v -99.48 199.52 32.88
v -86.68 228.95 18.78
v -105.73 229.93 -12.07
v -122.31 194.11 -7.58
v -76.55 186.62 11.33
v -68.58 213.45 2.99
v -86.68 228.95 18.78
v -99.48 199.52 32.88
v -103.36 187.56 -17.12
v -122.31 194.11 -7.58
v -105.73 229.93 -12.07
v -90.40 210.84 -25.03
v -76.55 186.62 11.33
v -99.48 199.52 32.88
v -122.31 194.11 -7.58
v -103.36 187.56 -17.12
v -68.58 213.45 2.99
v -90.40 210.84 -25.03
v -105.73 229.93 -12.07
v -86.68 228.95 18.78
v 159.02 287.34 26.13
v 124.36 272.37 -5.67
v 158.54 282.34 -41.35
v 200.31 301.70 -2.46
v 142.76 308.50 32.28
v 172.31 335.42 2.75
v 143.08 322.25 -35.76
v 101.58 296.43 -5.19
v 159.02 287.34 26.13
v 200.31 301.70 -2.46
v 172.31 335.42 2.75
v 142.76 308.50 32.28
v 124.36 272.37 -5.67
v 101.58 296.43 -5.19
v 143.08 322.25 -35.76
v 158.54 282.34 -41.35
v 159.02 287.34 26.13
v 142.76 308.50 32.28
v 101.58 296.43 -5.19
v 124.36 272.37 -5.67
v 200.31 301.70 -2.46
v 158.54 282.34 -41.35
v 143.08 322.25 -35.76
v 172.31 335.42 2.75
v -183.49 5.91 -0.50
v -150.24 8.85 -23.50
v -146.87 -28.73 -39.54
v -190.47 -40.03 -18.95
v -162.36 -22.56 23.04
v -168.30 -62.39 0.65
v -124.96 -55.42 -27.30
v -120.73 -10.81 9.96
v -183.49 5.91 -0.50
v -190.47 -40.03 -18.95
v -168.30 -62.39 0.65
v -162.36 -22.56 23.04
v -150.24 8.85 -23.50
v -120.73 -10.81 9.96
v -124.96 -55.42 -27.30
v -146.87 -28.73 -39.54
v -183.49 5.91 -0.50
v -162.36 -22.56 23.04
v -120.73 -10.81 9.96
v -150.24 8.85 -23.50
v -190.47 -40.03 -18.95
v -146.87 -28.73 -39.54
v -124.96 -55.42 -27.30
v -168.30 -62.39 0.65
v -63.83 -19.43 -2.47
v -84.16 -29.08 -20.35
v -98.46 -26.80 -8.92
v -83.00 -23.08 6.94
v -67.02 -38.64 -3.28
v -79.76 -42.22 10.40
v -91.82 -46.52 -4.96
v -75.07 -44.78 -23.04
v -63.83 -19.43 -2.47
v -83.00 -23.08 6.94
v -79.76 -42.22 10.40
v -67.02 -38.64 -3.28
v -84.16 -29.08 -20.35
v -75.07 -44.78 -23.04
v -91.82 -46.52 -4.96
v -98.46 -26.80 -8.92
v -63.83 -19.43 -2.47
v -67.02 -38.64 -3.28
v -75.07 -44.78 -23.04
v -84.16 -29.08 -20.35
v -83.00 -23.08 6.94
v -98.46 -26.80 -8.92
v -91.82 -46.52 -4.96
v -79.76 -42.22 10.40
v -57.51 340.12 6.80
v -73.14 333.64 9.71
v -66.75 319.72 4.98
v -54.73 325.49 3.08
v -59.41 339.69 -2.66
v -56.22 324.79 -5.40
v -68.63 319.59 -2.56
v -72.24 335.68 2.15
v -57.51 340.12 6.80
v -54.73 325.49 3.08
v -56.22 324.79 -5.40
v -59.41 339.69 -2.66
v -73.14 333.64 9.71
v -72.24 335.68 2.15
v -68.63 319.59 -2.56
v -66.75 319.72 4.98
v -57.51 340.12 6.80
v -59.41 339.69 -2.66
v -72.24 335.68 2.15
v -73.14 333.64 9.71
v -54.73 325.49 3.08
v -66.75 319.72 4.98
v -68.63 319.59 -2.56
v -56.22 324.79 -5.40
v 100.50 111.79 0.41
v 122.25 97.88 14.79
v 133.83 113.45 27.47
v 110.59 133.27 14.53
v 123.21 121.98 -14.36
v 128.94 143.51 2.27
v 146.91 122.96 9.01
v 137.17 103.41 -4.11
v 100.50 111.79 0.41
v 110.59 133.27 14.53
v 128.94 143.51 2.27
v 123.21 121.98 -14.36
v 122.25 97.88 14.79
v 137.17 103.41 -4.11
v 146.91 122.96 9.01
v 133.83 113.45 27.47
v 100.50 111.79 0.41
v 123.21 121.98 -14.36
v 137.17 103.41 -4.11
v 122.25 97.88 14.79
v 110.59 133.27 14.53
v 133.83 113.45 27.47
v 146.91 122.96 9.01
v 128.94 143.51 2.27
v -29.16 110.57 18.35
v -43.09 151.10 4.94
v -86.59 142.17 12.20
v -72.03 104.17 27.75
v -33.49 87.85 -15.95
v -74.43 89.04 -6.42
v -89.93 128.49 -21.48
v -39.45 146.32 -31.15
v -29.16 110.57 18.35
v -72.03 104.17 27.75
v -74.43 89.04 -6.42
v -33.49 87.85 -15.95
v -43.09 151.10 4.94
v -39.45 146.32 -31.15
v -89.93 128.49 -21.48
v -86.59 142.17 12.20
v -29.16 110.57 18.35
v -33.49 87.85 -15.95
v -39.45 146.32 -31.15
v -43.09 151.10 4.94
v -72.03 104.17 27.75
v -86.59 142.17 12.20
v -89.93 128.49 -21.48
v -74.43 89.04 -6.42
v -155.60 121.38 -11.65
v -151.02 149.64 -7.55
v -173.24 144.19 10.02
v -172.46 120.35 10.25
v -165.68 126.59 -21.79
v -188.88 123.79 -8.41
v -181.34 149.81 -6.58
v -160.05 148.50 -24.28
v -155.60 121.38 -11.65
v -172.46 120.35 10.25
v -188.88 123.79 -8.41
v -165.68 126.59 -21.79
v -151.02 149.64 -7.55
v -160.05 148.50 -24.28
v -181.34 149.81 -6.58
v -173.24 144.19 10.02
v -155.60 121.38 -11.65
v -165.68 126.59 -21.79
v -160.05 148.50 -24.28
v -151.02 149.64 -7.55
v -172.46 120.35 10.25
v -173.24 144.19 10.02
v -181.34 149.81 -6.58
v -188.88 123.79 -8.41
v 60.94 248.87 -3.71
v 54.21 278.42 -11.22
v 63.27 282.33 14.77
v 72.24 259.25 26.35
v 29.71 248.16 1.41
v 48.58 256.46 33.60
v 47.32 289.68 20.33
v 31.95 278.36 -5.04
v 60.94 248.87 -3.71
v 72.24 259.25 26.35
v 48.58 256.46 33.60
v 29.71 248.16 1.41
v 54.21 278.42 -11.22
v 31.95 278.36 -5.04
v 47.32 289.68 20.33
v 63.27 282.33 14.77
v 60.94 248.87 -3.71
v 29.71 248.16 1.41
v 31.95 278.36 -5.04
v 54.21 278.42 -11.22
v 72.24 259.25 26.35
v 63.27 282.33 14.77
v 47.32 289.68 20.33
v 48.58 256.46 33.60
v 110.21 284.45 19.36
v 88.68 261.87 12.20
v 101.90 237.58 16.89
v 124.52 264.73 26.73
v 115.80 282.19 4.92
v 132.19 264.54 11.16
v 108.49 241.58 1.66
v 90.09 258.55 -2.08
v 110.21 284.45 19.36
v 124.52 264.73 26.73
v 132.19 264.54 11.16
v 115.80 282.19 4.92
v 88.68 261.87 12.20
v 90.09 258.55 -2.08
v 108.49 241.58 1.66
v 101.90 237.58 16.89
v 110.21 284.45 19.36
v 115.80 282.19 4.92
v 90.09 258.55 -2.08
v 88.68 261.87 12.20
v 124.52 264.73 26.73
v 101.90 237.58 16.89
v 108.49 241.58 1.66
v 132.19 264.54 11.16
v -88.63 -140.40 -1.02
v -98.00 -144.10 -15.92
v -113.20 -155.62 -7.60
v -100.00 -150.34 6.47
v -78.45 -160.15 -6.41
v -93.26 -167.55 0.27
v -100.84 -164.42 -12.34
v -89.85 -155.54 -24.00
v -88.63 -140.40 -1.02
v -100.00 -150.34 6.47
v -93.26 -167.55 0.27
v -78.45 -160.15 -6.41
v -98.00 -144.10 -15.92
v -89.85 -155.54 -24.00
v -100.84 -164.42 -12.34
v -113.20 -155.62 -7.60
v -88.63 -140.40 -1.02
v -78.45 -160.15 -6.41
v -89.85 -155.54 -24.00
v -98.00 -144.10 -15.92
v -100.00 -150.34 6.47
v -113.20 -155.62 -7.60
v -100.84 -164.42 -12.34
v -93.26 -167.55 0.27
v 137.95 -289.23 35.55
v 171.77 -280.68 30.67
v 155.00 -259.66 2.13
v 132.41 -270.33 -3.57
v 136.39 -315.32 18.09
v 130.63 -302.67 -13.47
v 155.33 -290.01 -17.74
v 165.56 -314.18 21.22
v 137.95 -289.23 35.55
v 132.41 -270.33 -3.57
v 130.63 -302.67 -13.47
v 136.39 -315.32 18.09
v 171.77 -280.68 30.67
v 165.56 -314.18 21.22
v 155.33 -290.01 -17.74
v 155.00 -259.66 2.13
v 137.95 -289.23 35.55
v 136.39 -315.32 18.09
v 165.56 -314.18 21.22
v 171.77 -280.68 30.67
v 132.41 -270.33 -3.57
v 155.00 -259.66 2.13
v 155.33 -290.01 -17.74
v 130.63 -302.67 -13.47
v -233.79 -167.25 3.64
v -258.35 -160.95 -28.97
v -273.27 -131.58 -5.38
v -250.01 -137.49 23.01
v -246.49 -180.40 8.36
v -265.82 -147.01 29.43
v -289.00 -141.21 0.50
v -267.75 -176.89 -19.43
v -233.79 -167.25 3.64
v -250.01 -137.49 23.01
v -265.82 -147.01 29.43
v -246.49 -180.40 8.36
v -258.35 -160.95 -28.97
v -267.75 -176.89 -19.43
v -289.00 -141.21 0.50
v -273.27 -131.58 -5.38
v -233.79 -167.25 3.64
v -246.49 -180.40 8.36
v -267.75 -176.89 -19.43
v -258.35 -160.95 -28.97
v -250.01 -137.49 23.01
v -273.27 -131.58 -5.38
v -289.00 -141.21 0.50
v -265.82 -147.01 29.43
v -62.70 398.23 44.33
v -54.88 343.07 23.16
v -6.63 355.72 -0.80
v -18.88 413.16 33.31
v -87.95 417.55 6.71
v -40.57 434.33 -3.15
v -32.93 377.37 -23.50
v -65.18 363.92 -30.11
v -62.70 398.23 44.33
v -18.88 413.16 33.31
v -40.57 434.33 -3.15
v -87.95 417.55 6.71
v -54.88 343.07 23.16
v -65.18 363.92 -30.11
v -32.93 377.37 -23.50
v -6.63 355.72 -0.80
v -62.70 398.23 44.33
v -87.95 417.55 6.71
v -65.18 363.92 -30.11
v -54.88 343.07 23.16
v -18.88 413.16 33.31
v -6.63 355.72 -0.80
v -32.93 377.37 -23.50
v -40.57 434.33 -3.15
v 225.26 -149.89 8.84
v 273.14 -167.27 8.65
v 277.23 -131.20 17.53
v 239.33 -119.32 21.55
v 220.94 -138.11 -21.62
v 236.58 -107.65 -9.69
v 270.91 -117.81 -18.17
v 257.49 -153.02 -30.96
v 225.26 -149.89 8.84
v 239.33 -119.32 21.55
v 236.58 -107.65 -9.69
v 220.94 -138.11 -21.62
v 273.14 -167.27 8.65
v 257.49 -153.02 -30.96
v 270.91 -117.81 -18.17
v 277.23 -131.20 17.53
v 225.26 -149.89 8.84
v 220.94 -138.11 -21.62
v 257.49 -153.02 -30.96
v 273.14 -167.27 8.65
v 239.33 -119.32 21.55
v 277.23 -131.20 17.53
v 270.91 -117.81 -18.17
v 236.58 -107.65 -9.69
v 188.64 282.30 11.17
v 187.59 266.16 11.72
v 208.96 267.49 8.88
v 209.36 282.82 8.97
v 190.08 281.94 -1.47
v 206.49 283.79 -4.09
v 205.52 264.49 -0.27
v 188.54 264.61 0.66
v 188.64 282.30 11.17
v 209.36 282.82 8.97
v 206.49 283.79 -4.09
v 190.08 281.94 -1.47
v 187.59 266.16 11.72
v 188.54 264.61 0.66
v 205.52 264.49 -0.27
v 208.96 267.49 8.88
v 188.64 282.30 11.17
v 190.08 281.94 -1.47
v 188.54 264.61 0.66
v 187.59 266.16 11.72
v 209.36 282.82 8.97
v 208.96 267.49 8.88
v 205.52 264.49 -0.27
v 206.49 283.79 -4.09
v -22.77 -246.55 -6.72
v -57.26 -226.16 41.52
v -61.03 -166.92 5.81
v -41.21 -212.95 -38.44
v 20.93 -216.95 5.26
v 15.65 -178.91 -32.38
v -16.90 -160.22 27.37
v -13.09 -203.29 39.00
v -22.77 -246.55 -6.72
v -41.21 -212.95 -38.44
v 15.65 -178.91 -32.38
v 20.93 -216.95 5.26
v -57.26 -226.16 41.52
v -13.09 -203.29 39.00
v -16.90 -160.22 27.37
v -61.03 -166.92 5.81
v -22.77 -246.55 -6.72
v 20.93 -216.95 5.26
v -13.09 -203.29 39.00
v -57.26 -226.16 41.52
v -41.21 -212.95 -38.44
v -61.03 -166.92 5.81
v -16.90 -160.22 27.37
v 15.65 -178.91 -32.38
v 91.78 -125.43 15.51
v 114.82 -115.36 -4.46
v 92.93 -127.08 -22.74
v 82.53 -136.22 -5.41
v 103.94 -147.98 23.22
v 89.94 -157.81 2.66
v 116.09 -152.84 -13.45
v 120.56 -133.72 -1.95
v 91.78 -125.43 15.51
v 82.53 -136.22 -5.41
v 89.94 -157.81 2.66
v 103.94 -147.98 23.22
v 114.82 -115.36 -4.46
v 120.56 -133.72 -1.95
v 116.09 -152.84 -13.45
v 92.93 -127.08 -22.74
v 91.78 -125.43 15.51
v 103.94 -147.98 23.22
v 120.56 -133.72 -1.95
v 114.82 -115.36 -4.46
v 82.53 -136.22 -5.41
v 92.93 -127.08 -22.74
v 116.09 -152.84 -13.45
v 89.94 -157.81 2.66
v -349.68 59.24 22.87
v -311.84 65.39 19.39
v -318.44 99.42 2.51
v -346.26 101.38 -1.69
v -352.64 46.27 -8.26
v -360.90 80.69 -35.14
v -317.77 82.68 -39.64
v -319.28 38.41 -21.04
v -349.68 59.24 22.87
v -346.26 101.38 -1.69
v -360.90 80.69 -35.14
v -352.64 46.27 -8.26
v -311.84 65.39 19.39
v -319.28 38.41 -21.04
v -317.77 82.68 -39.64
v -318.44 99.42 2.51
v -349.68 59.24 22.87
v -352.64 46.27 -8.26
v -319.28 38.41 -21.04
v -311.84 65.39 19.39
v -346.26 101.38 -1.69
v -318.44 99.42 2.51
v -317.77 82.68 -39.64
v -360.90 80.69 -35.14
v 378.48 -4.55 -25.99
v 370.90 19.15 1.32
v 369.01 -0.14 25.12
v 379.70 -32.62 1.86
v 360.28 -17.95 -28.89
v 358.12 -35.82 -0.89
v 347.68 -4.46 13.16
v 351.36 16.13 -12.95
v 378.48 -4.55 -25.99
v 379.70 -32.62 1.86
v 358.12 -35.82 -0.89
v 360.28 -17.95 -28.89
v 370.90 19.15 1.32
v 351.36 16.13 -12.95
v 347.68 -4.46 13.16
v 369.01 -0.14 25.12
v 378.48 -4.55 -25.99
v 360.28 -17.95 -28.89
v 351.36 16.13 -12.95
v 370.90 19.15 1.32
v 379.70 -32.62 1.86
v 369.01 -0.14 25.12
v 347.68 -4.46 13.16
v 358.12 -35.82 -0.89
v 146.20 -226.23 -7.33
v 135.77 -272.08 -1.57
v 145.98 -262.51 35.58
v 162.37 -223.85 25.73
v 169.69 -232.08 -16.45
v 187.36 -229.81 16.86
v 168.47 -272.05 34.25
v 153.22 -277.19 -9.24
v 146.20 -226.23 -7.33
v 162.37 -223.85 25.73
v 187.36 -229.81 16.86
v 169.69 -232.08 -16.45
v 135.77 -272.08 -1.57
v 153.22 -277.19 -9.24
v 168.47 -272.05 34.25
v 145.98 -262.51 35.58
v 146.20 -226.23 -7.33
v 169.69 -232.08 -16.45
v 153.22 -277.19 -9.24
v 135.77 -272.08 -1.57
v 162.37 -223.85 25.73
v 145.98 -262.51 35.58
v 168.47 -272.05 34.25
v 187.36 -229.81 16.86
v 222.06 130.30 -5.88
v 228.07 129.59 30.93
v 215.30 156.95 34.97
v 197.88 158.49 5.21
v 239.34 145.51 -6.99
v 222.76 170.86 -3.33
v 232.42 170.42 20.16
v 247.19 145.75 24.78
v 222.06 130.30 -5.88
v 197.88 158.49 5.21
v 222.76 170.86 -3.33
v 239.34 145.51 -6.99
v 228.07 129.59 30.93
v 247.19 145.75 24.78
v 232.42 170.42 20.16
v 215.30 156.95 34.97
v 222.06 130.30 -5.88
v 239.34 145.51 -6.99
v 247.19 145.75 24.78
v 228.07 129.59 30.93
v 197.88 158.49 5.21
v 215.30 156.95 34.97
v 232.42 170.42 20.16
v 222.76 170.86 -3.33
v 121.24 62.11 14.04
v 136.76 72.49 -14.66
v 165.11 106.41 2.68
v 141.53 91.33 32.03
v 92.85 67.97 7.38
v 110.23 107.86 32.76
v 129.63 132.74 -8.27
v 107.47 80.80 -31.82
v 121.24 62.11 14.04
v 141.53 91.33 32.03
v 110.23 107.86 32.76
v 92.85 67.97 7.38
v 136.76 72.49 -14.66
v 107.47 80.80 -31.82
v 129.63 132.74 -8.27
v 165.11 106.41 2.68
v 121.24 62.11 14.04
v 92.85 67.97 7.38
v 107.47 80.80 -31.82
v 136.76 72.49 -14.66
v 141.53 91.33 32.03
v 165.11 106.41 2.68
v 129.63 132.74 -8.27
v 110.23 107.86 32.76
v 209.16 -286.24 25.86
v 236.60 -326.55 22.14
v 275.78 -301.47 30.64
v 248.59 -256.30 33.52
v 216.46 -284.05 -3.00
v 250.38 -246.22 -4.42
v 282.26 -301.08 -12.36
v 236.47 -330.07 -18.74
v 209.16 -286.24 25.86
v 248.59 -256.30 33.52
v 250.38 -246.22 -4.42
v 216.46 -284.05 -3.00
v 236.60 -326.55 22.14
v 236.47 -330.07 -18.74
v 282.26 -301.08 -12.36
v 275.78 -301.47 30.64
v 209.16 -286.24 25.86
v 216.46 -284.05 -3.00
v 236.47 -330.07 -18.74
v 236.60 -326.55 22.14
v 248.59 -256.30 33.52
v 275.78 -301.47 30.64
v 282.26 -301.08 -12.36
v 250.38 -246.22 -4.42
v 265.14 77.70 -4.39
v 239.12 74.35 -45.22
v 217.91 103.46 -20.00
v 250.73 108.93 17.71
v 255.04 54.78 16.61
v 234.95 78.03 29.80
v 204.31 91.18 -2.83
v 216.79 53.57 -17.55
v 265.14 77.70 -4.39
v 250.73 108.93 17.71
v 234.95 78.03 29.80
v 255.04 54.78 16.61
v 239.12 74.35 -45.22
v 216.79 53.57 -17.55
v 204.31 91.18 -2.83
v 217.91 103.46 -20.00
v 265.14 77.70 -4.39
v 255.04 54.78 16.61
v 216.79 53.57 -17.55
v 239.12 74.35 -45.22
v 250.73 108.93 17.71
v 217.91 103.46 -20.00
v 204.31 91.18 -2.83
v 234.95 78.03 29.80
v 192.38 77.84 1.97
v 190.05 96.24 -13.27
v 209.80 108.92 -17.87
v 214.71 90.65 -3.71
v 192.37 97.00 12.19
v 215.24 104.34 13.22
v 207.84 117.19 -5.70
v 188.58 110.28 8.09
v 192.38 77.84 1.97
v 214.71 90.65 -3.71
v 215.24 104.34 13.22
v 192.37 97.00 12.19
v 190.05 96.24 -13.27
v 188.58 110.28 8.09
v 207.84 117.19 -5.70
v 209.80 108.92 -17.87
v 192.38 77.84 1.97
v 192.37 97.00 12.19
v 188.58 110.28 8.09
v 190.05 96.24 -13.27
v 214.71 90.65 -3.71
v 209.80 108.92 -17.87
v 207.84 117.19 -5.70
v 215.24 104.34 13.22
v 84.55 305.69 17.32
v 73.56 288.42 10.35
v 59.39 306.91 -11.65
v 70.38 324.42 -8.93
v 65.38 317.92 27.79
v 56.07 326.79 8.80
v 45.19 316.28 4.90
v 56.07 300.38 28.33
v 84.55 305.69 17.32
v 70.38 324.42 -8.93
v 56.07 326.79 8.80
v 65.38 317.92 27.79
v 73.56 288.42 10.35
v 56.07 300.38 28.33
v 45.19 316.28 4.90
v 59.39 306.91 -11.65
v 84.55 305.69 17.32
v 65.38 317.92 27.79
v 56.07 300.38 28.33
v 73.56 288.42 10.35
v 70.38 324.42 -8.93
v 59.39 306.91 -11.65
v 45.19 316.28 4.90
v 56.07 326.79 8.80
v -239.68 -2.21 18.54
v -232.05 27.82 -20.05
v -216.09 -2.15 -27.88
v -236.39 -28.72 -2.73
v -200.62 -4.78 35.18
v -198.59 -42.07 8.04
v -190.07 7.02 -31.28
v -199.47 27.46 -4.55
v -239.68 -2.21 18.54
v -236.39 -28.72 -2.73
v -198.59 -42.07 8.04
v -200.62 -4.78 35.18
v -232.05 27.82 -20.05
v -199.47 27.46 -4.55
v -190.07 7.02 -31.28
v -216.09 -2.15 -27.88
v -239.68 -2.21 18.54
v -200.62 -4.78 35.18
v -199.47 27.46 -4.55
v -232.05 27.82 -20.05
v -236.39 -28.72 -2.73
v -216.09 -2.15 -27.88
v -190.07 7.02 -31.28
v -198.59 -42.07 8.04
v -143.74 103.42 -8.37
v -127.19 83.83 -1.06
v -148.16 68.37 -8.31
v -163.59 90.17 -20.44
v -153.84 106.35 9.80
v -172.51 87.16 0.12
v -161.50 71.84 3.98
v -139.48 78.83 16.58
v -143.74 103.42 -8.37
v -163.59 90.17 -20.44
v -172.51 87.16 0.12
v -153.84 106.35 9.80
v -127.19 83.83 -1.06
v -139.48 78.83 16.58
v -161.50 71.84 3.98
v -148.16 68.37 -8.31
v -143.74 103.42 -8.37
v -153.84 106.35 9.80
v -139.48 78.83 16.58
v -127.19 83.83 -1.06
v -163.59 90.17 -20.44
v -148.16 68.37 -8.31
v -161.50 71.84 3.98
v -172.51 87.16 0.12
v -132.60 295.71 -47.93
v -112.26 330.82 -2.47
v -84.50 283.46 10.59
v -109.50 252.41 -52.79
v -167.00 274.69 -10.20
v -145.70 230.67 -16.41
v -94.36 259.25 34.02
v -140.64 295.41 20.45
v -132.60 295.71 -47.93
v -109.50 252.41 -52.79
v -145.70 230.67 -16.41
v -167.00 274.69 -10.20
v -112.26 330.82 -2.47
v -140.64 295.41 20.45
v -94.36 259.25 34.02
v -84.50 283.46 10.59
v -132.60 295.71 -47.93
v -167.00 274.69 -10.20
v -140.64 295.41 20.45
v -112.26 330.82 -2.47
v -109.50 252.41 -52.79
v -84.50 283.46 10.59
v -94.36 259.25 34.02
v -145.70 230.67 -16.41
v 100.56 -192.48 0.84
v 124.25 -174.72 25.22
v 151.85 -179.74 0.11
v 138.51 -197.80 -26.03
v 104.62 -206.28 6.97
v 140.00 -219.41 -15.51
v 163.80 -195.59 12.93
v 121.46 -195.86 35.95
v 100.56 -192.48 0.84
v 138.51 -197.80 -26.03
v 140.00 -219.41 -15.51
v 104.62 -206.28 6.97
v 124.25 -174.72 25.22
v 121.46 -195.86 35.95
v 163.80 -195.59 12.93
v 151.85 -179.74 0.11
v 100.56 -192.48 0.84
v 104.62 -206.28 6.97
v 121.46 -195.86 35.95
v 124.25 -174.72 25.22
v 138.51 -197.80 -26.03
v 151.85 -179.74 0.11
v 163.80 -195.59 12.93
v 140.00 -219.41 -15.51
v -105.55 -145.17 -14.37
v -143.49 -142.83 3.07
v -134.05 -160.61 38.35
v -93.00 -152.92 19.12
v -108.14 -167.43 -21.56
v -97.78 -184.45 12.04
v -137.11 -182.78 30.46
v -146.05 -176.63 -2.62
v -105.55 -145.17 -14.37
v -93.00 -152.92 19.12
v -97.78 -184.45 12.04
v -108.14 -167.43 -21.56
v -143.49 -142.83 3.07
v -146.05 -176.63 -2.62
v -137.11 -182.78 30.46
v -134.05 -160.61 38.35
v -105.55 -145.17 -14.37
v -108.14 -167.43 -21.56
v -146.05 -176.63 -2.62
v -143.49 -142.83 3.07
v -93.00 -152.92 19.12
v -134.05 -160.61 38.35
v -137.11 -182.78 30.46
v -97.78 -184.45 12.04
v 203.74 63.45 -3.16
v 184.30 84.23 10.15
v 192.08 104.70 -10.50
v 204.01 82.71 -21.83
v 222.50 67.73 4.36
v 226.53 84.36 -11.15
v 206.61 107.45 6.00
v 207.19 93.89 26.72
v 203.74 63.45 -3.16
v 204.01 82.71 -21.83
v 226.53 84.36 -11.15
v 222.50 67.73 4.36
v 184.30 84.23 10.15
v 207.19 93.89 26.72
v 206.61 107.45 6.00
v 192.08 104.70 -10.50
v 203.74 63.45 -3.16
v 222.50 67.73 4.36
v 207.19 93.89 26.72
v 184.30 84.23 10.15
v 204.01 82.71 -21.83
v 192.08 104.70 -10.50
v 206.61 107.45 6.00
v 226.53 84.36 -11.15
v -13.43 317.20 9.15
v -33.93 319.45 -11.40
v -27.54 340.91 -8.55
v -7.77 334.23 8.58
v -20.14 312.77 15.74
v -17.50 334.44 17.88
v -37.28 343.54 0.65
v -39.69 323.56 -0.55
v -13.43 317.20 9.15
v -7.77 334.23 8.58
v -17.50 334.44 17.88
v -20.14 312.77 15.74
v -33.93 319.45 -11.40
v -39.69 323.56 -0.55
v -37.28 343.54 0.65
v -27.54 340.91 -8.55
v -13.43 317.20 9.15
v -20.14 312.77 15.74
v -39.69 323.56 -0.55
v -33.93 319.45 -11.40
v -7.77 334.23 8.58
v -27.54 340.91 -8.55
v -37.28 343.54 0.65
v -17.50 334.44 17.88
v 55.53 195.50 -11.62
v 45.61 228.54 -34.54
v 77.72 248.27 -20.06
v 87.25 210.58 12.59
v 38.38 204.89 7.94
v 73.73 224.71 20.47
v 60.77 252.13 7.23
v 30.36 229.69 -16.11
v 55.53 195.50 -11.62
v 87.25 210.58 12.59
v 73.73 224.71 20.47
v 38.38 204.89 7.94
v 45.61 228.54 -34.54
v 30.36 229.69 -16.11
v 60.77 252.13 7.23
v 77.72 248.27 -20.06
v 55.53 195.50 -11.62
v 38.38 204.89 7.94
v 30.36 229.69 -16.11
v 45.61 228.54 -34.54
v 87.25 210.58 12.59
v 77.72 248.27 -20.06
v 60.77 252.13 7.23
v 73.73 224.71 20.47
v 156.38 93.34 -12.17
v 176.14 77.94 -39.11
v 192.40 51.24 -1.39
v 165.68 72.39 19.80
v 171.66 108.94 -6.76
v 185.24 89.28 27.60
v 212.52 72.61 -2.67
v 200.54 93.70 -40.02
v 156.38 93.34 -12.17
v 165.68 72.39 19.80
v 185.24 89.28 27.60
v 171.66 108.94 -6.76
v 176.14 77.94 -39.11
v 200.54 93.70 -40.02
v 212.52 72.61 -2.67
v 192.40 51.24 -1.39
v 156.38 93.34 -12.17
v 171.66 108.94 -6.76
v 200.54 93.70 -40.02
v 176.14 77.94 -39.11
v 165.68 72.39 19.80
v 192.40 51.24 -1.39
v 212.52 72.61 -2.67
v 185.24 89.28 27.60
v -252.90 190.89 12.97
v -265.80 174.61 14.49
v -249.13 165.09 11.33
v -240.48 181.29 11.10
v -252.27 193.07 2.04
v -239.29 181.67 -1.35
v -251.30 162.86 -1.35
v -266.94 170.35 -0.50
v -252.90 190.89 12.97
v -240.48 181.29 11.10
v -239.29 181.67 -1.35
v -252.27 193.07 2.04
v -265.80 174.61 14.49
v -266.94 170.35 -0.50
v -251.30 162.86 -1.35
v -249.13 165.09 11.33
v -252.90 190.89 12.97
v -252.27 193.07 2.04
v -266.94 170.35 -0.50
v -265.80 174.61 14.49
v -240.48 181.29 11.10
v -249.13 165.09 11.33
v -251.30 162.86 -1.35
v -239.29 181.67 -1.35
v 254.28 50.75 20.99
v 241.74 35.32 2.37
v 258.50 4.01 18.54
v 259.65 18.68 34.25
v 268.73 50.89 8.50
v 280.44 22.55 24.02
v 273.68 3.65 -0.48
v 261.26 36.41 -13.18
v 254.28 50.75 20.99
v 259.65 18.68 34.25
v 280.44 22.55 24.02
v 268.73 50.89 8.50
v 241.74 35.32 2.37
v 261.26 36.41 -13.18
v 273.68 3.65 -0.48
v 258.50 4.01 18.54
v 254.28 50.75 20.99
v 268.73 50.89 8.50
v 261.26 36.41 -13.18
v 241.74 35.32 2.37
v 259.65 18.68 34.25
v 258.50 4.01 18.54
v 273.68 3.65 -0.48
v 280.44 22.55 24.02
v 336.05 -58.49 12.87
v 344.01 -74.13 22.94
v 371.14 -61.79 20.09
v 352.33 -37.89 7.86
v 335.88 -65.64 -10.24
v 369.99 -45.58 -18.03
v 383.45 -68.24 2.08
v 346.71 -85.92 -1.45
v 336.05 -58.49 12.87
v 352.33 -37.89 7.86
v 369.99 -45.58 -18.03
v 335.88 -65.64 -10.24
v 344.01 -74.13 22.94
v 346.71 -85.92 -1.45
v 383.45 -68.24 2.08
v 371.14 -61.79 20.09
v 336.05 -58.49 12.87
v 335.88 -65.64 -10.24
v 346.71 -85.92 -1.45
v 344.01 -74.13 22.94
v 352.33 -37.89 7.86
v 371.14 -61.79 20.09
v 383.45 -68.24 2.08
v 369.99 -45.58 -18.03
v 236.75 -237.89 -7.26
v 216.50 -251.17 8.96
v 230.27 -250.23 24.45
v 251.33 -235.47 12.90
v 250.68 -255.06 -14.10
v 260.60 -252.83 8.31
v 237.81 -266.93 22.04
v 230.23 -269.54 0.82
v 236.75 -237.89 -7.26
v 251.33 -235.47 12.90
v 260.60 -252.83 8.31
v 250.68 -255.06 -14.10
v 216.50 -251.17 8.96
v 230.23 -269.54 0.82
v 237.81 -266.93 22.04
v 230.27 -250.23 24.45
v 236.75 -237.89 -7.26
v 250.68 -255.06 -14.10
v 230.23 -269.54 0.82
v 216.50 -251.17 8.96
v 251.33 -235.47 12.90
v 230.27 -250.23 24.45
v 237.81 -266.93 22.04
v 260.60 -252.83 8.31
v -405.81 71.12 -9.11
v -391.58 99.75 -5.82
v -366.60 91.98 -17.58
v -377.83 63.52 -17.97
v -397.43 68.71 8.73
v -369.86 57.72 -3.43
v -360.47 86.51 3.62
v -391.75 93.76 9.67
v -405.81 71.12 -9.11
v -377.83 63.52 -17.97
v -369.86 57.72 -3.43
v -397.43 68.71 8.73
v -391.58 99.75 -5.82
v -391.75 93.76 9.67
v -360.47 86.51 3.62
v -366.60 91.98 -17.58
v -405.81 71.12 -9.11
v -397.43 68.71 8.73
v -391.75 93.76 9.67
v -391.58 99.75 -5.82
v -377.83 63.52 -17.97
v -366.60 91.98 -17.58
v -360.47 86.51 3.62
v -369.86 57.72 -3.43
v -90.55 -43.26 18.64
v -88.59 -77.57 4.33
v -60.74 -71.15 17.72
v -71.15 -41.17 18.98
v -88.73 -38.12 -9.40
v -63.80 -39.24 -2.11
v -55.24 -60.03 -8.16
v -81.68 -69.00 -14.28
v -90.55 -43.26 18.64
v -71.15 -41.17 18.98
v -63.80 -39.24 -2.11
v -88.73 -38.12 -9.40
v -88.59 -77.57 4.33
v -81.68 -69.00 -14.28
v -55.24 -60.03 -8.16
v -60.74 -71.15 17.72
v -90.55 -43.26 18.64
v -88.73 -38.12 -9.40
v -81.68 -69.00 -14.28
v -88.59 -77.57 4.33
v -71.15 -41.17 18.98
v -60.74 -71.15 17.72
v -55.24 -60.03 -8.16
v -63.80 -39.24 -2.11
v -144.71 -141.35 12.35
v -169.39 -142.52 -0.60
v -164.73 -166.69 -6.70
v -143.70 -167.92 15.45
v -134.91 -143.56 0.26
v -137.62 -171.26 -2.61
v -155.71 -172.56 -15.42
v -155.86 -141.40 -14.36
v -144.71 -141.35 12.35
v -143.70 -167.92 15.45
v -137.62 -171.26 -2.61
v -134.91 -143.56 0.26
v -169.39 -142.52 -0.60
v -155.86 -141.40 -14.36
v -155.71 -172.56 -15.42
v -164.73 -166.69 -6.70
v -144.71 -141.35 12.35
v -134.91 -143.56 0.26
v -155.86 -141.40 -14.36
v -169.39 -142.52 -0.60
v -143.70 -167.92 15.45
v -164.73 -166.69 -6.70
v -155.71 -172.56 -15.42
v -137.62 -171.26 -2.61
v 13.45 334.23 -2.59
v 20.10 390.55 -10.10
v 47.04 382.91 -19.42
v 50.23 333.68 -21.02
v 28.13 342.96 29.24
v 70.16 340.09 10.38
v 59.14 395.38 1.19
v 26.80 393.93 18.03
v 13.45 334.23 -2.59
v 50.23 333.68 -21.02
v 70.16 340.09 10.38
v 28.13 342.96 29.24
v 20.10 390.55 -10.10
v 26.80 393.93 18.03
v 59.14 395.38 1.19
v 47.04 382.91 -19.42
v 13.45 334.23 -2.59
v 28.13 342.96 29.24
v 26.80 393.93 18.03
v 20.10 390.55 -10.10
v 50.23 333.68 -21.02
v 47.04 382.91 -19.42
v 59.14 395.38 1.19
v 70.16 340.09 10.38
v 43.10 226.35 6.02
v 41.58 217.77 13.88
v 26.46 209.00 7.18
v 28.81 220.01 -3.32
v 33.08 243.06 5.66
v 19.84 234.59 -4.06
v 12.74 220.71 8.56
v 30.98 231.83 20.94
v 43.10 226.35 6.02
v 28.81 220.01 -3.32
v 19.84 234.59 -4.06
v 33.08 243.06 5.66
v 41.58 217.77 13.88
v 30.98 231.83 20.94
v 12.74 220.71 8.56
v 26.46 209.00 7.18
v 43.10 226.35 6.02
v 33.08 243.06 5.66
v 30.98 231.83 20.94
v 41.58 217.77 13.88
v 28.81 220.01 -3.32
v 26.46 209.00 7.18
v 12.74 220.71 8.56
v 19.84 234.59 -4.06
v -10.30 93.65 34.10
v -58.49 63.19 25.33
v -33.05 24.09 19.82
v 15.65 43.16 24.70
v 1.97 97.35 -5.53
v 25.72 49.27 -3.70
v -36.27 19.35 -1.77
v -53.28 78.71 -9.50
v -10.30 93.65 34.10
v 15.65 43.16 24.70
v 25.72 49.27 -3.70
v 1.97 97.35 -5.53
v -58.49 63.19 25.33
v -53.28 78.71 -9.50
v -36.27 19.35 -1.77
v -33.05 24.09 19.82
v -10.30 93.65 34.10
v 1.97 97.35 -5.53
v -53.28 78.71 -9.50
v -58.49 63.19 25.33
v 15.65 43.16 24.70
v -33.05 24.09 19.82
v -36.27 19.35 -1.77
v 25.72 49.27 -3.70
v -186.11 90.23 2.71
v -160.78 93.54 -4.16
v -150.81 106.10 22.05
v -181.30 106.64 31.55
v -191.72 102.39 -5.18
v -188.49 120.96 22.81
v -159.68 120.27 9.69
v -164.06 105.43 -17.72
v -186.11 90.23 2.71
v -181.30 106.64 31.55
v -188.49 120.96 22.81
v -191.72 102.39 -5.18
v -160.78 93.54 -4.16
v -164.06 105.43 -17.72
v -159.68 120.27 9.69
v -150.81 106.10 22.05
v -186.11 90.23 2.71
v -191.72 102.39 -5.18
v -164.06 105.43 -17.72
v -160.78 93.54 -4.16
v -181.30 106.64 31.55
v -150.81 106.10 22.05
v -159.68 120.27 9.69
v -188.49 120.96 22.81
v -58.16 -101.25 -1.01
v -37.43 -79.25 -11.89
v -18.75 -108.65 -33.60
v -35.38 -142.43 -26.14
v -39.40 -108.69 35.36
v -9.45 -138.21 -0.13
v 8.48 -105.57 -7.28
v -19.22 -78.83 11.31
v -58.16 -101.25 -1.01
v -35.38 -142.43 -26.14
v -9.45 -138.21 -0.13
v -39.40 -108.69 35.36
v -37.43 -79.25 -11.89
v -19.22 -78.83 11.31
v 8.48 -105.57 -7.28
v -18.75 -108.65 -33.60
v -58.16 -101.25 -1.01
v -39.40 -108.69 35.36
v -19.22 -78.83 11.31
v -37.43 -79.25 -11.89
v -35.38 -142.43 -26.14
v -18.75 -108.65 -33.60
v 8.48 -105.57 -7.28
v -9.45 -138.21 -0.13
v -283.29 93.15 8.08
v -274.67 56.50 -14.00
v -327.57 56.04 -39.97
v -345.86 90.89 -21.92
v -298.78 73.92 31.13
v -354.68 79.48 8.03
v -342.33 31.13 -10.84
v -295.54 38.90 27.45
v -283.29 93.15 8.08
v -345.86 90.89 -21.92
v -354.68 79.48 8.03
v -298.78 73.92 31.13
v -274.67 56.50 -14.00
v -295.54 38.90 27.45
v -342.33 31.13 -10.84
v -327.57 56.04 -39.97
v -283.29 93.15 8.08
v -298.78 73.92 31.13
v -295.54 38.90 27.45
v -274.67 56.50 -14.00
v -345.86 90.89 -21.92
v -327.57 56.04 -39.97
v -342.33 31.13 -10.84
v -354.68 79.48 8.03
v -181.83 166.67 8.57
v -146.30 154.00 19.25
v -143.59 145.02 -17.30
v -181.33 149.77 -16.92
v -192.63 133.90 23.89
v -182.95 122.02 -8.18
v -155.92 111.20 -2.79
v -143.92 134.37 23.50
v -181.83 166.67 8.57
v -181.33 149.77 -16.92
v -182.95 122.02 -8.18
v -192.63 133.90 23.89
v -146.30 154.00 19.25
v -143.92 134.37 23.50
v -155.92 111.20 -2.79
v -143.59 145.02 -17.30
v -181.83 166.67 8.57
v -192.63 133.90 23.89
v -143.92 134.37 23.50
v -146.30 154.00 19.25
v -181.33 149.77 -16.92
v -143.59 145.02 -17.30
v -155.92 111.20 -2.79
v -182.95 122.02 -8.18
v -219.29 -153.72 -17.93
v -214.51 -141.70 2.72
v -187.96 -136.89 -4.11
v -190.88 -143.23 -26.27
v -201.68 -176.28 -11.20
v -178.49 -170.46 -15.89
v -170.11 -159.24 6.33
v -196.57 -166.10 9.37
v -219.29 -153.72 -17.93
v -190.88 -143.23 -26.27
v -178.49 -170.46 -15.89
v -201.68 -176.28 -11.20
v -214.51 -141.70 2.72
v -196.57 -166.10 9.37
v -170.11 -159.24 6.33
v -187.96 -136.89 -4.11
v -219.29 -153.72 -17.93
v -201.68 -176.28 -11.20
v -196.57 -166.10 9.37
v -214.51 -141.70 2.72
v -190.88 -143.23 -26.27
v -187.96 -136.89 -4.11
v -170.11 -159.24 6.33
v -178.49 -170.46 -15.89
v -97.56 217.73 16.29
v -77.36 210.77 8.57
v -88.05 199.19 -8.94
v -109.68 212.85 -12.19
v -108.29 193.30 16.49
v -114.94 188.71 1.78
v -96.46 179.68 -6.15
v -89.78 186.68 14.47
v -97.56 217.73 16.29
v -109.68 212.85 -12.19
v -114.94 188.71 1.78
v -108.29 193.30 16.49
v -77.36 210.77 8.57
v -89.78 186.68 14.47
v -96.46 179.68 -6.15
v -88.05 199.19 -8.94
v -97.56 217.73 16.29
v -108.29 193.30 16.49
v -89.78 186.68 14.47
v -77.36 210.77 8.57
v -109.68 212.85 -12.19
v -88.05 199.19 -8.94
v -96.46 179.68 -6.15
v -114.94 188.71 1.78
v 95.86 -191.78 -6.14
v 109.63 -190.10 -6.06
v 109.59 -190.25 3.57
v 95.82 -191.93 3.48
v 95.82 -191.93 3.48
v 109.59 -190.25 3.57
v 113.84 -175.96 3.81
v 109.63 -190.10 -6.06
v 95.86 -191.78 -6.14
v 113.88 -175.81 -5.82
v 109.63 -190.10 -6.06
v 124.85 -191.85 -6.02
v 124.81 -192.00 3.60
v 109.59 -190.25 3.57
v 109.59 -190.25 3.57
v 124.81 -192.00 3.60
v 113.84 -175.96 3.81
v 124.85 -191.85 -6.02
v 109.63 -190.10 -6.06
v 113.88 -175.81 -5.82
v 124.85 -191.85 -6.02
v 127.27 -185.40 -5.91
v 127.23 -185.55 3.71
v 124.81 -192.00 3.60
v 124.81 -192.00 3.60
v 127.23 -185.55 3.71
v 113.84 -175.96 3.81
v 127.27 -185.40 -5.91
v 124.85 -191.85 -6.02
v 113.88 -175.81 -5.82
v 127.27 -185.40 -5.91
v 129.65 -174.39 -5.73
v 129.61 -174.54 3.89
v 127.23 -185.55 3.71
v 127.23 -185.55 3.71
v 129.61 -174.54 3.89
v 113.84 -175.96 3.81
v 129.65 -174.39 -5.73
v 127.27 -185.40 -5.91
v 113.88 -175.81 -5.82
v 129.65 -174.39 -5.73
v 134.33 -160.56 -5.50
v 134.29 -160.71 4.13
v 129.61 -174.54 3.89
v 129.61 -174.54 3.89
v 134.29 -160.71 4.13
v 113.84 -175.96 3.81
v 134.33 -160.56 -5.50
v 129.65 -174.39 -5.73
v 113.88 -175.81 -5.82
v 134.33 -160.56 -5.50
v 109.74 -151.71 -5.46
v 109.70 -151.86 4.16
v 134.29 -160.71 4.13
v 134.29 -160.71 4.13
v 109.70 -151.86 4.16
v 113.84 -175.96 3.81
v 109.74 -151.71 -5.46
v 134.33 -160.56 -5.50
v 113.88 -175.81 -5.82
v 109.74 -151.71 -5.46
v 102.98 -161.25 -5.64
v 102.94 -161.40 3.99
v 109.70 -151.86 4.16
v 109.70 -151.86 4.16
v 102.94 -161.40 3.99
v 113.84 -175.96 3.81
v 102.98 -161.25 -5.64
v 109.74 -151.71 -5.46
v 113.88 -175.81 -5.82
v 102.98 -161.25 -5.64
v 95.15 -174.54 -5.87
v 95.11 -174.69 3.75
v 102.94 -161.40 3.99
v 102.94 -161.40 3.99
v 95.11 -174.69 3.75
v 113.84 -175.96 3.81
v 95.15 -174.54 -5.87
v 102.98 -161.25 -5.64
v 113.88 -175.81 -5.82
v 95.15 -174.54 -5.87
v 95.86 -191.78 -6.14
v 95.82 -191.93 3.48
v 95.11 -174.69 3.75
v 95.11 -174.69 3.75
v 95.82 -191.93 3.48
v 113.84 -175.96 3.81
v 95.86 -191.78 -6.14
v 95.15 -174.54 -5.87
v 113.88 -175.81 -5.82
v 15.43 -76.38 2.11
v 3.02 -62.88 -8.48
v -3.69 -60.83 2.00
v 8.71 -74.32 12.58
v 8.71 -74.32 12.58
v -3.69 -60.83 2.00
v -11.08 -90.26 3.03
v 3.02 -62.88 -8.48
v 15.43 -76.38 2.11
v -4.36 -92.31 -7.45
v 3.02 -62.88 -8.48
v -24.82 -85.45 -21.90
v -31.54 -83.40 -11.43
v -3.69 -60.83 2.00
v -3.69 -60.83 2.00
v -31.54 -83.40 -11.43
v -11.08 -90.26 3.03
v -24.82 -85.45 -21.90
v 3.02 -62.88 -8.48
v -4.36 -92.31 -7.45
v -24.82 -85.45 -21.90
v -28.40 -107.70 -19.84
v -35.12 -105.65 -9.36
v -31.54 -83.40 -11.43
v -31.54 -83.40 -11.43
v -35.12 -105.65 -9.36
v -11.08 -90.26 3.03
v -28.40 -107.70 -19.84
v -24.82 -85.45 -21.90
v -4.36 -92.31 -7.45
v -28.40 -107.70 -19.84
v -13.27 -120.50 -7.64
v -19.98 -118.45 2.84
v -35.12 -105.65 -9.36
v -35.12 -105.65 -9.36
v -19.98 -118.45 2.84
v -11.08 -90.26 3.03
v -13.27 -120.50 -7.64
v -28.40 -107.70 -19.84
v -4.36 -92.31 -7.45
v -13.27 -120.50 -7.64
v 20.72 -100.04 10.13
v 14.01 -97.99 20.61
v -19.98 -118.45 2.84
v -19.98 -118.45 2.84
v 14.01 -97.99 20.61
v -11.08 -90.26 3.03
v 20.72 -100.04 10.13
v -13.27 -120.50 -7.64
v -4.36 -92.31 -7.45
v 20.72 -100.04 10.13
v 15.43 -76.38 2.11
v 8.71 -74.32 12.58
v 14.01 -97.99 20.61
v 14.01 -97.99 20.61
v 8.71 -74.32 12.58
v -11.08 -90.26 3.03
v 15.43 -76.38 2.11
v 20.72 -100.04 10.13
v -4.36 -92.31 -7.45
v 141.65 179.70 -0.84
v 163.33 170.32 7.05
v 163.05 173.99 12.20
v 141.37 183.37 4.31
v 141.37 183.37 4.31
v 163.05 173.99 12.20
v 171.88 188.11 2.60
v 163.33 170.32 7.05
v 141.65 179.70 -0.84
v 172.16 184.44 -2.54
v 163.33 170.32 7.05
v 192.02 169.62 9.14
v 191.74 173.29 14.28
v 163.05 173.99 12.20
v 163.05 173.99 12.20
v 191.74 173.29 14.28
v 171.88 188.11 2.60
v 192.02 169.62 9.14
v 163.33 170.32 7.05
v 172.16 184.44 -2.54
v 192.02 169.62 9.14
v 200.90 187.95 -3.46
v 200.62 191.62 1.69
v 191.74 173.29 14.28
v 191.74 173.29 14.28
v 200.62 191.62 1.69
v 171.88 188.11 2.60
v 200.90 187.95 -3.46
v 192.02 169.62 9.14
v 172.16 184.44 -2.54
v 200.90 187.95 -3.46
v 185.98 204.12 -15.82
v 185.70 207.79 -10.68
v 200.62 191.62 1.69
v 200.62 191.62 1.69
v 185.70 207.79 -10.68
v 171.88 188.11 2.60
v 185.98 204.12 -15.82
v 200.90 187.95 -3.46
v 172.16 184.44 -2.54
v 185.98 204.12 -15.82
v 160.92 194.75 -10.52
v 160.64 198.43 -5.37
v 185.70 207.79 -10.68
v 185.70 207.79 -10.68
v 160.64 198.43 -5.37
v 171.88 188.11 2.60
v 160.92 194.75 -10.52
v 185.98 204.12 -15.82
v 172.16 184.44 -2.54
v 160.92 194.75 -10.52
v 141.65 179.70 -0.84
v 141.37 183.37 4.31
v 160.64 198.43 -5.37
v 160.64 198.43 -5.37
v 141.37 183.37 4.31
v 171.88 188.11 2.60
v 141.65 179.70 -0.84
v 160.92 194.75 -10.52
v 172.16 184.44 -2.54
v 50.63 189.81 -5.54
v 46.75 167.81 -12.39
v 43.03 164.56 0.14
v 46.91 186.56 6.99
v 46.91 186.56 6.99
v 43.03 164.56 0.14
v 79.11 164.79 10.90
v 46.75 167.81 -12.39
v 50.63 189.81 -5.54
v 82.83 168.04 -1.63
v 46.75 167.81 -12.39
v 69.90 140.95 -12.49
v 66.18 137.70 0.04
v 43.03 164.56 0.14
v 43.03 164.56 0.14
v 66.18 137.70 0.04
v 79.11 164.79 10.90
v 69.90 140.95 -12.49
v 46.75 167.81 -12.39
v 82.83 168.04 -1.63
v 69.90 140.95 -12.49
v 107.97 126.40 -4.96
v 104.25 123.15 7.57
v 66.18 137.70 0.04
v 66.18 137.70 0.04
v 104.25 123.15 7.57
v 79.11 164.79 10.90
v 107.97 126.40 -4.96
v 69.90 140.95 -12.49
v 82.83 168.04 -1.63
v 107.97 126.40 -4.96
v 126.29 138.28 3.56
v 122.57 135.03 16.09
v 104.25 123.15 7.57
v 104.25 123.15 7.57
v 122.57 135.03 16.09
v 79.11 164.79 10.90
v 126.29 138.28 3.56
v 107.97 126.40 -4.96
v 82.83 168.04 -1.63
v 126.29 138.28 3.56
v 120.66 163.52 8.43
v 116.95 160.27 20.96
v 122.57 135.03 16.09
v 122.57 135.03 16.09
v 116.95 160.27 20.96
v 79.11 164.79 10.90
v 120.66 163.52 8.43
v 126.29 138.28 3.56
v 82.83 168.04 -1.63
v 120.66 163.52 8.43
v 94.17 192.40 8.05
v 90.45 189.15 20.58
v 116.95 160.27 20.96
v 116.95 160.27 20.96
v 90.45 189.15 20.58
v 79.11 164.79 10.90
v 94.17 192.40 8.05
v 120.66 163.52 8.43
v 82.83 168.04 -1.63
v 94.17 192.40 8.05
v 53.77 211.51 1.02
v 50.05 208.26 13.55
v 90.45 189.15 20.58
v 90.45 189.15 20.58
v 50.05 208.26 13.55
v 79.11 164.79 10.90
v 53.77 211.51 1.02
v 94.17 192.40 8.05
v 82.83 168.04 -1.63
v 53.77 211.51 1.02
v 50.63 189.81 -5.54
v 46.91 186.56 6.99
v 50.05 208.26 13.55
v 50.05 208.26 13.55
v 46.91 186.56 6.99
v 79.11 164.79 10.90
v 50.63 189.81 -5.54
v 53.77 211.51 1.02
v 82.83 168.04 -1.63
v -181.62 113.37 20.79
v -198.21 102.93 9.23
v -200.56 96.83 18.11
v -183.96 107.27 29.67
v -183.96 107.27 29.67
v -200.56 96.83 18.11
v -181.38 78.94 10.88
v -198.21 102.93 9.23
v -181.62 113.37 20.79
v -179.04 85.04 2.01
v -198.21 102.93 9.23
v -195.04 91.90 2.49
v -197.38 85.80 11.37
v -200.56 96.83 18.11
v -200.56 96.83 18.11
v -197.38 85.80 11.37
v -181.38 78.94 10.88
v -195.04 91.90 2.49
v -198.21 102.93 9.23
v -179.04 85.04 2.01
v -195.04 91.90 2.49
v -198.64 67.71 -15.08
v -200.99 61.61 -6.20
v -197.38 85.80 11.37
v -197.38 85.80 11.37
v -200.99 61.61 -6.20
v -181.38 78.94 10.88
v -198.64 67.71 -15.08
v -195.04 91.90 2.49
v -179.04 85.04 2.01
v -198.64 67.71 -15.08
v -181.51 61.90 -14.55
v -183.85 55.80 -5.67
v -200.99 61.61 -6.20
v -200.99 61.61 -6.20
v -183.85 55.80 -5.67
v -181.38 78.94 10.88
v -181.51 61.90 -14.55
v -198.64 67.71 -15.08
v -179.04 85.04 2.01
v -181.51 61.90 -14.55
v -163.19 59.24 -11.53
v -165.54 53.14 -2.66
v -183.85 55.80 -5.67
v -183.85 55.80 -5.67
v -165.54 53.14 -2.66
v -181.38 78.94 10.88
v -163.19 59.24 -11.53
v -181.51 61.90 -14.55
v -179.04 85.04 2.01
v -163.19 59.24 -11.53
v -153.68 85.68 9.14
v -156.03 79.58 18.02
v -165.54 53.14 -2.66
v -165.54 53.14 -2.66
v -156.03 79.58 18.02
v -181.38 78.94 10.88
v -153.68 85.68 9.14
v -163.19 59.24 -11.53
v -179.04 85.04 2.01
v -153.68 85.68 9.14
v -157.79 97.71 16.32
v -160.14 91.61 25.20
v -156.03 79.58 18.02
v -156.03 79.58 18.02
v -160.14 91.61 25.20
v -181.38 78.94 10.88
v -157.79 97.71 16.32
v -153.68 85.68 9.14
v -179.04 85.04 2.01
v -157.79 97.71 16.32
v -181.62 113.37 20.79
v -183.96 107.27 29.67
v -160.14 91.61 25.20
v -160.14 91.61 25.20
v -183.96 107.27 29.67
v -181.38 78.94 10.88
v -181.62 113.37 20.79
v -157.79 97.71 16.32
v -179.04 85.04 2.01
v -160.63 398.96 -5.53
v -182.12 390.50 4.10
v -179.78 389.96 8.86
v -158.28 398.43 -0.77
v -158.28 398.43 -0.77
v -179.78 389.96 8.86
v -188.18 344.28 7.88
v -182.12 390.50 4.10
v -160.63 398.96 -5.53
v -190.53 344.82 3.13
v -182.12 390.50 4.10
v -211.75 374.93 16.94
v -209.40 374.40 21.70
v -179.78 389.96 8.86
v -179.78 389.96 8.86
v -209.40 374.40 21.70
v -188.18 344.28 7.88
v -211.75 374.93 16.94
v -182.12 390.50 4.10
v -190.53 344.82 3.13
v -211.75 374.93 16.94
v -228.84 338.49 21.27
v -226.50 337.96 26.03
v -209.40 374.40 21.70
v -209.40 374.40 21.70
v -226.50 337.96 26.03
v -188.18 344.28 7.88
v -228.84 338.49 21.27
v -211.75 374.93 16.94
v -190.53 344.82 3.13
v -228.84 338.49 21.27
v -242.83 306.92 24.63
v -240.49 306.39 29.38
v -226.50 337.96 26.03
v -226.50 337.96 26.03
v -240.49 306.39 29.38
v -188.18 344.28 7.88
v -242.83 306.92 24.63
v -228.84 338.49 21.27
v -190.53 344.82 3.13
v -242.83 306.92 24.63
v -202.09 285.48 2.17
v -199.75 284.95 6.93
v -240.49 306.39 29.38
v -240.49 306.39 29.38
v -199.75 284.95 6.93
v -188.18 344.28 7.88
v -202.09 285.48 2.17
v -242.83 306.92 24.63
v -190.53 344.82 3.13
v -202.09 285.48 2.17
v -183.17 282.08 -7.52
v -180.83 281.55 -2.76
v -199.75 284.95 6.93
v -199.75 284.95 6.93
v -180.83 281.55 -2.76
v -188.18 344.28 7.88
v -183.17 282.08 -7.52
v -202.09 285.48 2.17
v -190.53 344.82 3.13
v -183.17 282.08 -7.52
v -152.53 325.90 -17.70
v -150.18 325.36 -12.94
v -180.83 281.55 -2.76
v -180.83 281.55 -2.76
v -150.18 325.36 -12.94
v -188.18 344.28 7.88
v -152.53 325.90 -17.70
v -183.17 282.08 -7.52
v -190.53 344.82 3.13
v -152.53 325.90 -17.70
v -150.82 362.16 -14.47
v -148.48 361.63 -9.71
v -150.18 325.36 -12.94
v -150.18 325.36 -12.94
v -148.48 361.63 -9.71
v -188.18 344.28 7.88
v -150.82 362.16 -14.47
v -152.53 325.90 -17.70
v -190.53 344.82 3.13
v -150.82 362.16 -14.47
v -160.63 398.96 -5.53
v -158.28 398.43 -0.77
v -148.48 361.63 -9.71
v -148.48 361.63 -9.71
v -158.28 398.43 -0.77
v -188.18 344.28 7.88
v -160.63 398.96 -5.53
v -150.82 362.16 -14.47
v -190.53 344.82 3.13
v -270.49 -134.73 4.19
v -275.47 -139.64 2.36
v -278.33 -139.70 10.27
v -273.35 -134.79 12.10
v -273.35 -134.79 12.10
v -278.33 -139.70 10.27
v -269.84 -155.41 13.22
v -275.47 -139.64 2.36
v -270.49 -134.73 4.19
v -266.98 -155.35 5.31
v -275.47 -139.64 2.36
v -280.34 -155.70 0.48
v -283.20 -155.76 8.39
v -278.33 -139.70 10.27
v -278.33 -139.70 10.27
v -283.20 -155.76 8.39
v -269.84 -155.41 13.22
v -280.34 -155.70 0.48
v -275.47 -139.64 2.36
v -266.98 -155.35 5.31
v -280.34 -155.70 0.48
v -276.08 -181.38 1.83
v -278.94 -181.44 9.74
v -283.20 -155.76 8.39
v -283.20 -155.76 8.39
v -278.94 -181.44 9.74
v -269.84 -155.41 13.22
v -276.08 -181.38 1.83
v -280.34 -155.70 0.48
v -266.98 -155.35 5.31
v -276.08 -181.38 1.83
v -268.85 -184.24 4.43
v -271.71 -184.30 12.34
v -278.94 -181.44 9.74
v -278.94 -181.44 9.74
v -271.71 -184.30 12.34
v -269.84 -155.41 13.22
v -268.85 -184.24 4.43
v -276.08 -181.38 1.83
v -266.98 -155.35 5.31
v -268.85 -184.24 4.43
v -254.57 -172.28 9.68
v -257.43 -172.34 17.59
v -271.71 -184.30 12.34
v -271.71 -184.30 12.34
v -257.43 -172.34 17.59
v -269.84 -155.41 13.22
v -254.57 -172.28 9.68
v -268.85 -184.24 4.43
v -266.98 -155.35 5.31
v -254.57 -172.28 9.68
v -252.08 -153.95 10.72
v -254.94 -154.00 18.62
v -257.43 -172.34 17.59
v -257.43 -172.34 17.59
v -254.94 -154.00 18.62
v -269.84 -155.41 13.22
v -252.08 -153.95 10.72
v -254.57 -172.28 9.68
v -266.98 -155.35 5.31
v -252.08 -153.95 10.72
v -258.81 -134.72 8.42
v -261.67 -134.78 16.33
v -254.94 -154.00 18.62
v -254.94 -154.00 18.62
v -261.67 -134.78 16.33
v -269.84 -155.41 13.22
v -258.81 -134.72 8.42
v -252.08 -153.95 10.72
v -266.98 -155.35 5.31
v -258.81 -134.72 8.42
v -270.49 -134.73 4.19
v -273.35 -134.79 12.10
v -261.67 -134.78 16.33
v -261.67 -134.78 16.33
v -273.35 -134.79 12.10
v -269.84 -155.41 13.22
v -270.49 -134.73 4.19
v -258.81 -134.72 8.42
v -266.98 -155.35 5.31
v 252.00 130.06 0.58
v 230.12 150.30 -7.44
v 228.65 153.88 5.61
v 250.53 133.63 13.63
v 250.53 133.63 13.63
v 228.65 153.88 5.61
v 217.75 140.32 8.10
v 230.12 150.30 -7.44
v 252.00 130.06 0.58
v 219.22 136.75 -4.96
v 230.12 150.30 -7.44
v 208.48 153.45 -10.75
v 207.00 157.03 2.30
v 228.65 153.88 5.61
v 228.65 153.88 5.61
v 207.00 157.03 2.30
v 217.75 140.32 8.10
v 208.48 153.45 -10.75
v 230.12 150.30 -7.44
v 219.22 136.75 -4.96
v 208.48 153.45 -10.75
v 192.25 142.49 -9.58
v 190.77 146.07 3.47
v 207.00 157.03 2.30
v 207.00 157.03 2.30
v 190.77 146.07 3.47
v 217.75 140.32 8.10
v 192.25 142.49 -9.58
v 208.48 153.45 -10.75
v 219.22 136.75 -4.96
v 192.25 142.49 -9.58
v 206.59 126.72 -3.64
v 205.12 130.30 9.42
v 190.77 146.07 3.47
v 190.77 146.07 3.47
v 205.12 130.30 9.42
v 217.75 140.32 8.10
v 206.59 126.72 -3.64
v 192.25 142.49 -9.58
v 219.22 136.75 -4.96
v 206.59 126.72 -3.64
v 225.30 122.73 -0.43
v 223.82 126.31 12.62
v 205.12 130.30 9.42
v 205.12 130.30 9.42
v 223.82 126.31 12.62
v 217.75 140.32 8.10
v 225.30 122.73 -0.43
v 206.59 126.72 -3.64
v 219.22 136.75 -4.96
v 225.30 122.73 -0.43
v 252.00 130.06 0.58
v 250.53 133.63 13.63
v 223.82 126.31 12.62
v 223.82 126.31 12.62
v 250.53 133.63 13.63
v 217.75 140.32 8.10
v 252.00 130.06 0.58
v 225.30 122.73 -0.43
v 219.22 136.75 -4.96
v -320.43 -111.38 -6.79
v -290.70 -115.40 -8.22
v -290.38 -115.67 -0.91
v -320.11 -111.65 0.51
v -320.11 -111.65 0.51
v -290.38 -115.67 -0.91
v -304.28 -77.81 1.08
v -290.70 -115.40 -8.22
v -320.43 -111.38 -6.79
v -304.60 -77.54 -6.22
v -290.70 -115.40 -8.22
v -281.93 -91.06 -7.69
v -281.61 -91.33 -0.39
v -290.38 -115.67 -0.91
v -290.38 -115.67 -0.91
v -281.61 -91.33 -0.39
v -304.28 -77.81 1.08
v -281.93 -91.06 -7.69
v -290.70 -115.40 -8.22
v -304.60 -77.54 -6.22
v -281.93 -91.06 -7.69
v -264.15 -74.25 -7.84
v -263.83 -74.52 -0.53
v -281.61 -91.33 -0.39
v -281.61 -91.33 -0.39
v -263.83 -74.52 -0.53
v -304.28 -77.81 1.08
v -264.15 -74.25 -7.84
v -281.93 -91.06 -7.69
v -304.60 -77.54 -6.22
v -264.15 -74.25 -7.84
v -282.22 -47.74 -6.08
v -281.90 -48.01 1.22
v -263.83 -74.52 -0.53
v -263.83 -74.52 -0.53
v -281.90 -48.01 1.22
v -304.28 -77.81 1.08
v -282.22 -47.74 -6.08
v -264.15 -74.25 -7.84
v -304.60 -77.54 -6.22
v -282.22 -47.74 -6.08
v -293.83 -39.88 -5.30
v -293.52 -40.15 2.01
v -281.90 -48.01 1.22
v -281.90 -48.01 1.22
v -293.52 -40.15 2.01
v -304.28 -77.81 1.08
v -293.83 -39.88 -5.30
v -282.22 -47.74 -6.08
v -304.60 -77.54 -6.22
v -293.83 -39.88 -5.30
v -327.54 -50.56 -4.24
v -327.22 -50.83 3.06
v -293.52 -40.15 2.01
v -293.52 -40.15 2.01
v -327.22 -50.83 3.06
v -304.28 -77.81 1.08
v -327.54 -50.56 -4.24
v -293.83 -39.88 -5.30
v -304.60 -77.54 -6.22
v -327.54 -50.56 -4.24
v -338.89 -77.13 -4.74
v -338.58 -77.40 2.57
v -327.22 -50.83 3.06
v -327.22 -50.83 3.06
v -338.58 -77.40 2.57
v -304.28 -77.81 1.08
v -338.89 -77.13 -4.74
v -327.54 -50.56 -4.24
v -304.60 -77.54 -6.22
v -338.89 -77.13 -4.74
v -339.37 -95.81 -5.41
v -339.06 -96.08 1.90
v -338.58 -77.40 2.57
v -338.58 -77.40 2.57
v -339.06 -96.08 1.90
v -304.28 -77.81 1.08
v -339.37 -95.81 -5.41
v -338.89 -77.13 -4.74
v -304.60 -77.54 -6.22
v -339.37 -95.81 -5.41
v -320.43 -111.38 -6.79
v -320.11 -111.65 0.51
v -339.06 -96.08 1.90
v -339.06 -96.08 1.90
v -320.11 -111.65 0.51
v -304.28 -77.81 1.08
v -320.43 -111.38 -6.79
v -339.37 -95.81 -5.41
v -304.60 -77.54 -6.22
v -140.60 393.79 -8.03
v -152.86 381.14 -8.42
v -153.10 380.99 3.93
v -140.84 393.64 4.32
v -140.84 393.64 4.32
v -153.10 380.99 3.93
v -146.22 353.82 3.74
v -152.86 381.14 -8.42
v -140.60 393.79 -8.03
v -145.98 353.96 -8.61
v -152.86 381.14 -8.42
v -176.12 366.68 -9.04
v -176.36 366.54 3.31
v -153.10 380.99 3.93
v -153.10 380.99 3.93
v -176.36 366.54 3.31
v -146.22 353.82 3.74
v -176.12 366.68 -9.04
v -152.86 381.14 -8.42
v -145.98 353.96 -8.61
v -176.12 366.68 -9.04
v -173.54 337.11 -9.34
v -173.78 336.96 3.01
v -176.36 366.54 3.31
v -176.36 366.54 3.31
v -173.78 336.96 3.01
v -146.22 353.82 3.74
v -173.54 337.11 -9.34
v -176.12 366.68 -9.04
v -145.98 353.96 -8.61
v -173.54 337.11 -9.34
v -157.02 311.89 -9.32
v -157.26 311.74 3.02
v -173.78 336.96 3.01
v -173.78 336.96 3.01
v -157.26 311.74 3.02
v -146.22 353.82 3.74
v -157.02 311.89 -9.32
v -173.54 337.11 -9.34
v -145.98 353.96 -8.61
v -157.02 311.89 -9.32
v -123.81 322.17 -8.56
v -124.05 322.03 3.79
v -157.26 311.74 3.02
v -157.26 311.74 3.02
v -124.05 322.03 3.79
v -146.22 353.82 3.74
v -123.81 322.17 -8.56
v -157.02 311.89 -9.32
v -145.98 353.96 -8.61
v -123.81 322.17 -8.56
v -119.71 347.66 -8.18
v -119.95 347.51 4.17
v -124.05 322.03 3.79
v -124.05 322.03 3.79
v -119.95 347.51 4.17
v -146.22 353.82 3.74
v -119.71 347.66 -8.18
v -123.81 322.17 -8.56
v -145.98 353.96 -8.61
v -119.71 347.66 -8.18
v -126.45 370.06 -8.04
v -126.69 369.91 4.31
v -119.95 347.51 4.17
v -119.95 347.51 4.17
v -126.69 369.91 4.31
v -146.22 353.82 3.74
v -126.45 370.06 -8.04
v -119.71 347.66 -8.18
v -145.98 353.96 -8.61
v -126.45 370.06 -8.04
v -140.60 393.79 -8.03
v -140.84 393.64 4.32
v -126.69 369.91 4.31
v -126.69 369.91 4.31
v -140.84 393.64 4.32
v -146.22 353.82 3.74
v -140.60 393.79 -8.03
v -126.45 370.06 -8.04
v -145.98 353.96 -8.61
v 30.46 379.04 -4.80
v 9.63 353.71 8.81
v 10.39 356.86 15.84
v 31.22 382.19 2.23
v 31.22 382.19 2.23
v 10.39 356.86 15.84
v 46.29 360.78 10.20
v 9.63 353.71 8.81
v 30.46 379.04 -4.80
v 45.53 357.63 3.17
v 9.63 353.71 8.81
v 31.09 326.27 18.79
v 31.84 329.42 25.82
v 10.39 356.86 15.84
v 10.39 356.86 15.84
v 31.84 329.42 25.82
v 46.29 360.78 10.20
v 31.09 326.27 18.79
v 9.63 353.71 8.81
v 45.53 357.63 3.17
v 31.09 326.27 18.79
v 57.60 339.44 10.02
v 58.36 342.59 17.05
v 31.84 329.42 25.82
v 31.84 329.42 25.82
v 58.36 342.59 17.05
v 46.29 360.78 10.20
v 57.60 339.44 10.02
v 31.09 326.27 18.79
v 45.53 357.63 3.17
v 57.60 339.44 10.02
v 86.14 353.00 0.86
v 86.90 356.15 7.88
v 58.36 342.59 17.05
v 58.36 342.59 17.05
v 86.90 356.15 7.88
v 46.29 360.78 10.20
v 86.14 353.00 0.86
v 57.60 339.44 10.02
v 45.53 357.63 3.17
v 86.14 353.00 0.86
v 57.76 385.01 -10.42
v 58.52 388.16 -3.39
v 86.90 356.15 7.88
v 86.90 356.15 7.88
v 58.52 388.16 -3.39
v 46.29 360.78 10.20
v 57.76 385.01 -10.42
v 86.14 353.00 0.86
v 45.53 357.63 3.17
v 57.76 385.01 -10.42
v 30.46 379.04 -4.80
v 31.22 382.19 2.23
v 58.52 388.16 -3.39
v 58.52 388.16 -3.39
v 31.22 382.19 2.23
v 46.29 360.78 10.20
v 30.46 379.04 -4.80
v 57.76 385.01 -10.42
v 45.53 357.63 3.17
v 110.13 77.99 -3.75
v 127.78 78.18 -0.79
v 126.15 77.95 8.94
v 108.50 77.77 5.97
v 108.50 77.77 5.97
v 126.15 77.95 8.94
v 143.33 110.71 12.59
v 127.78 78.18 -0.79
v 110.13 77.99 -3.75
v 144.97 110.94 2.86
v 127.78 78.18 -0.79
v 162.86 81.63 5.18
v 161.22 81.41 14.91
v 126.15 77.95 8.94
v 126.15 77.95 8.94
v 161.22 81.41 14.91
v 143.33 110.71 12.59
v 162.86 81.63 5.18
v 127.78 78.18 -0.79
v 144.97 110.94 2.86
v 162.86 81.63 5.18
v 179.73 102.57 8.50
v 178.10 102.34 18.23
v 161.22 81.41 14.91
v 161.22 81.41 14.91
v 178.10 102.34 18.23
v 143.33 110.71 12.59
v 179.73 102.57 8.50
v 162.86 81.63 5.18
v 144.97 110.94 2.86
v 179.73 102.57 8.50
v 193.93 137.49 11.70
v 192.30 137.26 21.42
v 178.10 102.34 18.23
v 178.10 102.34 18.23
v 192.30 137.26 21.42
v 143.33 110.71 12.59
v 193.93 137.49 11.70
v 179.73 102.57 8.50
v 144.97 110.94 2.86
v 193.93 137.49 11.70
v 168.77 145.66 7.66
v 167.14 145.44 17.39
v 192.30 137.26 21.42
v 192.30 137.26 21.42
v 167.14 145.44 17.39
v 143.33 110.71 12.59
v 168.77 145.66 7.66
v 193.93 137.49 11.70
v 144.97 110.94 2.86
v 168.77 145.66 7.66
v 148.70 147.04 4.33
v 147.07 146.82 14.06
v 167.14 145.44 17.39
v 167.14 145.44 17.39
v 147.07 146.82 14.06
v 143.33 110.71 12.59
v 148.70 147.04 4.33
v 168.77 145.66 7.66
v 144.97 110.94 2.86
v 148.70 147.04 4.33
v 127.96 136.57 0.60
v 126.33 136.35 10.33
v 147.07 146.82 14.06
v 147.07 146.82 14.06
v 126.33 136.35 10.33
v 143.33 110.71 12.59
v 127.96 136.57 0.60
v 148.70 147.04 4.33
v 144.97 110.94 2.86
v 127.96 136.57 0.60
v 103.17 100.29 -4.40
v 101.54 100.06 5.33
v 126.33 136.35 10.33
v 126.33 136.35 10.33
v 101.54 100.06 5.33
v 143.33 110.71 12.59
v 103.17 100.29 -4.40
v 127.96 136.57 0.60
v 144.97 110.94 2.86
v 103.17 100.29 -4.40
v 110.13 77.99 -3.75
v 108.50 77.77 5.97
v 101.54 100.06 5.33
v 101.54 100.06 5.33
v 108.50 77.77 5.97
v 143.33 110.71 12.59
v 110.13 77.99 -3.75
v 103.17 100.29 -4.40
v 144.97 110.94 2.86
v -58.58 -110.54 -4.30
v -72.14 -95.67 -8.70
v -72.50 -93.87 -1.52
v -58.94 -108.74 2.88
v -58.94 -108.74 2.88
v -72.50 -93.87 -1.52
v -106.28 -122.72 4.05
v -72.14 -95.67 -8.70
v -58.58 -110.54 -4.30
v -105.93 -124.52 -3.13
v -72.14 -95.67 -8.70
v -102.69 -90.83 -11.42
v -103.05 -89.03 -4.24
v -72.50 -93.87 -1.52
v -72.50 -93.87 -1.52
v -103.05 -89.03 -4.24
v -106.28 -122.72 4.05
v -102.69 -90.83 -11.42
v -72.14 -95.67 -8.70
v -105.93 -124.52 -3.13
v -102.69 -90.83 -11.42
v -140.80 -103.26 -10.19
v -141.15 -101.46 -3.00
v -103.05 -89.03 -4.24
v -103.05 -89.03 -4.24
v -141.15 -101.46 -3.00
v -106.28 -122.72 4.05
v -140.80 -103.26 -10.19
v -102.69 -90.83 -11.42
v -105.93 -124.52 -3.13
v -140.80 -103.26 -10.19
v -150.28 -119.17 -6.66
v -150.64 -117.36 0.52
v -141.15 -101.46 -3.00
v -141.15 -101.46 -3.00
v -150.64 -117.36 0.52
v -106.28 -122.72 4.05
v -150.28 -119.17 -6.66
v -140.80 -103.26 -10.19
v -105.93 -124.52 -3.13
v -150.28 -119.17 -6.66
v -149.97 -135.43 -2.57
v -150.32 -133.63 4.62
v -150.64 -117.36 0.52
v -150.64 -117.36 0.52
v -150.32 -133.63 4.62
v -106.28 -122.72 4.05
v -149.97 -135.43 -2.57
v -150.28 -119.17 -6.66
v -105.93 -124.52 -3.13
v -149.97 -135.43 -2.57
v -130.14 -149.35 1.90
v -130.50 -147.54 9.09
v -150.32 -133.63 4.62
v -150.32 -133.63 4.62
v -130.50 -147.54 9.09
v -106.28 -122.72 4.05
v -130.14 -149.35 1.90
v -149.97 -135.43 -2.57
v -105.93 -124.52 -3.13
v -130.14 -149.35 1.90
v -94.41 -156.91 5.56
v -94.77 -155.10 12.75
v -130.50 -147.54 9.09
v -130.50 -147.54 9.09
v -94.77 -155.10 12.75
v -106.28 -122.72 4.05
v -94.41 -156.91 5.56
v -130.14 -149.35 1.90
v -105.93 -124.52 -3.13
v -94.41 -156.91 5.56
v -83.43 -137.23 1.17
v -83.78 -135.43 8.35
v -94.77 -155.10 12.75
v -94.77 -155.10 12.75
v -83.78 -135.43 8.35
v -106.28 -122.72 4.05
v -83.43 -137.23 1.17
v -94.41 -156.91 5.56
v -105.93 -124.52 -3.13
v -83.43 -137.23 1.17
v -58.58 -110.54 -4.30
v -58.94 -108.74 2.88
v -83.78 -135.43 8.35
v -83.78 -135.43 8.35
v -58.94 -108.74 2.88
v -106.28 -122.72 4.05
v -58.58 -110.54 -4.30
v -83.43 -137.23 1.17
v -105.93 -124.52 -3.13
v -446.58 -2.69 10.27
v -440.79 -34.63 22.94
v -438.77 -31.24 30.58
v -444.56 0.71 17.92
v -444.56 0.71 17.92
v -438.77 -31.24 30.58
v -385.89 -23.08 13.00
v -440.79 -34.63 22.94
v -446.58 -2.69 10.27
v -387.91 -26.48 5.36
v -440.79 -34.63 22.94
v -403.34 -75.65 31.27
v -401.32 -72.25 38.91
v -438.77 -31.24 30.58
v -438.77 -31.24 30.58
v -401.32 -72.25 38.91
v -385.89 -23.08 13.00
v -403.34 -75.65 31.27
v -440.79 -34.63 22.94
v -387.91 -26.48 5.36
v -403.34 -75.65 31.27
v -375.98 -73.73 23.20
v -373.97 -70.33 30.84
v -401.32 -72.25 38.91
v -401.32 -72.25 38.91
v -373.97 -70.33 30.84
v -385.89 -23.08 13.00
v -375.98 -73.73 23.20
v -403.34 -75.65 31.27
v -387.91 -26.48 5.36
v -375.98 -73.73 23.20
v -353.87 -59.04 10.84
v -351.85 -55.65 18.48
v -373.97 -70.33 30.84
v -373.97 -70.33 30.84
v -351.85 -55.65 18.48
v -385.89 -23.08 13.00
v -353.87 -59.04 10.84
v -375.98 -73.73 23.20
v -387.91 -26.48 5.36
v -353.87 -59.04 10.84
v -323.98 -30.11 -9.89
v -321.96 -26.72 -2.25
v -351.85 -55.65 18.48
v -351.85 -55.65 18.48
v -321.96 -26.72 -2.25
v -385.89 -23.08 13.00
v -323.98 -30.11 -9.89
v -353.87 -59.04 10.84
v -387.91 -26.48 5.36
v -323.98 -30.11 -9.89
v -359.50 12.94 -19.64
v -357.49 16.34 -12.00
v -321.96 -26.72 -2.25
v -321.96 -26.72 -2.25
v -357.49 16.34 -12.00
v -385.89 -23.08 13.00
v -359.50 12.94 -19.64
v -323.98 -30.11 -9.89
v -387.91 -26.48 5.36
v -359.50 12.94 -19.64
v -384.53 4.28 -9.19
v -382.52 7.67 -1.55
v -357.49 16.34 -12.00
v -357.49 16.34 -12.00
v -382.52 7.67 -1.55
v -385.89 -23.08 13.00
v -384.53 4.28 -9.19
v -359.50 12.94 -19.64
v -387.91 -26.48 5.36
v -384.53 4.28 -9.19
v -425.01 21.31 -6.08
v -422.99 24.71 1.57
v -382.52 7.67 -1.55
v -382.52 7.67 -1.55
v -422.99 24.71 1.57
v -385.89 -23.08 13.00
v -425.01 21.31 -6.08
v -384.53 4.28 -9.19
v -387.91 -26.48 5.36
v -425.01 21.31 -6.08
v -446.58 -2.69 10.27
v -444.56 0.71 17.92
v -422.99 24.71 1.57
v -422.99 24.71 1.57
v -444.56 0.71 17.92
v -385.89 -23.08 13.00
v -446.58 -2.69 10.27
v -425.01 21.31 -6.08
v -387.91 -26.48 5.36
v -75.16 -255.05 29.28
v -47.81 -250.52 16.19
v -45.64 -246.36 22.17
v -72.99 -250.89 35.26
v -72.99 -250.89 35.26
v -45.64 -246.36 22.17
v -54.86 -214.03 3.00
v -47.81 -250.52 16.19
v -75.16 -255.05 29.28
v -57.04 -218.20 -2.98
v -47.81 -250.52 16.19
v -37.85 -233.04 0.39
v -35.68 -228.87 6.37
v -45.64 -246.36 22.17
v -45.64 -246.36 22.17
v -35.68 -228.87 6.37
v -54.86 -214.03 3.00
v -37.85 -233.04 0.39
v -47.81 -250.52 16.19
v -57.04 -218.20 -2.98
v -37.85 -233.04 0.39
v -23.35 -215.30 -17.24
v -21.18 -211.13 -11.26
v -35.68 -228.87 6.37
v -35.68 -228.87 6.37
v -21.18 -211.13 -11.26
v -54.86 -214.03 3.00
v -23.35 -215.30 -17.24
v -37.85 -233.04 0.39
v -57.04 -218.20 -2.98
v -23.35 -215.30 -17.24
v -34.74 -186.87 -32.90
v -32.57 -182.71 -26.92
v -21.18 -211.13 -11.26
v -21.18 -211.13 -11.26
v -32.57 -182.71 -26.92
v -54.86 -214.03 3.00
v -34.74 -186.87 -32.90
v -23.35 -215.30 -17.24
v -57.04 -218.20 -2.98
v -34.74 -186.87 -32.90
v -58.21 -174.59 -32.93
v -56.03 -170.43 -26.95
v -32.57 -182.71 -26.92
v -32.57 -182.71 -26.92
v -56.03 -170.43 -26.95
v -54.86 -214.03 3.00
v -58.21 -174.59 -32.93
v -34.74 -186.87 -32.90
v -57.04 -218.20 -2.98
v -58.21 -174.59 -32.93
v -68.39 -195.81 -14.45
v -66.22 -191.64 -8.47
v -56.03 -170.43 -26.95
v -56.03 -170.43 -26.95
v -66.22 -191.64 -8.47
v -54.86 -214.03 3.00
v -68.39 -195.81 -14.45
v -58.21 -174.59 -32.93
v -57.04 -218.20 -2.98
v -68.39 -195.81 -14.45
v -79.55 -212.09 0.95
v -77.38 -207.93 6.93
v -66.22 -191.64 -8.47
v -66.22 -191.64 -8.47
v -77.38 -207.93 6.93
v -54.86 -214.03 3.00
v -79.55 -212.09 0.95
v -68.39 -195.81 -14.45
v -57.04 -218.20 -2.98
v -79.55 -212.09 0.95
v -79.84 -240.32 20.72
v -77.67 -236.15 26.70
v -77.38 -207.93 6.93
v -77.38 -207.93 6.93
v -77.67 -236.15 26.70
v -54.86 -214.03 3.00
v -79.84 -240.32 20.72
v -79.55 -212.09 0.95
v -57.04 -218.20 -2.98
v -79.84 -240.32 20.72
v -75.16 -255.05 29.28
v -72.99 -250.89 35.26
v -77.67 -236.15 26.70
v -77.67 -236.15 26.70
v -72.99 -250.89 35.26
v -54.86 -214.03 3.00
v -75.16 -255.05 29.28
v -79.84 -240.32 20.72
v -57.04 -218.20 -2.98
v -90.95 365.54 19.66
v -76.54 335.90 12.20
v -69.15 336.71 23.27
v -83.56 366.35 30.73
v -83.56 366.35 30.73
v -69.15 336.71 23.27
v -53.10 374.04 9.83
v -76.54 335.90 12.20
v -90.95 365.54 19.66
v -60.49 373.23 -1.24
v -76.54 335.90 12.20
v -46.80 333.05 -7.44
v -39.41 333.86 3.63
v -69.15 336.71 23.27
v -69.15 336.71 23.27
v -39.41 333.86 3.63
v -53.10 374.04 9.83
v -46.80 333.05 -7.44
v -76.54 335.90 12.20
v -60.49 373.23 -1.24
v -46.80 333.05 -7.44
v -32.58 375.17 -20.01
v -25.19 375.97 -8.94
v -39.41 333.86 3.63
v -39.41 333.86 3.63
v -25.19 375.97 -8.94
v -53.10 374.04 9.83
v -32.58 375.17 -20.01
v -46.80 333.05 -7.44
v -60.49 373.23 -1.24
v -32.58 375.17 -20.01
v -36.85 408.24 -19.57
v -29.46 409.05 -8.50
v -25.19 375.97 -8.94
v -25.19 375.97 -8.94
v -29.46 409.05 -8.50
v -53.10 374.04 9.83
v -36.85 408.24 -19.57
v -32.58 375.17 -20.01
v -60.49 373.23 -1.24
v -36.85 408.24 -19.57
v -67.72 406.58 1.16
v -60.33 407.39 12.23
v -29.46 409.05 -8.50
v -29.46 409.05 -8.50
v -60.33 407.39 12.23
v -53.10 374.04 9.83
v -67.72 406.58 1.16
v -36.85 408.24 -19.57
v -60.49 373.23 -1.24
v -67.72 406.58 1.16
v -88.91 388.15 16.65
v -81.52 388.96 27.72
v -60.33 407.39 12.23
v -60.33 407.39 12.23
v -81.52 388.96 27.72
v -53.10 374.04 9.83
v -88.91 388.15 16.65
v -67.72 406.58 1.16
v -60.49 373.23 -1.24
v -88.91 388.15 16.65
v -90.95 365.54 19.66
v -83.56 366.35 30.73
v -81.52 388.96 27.72
v -81.52 388.96 27.72
v -83.56 366.35 30.73
v -53.10 374.04 9.83
v -90.95 365.54 19.66
v -88.91 388.15 16.65
v -60.49 373.23 -1.24
v 293.99 -188.49 -6.21
v 301.46 -170.78 -16.70
v 306.81 -166.77 -6.10
v 299.33 -184.47 4.39
v 299.33 -184.47 4.39
v 306.81 -166.77 -6.10
v 275.30 -151.24 3.90
v 301.46 -170.78 -16.70
v 293.99 -188.49 -6.21
v 269.96 -155.26 -6.69
v 301.46 -170.78 -16.70
v 289.18 -151.39 -17.86
v 294.52 -147.37 -7.26
v 306.81 -166.77 -6.10
v 306.81 -166.77 -6.10
v 294.52 -147.37 -7.26
v 275.30 -151.24 3.90
v 289.18 -151.39 -17.86
v 301.46 -170.78 -16.70
v 269.96 -155.26 -6.69
v 289.18 -151.39 -17.86
v 273.28 -123.59 -20.38
v 278.63 -119.57 -9.79
v 294.52 -147.37 -7.26
v 294.52 -147.37 -7.26
v 278.63 -119.57 -9.79
v 275.30 -151.24 3.90
v 273.28 -123.59 -20.38
v 289.18 -151.39 -17.86
v 269.96 -155.26 -6.69
v 273.28 -123.59 -20.38
v 257.83 -122.15 -13.13
v 263.18 -118.13 -2.54
v 278.63 -119.57 -9.79
v 278.63 -119.57 -9.79
v 263.18 -118.13 -2.54
v 275.30 -151.24 3.90
v 257.83 -122.15 -13.13
v 273.28 -123.59 -20.38
v 269.96 -155.26 -6.69
v 257.83 -122.15 -13.13
v 244.79 -133.92 -2.09
v 250.14 -129.90 8.50
v 263.18 -118.13 -2.54
v 263.18 -118.13 -2.54
v 250.14 -129.90 8.50
v 275.30 -151.24 3.90
v 244.79 -133.92 -2.09
v 257.83 -122.15 -13.13
v 269.96 -155.26 -6.69
v 244.79 -133.92 -2.09
v 238.33 -149.18 6.96
v 243.68 -145.17 17.55
v 250.14 -129.90 8.50
v 250.14 -129.90 8.50
v 243.68 -145.17 17.55
v 275.30 -151.24 3.90
v 238.33 -149.18 6.96
v 244.79 -133.92 -2.09
v 269.96 -155.26 -6.69
v 238.33 -149.18 6.96
v 251.33 -167.94 7.52
v 256.68 -163.92 18.11
v 243.68 -145.17 17.55
v 243.68 -145.17 17.55
v 256.68 -163.92 18.11
v 275.30 -151.24 3.90
v 251.33 -167.94 7.52
v 238.33 -149.18 6.96
v 269.96 -155.26 -6.69
v 251.33 -167.94 7.52
v 291.97 -205.71 1.34
v 297.32 -201.69 11.94
v 256.68 -163.92 18.11
v 256.68 -163.92 18.11
v 297.32 -201.69 11.94
v 275.30 -151.24 3.90
v 291.97 -205.71 1.34
v 251.33 -167.94 7.52
v 269.96 -155.26 -6.69
v 291.97 -205.71 1.34
v 293.99 -188.49 -6.21
v 299.33 -184.47 4.39
v 297.32 -201.69 11.94
v 297.32 -201.69 11.94
v 299.33 -184.47 4.39
v 275.30 -151.24 3.90
v 293.99 -188.49 -6.21
v 291.97 -205.71 1.34
v 269.96 -155.26 -6.69
v -122.09 23.62 25.03
v -142.35 -8.24 11.97
v -139.18 -13.95 20.96
v -118.92 17.91 34.03
v -118.92 17.91 34.03
v -139.18 -13.95 20.96
v -103.80 -13.97 8.48
v -142.35 -8.24 11.97
v -122.09 23.62 25.03
v -106.97 -8.26 -0.52
v -142.35 -8.24 11.97
v -144.98 -38.90 -6.56
v -141.81 -44.61 2.44
v -139.18 -13.95 20.96
v -139.18 -13.95 20.96
v -141.81 -44.61 2.44
v -103.80 -13.97 8.48
v -144.98 -38.90 -6.56
v -142.35 -8.24 11.97
v -106.97 -8.26 -0.52
v -144.98 -38.90 -6.56
v -103.48 -60.44 -34.85
v -100.30 -66.15 -25.85
v -141.81 -44.61 2.44
v -141.81 -44.61 2.44
v -100.30 -66.15 -25.85
v -103.80 -13.97 8.48
v -103.48 -60.44 -34.85
v -144.98 -38.90 -6.56
v -106.97 -8.26 -0.52
v -103.48 -60.44 -34.85
v -52.78 -22.97 -28.95
v -49.61 -28.68 -19.96
v -100.30 -66.15 -25.85
v -100.30 -66.15 -25.85
v -49.61 -28.68 -19.96
v -103.80 -13.97 8.48
v -52.78 -22.97 -28.95
v -103.48 -60.44 -34.85
v -106.97 -8.26 -0.52
v -52.78 -22.97 -28.95
v -76.00 9.13 -0.41
v -72.83 3.42 8.59
v -49.61 -28.68 -19.96
v -49.61 -28.68 -19.96
v -72.83 3.42 8.59
v -103.80 -13.97 8.48
v -76.00 9.13 -0.41
v -52.78 -22.97 -28.95
v -106.97 -8.26 -0.52
v -76.00 9.13 -0.41
v -94.55 22.20 14.42
v -91.38 16.49 23.42
v -72.83 3.42 8.59
v -72.83 3.42 8.59
v -91.38 16.49 23.42
v -103.80 -13.97 8.48
v -94.55 22.20 14.42
v -76.00 9.13 -0.41
v -106.97 -8.26 -0.52
v -94.55 22.20 14.42
v -122.09 23.62 25.03
v -118.92 17.91 34.03
v -91.38 16.49 23.42
v -91.38 16.49 23.42
v -118.92 17.91 34.03
v -103.80 -13.97 8.48
v -122.09 23.62 25.03
v -94.55 22.20 14.42
v -106.97 -8.26 -0.52
v -338.61 100.55 -7.85
v -332.04 118.63 -0.98
v -335.43 116.02 9.12
v -341.99 97.94 2.25
v -341.99 97.94 2.25
v -335.43 116.02 9.12
v -357.83 121.65 3.06
v -332.04 118.63 -0.98
v -338.61 100.55 -7.85
v -354.44 124.26 -7.04
v -332.04 118.63 -0.98
v -341.52 137.21 0.64
v -344.91 134.60 10.74
v -335.43 116.02 9.12
v -335.43 116.02 9.12
v -344.91 134.60 10.74
v -357.83 121.65 3.06
v -341.52 137.21 0.64
v -332.04 118.63 -0.98
v -354.44 124.26 -7.04
v -341.52 137.21 0.64
v -359.10 147.65 -2.56
v -362.49 145.04 7.54
v -344.91 134.60 10.74
v -344.91 134.60 10.74
v -362.49 145.04 7.54
v -357.83 121.65 3.06
v -359.10 147.65 -2.56
v -341.52 137.21 0.64
v -354.44 124.26 -7.04
v -359.10 147.65 -2.56
v -368.16 136.07 -8.59
v -371.55 133.46 1.51
v -362.49 145.04 7.54
v -362.49 145.04 7.54
v -371.55 133.46 1.51
v -357.83 121.65 3.06
v -368.16 136.07 -8.59
v -359.10 147.65 -2.56
v -354.44 124.26 -7.04
v -368.16 136.07 -8.59
v -370.48 121.70 -13.08
v -373.87 119.09 -2.98
v -371.55 133.46 1.51
v -371.55 133.46 1.51
v -373.87 119.09 -2.98
v -357.83 121.65 3.06
v -370.48 121.70 -13.08
v -368.16 136.07 -8.59
v -354.44 124.26 -7.04
v -370.48 121.70 -13.08
v -355.33 101.41 -13.24
v -358.72 98.80 -3.14
v -373.87 119.09 -2.98
v -373.87 119.09 -2.98
v -358.72 98.80 -3.14
v -357.83 121.65 3.06
v -355.33 101.41 -13.24
v -370.48 121.70 -13.08
v -354.44 124.26 -7.04
v -355.33 101.41 -13.24
v -338.61 100.55 -7.85
v -341.99 97.94 2.25
v -358.72 98.80 -3.14
v -358.72 98.80 -3.14
v -341.99 97.94 2.25
v -357.83 121.65 3.06
v -338.61 100.55 -7.85
v -355.33 101.41 -13.24
v -354.44 124.26 -7.04
v 252.24 -233.19 -11.02
v 273.69 -238.01 7.19
v 268.16 -238.34 13.61
v 246.72 -233.51 -4.60
v 246.72 -233.51 -4.60
v 268.16 -238.34 13.61
v 265.68 -220.33 12.38
v 273.69 -238.01 7.19
v 252.24 -233.19 -11.02
v 271.20 -220.00 5.96
v 273.69 -238.01 7.19
v 283.31 -224.26 16.16
v 277.78 -224.58 22.58
v 268.16 -238.34 13.61
v 268.16 -238.34 13.61
v 277.78 -224.58 22.58
v 265.68 -220.33 12.38
v 283.31 -224.26 16.16
v 273.69 -238.01 7.19
v 271.20 -220.00 5.96
v 283.31 -224.26 16.16
v 287.00 -206.89 20.21
v 281.47 -207.21 26.63
v 277.78 -224.58 22.58
v 277.78 -224.58 22.58
v 281.47 -207.21 26.63
v 265.68 -220.33 12.38
v 287.00 -206.89 20.21
v 283.31 -224.26 16.16
v 271.20 -220.00 5.96
v 287.00 -206.89 20.21
v 271.93 -194.09 7.89
v 266.41 -194.41 14.31
v 281.47 -207.21 26.63
v 281.47 -207.21 26.63
v 266.41 -194.41 14.31
v 265.68 -220.33 12.38
v 271.93 -194.09 7.89
v 287.00 -206.89 20.21
v 271.20 -220.00 5.96
v 271.93 -194.09 7.89
v 250.84 -214.34 -11.27
v 245.32 -214.66 -4.85
v 266.41 -194.41 14.31
v 266.41 -194.41 14.31
v 245.32 -214.66 -4.85
v 265.68 -220.33 12.38
v 250.84 -214.34 -11.27
v 271.93 -194.09 7.89
v 271.20 -220.00 5.96
v 250.84 -214.34 -11.27
v 252.24 -233.19 -11.02
v 246.72 -233.51 -4.60
v 245.32 -214.66 -4.85
v 245.32 -214.66 -4.85
v 246.72 -233.51 -4.60
v 265.68 -220.33 12.38
v 252.24 -233.19 -11.02
v 250.84 -214.34 -11.27
v 271.20 -220.00 5.96
v 239.51 209.34 -9.09
v 255.87 234.31 5.38
v 254.93 231.15 11.88
v 238.58 206.19 -2.59
v 238.58 206.19 -2.59
v 254.93 231.15 11.88
v 220.78 228.34 5.59
v 255.87 234.31 5.38
v 239.51 209.34 -9.09
v 221.72 231.49 -0.91
v 255.87 234.31 5.38
v 239.91 258.10 14.62
v 238.98 254.94 21.12
v 254.93 231.15 11.88
v 254.93 231.15 11.88
v 238.98 254.94 21.12
v 220.78 228.34 5.59
v 239.91 258.10 14.62
v 255.87 234.31 5.38
v 221.72 231.49 -0.91
v 239.91 258.10 14.62
v 206.68 269.42 15.33
v 205.74 266.26 21.83
v 238.98 254.94 21.12
v 238.98 254.94 21.12
v 205.74 266.26 21.83
v 220.78 228.34 5.59
v 206.68 269.42 15.33
v 239.91 258.10 14.62
v 221.72 231.49 -0.91
v 206.68 269.42 15.33
v 191.74 246.22 1.92
v 190.80 243.07 8.42
v 205.74 266.26 21.83
v 205.74 266.26 21.83
v 190.80 243.07 8.42
v 220.78 228.34 5.59
v 191.74 246.22 1.92
v 206.68 269.42 15.33
v 221.72 231.49 -0.91
v 191.74 246.22 1.92
v 194.32 212.84 -13.91
v 193.39 209.69 -7.41
v 190.80 243.07 8.42
v 190.80 243.07 8.42
v 193.39 209.69 -7.41
v 220.78 228.34 5.59
v 194.32 212.84 -13.91
v 191.74 246.22 1.92
v 221.72 231.49 -0.91
v 194.32 212.84 -13.91
v 227.96 197.96 -16.28
v 227.03 194.80 -9.78
v 193.39 209.69 -7.41
v 193.39 209.69 -7.41
v 227.03 194.80 -9.78
v 220.78 228.34 5.59
v 227.96 197.96 -16.28
v 194.32 212.84 -13.91
v 221.72 231.49 -0.91
v 227.96 197.96 -16.28
v 239.51 209.34 -9.09
v 238.58 206.19 -2.59
v 227.03 194.80 -9.78
v 227.03 194.80 -9.78
v 238.58 206.19 -2.59
v 220.78 228.34 5.59
v 239.51 209.34 -9.09
v 227.96 197.96 -16.28
v 221.72 231.49 -0.91
v -251.65 0.91 0.26
v -258.46 41.78 0.58
v -258.54 41.67 12.74
v -251.73 0.80 12.42
v -251.73 0.80 12.42
v -258.54 41.67 12.74
v -297.29 55.14 12.61
v -258.46 41.78 0.58
v -251.65 0.91 0.26
v -297.21 55.25 0.44
v -258.46 41.78 0.58
v -267.03 76.15 0.83
v -267.11 76.04 13.00
v -258.54 41.67 12.74
v -258.54 41.67 12.74
v -267.11 76.04 13.00
v -297.29 55.14 12.61
v -267.03 76.15 0.83
v -258.46 41.78 0.58
v -297.21 55.25 0.44
v -267.03 76.15 0.83
v -304.84 89.58 0.70
v -304.92 89.47 12.87
v -267.11 76.04 13.00
v -267.11 76.04 13.00
v -304.92 89.47 12.87
v -297.29 55.14 12.61
v -304.84 89.58 0.70
v -267.03 76.15 0.83
v -297.21 55.25 0.44
v -304.84 89.58 0.70
v -343.67 101.01 0.55
v -343.75 100.90 12.71
v -304.92 89.47 12.87
v -304.92 89.47 12.87
v -343.75 100.90 12.71
v -297.29 55.14 12.61
v -343.67 101.01 0.55
v -304.84 89.58 0.70
v -297.21 55.25 0.44
v -343.67 101.01 0.55
v -339.67 68.10 0.28
v -339.75 67.99 12.44
v -343.75 100.90 12.71
v -343.75 100.90 12.71
v -339.75 67.99 12.44
v -297.29 55.14 12.61
v -339.67 68.10 0.28
v -343.67 101.01 0.55
v -297.21 55.25 0.44
v -339.67 68.10 0.28
v -323.70 20.90 -0.04
v -323.78 20.79 12.12
v -339.75 67.99 12.44
v -339.75 67.99 12.44
v -323.78 20.79 12.12
v -297.29 55.14 12.61
v -323.70 20.90 -0.04
v -339.67 68.10 0.28
v -297.21 55.25 0.44
v -323.70 20.90 -0.04
v -288.68 14.34 0.13
v -288.76 14.23 12.29
v -323.78 20.79 12.12
v -323.78 20.79 12.12
v -288.76 14.23 12.29
v -297.29 55.14 12.61
v -288.68 14.34 0.13
v -323.70 20.90 -0.04
v -297.21 55.25 0.44
v -288.68 14.34 0.13
v -251.65 0.91 0.26
v -251.73 0.80 12.42
v -288.76 14.23 12.29
v -288.76 14.23 12.29
v -251.73 0.80 12.42
v -297.29 55.14 12.61
v -251.65 0.91 0.26
v -288.68 14.34 0.13
v -297.21 55.25 0.44
v 62.55 -154.87 -27.37
v 38.20 -85.52 -12.89
v 41.24 -86.68 -2.23
v 65.59 -156.03 -16.71
v 65.59 -156.03 -16.71
v 41.24 -86.68 -2.23
v 2.65 -129.87 4.08
v 38.20 -85.52 -12.89
v 62.55 -154.87 -27.37
v -0.39 -128.72 -6.59
v 38.20 -85.52 -12.89
v -8.05 -81.56 0.72
v -5.01 -82.72 11.39
v 41.24 -86.68 -2.23
v 41.24 -86.68 -2.23
v -5.01 -82.72 11.39
v 2.65 -129.87 4.08
v -8.05 -81.56 0.72
v 38.20 -85.52 -12.89
v -0.39 -128.72 -6.59
v -8.05 -81.56 0.72
v -30.08 -94.05 5.65
v -27.04 -95.21 16.31
v -5.01 -82.72 11.39
v -5.01 -82.72 11.39
v -27.04 -95.21 16.31
v 2.65 -129.87 4.08
v -30.08 -94.05 5.65
v -8.05 -81.56 0.72
v -0.39 -128.72 -6.59
v -30.08 -94.05 5.65
v -44.52 -134.51 5.36
v -41.48 -135.67 16.02
v -27.04 -95.21 16.31
v -27.04 -95.21 16.31
v -41.48 -135.67 16.02
v 2.65 -129.87 4.08
v -44.52 -134.51 5.36
v -30.08 -94.05 5.65
v -0.39 -128.72 -6.59
v -44.52 -134.51 5.36
v -40.47 -174.84 -0.17
v -37.43 -176.00 10.49
v -41.48 -135.67 16.02
v -41.48 -135.67 16.02
v -37.43 -176.00 10.49
v 2.65 -129.87 4.08
v -40.47 -174.84 -0.17
v -44.52 -134.51 5.36
v -0.39 -128.72 -6.59
v -40.47 -174.84 -0.17
v 26.06 -165.80 -18.16
v 29.10 -166.96 -7.49
v -37.43 -176.00 10.49
v -37.43 -176.00 10.49
v 29.10 -166.96 -7.49
v 2.65 -129.87 4.08
v 26.06 -165.80 -18.16
v -40.47 -174.84 -0.17
v -0.39 -128.72 -6.59
v 26.06 -165.80 -18.16
v 62.55 -154.87 -27.37
v 65.59 -156.03 -16.71
v 29.10 -166.96 -7.49
v 29.10 -166.96 -7.49
v 65.59 -156.03 -16.71
v 2.65 -129.87 4.08
v 62.55 -154.87 -27.37
v 26.06 -165.80 -18.16
v -0.39 -128.72 -6.59
v 80.76 34.94 -1.05
v 64.40 40.30 -2.09
v 62.70 37.24 8.90
v 79.06 31.88 9.94
v 79.06 31.88 9.94
v 62.70 37.24 8.90
v 53.84 19.87 2.69
v 64.40 40.30 -2.09
v 80.76 34.94 -1.05
v 55.54 22.93 -8.30
v 64.40 40.30 -2.09
v 43.31 45.69 -3.86
v 41.61 42.63 7.13
v 62.70 37.24 8.90
v 62.70 37.24 8.90
v 41.61 42.63 7.13
v 53.84 19.87 2.69
v 43.31 45.69 -3.86
v 64.40 40.30 -2.09
v 55.54 22.93 -8.30
v 43.31 45.69 -3.86
v 37.20 38.83 -6.72
v 35.49 35.77 4.28
v 41.61 42.63 7.13
v 41.61 42.63 7.13
v 35.49 35.77 4.28
v 53.84 19.87 2.69
v 37.20 38.83 -6.72
v 43.31 45.69 -3.86
v 55.54 22.93 -8.30
v 37.20 38.83 -6.72
v 34.46 17.25 -13.14
v 32.76 14.19 -2.15
v 35.49 35.77 4.28
v 35.49 35.77 4.28
v 32.76 14.19 -2.15
v 53.84 19.87 2.69
v 34.46 17.25 -13.14
v 37.20 38.83 -6.72
v 55.54 22.93 -8.30
v 34.46 17.25 -13.14
v 39.87 7.80 -14.93
v 38.17 4.74 -3.94
v 32.76 14.19 -2.15
v 32.76 14.19 -2.15
v 38.17 4.74 -3.94
v 53.84 19.87 2.69
v 39.87 7.80 -14.93
v 34.46 17.25 -13.14
v 55.54 22.93 -8.30
v 39.87 7.80 -14.93
v 53.69 5.02 -13.57
v 51.99 1.96 -2.58
v 38.17 4.74 -3.94
v 38.17 4.74 -3.94
v 51.99 1.96 -2.58
v 53.84 19.87 2.69
v 53.69 5.02 -13.57
v 39.87 7.80 -14.93
v 55.54 22.93 -8.30
v 53.69 5.02 -13.57
v 64.03 5.62 -11.80
v 62.33 2.56 -0.81
v 51.99 1.96 -2.58
v 51.99 1.96 -2.58
v 62.33 2.56 -0.81
v 53.84 19.87 2.69
v 64.03 5.62 -11.80
v 53.69 5.02 -13.57
v 55.54 22.93 -8.30
v 64.03 5.62 -11.80
v 85.14 19.61 -4.64
v 83.44 16.55 6.35
v 62.33 2.56 -0.81
v 62.33 2.56 -0.81
v 83.44 16.55 6.35
v 53.84 19.87 2.69
v 85.14 19.61 -4.64
v 64.03 5.62 -11.80
v 55.54 22.93 -8.30
v 85.14 19.61 -4.64
v 80.76 34.94 -1.05
v 79.06 31.88 9.94
v 83.44 16.55 6.35
v 83.44 16.55 6.35
v 79.06 31.88 9.94
v 53.84 19.87 2.69
v 80.76 34.94 -1.05
v 85.14 19.61 -4.64
v 55.54 22.93 -8.30
v 174.71 192.51 -1.32
v 190.97 216.67 -15.58
v 194.09 218.02 -9.75
v 177.83 193.85 4.52
v 177.83 193.85 4.52
v 194.09 218.02 -9.75
v 158.19 232.03 6.22
v 190.97 216.67 -15.58
v 174.71 192.51 -1.32
v 155.07 230.68 0.38
v 190.97 216.67 -15.58
v 175.23 249.45 -14.73
v 178.35 250.80 -8.89
v 194.09 218.02 -9.75
v 194.09 218.02 -9.75
v 178.35 250.80 -8.89
v 158.19 232.03 6.22
v 175.23 249.45 -14.73
v 190.97 216.67 -15.58
v 155.07 230.68 0.38
v 175.23 249.45 -14.73
v 161.43 268.16 -11.67
v 164.55 269.50 -5.83
v 178.35 250.80 -8.89
v 178.35 250.80 -8.89
v 164.55 269.50 -5.83
v 158.19 232.03 6.22
v 161.43 268.16 -11.67
v 175.23 249.45 -14.73
v 155.07 230.68 0.38
v 161.43 268.16 -11.67
v 133.96 271.65 2.21
v 137.08 273.00 8.05
v 164.55 269.50 -5.83
v 164.55 269.50 -5.83
v 137.08 273.00 8.05
v 158.19 232.03 6.22
v 133.96 271.65 2.21
v 161.43 268.16 -11.67
v 155.07 230.68 0.38
v 133.96 271.65 2.21
v 120.38 245.84 15.43
v 123.50 247.19 21.26
v 137.08 273.00 8.05
v 137.08 273.00 8.05
v 123.50 247.19 21.26
v 158.19 232.03 6.22
v 120.38 245.84 15.43
v 133.96 271.65 2.21
v 155.07 230.68 0.38
v 120.38 245.84 15.43
v 132.63 216.56 15.63
v 135.75 217.91 21.47
v 123.50 247.19 21.26
v 123.50 247.19 21.26
v 135.75 217.91 21.47
v 158.19 232.03 6.22
v 132.63 216.56 15.63
v 120.38 245.84 15.43
v 155.07 230.68 0.38
v 132.63 216.56 15.63
v 156.87 182.80 10.46
v 159.99 184.15 16.30
v 135.75 217.91 21.47
v 135.75 217.91 21.47
v 159.99 184.15 16.30
v 158.19 232.03 6.22
v 156.87 182.80 10.46
v 132.63 216.56 15.63
v 155.07 230.68 0.38
v 156.87 182.80 10.46
v 174.71 192.51 -1.32
v 177.83 193.85 4.52
v 159.99 184.15 16.30
v 159.99 184.15 16.30
v 177.83 193.85 4.52
v 158.19 232.03 6.22
v 174.71 192.51 -1.32
v 156.87 182.80 10.46
v 155.07 230.68 0.38
v -328.83 -64.23 -19.36
v -358.13 -52.57 -13.76
v -355.73 -50.47 -5.54
v -326.42 -62.13 -11.13
v -326.42 -62.13 -11.13
v -355.73 -50.47 -5.54
v -367.83 -74.41 4.11
v -358.13 -52.57 -13.76
v -328.83 -64.23 -19.36
v -370.23 -76.51 -4.11
v -358.13 -52.57 -13.76
v -381.62 -55.25 -6.21
v -379.21 -53.16 2.02
v -355.73 -50.47 -5.54
v -355.73 -50.47 -5.54
v -379.21 -53.16 2.02
v -367.83 -74.41 4.11
v -381.62 -55.25 -6.21
v -358.13 -52.57 -13.76
v -370.23 -76.51 -4.11
v -381.62 -55.25 -6.21
v -403.03 -64.91 2.52
v -400.62 -62.82 10.74
v -379.21 -53.16 2.02
v -379.21 -53.16 2.02
v -400.62 -62.82 10.74
v -367.83 -74.41 4.11
v -403.03 -64.91 2.52
v -381.62 -55.25 -6.21
v -370.23 -76.51 -4.11
v -403.03 -64.91 2.52
v -399.94 -83.63 6.39
v -397.54 -81.53 14.62
v -400.62 -62.82 10.74
v -400.62 -62.82 10.74
v -397.54 -81.53 14.62
v -367.83 -74.41 4.11
v -399.94 -83.63 6.39
v -403.03 -64.91 2.52
v -370.23 -76.51 -4.11
v -399.94 -83.63 6.39
v -383.40 -110.43 8.39
v -380.99 -108.33 16.62
v -397.54 -81.53 14.62
v -397.54 -81.53 14.62
v -380.99 -108.33 16.62
v -367.83 -74.41 4.11
v -383.40 -110.43 8.39
v -399.94 -83.63 6.39
v -370.23 -76.51 -4.11
v -383.40 -110.43 8.39
v -351.05 -101.21 -3.42
v -348.65 -99.11 4.80
v -380.99 -108.33 16.62
v -380.99 -108.33 16.62
v -348.65 -99.11 4.80
v -367.83 -74.41 4.11
v -351.05 -101.21 -3.42
v -383.40 -110.43 8.39
v -370.23 -76.51 -4.11
v -351.05 -101.21 -3.42
v -343.91 -79.53 -11.04
v -341.51 -77.43 -2.82
v -348.65 -99.11 4.80
v -348.65 -99.11 4.80
v -341.51 -77.43 -2.82
v -367.83 -74.41 4.11
v -343.91 -79.53 -11.04
v -351.05 -101.21 -3.42
v -370.23 -76.51 -4.11
v -343.91 -79.53 -11.04
v -328.83 -64.23 -19.36
v -326.42 -62.13 -11.13
v -341.51 -77.43 -2.82
v -341.51 -77.43 -2.82
v -326.42 -62.13 -11.13
v -367.83 -74.41 4.11
v -328.83 -64.23 -19.36
v -343.91 -79.53 -11.04
v -370.23 -76.51 -4.11
v 174.61 -19.47 6.02
v 198.97 -26.09 -9.42
v 204.90 -28.38 0.91
v 180.53 -21.77 16.35
v 180.53 -21.77 16.35
v 204.90 -28.38 0.91
v 214.73 3.80 2.42
v 198.97 -26.09 -9.42
v 174.61 -19.47 6.02
v 208.80 6.09 -7.91
v 198.97 -26.09 -9.42
v 222.66 -20.43 -21.74
v 228.58 -22.72 -11.40
v 204.90 -28.38 0.91
v 204.90 -28.38 0.91
v 228.58 -22.72 -11.40
v 214.73 3.80 2.42
v 222.66 -20.43 -21.74
v 198.97 -26.09 -9.42
v 208.80 6.09 -7.91
v 222.66 -20.43 -21.74
v 235.53 15.02 -21.25
v 241.46 12.73 -10.92
v 228.58 -22.72 -11.40
v 228.58 -22.72 -11.40
v 241.46 12.73 -10.92
v 214.73 3.80 2.42
v 235.53 15.02 -21.25
v 222.66 -20.43 -21.74
v 208.80 6.09 -7.91
v 235.53 15.02 -21.25
v 229.38 41.03 -11.95
v 235.30 38.74 -1.62
v 241.46 12.73 -10.92
v 241.46 12.73 -10.92
v 235.30 38.74 -1.62
v 214.73 3.80 2.42
v 229.38 41.03 -11.95
v 235.53 15.02 -21.25
v 208.80 6.09 -7.91
v 229.38 41.03 -11.95
v 210.23 39.07 -1.41
v 216.15 36.78 8.92
v 235.30 38.74 -1.62
v 235.30 38.74 -1.62
v 216.15 36.78 8.92
v 214.73 3.80 2.42
v 210.23 39.07 -1.41
v 229.38 41.03 -11.95
v 208.80 6.09 -7.91
v 210.23 39.07 -1.41
v 189.71 19.15 5.93
v 195.63 16.85 16.27
v 216.15 36.78 8.92
v 216.15 36.78 8.92
v 195.63 16.85 16.27
v 214.73 3.80 2.42
v 189.71 19.15 5.93
v 210.23 39.07 -1.41
v 208.80 6.09 -7.91
v 189.71 19.15 5.93
v 174.61 -19.47 6.02
v 180.53 -21.77 16.35
v 195.63 16.85 16.27
v 195.63 16.85 16.27
v 180.53 -21.77 16.35
v 214.73 3.80 2.42
v 174.61 -19.47 6.02
v 189.71 19.15 5.93
v 208.80 6.09 -7.91
v -228.61 -130.69 0.35
v -240.73 -120.43 -1.33
v -241.79 -120.34 6.93
v -229.68 -130.60 8.61
v -229.68 -130.60 8.61
v -241.79 -120.34 6.93
v -248.56 -146.59 6.36
v -240.73 -120.43 -1.33
v -228.61 -130.69 0.35
v -247.49 -146.69 -1.90
v -240.73 -120.43 -1.33
v -261.30 -134.67 -3.82
v -262.37 -134.57 4.44
v -241.79 -120.34 6.93
v -241.79 -120.34 6.93
v -262.37 -134.57 4.44
v -248.56 -146.59 6.36
v -261.30 -134.67 -3.82
v -240.73 -120.43 -1.33
v -247.49 -146.69 -1.90
v -261.30 -134.67 -3.82
v -276.04 -155.35 -5.49
v -277.10 -155.25 2.77
v -262.37 -134.57 4.44
v -262.37 -134.57 4.44
v -277.10 -155.25 2.77
v -248.56 -146.59 6.36
v -276.04 -155.35 -5.49
v -261.30 -134.67 -3.82
v -247.49 -146.69 -1.90
v -276.04 -155.35 -5.49
v -254.76 -169.77 -2.58
v -255.82 -169.67 5.68
v -277.10 -155.25 2.77
v -277.10 -155.25 2.77
v -255.82 -169.67 5.68
v -248.56 -146.59 6.36
v -254.76 -169.77 -2.58
v -276.04 -155.35 -5.49
v -247.49 -146.69 -1.90
v -254.76 -169.77 -2.58
v -236.64 -165.05 -0.29
v -237.71 -164.95 7.97
v -255.82 -169.67 5.68
v -255.82 -169.67 5.68
v -237.71 -164.95 7.97
v -248.56 -146.59 6.36
v -236.64 -165.05 -0.29
v -254.76 -169.77 -2.58
v -247.49 -146.69 -1.90
v -236.64 -165.05 -0.29
v -222.52 -147.90 1.33
v -223.59 -147.80 9.59
v -237.71 -164.95 7.97
v -237.71 -164.95 7.97
v -223.59 -147.80 9.59
v -248.56 -146.59 6.36
v -222.52 -147.90 1.33
v -236.64 -165.05 -0.29
v -247.49 -146.69 -1.90
v -222.52 -147.90 1.33
v -228.61 -130.69 0.35
v -229.68 -130.60 8.61
v -223.59 -147.80 9.59
v -223.59 -147.80 9.59
v -229.68 -130.60 8.61
v -248.56 -146.59 6.36
v -228.61 -130.69 0.35
v -222.52 -147.90 1.33
v -247.49 -146.69 -1.90
vt 0.0000 0.0000
vt 0.2487 -0.0000
vt 0.2424 0.2309
vt 0.0507 0.2948
vt 0.0000 0.0000
vt 0.2897 -0.0000
vt 0.2836 0.1978
vt 0.0083 0.2236
vt 0.0000 0.0000
vt 0.2991 -0.0000
vt 0.2684 0.2245
vt -0.0208 0.2150
vt 0.0000 0.0000
vt 0.1607 0.0000
vt 0.1126 0.2718
vt -0.0426 0.2285
vt 0.0000 0.0000
vt 0.2160 0.0000
vt 0.2167 0.2224
vt 0.0589 0.2416
vt 0.0000 0.0000
vt 0.2038 0.0000
vt 0.2604 0.1499
vt 0.0747 0.2145
vt 0.0000 0.0000
vt 0.1186 -0.0000
vt 0.1050 0.1112
vt -0.0330 0.0938
vt 0.0000 0.0000
vt 0.1190 0.0000
vt 0.1128 0.1474
vt 0.0205 0.1292
vt 0.0000 0.0000
vt 0.0995 0.0000
vt 0.0934 0.0998
vt -0.0148 0.0843
vt 0.0000 0.0000
vt 0.0642 0.0000
vt 0.0866 0.0846
vt -0.0057 0.1121
vt 0.0000 0.0000
vt 0.0856 0.0000
vt 0.0405 0.1217
vt -0.0214 0.1166
vt 0.0000 0.0000
vt 0.1392 -0.0000
vt 0.1600 0.0973
vt 0.0149 0.1095
vt 0.0000 0.0000
vt 0.1919 0.0000
vt 0.1769 0.2153
vt -0.0246 0.2757
vt 0.0000 0.0000
vt 0.2416 -0.0000
vt 0.2180 0.1591
vt 0.0277 0.1619
vt 0.0000 0.0000
vt 0.2768 0.0000
vt 0.2615 0.1368
vt 0.0229 0.1612
vt 0.0000 0.0000
vt 0.1369 -0.0000
vt 0.1770 0.1852
vt 0.0253 0.2200
vt 0.0000 0.0000
vt 0.1628 -0.0000
vt 0.1381 0.1605
vt 0.0071 0.1917
vt 0.0000 0.0000
vt 0.2161 -0.0000
vt 0.1667 0.1480
vt 0.0067 0.1404
vt 0.0000 0.0000
vt 0.2219 -0.0000
vt 0.2433 0.1843
vt 0.0538 0.2054
vt 0.0000 0.0000
vt 0.2027 -0.0000
vt 0.1608 0.2220
vt -0.0283 0.2367
vt 0.0000 0.0000
vt 0.2123 -0.0000
vt 0.2315 0.1371
vt 0.0402 0.1855
vt 0.0000 0.0000
vt 0.1454 -0.0000
vt 0.0677 0.1720
vt -0.0616 0.1869
vt 0.0000 0.0000
vt 0.1898 0.0000
vt 0.1783 0.2364
vt 0.0368 0.2189
vt 0.0000 0.0000
vt 0.2017 0.0000
vt 0.1550 0.1234
vt -0.0711 0.1274
vt 0.0000 0.0000
vt 0.1080 -0.0000
vt 0.0997 0.0983
vt 0.0255 0.1038
vt 0.0000 0.0000
vt 0.1210 -0.0000
vt 0.1123 0.1075
vt -0.0081 0.1082
vt 0.0000 0.0000
vt 0.1069 -0.0000
vt 0.1075 0.0555
vt -0.0050 0.0766
vt 0.0000 0.0000
vt 0.0903 -0.0000
vt 0.0737 0.1190
vt -0.0264 0.0977
vt 0.0000 0.0000
vt 0.0768 0.0000
vt 0.1116 0.1024
vt 0.0218 0.1057
vt 0.0000 0.0000
vt 0.0778 0.0000
vt 0.0543 0.0995
vt -0.0425 0.0529
vt 0.0000 0.0000
vt 0.1318 0.0000
vt 0.1400 0.1482
vt -0.0073 0.1657
vt 0.0000 0.0000
vt 0.1178 -0.0000
vt 0.1872 0.1038
vt 0.0348 0.1816
vt 0.0000 0.0000
vt 0.1659 -0.0000
vt 0.1342 0.0801
vt 0.0282 0.1130
vt 0.0000 0.0000
vt 0.0706 0.0000
vt 0.0377 0.1654
vt -0.0346 0.1461
vt 0.0000 0.0000
vt 0.1165 0.0000
vt 0.0412 0.1673
vt -0.0146 0.1310
vt 0.0000 0.0000
vt 0.1501 0.0000
vt 0.1412 0.0722
vt 0.0225 0.0920
vt 0.0000 0.0000
vt 0.2398 0.0000
vt 0.2611 0.1985
vt 0.0126 0.2071
vt 0.0000 0.0000
vt 0.1991 -0.0000
vt 0.1453 0.2411
vt -0.0182 0.2127
vt 0.0000 0.0000
vt 0.2075 -0.0000
vt 0.2082 0.1267
vt 0.0138 0.1227
vt 0.0000 0.0000
vt 0.1175 0.0000
vt 0.1470 0.1635
vt 0.0037 0.2027
vt 0.0000 0.0000
vt 0.1235 -0.0000
vt 0.2115 0.1943
vt 0.0971 0.2193
vt 0.0000 0.0000
vt 0.2512 0.0000
vt 0.2400 0.1485
vt -0.0068 0.1334
vt 0.0000 0.0000
vt 0.1310 0.0000
vt 0.1517 0.0974
vt 0.0160 0.1068
vt 0.0000 0.0000
vt 0.0684 0.0000
vt 0.1106 0.1110
vt -0.0156 0.1569
vt 0.0000 0.0000
vt 0.1080 0.0000
vt 0.0961 0.0989
vt 0.0283 0.0900
vt 0.0000 0.0000
vt 0.0746 0.0000
vt 0.0522 0.1231
vt -0.0091 0.0992
vt 0.0000 0.0000
vt 0.0944 0.0000
vt 0.0927 0.1541
vt 0.0318 0.1271
vt 0.0000 0.0000
vt 0.1361 -0.0000
vt 0.1381 0.0774
vt 0.0240 0.0967
vt 0.0000 0.0000
vt 0.1659 0.0000
vt 0.1545 0.1694
vt -0.0654 0.1401
vt 0.0000 0.0000
vt 0.2014 0.0000
vt 0.1758 0.1742
vt 0.0153 0.1556
vt 0.0000 0.0000
vt 0.1546 -0.0000
vt 0.1995 0.1221
vt 0.0086 0.1707
vt 0.0000 0.0000
vt 0.2307 0.0000
vt 0.2065 0.1639
vt 0.0127 0.1717
vt 0.0000 0.0000
vt 0.1709 0.0000
vt 0.1976 0.1443
vt -0.0258 0.1639
vt 0.0000 0.0000
vt 0.2237 0.0000
vt 0.1638 0.1824
vt -0.0078 0.1364
vt 0.0000 0.0000
vt 0.0940 -0.0000
vt 0.1165 0.1264
vt 0.0135 0.1483
vt 0.0000 0.0000
vt 0.1314 -0.0000
vt 0.1555 0.1137
vt -0.0123 0.0826
vt 0.0000 0.0000
vt 0.1489 -0.0000
vt 0.1261 0.0669
vt -0.0048 0.0782
vt 0.0000 0.0000
vt 0.0698 -0.0000
vt -0.0179 0.1448
vt -0.0695 0.1090
vt 0.0000 0.0000
vt 0.0784 0.0000
vt 0.0572 0.0770
vt -0.0061 0.0938
vt 0.0000 0.0000
vt 0.1064 0.0000
vt 0.1045 0.0599
vt -0.0076 0.0704
vt 0.0000 0.0000
vt 0.2662 0.0000
vt 0.2626 0.2250
vt 0.1088 0.2975
vt 0.0000 0.0000
vt 0.2758 -0.0000
vt 0.3714 0.1567
vt 0.1176 0.2259
vt 0.0000 0.0000
vt 0.3168 0.0000
vt 0.2473 0.2110
vt -0.0134 0.1634
vt 0.0000 0.0000
vt 0.2093 0.0000
vt 0.1832 0.2408
vt -0.0662 0.2157
vt 0.0000 0.0000
vt 0.1639 -0.0000
vt 0.1782 0.2515
vt -0.0271 0.2648
vt 0.0000 0.0000
vt 0.1708 0.0000
vt 0.2117 0.2578
vt 0.0452 0.2305
vt 0.0000 0.0000
vt 0.1939 0.0000
vt 0.1530 0.1520
vt 0.0288 0.1377
vt 0.0000 0.0000
vt 0.1742 -0.0000
vt 0.1736 0.1373
vt 0.0393 0.1837
vt 0.0000 0.0000
vt 0.1407 0.0000
vt 0.1582 0.1028
vt -0.0144 0.1013
vt 0.0000 0.0000
vt 0.1137 0.0000
vt 0.1444 0.1399
vt 0.0198 0.1562
vt 0.0000 0.0000
vt 0.1023 0.0000
vt 0.1183 0.1852
vt 0.0082 0.1937
vt 0.0000 0.0000
vt 0.1251 0.0000
vt 0.1296 0.1219
vt -0.0048 0.1067
vt 0.0000 0.0000
vt 0.3911 -0.0000
vt 0.3654 0.2732
vt 0.0125 0.2917
vt 0.0000 0.0000
vt 0.3506 0.0000
vt 0.4133 0.3551
vt 0.0340 0.4665
vt 0.0000 0.0000
vt 0.2919 0.0000
vt 0.3399 0.2817
vt -0.0056 0.3401
vt 0.0000 0.0000
vt 0.2221 -0.0000
vt 0.1669 0.3899
vt -0.0759 0.2674
vt 0.0000 0.0000
vt 0.3402 0.0000
vt 0.2172 0.4510
vt 0.0041 0.3911
vt 0.0000 0.0000
vt 0.3562 0.0000
vt 0.3341 0.2713
vt -0.0247 0.2848
vt 0.0000 0.0000
vt 0.2469 -0.0000
vt 0.2267 0.2512
vt -0.0746 0.2503
vt 0.0000 0.0000
vt 0.2485 0.0000
vt 0.2403 0.2479
vt -0.0438 0.2814
vt 0.0000 0.0000
vt 0.2611 -0.0000
vt 0.1826 0.2048
vt -0.0520 0.1267
vt 0.0000 0.0000
vt 0.1657 0.0000
vt 0.1146 0.2730
vt -0.0839 0.2377
vt 0.0000 0.0000
vt 0.1370 0.0000
vt 0.1706 0.2825
vt 0.0095 0.2467
vt 0.0000 0.0000
vt 0.3013 -0.0000
vt 0.2727 0.2097
vt 0.0261 0.2192
vt 0.0000 0.0000
vt 0.2027 0.0000
vt 0.2484 0.1987
vt 0.0070 0.2499
vt 0.0000 0.0000
vt 0.2304 0.0000
vt 0.2402 0.2565
vt -0.0459 0.2213
vt 0.0000 0.0000
vt 0.2500 0.0000
vt 0.3011 0.1773
vt 0.0726 0.2000
vt 0.0000 0.0000
vt 0.2438 0.0000
vt 0.1931 0.2865
vt 0.0309 0.2027
vt 0.0000 0.0000
vt 0.2128 0.0000
vt 0.2407 0.2111
vt 0.0091 0.2025
vt 0.0000 0.0000
vt 0.2476 -0.0000
vt 0.2882 0.1740
vt 0.0313 0.1828
vt 0.0000 0.0000
vt 0.1437 -0.0000
vt 0.1549 0.0895
vt 0.0447 0.0987
vt 0.0000 0.0000
vt 0.0952 -0.0000
vt 0.0844 0.0985
vt -0.0382 0.1042
vt 0.0000 0.0000
vt 0.1083 -0.0000
vt 0.1176 0.0923
vt 0.0285 0.0932
vt 0.0000 0.0000
vt 0.0917 0.0000
vt 0.0444 0.1135
vt -0.0535 0.0751
vt 0.0000 0.0000
vt 0.0974 0.0000
vt 0.1384 0.0918
vt 0.0679 0.1267
vt 0.0000 0.0000
vt 0.1123 0.0000
vt 0.0918 0.1034
vt -0.0075 0.0983
vt 0.0000 0.0000
vt 0.1717 0.0000
vt 0.1581 0.1597
vt 0.0236 0.1517
vt 0.0000 0.0000
vt 0.1549 -0.0000
vt 0.1743 0.1353
vt 0.0037 0.1427
vt 0.0000 0.0000
vt 0.1535 0.0000
vt 0.1781 0.0828
vt 0.0236 0.0937
vt 0.0000 0.0000
vt 0.0788 0.0000
vt 0.0865 0.1681
vt 0.0166 0.1594
vt 0.0000 0.0000
vt 0.0966 -0.0000
vt 0.0765 0.1408
vt 0.0051 0.1716
vt 0.0000 0.0000
vt 0.1347 0.0000
vt 0.1414 0.0771
vt 0.0043 0.0863
vt 0.0000 0.0000
vt 0.2955 0.0000
vt 0.3692 0.2196
vt 0.0418 0.2729
vt 0.0000 0.0000
vt 0.2780 0.0000
vt 0.1962 0.2650
vt -0.0537 0.2482
vt 0.0000 0.0000
vt 0.2761 0.0000
vt 0.3601 0.2278
vt 0.0867 0.2761
vt 0.0000 0.0000
vt 0.2471 -0.0000
vt 0.2493 0.2518
vt 0.0078 0.2317
vt 0.0000 0.0000
vt 0.2894 0.0000
vt 0.2813 0.2446
vt 0.0482 0.2915
vt 0.0000 0.0000
vt 0.3317 0.0000
vt 0.2945 0.2354
vt 0.0195 0.2424
vt 0.0000 0.0000
vt 0.4491 0.0000
vt 0.4818 0.4478
vt 0.0472 0.4410
vt 0.0000 0.0000
vt 0.4205 0.0000
vt 0.5485 0.4253
vt 0.0402 0.6058
vt 0.0000 0.0000
vt 0.4435 -0.0000
vt 0.4162 0.3690
vt 0.0020 0.4137
vt 0.0000 0.0000
vt 0.3659 0.0000
vt 0.2436 0.5249
vt -0.1032 0.4380
vt 0.0000 0.0000
vt 0.4137 0.0000
vt 0.2247 0.5642
vt -0.0969 0.4385
vt 0.0000 0.0000
vt 0.4357 0.0000
vt 0.4476 0.3648
vt -0.0020 0.3744
vt 0.0000 0.0000
vt 0.1446 0.0000
vt 0.1129 0.1377
vt -0.0028 0.1383
vt 0.0000 0.0000
vt 0.1346 -0.0000
vt 0.0932 0.1272
vt -0.0418 0.1058
vt 0.0000 0.0000
vt 0.1383 -0.0000
vt 0.1139 0.1202
vt -0.0103 0.0754
vt 0.0000 0.0000
vt 0.0952 -0.0000
vt 0.0676 0.1319
vt -0.0228 0.1424
vt 0.0000 0.0000
vt 0.0761 0.0000
vt 0.1032 0.1070
vt 0.0196 0.1433
vt 0.0000 0.0000
vt 0.1193 -0.0000
vt 0.1495 0.0882
vt 0.0208 0.1237
vt 0.0000 0.0000
vt 0.1561 -0.0000
vt 0.1336 0.1370
vt 0.0007 0.1687
vt 0.0000 0.0000
vt 0.1911 0.0000
vt 0.1682 0.1775
vt 0.0112 0.1544
vt 0.0000 0.0000
vt 0.1687 0.0000
vt 0.1571 0.1230
vt -0.0306 0.1553
vt 0.0000 0.0000
vt 0.1155 -0.0000
vt 0.0753 0.1493
vt -0.0089 0.1387
vt 0.0000 0.0000
vt 0.1582 -0.0000
vt 0.1386 0.1530
vt 0.0238 0.1543
vt 0.0000 0.0000
vt 0.1367 0.0000
vt 0.1821 0.0758
vt 0.0117 0.1240
vt 0.0000 0.0000
vt 0.1601 -0.0000
vt 0.1960 0.1350
vt 0.0132 0.1266
vt 0.0000 0.0000
vt 0.1244 0.0000
vt 0.1158 0.1708
vt -0.0097 0.1778
vt 0.0000 0.0000
vt 0.1273 0.0000
vt 0.1270 0.0858
vt 0.0036 0.0782
vt 0.0000 0.0000
vt 0.0736 0.0000
vt 0.0834 0.1196
vt 0.0109 0.1398
vt 0.0000 0.0000
vt 0.0782 0.0000
vt 0.0817 0.1778
vt 0.0109 0.1597
vt 0.0000 0.0000
vt 0.1834 0.0000
vt 0.1687 0.0823
vt -0.0021 0.0868
vt 0.0000 0.0000
vt 0.1799 -0.0000
vt 0.2139 0.2050
vt 0.0177 0.1677
vt 0.0000 0.0000
vt 0.1785 0.0000
vt 0.1812 0.1503
vt 0.0097 0.2143
vt 0.0000 0.0000
vt 0.1686 -0.0000
vt 0.1970 0.1913
vt 0.0238 0.2273
vt 0.0000 0.0000
vt 0.1621 0.0000
vt 0.1114 0.1697
vt -0.0367 0.2048
vt 0.0000 0.0000
vt 0.2286 0.0000
vt 0.1796 0.2045
vt 0.0253 0.1781
vt 0.0000 0.0000
vt 0.2000 -0.0000
vt 0.1749 0.1451
vt 0.0445 0.1898
vt 0.0000 0.0000
vt 0.1762 -0.0000
vt 0.1409 0.1883
vt 0.0234 0.2177
vt 0.0000 0.0000
vt 0.1724 0.0000
vt 0.1946 0.1326
vt -0.0366 0.1422
vt 0.0000 0.0000
vt 0.2190 -0.0000
vt 0.1946 0.1674
vt 0.0227 0.1556
vt 0.0000 0.0000
vt 0.1768 0.0000
vt 0.1234 0.2221
vt -0.0467 0.1904
vt 0.0000 0.0000
vt 0.1572 0.0000
vt 0.1365 0.1378
vt -0.0303 0.1735
vt 0.0000 0.0000
vt 0.1281 0.0000
vt 0.0443 0.1524
vt -0.0862 0.1457
vt 0.0000 0.0000
vt 0.2065 0.0000
vt 0.1802 0.2008
vt -0.0055 0.1951
vt 0.0000 0.0000
vt 0.2198 0.0000
vt 0.2234 0.1875
vt -0.0065 0.1757
vt 0.0000 0.0000
vt 0.1952 0.0000
vt 0.2077 0.0967
vt -0.0120 0.0937
vt 0.0000 0.0000
vt 0.1041 0.0000
vt 0.0612 0.2229
vt -0.0247 0.2011
vt 0.0000 0.0000
vt 0.0944 -0.0000
vt 0.1190 0.1740
vt 0.0199 0.2056
vt 0.0000 0.0000
vt 0.1858 -0.0000
vt 0.2050 0.0949
vt 0.0174 0.0961
vt 0.0000 0.0000
vt 0.2980 0.0000
vt 0.3137 0.2722
vt -0.0208 0.2370
vt 0.0000 0.0000
vt 0.2561 0.0000
vt 0.2177 0.2980
vt 0.0529 0.3405
vt 0.0000 0.0000
vt 0.2379 -0.0000
vt 0.2135 0.2357
vt -0.0424 0.2426
vt 0.0000 0.0000
vt 0.2906 -0.0000
vt 0.2558 0.1616
vt 0.0897 0.2617
vt 0.0000 0.0000
vt 0.2463 0.0000
vt 0.2233 0.3291
vt -0.0474 0.2942
vt 0.0000 0.0000
vt 0.3396 0.0000
vt 0.2813 0.1920
vt -0.0175 0.2364
vt 0.0000 0.0000
vt 0.2547 0.0000
vt 0.2122 0.1807
vt 0.0138 0.1793
vt 0.0000 0.0000
vt 0.1813 -0.0000
vt 0.1987 0.1831
vt 0.0008 0.2028
vt 0.0000 0.0000
vt 0.1798 0.0000
vt 0.1689 0.1668
vt -0.0122 0.1643
vt 0.0000 0.0000
vt 0.2245 -0.0000
vt 0.2006 0.1942
vt 0.0109 0.1865
vt 0.0000 0.0000
vt 0.1647 -0.0000
vt 0.1573 0.2016
vt -0.0616 0.2471
vt 0.0000 0.0000
vt 0.1996 0.0000
vt 0.1677 0.1905
vt -0.0147 0.1667
vt 0.0000 0.0000
vt 0.1619 0.0000
vt 0.1337 0.2141
vt -0.0194 0.2075
vt 0.0000 0.0000
vt 0.1672 0.0000
vt 0.1303 0.1929
vt -0.0376 0.1712
vt 0.0000 0.0000
vt 0.2085 0.0000
vt 0.1940 0.1325
vt 0.0276 0.1243
vt 0.0000 0.0000
vt 0.1121 0.0000
vt 0.1358 0.1678
vt 0.0443 0.2114
vt 0.0000 0.0000
vt 0.1273 0.0000
vt 0.1094 0.1743
vt -0.0020 0.1619
vt 0.0000 0.0000
vt 0.1533 0.0000
vt 0.1848 0.0964
vt -0.0082 0.1339
vt 0.0000 0.0000
vt 0.6271 -0.0000
vt 0.5659 0.6391
vt -0.0332 0.4964
vt 0.0000 0.0000
vt 0.5378 0.0000
vt 0.2837 0.6386
vt -0.1061 0.4868
vt 0.0000 0.0000
vt 0.4975 0.0000
vt 0.4781 0.6589
vt -0.0384 0.5399
vt 0.0000 0.0000
vt 0.4980 0.0000
vt 0.6679 0.3955
vt 0.2566 0.6434
vt 0.0000 0.0000
vt 0.5412 -0.0000
vt 0.4160 0.4813
vt -0.0601 0.6243
vt 0.0000 0.0000
vt 0.6685 0.0000
vt 0.7264 0.4272
vt 0.1059 0.6570
vt 0.0000 0.0000
vt 0.1606 0.0000
vt 0.1205 0.1464
vt 0.0149 0.1255
vt 0.0000 0.0000
vt 0.1338 0.0000
vt 0.1181 0.1409
vt 0.0271 0.1646
vt 0.0000 0.0000
vt 0.1264 0.0000
vt 0.1256 0.1195
vt -0.0060 0.1337
vt 0.0000 0.0000
vt 0.0970 0.0000
vt 0.1735 0.0810
vt 0.0113 0.1538
vt 0.0000 0.0000
vt 0.1338 0.0000
vt 0.0752 0.1544
vt -0.0189 0.1594
vt 0.0000 0.0000
vt 0.1110 0.0000
vt 0.0758 0.1701
vt -0.0586 0.1059
vt 0.0000 0.0000
vt 0.3848 -0.0000
vt 0.3896 0.3847
vt 0.1231 0.4732
vt 0.0000 0.0000
vt 0.4444 -0.0000
vt 0.4069 0.4032
vt -0.0456 0.3630
vt 0.0000 0.0000
vt 0.4889 -0.0000
vt 0.4683 0.4054
vt 0.0425 0.3358
vt 0.0000 0.0000
vt 0.4917 0.0000
vt 0.3995 0.4628
vt -0.0379 0.3838
vt 0.0000 0.0000
vt 0.3385 0.0000
vt 0.4569 0.3353
vt -0.0247 0.3840
vt 0.0000 0.0000
vt 0.2820 0.0000
vt 0.2374 0.4394
vt -0.1799 0.3792
vt 0.0000 0.0000
vt 0.1847 0.0000
vt 0.2128 0.1505
vt 0.0116 0.1975
vt 0.0000 0.0000
vt 0.1664 0.0000
vt 0.1447 0.1779
vt -0.0216 0.1921
vt 0.0000 0.0000
vt 0.1978 -0.0000
vt 0.1962 0.1027
vt 0.0345 0.1086
vt 0.0000 0.0000
vt 0.1220 0.0000
vt 0.0730 0.1599
vt -0.0501 0.1450
vt 0.0000 0.0000
vt 0.1139 -0.0000
vt 0.0392 0.1623
vt -0.0568 0.1758
vt 0.0000 0.0000
vt 0.2068 0.0000
vt 0.1837 0.1172
vt 0.0076 0.1097
vt 0.0000 0.0000
vt 0.4738 -0.0000
vt 0.4037 0.3809
vt -0.0185 0.3683
vt 0.0000 0.0000
vt 0.3776 0.0000
vt 0.4173 0.4873
vt -0.0406 0.4840
vt 0.0000 0.0000
vt 0.3688 0.0000
vt 0.3950 0.2705
vt 0.0175 0.2581
vt 0.0000 0.0000
vt 0.1974 0.0000
vt 0.1499 0.4583
vt -0.0788 0.3891
vt 0.0000 0.0000
vt 0.2587 0.0000
vt 0.1857 0.4801
vt -0.0114 0.4736
vt 0.0000 0.0000
vt 0.4313 0.0000
vt 0.4283 0.2376
vt -0.0618 0.2646
vt 0.0000 0.0000
vt 0.1865 0.0000
vt 0.1936 0.1460
vt 0.0326 0.1910
vt 0.0000 0.0000
vt 0.1526 -0.0000
vt 0.1386 0.1255
vt -0.0012 0.1636
vt 0.0000 0.0000
vt 0.1938 0.0000
vt 0.1490 0.1361
vt -0.0002 0.1152
vt 0.0000 0.0000
vt 0.1289 0.0000
vt 0.1569 0.1358
vt 0.0336 0.1486
vt 0.0000 0.0000
vt 0.1152 0.0000
vt 0.1378 0.1620
vt 0.0113 0.1862
vt 0.0000 0.0000
vt 0.1726 0.0000
vt 0.1490 0.1291
vt 0.0232 0.1435
vt 0.0000 0.0000
vt 0.3423 -0.0000
vt 0.4284 0.4661
vt 0.0298 0.3975
vt 0.0000 0.0000
vt 0.5037 -0.0000
vt 0.5610 0.5140
vt -0.0454 0.4352
vt 0.0000 0.0000
vt 0.3987 0.0000
vt 0.3638 0.3504
vt -0.1316 0.2667
vt 0.0000 0.0000
vt 0.3496 0.0000
vt 0.1716 0.5796
vt -0.2420 0.4086
vt 0.0000 0.0000
vt 0.2974 0.0000
vt 0.2710 0.4364
vt -0.0635 0.3364
vt 0.0000 0.0000
vt 0.4056 -0.0000
vt 0.3764 0.4535
vt -0.1258 0.3309
vt 0.0000 0.0000
vt 0.2445 -0.0000
vt 0.2479 0.2363
vt -0.0157 0.2500
vt 0.0000 0.0000
vt 0.2541 0.0000
vt 0.1575 0.2984
vt -0.1023 0.2422
vt 0.0000 0.0000
vt 0.2505 -0.0000
vt 0.2587 0.1893
vt 0.0132 0.1487
vt 0.0000 0.0000
vt 0.2052 -0.0000
vt 0.1603 0.2691
vt -0.0537 0.2303
vt 0.0000 0.0000
vt 0.1493 -0.0000
vt 0.2330 0.2419
vt 0.0368 0.2418
vt 0.0000 0.0000
vt 0.2640 0.0000
vt 0.2907 0.2156
vt -0.0282 0.1945
vt 0.0000 0.0000
vt 0.2427 -0.0000
vt 0.1834 0.2087
vt -0.0651 0.1937
vt 0.0000 0.0000
vt 0.1672 0.0000
vt 0.2406 0.2120
vt 0.0434 0.2528
vt 0.0000 0.0000
vt 0.2044 0.0000
vt 0.1469 0.1675
vt -0.0130 0.1629
vt 0.0000 0.0000
vt 0.2059 0.0000
vt 0.1944 0.2110
vt 0.0689 0.2088
vt 0.0000 0.0000
vt 0.1634 0.0000
vt 0.1170 0.2449
vt -0.0792 0.2294
vt 0.0000 0.0000
vt 0.2515 -0.0000
vt 0.2382 0.1116
vt 0.0230 0.1823
vt 0.0000 0.0000
vt 0.2401 0.0000
vt 0.3472 0.2136
vt 0.1125 0.2384
vt 0.0000 0.0000
vt 0.2404 0.0000
vt 0.2012 0.1926
vt 0.0027 0.1440
vt 0.0000 0.0000
vt 0.2637 0.0000
vt 0.2982 0.2001
vt 0.0710 0.2052
vt 0.0000 0.0000
vt 0.2560 0.0000
vt 0.1679 0.2303
vt 0.0199 0.2384
vt 0.0000 0.0000
vt 0.2172 0.0000
vt 0.3151 0.1021
vt 0.0906 0.2223
vt 0.0000 0.0000
vt 0.2363 -0.0000
vt 0.2314 0.1462
vt 0.0033 0.2177
vt 0.0000 0.0000
vt 0.1081 0.0000
vt 0.1058 0.1597
vt 0.0036 0.1761
vt 0.0000 0.0000
vt 0.1147 -0.0000
vt 0.1326 0.0756
vt -0.0173 0.0978
vt 0.0000 0.0000
vt 0.1761 -0.0000
vt 0.1451 0.1093
vt 0.0320 0.1210
vt 0.0000 0.0000
vt 0.1390 0.0000
vt 0.1316 0.1515
vt 0.0132 0.1597
vt 0.0000 0.0000
vt 0.1251 0.0000
vt 0.1191 0.0929
vt -0.0147 0.1071
vt 0.0000 0.0000
vt 0.1043 0.0000
vt 0.0916 0.1162
vt 0.0163 0.1134
vt 0.0000 0.0000
vt 0.4949 0.0000
vt 0.3988 0.2998
vt 0.0101 0.3414
vt 0.0000 0.0000
vt 0.4617 -0.0000
vt 0.2999 0.6089
vt -0.0265 0.5110
vt 0.0000 0.0000
vt 0.3415 -0.0000
vt 0.4145 0.4076
vt -0.0460 0.4228
vt 0.0000 0.0000
vt 0.3607 0.0000
vt 0.3328 0.3046
vt 0.1134 0.3295
vt 0.0000 0.0000
vt 0.4253 0.0000
vt 0.2610 0.4841
vt -0.0989 0.4849
vt 0.0000 0.0000
vt 0.4184 -0.0000
vt 0.6233 0.1826
vt 0.0338 0.4137
vt 0.0000 0.0000
vt 0.1333 0.0000
vt 0.1151 0.1317
vt -0.0295 0.1304
vt 0.0000 0.0000
vt 0.1424 -0.0000
vt 0.1513 0.0956
vt 0.0341 0.1551
vt 0.0000 0.0000
vt 0.1337 0.0000
vt 0.1279 0.1083
vt -0.0108 0.1044
vt 0.0000 0.0000
vt 0.1104 -0.0000
vt 0.1293 0.1233
vt 0.0470 0.1268
vt 0.0000 0.0000
vt 0.1050 0.0000
vt 0.0805 0.1530
vt -0.0219 0.1315
vt 0.0000 0.0000
vt 0.1467 0.0000
vt 0.1241 0.0892
vt 0.0302 0.1089
vt 0.0000 0.0000
vt 0.3047 0.0000
vt 0.2633 0.2748
vt -0.1043 0.2234
vt 0.0000 0.0000
vt 0.2465 -0.0000
vt 0.1980 0.3839
vt -0.0549 0.2204
vt 0.0000 0.0000
vt 0.2466 0.0000
vt 0.2393 0.2783
vt -0.0069 0.2760
vt 0.0000 0.0000
vt 0.2542 -0.0000
vt 0.2816 0.2966
vt 0.1169 0.2568
vt 0.0000 0.0000
vt 0.2760 0.0000
vt 0.2593 0.2201
vt 0.0251 0.3037
vt 0.0000 0.0000
vt 0.3744 0.0000
vt 0.4069 0.1523
vt 0.0484 0.2744
vt 0.0000 0.0000
vt 0.1918 -0.0000
vt 0.1856 0.1880
vt 0.0195 0.2332
vt 0.0000 0.0000
vt 0.2197 0.0000
vt 0.2071 0.2099
vt -0.0219 0.1741
vt 0.0000 0.0000
vt 0.2340 0.0000
vt 0.2221 0.1194
vt 0.0067 0.0779
vt 0.0000 0.0000
vt 0.1194 0.0000
vt 0.0416 0.2190
vt -0.0504 0.1813
vt 0.0000 0.0000
vt 0.0782 -0.0000
vt 0.1109 0.1682
vt 0.0002 0.1918
vt 0.0000 0.0000
vt 0.1723 -0.0000
vt 0.2025 0.1070
vt -0.0138 0.1196
vt 0.0000 0.0000
vt 0.2091 0.0000
vt 0.2349 0.1953
vt 0.0107 0.1827
vt 0.0000 0.0000
vt 0.1953 0.0000
vt 0.2187 0.2108
vt 0.0512 0.2107
vt 0.0000 0.0000
vt 0.1830 0.0000
vt 0.1758 0.1628
vt -0.0137 0.1169
vt 0.0000 0.0000
vt 0.1719 -0.0000
vt 0.1714 0.1741
vt 0.0547 0.1956
vt 0.0000 0.0000
vt 0.1177 0.0000
vt 0.1531 0.2124
vt -0.0168 0.2084
vt 0.0000 0.0000
vt 0.2299 -0.0000
vt 0.2456 0.1170
vt 0.0329 0.1599
vt 0.0000 0.0000
vt 0.1571 0.0000
vt 0.1570 0.1480
vt 0.0234 0.1321
vt 0.0000 0.0000
vt 0.1154 -0.0000
vt 0.1236 0.1714
vt 0.0058 0.1882
vt 0.0000 0.0000
vt 0.1342 0.0000
vt 0.1040 0.1211
vt -0.0098 0.1028
vt 0.0000 0.0000
vt 0.1493 0.0000
vt 0.1116 0.1179
vt 0.0057 0.1504
vt 0.0000 0.0000
vt 0.1033 0.0000
vt 0.1016 0.1878
vt -0.0425 0.1512
vt 0.0000 0.0000
vt 0.1373 0.0000
vt 0.1508 0.1052
vt -0.0203 0.1233
vt 0.0000 0.0000
vt 0.2912 0.0000
vt 0.2426 0.2183
vt -0.0227 0.1781
vt 0.0000 0.0000
vt 0.2194 -0.0000
vt 0.2686 0.2731
vt 0.0672 0.2681
vt 0.0000 0.0000
vt 0.1795 0.0000
vt 0.1479 0.1297
vt -0.0653 0.0808
vt 0.0000 0.0000
vt 0.1295 0.0000
vt 0.1922 0.1883
vt 0.0635 0.2165
vt 0.0000 0.0000
vt 0.1039 -0.0000
vt 0.0809 0.2604
vt -0.0075 0.2911
vt 0.0000 0.0000
vt 0.2700 -0.0000
vt 0.2894 0.1332
vt 0.0128 0.1340
vt 0.0000 0.0000
vt 0.2071 0.0000
vt 0.2073 0.1998
vt -0.0448 0.2086
vt 0.0000 0.0000
vt 0.2121 -0.0000
vt 0.2026 0.1551
vt -0.0110 0.1770
vt 0.0000 0.0000
vt 0.2133 -0.0000
vt 0.2104 0.0941
vt 0.0084 0.1381
vt 0.0000 0.0000
vt 0.1198 0.0000
vt 0.1181 0.2221
vt -0.0419 0.1975
vt 0.0000 0.0000
vt 0.1383 0.0000
vt 0.1202 0.1756
vt 0.0058 0.2070
vt 0.0000 0.0000
vt 0.2538 -0.0000
vt 0.1963 0.1512
vt 0.0398 0.0976
vt 0.0000 0.0000
vt 0.1840 0.0000
vt 0.1454 0.2415
vt -0.0482 0.1907
vt 0.0000 0.0000
vt 0.2093 0.0000
vt 0.1685 0.2161
vt -0.0538 0.2268
vt 0.0000 0.0000
vt 0.1967 0.0000
vt 0.2065 0.1345
vt -0.0015 0.1125
vt 0.0000 0.0000
vt 0.1453 0.0000
vt 0.1326 0.2208
vt -0.0100 0.2448
vt 0.0000 0.0000
vt 0.1125 -0.0000
vt 0.1177 0.2330
vt -0.0187 0.1830
vt 0.0000 0.0000
vt 0.2006 -0.0000
vt 0.2147 0.1379
vt 0.0001 0.1350
vt 0.0000 0.0000
vt 0.2084 -0.0000
vt 0.1772 0.1919
vt -0.0032 0.1581
vt 0.0000 0.0000
vt 0.1760 0.0000
vt 0.2093 0.2197
vt 0.0439 0.2680
vt 0.0000 0.0000
vt 0.1581 0.0000
vt 0.1799 0.1225
vt 0.0047 0.1115
vt 0.0000 0.0000
vt 0.1563 -0.0000
vt 0.1735 0.1726
vt 0.0441 0.1894
vt 0.0000 0.0000
vt 0.1116 -0.0000
vt 0.0839 0.2686
vt -0.0540 0.2013
vt 0.0000 0.0000
vt 0.1837 0.0000
vt 0.2120 0.1263
vt -0.0105 0.1246
vt 0.0000 0.0000
vt 0.2723 -0.0000
vt 0.2620 0.3815
vt 0.0663 0.3449
vt 0.0000 0.0000
vt 0.3437 0.0000
vt 0.3658 0.3157
vt -0.0040 0.2711
vt 0.0000 0.0000
vt 0.3512 0.0000
vt 0.3091 0.2207
vt -0.0263 0.1892
vt 0.0000 0.0000
vt 0.2498 0.0000
vt 0.2535 0.3690
vt 0.0166 0.3899
vt 0.0000 0.0000
vt 0.1910 0.0000
vt 0.2751 0.2578
vt 0.0257 0.2711
vt 0.0000 0.0000
vt 0.2152 0.0000
vt 0.3483 0.1981
vt 0.0372 0.2319
vt 0.0000 0.0000
vt 0.1012 0.0000
vt 0.0998 0.1480
vt -0.0600 0.1194
vt 0.0000 0.0000
vt 0.2017 0.0000
vt 0.1828 0.1578
vt -0.0131 0.1224
vt 0.0000 0.0000
vt 0.1336 0.0000
vt 0.1821 0.1372
vt -0.0064 0.1208
vt 0.0000 0.0000
vt 0.1362 0.0000
vt 0.1003 0.2011
vt -0.0005 0.1497
vt 0.0000 0.0000
vt 0.1209 -0.0000
vt 0.1086 0.1224
vt -0.0253 0.0980
vt 0.0000 0.0000
vt 0.1639 0.0000
vt 0.1892 0.1108
vt 0.0304 0.1585
vt 0.0000 0.0000
vt 0.1457 -0.0000
vt 0.1389 0.1030
vt -0.0000 0.1250
vt 0.0000 0.0000
vt 0.1231 0.0000
vt 0.1332 0.1501
vt 0.0202 0.1444
vt 0.0000 0.0000
vt 0.1250 0.0000
vt 0.1251 0.0992
vt 0.0047 0.1156
vt 0.0000 0.0000
vt 0.1217 0.0000
vt 0.0977 0.1075
vt 0.0094 0.1033
vt 0.0000 0.0000
vt 0.1157 0.0000
vt 0.0858 0.1426
vt -0.0357 0.1413
vt 0.0000 0.0000
vt 0.1410 0.0000
vt 0.1516 0.0917
vt 0.0014 0.1011
vt 0.0000 0.0000
vt 0.3214 0.0000
vt 0.3507 0.2833
vt 0.0470 0.2995
vt 0.0000 0.0000
vt 0.3208 -0.0000
vt 0.2760 0.3006
vt -0.0407 0.2537
vt 0.0000 0.0000
vt 0.3032 0.0000
vt 0.3488 0.1662
vt 0.0312 0.1961
vt 0.0000 0.0000
vt 0.1660 -0.0000
vt 0.1326 0.3212
vt -0.0843 0.2743
vt 0.0000 0.0000
vt 0.1986 0.0000
vt 0.2006 0.2526
vt 0.0549 0.3166
vt 0.0000 0.0000
vt 0.3060 0.0000
vt 0.2803 0.2199
vt -0.0228 0.1742
vt 0.0000 0.0000
vt 0.1862 0.0000
vt 0.1382 0.1407
vt -0.0052 0.0975
vt 0.0000 0.0000
vt 0.1300 0.0000
vt 0.1670 0.1088
vt 0.0336 0.1567
vt 0.0000 0.0000
vt 0.0976 0.0000
vt 0.1333 0.1055
vt 0.0093 0.1425
vt 0.0000 0.0000
vt 0.1081 -0.0000
vt 0.1418 0.1388
vt -0.0003 0.1578
vt 0.0000 0.0000
vt 0.1429 0.0000
vt 0.1412 0.1576
vt 0.0400 0.1818
vt 0.0000 0.0000
vt 0.1588 0.0000
vt 0.1204 0.1382
vt 0.0071 0.1119
vt 0.0000 0.0000
vt 0.1395 -0.0000
vt 0.1381 0.1174
vt -0.0061 0.1337
vt 0.0000 0.0000
vt 0.1399 -0.0000
vt 0.1616 0.1089
vt 0.0070 0.1280
vt 0.0000 0.0000
vt 0.1338 0.0000
vt 0.1411 0.0905
vt 0.0058 0.0784
vt 0.0000 0.0000
vt 0.0966 0.0000
vt 0.0920 0.1558
vt 0.0310 0.1230
vt 0.0000 0.0000
vt 0.0786 0.0000
vt 0.0680 0.1264
vt -0.0263 0.1370
vt 0.0000 0.0000
vt 0.1529 0.0000
vt 0.1522 0.0676
vt 0.0438 0.0862
vt 0.0000 0.0000
vt 0.5721 0.0000
vt 0.5405 0.2916
vt 0.0615 0.4068
vt 0.0000 0.0000
vt 0.4616 -0.0000
vt 0.3643 0.5628
vt 0.0019 0.5220
vt 0.0000 0.0000
vt 0.4114 -0.0000
vt 0.4482 0.3747
vt -0.0125 0.3611
vt 0.0000 0.0000
vt 0.2911 0.0000
vt 0.2045 0.3364
vt -0.0369 0.2928
vt 0.0000 0.0000
vt 0.3613 0.0000
vt 0.3803 0.5192
vt 0.0971 0.5638
vt 0.0000 0.0000
vt 0.4937 0.0000
vt 0.6169 0.2397
vt 0.0613 0.3724
vt 0.0000 0.0000
vt 0.1173 0.0000
vt 0.1561 0.1831
vt 0.0023 0.1821
vt 0.0000 0.0000
vt 0.1848 -0.0000
vt 0.2329 0.1946
vt -0.0139 0.1902
vt 0.0000 0.0000
vt 0.1821 0.0000
vt 0.2056 0.1697
vt 0.0223 0.1936
vt 0.0000 0.0000
vt 0.1897 -0.0000
vt 0.1631 0.2431
vt -0.0055 0.1871
vt 0.0000 0.0000
vt 0.1949 0.0000
vt 0.1066 0.1666
vt -0.0672 0.0962
vt 0.0000 0.0000
vt 0.1539 0.0000
vt 0.1005 0.1701
vt -0.0957 0.1421
vt 0.0000 0.0000
vt 0.2884 0.0000
vt 0.2896 0.2347
vt 0.0321 0.2859
vt 0.0000 0.0000
vt 0.2683 -0.0000
vt 0.2655 0.3429
vt -0.0394 0.2896
vt 0.0000 0.0000
vt 0.2877 0.0000
vt 0.3068 0.1520
vt 0.0438 0.2036
vt 0.0000 0.0000
vt 0.1924 0.0000
vt 0.0493 0.2695
vt -0.0367 0.2320
vt 0.0000 0.0000
vt 0.2083 0.0000
vt 0.1374 0.2756
vt -0.0428 0.2852
vt 0.0000 0.0000
vt 0.2626 0.0000
vt 0.2962 0.1039
vt -0.0446 0.1471
vt 0.0000 0.0000
vt 0.2646 0.0000
vt 0.3077 0.3024
vt -0.0082 0.3352
vt 0.0000 0.0000
vt 0.3374 -0.0000
vt 0.2524 0.3034
vt -0.0608 0.2991
vt 0.0000 0.0000
vt 0.3353 0.0000
vt 0.3198 0.1818
vt -0.0164 0.1545
vt 0.0000 0.0000
vt 0.1833 0.0000
vt 0.0690 0.2873
vt -0.1303 0.2783
vt 0.0000 0.0000
vt 0.1554 0.0000
vt 0.1431 0.3018
vt -0.0307 0.2628
vt 0.0000 0.0000
vt 0.3194 -0.0000
vt 0.2690 0.1991
vt -0.0451 0.1769
vt 0.0000 0.0000
vt 0.1606 -0.0000
vt 0.1570 0.2050
vt -0.0249 0.2656
vt 0.0000 0.0000
vt 0.2751 0.0000
vt 0.2594 0.1833
vt 0.0524 0.2102
vt 0.0000 0.0000
vt 0.2667 0.0000
vt 0.2446 0.1672
vt -0.0169 0.2073
vt 0.0000 0.0000
vt 0.1475 0.0000
vt 0.1580 0.2118
vt -0.0298 0.2030
vt 0.0000 0.0000
vt 0.2080 0.0000
vt 0.1216 0.1987
vt -0.0205 0.1593
vt 0.0000 0.0000
vt 0.1919 -0.0000
vt 0.2388 0.1839
vt 0.0494 0.1781
vt 0.0000 0.0000
vt 0.4365 0.0000
vt 0.4673 0.5884
vt 0.0471 0.6927
vt 0.0000 0.0000
vt 0.6074 0.0000
vt 0.5212 0.5028
vt -0.0479 0.3504
vt 0.0000 0.0000
vt 0.6943 -0.0000
vt 0.6480 0.3192
vt 0.0462 0.3346
vt 0.0000 0.0000
vt 0.4964 -0.0000
vt 0.4008 0.5906
vt 0.0071 0.5893
vt 0.0000 0.0000
vt 0.3378 0.0000
vt 0.4971 0.3126
vt 0.0184 0.4361
vt 0.0000 0.0000
vt 0.4331 0.0000
vt 0.4498 0.3997
vt -0.0702 0.3250
vt 0.0000 0.0000
vt 0.1960 -0.0000
vt 0.1731 0.1766
vt -0.0051 0.1528
vt 0.0000 0.0000
vt 0.1777 0.0000
vt 0.2083 0.1311
vt 0.0673 0.2341
vt 0.0000 0.0000
vt 0.1529 0.0000
vt 0.1930 0.1364
vt 0.0258 0.1870
vt 0.0000 0.0000
vt 0.1011 0.0000
vt 0.1788 0.1479
vt 0.0067 0.1885
vt 0.0000 0.0000
vt 0.1888 -0.0000
vt 0.1163 0.2310
vt 0.0259 0.1943
vt 0.0000 0.0000
vt 0.1902 -0.0000
vt 0.1495 0.1891
vt 0.0089 0.1455
vt 0.0000 0.0000
vt 0.1218 -0.0000
vt 0.1308 0.1371
vt 0.0183 0.1560
vt 0.0000 0.0000
vt 0.1218 -0.0000
vt 0.1537 0.1273
vt 0.0167 0.1164
vt 0.0000 0.0000
vt 0.1570 0.0000
vt 0.1538 0.1582
vt 0.0330 0.1433
vt 0.0000 0.0000
vt 0.1550 0.0000
vt 0.2013 0.1278
vt 0.0506 0.1297
vt 0.0000 0.0000
vt 0.1470 -0.0000
vt 0.1468 0.1175
vt -0.0082 0.1216
vt 0.0000 0.0000
vt 0.1162 -0.0000
vt 0.1467 0.1454
vt 0.0202 0.1570
vt 0.0000 0.0000
vt 0.1136 0.0000
vt 0.1135 0.1093
vt 0.0020 0.1566
vt 0.0000 0.0000
vt 0.0840 -0.0000
vt 0.0944 0.1097
vt -0.0187 0.0970
vt 0.0000 0.0000
vt 0.1567 0.0000
vt 0.1222 0.1376
vt 0.0389 0.1276
vt 0.0000 0.0000
vt 0.1387 -0.0000
vt 0.1621 0.1111
vt 0.0556 0.1039
vt 0.0000 0.0000
vt 0.1334 0.0000
vt 0.1264 0.0956
vt -0.0090 0.1132
vt 0.0000 0.0000
vt 0.1289 0.0000
vt 0.1471 0.0976
vt 0.0506 0.1325
vt 0.0000 0.0000
vt 0.0693 0.0000
vt 0.0693 0.0481
vt 0.0000 0.0481
vt 0.0000 0.0000
vt 0.0693 0.0000
vt 0.0991 0.0684
vt 0.0000 0.0000
vt 0.0693 0.0000
vt -0.0297 0.0684
vt 0.0000 0.0000
vt 0.0766 0.0000
vt 0.0766 0.0481
vt 0.0000 0.0481
vt 0.0000 0.0000
vt 0.0766 0.0000
vt 0.0130 0.0734
vt 0.0000 0.0000
vt 0.0766 0.0000
vt 0.0636 0.0734
vt 0.0000 0.0000
vt 0.0344 0.0000
vt 0.0344 0.0481
vt 0.0000 0.0481
vt 0.0000 0.0000
vt 0.0344 0.0000
vt 0.0558 0.0795
vt 0.0000 0.0000
vt 0.0344 0.0000
vt -0.0214 0.0795
vt 0.0000 0.0000
vt 0.0563 0.0000
vt 0.0563 0.0481
vt 0.0000 0.0481
vt 0.0000 0.0000
vt 0.0563 0.0000
vt 0.0327 0.0756
vt 0.0000 0.0000
vt 0.0563 0.0000
vt 0.0236 0.0756
vt 0.0000 0.0000
vt 0.0730 0.0000
vt 0.0730 0.0481
vt 0.0000 0.0481
vt 0.0000 0.0000
vt 0.0730 0.0000
vt -0.0320 0.0724
vt 0.0000 0.0000
vt 0.0730 0.0000
vt 0.1050 0.0724
vt 0.0000 0.0000
vt 0.1307 0.0000
vt 0.1307 0.0481
vt 0.0000 0.0481
vt 0.0000 0.0000
vt 0.1307 0.0000
vt 0.0704 0.1064
vt 0.0000 0.0000
vt 0.1307 0.0000
vt 0.0603 0.1064
vt 0.0000 0.0000
vt 0.0585 0.0000
vt 0.0585 0.0481
vt 0.0000 0.0481
vt 0.0000 0.0000
vt 0.0585 0.0000
vt 0.0863 0.0866
vt 0.0000 0.0000
vt 0.0585 0.0000
vt -0.0278 0.0866
vt 0.0000 0.0000
vt 0.0771 0.0000
vt 0.0771 0.0481
vt 0.0000 0.0481
vt 0.0000 0.0000
vt 0.0771 0.0000
vt 0.0351 0.0839
vt 0.0000 0.0000
vt 0.0771 0.0000
vt 0.0421 0.0839
vt 0.0000 0.0000
vt 0.0863 0.0000
vt 0.0863 0.0481
vt 0.0000 0.0481
vt 0.0000 0.0000
vt 0.0863 0.0000
vt 0.0102 0.0933
vt 0.0000 0.0000
vt 0.0863 0.0000
vt 0.0761 0.0933
vt 0.0000 0.0000
vt 0.1058 0.0000
vt 0.1058 0.0631
vt 0.0000 0.0631
vt 0.0000 0.0000
vt 0.1058 -0.0000
vt 0.0311 0.1321
vt 0.0000 0.0000
vt 0.1058 0.0000
vt 0.0747 0.1321
vt 0.0000 0.0000
vt 0.1914 0.0000
vt 0.1914 0.0631
vt 0.0000 0.0631
vt 0.0000 0.0000
vt 0.1914 -0.0000
vt 0.1118 0.1026
vt 0.0000 0.0000
vt 0.1914 0.0000
vt 0.0795 0.1026
vt 0.0000 0.0000
vt 0.1131 0.0000
vt 0.1131 0.0631
vt 0.0000 0.0631
vt 0.0000 0.0000
vt 0.1131 0.0000
vt 0.0241 0.1276
vt 0.0000 0.0000
vt 0.1131 0.0000
vt 0.0890 0.1276
vt 0.0000 0.0000
vt 0.1164 0.0000
vt 0.1164 0.0631
vt 0.0000 0.0631
vt 0.0000 0.0000
vt 0.1164 0.0000
vt 0.0683 0.1398
vt 0.0000 0.0000
vt 0.1164 0.0000
vt 0.0481 0.1398
vt 0.0000 0.0000
vt 0.2174 0.0000
vt 0.2174 0.0631
vt 0.0000 0.0631
vt 0.0000 0.0000
vt 0.2174 0.0000
vt 0.1015 0.1074
vt 0.0000 0.0000
vt 0.2174 -0.0000
vt 0.1158 0.1074
vt 0.0000 0.0000
vt 0.1277 0.0000
vt 0.1277 0.0631
vt 0.0000 0.0631
vt 0.0000 0.0000
vt 0.1277 0.0000
vt 0.0894 0.1302
vt 0.0000 0.0000
vt 0.1277 0.0000
vt 0.0383 0.1302
vt 0.0000 0.0000
vt 0.1245 0.0000
vt 0.1245 0.0316
vt 0.0000 0.0316
vt 0.0000 0.0000
vt 0.1245 0.0000
vt 0.1212 0.0961
vt 0.0000 0.0000
vt 0.1245 0.0000
vt 0.0034 0.0961
vt 0.0000 0.0000
vt 0.1439 0.0000
vt 0.1439 0.0316
vt 0.0000 0.0316
vt 0.0000 0.0000
vt 0.1439 0.0000
vt 0.0388 0.0879
vt 0.0000 0.0000
vt 0.1439 0.0000
vt 0.1050 0.0879
vt 0.0000 0.0000
vt 0.1197 0.0000
vt 0.1197 0.0316
vt 0.0000 0.0316
vt 0.0000 0.0000
vt 0.1197 0.0000
vt 0.0506 0.1273
vt 0.0000 0.0000
vt 0.1197 0.0000
vt 0.0691 0.1273
vt 0.0000 0.0000
vt 0.1262 0.0000
vt 0.1262 0.0316
vt 0.0000 0.0316
vt 0.0000 0.0000
vt 0.1262 0.0000
vt 0.0715 0.1260
vt 0.0000 0.0000
vt 0.1262 0.0000
vt 0.0547 0.1260
vt 0.0000 0.0000
vt 0.1364 0.0000
vt 0.1364 0.0316
vt 0.0000 0.0316
vt 0.0000 0.0000
vt 0.1364 -0.0000
vt 0.1102 0.0820
vt 0.0000 0.0000
vt 0.1364 0.0000
vt 0.0262 0.0820
vt 0.0000 0.0000
vt 0.1315 0.0000
vt 0.1315 0.0316
vt 0.0000 0.0316
vt 0.0000 0.0000
vt 0.1315 -0.0000
vt 0.0030 0.0860
vt 0.0000 0.0000
vt 0.1315 0.0000
vt 0.1285 0.0860
vt 0.0000 0.0000
vt 0.1168 0.0000
vt 0.1168 0.0673
vt 0.0000 0.0673
vt 0.0000 0.0000
vt 0.1168 0.0000
vt 0.0700 0.1823
vt 0.0000 0.0000
vt 0.1168 0.0000
vt 0.0468 0.1823
vt 0.0000 0.0000
vt 0.1773 0.0000
vt 0.1773 0.0673
vt 0.0000 0.0673
vt 0.0000 0.0000
vt 0.1773 0.0000
vt 0.1167 0.1477
vt 0.0000 0.0000
vt 0.1773 -0.0000
vt 0.0606 0.1477
vt 0.0000 0.0000
vt 0.2073 0.0000
vt 0.2073 0.0673
vt 0.0000 0.0673
vt 0.0000 0.0000
vt 0.2073 0.0000
vt 0.0217 0.1581
vt 0.0000 0.0000
vt 0.2073 0.0000
vt 0.1855 0.1581
vt 0.0000 0.0000
vt 0.1172 0.0000
vt 0.1172 0.0673
vt 0.0000 0.0673
vt 0.0000 0.0000
vt 0.1172 0.0000
vt 0.0133 0.2434
vt 0.0000 0.0000
vt 0.1172 0.0000
vt 0.1039 0.2434
vt 0.0000 0.0000
vt 0.1316 0.0000
vt 0.1316 0.0673
vt 0.0000 0.0673
vt 0.0000 0.0000
vt 0.1316 0.0000
vt 0.1844 0.1898
vt 0.0000 0.0000
vt 0.1316 0.0000
vt -0.0528 0.1898
vt 0.0000 0.0000
vt 0.1959 0.0000
vt 0.1959 0.0673
vt 0.0000 0.0673
vt 0.0000 0.0000
vt 0.1959 0.0000
vt 0.1450 0.1334
vt 0.0000 0.0000
vt 0.1959 0.0000
vt 0.0509 0.1334
vt 0.0000 0.0000
vt 0.2262 0.0000
vt 0.2262 0.0673
vt 0.0000 0.0673
vt 0.0000 0.0000
vt 0.2262 0.0000
vt 0.0067 0.1426
vt 0.0000 0.0000
vt 0.2262 0.0000
vt 0.2195 0.1426
vt 0.0000 0.0000
vt 0.1144 0.0000
vt 0.1144 0.0673
vt 0.0000 0.0673
vt 0.0000 0.0000
vt 0.1144 0.0000
vt 0.1900 0.1801
vt 0.0000 0.0000
vt 0.1144 0.0000
vt -0.0755 0.1801
vt 0.0000 0.0000
vt 0.1138 0.0000
vt 0.1138 0.0551
vt 0.0000 0.0551
vt 0.0000 0.0000
vt 0.1138 -0.0000
vt 0.1033 0.1356
vt 0.0000 0.0000
vt 0.1138 0.0000
vt 0.0105 0.1356
vt 0.0000 0.0000
vt 0.0665 0.0000
vt 0.0665 0.0551
vt 0.0000 0.0551
vt 0.0000 0.0000
vt 0.0665 0.0000
vt 0.1152 0.0722
vt 0.0000 0.0000
vt 0.0665 -0.0000
vt -0.0487 0.0722
vt 0.0000 0.0000
vt 0.1506 0.0000
vt 0.1506 0.0551
vt 0.0000 0.0551
vt 0.0000 0.0000
vt 0.1506 0.0000
vt 0.0194 0.0849
vt 0.0000 0.0000
vt 0.1506 0.0000
vt 0.1312 0.0849
vt 0.0000 0.0000
vt 0.0905 0.0000
vt 0.0905 0.0551
vt 0.0000 0.0551
vt 0.0000 0.0000
vt 0.0905 0.0000
vt 0.0675 0.1409
vt 0.0000 0.0000
vt 0.0905 0.0000
vt 0.0230 0.1409
vt 0.0000 0.0000
vt 0.0938 0.0000
vt 0.0938 0.0551
vt 0.0000 0.0551
vt 0.0000 0.0000
vt 0.0938 0.0000
vt 0.0090 0.1425
vt 0.0000 0.0000
vt 0.0938 0.0000
vt 0.0848 0.1425
vt 0.0000 0.0000
vt 0.1744 0.0000
vt 0.1744 0.0551
vt 0.0000 0.0551
vt 0.0000 0.0000
vt 0.1744 0.0000
vt 0.1163 0.1182
vt 0.0000 0.0000
vt 0.1744 0.0000
vt 0.0581 0.1182
vt 0.0000 0.0000
vt 0.0730 0.0000
vt 0.0730 0.0551
vt 0.0000 0.0551
vt 0.0000 0.0000
vt 0.0730 0.0000
vt 0.0155 0.1308
vt 0.0000 0.0000
vt 0.0730 -0.0000
vt 0.0575 0.1308
vt 0.0000 0.0000
vt 0.1443 0.0000
vt 0.1443 0.0551
vt 0.0000 0.0551
vt 0.0000 0.0000
vt 0.1443 0.0000
vt 0.0423 0.1365
vt 0.0000 0.0000
vt 0.1443 0.0000
vt 0.1020 0.1365
vt 0.0000 0.0000
vt 0.1251 0.0000
vt 0.1251 0.0267
vt 0.0000 0.0267
vt 0.0000 0.0000
vt 0.1251 -0.0000
vt 0.2366 0.2038
vt 0.0000 0.0000
vt 0.1251 0.0000
vt -0.1114 0.2038
vt 0.0000 0.0000
vt 0.1792 0.0000
vt 0.1792 0.0267
vt 0.0000 0.0267
vt 0.0000 0.0000
vt 0.1792 0.0000
vt 0.1322 0.1910
vt 0.0000 0.0000
vt 0.1792 0.0000
vt 0.0470 0.1910
vt 0.0000 0.0000
vt 0.2024 0.0000
vt 0.2024 0.0267
vt 0.0000 0.0267
vt 0.0000 0.0000
vt 0.2024 0.0000
vt 0.0834 0.1782
vt 0.0000 0.0000
vt 0.2024 0.0000
vt 0.1191 0.1782
vt 0.0000 0.0000
vt 0.1735 0.0000
vt 0.1735 0.0267
vt 0.0000 0.0267
vt 0.0000 0.0000
vt 0.1735 0.0000
vt -0.1148 0.1810
vt 0.0000 0.0000
vt 0.1735 0.0000
vt 0.2883 0.1810
vt 0.0000 0.0000
vt 0.2561 0.0000
vt 0.2561 0.0267
vt 0.0000 0.0267
vt 0.0000 0.0000
vt 0.2561 0.0000
vt 0.1758 0.2914
vt 0.0000 0.0000
vt 0.2561 0.0000
vt 0.0803 0.2914
vt 0.0000 0.0000
vt 0.1076 0.0000
vt 0.1076 0.0267
vt 0.0000 0.0267
vt 0.0000 0.0000
vt 0.1076 0.0000
vt 0.0018 0.3023
vt 0.0000 0.0000
vt 0.1076 0.0000
vt 0.1058 0.3023
vt 0.0000 0.0000
vt 0.2721 0.0000
vt 0.2721 0.0267
vt 0.0000 0.0267
vt 0.0000 0.0000
vt 0.2721 0.0000
vt 0.2218 0.2310
vt 0.0000 0.0000
vt 0.2721 0.0000
vt 0.0503 0.2310
vt 0.0000 0.0000
vt 0.1822 0.0000
vt 0.1822 0.0267
vt 0.0000 0.0267
vt 0.0000 0.0000
vt 0.1822 0.0000
vt 0.0945 0.2167
vt 0.0000 0.0000
vt 0.1822 0.0000
vt 0.0878 0.2167
vt 0.0000 0.0000
vt 0.1956 0.0000
vt 0.1956 0.0267
vt 0.0000 0.0267
vt 0.0000 0.0000
vt 0.1956 0.0000
vt -0.0117 0.2335
vt 0.0000 0.0000
vt 0.1956 0.0000
vt 0.2073 0.2335
vt 0.0000 0.0000
vt 0.0362 0.0000
vt 0.0362 0.0421
vt 0.0000 0.0421
vt 0.0000 0.0000
vt 0.0362 0.0000
vt 0.0565 0.0882
vt 0.0000 0.0000
vt 0.0362 0.0000
vt -0.0204 0.0882
vt 0.0000 0.0000
vt 0.0844 0.0000
vt 0.0844 0.0421
vt 0.0000 0.0421
vt 0.0000 0.0000
vt 0.0844 -0.0000
vt 0.0608 0.0670
vt 0.0000 0.0000
vt 0.0844 0.0000
vt 0.0236 0.0670
vt 0.0000 0.0000
vt 0.1303 0.0000
vt 0.1303 0.0421
vt 0.0000 0.0421
vt 0.0000 0.0000
vt 0.1303 0.0000
vt 0.0104 0.0703
vt 0.0000 0.0000
vt 0.1303 0.0000
vt 0.1199 0.0703
vt 0.0000 0.0000
vt 0.0410 0.0000
vt 0.0410 0.0421
vt 0.0000 0.0421
vt 0.0000 0.0000
vt 0.0410 0.0000
vt 0.0003 0.1390
vt 0.0000 0.0000
vt 0.0410 0.0000
vt 0.0407 0.1390
vt 0.0000 0.0000
vt 0.0967 0.0000
vt 0.0967 0.0421
vt 0.0000 0.0421
vt 0.0000 0.0000
vt 0.0967 0.0000
vt 0.0973 0.1072
vt 0.0000 0.0000
vt 0.0967 0.0000
vt -0.0006 0.1072
vt 0.0000 0.0000
vt 0.0927 0.0000
vt 0.0927 0.0421
vt 0.0000 0.0421
vt 0.0000 0.0000
vt 0.0927 0.0000
vt 0.0742 0.0774
vt 0.0000 0.0000
vt 0.0927 -0.0000
vt 0.0185 0.0774
vt 0.0000 0.0000
vt 0.1025 0.0000
vt 0.1025 0.0421
vt 0.0000 0.0421
vt 0.0000 0.0000
vt 0.1025 0.0000
vt 0.0209 0.0768
vt 0.0000 0.0000
vt 0.1025 0.0000
vt 0.0816 0.0768
vt 0.0000 0.0000
vt 0.0621 0.0000
vt 0.0621 0.0421
vt 0.0000 0.0421
vt 0.0000 0.0000
vt 0.0621 0.0000
vt 0.0438 0.1031
vt 0.0000 0.0000
vt 0.0621 0.0000
vt 0.0183 0.1031
vt 0.0000 0.0000
vt 0.1544 0.0000
vt 0.1544 0.0681
vt 0.0000 0.0681
vt 0.0000 0.0000
vt 0.1544 0.0000
vt 0.1453 0.0874
vt 0.0000 0.0000
vt 0.1544 0.0000
vt 0.0091 0.0874
vt 0.0000 0.0000
vt 0.1106 0.0000
vt 0.1106 0.0681
vt 0.0000 0.0681
vt 0.0000 0.0000
vt 0.1106 0.0000
vt 0.0418 0.0773
vt 0.0000 0.0000
vt 0.1106 0.0000
vt 0.0688 0.0773
vt 0.0000 0.0000
vt 0.0981 0.0000
vt 0.0981 0.0681
vt 0.0000 0.0681
vt 0.0000 0.0000
vt 0.0981 0.0000
vt 0.0039 0.1034
vt 0.0000 0.0000
vt 0.0981 0.0000
vt 0.0942 0.1034
vt 0.0000 0.0000
vt 0.1107 0.0000
vt 0.1107 0.0681
vt 0.0000 0.0681
vt 0.0000 0.0000
vt 0.1107 0.0000
vt 0.1141 0.0808
vt 0.0000 0.0000
vt 0.1107 -0.0000
vt -0.0034 0.0808
vt 0.0000 0.0000
vt 0.0970 0.0000
vt 0.0970 0.0681
vt 0.0000 0.0681
vt 0.0000 0.0000
vt 0.0970 0.0000
vt 0.0495 0.0640
vt 0.0000 0.0000
vt 0.0970 0.0000
vt 0.0475 0.0640
vt 0.0000 0.0000
vt 0.1385 0.0000
vt 0.1385 0.0681
vt 0.0000 0.0681
vt 0.0000 0.0000
vt 0.1385 0.0000
vt -0.0116 0.0788
vt 0.0000 0.0000
vt 0.1385 0.0000
vt 0.1501 0.0788
vt 0.0000 0.0000
vt 0.1502 0.0000
vt 0.1502 0.0366
vt 0.0000 0.0366
vt 0.0000 0.0000
vt 0.1502 0.0000
vt 0.0556 0.1783
vt 0.0000 0.0000
vt 0.1502 0.0000
vt 0.0946 0.1783
vt 0.0000 0.0000
vt 0.1294 0.0000
vt 0.1294 0.0366
vt 0.0000 0.0366
vt 0.0000 0.0000
vt 0.1294 0.0000
vt 0.1547 0.1297
vt 0.0000 0.0000
vt 0.1294 0.0000
vt -0.0253 0.1297
vt 0.0000 0.0000
vt 0.1224 0.0000
vt 0.1224 0.0366
vt 0.0000 0.0366
vt 0.0000 0.0000
vt 0.1224 0.0000
vt -0.0360 0.1272
vt 0.0000 0.0000
vt 0.1224 0.0000
vt 0.1583 0.1272
vt 0.0000 0.0000
vt 0.1606 0.0000
vt 0.1606 0.0366
vt 0.0000 0.0366
vt 0.0000 0.0000
vt 0.1606 0.0000
vt 0.1006 0.1764
vt 0.0000 0.0000
vt 0.1606 -0.0000
vt 0.0600 0.1764
vt 0.0000 0.0000
vt 0.0702 0.0000
vt 0.0702 0.0366
vt 0.0000 0.0366
vt 0.0000 0.0000
vt 0.0702 -0.0000
vt 0.0091 0.1861
vt 0.0000 0.0000
vt 0.0702 0.0000
vt 0.0611 0.1861
vt 0.0000 0.0000
vt 0.1769 0.0000
vt 0.1769 0.0366
vt 0.0000 0.0366
vt 0.0000 0.0000
vt 0.1769 0.0000
vt 0.1080 0.1634
vt 0.0000 0.0000
vt 0.1769 0.0000
vt 0.0689 0.1634
vt 0.0000 0.0000
vt 0.1445 0.0000
vt 0.1445 0.0366
vt 0.0000 0.0366
vt 0.0000 0.0000
vt 0.1445 0.0000
vt 0.0791 0.1587
vt 0.0000 0.0000
vt 0.1445 -0.0000
vt 0.0653 0.1587
vt 0.0000 0.0000
vt 0.0935 0.0000
vt 0.0935 0.0366
vt 0.0000 0.0366
vt 0.0000 0.0000
vt 0.0935 0.0000
vt -0.0021 0.1716
vt 0.0000 0.0000
vt 0.0935 0.0000
vt 0.0956 0.1716
vt 0.0000 0.0000
vt 0.1228 0.0000
vt 0.1228 0.0366
vt 0.0000 0.0366
vt 0.0000 0.0000
vt 0.1228 0.0000
vt 0.0765 0.1810
vt 0.0000 0.0000
vt 0.1228 0.0000
vt 0.0463 0.1810
vt 0.0000 0.0000
vt 0.0881 0.0000
vt 0.0881 0.0618
vt 0.0000 0.0618
vt 0.0000 0.0000
vt 0.0881 0.0000
vt 0.1617 0.1193
vt 0.0000 0.0000
vt 0.0881 0.0000
vt -0.0736 0.1193
vt 0.0000 0.0000
vt 0.1370 0.0000
vt 0.1370 0.0618
vt 0.0000 0.0618
vt 0.0000 0.0000
vt 0.1370 0.0000
vt 0.0425 0.1336
vt 0.0000 0.0000
vt 0.1370 0.0000
vt 0.0944 0.1336
vt 0.0000 0.0000
vt 0.1485 0.0000
vt 0.1485 0.0618
vt 0.0000 0.0618
vt 0.0000 0.0000
vt 0.1485 0.0000
vt 0.0764 0.1446
vt 0.0000 0.0000
vt 0.1485 0.0000
vt 0.0720 0.1446
vt 0.0000 0.0000
vt 0.1507 0.0000
vt 0.1507 0.0618
vt 0.0000 0.0618
vt 0.0000 0.0000
vt 0.1507 -0.0000
vt 0.0050 0.1615
vt 0.0000 0.0000
vt 0.1507 0.0000
vt 0.1457 0.1615
vt 0.0000 0.0000
vt 0.1739 0.0000
vt 0.1739 0.0618
vt 0.0000 0.0618
vt 0.0000 0.0000
vt 0.1739 -0.0000
vt 0.1150 0.1846
vt 0.0000 0.0000
vt 0.1739 0.0000
vt 0.0588 0.1846
vt 0.0000 0.0000
vt 0.1291 0.0000
vt 0.1291 0.0618
vt 0.0000 0.0618
vt 0.0000 0.0000
vt 0.1291 0.0000
vt 0.1393 0.1347
vt 0.0000 0.0000
vt 0.1291 0.0000
vt -0.0102 0.1347
vt 0.0000 0.0000
vt 0.1170 0.0000
vt 0.1170 0.0618
vt 0.0000 0.0618
vt 0.0000 0.0000
vt 0.1170 0.0000
vt 0.0680 0.1167
vt 0.0000 0.0000
vt 0.1170 0.0000
vt 0.0490 0.1167
vt 0.0000 0.0000
vt 0.1382 0.0000
vt 0.1382 0.0618
vt 0.0000 0.0618
vt 0.0000 0.0000
vt 0.1382 0.0000
vt -0.0191 0.1251
vt 0.0000 0.0000
vt 0.1382 0.0000
vt 0.1572 0.1251
vt 0.0000 0.0000
vt 0.1775 0.0000
vt 0.1775 0.0387
vt 0.0000 0.0387
vt 0.0000 0.0000
vt 0.1775 -0.0000
vt 0.0475 0.1284
vt 0.0000 0.0000
vt 0.1775 0.0000
vt 0.1301 0.1284
vt 0.0000 0.0000
vt 0.1812 0.0000
vt 0.1812 0.0387
vt 0.0000 0.0387
vt 0.0000 0.0000
vt 0.1812 0.0000
vt 0.0837 0.1625
vt 0.0000 0.0000
vt 0.1812 -0.0000
vt 0.0975 0.1625
vt 0.0000 0.0000
vt 0.1544 0.0000
vt 0.1544 0.0387
vt 0.0000 0.0387
vt 0.0000 0.0000
vt 0.1544 0.0000
vt 0.1511 0.1144
vt 0.0000 0.0000
vt 0.1544 0.0000
vt 0.0033 0.1144
vt 0.0000 0.0000
vt 0.1645 0.0000
vt 0.1645 0.0387
vt 0.0000 0.0387
vt 0.0000 0.0000
vt 0.1645 0.0000
vt -0.0053 0.1143
vt 0.0000 0.0000
vt 0.1645 0.0000
vt 0.1698 0.1143
vt 0.0000 0.0000
vt 0.2212 0.0000
vt 0.2212 0.0387
vt 0.0000 0.0387
vt 0.0000 0.0000
vt 0.2212 0.0000
vt 0.1441 0.1454
vt 0.0000 0.0000
vt 0.2212 0.0000
vt 0.0771 0.1454
vt 0.0000 0.0000
vt 0.1425 0.0000
vt 0.1425 0.0387
vt 0.0000 0.0387
vt 0.0000 0.0000
vt 0.1425 0.0000
vt 0.1006 0.1303
vt 0.0000 0.0000
vt 0.1425 0.0000
vt 0.0419 0.1303
vt 0.0000 0.0000
vt 0.0895 0.0000
vt 0.0895 0.0493
vt 0.0000 0.0493
vt 0.0000 0.0000
vt 0.0895 0.0000
vt 0.1790 0.1629
vt 0.0000 0.0000
vt 0.0895 0.0000
vt -0.0895 0.1629
vt 0.0000 0.0000
vt 0.1787 0.0000
vt 0.1787 0.0493
vt 0.0000 0.0493
vt 0.0000 0.0000
vt 0.1787 0.0000
vt 0.1032 0.1546
vt 0.0000 0.0000
vt 0.1787 -0.0000
vt 0.0756 0.1546
vt 0.0000 0.0000
vt 0.1355 0.0000
vt 0.1355 0.0493
vt 0.0000 0.0493
vt 0.0000 0.0000
vt 0.1355 0.0000
vt 0.0561 0.1627
vt 0.0000 0.0000
vt 0.1355 0.0000
vt 0.0794 0.1627
vt 0.0000 0.0000
vt 0.1891 0.0000
vt 0.1891 0.0493
vt 0.0000 0.0493
vt 0.0000 0.0000
vt 0.1891 0.0000
vt -0.0290 0.1787
vt 0.0000 0.0000
vt 0.1891 0.0000
vt 0.2182 0.1787
vt 0.0000 0.0000
vt 0.1338 0.0000
vt 0.1338 0.0493
vt 0.0000 0.0493
vt 0.0000 0.0000
vt 0.1338 0.0000
vt 0.1963 0.2025
vt 0.0000 0.0000
vt 0.1338 0.0000
vt -0.0625 0.2025
vt 0.0000 0.0000
vt 0.1020 0.0000
vt 0.1020 0.0493
vt 0.0000 0.0493
vt 0.0000 0.0000
vt 0.1020 0.0000
vt 0.1093 0.1815
vt 0.0000 0.0000
vt 0.1020 0.0000
vt -0.0074 0.1815
vt 0.0000 0.0000
vt 0.1176 0.0000
vt 0.1176 0.0493
vt 0.0000 0.0493
vt 0.0000 0.0000
vt 0.1176 -0.0000
vt 0.0980 0.1530
vt 0.0000 0.0000
vt 0.1176 0.0000
vt 0.0197 0.1530
vt 0.0000 0.0000
vt 0.2212 0.0000
vt 0.2212 0.0493
vt 0.0000 0.0493
vt 0.0000 0.0000
vt 0.2212 0.0000
vt 0.0562 0.1436
vt 0.0000 0.0000
vt 0.2212 0.0000
vt 0.1649 0.1436
vt 0.0000 0.0000
vt 0.1168 0.0000
vt 0.1168 0.0493
vt 0.0000 0.0493
vt 0.0000 0.0000
vt 0.1168 0.0000
vt 0.0124 0.2183
vt 0.0000 0.0000
vt 0.1168 0.0000
vt 0.1044 0.2183
vt 0.0000 0.0000
vt 0.1030 0.0000
vt 0.1030 0.0371
vt 0.0000 0.0371
vt 0.0000 0.0000
vt 0.1030 -0.0000
vt 0.1041 0.2239
vt 0.0000 0.0000
vt 0.1030 0.0000
vt -0.0011 0.2239
vt 0.0000 0.0000
vt 0.1552 0.0000
vt 0.1552 0.0371
vt 0.0000 0.0371
vt 0.0000 0.0000
vt 0.1552 0.0000
vt 0.1413 0.1737
vt 0.0000 0.0000
vt 0.1552 0.0000
vt 0.0140 0.1737
vt 0.0000 0.0000
vt 0.2005 0.0000
vt 0.2005 0.0371
vt 0.0000 0.0371
vt 0.0000 0.0000
vt 0.2005 0.0000
vt 0.0689 0.1600
vt 0.0000 0.0000
vt 0.2005 0.0000
vt 0.1316 0.1600
vt 0.0000 0.0000
vt 0.0943 0.0000
vt 0.0943 0.0371
vt 0.0000 0.0371
vt 0.0000 0.0000
vt 0.0943 0.0000
vt 0.0086 0.2070
vt 0.0000 0.0000
vt 0.0943 -0.0000
vt 0.0857 0.2070
vt 0.0000 0.0000
vt 0.0839 0.0000
vt 0.0839 0.0371
vt 0.0000 0.0371
vt 0.0000 0.0000
vt 0.0839 0.0000
vt 0.0344 0.2214
vt 0.0000 0.0000
vt 0.0839 0.0000
vt 0.0495 0.2214
vt 0.0000 0.0000
vt 0.1232 0.0000
vt 0.1232 0.0371
vt 0.0000 0.0371
vt 0.0000 0.0000
vt 0.1232 0.0000
vt 0.1459 0.1737
vt 0.0000 0.0000
vt 0.1232 0.0000
vt -0.0228 0.1737
vt 0.0000 0.0000
vt 0.1835 0.0000
vt 0.1835 0.0371
vt 0.0000 0.0371
vt 0.0000 0.0000
vt 0.1835 0.0000
vt 0.0898 0.1505
vt 0.0000 0.0000
vt 0.1835 0.0000
vt 0.0937 0.1505
vt 0.0000 0.0000
vt 0.1148 0.0000
vt 0.1148 0.0371
vt 0.0000 0.0371
vt 0.0000 0.0000
vt 0.1148 0.0000
vt 0.1195 0.1309
vt 0.0000 0.0000
vt 0.1148 0.0000
vt -0.0047 0.1309
vt 0.0000 0.0000
vt 0.1844 0.0000
vt 0.1844 0.0371
vt 0.0000 0.0371
vt 0.0000 0.0000
vt 0.1844 0.0000
vt -0.0266 0.1283
vt 0.0000 0.0000
vt 0.1844 0.0000
vt 0.2110 0.1283
vt 0.0000 0.0000
vt 0.1742 0.0000
vt 0.1742 0.0430
vt 0.0000 0.0430
vt 0.0000 0.0000
vt 0.1742 0.0000
vt 0.1488 0.2805
vt 0.0000 0.0000
vt 0.1742 0.0000
vt 0.0254 0.2805
vt 0.0000 0.0000
vt 0.2808 0.0000
vt 0.2808 0.0430
vt 0.0000 0.0430
vt 0.0000 0.0000
vt 0.2808 0.0000
vt 0.1335 0.2479
vt 0.0000 0.0000
vt 0.2808 0.0000
vt 0.1473 0.2479
vt 0.0000 0.0000
vt 0.1429 0.0000
vt 0.1429 0.0430
vt 0.0000 0.0430
vt 0.0000 0.0000
vt 0.1429 0.0000
vt 0.1269 0.2590
vt 0.0000 0.0000
vt 0.1429 0.0000
vt 0.0160 0.2590
vt 0.0000 0.0000
vt 0.1464 0.0000
vt 0.1464 0.0430
vt 0.0000 0.0430
vt 0.0000 0.0000
vt 0.1464 0.0000
vt 0.1111 0.2345
vt 0.0000 0.0000
vt 0.1464 -0.0000
vt 0.0353 0.2345
vt 0.0000 0.0000
vt 0.2324 0.0000
vt 0.2324 0.0430
vt 0.0000 0.0430
vt 0.0000 0.0000
vt 0.2324 0.0000
vt 0.0041 0.2371
vt 0.0000 0.0000
vt 0.2324 0.0000
vt 0.2283 0.2371
vt 0.0000 0.0000
vt 0.2833 0.0000
vt 0.2833 0.0430
vt 0.0000 0.0430
vt 0.0000 0.0000
vt 0.2833 0.0000
vt 0.2011 0.2605
vt 0.0000 0.0000
vt 0.2833 0.0000
vt 0.0822 0.2605
vt 0.0000 0.0000
vt 0.1424 0.0000
vt 0.1424 0.0430
vt 0.0000 0.0430
vt 0.0000 0.0000
vt 0.1424 0.0000
vt 0.2307 0.1464
vt 0.0000 0.0000
vt 0.1424 0.0000
vt -0.0883 0.1464
vt 0.0000 0.0000
vt 0.2201 0.0000
vt 0.2201 0.0430
vt 0.0000 0.0430
vt 0.0000 0.0000
vt 0.2201 0.0000
vt -0.0388 0.1665
vt 0.0000 0.0000
vt 0.2201 -0.0000
vt 0.2589 0.1665
vt 0.0000 0.0000
vt 0.1809 0.0000
vt 0.1809 0.0430
vt 0.0000 0.0430
vt 0.0000 0.0000
vt 0.1809 0.0000
vt 0.0737 0.2989
vt 0.0000 0.0000
vt 0.1809 0.0000
vt 0.1072 0.2989
vt 0.0000 0.0000
vt 0.1533 0.0000
vt 0.1533 0.0380
vt 0.0000 0.0380
vt 0.0000 0.0000
vt 0.1533 0.0000
vt 0.1769 0.1920
vt 0.0000 0.0000
vt 0.1533 0.0000
vt -0.0237 0.1920
vt 0.0000 0.0000
vt 0.1279 0.0000
vt 0.1279 0.0380
vt 0.0000 0.0380
vt 0.0000 0.0000
vt 0.1279 -0.0000
vt 0.1517 0.1201
vt 0.0000 0.0000
vt 0.1279 0.0000
vt -0.0237 0.1201
vt 0.0000 0.0000
vt 0.1445 0.0000
vt 0.1445 0.0380
vt 0.0000 0.0380
vt 0.0000 0.0000
vt 0.1445 -0.0000
vt 0.0077 0.1222
vt 0.0000 0.0000
vt 0.1445 0.0000
vt 0.1369 0.1222
vt 0.0000 0.0000
vt 0.1720 0.0000
vt 0.1720 0.0380
vt 0.0000 0.0380
vt 0.0000 0.0000
vt 0.1720 0.0000
vt 0.0113 0.1831
vt 0.0000 0.0000
vt 0.1720 -0.0000
vt 0.1606 0.1831
vt 0.0000 0.0000
vt 0.1324 0.0000
vt 0.1324 0.0380
vt 0.0000 0.0380
vt 0.0000 0.0000
vt 0.1324 0.0000
vt 0.0260 0.2422
vt 0.0000 0.0000
vt 0.1324 0.0000
vt 0.1065 0.2422
vt 0.0000 0.0000
vt 0.1496 0.0000
vt 0.1496 0.0380
vt 0.0000 0.0380
vt 0.0000 0.0000
vt 0.1496 0.0000
vt 0.2451 0.0997
vt 0.0000 0.0000
vt 0.1496 0.0000
vt -0.0955 0.0997
vt 0.0000 0.0000
vt 0.1252 0.0000
vt 0.1252 0.0380
vt 0.0000 0.0380
vt 0.0000 0.0000
vt 0.1252 0.0000
vt 0.0828 0.1104
vt 0.0000 0.0000
vt 0.1252 -0.0000
vt 0.0424 0.1104
vt 0.0000 0.0000
vt 0.1723 0.0000
vt 0.1723 0.0380
vt 0.0000 0.0380
vt 0.0000 0.0000
vt 0.1723 0.0000
vt 0.0128 0.1176
vt 0.0000 0.0000
vt 0.1723 0.0000
vt 0.1595 0.1176
vt 0.0000 0.0000
vt 0.0884 0.0000
vt 0.0884 0.0380
vt 0.0000 0.0380
vt 0.0000 0.0000
vt 0.0884 0.0000
vt -0.1194 0.1582
vt 0.0000 0.0000
vt 0.0884 0.0000
vt 0.2078 0.1582
vt 0.0000 0.0000
vt 0.1690 0.0000
vt 0.1690 0.0667
vt 0.0000 0.0667
vt 0.0000 0.0000
vt 0.1690 0.0000
vt 0.0543 0.1807
vt 0.0000 0.0000
vt 0.1690 0.0000
vt 0.1147 0.1807
vt 0.0000 0.0000
vt 0.1788 0.0000
vt 0.1788 0.0667
vt 0.0000 0.0667
vt 0.0000 0.0000
vt 0.1788 0.0000
vt 0.0888 0.1947
vt 0.0000 0.0000
vt 0.1788 0.0000
vt 0.0900 0.1947
vt 0.0000 0.0000
vt 0.2309 0.0000
vt 0.2309 0.0667
vt 0.0000 0.0667
vt 0.0000 0.0000
vt 0.2309 0.0000
vt 0.1537 0.1496
vt 0.0000 0.0000
vt 0.2309 0.0000
vt 0.0773 0.1496
vt 0.0000 0.0000
vt 0.1668 0.0000
vt 0.1668 0.0667
vt 0.0000 0.0667
vt 0.0000 0.0000
vt 0.1668 -0.0000
vt 0.0095 0.1682
vt 0.0000 0.0000
vt 0.1668 0.0000
vt 0.1572 0.1682
vt 0.0000 0.0000
vt 0.1861 0.0000
vt 0.1861 0.0667
vt 0.0000 0.0667
vt 0.0000 0.0000
vt 0.1861 0.0000
vt 0.1569 0.1685
vt 0.0000 0.0000
vt 0.1861 -0.0000
vt 0.0292 0.1685
vt 0.0000 0.0000
vt 0.1603 0.0000
vt 0.1603 0.0667
vt 0.0000 0.0667
vt 0.0000 0.0000
vt 0.1603 0.0000
vt 0.0661 0.1577
vt 0.0000 0.0000
vt 0.1603 0.0000
vt 0.0942 0.1577
vt 0.0000 0.0000
vt 0.1145 0.0000
vt 0.1145 0.0667
vt 0.0000 0.0667
vt 0.0000 0.0000
vt 0.1145 0.0000
vt 0.0492 0.1770
vt 0.0000 0.0000
vt 0.1145 0.0000
vt 0.0652 0.1770
vt 0.0000 0.0000
vt 0.1095 0.0000
vt 0.1095 0.0626
vt 0.0000 0.0626
vt 0.0000 0.0000
vt 0.1095 0.0000
vt 0.0945 0.1820
vt 0.0000 0.0000
vt 0.1095 0.0000
vt 0.0150 0.1820
vt 0.0000 0.0000
vt 0.1150 0.0000
vt 0.1150 0.0626
vt 0.0000 0.0626
vt 0.0000 0.0000
vt 0.1150 0.0000
vt 0.1472 0.1081
vt 0.0000 0.0000
vt 0.1150 0.0000
vt -0.0322 0.1081
vt 0.0000 0.0000
vt 0.1606 0.0000
vt 0.1606 0.0626
vt 0.0000 0.0626
vt 0.0000 0.0000
vt 0.1606 -0.0000
vt 0.0264 0.1097
vt 0.0000 0.0000
vt 0.1606 0.0000
vt 0.1342 0.1097
vt 0.0000 0.0000
vt 0.0856 0.0000
vt 0.0856 0.0626
vt 0.0000 0.0626
vt 0.0000 0.0000
vt 0.0856 0.0000
vt 0.0307 0.1706
vt 0.0000 0.0000
vt 0.0856 0.0000
vt 0.0550 0.1706
vt 0.0000 0.0000
vt 0.1037 0.0000
vt 0.1037 0.0626
vt 0.0000 0.0626
vt 0.0000 0.0000
vt 0.1037 0.0000
vt 0.0729 0.1637
vt 0.0000 0.0000
vt 0.1037 -0.0000
vt 0.0308 0.1637
vt 0.0000 0.0000
vt 0.0944 0.0000
vt 0.0944 0.0626
vt 0.0000 0.0626
vt 0.0000 0.0000
vt 0.0944 0.0000
vt 0.0322 0.1634
vt 0.0000 0.0000
vt 0.0944 0.0000
vt 0.0622 0.1634
vt 0.0000 0.0000
vt 0.1141 0.0000
vt 0.1141 0.0626
vt 0.0000 0.0626
vt 0.0000 0.0000
vt 0.1141 0.0000
vt 0.1134 0.1332
vt 0.0000 0.0000
vt 0.1141 0.0000
vt 0.0008 0.1332
vt 0.0000 0.0000
vt 0.2791 0.0000
vt 0.2791 0.0626
vt 0.0000 0.0626
vt 0.0000 0.0000
vt 0.2791 0.0000
vt 0.0328 0.1291
vt 0.0000 0.0000
vt 0.2791 0.0000
vt 0.2464 0.1291
vt 0.0000 0.0000
vt 0.0946 0.0000
vt 0.0946 0.0626
vt 0.0000 0.0626
vt 0.0000 0.0000
vt 0.0946 0.0000
vt 0.2340 0.1503
vt 0.0000 0.0000
vt 0.0946 -0.0000
vt -0.1395 0.1503
vt 0.0000 0.0000
vt 0.1997 0.0000
vt 0.1997 0.0556
vt 0.0000 0.0556
vt 0.0000 0.0000
vt 0.1997 0.0000
vt 0.1305 0.1744
vt 0.0000 0.0000
vt 0.1997 0.0000
vt 0.0692 0.1744
vt 0.0000 0.0000
vt 0.1796 0.0000
vt 0.1796 0.0556
vt 0.0000 0.0556
vt 0.0000 0.0000
vt 0.1796 0.0000
vt 0.0193 0.1866
vt 0.0000 0.0000
vt 0.1796 0.0000
vt 0.1603 0.1866
vt 0.0000 0.0000
vt 0.2733 0.0000
vt 0.2733 0.0556
vt 0.0000 0.0556
vt 0.0000 0.0000
vt 0.2733 0.0000
vt 0.0683 0.2363
vt 0.0000 0.0000
vt 0.2733 0.0000
vt 0.2050 0.2363
vt 0.0000 0.0000
vt 0.3166 0.0000
vt 0.3166 0.0556
vt 0.0000 0.0556
vt 0.0000 0.0000
vt 0.3166 0.0000
vt 0.1564 0.2709
vt 0.0000 0.0000
vt 0.3166 0.0000
vt 0.1602 0.2709
vt 0.0000 0.0000
vt 0.2442 0.0000
vt 0.2442 0.0556
vt 0.0000 0.0556
vt 0.0000 0.0000
vt 0.2442 0.0000
vt 0.2603 0.1769
vt 0.0000 0.0000
vt 0.2442 -0.0000
vt -0.0162 0.1769
vt 0.0000 0.0000
vt 0.1355 0.0000
vt 0.1355 0.0556
vt 0.0000 0.0556
vt 0.0000 0.0000
vt 0.1355 0.0000
vt 0.0637 0.1658
vt 0.0000 0.0000
vt 0.1355 0.0000
vt 0.0718 0.1658
vt 0.0000 0.0000
vt 0.1478 0.0000
vt 0.1478 0.0556
vt 0.0000 0.0556
vt 0.0000 0.0000
vt 0.1478 0.0000
vt 0.0238 0.1791
vt 0.0000 0.0000
vt 0.1478 0.0000
vt 0.1240 0.1791
vt 0.0000 0.0000
vt 0.1021 0.0000
vt 0.1021 0.0548
vt 0.0000 0.0548
vt 0.0000 0.0000
vt 0.1021 0.0000
vt 0.0809 0.1175
vt 0.0000 0.0000
vt 0.1021 -0.0000
vt 0.0213 0.1175
vt 0.0000 0.0000
vt 0.1047 0.0000
vt 0.1047 0.0548
vt 0.0000 0.0548
vt 0.0000 0.0000
vt 0.1047 -0.0000
vt 0.0734 0.0942
vt 0.0000 0.0000
vt 0.1047 0.0000
vt 0.0312 0.0942
vt 0.0000 0.0000
vt 0.1035 0.0000
vt 0.1035 0.0548
vt 0.0000 0.0548
vt 0.0000 0.0000
vt 0.1035 0.0000
vt 0.0282 0.0951
vt 0.0000 0.0000
vt 0.1035 -0.0000
vt 0.0753 0.0951
vt 0.0000 0.0000
vt 0.0795 0.0000
vt 0.0795 0.0548
vt 0.0000 0.0548
vt 0.0000 0.0000
vt 0.0795 0.0000
vt 0.0805 0.0908
vt 0.0000 0.0000
vt 0.0795 0.0000
vt -0.0010 0.0908
vt 0.0000 0.0000
vt 0.0762 0.0000
vt 0.0762 0.0548
vt 0.0000 0.0548
vt 0.0000 0.0000
vt 0.0762 0.0000
vt 0.0430 0.0800
vt 0.0000 0.0000
vt 0.0762 0.0000
vt 0.0332 0.0800
vt 0.0000 0.0000
vt 0.1266 0.0000
vt 0.1266 0.0548
vt 0.0000 0.0548
vt 0.0000 0.0000
vt 0.1266 0.0000
vt 0.0375 0.0781
vt 0.0000 0.0000
vt 0.1266 0.0000
vt 0.0891 0.0781
vt 0.0000 0.0000
vt 0.0880 0.0000
vt 0.0880 0.0548
vt 0.0000 0.0548
vt 0.0000 0.0000
vt 0.0880 0.0000
vt 0.0081 0.1182
vt 0.0000 0.0000
vt 0.0880 0.0000
vt 0.0799 0.1182
vt 0.0000 0.0000
vt 0.1427 0.0000
vt 0.1427 0.0424
vt 0.0000 0.0424
vt 0.0000 0.0000
vt 0.1427 0.0000
vt 0.1142 0.0865
vt 0.0000 0.0000
vt 0.1427 0.0000
vt 0.0285 0.0865
vt 0.0000 0.0000
vt 0.0952 0.0000
vt 0.0952 0.0424
vt 0.0000 0.0424
vt 0.0000 0.0000
vt 0.0952 0.0000
vt 0.0559 0.0719
vt 0.0000 0.0000
vt 0.0952 0.0000
vt 0.0393 0.0719
vt 0.0000 0.0000
vt 0.0911 0.0000
vt 0.0911 0.0424
vt 0.0000 0.0424
vt 0.0000 0.0000
vt 0.0911 0.0000
vt -0.0033 0.0819
vt 0.0000 0.0000
vt 0.0911 0.0000
vt 0.0944 0.0819
vt 0.0000 0.0000
vt 0.1165 0.0000
vt 0.1165 0.0424
vt 0.0000 0.0424
vt 0.0000 0.0000
vt 0.1165 0.0000
vt 0.0528 0.1133
vt 0.0000 0.0000
vt 0.1165 0.0000
vt 0.0637 0.1133
vt 0.0000 0.0000
vt 0.1748 0.0000
vt 0.1748 0.0424
vt 0.0000 0.0424
vt 0.0000 0.0000
vt 0.1748 0.0000
vt 0.0826 0.1004
vt 0.0000 0.0000
vt 0.1748 0.0000
vt 0.0922 0.1004
vt 0.0000 0.0000
vt 0.0945 0.0000
vt 0.0945 0.0424
vt 0.0000 0.0424
vt 0.0000 0.0000
vt 0.0945 0.0000
vt 0.0369 0.1312
vt 0.0000 0.0000
vt 0.0945 0.0000
vt 0.0576 0.1312
vt 0.0000 0.0000
vt 0.1658 0.0000
vt 0.1658 0.0364
vt 0.0000 0.0364
vt 0.0000 0.0000
vt 0.1658 0.0000
vt 0.0573 0.1362
vt 0.0000 0.0000
vt 0.1658 -0.0000
vt 0.1085 0.1362
vt 0.0000 0.0000
vt 0.1505 0.0000
vt 0.1505 0.0364
vt 0.0000 0.0364
vt 0.0000 0.0000
vt 0.1505 0.0000
vt 0.0697 0.1596
vt 0.0000 0.0000
vt 0.1505 0.0000
vt 0.0808 0.1596
vt 0.0000 0.0000
vt 0.1756 0.0000
vt 0.1756 0.0364
vt 0.0000 0.0364
vt 0.0000 0.0000
vt 0.1756 0.0000
vt 0.0416 0.1740
vt 0.0000 0.0000
vt 0.1756 0.0000
vt 0.1339 0.1740
vt 0.0000 0.0000
vt 0.1534 0.0000
vt 0.1534 0.0364
vt 0.0000 0.0364
vt 0.0000 0.0000
vt 0.1534 0.0000
vt 0.1423 0.1672
vt 0.0000 0.0000
vt 0.1534 -0.0000
vt 0.0111 0.1672
vt 0.0000 0.0000
vt 0.1852 0.0000
vt 0.1852 0.0364
vt 0.0000 0.0364
vt 0.0000 0.0000
vt 0.1852 0.0000
vt 0.0829 0.1457
vt 0.0000 0.0000
vt 0.1852 0.0000
vt 0.1023 0.1457
vt 0.0000 0.0000
vt 0.1843 0.0000
vt 0.1843 0.0364
vt 0.0000 0.0364
vt 0.0000 0.0000
vt 0.1843 0.0000
vt 0.0832 0.1574
vt 0.0000 0.0000
vt 0.1843 0.0000
vt 0.1011 0.1574
vt 0.0000 0.0000
vt 0.0887 0.0000
vt 0.0887 0.0364
vt 0.0000 0.0364
vt 0.0000 0.0000
vt 0.0887 -0.0000
vt 0.1184 0.1448
vt 0.0000 0.0000
vt 0.0887 0.0000
vt -0.0297 0.1448
vt 0.0000 0.0000
vt 0.2072 0.0000
vt 0.2072 0.0608
vt 0.0000 0.0608
vt 0.0000 0.0000
vt 0.2072 0.0000
vt 0.3054 0.1801
vt 0.0000 0.0000
vt 0.2072 0.0000
vt -0.0982 0.1801
vt 0.0000 0.0000
vt 0.1771 0.0000
vt 0.1771 0.0608
vt 0.0000 0.0608
vt 0.0000 0.0000
vt 0.1771 -0.0000
vt 0.1122 0.1717
vt 0.0000 0.0000
vt 0.1771 0.0000
vt 0.0649 0.1717
vt 0.0000 0.0000
vt 0.2006 0.0000
vt 0.2006 0.0608
vt 0.0000 0.0608
vt 0.0000 0.0000
vt 0.2006 0.0000
vt 0.1072 0.1490
vt 0.0000 0.0000
vt 0.2006 0.0000
vt 0.0934 0.1490
vt 0.0000 0.0000
vt 0.2024 0.0000
vt 0.2024 0.0608
vt 0.0000 0.0608
vt 0.0000 0.0000
vt 0.2024 0.0000
vt -0.0851 0.1539
vt 0.0000 0.0000
vt 0.2024 0.0000
vt 0.2875 0.1539
vt 0.0000 0.0000
vt 0.1658 0.0000
vt 0.1658 0.0608
vt 0.0000 0.0608
vt 0.0000 0.0000
vt 0.1658 0.0000
vt 0.2552 0.2030
vt 0.0000 0.0000
vt 0.1658 0.0000
vt -0.0894 0.2030
vt 0.0000 0.0000
vt 0.2491 0.0000
vt 0.2491 0.0608
vt 0.0000 0.0608
vt 0.0000 0.0000
vt 0.2491 0.0000
vt 0.1289 0.1805
vt 0.0000 0.0000
vt 0.2491 0.0000
vt 0.1202 0.1805
vt 0.0000 0.0000
vt 0.1781 0.0000
vt 0.1781 0.0608
vt 0.0000 0.0608
vt 0.0000 0.0000
vt 0.1781 0.0000
vt 0.0986 0.1932
vt 0.0000 0.0000
vt 0.1781 0.0000
vt 0.0796 0.1932
vt 0.0000 0.0000
vt 0.1969 0.0000
vt 0.1969 0.0608
vt 0.0000 0.0608
vt 0.0000 0.0000
vt 0.1969 0.0000
vt -0.1099 0.1777
vt 0.0000 0.0000
vt 0.1969 0.0000
vt 0.3068 0.1777
vt 0.0000 0.0000
vt 0.3746 0.0000
vt 0.3746 0.0557
vt 0.0000 0.0557
vt 0.0000 0.0000
vt 0.3746 -0.0000
vt 0.2435 0.2601
vt 0.0000 0.0000
vt 0.3746 0.0000
vt 0.1311 0.2601
vt 0.0000 0.0000
vt 0.2418 0.0000
vt 0.2418 0.0557
vt 0.0000 0.0557
vt 0.0000 0.0000
vt 0.2418 -0.0000
vt 0.1756 0.2324
vt 0.0000 0.0000
vt 0.2418 0.0000
vt 0.0662 0.2324
vt 0.0000 0.0000
vt 0.1290 0.0000
vt 0.1290 0.0557
vt 0.0000 0.0557
vt 0.0000 0.0000
vt 0.1290 0.0000
vt 0.0744 0.2299
vt 0.0000 0.0000
vt 0.1290 0.0000
vt 0.0546 0.2299
vt 0.0000 0.0000
vt 0.2148 0.0000
vt 0.2148 0.0557
vt 0.0000 0.0557
vt 0.0000 0.0000
vt 0.2148 0.0000
vt 0.1138 0.2071
vt 0.0000 0.0000
vt 0.2148 0.0000
vt 0.1010 0.2071
vt 0.0000 0.0000
vt 0.2045 0.0000
vt 0.2045 0.0557
vt 0.0000 0.0557
vt 0.0000 0.0000
vt 0.2045 0.0000
vt 0.0013 0.2304
vt 0.0000 0.0000
vt 0.2045 0.0000
vt 0.2032 0.2304
vt 0.0000 0.0000
vt 0.3475 0.0000
vt 0.3475 0.0557
vt 0.0000 0.0557
vt 0.0000 0.0000
vt 0.3475 0.0000
vt 0.2301 0.2035
vt 0.0000 0.0000
vt 0.3475 0.0000
vt 0.1175 0.2035
vt 0.0000 0.0000
vt 0.1959 0.0000
vt 0.1959 0.0557
vt 0.0000 0.0557
vt 0.0000 0.0000
vt 0.1959 -0.0000
vt -0.0850 0.2191
vt 0.0000 0.0000
vt 0.1959 0.0000
vt 0.2810 0.2191
vt 0.0000 0.0000
vt 0.0862 0.0000
vt 0.0862 0.0577
vt 0.0000 0.0577
vt 0.0000 0.0000
vt 0.0862 0.0000
vt 0.1031 0.1009
vt 0.0000 0.0000
vt 0.0862 0.0000
vt -0.0169 0.1009
vt 0.0000 0.0000
vt 0.1092 0.0000
vt 0.1092 0.0577
vt 0.0000 0.0577
vt 0.0000 0.0000
vt 0.1092 0.0000
vt 0.0239 0.0995
vt 0.0000 0.0000
vt 0.1092 0.0000
vt 0.0853 0.0995
vt 0.0000 0.0000
vt 0.0482 0.0000
vt 0.0482 0.0577
vt 0.0000 0.0577
vt 0.0000 0.0000
vt 0.0482 0.0000
vt 0.0489 0.1216
vt 0.0000 0.0000
vt 0.0482 0.0000
vt -0.0007 0.1216
vt 0.0000 0.0000
vt 0.1134 0.0000
vt 0.1134 0.0577
vt 0.0000 0.0577
vt 0.0000 0.0000
vt 0.1134 0.0000
vt 0.0668 0.1016
vt 0.0000 0.0000
vt 0.1134 -0.0000
vt 0.0466 0.1016
vt 0.0000 0.0000
vt 0.0552 0.0000
vt 0.0552 0.0577
vt 0.0000 0.0577
vt 0.0000 0.0000
vt 0.0552 0.0000
vt 0.0235 0.1093
vt 0.0000 0.0000
vt 0.0552 0.0000
vt 0.0317 0.1093
vt 0.0000 0.0000
vt 0.0708 0.0000
vt 0.0708 0.0577
vt 0.0000 0.0577
vt 0.0000 0.0000
vt 0.0708 -0.0000
vt 0.0648 0.0936
vt 0.0000 0.0000
vt 0.0708 0.0000
vt 0.0060 0.0936
vt 0.0000 0.0000
vt 0.0525 0.0000
vt 0.0525 0.0577
vt 0.0000 0.0577
vt 0.0000 0.0000
vt 0.0525 0.0000
vt 0.0187 0.0919
vt 0.0000 0.0000
vt 0.0525 0.0000
vt 0.0339 0.0919
vt 0.0000 0.0000
vt 0.1316 0.0000
vt 0.1316 0.0577
vt 0.0000 0.0577
vt 0.0000 0.0000
vt 0.1316 0.0000
vt 0.0167 0.0966
vt 0.0000 0.0000
vt 0.1316 -0.0000
vt 0.1149 0.0966
vt 0.0000 0.0000
vt 0.0817 0.0000
vt 0.0817 0.0577
vt 0.0000 0.0577
vt 0.0000 0.0000
vt 0.0817 0.0000
vt 0.0513 0.1410
vt 0.0000 0.0000
vt 0.0817 0.0000
vt 0.0305 0.1410
vt 0.0000 0.0000
vt 0.1622 0.0000
vt 0.1622 0.0338
vt 0.0000 0.0338
vt 0.0000 0.0000
vt 0.1622 0.0000
vt 0.0893 0.1954
vt 0.0000 0.0000
vt 0.1622 0.0000
vt 0.0729 0.1954
vt 0.0000 0.0000
vt 0.1819 0.0000
vt 0.1819 0.0338
vt 0.0000 0.0338
vt 0.0000 0.0000
vt 0.1819 0.0000
vt 0.1427 0.1521
vt 0.0000 0.0000
vt 0.1819 0.0000
vt 0.0392 0.1521
vt 0.0000 0.0000
vt 0.1172 0.0000
vt 0.1172 0.0338
vt 0.0000 0.0338
vt 0.0000 0.0000
vt 0.1172 0.0000
vt -0.0057 0.1570
vt 0.0000 0.0000
vt 0.1172 0.0000
vt 0.1229 0.1570
vt 0.0000 0.0000
vt 0.1549 0.0000
vt 0.1549 0.0338
vt 0.0000 0.0338
vt 0.0000 0.0000
vt 0.1549 0.0000
vt 0.0341 0.1964
vt 0.0000 0.0000
vt 0.1549 0.0000
vt 0.1208 0.1964
vt 0.0000 0.0000
vt 0.1601 0.0000
vt 0.1601 0.0338
vt 0.0000 0.0338
vt 0.0000 0.0000
vt 0.1601 0.0000
vt 0.1166 0.1990
vt 0.0000 0.0000
vt 0.1601 0.0000
vt 0.0435 0.1990
vt 0.0000 0.0000
vt 0.1587 0.0000
vt 0.1587 0.0338
vt 0.0000 0.0338
vt 0.0000 0.0000
vt 0.1587 0.0000
vt 0.1364 0.1513
vt 0.0000 0.0000
vt 0.1587 0.0000
vt 0.0223 0.1513
vt 0.0000 0.0000
vt 0.2094 0.0000
vt 0.2094 0.0338
vt 0.0000 0.0338
vt 0.0000 0.0000
vt 0.2094 0.0000
vt 0.0174 0.1519
vt 0.0000 0.0000
vt 0.2094 0.0000
vt 0.1920 0.1519
vt 0.0000 0.0000
vt 0.1174 0.0000
vt 0.1174 0.0338
vt 0.0000 0.0338
vt 0.0000 0.0000
vt 0.1174 0.0000
vt 0.1174 0.2149
vt 0.0000 0.0000
vt 0.1174 0.0000
vt 0.0000 0.2149
vt 0.0000 0.0000
vt 0.1602 0.0000
vt 0.1602 0.0441
vt 0.0000 0.0441
vt 0.0000 0.0000
vt 0.1602 0.0000
vt 0.1803 0.1411
vt 0.0000 0.0000
vt 0.1602 0.0000
vt -0.0202 0.1411
vt 0.0000 0.0000
vt 0.1241 0.0000
vt 0.1241 0.0441
vt 0.0000 0.0441
vt 0.0000 0.0000
vt 0.1241 0.0000
vt 0.0849 0.1145
vt 0.0000 0.0000
vt 0.1241 0.0000
vt 0.0392 0.1145
vt 0.0000 0.0000
vt 0.1253 0.0000
vt 0.1253 0.0441
vt 0.0000 0.0441
vt 0.0000 0.0000
vt 0.1253 0.0000
vt -0.0040 0.1209
vt 0.0000 0.0000
vt 0.1253 0.0000
vt 0.1293 0.1209
vt 0.0000 0.0000
vt 0.0968 0.0000
vt 0.0968 0.0441
vt 0.0000 0.0441
vt 0.0000 0.0000
vt 0.0968 0.0000
vt 0.0755 0.1601
vt 0.0000 0.0000
vt 0.0968 0.0000
vt 0.0213 0.1601
vt 0.0000 0.0000
vt 0.1578 0.0000
vt 0.1578 0.0441
vt 0.0000 0.0441
vt 0.0000 0.0000
vt 0.1578 0.0000
vt 0.0443 0.1553
vt 0.0000 0.0000
vt 0.1578 0.0000
vt 0.1135 0.1553
vt 0.0000 0.0000
vt 0.1782 0.0000
vt 0.1782 0.0441
vt 0.0000 0.0441
vt 0.0000 0.0000
vt 0.1782 0.0000
vt 0.1243 0.1468
vt 0.0000 0.0000
vt 0.1782 0.0000
vt 0.0540 0.1468
vt 0.0000 0.0000
vt 0.1203 0.0000
vt 0.1203 0.0441
vt 0.0000 0.0441
vt 0.0000 0.0000
vt 0.1203 0.0000
vt 0.0839 0.1320
vt 0.0000 0.0000
vt 0.1203 -0.0000
vt 0.0364 0.1320
vt 0.0000 0.0000
vt 0.1152 0.0000
vt 0.1152 0.0441
vt 0.0000 0.0441
vt 0.0000 0.0000
vt 0.1152 0.0000
vt -0.0886 0.1043
vt 0.0000 0.0000
vt 0.1152 0.0000
vt 0.2038 0.1043
vt 0.0000 0.0000
vt 0.1479 0.0000
vt 0.1479 0.0606
vt 0.0000 0.0606
vt 0.0000 0.0000
vt 0.1479 0.0000
vt 0.1485 0.1684
vt 0.0000 0.0000
vt 0.1479 0.0000
vt -0.0006 0.1684
vt 0.0000 0.0000
vt 0.1364 0.0000
vt 0.1364 0.0606
vt 0.0000 0.0606
vt 0.0000 0.0000
vt 0.1364 0.0000
vt 0.0726 0.1520
vt 0.0000 0.0000
vt 0.1364 0.0000
vt 0.0638 0.1520
vt 0.0000 0.0000
vt 0.1886 0.0000
vt 0.1886 0.0606
vt 0.0000 0.0606
vt 0.0000 0.0000
vt 0.1886 0.0000
vt 0.1019 0.1295
vt 0.0000 0.0000
vt 0.1886 0.0000
vt 0.0867 0.1295
vt 0.0000 0.0000
vt 0.1415 0.0000
vt 0.1415 0.0606
vt 0.0000 0.0606
vt 0.0000 0.0000
vt 0.1415 0.0000
vt 0.0099 0.1556
vt 0.0000 0.0000
vt 0.1415 -0.0000
vt 0.1316 0.1556
vt 0.0000 0.0000
vt 0.1097 0.0000
vt 0.1097 0.0606
vt 0.0000 0.0606
vt 0.0000 0.0000
vt 0.1097 -0.0000
vt 0.1151 0.1681
vt 0.0000 0.0000
vt 0.1097 0.0000
vt -0.0054 0.1681
vt 0.0000 0.0000
vt 0.1477 0.0000
vt 0.1477 0.0606
vt 0.0000 0.0606
vt 0.0000 0.0000
vt 0.1477 0.0000
vt 0.1081 0.1289
vt 0.0000 0.0000
vt 0.1477 0.0000
vt 0.0395 0.1289
vt 0.0000 0.0000
vt 0.2073 0.0000
vt 0.2073 0.0606
vt 0.0000 0.0606
vt 0.0000 0.0000
vt 0.2073 -0.0000
vt 0.0259 0.1323
vt 0.0000 0.0000
vt 0.2073 0.0000
vt 0.1814 0.1323
vt 0.0000 0.0000
vt 0.0798 0.0000
vt 0.0798 0.0416
vt 0.0000 0.0416
vt 0.0000 0.0000
vt 0.0798 0.0000
vt 0.0214 0.1224
vt 0.0000 0.0000
vt 0.0798 0.0000
vt 0.0584 0.1224
vt 0.0000 0.0000
vt 0.1257 0.0000
vt 0.1257 0.0416
vt 0.0000 0.0416
vt 0.0000 0.0000
vt 0.1257 0.0000
vt 0.1023 0.0890
vt 0.0000 0.0000
vt 0.1257 0.0000
vt 0.0234 0.0890
vt 0.0000 0.0000
vt 0.1272 0.0000
vt 0.1272 0.0416
vt 0.0000 0.0416
vt 0.0000 0.0000
vt 0.1272 0.0000
vt 0.0082 0.0917
vt 0.0000 0.0000
vt 0.1272 0.0000
vt 0.1190 0.0917
vt 0.0000 0.0000
vt 0.1293 0.0000
vt 0.1293 0.0416
vt 0.0000 0.0416
vt 0.0000 0.0000
vt 0.1293 0.0000
vt 0.0953 0.1161
vt 0.0000 0.0000
vt 0.1293 0.0000
vt 0.0341 0.1161
vt 0.0000 0.0000
vt 0.0943 0.0000
vt 0.0943 0.0416
vt 0.0000 0.0416
vt 0.0000 0.0000
vt 0.0943 0.0000
vt 0.0642 0.1026
vt 0.0000 0.0000
vt 0.0943 0.0000
vt 0.0301 0.1026
vt 0.0000 0.0000
vt 0.1114 0.0000
vt 0.1114 0.0416
vt 0.0000 0.0416
vt 0.0000 0.0000
vt 0.1114 0.0000
vt 0.0357 0.1008
vt 0.0000 0.0000
vt 0.1114 -0.0000
vt 0.0757 0.1008
vt 0.0000 0.0000
vt 0.0914 0.0000
vt 0.0914 0.0416
vt 0.0000 0.0416
vt 0.0000 0.0000
vt 0.0914 0.0000
vt 0.0482 0.1165
vt 0.0000 0.0000
vt 0.0914 0.0000
vt 0.0432 0.1165
usemtl concrete
f 1/1 2/2 3/3
f 1/1 3/3 4/4
f 5/5 6/6 7/7
f 5/5 7/7 8/8
f 9/9 10/10 11/11
f 9/9 11/11 12/12
f 13/13 14/14 15/15
f 13/13 15/15 16/16
f 17/17 18/18 19/19
f 17/17 19/19 20/20
f 21/21 22/22 23/23
f 21/21 23/23 24/24
f 25/25 26/26 27/27
f 25/25 27/27 28/28
f 29/29 30/30 31/31
f 29/29 31/31 32/32
f 33/33 34/34 35/35
f 33/33 35/35 36/36
f 37/37 38/38 39/39
f 37/37 39/39 40/40
f 41/41 42/42 43/43
f 41/41 43/43 44/44
f 45/45 46/46 47/47
f 45/45 47/47 48/48
f 49/49 50/50 51/51
f 49/49 51/51 52/52
f 53/53 54/54 55/55
f 53/53 55/55 56/56
f 57/57 58/58 59/59
f 57/57 59/59 60/60
f 61/61 62/62 63/63
f 61/61 63/63 64/64
f 65/65 66/66 67/67
f 65/65 67/67 68/68
f 69/69 70/70 71/71
f 69/69 71/71 72/72
f 73/73 74/74 75/75
f 73/73 75/75 76/76
f 77/77 78/78 79/79
f 77/77 79/79 80/80
f 81/81 82/82 83/83
f 81/81 83/83 84/84
f 85/85 86/86 87/87
f 85/85 87/87 88/88
f 89/89 90/90 91/91
f 89/89 91/91 92/92
f 93/93 94/94 95/95
f 93/93 95/95 96/96
f 97/97 98/98 99/99
f 97/97 99/99 100/100
f 101/101 102/102 103/103
f 101/101 103/103 104/104
f 105/105 106/106 107/107
f 105/105 107/107 108/108
f 109/109 110/110 111/111
f 109/109 111/111 112/112
f 113/113 114/114 115/115
f 113/113 115/115 116/116
f 117/117 118/118 119/119
f 117/117 119/119 120/120
f 121/121 122/122 123/123
f 121/121 123/123 124/124
f 125/125 126/126 127/127
f 125/125 127/127 128/128
f 129/129 130/130 131/131
f 129/129 131/131 132/132
f 133/133 134/134 135/135
f 133/133 135/135 136/136
f 137/137 138/138 139/139
f 137/137 139/139 140/140
f 141/141 142/142 143/143
f 141/141 143/143 144/144
f 145/145 146/146 147/147
f 145/145 147/147 148/148
f 149/149 150/150 151/151
f 149/149 151/151 152/152
f 153/153 154/154 155/155
f 153/153 155/155 156/156
f 157/157 158/158 159/159
f 157/157 159/159 160/160
f 161/161 162/162 163/163
f 161/161 163/163 164/164
f 165/165 166/166 167/167
f 165/165 167/167 168/168
f 169/169 170/170 171/171
f 169/169 171/171 172/172
f 173/173 174/174 175/175
f 173/173 175/175 176/176
f 177/177 178/178 179/179
f 177/177 179/179 180/180
f 181/181 182/182 183/183
f 181/181 183/183 184/184
f 185/185 186/186 187/187
f 185/185 187/187 188/188
f 189/189 190/190 191/191
f 189/189 191/191 192/192
f 193/193 194/194 195/195
f 193/193 195/195 196/196
f 197/197 198/198 199/199
f 197/197 199/199 200/200
f 201/201 202/202 203/203
f 201/201 203/203 204/204
f 205/205 206/206 207/207
f 205/205 207/207 208/208
f 209/209 210/210 211/211
f 209/209 211/211 212/212
f 213/213 214/214 215/215
f 213/213 215/215 216/216
f 217/217 218/218 219/219
f 217/217 219/219 220/220
f 221/221 222/222 223/223
f 221/221 223/223 224/224
f 225/225 226/226 227/227
f 225/225 227/227 228/228
f 229/229 230/230 231/231
f 229/229 231/231 232/232
f 233/233 234/234 235/235
f 233/233 235/235 236/236
f 237/237 238/238 239/239
f 237/237 239/239 240/240
f 241/241 242/242 243/243
f 241/241 243/243 244/244
f 245/245 246/246 247/247
f 245/245 247/247 248/248
f 249/249 250/250 251/251
f 249/249 251/251 252/252
f 253/253 254/254 255/255
f 253/253 255/255 256/256
f 257/257 258/258 259/259
f 257/257 259/259 260/260
f 261/261 262/262 263/263
f 261/261 263/263 264/264
f 265/265 266/266 267/267
f 265/265 267/267 268/268
f 269/269 270/270 271/271
f 269/269 271/271 272/272
f 273/273 274/274 275/275
f 273/273 275/275 276/276
f 277/277 278/278 279/279
f 277/277 279/279 280/280
f 281/281 282/282 283/283
f 281/281 283/283 284/284
f 285/285 286/286 287/287
f 285/285 287/287 288/288
f 313/313 314/314 315/315
f 313/313 315/315 316/316
f 317/317 318/318 319/319
f 317/317 319/319 320/320
f 321/321 322/322 323/323
f 321/321 323/323 324/324
f 325/325 326/326 327/327
f 325/325 327/327 328/328
f 329/329 330/330 331/331
f 329/329 331/331 332/332
f 333/333 334/334 335/335
f 333/333 335/335 336/336
f 337/337 338/338 339/339
f 337/337 339/339 340/340
f 341/341 342/342 343/343
f 341/341 343/343 344/344
f 345/345 346/346 347/347
f 345/345 347/347 348/348
f 349/349 350/350 351/351
f 349/349 351/351 352/352
f 353/353 354/354 355/355
f 353/353 355/355 356/356
f 357/357 358/358 359/359
f 357/357 359/359 360/360
f 361/361 362/362 363/363
f 361/361 363/363 364/364
f 365/365 366/366 367/367
f 365/365 367/367 368/368
f 369/369 370/370 371/371
f 369/369 371/371 372/372
f 373/373 374/374 375/375
f 373/373 375/375 376/376
f 377/377 378/378 379/379
f 377/377 379/379 380/380
f 381/381 382/382 383/383
f 381/381 383/383 384/384
f 457/457 458/458 459/459
f 457/457 459/459 460/460
f 461/461 462/462 463/463
f 461/461 463/463 464/464
f 465/465 466/466 467/467
f 465/465 467/467 468/468
f 469/469 470/470 471/471
f 469/469 471/471 472/472
f 473/473 474/474 475/475
f 473/473 475/475 476/476
f 477/477 478/478 479/479
f 477/477 479/479 480/480
f 481/481 482/482 483/483
f 481/481 483/483 484/484
f 485/485 486/486 487/487
f 485/485 487/487 488/488
f 489/489 490/490 491/491
f 489/489 491/491 492/492
f 493/493 494/494 495/495
f 493/493 495/495 496/496
f 497/497 498/498 499/499
f 497/497 499/499 500/500
f 501/501 502/502 503/503
f 501/501 503/503 504/504
f 505/505 506/506 507/507
f 505/505 507/507 508/508
f 509/509 510/510 511/511
f 509/509 511/511 512/512
f 513/513 514/514 515/515
f 513/513 515/515 516/516
f 517/517 518/518 519/519
f 517/517 519/519 520/520
f 521/521 522/522 523/523
f 521/521 523/523 524/524
f 525/525 526/526 527/527
f 525/525 527/527 528/528
f 553/553 554/554 555/555
f 553/553 555/555 556/556
f 557/557 558/558 559/559
f 557/557 559/559 560/560
f 561/561 562/562 563/563
f 561/561 563/563 564/564
f 565/565 566/566 567/567
f 565/565 567/567 568/568
f 569/569 570/570 571/571
f 569/569 571/571 572/572
f 573/573 574/574 575/575
f 573/573 575/575 576/576
f 577/577 578/578 579/579
f 577/577 579/579 580/580
f 581/581 582/582 583/583
f 581/581 583/583 584/584
f 585/585 586/586 587/587
f 585/585 587/587 588/588
f 589/589 590/590 591/591
f 589/589 591/591 592/592
f 593/593 594/594 595/595
f 593/593 595/595 596/596
f 597/597 598/598 599/599
f 597/597 599/599 600/600
f 601/601 602/602 603/603
f 601/601 603/603 604/604
f 605/605 606/606 607/607
f 605/605 607/607 608/608
f 609/609 610/610 611/611
f 609/609 611/611 612/612
f 613/613 614/614 615/615
f 613/613 615/615 616/616
f 617/617 618/618 619/619
f 617/617 619/619 620/620
f 621/621 622/622 623/623
f 621/621 623/623 624/624
f 625/625 626/626 627/627
f 625/625 627/627 628/628
f 629/629 630/630 631/631
f 629/629 631/631 632/632
f 633/633 634/634 635/635
f 633/633 635/635 636/636
f 637/637 638/638 639/639
f 637/637 639/639 640/640
f 641/641 642/642 643/643
f 641/641 643/643 644/644
f 645/645 646/646 647/647
f 645/645 647/647 648/648
f 697/697 698/698 699/699
f 697/697 699/699 700/700
f 701/701 702/702 703/703
f 701/701 703/703 704/704
f 705/705 706/706 707/707
f 705/705 707/707 708/708
f 709/709 710/710 711/711
f 709/709 711/711 712/712
f 713/713 714/714 715/715
f 713/713 715/715 716/716
f 717/717 718/718 719/719
f 717/717 719/719 720/720
f 745/745 746/746 747/747
f 745/745 747/747 748/748
f 749/749 750/750 751/751
f 749/749 751/751 752/752
f 753/753 754/754 755/755
f 753/753 755/755 756/756
f 757/757 758/758 759/759
f 757/757 759/759 760/760
f 761/761 762/762 763/763
f 761/761 763/763 764/764
f 765/765 766/766 767/767
f 765/765 767/767 768/768
f 793/793 794/794 795/795
f 793/793 795/795 796/796
f 797/797 798/798 799/799
f 797/797 799/799 800/800
f 801/801 802/802 803/803
f 801/801 803/803 804/804
f 805/805 806/806 807/807
f 805/805 807/807 808/808
f 809/809 810/810 811/811
f 809/809 811/811 812/812
f 813/813 814/814 815/815
f 813/813 815/815 816/816
f 841/841 842/842 843/843
f 841/841 843/843 844/844
f 845/845 846/846 847/847
f 845/845 847/847 848/848
f 849/849 850/850 851/851
f 849/849 851/851 852/852
f 853/853 854/854 855/855
f 853/853 855/855 856/856
f 857/857 858/858 859/859
f 857/857 859/859 860/860
f 861/861 862/862 863/863
f 861/861 863/863 864/864
f 865/865 866/866 867/867
f 865/865 867/867 868/868
f 869/869 870/870 871/871
f 869/869 871/871 872/872
f 873/873 874/874 875/875
f 873/873 875/875 876/876
f 877/877 878/878 879/879
f 877/877 879/879 880/880
f 881/881 882/882 883/883
f 881/881 883/883 884/884
f 885/885 886/886 887/887
f 885/885 887/887 888/888
f 913/913 914/914 915/915
f 913/913 915/915 916/916
f 917/917 918/918 919/919
f 917/917 919/919 920/920
f 921/921 922/922 923/923
f 921/921 923/923 924/924
f 925/925 926/926 927/927
f 925/925 927/927 928/928
f 929/929 930/930 931/931
f 929/929 931/931 932/932
f 933/933 934/934 935/935
f 933/933 935/935 936/936
f 961/961 962/962 963/963
f 961/961 963/963 964/964
f 965/965 966/966 967/967
f 965/965 967/967 968/968
f 969/969 970/970 971/971
f 969/969 971/971 972/972
f 973/973 974/974 975/975
f 973/973 975/975 976/976
f 977/977 978/978 979/979
f 977/977 979/979 980/980
f 981/981 982/982 983/983
f 981/981 983/983 984/984
f 985/985 986/986 987/987
f 985/985 987/987 988/988
f 989/989 990/990 991/991
f 989/989 991/991 992/992
f 993/993 994/994 995/995
f 993/993 995/995 996/996
f 997/997 998/998 999/999
f 997/997 999/999 1000/1000
f 1001/1001 1002/1002 1003/1003
f 1001/1001 1003/1003 1004/1004
f 1005/1005 1006/1006 1007/1007
f 1005/1005 1007/1007 1008/1008
f 1009/1009 1010/1010 1011/1011
f 1009/1009 1011/1011 1012/1012
f 1013/1013 1014/1014 1015/1015
f 1013/1013 1015/1015 1016/1016
f 1017/1017 1018/1018 1019/1019
f 1017/1017 1019/1019 1020/1020
f 1021/1021 1022/1022 1023/1023
f 1021/1021 1023/1023 1024/1024
f 1025/1025 1026/1026 1027/1027
f 1025/1025 1027/1027 1028/1028
f 1029/1029 1030/1030 1031/1031
f 1029/1029 1031/1031 1032/1032
f 1033/1033 1034/1034 1035/1035
f 1033/1033 1035/1035 1036/1036
f 1037/1037 1038/1038 1039/1039
f 1037/1037 1039/1039 1040/1040
f 1041/1041 1042/1042 1043/1043
f 1041/1041 1043/1043 1044/1044
f 1045/1045 1046/1046 1047/1047
f 1045/1045 1047/1047 1048/1048
f 1049/1049 1050/1050 1051/1051
f 1049/1049 1051/1051 1052/1052
f 1053/1053 1054/1054 1055/1055
f 1053/1053 1055/1055 1056/1056
f 1057/1057 1058/1058 1059/1059
f 1057/1057 1059/1059 1060/1060
f 1061/1061 1062/1062 1063/1063
f 1061/1061 1063/1063 1064/1064
f 1065/1065 1066/1066 1067/1067
f 1065/1065 1067/1067 1068/1068
f 1069/1069 1070/1070 1071/1071
f 1069/1069 1071/1071 1072/1072
f 1073/1073 1074/1074 1075/1075
f 1073/1073 1075/1075 1076/1076
f 1077/1077 1078/1078 1079/1079
f 1077/1077 1079/1079 1080/1080
f 1105/1105 1106/1106 1107/1107
f 1105/1105 1107/1107 1108/1108
f 1109/1109 1110/1110 1111/1111
f 1109/1109 1111/1111 1112/1112
f 1113/1113 1114/1114 1115/1115
f 1113/1113 1115/1115 1116/1116
f 1117/1117 1118/1118 1119/1119
f 1117/1117 1119/1119 1120/1120
f 1121/1121 1122/1122 1123/1123
f 1121/1121 1123/1123 1124/1124
f 1125/1125 1126/1126 1127/1127
f 1125/1125 1127/1127 1128/1128
f 1129/1129 1130/1130 1131/1131
f 1129/1129 1131/1131 1132/1132
f 1133/1133 1134/1134 1135/1135
f 1133/1133 1135/1135 1136/1136
f 1137/1137 1138/1138 1139/1139
f 1137/1137 1139/1139 1140/1140
f 1141/1141 1142/1142 1143/1143
f 1141/1141 1143/1143 1144/1144
f 1145/1145 1146/1146 1147/1147
f 1145/1145 1147/1147 1148/1148
f 1149/1149 1150/1150 1151/1151
f 1149/1149 1151/1151 1152/1152
f 1201/1201 1202/1202 1203/1203
f 1201/1201 1203/1203 1204/1204
f 1205/1205 1206/1206 1207/1207
f 1205/1205 1207/1207 1208/1208
f 1209/1209 1210/1210 1211/1211
f 1209/1209 1211/1211 1212/1212
f 1213/1213 1214/1214 1215/1215
f 1213/1213 1215/1215 1216/1216
f 1217/1217 1218/1218 1219/1219
f 1217/1217 1219/1219 1220/1220
f 1221/1221 1222/1222 1223/1223
f 1221/1221 1223/1223 1224/1224
f 1225/1225 1226/1226 1227/1227
f 1225/1225 1227/1227 1228/1228
f 1229/1229 1230/1230 1231/1231
f 1229/1229 1231/1231 1232/1232
f 1233/1233 1234/1234 1235/1235
f 1233/1233 1235/1235 1236/1236
f 1237/1237 1238/1238 1239/1239
f 1237/1237 1239/1239 1240/1240
f 1241/1241 1242/1242 1243/1243
f 1241/1241 1243/1243 1244/1244
f 1245/1245 1246/1246 1247/1247
f 1245/1245 1247/1247 1248/1248
f 1273/1273 1274/1274 1275/1275
f 1273/1273 1275/1275 1276/1276
f 1277/1277 1278/1278 1279/1279
f 1277/1277 1279/1279 1280/1280
f 1281/1281 1282/1282 1283/1283
f 1281/1281 1283/1283 1284/1284
f 1285/1285 1286/1286 1287/1287
f 1285/1285 1287/1287 1288/1288
f 1289/1289 1290/1290 1291/1291
f 1289/1289 1291/1291 1292/1292
f 1293/1293 1294/1294 1295/1295
f 1293/1293 1295/1295 1296/1296
f 1297/1297 1298/1298 1299/1299
f 1297/1297 1299/1299 1300/1300
f 1301/1301 1302/1302 1303/1303
f 1301/1301 1303/1303 1304/1304
f 1305/1305 1306/1306 1307/1307
f 1305/1305 1307/1307 1308/1308
f 1309/1309 1310/1310 1311/1311
f 1309/1309 1311/1311 1312/1312
f 1313/1313 1314/1314 1315/1315
f 1313/1313 1315/1315 1316/1316
f 1317/1317 1318/1318 1319/1319
f 1317/1317 1319/1319 1320/1320
f 1369/1369 1370/1370 1371/1371
f 1369/1369 1371/1371 1372/1372
f 1373/1373 1374/1374 1375/1375
f 1373/1373 1375/1375 1376/1376
f 1377/1377 1378/1378 1379/1379
f 1377/1377 1379/1379 1380/1380
f 1381/1381 1382/1382 1383/1383
f 1381/1381 1383/1383 1384/1384
f 1385/1385 1386/1386 1387/1387
f 1385/1385 1387/1387 1388/1388
f 1389/1389 1390/1390 1391/1391
f 1389/1389 1391/1391 1392/1392
f 1417/1417 1418/1418 1419/1419
f 1417/1417 1419/1419 1420/1420
f 1421/1421 1422/1422 1423/1423
f 1421/1421 1423/1423 1424/1424
f 1425/1425 1426/1426 1427/1427
f 1425/1425 1427/1427 1428/1428
f 1429/1429 1430/1430 1431/1431
f 1429/1429 1431/1431 1432/1432
f 1433/1433 1434/1434 1435/1435
f 1433/1433 1435/1435 1436/1436
f 1437/1437 1438/1438 1439/1439
f 1437/1437 1439/1439 1440/1440
f 1465/1465 1466/1466 1467/1467
f 1465/1465 1467/1467 1468/1468
f 1469/1469 1470/1470 1471/1471
f 1469/1469 1471/1471 1472/1472
f 1473/1473 1474/1474 1475/1475
f 1473/1473 1475/1475 1476/1476
f 1477/1477 1478/1478 1479/1479
f 1477/1477 1479/1479 1480/1480
f 1481/1481 1482/1482 1483/1483
f 1481/1481 1483/1483 1484/1484
f 1485/1485 1486/1486 1487/1487
f 1485/1485 1487/1487 1488/1488
f 1489/1489 1490/1490 1491/1491
f 1489/1489 1491/1491 1492/1492
f 1493/1493 1494/1494 1495/1495
f 1493/1493 1495/1495 1496/1496
f 1497/1497 1498/1498 1499/1499
f 1497/1497 1499/1499 1500/1500
f 1501/1501 1502/1502 1503/1503
f 1501/1501 1503/1503 1504/1504
f 1505/1505 1506/1506 1507/1507
f 1505/1505 1507/1507 1508/1508
f 1509/1509 1510/1510 1511/1511
f 1509/1509 1511/1511 1512/1512
f 1513/1513 1514/1514 1515/1515
f 1513/1513 1515/1515 1516/1516
f 1517/1517 1518/1518 1519/1519
f 1517/1517 1519/1519 1520/1520
f 1521/1521 1522/1522 1523/1523
f 1521/1521 1523/1523 1524/1524
f 1525/1525 1526/1526 1527/1527
f 1525/1525 1527/1527 1528/1528
f 1529/1529 1530/1530 1531/1531
f 1529/1529 1531/1531 1532/1532
f 1533/1533 1534/1534 1535/1535
f 1533/1533 1535/1535 1536/1536
f 1537/1537 1538/1538 1539/1539
f 1537/1537 1539/1539 1540/1540
f 1541/1541 1542/1542 1543/1543
f 1544/1544 1545/1545 1546/1546
f 1547/1547 1548/1548 1549/1549
f 1547/1547 1549/1549 1550/1550
f 1551/1551 1552/1552 1553/1553
f 1554/1554 1555/1555 1556/1556
f 1557/1557 1558/1558 1559/1559
f 1557/1557 1559/1559 1560/1560
f 1561/1561 1562/1562 1563/1563
f 1564/1564 1565/1565 1566/1566
f 1567/1567 1568/1568 1569/1569
f 1567/1567 1569/1569 1570/1570
f 1571/1571 1572/1572 1573/1573
f 1574/1574 1575/1575 1576/1576
f 1577/1577 1578/1578 1579/1579
f 1577/1577 1579/1579 1580/1580
f 1581/1581 1582/1582 1583/1583
f 1584/1584 1585/1585 1586/1586
f 1587/1587 1588/1588 1589/1589
f 1587/1587 1589/1589 1590/1590
f 1591/1591 1592/1592 1593/1593
f 1594/1594 1595/1595 1596/1596
f 1597/1597 1598/1598 1599/1599
f 1597/1597 1599/1599 1600/1600
f 1601/1601 1602/1602 1603/1603
f 1604/1604 1605/1605 1606/1606
f 1607/1607 1608/1608 1609/1609
f 1607/1607 1609/1609 1610/1610
f 1611/1611 1612/1612 1613/1613
f 1614/1614 1615/1615 1616/1616
f 1617/1617 1618/1618 1619/1619
f 1617/1617 1619/1619 1620/1620
f 1621/1621 1622/1622 1623/1623
f 1624/1624 1625/1625 1626/1626
f 1627/1627 1628/1628 1629/1629
f 1627/1627 1629/1629 1630/1630
f 1631/1631 1632/1632 1633/1633
f 1634/1634 1635/1635 1636/1636
f 1637/1637 1638/1638 1639/1639
f 1637/1637 1639/1639 1640/1640
f 1641/1641 1642/1642 1643/1643
f 1644/1644 1645/1645 1646/1646
f 1647/1647 1648/1648 1649/1649
f 1647/1647 1649/1649 1650/1650
f 1651/1651 1652/1652 1653/1653
f 1654/1654 1655/1655 1656/1656
f 1657/1657 1658/1658 1659/1659
f 1657/1657 1659/1659 1660/1660
f 1661/1661 1662/1662 1663/1663
f 1664/1664 1665/1665 1666/1666
f 1667/1667 1668/1668 1669/1669
f 1667/1667 1669/1669 1670/1670
f 1671/1671 1672/1672 1673/1673
f 1674/1674 1675/1675 1676/1676
f 1677/1677 1678/1678 1679/1679
f 1677/1677 1679/1679 1680/1680
f 1681/1681 1682/1682 1683/1683
f 1684/1684 1685/1685 1686/1686
f 1687/1687 1688/1688 1689/1689
f 1687/1687 1689/1689 1690/1690
f 1691/1691 1692/1692 1693/1693
f 1694/1694 1695/1695 1696/1696
f 1697/1697 1698/1698 1699/1699
f 1697/1697 1699/1699 1700/1700
f 1701/1701 1702/1702 1703/1703
f 1704/1704 1705/1705 1706/1706
f 1707/1707 1708/1708 1709/1709
f 1707/1707 1709/1709 1710/1710
f 1711/1711 1712/1712 1713/1713
f 1714/1714 1715/1715 1716/1716
f 1717/1717 1718/1718 1719/1719
f 1717/1717 1719/1719 1720/1720
f 1721/1721 1722/1722 1723/1723
f 1724/1724 1725/1725 1726/1726
f 1727/1727 1728/1728 1729/1729
f 1727/1727 1729/1729 1730/1730
f 1731/1731 1732/1732 1733/1733
f 1734/1734 1735/1735 1736/1736
f 1737/1737 1738/1738 1739/1739
f 1737/1737 1739/1739 1740/1740
f 1741/1741 1742/1742 1743/1743
f 1744/1744 1745/1745 1746/1746
f 1747/1747 1748/1748 1749/1749
f 1747/1747 1749/1749 1750/1750
f 1751/1751 1752/1752 1753/1753
f 1754/1754 1755/1755 1756/1756
f 1757/1757 1758/1758 1759/1759
f 1757/1757 1759/1759 1760/1760
f 1761/1761 1762/1762 1763/1763
f 1764/1764 1765/1765 1766/1766
f 1767/1767 1768/1768 1769/1769
f 1767/1767 1769/1769 1770/1770
f 1771/1771 1772/1772 1773/1773
f 1774/1774 1775/1775 1776/1776
f 1777/1777 1778/1778 1779/1779
f 1777/1777 1779/1779 1780/1780
f 1781/1781 1782/1782 1783/1783
f 1784/1784 1785/1785 1786/1786
f 1787/1787 1788/1788 1789/1789
f 1787/1787 1789/1789 1790/1790
f 1791/1791 1792/1792 1793/1793
f 1794/1794 1795/1795 1796/1796
f 1797/1797 1798/1798 1799/1799
f 1797/1797 1799/1799 1800/1800
f 1801/1801 1802/1802 1803/1803
f 1804/1804 1805/1805 1806/1806
f 1807/1807 1808/1808 1809/1809
f 1807/1807 1809/1809 1810/1810
f 1811/1811 1812/1812 1813/1813
f 1814/1814 1815/1815 1816/1816
f 1817/1817 1818/1818 1819/1819
f 1817/1817 1819/1819 1820/1820
f 1821/1821 1822/1822 1823/1823
f 1824/1824 1825/1825 1826/1826
f 1827/1827 1828/1828 1829/1829
f 1827/1827 1829/1829 1830/1830
f 1831/1831 1832/1832 1833/1833
f 1834/1834 1835/1835 1836/1836
f 1837/1837 1838/1838 1839/1839
f 1837/1837 1839/1839 1840/1840
f 1841/1841 1842/1842 1843/1843
f 1844/1844 1845/1845 1846/1846
f 1847/1847 1848/1848 1849/1849
f 1847/1847 1849/1849 1850/1850
f 1851/1851 1852/1852 1853/1853
f 1854/1854 1855/1855 1856/1856
f 1857/1857 1858/1858 1859/1859
f 1857/1857 1859/1859 1860/1860
f 1861/1861 1862/1862 1863/1863
f 1864/1864 1865/1865 1866/1866
f 1867/1867 1868/1868 1869/1869
f 1867/1867 1869/1869 1870/1870
f 1871/1871 1872/1872 1873/1873
f 1874/1874 1875/1875 1876/1876
f 1877/1877 1878/1878 1879/1879
f 1877/1877 1879/1879 1880/1880
f 1881/1881 1882/1882 1883/1883
f 1884/1884 1885/1885 1886/1886
f 1887/1887 1888/1888 1889/1889
f 1887/1887 1889/1889 1890/1890
f 1891/1891 1892/1892 1893/1893
f 1894/1894 1895/1895 1896/1896
f 1897/1897 1898/1898 1899/1899
f 1897/1897 1899/1899 1900/1900
f 1901/1901 1902/1902 1903/1903
f 1904/1904 1905/1905 1906/1906
f 1907/1907 1908/1908 1909/1909
f 1907/1907 1909/1909 1910/1910
f 1911/1911 1912/1912 1913/1913
f 1914/1914 1915/1915 1916/1916
f 1917/1917 1918/1918 1919/1919
f 1917/1917 1919/1919 1920/1920
f 1921/1921 1922/1922 1923/1923
f 1924/1924 1925/1925 1926/1926
f 1927/1927 1928/1928 1929/1929
f 1927/1927 1929/1929 1930/1930
f 1931/1931 1932/1932 1933/1933
f 1934/1934 1935/1935 1936/1936
f 1937/1937 1938/1938 1939/1939
f 1937/1937 1939/1939 1940/1940
f 1941/1941 1942/1942 1943/1943
f 1944/1944 1945/1945 1946/1946
f 1947/1947 1948/1948 1949/1949
f 1947/1947 1949/1949 1950/1950
f 1951/1951 1952/1952 1953/1953
f 1954/1954 1955/1955 1956/1956
f 1957/1957 1958/1958 1959/1959
f 1957/1957 1959/1959 1960/1960
f 1961/1961 1962/1962 1963/1963
f 1964/1964 1965/1965 1966/1966
f 1967/1967 1968/1968 1969/1969
f 1967/1967 1969/1969 1970/1970
f 1971/1971 1972/1972 1973/1973
f 1974/1974 1975/1975 1976/1976
f 1977/1977 1978/1978 1979/1979
f 1977/1977 1979/1979 1980/1980
f 1981/1981 1982/1982 1983/1983
f 1984/1984 1985/1985 1986/1986
f 1987/1987 1988/1988 1989/1989
f 1987/1987 1989/1989 1990/1990
f 1991/1991 1992/1992 1993/1993
f 1994/1994 1995/1995 1996/1996
f 1997/1997 1998/1998 1999/1999
f 1997/1997 1999/1999 2000/2000
f 2001/2001 2002/2002 2003/2003
f 2004/2004 2005/2005 2006/2006
f 2007/2007 2008/2008 2009/2009
f 2007/2007 2009/2009 2010/2010
f 2011/2011 2012/2012 2013/2013
f 2014/2014 2015/2015 2016/2016
f 2017/2017 2018/2018 2019/2019
f 2017/2017 2019/2019 2020/2020
f 2021/2021 2022/2022 2023/2023
f 2024/2024 2025/2025 2026/2026
f 2027/2027 2028/2028 2029/2029
f 2027/2027 2029/2029 2030/2030
f 2031/2031 2032/2032 2033/2033
f 2034/2034 2035/2035 2036/2036
f 2037/2037 2038/2038 2039/2039
f 2037/2037 2039/2039 2040/2040
f 2041/2041 2042/2042 2043/2043
f 2044/2044 2045/2045 2046/2046
f 2047/2047 2048/2048 2049/2049
f 2047/2047 2049/2049 2050/2050
f 2051/2051 2052/2052 2053/2053
f 2054/2054 2055/2055 2056/2056
f 2057/2057 2058/2058 2059/2059
f 2057/2057 2059/2059 2060/2060
f 2061/2061 2062/2062 2063/2063
f 2064/2064 2065/2065 2066/2066
f 2067/2067 2068/2068 2069/2069
f 2067/2067 2069/2069 2070/2070
f 2071/2071 2072/2072 2073/2073
f 2074/2074 2075/2075 2076/2076
f 2077/2077 2078/2078 2079/2079
f 2077/2077 2079/2079 2080/2080
f 2081/2081 2082/2082 2083/2083
f 2084/2084 2085/2085 2086/2086
f 2087/2087 2088/2088 2089/2089
f 2087/2087 2089/2089 2090/2090
f 2091/2091 2092/2092 2093/2093
f 2094/2094 2095/2095 2096/2096
f 2097/2097 2098/2098 2099/2099
f 2097/2097 2099/2099 2100/2100
f 2101/2101 2102/2102 2103/2103
f 2104/2104 2105/2105 2106/2106
f 2107/2107 2108/2108 2109/2109
f 2107/2107 2109/2109 2110/2110
f 2111/2111 2112/2112 2113/2113
f 2114/2114 2115/2115 2116/2116
f 2117/2117 2118/2118 2119/2119
f 2117/2117 2119/2119 2120/2120
f 2121/2121 2122/2122 2123/2123
f 2124/2124 2125/2125 2126/2126
f 2127/2127 2128/2128 2129/2129
f 2127/2127 2129/2129 2130/2130
f 2131/2131 2132/2132 2133/2133
f 2134/2134 2135/2135 2136/2136
f 2137/2137 2138/2138 2139/2139
f 2137/2137 2139/2139 2140/2140
f 2141/2141 2142/2142 2143/2143
f 2144/2144 2145/2145 2146/2146
f 2147/2147 2148/2148 2149/2149
f 2147/2147 2149/2149 2150/2150
f 2151/2151 2152/2152 2153/2153
f 2154/2154 2155/2155 2156/2156
f 2157/2157 2158/2158 2159/2159
f 2157/2157 2159/2159 2160/2160
f 2161/2161 2162/2162 2163/2163
f 2164/2164 2165/2165 2166/2166
f 2167/2167 2168/2168 2169/2169
f 2167/2167 2169/2169 2170/2170
f 2171/2171 2172/2172 2173/2173
f 2174/2174 2175/2175 2176/2176
f 2177/2177 2178/2178 2179/2179
f 2177/2177 2179/2179 2180/2180
f 2181/2181 2182/2182 2183/2183
f 2184/2184 2185/2185 2186/2186
f 2187/2187 2188/2188 2189/2189
f 2187/2187 2189/2189 2190/2190
f 2191/2191 2192/2192 2193/2193
f 2194/2194 2195/2195 2196/2196
f 2197/2197 2198/2198 2199/2199
f 2197/2197 2199/2199 2200/2200
f 2201/2201 2202/2202 2203/2203
f 2204/2204 2205/2205 2206/2206
f 2207/2207 2208/2208 2209/2209
f 2207/2207 2209/2209 2210/2210
f 2211/2211 2212/2212 2213/2213
f 2214/2214 2215/2215 2216/2216
f 2217/2217 2218/2218 2219/2219
f 2217/2217 2219/2219 2220/2220
f 2221/2221 2222/2222 2223/2223
f 2224/2224 2225/2225 2226/2226
f 2227/2227 2228/2228 2229/2229
f 2227/2227 2229/2229 2230/2230
f 2231/2231 2232/2232 2233/2233
f 2234/2234 2235/2235 2236/2236
f 2237/2237 2238/2238 2239/2239
f 2237/2237 2239/2239 2240/2240
f 2241/2241 2242/2242 2243/2243
f 2244/2244 2245/2245 2246/2246
f 2247/2247 2248/2248 2249/2249
f 2247/2247 2249/2249 2250/2250
f 2251/2251 2252/2252 2253/2253
f 2254/2254 2255/2255 2256/2256
f 2257/2257 2258/2258 2259/2259
f 2257/2257 2259/2259 2260/2260
f 2261/2261 2262/2262 2263/2263
f 2264/2264 2265/2265 2266/2266
f 2267/2267 2268/2268 2269/2269
f 2267/2267 2269/2269 2270/2270
f 2271/2271 2272/2272 2273/2273
f 2274/2274 2275/2275 2276/2276
f 2277/2277 2278/2278 2279/2279
f 2277/2277 2279/2279 2280/2280
f 2281/2281 2282/2282 2283/2283
f 2284/2284 2285/2285 2286/2286
f 2287/2287 2288/2288 2289/2289
f 2287/2287 2289/2289 2290/2290
f 2291/2291 2292/2292 2293/2293
f 2294/2294 2295/2295 2296/2296
f 2297/2297 2298/2298 2299/2299
f 2297/2297 2299/2299 2300/2300
f 2301/2301 2302/2302 2303/2303
f 2304/2304 2305/2305 2306/2306
f 2307/2307 2308/2308 2309/2309
f 2307/2307 2309/2309 2310/2310
f 2311/2311 2312/2312 2313/2313
f 2314/2314 2315/2315 2316/2316
f 2317/2317 2318/2318 2319/2319
f 2317/2317 2319/2319 2320/2320
f 2321/2321 2322/2322 2323/2323
f 2324/2324 2325/2325 2326/2326
f 2327/2327 2328/2328 2329/2329
f 2327/2327 2329/2329 2330/2330
f 2331/2331 2332/2332 2333/2333
f 2334/2334 2335/2335 2336/2336
f 2337/2337 2338/2338 2339/2339
f 2337/2337 2339/2339 2340/2340
f 2341/2341 2342/2342 2343/2343
f 2344/2344 2345/2345 2346/2346
f 2347/2347 2348/2348 2349/2349
f 2347/2347 2349/2349 2350/2350
f 2351/2351 2352/2352 2353/2353
f 2354/2354 2355/2355 2356/2356
f 2357/2357 2358/2358 2359/2359
f 2357/2357 2359/2359 2360/2360
f 2361/2361 2362/2362 2363/2363
f 2364/2364 2365/2365 2366/2366
f 2367/2367 2368/2368 2369/2369
f 2367/2367 2369/2369 2370/2370
f 2371/2371 2372/2372 2373/2373
f 2374/2374 2375/2375 2376/2376
f 2377/2377 2378/2378 2379/2379
f 2377/2377 2379/2379 2380/2380
f 2381/2381 2382/2382 2383/2383
f 2384/2384 2385/2385 2386/2386
f 2387/2387 2388/2388 2389/2389
f 2387/2387 2389/2389 2390/2390
f 2391/2391 2392/2392 2393/2393
f 2394/2394 2395/2395 2396/2396
f 2397/2397 2398/2398 2399/2399
f 2397/2397 2399/2399 2400/2400
f 2401/2401 2402/2402 2403/2403
f 2404/2404 2405/2405 2406/2406
f 2407/2407 2408/2408 2409/2409
f 2407/2407 2409/2409 2410/2410
f 2411/2411 2412/2412 2413/2413
f 2414/2414 2415/2415 2416/2416
f 2417/2417 2418/2418 2419/2419
f 2417/2417 2419/2419 2420/2420
f 2421/2421 2422/2422 2423/2423
f 2424/2424 2425/2425 2426/2426
f 2427/2427 2428/2428 2429/2429
f 2427/2427 2429/2429 2430/2430
f 2431/2431 2432/2432 2433/2433
f 2434/2434 2435/2435 2436/2436
f 2437/2437 2438/2438 2439/2439
f 2437/2437 2439/2439 2440/2440
f 2441/2441 2442/2442 2443/2443
f 2444/2444 2445/2445 2446/2446
f 2447/2447 2448/2448 2449/2449
f 2447/2447 2449/2449 2450/2450
f 2451/2451 2452/2452 2453/2453
f 2454/2454 2455/2455 2456/2456
f 2457/2457 2458/2458 2459/2459
f 2457/2457 2459/2459 2460/2460
f 2461/2461 2462/2462 2463/2463
f 2464/2464 2465/2465 2466/2466
f 2467/2467 2468/2468 2469/2469
f 2467/2467 2469/2469 2470/2470
f 2471/2471 2472/2472 2473/2473
f 2474/2474 2475/2475 2476/2476
f 2477/2477 2478/2478 2479/2479
f 2477/2477 2479/2479 2480/2480
f 2481/2481 2482/2482 2483/2483
f 2484/2484 2485/2485 2486/2486
f 2487/2487 2488/2488 2489/2489
f 2487/2487 2489/2489 2490/2490
f 2491/2491 2492/2492 2493/2493
f 2494/2494 2495/2495 2496/2496
f 2497/2497 2498/2498 2499/2499
f 2497/2497 2499/2499 2500/2500
f 2501/2501 2502/2502 2503/2503
f 2504/2504 2505/2505 2506/2506
f 2507/2507 2508/2508 2509/2509
f 2507/2507 2509/2509 2510/2510
f 2511/2511 2512/2512 2513/2513
f 2514/2514 2515/2515 2516/2516
f 2517/2517 2518/2518 2519/2519
f 2517/2517 2519/2519 2520/2520
f 2521/2521 2522/2522 2523/2523
f 2524/2524 2525/2525 2526/2526
f 2527/2527 2528/2528 2529/2529
f 2527/2527 2529/2529 2530/2530
f 2531/2531 2532/2532 2533/2533
f 2534/2534 2535/2535 2536/2536
f 2537/2537 2538/2538 2539/2539
f 2537/2537 2539/2539 2540/2540
f 2541/2541 2542/2542 2543/2543
f 2544/2544 2545/2545 2546/2546
f 2547/2547 2548/2548 2549/2549
f 2547/2547 2549/2549 2550/2550
f 2551/2551 2552/2552 2553/2553
f 2554/2554 2555/2555 2556/2556
f 2557/2557 2558/2558 2559/2559
f 2557/2557 2559/2559 2560/2560
f 2561/2561 2562/2562 2563/2563
f 2564/2564 2565/2565 2566/2566
f 2567/2567 2568/2568 2569/2569
f 2567/2567 2569/2569 2570/2570
f 2571/2571 2572/2572 2573/2573
f 2574/2574 2575/2575 2576/2576
f 2577/2577 2578/2578 2579/2579
f 2577/2577 2579/2579 2580/2580
f 2581/2581 2582/2582 2583/2583
f 2584/2584 2585/2585 2586/2586
f 2587/2587 2588/2588 2589/2589
f 2587/2587 2589/2589 2590/2590
f 2591/2591 2592/2592 2593/2593
f 2594/2594 2595/2595 2596/2596
f 2597/2597 2598/2598 2599/2599
f 2597/2597 2599/2599 2600/2600
f 2601/2601 2602/2602 2603/2603
f 2604/2604 2605/2605 2606/2606
f 2607/2607 2608/2608 2609/2609
f 2607/2607 2609/2609 2610/2610
f 2611/2611 2612/2612 2613/2613
f 2614/2614 2615/2615 2616/2616
f 2617/2617 2618/2618 2619/2619
f 2617/2617 2619/2619 2620/2620
f 2621/2621 2622/2622 2623/2623
f 2624/2624 2625/2625 2626/2626
f 2627/2627 2628/2628 2629/2629
f 2627/2627 2629/2629 2630/2630
f 2631/2631 2632/2632 2633/2633
f 2634/2634 2635/2635 2636/2636
f 2637/2637 2638/2638 2639/2639
f 2637/2637 2639/2639 2640/2640
f 2641/2641 2642/2642 2643/2643
f 2644/2644 2645/2645 2646/2646
f 2647/2647 2648/2648 2649/2649
f 2647/2647 2649/2649 2650/2650
f 2651/2651 2652/2652 2653/2653
f 2654/2654 2655/2655 2656/2656
f 2657/2657 2658/2658 2659/2659
f 2657/2657 2659/2659 2660/2660
f 2661/2661 2662/2662 2663/2663
f 2664/2664 2665/2665 2666/2666
f 2667/2667 2668/2668 2669/2669
f 2667/2667 2669/2669 2670/2670
f 2671/2671 2672/2672 2673/2673
f 2674/2674 2675/2675 2676/2676
f 2677/2677 2678/2678 2679/2679
f 2677/2677 2679/2679 2680/2680
f 2681/2681 2682/2682 2683/2683
f 2684/2684 2685/2685 2686/2686
f 2687/2687 2688/2688 2689/2689
f 2687/2687 2689/2689 2690/2690
f 2691/2691 2692/2692 2693/2693
f 2694/2694 2695/2695 2696/2696
f 2697/2697 2698/2698 2699/2699
f 2697/2697 2699/2699 2700/2700
f 2701/2701 2702/2702 2703/2703
f 2704/2704 2705/2705 2706/2706
f 2707/2707 2708/2708 2709/2709
f 2707/2707 2709/2709 2710/2710
f 2711/2711 2712/2712 2713/2713
f 2714/2714 2715/2715 2716/2716
f 2717/2717 2718/2718 2719/2719
f 2717/2717 2719/2719 2720/2720
f 2721/2721 2722/2722 2723/2723
f 2724/2724 2725/2725 2726/2726
f 2727/2727 2728/2728 2729/2729
f 2727/2727 2729/2729 2730/2730
f 2731/2731 2732/2732 2733/2733
f 2734/2734 2735/2735 2736/2736
f 2737/2737 2738/2738 2739/2739
f 2737/2737 2739/2739 2740/2740
f 2741/2741 2742/2742 2743/2743
f 2744/2744 2745/2745 2746/2746
f 2747/2747 2748/2748 2749/2749
f 2747/2747 2749/2749 2750/2750
f 2751/2751 2752/2752 2753/2753
f 2754/2754 2755/2755 2756/2756
f 2757/2757 2758/2758 2759/2759
f 2757/2757 2759/2759 2760/2760
f 2761/2761 2762/2762 2763/2763
f 2764/2764 2765/2765 2766/2766
f 2767/2767 2768/2768 2769/2769
f 2767/2767 2769/2769 2770/2770
f 2771/2771 2772/2772 2773/2773
f 2774/2774 2775/2775 2776/2776
f 2777/2777 2778/2778 2779/2779
f 2777/2777 2779/2779 2780/2780
f 2781/2781 2782/2782 2783/2783
f 2784/2784 2785/2785 2786/2786
f 2787/2787 2788/2788 2789/2789
f 2787/2787 2789/2789 2790/2790
f 2791/2791 2792/2792 2793/2793
f 2794/2794 2795/2795 2796/2796
f 2797/2797 2798/2798 2799/2799
f 2797/2797 2799/2799 2800/2800
f 2801/2801 2802/2802 2803/2803
f 2804/2804 2805/2805 2806/2806
f 2807/2807 2808/2808 2809/2809
f 2807/2807 2809/2809 2810/2810
f 2811/2811 2812/2812 2813/2813
f 2814/2814 2815/2815 2816/2816
f 2817/2817 2818/2818 2819/2819
f 2817/2817 2819/2819 2820/2820
f 2821/2821 2822/2822 2823/2823
f 2824/2824 2825/2825 2826/2826
f 2827/2827 2828/2828 2829/2829
f 2827/2827 2829/2829 2830/2830
f 2831/2831 2832/2832 2833/2833
f 2834/2834 2835/2835 2836/2836
f 2837/2837 2838/2838 2839/2839
f 2837/2837 2839/2839 2840/2840
f 2841/2841 2842/2842 2843/2843
f 2844/2844 2845/2845 2846/2846
f 2847/2847 2848/2848 2849/2849
f 2847/2847 2849/2849 2850/2850
f 2851/2851 2852/2852 2853/2853
f 2854/2854 2855/2855 2856/2856
f 2857/2857 2858/2858 2859/2859
f 2857/2857 2859/2859 2860/2860
f 2861/2861 2862/2862 2863/2863
f 2864/2864 2865/2865 2866/2866
f 2867/2867 2868/2868 2869/2869
f 2867/2867 2869/2869 2870/2870
f 2871/2871 2872/2872 2873/2873
f 2874/2874 2875/2875 2876/2876
f 2877/2877 2878/2878 2879/2879
f 2877/2877 2879/2879 2880/2880
f 2881/2881 2882/2882 2883/2883
f 2884/2884 2885/2885 2886/2886
f 2887/2887 2888/2888 2889/2889
f 2887/2887 2889/2889 2890/2890
f 2891/2891 2892/2892 2893/2893
f 2894/2894 2895/2895 2896/2896
f 2897/2897 2898/2898 2899/2899
f 2897/2897 2899/2899 2900/2900
f 2901/2901 2902/2902 2903/2903
f 2904/2904 2905/2905 2906/2906
f 2907/2907 2908/2908 2909/2909
f 2907/2907 2909/2909 2910/2910
f 2911/2911 2912/2912 2913/2913
f 2914/2914 2915/2915 2916/2916
f 2917/2917 2918/2918 2919/2919
f 2917/2917 2919/2919 2920/2920
f 2921/2921 2922/2922 2923/2923
f 2924/2924 2925/2925 2926/2926
f 2927/2927 2928/2928 2929/2929
f 2927/2927 2929/2929 2930/2930
f 2931/2931 2932/2932 2933/2933
f 2934/2934 2935/2935 2936/2936
f 2937/2937 2938/2938 2939/2939
f 2937/2937 2939/2939 2940/2940
f 2941/2941 2942/2942 2943/2943
f 2944/2944 2945/2945 2946/2946
f 2947/2947 2948/2948 2949/2949
f 2947/2947 2949/2949 2950/2950
f 2951/2951 2952/2952 2953/2953
f 2954/2954 2955/2955 2956/2956
f 2957/2957 2958/2958 2959/2959
f 2957/2957 2959/2959 2960/2960
f 2961/2961 2962/2962 2963/2963
f 2964/2964 2965/2965 2966/2966
f 2967/2967 2968/2968 2969/2969
f 2967/2967 2969/2969 2970/2970
f 2971/2971 2972/2972 2973/2973
f 2974/2974 2975/2975 2976/2976
f 2977/2977 2978/2978 2979/2979
f 2977/2977 2979/2979 2980/2980
f 2981/2981 2982/2982 2983/2983
f 2984/2984 2985/2985 2986/2986
f 2987/2987 2988/2988 2989/2989
f 2987/2987 2989/2989 2990/2990
f 2991/2991 2992/2992 2993/2993
f 2994/2994 2995/2995 2996/2996
f 2997/2997 2998/2998 2999/2999
f 2997/2997 2999/2999 3000/3000
f 3001/3001 3002/3002 3003/3003
f 3004/3004 3005/3005 3006/3006
f 3007/3007 3008/3008 3009/3009
f 3007/3007 3009/3009 3010/3010
f 3011/3011 3012/3012 3013/3013
f 3014/3014 3015/3015 3016/3016
f 3017/3017 3018/3018 3019/3019
f 3017/3017 3019/3019 3020/3020
f 3021/3021 3022/3022 3023/3023
f 3024/3024 3025/3025 3026/3026
f 3027/3027 3028/3028 3029/3029
f 3027/3027 3029/3029 3030/3030
f 3031/3031 3032/3032 3033/3033
f 3034/3034 3035/3035 3036/3036
f 3037/3037 3038/3038 3039/3039
f 3037/3037 3039/3039 3040/3040
f 3041/3041 3042/3042 3043/3043
f 3044/3044 3045/3045 3046/3046
f 3047/3047 3048/3048 3049/3049
f 3047/3047 3049/3049 3050/3050
f 3051/3051 3052/3052 3053/3053
f 3054/3054 3055/3055 3056/3056
f 3057/3057 3058/3058 3059/3059
f 3057/3057 3059/3059 3060/3060
f 3061/3061 3062/3062 3063/3063
f 3064/3064 3065/3065 3066/3066
f 3067/3067 3068/3068 3069/3069
f 3067/3067 3069/3069 3070/3070
f 3071/3071 3072/3072 3073/3073
f 3074/3074 3075/3075 3076/3076
f 3077/3077 3078/3078 3079/3079
f 3077/3077 3079/3079 3080/3080
f 3081/3081 3082/3082 3083/3083
f 3084/3084 3085/3085 3086/3086
f 3087/3087 3088/3088 3089/3089
f 3087/3087 3089/3089 3090/3090
f 3091/3091 3092/3092 3093/3093
f 3094/3094 3095/3095 3096/3096
f 3097/3097 3098/3098 3099/3099
f 3097/3097 3099/3099 3100/3100
f 3101/3101 3102/3102 3103/3103
f 3104/3104 3105/3105 3106/3106
f 3107/3107 3108/3108 3109/3109
f 3107/3107 3109/3109 3110/3110
f 3111/3111 3112/3112 3113/3113
f 3114/3114 3115/3115 3116/3116
f 3117/3117 3118/3118 3119/3119
f 3117/3117 3119/3119 3120/3120
f 3121/3121 3122/3122 3123/3123
f 3124/3124 3125/3125 3126/3126
f 3127/3127 3128/3128 3129/3129
f 3127/3127 3129/3129 3130/3130
f 3131/3131 3132/3132 3133/3133
f 3134/3134 3135/3135 3136/3136
f 3137/3137 3138/3138 3139/3139
f 3137/3137 3139/3139 3140/3140
f 3141/3141 3142/3142 3143/3143
f 3144/3144 3145/3145 3146/3146
f 3147/3147 3148/3148 3149/3149
f 3147/3147 3149/3149 3150/3150
f 3151/3151 3152/3152 3153/3153
f 3154/3154 3155/3155 3156/3156
f 3157/3157 3158/3158 3159/3159
f 3157/3157 3159/3159 3160/3160
f 3161/3161 3162/3162 3163/3163
f 3164/3164 3165/3165 3166/3166
f 3167/3167 3168/3168 3169/3169
f 3167/3167 3169/3169 3170/3170
f 3171/3171 3172/3172 3173/3173
f 3174/3174 3175/3175 3176/3176
f 3177/3177 3178/3178 3179/3179
f 3177/3177 3179/3179 3180/3180
f 3181/3181 3182/3182 3183/3183
f 3184/3184 3185/3185 3186/3186
f 3187/3187 3188/3188 3189/3189
f 3187/3187 3189/3189 3190/3190
f 3191/3191 3192/3192 3193/3193
f 3194/3194 3195/3195 3196/3196
f 3197/3197 3198/3198 3199/3199
f 3197/3197 3199/3199 3200/3200
f 3201/3201 3202/3202 3203/3203
f 3204/3204 3205/3205 3206/3206
f 3207/3207 3208/3208 3209/3209
f 3207/3207 3209/3209 3210/3210
f 3211/3211 3212/3212 3213/3213
f 3214/3214 3215/3215 3216/3216
f 3217/3217 3218/3218 3219/3219
f 3217/3217 3219/3219 3220/3220
f 3221/3221 3222/3222 3223/3223
f 3224/3224 3225/3225 3226/3226
f 3227/3227 3228/3228 3229/3229
f 3227/3227 3229/3229 3230/3230
f 3231/3231 3232/3232 3233/3233
f 3234/3234 3235/3235 3236/3236
f 3237/3237 3238/3238 3239/3239
f 3237/3237 3239/3239 3240/3240
f 3241/3241 3242/3242 3243/3243
f 3244/3244 3245/3245 3246/3246
f 3247/3247 3248/3248 3249/3249
f 3247/3247 3249/3249 3250/3250
f 3251/3251 3252/3252 3253/3253
f 3254/3254 3255/3255 3256/3256
f 3257/3257 3258/3258 3259/3259
f 3257/3257 3259/3259 3260/3260
f 3261/3261 3262/3262 3263/3263
f 3264/3264 3265/3265 3266/3266
f 3267/3267 3268/3268 3269/3269
f 3267/3267 3269/3269 3270/3270
f 3271/3271 3272/3272 3273/3273
f 3274/3274 3275/3275 3276/3276
f 3277/3277 3278/3278 3279/3279
f 3277/3277 3279/3279 3280/3280
f 3281/3281 3282/3282 3283/3283
f 3284/3284 3285/3285 3286/3286
f 3287/3287 3288/3288 3289/3289
f 3287/3287 3289/3289 3290/3290
f 3291/3291 3292/3292 3293/3293
f 3294/3294 3295/3295 3296/3296
f 3297/3297 3298/3298 3299/3299
f 3297/3297 3299/3299 3300/3300
f 3301/3301 3302/3302 3303/3303
f 3304/3304 3305/3305 3306/3306
f 3307/3307 3308/3308 3309/3309
f 3307/3307 3309/3309 3310/3310
f 3311/3311 3312/3312 3313/3313
f 3314/3314 3315/3315 3316/3316
f 3317/3317 3318/3318 3319/3319
f 3317/3317 3319/3319 3320/3320
f 3321/3321 3322/3322 3323/3323
f 3324/3324 3325/3325 3326/3326
f 3327/3327 3328/3328 3329/3329
f 3327/3327 3329/3329 3330/3330
f 3331/3331 3332/3332 3333/3333
f 3334/3334 3335/3335 3336/3336
f 3337/3337 3338/3338 3339/3339
f 3337/3337 3339/3339 3340/3340
f 3341/3341 3342/3342 3343/3343
f 3344/3344 3345/3345 3346/3346
f 3347/3347 3348/3348 3349/3349
f 3347/3347 3349/3349 3350/3350
f 3351/3351 3352/3352 3353/3353
f 3354/3354 3355/3355 3356/3356
f 3357/3357 3358/3358 3359/3359
f 3357/3357 3359/3359 3360/3360
f 3361/3361 3362/3362 3363/3363
f 3364/3364 3365/3365 3366/3366
f 3367/3367 3368/3368 3369/3369
f 3367/3367 3369/3369 3370/3370
f 3371/3371 3372/3372 3373/3373
f 3374/3374 3375/3375 3376/3376
f 3377/3377 3378/3378 3379/3379
f 3377/3377 3379/3379 3380/3380
f 3381/3381 3382/3382 3383/3383
f 3384/3384 3385/3385 3386/3386
f 3387/3387 3388/3388 3389/3389
f 3387/3387 3389/3389 3390/3390
f 3391/3391 3392/3392 3393/3393
f 3394/3394 3395/3395 3396/3396
f 3397/3397 3398/3398 3399/3399
f 3397/3397 3399/3399 3400/3400
f 3401/3401 3402/3402 3403/3403
f 3404/3404 3405/3405 3406/3406
f 3407/3407 3408/3408 3409/3409
f 3407/3407 3409/3409 3410/3410
f 3411/3411 3412/3412 3413/3413
f 3414/3414 3415/3415 3416/3416
f 3417/3417 3418/3418 3419/3419
f 3417/3417 3419/3419 3420/3420
f 3421/3421 3422/3422 3423/3423
f 3424/3424 3425/3425 3426/3426
f 3427/3427 3428/3428 3429/3429
f 3427/3427 3429/3429 3430/3430
f 3431/3431 3432/3432 3433/3433
f 3434/3434 3435/3435 3436/3436
f 3437/3437 3438/3438 3439/3439
f 3437/3437 3439/3439 3440/3440
f 3441/3441 3442/3442 3443/3443
f 3444/3444 3445/3445 3446/3446
f 3447/3447 3448/3448 3449/3449
f 3447/3447 3449/3449 3450/3450
f 3451/3451 3452/3452 3453/3453
f 3454/3454 3455/3455 3456/3456
f 3457/3457 3458/3458 3459/3459
f 3457/3457 3459/3459 3460/3460
f 3461/3461 3462/3462 3463/3463
f 3464/3464 3465/3465 3466/3466
f 3467/3467 3468/3468 3469/3469
f 3467/3467 3469/3469 3470/3470
f 3471/3471 3472/3472 3473/3473
f 3474/3474 3475/3475 3476/3476
f 3477/3477 3478/3478 3479/3479
f 3477/3477 3479/3479 3480/3480
f 3481/3481 3482/3482 3483/3483
f 3484/3484 3485/3485 3486/3486
f 3487/3487 3488/3488 3489/3489
f 3487/3487 3489/3489 3490/3490
f 3491/3491 3492/3492 3493/3493
f 3494/3494 3495/3495 3496/3496
f 3497/3497 3498/3498 3499/3499
f 3497/3497 3499/3499 3500/3500
f 3501/3501 3502/3502 3503/3503
f 3504/3504 3505/3505 3506/3506
f 3507/3507 3508/3508 3509/3509
f 3507/3507 3509/3509 3510/3510
f 3511/3511 3512/3512 3513/3513
f 3514/3514 3515/3515 3516/3516
f 3517/3517 3518/3518 3519/3519
f 3517/3517 3519/3519 3520/3520
f 3521/3521 3522/3522 3523/3523
f 3524/3524 3525/3525 3526/3526
f 3527/3527 3528/3528 3529/3529
f 3527/3527 3529/3529 3530/3530
f 3531/3531 3532/3532 3533/3533
f 3534/3534 3535/3535 3536/3536
f 3537/3537 3538/3538 3539/3539
f 3537/3537 3539/3539 3540/3540
f 3541/3541 3542/3542 3543/3543
f 3544/3544 3545/3545 3546/3546
f 3547/3547 3548/3548 3549/3549
f 3547/3547 3549/3549 3550/3550
f 3551/3551 3552/3552 3553/3553
f 3554/3554 3555/3555 3556/3556
f 3557/3557 3558/3558 3559/3559
f 3557/3557 3559/3559 3560/3560
f 3561/3561 3562/3562 3563/3563
f 3564/3564 3565/3565 3566/3566
f 3567/3567 3568/3568 3569/3569
f 3567/3567 3569/3569 3570/3570
f 3571/3571 3572/3572 3573/3573
f 3574/3574 3575/3575 3576/3576
f 3577/3577 3578/3578 3579/3579
f 3577/3577 3579/3579 3580/3580
f 3581/3581 3582/3582 3583/3583
f 3584/3584 3585/3585 3586/3586
f 3587/3587 3588/3588 3589/3589
f 3587/3587 3589/3589 3590/3590
f 3591/3591 3592/3592 3593/3593
f 3594/3594 3595/3595 3596/3596
f 3597/3597 3598/3598 3599/3599
f 3597/3597 3599/3599 3600/3600
f 3601/3601 3602/3602 3603/3603
f 3604/3604 3605/3605 3606/3606
f 3607/3607 3608/3608 3609/3609
f 3607/3607 3609/3609 3610/3610
f 3611/3611 3612/3612 3613/3613
f 3614/3614 3615/3615 3616/3616
f 3617/3617 3618/3618 3619/3619
f 3617/3617 3619/3619 3620/3620
f 3621/3621 3622/3622 3623/3623
f 3624/3624 3625/3625 3626/3626
f 3627/3627 3628/3628 3629/3629
f 3627/3627 3629/3629 3630/3630
f 3631/3631 3632/3632 3633/3633
f 3634/3634 3635/3635 3636/3636
f 3637/3637 3638/3638 3639/3639
f 3637/3637 3639/3639 3640/3640
f 3641/3641 3642/3642 3643/3643
f 3644/3644 3645/3645 3646/3646
f 3647/3647 3648/3648 3649/3649
f 3647/3647 3649/3649 3650/3650
f 3651/3651 3652/3652 3653/3653
f 3654/3654 3655/3655 3656/3656
f 3657/3657 3658/3658 3659/3659
f 3657/3657 3659/3659 3660/3660
f 3661/3661 3662/3662 3663/3663
f 3664/3664 3665/3665 3666/3666
f 3667/3667 3668/3668 3669/3669
f 3667/3667 3669/3669 3670/3670
f 3671/3671 3672/3672 3673/3673
f 3674/3674 3675/3675 3676/3676
f 3677/3677 3678/3678 3679/3679
f 3677/3677 3679/3679 3680/3680
f 3681/3681 3682/3682 3683/3683
f 3684/3684 3685/3685 3686/3686
f 3687/3687 3688/3688 3689/3689
f 3687/3687 3689/3689 3690/3690
f 3691/3691 3692/3692 3693/3693
f 3694/3694 3695/3695 3696/3696
usemtl masonry
f 289/289 290/290 291/291
f 289/289 291/291 292/292
f 293/293 294/294 295/295
f 293/293 295/295 296/296
f 297/297 298/298 299/299
f 297/297 299/299 300/300
f 301/301 302/302 303/303
f 301/301 303/303 304/304
f 305/305 306/306 307/307
f 305/305 307/307 308/308
f 309/309 310/310 311/311
f 309/309 311/311 312/312
f 385/385 386/386 387/387
f 385/385 387/387 388/388
f 389/389 390/390 391/391
f 389/389 391/391 392/392
f 393/393 394/394 395/395
f 393/393 395/395 396/396
f 397/397 398/398 399/399
f 397/397 399/399 400/400
f 401/401 402/402 403/403
f 401/401 403/403 404/404
f 405/405 406/406 407/407
f 405/405 407/407 408/408
f 409/409 410/410 411/411
f 409/409 411/411 412/412
f 413/413 414/414 415/415
f 413/413 415/415 416/416
f 417/417 418/418 419/419
f 417/417 419/419 420/420
f 421/421 422/422 423/423
f 421/421 423/423 424/424
f 425/425 426/426 427/427
f 425/425 427/427 428/428
f 429/429 430/430 431/431
f 429/429 431/431 432/432
f 433/433 434/434 435/435
f 433/433 435/435 436/436
f 437/437 438/438 439/439
f 437/437 439/439 440/440
f 441/441 442/442 443/443
f 441/441 443/443 444/444
f 445/445 446/446 447/447
f 445/445 447/447 448/448
f 449/449 450/450 451/451
f 449/449 451/451 452/452
f 453/453 454/454 455/455
f 453/453 455/455 456/456
f 529/529 530/530 531/531
f 529/529 531/531 532/532
f 533/533 534/534 535/535
f 533/533 535/535 536/536
f 537/537 538/538 539/539
f 537/537 539/539 540/540
f 541/541 542/542 543/543
f 541/541 543/543 544/544
f 545/545 546/546 547/547
f 545/545 547/547 548/548
f 549/549 550/550 551/551
f 549/549 551/551 552/552
f 649/649 650/650 651/651
f 649/649 651/651 652/652
f 653/653 654/654 655/655
f 653/653 655/655 656/656
f 657/657 658/658 659/659
f 657/657 659/659 660/660
f 661/661 662/662 663/663
f 661/661 663/663 664/664
f 665/665 666/666 667/667
f 665/665 667/667 668/668
f 669/669 670/670 671/671
f 669/669 671/671 672/672
f 673/673 674/674 675/675
f 673/673 675/675 676/676
f 677/677 678/678 679/679
f 677/677 679/679 680/680
f 681/681 682/682 683/683
f 681/681 683/683 684/684
f 685/685 686/686 687/687
f 685/685 687/687 688/688
f 689/689 690/690 691/691
f 689/689 691/691 692/692
f 693/693 694/694 695/695
f 693/693 695/695 696/696
f 721/721 722/722 723/723
f 721/721 723/723 724/724
f 725/725 726/726 727/727
f 725/725 727/727 728/728
f 729/729 730/730 731/731
f 729/729 731/731 732/732
f 733/733 734/734 735/735
f 733/733 735/735 736/736
f 737/737 738/738 739/739
f 737/737 739/739 740/740
f 741/741 742/742 743/743
f 741/741 743/743 744/744
f 769/769 770/770 771/771
f 769/769 771/771 772/772
f 773/773 774/774 775/775
f 773/773 775/775 776/776
f 777/777 778/778 779/779
f 777/777 779/779 780/780
f 781/781 782/782 783/783
f 781/781 783/783 784/784
f 785/785 786/786 787/787
f 785/785 787/787 788/788
f 789/789 790/790 791/791
f 789/789 791/791 792/792
f 817/817 818/818 819/819
f 817/817 819/819 820/820
f 821/821 822/822 823/823
f 821/821 823/823 824/824
f 825/825 826/826 827/827
f 825/825 827/827 828/828
f 829/829 830/830 831/831
f 829/829 831/831 832/832
f 833/833 834/834 835/835
f 833/833 835/835 836/836
f 837/837 838/838 839/839
f 837/837 839/839 840/840
f 889/889 890/890 891/891
f 889/889 891/891 892/892
f 893/893 894/894 895/895
f 893/893 895/895 896/896
f 897/897 898/898 899/899
f 897/897 899/899 900/900
f 901/901 902/902 903/903
f 901/901 903/903 904/904
f 905/905 906/906 907/907
f 905/905 907/907 908/908
f 909/909 910/910 911/911
f 909/909 911/911 912/912
f 937/937 938/938 939/939
f 937/937 939/939 940/940
f 941/941 942/942 943/943
f 941/941 943/943 944/944
f 945/945 946/946 947/947
f 945/945 947/947 948/948
f 949/949 950/950 951/951
f 949/949 951/951 952/952
f 953/953 954/954 955/955
f 953/953 955/955 956/956
f 957/957 958/958 959/959
f 957/957 959/959 960/960
f 1081/1081 1082/1082 1083/1083
f 1081/1081 1083/1083 1084/1084
f 1085/1085 1086/1086 1087/1087
f 1085/1085 1087/1087 1088/1088
f 1089/1089 1090/1090 1091/1091
f 1089/1089 1091/1091 1092/1092
f 1093/1093 1094/1094 1095/1095
f 1093/1093 1095/1095 1096/1096
f 1097/1097 1098/1098 1099/1099
f 1097/1097 1099/1099 1100/1100
f 1101/1101 1102/1102 1103/1103
f 1101/1101 1103/1103 1104/1104
f 1153/1153 1154/1154 1155/1155
f 1153/1153 1155/1155 1156/1156
f 1157/1157 1158/1158 1159/1159
f 1157/1157 1159/1159 1160/1160
f 1161/1161 1162/1162 1163/1163
f 1161/1161 1163/1163 1164/1164
f 1165/1165 1166/1166 1167/1167
f 1165/1165 1167/1167 1168/1168
f 1169/1169 1170/1170 1171/1171
f 1169/1169 1171/1171 1172/1172
f 1173/1173 1174/1174 1175/1175
f 1173/1173 1175/1175 1176/1176
f 1177/1177 1178/1178 1179/1179
f 1177/1177 1179/1179 1180/1180
f 1181/1181 1182/1182 1183/1183
f 1181/1181 1183/1183 1184/1184
f 1185/1185 1186/1186 1187/1187
f 1185/1185 1187/1187 1188/1188
f 1189/1189 1190/1190 1191/1191
f 1189/1189 1191/1191 1192/1192
f 1193/1193 1194/1194 1195/1195
f 1193/1193 1195/1195 1196/1196
f 1197/1197 1198/1198 1199/1199
f 1197/1197 1199/1199 1200/1200
f 1249/1249 1250/1250 1251/1251
f 1249/1249 1251/1251 1252/1252
f 1253/1253 1254/1254 1255/1255
f 1253/1253 1255/1255 1256/1256
f 1257/1257 1258/1258 1259/1259
f 1257/1257 1259/1259 1260/1260
f 1261/1261 1262/1262 1263/1263
f 1261/1261 1263/1263 1264/1264
f 1265/1265 1266/1266 1267/1267
f 1265/1265 1267/1267 1268/1268
f 1269/1269 1270/1270 1271/1271
f 1269/1269 1271/1271 1272/1272
f 1321/1321 1322/1322 1323/1323
f 1321/1321 1323/1323 1324/1324
f 1325/1325 1326/1326 1327/1327
f 1325/1325 1327/1327 1328/1328
f 1329/1329 1330/1330 1331/1331
f 1329/1329 1331/1331 1332/1332
f 1333/1333 1334/1334 1335/1335
f 1333/1333 1335/1335 1336/1336
f 1337/1337 1338/1338 1339/1339
f 1337/1337 1339/1339 1340/1340
f 1341/1341 1342/1342 1343/1343
f 1341/1341 1343/1343 1344/1344
f 1345/1345 1346/1346 1347/1347
f 1345/1345 1347/1347 1348/1348
f 1349/1349 1350/1350 1351/1351
f 1349/1349 1351/1351 1352/1352
f 1353/1353 1354/1354 1355/1355
f 1353/1353 1355/1355 1356/1356
f 1357/1357 1358/1358 1359/1359
f 1357/1357 1359/1359 1360/1360
f 1361/1361 1362/1362 1363/1363
f 1361/1361 1363/1363 1364/1364
f 1365/1365 1366/1366 1367/1367
f 1365/1365 1367/1367 1368/1368
f 1393/1393 1394/1394 1395/1395
f 1393/1393 1395/1395 1396/1396
f 1397/1397 1398/1398 1399/1399
f 1397/1397 1399/1399 1400/1400
f 1401/1401 1402/1402 1403/1403
f 1401/1401 1403/1403 1404/1404
f 1405/1405 1406/1406 1407/1407
f 1405/1405 1407/1407 1408/1408
f 1409/1409 1410/1410 1411/1411
f 1409/1409 1411/1411 1412/1412
f 1413/1413 1414/1414 1415/1415
f 1413/1413 1415/1415 1416/1416
f 1441/1441 1442/1442 1443/1443
f 1441/1441 1443/1443 1444/1444
f 1445/1445 1446/1446 1447/1447
f 1445/1445 1447/1447 1448/1448
f 1449/1449 1450/1450 1451/1451
f 1449/1449 1451/1451 1452/1452
f 1453/1453 1454/1454 1455/1455
f 1453/1453 1455/1455 1456/1456
f 1457/1457 1458/1458 1459/1459
f 1457/1457 1459/1459 1460/1460
f 1461/1461 1462/1462 1463/1463
f 1461/1461 1463/1463 1464/1464
