# P_med_2 (Sightline generated, CENTIMETRES, +Z up)
v 307.15 165.76 50.04
v 328.93 162.65 59.85
v 326.93 206.10 58.93
v 301.46 206.96 47.33
v 301.46 206.96 47.33
v 326.93 206.10 58.93
v 323.84 249.57 60.36
v 296.10 248.15 43.95
v 328.93 162.65 59.85
v 350.34 159.55 70.45
v 350.49 205.28 74.60
v 326.93 206.10 58.93
v 326.93 206.10 58.93
v 350.49 205.28 74.60
v 351.64 250.98 76.64
v 323.84 249.57 60.36
v 335.31 160.39 14.64
v 332.84 208.03 9.41
v 353.84 213.52 22.41
v 355.82 168.04 27.20
v 355.82 168.04 27.20
v 353.84 213.52 22.41
v 375.90 218.82 33.57
v 377.62 175.46 37.55
v 332.84 208.03 9.41
v 331.41 255.49 2.38
v 351.04 259.15 19.01
v 353.84 213.52 22.41
v 353.84 213.52 22.41
v 351.04 259.15 19.01
v 374.43 262.13 29.13
v 375.90 218.82 33.57
v 307.15 165.76 50.04
v 300.61 206.76 46.22
v 318.40 207.62 28.45
v 320.85 163.00 32.05
v 320.85 163.00 32.05
v 318.40 207.62 28.45
v 330.16 207.33 6.06
v 335.31 160.39 14.64
v 300.61 206.76 46.22
v 296.10 248.15 43.95
v 315.97 252.24 24.87
v 318.40 207.62 28.45
v 318.40 207.62 28.45
v 315.97 252.24 24.87
v 331.41 255.49 2.38
v 330.16 207.33 6.06
v 350.34 159.55 70.45
v 365.62 167.39 55.30
v 360.73 212.22 51.23
v 351.18 205.25 73.70
v 351.18 205.25 73.70
v 360.73 212.22 51.23
v 361.07 256.69 51.32
v 351.64 250.98 76.64
v 365.62 167.39 55.30
v 377.62 175.46 37.55
v 377.17 218.72 34.24
v 360.73 212.22 51.23
v 360.73 212.22 51.23
v 377.17 218.72 34.24
v 374.43 262.13 29.13
v 361.07 256.69 51.32
v 307.15 165.76 50.04
v 320.88 160.85 32.40
v 342.71 165.99 43.15
v 329.37 166.68 60.13
v 329.37 166.68 60.13
v 342.71 165.99 43.15
v 364.02 167.79 53.99
v 350.34 159.55 70.45
v 320.88 160.85 32.40
v 335.31 160.39 14.64
v 356.33 167.03 26.12
v 342.71 165.99 43.15
v 342.71 165.99 43.15
v 356.33 167.03 26.12
v 377.62 175.46 37.55
v 364.02 167.79 53.99
v 296.10 248.15 43.95
v 323.97 248.55 60.21
v 337.98 258.23 38.39
v 313.95 249.90 23.00
v 313.95 249.90 23.00
v 337.98 258.23 38.39
v 353.04 257.71 15.66
v 331.41 255.49 2.38
v 323.97 248.55 60.21
v 351.64 250.98 76.64
v 362.62 260.60 53.24
v 337.98 258.23 38.39
v 337.98 258.23 38.39
v 362.62 260.60 53.24
v 374.43 262.13 29.13
v 353.04 257.71 15.66
v 136.51 140.11 0.56
v 150.79 134.90 -11.97
v 154.56 156.49 -16.32
v 141.44 161.40 -2.77
v 141.44 161.40 -2.77
v 154.56 156.49 -16.32
v 159.14 178.10 -19.63
v 145.51 182.67 -7.21
v 150.79 134.90 -11.97
v 166.45 129.73 -22.72
v 167.95 151.59 -29.51
v 154.56 156.49 -16.32
v 154.56 156.49 -16.32
v 167.95 151.59 -29.51
v 172.55 173.52 -32.34
v 159.14 178.10 -19.63
v 125.08 142.29 -26.66
v 121.18 158.51 -32.38
v 133.17 156.31 -42.44
v 136.39 137.60 -36.79
v 136.39 137.60 -36.79
v 133.17 156.31 -42.44
v 146.53 154.54 -51.47
v 145.00 132.06 -48.93
v 121.18 158.51 -32.38
v 120.99 175.90 -35.32
v 131.18 175.40 -47.17
v 133.17 156.31 -42.44
v 133.17 156.31 -42.44
v 131.18 175.40 -47.17
v 145.27 176.14 -56.09
v 146.53 154.54 -51.47
v 136.51 140.11 0.56
v 142.61 160.92 -4.03
v 132.21 160.19 -17.24
v 132.28 140.76 -13.71
v 132.28 140.76 -13.71
v 132.21 160.19 -17.24
v 121.47 159.55 -30.30
v 125.08 142.29 -26.66
v 142.61 160.92 -4.03
v 145.51 182.67 -7.21
v 134.70 178.86 -21.91
v 132.21 160.19 -17.24
v 132.21 160.19 -17.24
v 134.70 178.86 -21.91
v 120.99 175.90 -35.32
v 121.47 159.55 -30.30
v 166.45 129.73 -22.72
v 157.24 130.40 -37.10
v 155.45 153.47 -38.44
v 169.80 151.53 -27.79
v 169.80 151.53 -27.79
v 155.45 153.47 -38.44
v 159.67 174.58 -44.86
v 172.55 173.52 -32.34
v 157.24 130.40 -37.10
v 145.00 132.06 -48.93
v 143.93 154.49 -51.49
v 155.45 153.47 -38.44
v 155.45 153.47 -38.44
v 143.93 154.49 -51.49
v 145.27 176.14 -56.09
v 159.67 174.58 -44.86
v 136.51 140.11 0.56
v 131.21 142.54 -13.12
v 143.18 135.80 -24.43
v 152.12 136.99 -11.18
v 152.12 136.99 -11.18
v 143.18 135.80 -24.43
v 155.40 129.83 -35.77
v 166.45 129.73 -22.72
v 131.21 142.54 -13.12
v 125.08 142.29 -26.66
v 134.30 134.77 -37.68
v 143.18 135.80 -24.43
v 143.18 135.80 -24.43
v 134.30 134.77 -37.68
v 145.00 132.06 -48.93
v 155.40 129.83 -35.77
v 145.51 182.67 -7.21
v 159.05 178.37 -19.86
v 145.93 174.70 -32.04
v 133.30 180.04 -21.49
v 133.30 180.04 -21.49
v 145.93 174.70 -32.04
v 133.19 176.96 -45.99
v 120.99 175.90 -35.32
v 159.05 178.37 -19.86
v 172.55 173.52 -32.34
v 158.87 174.19 -44.03
v 145.93 174.70 -32.04
v 145.93 174.70 -32.04
v 158.87 174.19 -44.03
v 145.27 176.14 -56.09
v 133.19 176.96 -45.99
v 305.87 21.79 128.97
v 298.77 17.44 104.31
v 281.08 13.06 114.20
v 288.60 16.13 139.86
v 288.60 16.13 139.86
v 281.08 13.06 114.20
v 263.34 8.79 124.08
v 271.19 10.86 150.72
v 298.77 17.44 104.31
v 291.87 12.54 79.69
v 274.74 6.75 88.80
v 281.08 13.06 114.20
v 281.08 13.06 114.20
v 274.74 6.75 88.80
v 256.38 4.32 97.63
v 263.34 8.79 124.08
v 314.53 -0.53 132.83
v 300.55 -11.60 136.68
v 292.36 -18.20 112.53
v 303.71 -6.65 106.25
v 303.71 -6.65 106.25
v 292.36 -18.20 112.53
v 281.31 -20.68 88.37
v 294.39 -14.92 79.67
v 300.55 -11.60 136.68
v 285.33 -20.90 140.51
v 277.46 -24.65 118.79
v 292.36 -18.20 112.53
v 292.36 -18.20 112.53
v 277.46 -24.65 118.79
v 269.08 -27.67 97.07
v 281.31 -20.68 88.37
v 305.87 21.79 128.97
v 288.85 16.56 140.48
v 293.90 2.57 137.62
v 310.37 10.76 131.24
v 310.37 10.76 131.24
v 293.90 2.57 137.62
v 299.65 -10.92 136.12
v 314.53 -0.53 132.83
v 288.85 16.56 140.48
v 271.19 10.86 150.72
v 278.00 -5.21 145.11
v 293.90 2.57 137.62
v 293.90 2.57 137.62
v 278.00 -5.21 145.11
v 285.33 -20.90 140.51
v 299.65 -10.92 136.12
v 291.87 12.54 79.69
v 293.71 -1.14 80.85
v 277.05 -6.51 86.75
v 273.58 8.38 87.57
v 273.58 8.38 87.57
v 277.05 -6.51 86.75
v 263.17 -11.63 98.24
v 256.38 4.32 97.63
v 293.71 -1.14 80.85
v 294.39 -14.92 79.67
v 282.88 -21.19 90.69
v 277.05 -6.51 86.75
v 277.05 -6.51 86.75
v 282.88 -21.19 90.69
v 269.08 -27.67 97.07
v 263.17 -11.63 98.24
v 305.87 21.79 128.97
v 310.45 10.72 130.81
v 300.55 4.36 105.68
v 300.47 17.69 103.78
v 300.47 17.69 103.78
v 300.55 4.36 105.68
v 293.55 -1.05 79.54
v 291.87 12.54 79.69
v 310.45 10.72 130.81
v 314.53 -0.53 132.83
v 303.82 -7.94 106.47
v 300.55 4.36 105.68
v 300.55 4.36 105.68
v 303.82 -7.94 106.47
v 294.39 -14.92 79.67
v 293.55 -1.05 79.54
v 271.19 10.86 150.72
v 263.45 7.41 124.29
v 272.77 -7.08 120.69
v 278.11 -5.10 145.67
v 278.11 -5.10 145.67
v 272.77 -7.08 120.69
v 276.77 -24.52 118.94
v 285.33 -20.90 140.51
v 263.45 7.41 124.29
v 256.38 4.32 97.63
v 264.41 -10.74 96.77
v 272.77 -7.08 120.69
v 272.77 -7.08 120.69
v 264.41 -10.74 96.77
v 269.08 -27.67 97.07
v 276.77 -24.52 118.94
v -173.37 250.45 -77.65
v -193.17 279.66 -96.99
v -192.80 298.58 -77.51
v -175.12 268.66 -55.79
v -175.12 268.66 -55.79
v -192.80 298.58 -77.51
v -188.74 319.08 -59.46
v -173.29 288.39 -35.32
v -193.17 279.66 -96.99
v -213.24 308.76 -116.24
v -210.48 328.51 -99.23
v -192.80 298.58 -77.51
v -192.80 298.58 -77.51
v -210.48 328.51 -99.23
v -204.26 349.75 -83.56
v -188.74 319.08 -59.46
v -214.05 242.06 -45.86
v -211.73 262.63 -31.96
v -230.13 291.77 -55.44
v -232.85 268.68 -72.53
v -232.85 268.68 -72.53
v -230.13 291.77 -55.44
v -248.12 320.96 -79.17
v -252.34 295.22 -98.76
v -211.73 262.63 -31.96
v -203.54 283.82 -21.68
v -222.94 315.34 -41.11
v -230.13 291.77 -55.44
v -230.13 291.77 -55.44
v -222.94 315.34 -41.11
v -246.17 346.46 -58.18
v -248.12 320.96 -79.17
v -173.37 250.45 -77.65
v -174.68 270.92 -57.82
v -192.26 267.50 -46.31
v -194.41 247.03 -62.45
v -194.41 247.03 -62.45
v -192.26 267.50 -46.31
v -208.42 262.53 -33.41
v -214.05 242.06 -45.86
v -174.68 270.92 -57.82
v -173.29 288.39 -35.32
v -187.58 285.18 -27.67
v -192.26 267.50 -46.31
v -192.26 267.50 -46.31
v -187.58 285.18 -27.67
v -203.54 283.82 -21.68
v -208.42 262.53 -33.41
v -213.24 308.76 -116.24
v -231.40 300.26 -105.72
v -227.93 323.72 -87.81
v -209.45 330.11 -100.79
v -209.45 330.11 -100.79
v -227.93 323.72 -87.81
v -223.52 346.01 -68.70
v -204.26 349.75 -83.56
v -231.40 300.26 -105.72
v -252.34 295.22 -98.76
v -249.90 321.64 -79.29
v -227.93 323.72 -87.81
v -227.93 323.72 -87.81
v -249.90 321.64 -79.29
v -246.17 346.46 -58.18
v -223.52 346.01 -68.70
v -173.37 250.45 -77.65
v -192.88 247.80 -60.28
v -213.05 274.50 -84.27
v -194.18 277.99 -98.49
v -194.18 277.99 -98.49
v -213.05 274.50 -84.27
v -234.05 299.66 -109.72
v -213.24 308.76 -116.24
v -192.88 247.80 -60.28
v -214.05 242.06 -45.86
v -233.57 267.96 -72.97
v -213.05 274.50 -84.27
v -213.05 274.50 -84.27
v -233.57 267.96 -72.97
v -252.34 295.22 -98.76
v -234.05 299.66 -109.72
v -173.29 288.39 -35.32
v -188.13 321.04 -57.35
v -206.63 317.67 -49.08
v -188.08 287.12 -27.42
v -188.08 287.12 -27.42
v -206.63 317.67 -49.08
v -225.09 314.41 -40.71
v -203.54 283.82 -21.68
v -188.13 321.04 -57.35
v -204.26 349.75 -83.56
v -225.32 347.79 -71.20
v -206.63 317.67 -49.08
v -206.63 317.67 -49.08
v -225.32 347.79 -71.20
v -246.17 346.46 -58.18
v -225.09 314.41 -40.71
v 176.05 369.42 -38.75
v 171.75 366.46 -22.88
v 169.21 351.14 -25.15
v 175.29 354.30 -39.14
v 175.29 354.30 -39.14
v 169.21 351.14 -25.15
v 165.55 335.97 -27.72
v 172.07 339.54 -40.18
v 171.75 366.46 -22.88
v 166.95 363.58 -7.14
v 162.70 348.03 -11.27
v 169.21 351.14 -25.15
v 169.21 351.14 -25.15
v 162.70 348.03 -11.27
v 159.65 332.32 -15.09
v 165.55 335.97 -27.72
v 163.67 369.01 -39.96
v 161.24 353.51 -43.37
v 154.47 353.22 -30.54
v 157.37 367.88 -27.68
v 157.37 367.88 -27.68
v 154.47 353.22 -30.54
v 149.59 352.40 -16.91
v 152.30 366.42 -14.89
v 161.24 353.51 -43.37
v 158.15 338.19 -47.07
v 151.72 338.51 -33.34
v 154.47 353.22 -30.54
v 154.47 353.22 -30.54
v 151.72 338.51 -33.34
v 147.58 338.19 -18.63
v 149.59 352.40 -16.91
v 176.05 369.42 -38.75
v 174.02 354.47 -39.08
v 167.59 354.08 -42.56
v 169.83 369.20 -39.05
v 169.83 369.20 -39.05
v 167.59 354.08 -42.56
v 160.88 353.59 -43.25
v 163.67 369.01 -39.96
v 174.02 354.47 -39.08
v 172.07 339.54 -40.18
v 165.08 338.86 -43.36
v 167.59 354.08 -42.56
v 167.59 354.08 -42.56
v 165.08 338.86 -43.36
v 158.15 338.19 -47.07
v 160.88 353.59 -43.25
v 166.95 363.58 -7.14
v 159.65 365.00 -11.05
v 156.74 350.15 -14.15
v 163.16 347.91 -10.86
v 163.16 347.91 -10.86
v 156.74 350.15 -14.15
v 153.54 335.24 -16.73
v 159.65 332.32 -15.09
v 159.65 365.00 -11.05
v 152.30 366.42 -14.89
v 150.20 352.36 -17.22
v 156.74 350.15 -14.15
v 156.74 350.15 -14.15
v 150.20 352.36 -17.22
v 147.58 338.19 -18.63
v 153.54 335.24 -16.73
v 176.05 369.42 -38.75
v 169.87 368.93 -39.40
v 164.73 367.40 -25.13
v 171.46 367.32 -22.80
v 171.46 367.32 -22.80
v 164.73 367.40 -25.13
v 159.66 364.28 -11.13
v 166.95 363.58 -7.14
v 169.87 368.93 -39.40
v 163.67 369.01 -39.96
v 158.00 367.29 -27.49
v 164.73 367.40 -25.13
v 164.73 367.40 -25.13
v 158.00 367.29 -27.49
v 152.30 366.42 -14.89
v 159.66 364.28 -11.13
v 172.07 339.54 -40.18
v 165.69 336.80 -27.47
v 159.25 337.67 -30.13
v 165.15 338.65 -43.67
v 165.15 338.65 -43.67
v 159.25 337.67 -30.13
v 152.90 338.03 -32.88
v 158.15 338.19 -47.07
v 165.69 336.80 -27.47
v 159.65 332.32 -15.09
v 153.54 335.65 -16.78
v 159.25 337.67 -30.13
v 159.25 337.67 -30.13
v 153.54 335.65 -16.78
v 147.58 338.19 -18.63
v 152.90 338.03 -32.88
v 56.22 90.10 116.05
v 65.23 82.83 105.82
v 80.76 87.03 114.31
v 69.89 92.73 124.39
v 69.89 92.73 124.39
v 80.76 87.03 114.31
v 96.20 90.44 123.45
v 83.93 98.61 130.03
v 65.23 82.83 105.82
v 73.94 72.95 97.74
v 91.25 78.02 106.97
v 80.76 87.03 114.31
v 80.76 87.03 114.31
v 91.25 78.02 106.97
v 108.48 82.39 116.78
v 96.20 90.44 123.45
v 66.14 101.32 101.35
v 75.24 110.55 107.89
v 84.98 103.27 99.42
v 75.56 97.41 91.85
v 75.56 97.41 91.85
v 84.98 103.27 99.42
v 95.26 94.20 92.50
v 85.43 92.00 83.64
v 75.24 110.55 107.89
v 84.61 118.91 115.18
v 95.03 107.07 108.77
v 84.98 103.27 99.42
v 84.98 103.27 99.42
v 95.03 107.07 108.77
v 105.77 94.20 103.25
v 95.26 94.20 92.50
v 56.22 90.10 116.05
v 69.59 95.29 123.42
v 72.68 102.33 115.69
v 61.63 94.85 108.34
v 61.63 94.85 108.34
v 72.68 102.33 115.69
v 75.21 110.43 108.39
v 66.14 101.32 101.35
v 69.59 95.29 123.42
v 83.93 98.61 130.03
v 83.81 109.65 122.97
v 72.68 102.33 115.69
v 72.68 102.33 115.69
v 83.81 109.65 122.97
v 84.61 118.91 115.18
v 75.21 110.43 108.39
v 73.94 72.95 97.74
v 79.57 82.65 90.82
v 93.13 85.78 100.66
v 90.35 78.90 108.21
v 90.35 78.90 108.21
v 93.13 85.78 100.66
v 106.72 88.88 110.47
v 108.48 82.39 116.78
v 79.57 82.65 90.82
v 85.43 92.00 83.64
v 95.53 93.20 93.52
v 93.13 85.78 100.66
v 93.13 85.78 100.66
v 95.53 93.20 93.52
v 105.77 94.20 103.25
v 106.72 88.88 110.47
v 56.22 90.10 116.05
v 61.38 95.74 108.85
v 70.57 89.12 99.80
v 65.00 81.52 106.83
v 65.00 81.52 106.83
v 70.57 89.12 99.80
v 79.61 82.46 90.63
v 73.94 72.95 97.74
v 61.38 95.74 108.85
v 66.14 101.32 101.35
v 76.76 96.83 93.28
v 70.57 89.12 99.80
v 70.57 89.12 99.80
v 76.76 96.83 93.28
v 85.43 92.00 83.64
v 79.61 82.46 90.63
v 83.93 98.61 130.03
v 96.79 90.91 123.99
v 97.08 99.49 117.69
v 83.09 107.94 121.43
v 83.09 107.94 121.43
v 97.08 99.49 117.69
v 93.76 105.56 107.78
v 84.61 118.91 115.18
v 96.79 90.91 123.99
v 108.48 82.39 116.78
v 106.89 88.13 109.78
v 97.08 99.49 117.69
v 97.08 99.49 117.69
v 106.89 88.13 109.78
v 105.77 94.20 103.25
v 93.76 105.56 107.78
v -231.08 362.52 25.23
v -247.99 358.31 52.25
v -236.82 313.94 41.44
v -226.92 317.35 12.32
v -226.92 317.35 12.32
v -236.82 313.94 41.44
v -233.68 270.10 26.45
v -223.47 272.22 -0.96
v -247.99 358.31 52.25
v -260.88 353.83 81.36
v -251.11 310.82 68.28
v -236.82 313.94 41.44
v -236.82 313.94 41.44
v -251.11 310.82 68.28
v -241.26 267.81 55.23
v -233.68 270.10 26.45
v -281.07 372.42 1.61
v -272.82 323.30 -10.69
v -286.82 315.19 14.52
v -291.55 364.12 26.90
v -291.55 364.12 26.90
v -286.82 315.19 14.52
v -298.39 307.16 40.93
v -304.51 355.71 50.99
v -272.82 323.30 -10.69
v -265.20 274.16 -23.30
v -279.65 266.35 3.33
v -286.82 315.19 14.52
v -286.82 315.19 14.52
v -279.65 266.35 3.33
v -292.27 258.61 30.86
v -298.39 307.16 40.93
v -231.08 362.52 25.23
v -226.17 318.06 10.08
v -250.13 320.38 0.51
v -255.28 367.97 11.95
v -255.28 367.97 11.95
v -250.13 320.38 0.51
v -274.57 322.40 -8.19
v -281.07 372.42 1.61
v -226.17 318.06 10.08
v -223.47 272.22 -0.96
v -243.98 273.41 -12.78
v -250.13 320.38 0.51
v -250.13 320.38 0.51
v -243.98 273.41 -12.78
v -265.20 274.16 -23.30
v -274.57 322.40 -8.19
v -260.88 353.83 81.36
v -280.53 356.18 63.15
v -275.08 308.76 55.10
v -251.41 310.60 68.77
v -251.41 310.60 68.77
v -275.08 308.76 55.10
v -266.35 263.48 42.47
v -241.26 267.81 55.23
v -280.53 356.18 63.15
v -304.51 355.71 50.99
v -300.68 305.66 44.13
v -275.08 308.76 55.10
v -275.08 308.76 55.10
v -300.68 305.66 44.13
v -292.27 258.61 30.86
v -266.35 263.48 42.47
v -231.08 362.52 25.23
v -256.00 368.24 13.58
v -269.17 363.24 40.24
v -246.00 358.00 53.26
v -246.00 358.00 53.26
v -269.17 363.24 40.24
v -283.11 350.66 65.32
v -260.88 353.83 81.36
v -256.00 368.24 13.58
v -281.07 372.42 1.61
v -293.09 361.09 25.68
v -269.17 363.24 40.24
v -269.17 363.24 40.24
v -293.09 361.09 25.68
v -304.51 355.71 50.99
v -283.11 350.66 65.32
v -223.47 272.22 -0.96
v -232.36 270.38 27.17
v -255.53 272.41 15.79
v -244.33 274.69 -12.01
v -244.33 274.69 -12.01
v -255.53 272.41 15.79
v -278.73 266.72 3.81
v -265.20 274.16 -23.30
v -232.36 270.38 27.17
v -241.26 267.81 55.23
v -266.77 261.96 42.95
v -255.53 272.41 15.79
v -255.53 272.41 15.79
v -266.77 261.96 42.95
v -292.27 258.61 30.86
v -278.73 266.72 3.81
v 73.85 210.82 125.49
v 61.44 197.70 135.96
v 48.34 203.87 131.80
v 60.30 210.03 119.39
v 60.30 210.03 119.39
v 48.34 203.87 131.80
v 35.98 205.76 124.58
v 46.13 212.85 115.87
v 61.44 197.70 135.96
v 48.25 189.06 149.63
v 37.30 192.38 140.39
v 48.34 203.87 131.80
v 48.34 203.87 131.80
v 37.30 192.38 140.39
v 25.94 198.07 132.85
v 35.98 205.76 124.58
v 68.08 235.28 148.90
v 52.96 237.84 144.71
v 41.65 225.75 151.12
v 53.22 224.99 158.97
v 53.22 224.99 158.97
v 41.65 225.75 151.12
v 30.00 214.90 158.55
v 39.00 212.36 167.09
v 52.96 237.84 144.71
v 38.82 236.80 137.55
v 29.95 226.98 143.65
v 41.65 225.75 151.12
v 41.65 225.75 151.12
v 29.95 226.98 143.65
v 21.14 216.95 149.59
v 30.00 214.90 158.55
v 73.85 210.82 125.49
v 59.60 210.86 121.61
v 56.60 223.65 132.22
v 70.95 223.02 137.22
v 70.95 223.02 137.22
v 56.60 223.65 132.22
v 53.77 236.85 142.46
v 68.08 235.28 148.90
v 59.60 210.86 121.61
v 46.13 212.85 115.87
v 42.14 224.00 127.49
v 56.60 223.65 132.22
v 56.60 223.65 132.22
v 42.14 224.00 127.49
v 38.82 236.80 137.55
v 53.77 236.85 142.46
v 48.25 189.06 149.63
v 41.91 199.00 159.73
v 34.10 204.62 149.38
v 36.95 193.42 141.36
v 36.95 193.42 141.36
v 34.10 204.62 149.38
v 23.80 207.77 141.01
v 25.94 198.07 132.85
v 41.91 199.00 159.73
v 39.00 212.36 167.09
v 29.32 213.91 158.93
v 34.10 204.62 149.38
v 34.10 204.62 149.38
v 29.32 213.91 158.93
v 21.14 216.95 149.59
v 23.80 207.77 141.01
v 73.85 210.82 125.49
v 70.69 223.16 137.01
v 57.16 211.93 147.69
v 62.64 199.27 138.65
v 62.64 199.27 138.65
v 57.16 211.93 147.69
v 43.44 200.79 158.23
v 48.25 189.06 149.63
v 70.69 223.16 137.01
v 68.08 235.28 148.90
v 53.74 223.73 158.13
v 57.16 211.93 147.69
v 57.16 211.93 147.69
v 53.74 223.73 158.13
v 39.00 212.36 167.09
v 43.44 200.79 158.23
v 46.13 212.85 115.87
v 37.75 204.72 125.76
v 32.40 216.43 133.47
v 40.59 225.64 125.18
v 40.59 225.64 125.18
v 32.40 216.43 133.47
v 30.02 226.86 143.59
v 38.82 236.80 137.55
v 37.75 204.72 125.76
v 25.94 198.07 132.85
v 23.38 207.58 141.09
v 32.40 216.43 133.47
v 32.40 216.43 133.47
v 23.38 207.58 141.09
v 21.14 216.95 149.59
v 30.02 226.86 143.59
v 186.78 -166.39 -15.71
v 177.87 -176.61 -39.03
v 222.31 -195.27 -46.16
v 234.77 -183.27 -22.11
v 234.77 -183.27 -22.11
v 222.31 -195.27 -46.16
v 266.03 -215.94 -52.27
v 280.92 -205.31 -25.91
v 177.87 -176.61 -39.03
v 169.80 -184.52 -63.53
v 210.94 -204.23 -71.75
v 222.31 -195.27 -46.16
v 222.31 -195.27 -46.16
v 210.94 -204.23 -71.75
v 252.27 -223.45 -80.22
v 266.03 -215.94 -52.27
v 201.88 -127.31 -29.72
v 239.92 -146.79 -42.21
v 230.03 -160.80 -68.05
v 190.74 -139.84 -58.01
v 190.74 -139.84 -58.01
v 230.03 -160.80 -68.05
v 221.04 -172.25 -95.47
v 179.16 -153.60 -85.53
v 239.92 -146.79 -42.21
v 277.09 -168.72 -53.19
v 270.03 -179.75 -79.34
v 230.03 -160.80 -68.05
v 230.03 -160.80 -68.05
v 270.03 -179.75 -79.34
v 262.16 -193.05 -104.10
v 221.04 -172.25 -95.47
v 186.78 -166.39 -15.71
v 233.65 -186.09 -21.68
v 236.47 -167.18 -32.01
v 194.65 -146.45 -21.24
v 194.65 -146.45 -21.24
v 236.47 -167.18 -32.01
v 239.64 -147.83 -40.76
v 201.88 -127.31 -29.72
v 233.65 -186.09 -21.68
v 280.92 -205.31 -25.91
v 279.24 -186.72 -38.47
v 236.47 -167.18 -32.01
v 236.47 -167.18 -32.01
v 279.24 -186.72 -38.47
v 277.09 -168.72 -53.19
v 239.64 -147.83 -40.76
v 169.80 -184.52 -63.53
v 173.72 -169.97 -76.13
v 216.43 -187.94 -82.09
v 211.89 -202.94 -70.04
v 211.89 -202.94 -70.04
v 216.43 -187.94 -82.09
v 256.37 -209.27 -93.95
v 252.27 -223.45 -80.22
v 173.72 -169.97 -76.13
v 179.16 -153.60 -85.53
v 221.01 -172.90 -94.08
v 216.43 -187.94 -82.09
v 216.43 -187.94 -82.09
v 221.01 -172.90 -94.08
v 262.16 -193.05 -104.10
v 256.37 -209.27 -93.95
v 186.78 -166.39 -15.71
v 196.86 -148.00 -23.18
v 182.74 -157.20 -48.31
v 178.75 -175.66 -39.70
v 178.75 -175.66 -39.70
v 182.74 -157.20 -48.31
v 175.97 -169.73 -74.80
v 169.80 -184.52 -63.53
v 196.86 -148.00 -23.18
v 201.88 -127.31 -29.72
v 193.25 -141.69 -58.13
v 182.74 -157.20 -48.31
v 182.74 -157.20 -48.31
v 193.25 -141.69 -58.13
v 179.16 -153.60 -85.53
v 175.97 -169.73 -74.80
v 280.92 -205.31 -25.91
v 264.40 -213.87 -52.07
v 269.16 -197.88 -66.33
v 281.11 -187.50 -40.49
v 281.11 -187.50 -40.49
v 269.16 -197.88 -66.33
v 268.36 -180.59 -78.07
v 277.09 -168.72 -53.19
v 264.40 -213.87 -52.07
v 252.27 -223.45 -80.22
v 259.15 -208.70 -93.03
v 269.16 -197.88 -66.33
v 269.16 -197.88 -66.33
v 259.15 -208.70 -93.03
v 262.16 -193.05 -104.10
v 268.36 -180.59 -78.07
v -81.61 -121.30 -12.78
v -61.66 -128.58 6.81
v -38.99 -108.70 -8.89
v -58.91 -100.11 -29.29
v -58.91 -100.11 -29.29
v -38.99 -108.70 -8.89
v -16.36 -88.64 -24.47
v -35.52 -81.47 -47.79
v -61.66 -128.58 6.81
v -40.88 -138.95 23.99
v -18.93 -117.81 11.09
v -38.99 -108.70 -8.89
v -38.99 -108.70 -8.89
v -18.93 -117.81 11.09
v 3.61 -98.82 -3.50
v -16.36 -88.64 -24.47
v -69.04 -153.74 -25.44
v -51.93 -132.46 -46.10
v -34.09 -140.04 -30.05
v -53.28 -155.35 -10.41
v -53.28 -155.35 -10.41
v -34.09 -140.04 -30.05
v -15.60 -149.55 -15.09
v -36.79 -159.10 3.41
v -51.93 -132.46 -46.10
v -33.02 -116.50 -69.76
v -13.34 -129.32 -52.28
v -34.09 -140.04 -30.05
v -34.09 -140.04 -30.05
v -13.34 -129.32 -52.28
v 5.26 -138.98 -33.02
v -15.60 -149.55 -15.09
v -81.61 -121.30 -12.78
v -58.89 -101.36 -30.68
v -54.11 -118.31 -38.10
v -75.38 -137.52 -19.17
v -75.38 -137.52 -19.17
v -54.11 -118.31 -38.10
v -50.17 -135.20 -46.55
v -69.04 -153.74 -25.44
v -58.89 -101.36 -30.68
v -35.52 -81.47 -47.79
v -35.17 -98.91 -59.87
v -54.11 -118.31 -38.10
v -54.11 -118.31 -38.10
v -35.17 -98.91 -59.87
v -33.02 -116.50 -69.76
v -50.17 -135.20 -46.55
v -40.88 -138.95 23.99
v -40.17 -148.25 12.68
v -14.79 -135.37 -0.43
v -19.59 -118.33 9.51
v -19.59 -118.33 9.51
v -14.79 -135.37 -0.43
v 6.74 -120.24 -16.49
v 3.61 -98.82 -3.50
v -40.17 -148.25 12.68
v -36.79 -159.10 3.41
v -17.61 -147.97 -16.22
v -14.79 -135.37 -0.43
v -14.79 -135.37 -0.43
v -17.61 -147.97 -16.22
v 5.26 -138.98 -33.02
v 6.74 -120.24 -16.49
v -81.61 -121.30 -12.78
v -75.13 -137.39 -19.26
v -57.66 -143.67 -2.26
v -59.45 -128.89 4.22
v -59.45 -128.89 4.22
v -57.66 -143.67 -2.26
v -40.24 -149.99 14.78
v -40.88 -138.95 23.99
v -75.13 -137.39 -19.26
v -69.04 -153.74 -25.44
v -52.15 -155.89 -11.61
v -57.66 -143.67 -2.26
v -57.66 -143.67 -2.26
v -52.15 -155.89 -11.61
v -36.79 -159.10 3.41
v -40.24 -149.99 14.78
v -35.52 -81.47 -47.79
v -15.50 -89.92 -25.96
v -14.32 -108.65 -38.93
v -35.54 -99.63 -57.90
v -35.54 -99.63 -57.90
v -14.32 -108.65 -38.93
v -14.41 -128.01 -51.03
v -33.02 -116.50 -69.76
v -15.50 -89.92 -25.96
v 3.61 -98.82 -3.50
v 5.60 -118.32 -19.06
v -14.32 -108.65 -38.93
v -14.32 -108.65 -38.93
v 5.60 -118.32 -19.06
v 5.26 -138.98 -33.02
v -14.41 -128.01 -51.03
v -109.12 7.75 89.22
v -105.52 -28.41 62.97
v -135.07 -23.75 58.87
v -135.80 14.50 79.83
v -135.80 14.50 79.83
v -135.07 -23.75 58.87
v -163.32 -16.76 51.21
v -164.37 17.91 75.57
v -105.52 -28.41 62.97
v -103.80 -67.91 41.86
v -132.67 -59.04 33.38
v -135.07 -23.75 58.87
v -135.07 -23.75 58.87
v -132.67 -59.04 33.38
v -162.55 -51.94 27.61
v -163.32 -16.76 51.21
v -115.71 -12.29 124.52
v -142.21 -6.63 114.00
v -143.17 -42.13 88.35
v -118.57 -49.64 98.83
v -118.57 -49.64 98.83
v -143.17 -42.13 88.35
v -146.31 -80.55 67.08
v -121.03 -86.45 72.33
v -142.21 -6.63 114.00
v -169.38 -1.89 104.85
v -170.15 -37.83 82.68
v -143.17 -42.13 88.35
v -143.17 -42.13 88.35
v -170.15 -37.83 82.68
v -170.28 -72.90 59.19
v -146.31 -80.55 67.08
v -109.12 7.75 89.22
v -136.79 11.81 81.81
v -139.64 2.98 98.60
v -112.53 -5.04 105.27
v -112.53 -5.04 105.27
v -139.64 2.98 98.60
v -142.58 -7.98 114.17
v -115.71 -12.29 124.52
v -136.79 11.81 81.81
v -164.37 17.91 75.57
v -166.90 7.39 89.86
v -139.64 2.98 98.60
v -139.64 2.98 98.60
v -166.90 7.39 89.86
v -169.38 -1.89 104.85
v -142.58 -7.98 114.17
v -103.80 -67.91 41.86
v -112.39 -76.94 57.25
v -139.42 -69.83 50.23
v -133.08 -59.04 35.33
v -133.08 -59.04 35.33
v -139.42 -69.83 50.23
v -166.60 -64.12 42.26
v -162.55 -51.94 27.61
v -112.39 -76.94 57.25
v -121.03 -86.45 72.33
v -145.64 -79.60 65.81
v -139.42 -69.83 50.23
v -139.42 -69.83 50.23
v -145.64 -79.60 65.81
v -170.28 -72.90 59.19
v -166.60 -64.12 42.26
v -109.12 7.75 89.22
v -110.49 -2.34 107.19
v -109.26 -39.83 82.51
v -107.13 -30.06 65.43
v -107.13 -30.06 65.43
v -109.26 -39.83 82.51
v -113.94 -77.13 56.84
v -103.80 -67.91 41.86
v -110.49 -2.34 107.19
v -115.71 -12.29 124.52
v -118.23 -49.37 98.45
v -109.26 -39.83 82.51
v -109.26 -39.83 82.51
v -118.23 -49.37 98.45
v -121.03 -86.45 72.33
v -113.94 -77.13 56.84
v -164.37 17.91 75.57
v -163.36 -17.02 51.61
v -168.70 -27.07 66.54
v -167.62 8.06 90.12
v -167.62 8.06 90.12
v -168.70 -27.07 66.54
v -168.04 -37.50 82.25
v -169.38 -1.89 104.85
v -163.36 -17.02 51.61
v -162.55 -51.94 27.61
v -166.02 -62.44 43.45
v -168.70 -27.07 66.54
v -168.70 -27.07 66.54
v -166.02 -62.44 43.45
v -170.28 -72.90 59.19
v -168.04 -37.50 82.25
v -350.64 203.71 -48.01
v -345.43 205.67 -25.27
v -344.86 186.94 -21.74
v -350.77 187.67 -43.20
v -350.77 187.67 -43.20
v -344.86 186.94 -21.74
v -347.09 168.13 -17.94
v -348.79 171.68 -38.59
v -345.43 205.67 -25.27
v -346.27 207.46 -1.95
v -347.71 185.97 0.56
v -344.86 186.94 -21.74
v -344.86 186.94 -21.74
v -347.71 185.97 0.56
v -345.87 164.57 2.75
v -347.09 168.13 -17.94
v -377.67 205.50 -35.45
v -377.69 190.24 -40.00
v -376.74 192.01 -17.77
v -375.80 210.43 -15.19
v -375.80 210.43 -15.19
v -376.74 192.01 -17.77
v -375.80 193.77 4.47
v -371.94 215.55 4.75
v -377.69 190.24 -40.00
v -376.39 175.10 -44.76
v -380.14 173.35 -19.94
v -376.74 192.01 -17.77
v -376.74 192.01 -17.77
v -380.14 173.35 -19.94
v -377.91 172.15 3.89
v -375.80 193.77 4.47
v -350.64 203.71 -48.01
v -348.47 188.52 -40.75
v -363.70 188.78 -42.38
v -364.35 204.48 -42.14
v -364.35 204.48 -42.14
v -363.70 188.78 -42.38
v -376.57 190.61 -39.15
v -377.67 205.50 -35.45
v -348.47 188.52 -40.75
v -348.79 171.68 -38.59
v -362.16 173.68 -40.80
v -363.70 188.78 -42.38
v -363.70 188.78 -42.38
v -362.16 173.68 -40.80
v -376.39 175.10 -44.76
v -376.57 190.61 -39.15
v -346.27 207.46 -1.95
v -359.31 211.43 0.70
v -360.68 189.86 1.75
v -346.93 185.69 -2.50
v -346.93 185.69 -2.50
v -360.68 189.86 1.75
v -362.00 168.32 2.95
v -345.87 164.57 2.75
v -359.31 211.43 0.70
v -371.94 215.55 4.75
v -374.89 193.86 4.44
v -360.68 189.86 1.75
v -360.68 189.86 1.75
v -374.89 193.86 4.44
v -377.91 172.15 3.89
v -362.00 168.32 2.95
v -350.64 203.71 -48.01
v -364.12 205.85 -41.83
v -361.55 210.89 -20.40
v -348.38 208.20 -25.20
v -348.38 208.20 -25.20
v -361.55 210.89 -20.40
v -359.14 210.35 1.50
v -346.27 207.46 -1.95
v -364.12 205.85 -41.83
v -377.67 205.50 -35.45
v -374.79 211.12 -15.40
v -361.55 210.89 -20.40
v -361.55 210.89 -20.40
v -374.79 211.12 -15.40
v -371.94 215.55 4.75
v -359.14 210.35 1.50
v -348.79 171.68 -38.59
v -347.32 168.29 -17.89
v -362.49 167.97 -19.66
v -362.60 173.32 -41.69
v -362.60 173.32 -41.69
v -362.49 167.97 -19.66
v -377.24 172.62 -20.60
v -376.39 175.10 -44.76
v -347.32 168.29 -17.89
v -345.87 164.57 2.75
v -361.88 168.45 3.34
v -362.49 167.97 -19.66
v -362.49 167.97 -19.66
v -361.88 168.45 3.34
v -377.91 172.15 3.89
v -377.24 172.62 -20.60
v 60.49 421.92 -29.71
v 71.25 421.34 -29.88
v 66.81 422.13 -17.84
v 56.29 425.05 -19.68
v 56.29 425.05 -19.68
v 66.81 422.13 -17.84
v 62.52 424.92 -6.13
v 51.93 426.01 -9.28
v 71.25 421.34 -29.88
v 81.96 420.21 -29.96
v 77.40 420.27 -16.18
v 66.81 422.13 -17.84
v 66.81 422.13 -17.84
v 77.40 420.27 -16.18
v 73.00 422.31 -2.73
v 62.52 424.92 -6.13
v 64.63 447.65 -36.24
v 64.24 449.69 -24.05
v 74.03 446.57 -21.12
v 74.82 443.83 -33.75
v 74.82 443.83 -33.75
v 74.03 446.57 -21.12
v 84.36 445.62 -18.34
v 85.70 442.75 -31.47
v 64.24 449.69 -24.05
v 63.38 449.83 -11.72
v 73.35 449.76 -8.51
v 74.03 446.57 -21.12
v 74.03 446.57 -21.12
v 73.35 449.76 -8.51
v 82.38 445.90 -5.02
v 84.36 445.62 -18.34
v 60.49 421.92 -29.71
v 55.92 423.98 -19.62
v 60.11 436.35 -21.74
v 61.29 434.85 -33.52
v 61.29 434.85 -33.52
v 60.11 436.35 -21.74
v 64.16 448.73 -23.92
v 64.63 447.65 -36.24
v 55.92 423.98 -19.62
v 51.93 426.01 -9.28
v 59.14 437.84 -9.86
v 60.11 436.35 -21.74
v 60.11 436.35 -21.74
v 59.14 437.84 -9.86
v 63.38 449.83 -11.72
v 64.16 448.73 -23.92
v 81.96 420.21 -29.96
v 83.46 431.53 -30.84
v 80.11 432.88 -17.52
v 77.52 421.26 -16.33
v 77.52 421.26 -16.33
v 80.11 432.88 -17.52
v 77.80 434.09 -3.84
v 73.00 422.31 -2.73
v 83.46 431.53 -30.84
v 85.70 442.75 -31.47
v 83.21 444.44 -18.52
v 80.11 432.88 -17.52
v 80.11 432.88 -17.52
v 83.21 444.44 -18.52
v 82.38 445.90 -5.02
v 77.80 434.09 -3.84
v 60.49 421.92 -29.71
v 62.56 434.76 -33.06
v 73.22 433.35 -30.96
v 71.21 420.91 -30.45
v 71.21 420.91 -30.45
v 73.22 433.35 -30.96
v 83.80 431.28 -31.54
v 81.96 420.21 -29.96
v 62.56 434.76 -33.06
v 64.63 447.65 -36.24
v 75.19 445.42 -32.95
v 73.22 433.35 -30.96
v 73.22 433.35 -30.96
v 75.19 445.42 -32.95
v 85.70 442.75 -31.47
v 83.80 431.28 -31.54
v 51.93 426.01 -9.28
v 61.96 424.59 -4.16
v 67.17 436.44 -5.34
v 57.56 438.00 -10.13
v 57.56 438.00 -10.13
v 67.17 436.44 -5.34
v 73.20 447.58 -9.56
v 63.38 449.83 -11.72
v 61.96 424.59 -4.16
v 73.00 422.31 -2.73
v 77.85 433.96 -4.48
v 67.17 436.44 -5.34
v 67.17 436.44 -5.34
v 77.85 433.96 -4.48
v 82.38 445.90 -5.02
v 73.20 447.58 -9.56
v 406.30 87.40 1.05
v 402.14 78.64 -11.06
v 387.35 93.05 -15.67
v 392.05 102.50 -4.34
v 392.05 102.50 -4.34
v 387.35 93.05 -15.67
v 374.03 108.19 -21.46
v 380.37 118.86 -11.82
v 402.14 78.64 -11.06
v 396.51 69.15 -21.98
v 382.44 83.50 -26.82
v 387.35 93.05 -15.67
v 387.35 93.05 -15.67
v 382.44 83.50 -26.82
v 369.73 98.53 -32.77
v 374.03 108.19 -21.46
v 386.07 88.08 17.04
v 375.01 103.34 13.49
v 371.42 90.96 3.91
v 381.05 73.91 11.18
v 381.05 73.91 11.18
v 371.42 90.96 3.91
v 367.19 78.46 -4.89
v 376.50 59.83 4.74
v 375.01 103.34 13.49
v 366.93 119.17 6.30
v 362.81 108.21 -4.62
v 371.42 90.96 3.91
v 371.42 90.96 3.91
v 362.81 108.21 -4.62
v 357.83 97.08 -14.47
v 367.19 78.46 -4.89
v 406.30 87.40 1.05
v 393.44 103.27 -5.26
v 383.87 101.99 1.87
v 395.98 87.47 8.80
v 395.98 87.47 8.80
v 383.87 101.99 1.87
v 376.56 103.70 11.74
v 386.07 88.08 17.04
v 393.44 103.27 -5.26
v 380.37 118.86 -11.82
v 373.68 119.05 -2.73
v 383.87 101.99 1.87
v 383.87 101.99 1.87
v 373.68 119.05 -2.73
v 366.93 119.17 6.30
v 376.56 103.70 11.74
v 396.51 69.15 -21.98
v 387.20 65.44 -7.77
v 374.57 80.38 -16.81
v 383.52 84.39 -26.88
v 383.52 84.39 -26.88
v 374.57 80.38 -16.81
v 363.92 98.00 -23.44
v 369.73 98.53 -32.77
v 387.20 65.44 -7.77
v 376.50 59.83 4.74
v 366.63 77.73 -5.52
v 374.57 80.38 -16.81
v 374.57 80.38 -16.81
v 366.63 77.73 -5.52
v 357.83 97.08 -14.47
v 363.92 98.00 -23.44
v 406.30 87.40 1.05
v 396.76 86.44 9.83
v 391.59 75.55 0.55
v 401.32 78.46 -10.58
v 401.32 78.46 -10.58
v 391.59 75.55 0.55
v 386.42 64.68 -8.73
v 396.51 69.15 -21.98
v 396.76 86.44 9.83
v 386.07 88.08 17.04
v 381.31 73.89 10.93
v 391.59 75.55 0.55
v 391.59 75.55 0.55
v 381.31 73.89 10.93
v 376.50 59.83 4.74
v 386.42 64.68 -8.73
v 380.37 118.86 -11.82
v 374.17 109.84 -22.97
v 369.81 106.97 -12.35
v 372.35 120.72 -3.75
v 372.35 120.72 -3.75
v 369.81 106.97 -12.35
v 362.64 107.78 -3.89
v 366.93 119.17 6.30
v 374.17 109.84 -22.97
v 369.73 98.53 -32.77
v 364.65 96.65 -22.95
v 369.81 106.97 -12.35
v 369.81 106.97 -12.35
v 364.65 96.65 -22.95
v 357.83 97.08 -14.47
v 362.64 107.78 -3.89
v -226.92 -207.73 84.96
v -232.40 -216.60 92.07
v -242.69 -215.53 83.81
v -234.18 -209.08 75.24
v -234.18 -209.08 75.24
v -242.69 -215.53 83.81
v -252.20 -215.73 74.99
v -242.38 -208.91 66.20
v -232.40 -216.60 92.07
v -239.72 -222.45 100.51
v -249.83 -224.20 91.40
v -242.69 -215.53 83.81
v -242.69 -215.53 83.81
v -249.83 -224.20 91.40
v -261.46 -223.47 83.38
v -252.20 -215.73 74.99
v -238.86 -182.35 91.45
v -245.12 -186.27 82.02
v -252.44 -192.89 89.70
v -245.37 -189.65 100.25
v -245.37 -189.65 100.25
v -252.44 -192.89 89.70
v -259.61 -199.71 97.34
v -252.78 -195.69 109.29
v -245.12 -186.27 82.02
v -252.54 -188.55 72.89
v -258.51 -197.51 78.88
v -252.44 -192.89 89.70
v -252.44 -192.89 89.70
v -258.51 -197.51 78.88
v -265.33 -205.29 85.09
v -259.61 -199.71 97.34
v -226.92 -207.73 84.96
v -233.37 -207.43 74.46
v -241.26 -197.64 79.82
v -233.13 -195.21 88.42
v -233.13 -195.21 88.42
v -241.26 -197.64 79.82
v -246.41 -185.94 82.78
v -238.86 -182.35 91.45
v -233.37 -207.43 74.46
v -242.38 -208.91 66.20
v -246.04 -197.74 68.31
v -241.26 -197.64 79.82
v -241.26 -197.64 79.82
v -246.04 -197.74 68.31
v -252.54 -188.55 72.89
v -246.41 -185.94 82.78
v -239.72 -222.45 100.51
v -246.98 -209.75 105.87
v -255.90 -212.72 95.99
v -251.52 -223.82 93.17
v -251.52 -223.82 93.17
v -255.90 -212.72 95.99
v -264.32 -215.23 85.47
v -261.46 -223.47 83.38
v -246.98 -209.75 105.87
v -252.78 -195.69 109.29
v -258.50 -199.97 96.45
v -255.90 -212.72 95.99
v -255.90 -212.72 95.99
v -258.50 -199.97 96.45
v -265.33 -205.29 85.09
v -264.32 -215.23 85.47
v -226.92 -207.73 84.96
v -233.31 -195.13 87.78
v -240.23 -202.19 95.88
v -234.19 -215.27 91.85
v -234.19 -215.27 91.85
v -240.23 -202.19 95.88
v -244.72 -208.75 106.47
v -239.72 -222.45 100.51
v -233.31 -195.13 87.78
v -238.86 -182.35 91.45
v -246.16 -189.09 100.02
v -240.23 -202.19 95.88
v -240.23 -202.19 95.88
v -246.16 -189.09 100.02
v -252.78 -195.69 109.29
v -244.72 -208.75 106.47
v -242.38 -208.91 66.20
v -252.00 -216.19 74.69
v -254.92 -206.50 77.50
v -246.77 -198.66 70.37
v -246.77 -198.66 70.37
v -254.92 -206.50 77.50
v -259.22 -196.95 78.65
v -252.54 -188.55 72.89
v -252.00 -216.19 74.69
v -261.46 -223.47 83.38
v -264.18 -214.46 83.29
v -254.92 -206.50 77.50
v -254.92 -206.50 77.50
v -264.18 -214.46 83.29
v -265.33 -205.29 85.09
v -259.22 -196.95 78.65
v -88.51 -3.50 105.03
v -79.27 -34.04 108.87
v -39.79 -29.17 104.00
v -42.02 0.83 99.19
v -42.02 0.83 99.19
v -39.79 -29.17 104.00
v -0.24 -24.21 99.81
v 4.57 5.31 94.45
v -79.27 -34.04 108.87
v -70.13 -64.72 111.77
v -37.33 -58.86 111.06
v -39.79 -29.17 104.00
v -39.79 -29.17 104.00
v -37.33 -58.86 111.06
v -4.95 -53.60 106.07
v -0.24 -24.21 99.81
v -78.52 -0.61 57.31
v -43.77 3.17 59.20
v -43.45 -30.22 64.11
v -79.95 -35.39 66.05
v -79.95 -35.39 66.05
v -43.45 -30.22 64.11
v -43.24 -64.04 66.33
v -81.64 -71.14 68.54
v -43.77 3.17 59.20
v -9.36 5.73 53.37
v -7.23 -26.09 55.66
v -43.45 -30.22 64.11
v -43.45 -30.22 64.11
v -7.23 -26.09 55.66
v -4.79 -56.76 65.16
v -43.24 -64.04 66.33
v -88.51 -3.50 105.03
v -41.86 -0.34 99.69
v -42.96 1.77 77.54
v -83.60 -1.13 81.21
v -83.60 -1.13 81.21
v -42.96 1.77 77.54
v -43.59 -1.34 55.18
v -78.52 -0.61 57.31
v -41.86 -0.34 99.69
v 4.57 5.31 94.45
v -2.33 4.79 73.88
v -42.96 1.77 77.54
v -42.96 1.77 77.54
v -2.33 4.79 73.88
v -9.36 5.73 53.37
v -43.59 -1.34 55.18
v -70.13 -64.72 111.77
v -75.20 -71.77 90.54
v -40.50 -60.87 87.82
v -37.23 -60.89 109.09
v -37.23 -60.89 109.09
v -40.50 -60.87 87.82
v -5.18 -53.46 85.44
v -4.95 -53.60 106.07
v -75.20 -71.77 90.54
v -81.64 -71.14 68.54
v -42.90 -65.71 67.03
v -40.50 -60.87 87.82
v -40.50 -60.87 87.82
v -42.90 -65.71 67.03
v -4.79 -56.76 65.16
v -5.18 -53.46 85.44
v -88.51 -3.50 105.03
v -82.18 -1.62 81.48
v -81.09 -35.44 85.35
v -76.25 -33.11 109.10
v -76.25 -33.11 109.10
v -81.09 -35.44 85.35
v -74.41 -67.45 90.49
v -70.13 -64.72 111.77
v -82.18 -1.62 81.48
v -78.52 -0.61 57.31
v -82.74 -36.74 62.32
v -81.09 -35.44 85.35
v -81.09 -35.44 85.35
v -82.74 -36.74 62.32
v -81.64 -71.14 68.54
v -74.41 -67.45 90.49
v 4.57 5.31 94.45
v 1.09 -24.44 99.82
v -4.43 -24.65 80.04
v -4.35 5.97 74.58
v -4.35 5.97 74.58
v -4.43 -24.65 80.04
v -10.70 -24.69 60.50
v -9.36 5.73 53.37
v 1.09 -24.44 99.82
v -4.95 -53.60 106.07
v -2.27 -55.78 84.73
v -4.43 -24.65 80.04
v -4.43 -24.65 80.04
v -2.27 -55.78 84.73
v -4.79 -56.76 65.16
v -10.70 -24.69 60.50
v 61.19 21.81 -7.90
v 52.82 45.77 8.50
v 69.86 54.75 5.33
v 77.92 29.24 -13.86
v 77.92 29.24 -13.86
v 69.86 54.75 5.33
v 86.98 63.68 2.28
v 93.62 37.41 -21.45
v 52.82 45.77 8.50
v 44.29 69.85 24.66
v 61.37 80.57 23.84
v 69.86 54.75 5.33
v 69.86 54.75 5.33
v 61.37 80.57 23.84
v 81.07 89.43 27.14
v 86.98 63.68 2.28
v 65.72 2.34 18.81
v 91.56 15.37 15.57
v 83.37 36.04 35.16
v 59.00 21.69 42.23
v 59.00 21.69 42.23
v 83.37 36.04 35.16
v 75.40 56.37 55.13
v 50.90 43.19 63.21
v 91.56 15.37 15.57
v 117.42 28.38 12.37
v 109.36 47.88 30.94
v 83.37 36.04 35.16
v 83.37 36.04 35.16
v 109.36 47.88 30.94
v 101.30 67.39 49.51
v 75.40 56.37 55.13
v 61.19 21.81 -7.90
v 77.38 29.77 -14.56
v 84.70 21.20 -0.52
v 63.67 10.76 4.46
v 63.67 10.76 4.46
v 84.70 21.20 -0.52
v 91.39 16.43 16.40
v 65.72 2.34 18.81
v 77.38 29.77 -14.56
v 93.62 37.41 -21.45
v 105.87 30.75 -6.17
v 84.70 21.20 -0.52
v 84.70 21.20 -0.52
v 105.87 30.75 -6.17
v 117.42 28.38 12.37
v 91.39 16.43 16.40
v 44.29 69.85 24.66
v 48.55 54.88 42.64
v 70.63 65.35 39.46
v 62.84 79.36 25.68
v 62.84 79.36 25.68
v 70.63 65.35 39.46
v 89.97 80.49 39.97
v 81.07 89.43 27.14
v 48.55 54.88 42.64
v 50.90 43.19 63.21
v 76.14 55.22 56.31
v 70.63 65.35 39.46
v 70.63 65.35 39.46
v 76.14 55.22 56.31
v 101.30 67.39 49.51
v 89.97 80.49 39.97
v 61.19 21.81 -7.90
v 63.21 12.00 5.44
v 54.72 34.05 24.65
v 51.08 45.31 8.28
v 51.08 45.31 8.28
v 54.72 34.05 24.65
v 47.74 56.56 43.94
v 44.29 69.85 24.66
v 63.21 12.00 5.44
v 65.72 2.34 18.81
v 59.74 23.21 41.09
v 54.72 34.05 24.65
v 54.72 34.05 24.65
v 59.74 23.21 41.09
v 50.90 43.19 63.21
v 47.74 56.56 43.94
v 93.62 37.41 -21.45
v 88.72 64.41 2.14
v 96.99 54.67 17.59
v 107.97 34.66 -5.80
v 107.97 34.66 -5.80
v 96.99 54.67 17.59
v 111.81 49.65 29.69
v 117.42 28.38 12.37
v 88.72 64.41 2.14
v 81.07 89.43 27.14
v 92.11 79.07 37.85
v 96.99 54.67 17.59
v 96.99 54.67 17.59
v 92.11 79.07 37.85
v 101.30 67.39 49.51
v 111.81 49.65 29.69
v 252.26 -10.36 -5.37
v 269.75 -12.10 21.29
v 285.01 15.10 12.87
v 263.49 22.20 -11.67
v 263.49 22.20 -11.67
v 285.01 15.10 12.87
v 296.93 44.60 7.48
v 279.48 51.49 -22.29
v 269.75 -12.10 21.29
v 292.01 -17.12 43.63
v 301.83 11.23 41.68
v 285.01 15.10 12.87
v 285.01 15.10 12.87
v 301.83 11.23 41.68
v 311.69 39.56 39.70
v 296.93 44.60 7.48
v 286.24 -28.31 -31.59
v 299.24 1.99 -33.74
v 315.84 1.86 -13.18
v 303.36 -29.02 -6.12
v 303.36 -29.02 -6.12
v 315.84 1.86 -13.18
v 329.68 3.22 9.18
v 319.34 -29.10 20.09
v 299.24 1.99 -33.74
v 314.66 30.97 -37.46
v 328.33 32.73 -20.24
v 315.84 1.86 -13.18
v 315.84 1.86 -13.18
v 328.33 32.73 -20.24
v 342.31 34.31 -3.22
v 329.68 3.22 9.18
v 252.26 -10.36 -5.37
v 267.63 20.44 -11.46
v 281.01 11.10 -27.07
v 268.12 -19.25 -20.00
v 268.12 -19.25 -20.00
v 281.01 11.10 -27.07
v 301.36 1.27 -33.30
v 286.24 -28.31 -31.59
v 267.63 20.44 -11.46
v 279.48 51.49 -22.29
v 297.74 41.18 -28.98
v 281.01 11.10 -27.07
v 281.01 11.10 -27.07
v 297.74 41.18 -28.98
v 314.66 30.97 -37.46
v 301.36 1.27 -33.30
v 292.01 -17.12 43.63
v 304.47 -22.80 30.30
v 314.16 7.47 22.23
v 302.07 11.17 41.95
v 302.07 11.17 41.95
v 314.16 7.47 22.23
v 326.87 36.97 18.08
v 311.69 39.56 39.70
v 304.47 -22.80 30.30
v 319.34 -29.10 20.09
v 329.11 3.04 6.22
v 314.16 7.47 22.23
v 314.16 7.47 22.23
v 329.11 3.04 6.22
v 342.31 34.31 -3.22
v 326.87 36.97 18.08
v 252.26 -10.36 -5.37
v 270.15 -17.02 -18.89
v 287.68 -20.66 6.59
v 271.20 -16.14 19.56
v 271.20 -16.14 19.56
v 287.68 -20.66 6.59
v 306.85 -20.10 31.32
v 292.01 -17.12 43.63
v 270.15 -17.02 -18.89
v 286.24 -28.31 -31.59
v 303.06 -28.01 -5.88
v 287.68 -20.66 6.59
v 287.68 -20.66 6.59
v 303.06 -28.01 -5.88
v 319.34 -29.10 20.09
v 306.85 -20.10 31.32
v 279.48 51.49 -22.29
v 294.29 43.15 8.92
v 311.54 38.17 -5.74
v 297.63 42.26 -29.97
v 297.63 42.26 -29.97
v 311.54 38.17 -5.74
v 329.26 34.07 -20.47
v 314.66 30.97 -37.46
v 294.29 43.15 8.92
v 311.69 39.56 39.70
v 326.48 36.00 18.32
v 311.54 38.17 -5.74
v 311.54 38.17 -5.74
v 326.48 36.00 18.32
v 342.31 34.31 -3.22
v 329.26 34.07 -20.47
v -139.49 -331.05 -102.19
v -156.47 -329.73 -100.33
v -152.70 -312.79 -98.17
v -136.38 -314.98 -99.29
v -136.38 -314.98 -99.29
v -152.70 -312.79 -98.17
v -148.96 -295.61 -97.16
v -133.26 -299.07 -95.61
v -156.47 -329.73 -100.33
v -173.51 -327.95 -100.69
v -169.06 -310.26 -98.68
v -152.70 -312.79 -98.17
v -152.70 -312.79 -98.17
v -169.06 -310.26 -98.68
v -164.65 -292.28 -98.05
v -148.96 -295.61 -97.16
v -142.54 -336.81 -74.15
v -136.29 -319.55 -73.76
v -151.09 -314.65 -77.30
v -155.71 -332.73 -72.45
v -155.71 -332.73 -72.45
v -151.09 -314.65 -77.30
v -165.76 -309.48 -73.21
v -168.94 -328.77 -73.99
v -136.29 -319.55 -73.76
v -130.07 -302.37 -75.61
v -146.39 -296.44 -78.20
v -151.09 -314.65 -77.30
v -151.09 -314.65 -77.30
v -146.39 -296.44 -78.20
v -162.64 -290.35 -76.52
v -165.76 -309.48 -73.21
v -139.49 -331.05 -102.19
v -134.22 -315.51 -98.76
v -134.56 -317.70 -86.77
v -140.90 -333.95 -88.16
v -140.90 -333.95 -88.16
v -134.56 -317.70 -86.77
v -134.17 -320.03 -74.74
v -142.54 -336.81 -74.15
v -134.22 -315.51 -98.76
v -133.26 -299.07 -95.61
v -129.48 -301.18 -85.47
v -134.56 -317.70 -86.77
v -134.56 -317.70 -86.77
v -129.48 -301.18 -85.47
v -130.07 -302.37 -75.61
v -134.17 -320.03 -74.74
v -173.51 -327.95 -100.69
v -170.77 -328.46 -87.42
v -169.58 -309.33 -86.93
v -167.32 -310.53 -99.69
v -167.32 -310.53 -99.69
v -169.58 -309.33 -86.93
v -162.67 -291.54 -87.46
v -164.65 -292.28 -98.05
v -170.77 -328.46 -87.42
v -168.94 -328.77 -73.99
v -166.80 -309.32 -75.08
v -169.58 -309.33 -86.93
v -169.58 -309.33 -86.93
v -166.80 -309.32 -75.08
v -162.64 -290.35 -76.52
v -162.67 -291.54 -87.46
v -139.49 -331.05 -102.19
v -141.19 -335.68 -88.55
v -155.94 -329.33 -87.37
v -156.31 -327.56 -101.02
v -156.31 -327.56 -101.02
v -155.94 -329.33 -87.37
v -171.24 -328.53 -87.38
v -173.51 -327.95 -100.69
v -141.19 -335.68 -88.55
v -142.54 -336.81 -74.15
v -155.71 -332.49 -74.01
v -155.94 -329.33 -87.37
v -155.94 -329.33 -87.37
v -155.71 -332.49 -74.01
v -168.94 -328.77 -73.99
v -171.24 -328.53 -87.38
v -133.26 -299.07 -95.61
v -149.40 -297.85 -97.12
v -147.99 -297.65 -86.66
v -131.41 -299.48 -85.45
v -131.41 -299.48 -85.45
v -147.99 -297.65 -86.66
v -146.69 -297.97 -76.28
v -130.07 -302.37 -75.61
v -149.40 -297.85 -97.12
v -164.65 -292.28 -98.05
v -163.49 -290.55 -87.19
v -147.99 -297.65 -86.66
v -147.99 -297.65 -86.66
v -163.49 -290.55 -87.19
v -162.64 -290.35 -76.52
v -146.69 -297.97 -76.28
v 157.28 -80.63 -56.82
v 161.80 -75.30 -33.63
v 153.94 -102.98 -29.41
v 155.22 -106.98 -51.39
v 155.22 -106.98 -51.39
v 153.94 -102.98 -29.41
v 145.70 -130.60 -25.14
v 150.14 -132.84 -45.57
v 161.80 -75.30 -33.63
v 165.19 -69.79 -10.29
v 155.64 -99.47 -7.82
v 153.94 -102.98 -29.41
v 153.94 -102.98 -29.41
v 155.64 -99.47 -7.82
v 142.61 -128.58 -4.90
v 145.70 -130.60 -25.14
v 134.48 -70.75 -56.69
v 123.67 -96.25 -51.96
v 127.67 -93.68 -30.44
v 136.72 -67.32 -33.49
v 136.72 -67.32 -33.49
v 127.67 -93.68 -30.44
v 129.17 -90.18 -8.90
v 137.69 -63.42 -10.27
v 123.67 -96.25 -51.96
v 115.54 -122.73 -47.25
v 117.95 -119.78 -27.39
v 127.67 -93.68 -30.44
v 127.67 -93.68 -30.44
v 117.95 -119.78 -27.39
v 120.14 -116.76 -7.52
v 129.17 -90.18 -8.90
v 157.28 -80.63 -56.82
v 153.79 -106.57 -50.37
v 139.13 -102.24 -54.09
v 145.90 -75.64 -56.54
v 145.90 -75.64 -56.54
v 139.13 -102.24 -54.09
v 124.96 -96.85 -52.51
v 134.48 -70.75 -56.69
v 153.79 -106.57 -50.37
v 150.14 -132.84 -45.57
v 132.99 -127.45 -44.78
v 139.13 -102.24 -54.09
v 139.13 -102.24 -54.09
v 132.99 -127.45 -44.78
v 115.54 -122.73 -47.25
v 124.96 -96.85 -52.51
v 165.19 -69.79 -10.29
v 151.40 -66.76 -12.13
v 141.37 -94.78 -9.92
v 153.89 -99.25 -8.36
v 153.89 -99.25 -8.36
v 141.37 -94.78 -9.92
v 131.32 -122.90 -8.93
v 142.61 -128.58 -4.90
v 151.40 -66.76 -12.13
v 137.69 -63.42 -10.27
v 128.94 -89.98 -7.57
v 141.37 -94.78 -9.92
v 141.37 -94.78 -9.92
v 128.94 -89.98 -7.57
v 120.14 -116.76 -7.52
v 131.32 -122.90 -8.93
v 157.28 -80.63 -56.82
v 145.85 -75.78 -56.73
v 148.45 -71.64 -33.37
v 162.17 -73.04 -34.22
v 162.17 -73.04 -34.22
v 148.45 -71.64 -33.37
v 151.28 -66.98 -10.17
v 165.19 -69.79 -10.29
v 145.85 -75.78 -56.73
v 134.48 -70.75 -56.69
v 137.09 -64.76 -34.19
v 148.45 -71.64 -33.37
v 148.45 -71.64 -33.37
v 137.09 -64.76 -34.19
v 137.69 -63.42 -10.27
v 151.28 -66.98 -10.17
v 150.14 -132.84 -45.57
v 146.75 -129.43 -25.30
v 132.77 -122.98 -26.42
v 132.99 -127.28 -46.43
v 132.99 -127.28 -46.43
v 132.77 -122.98 -26.42
v 117.59 -120.58 -27.35
v 115.54 -122.73 -47.25
v 146.75 -129.43 -25.30
v 142.61 -128.58 -4.90
v 130.71 -124.93 -6.10
v 132.77 -122.98 -26.42
v 132.77 -122.98 -26.42
v 130.71 -124.93 -6.10
v 120.14 -116.76 -7.52
v 117.59 -120.58 -27.35
v -105.85 -154.43 9.90
v -99.40 -190.33 15.42
v -120.31 -193.93 9.91
v -123.31 -159.09 6.49
v -123.31 -159.09 6.49
v -120.31 -193.93 9.91
v -141.14 -197.55 4.15
v -139.58 -164.11 -0.46
v -99.40 -190.33 15.42
v -93.15 -226.17 21.53
v -118.44 -228.42 16.67
v -120.31 -193.93 9.91
v -120.31 -193.93 9.91
v -118.44 -228.42 16.67
v -143.58 -230.72 11.36
v -141.14 -197.55 4.15
v -107.47 -159.45 41.79
v -130.76 -158.59 33.86
v -132.71 -191.83 39.13
v -108.81 -190.80 46.14
v -108.81 -190.80 46.14
v -132.71 -191.83 39.13
v -133.68 -225.34 41.09
v -109.02 -222.49 46.65
v -130.76 -158.59 33.86
v -154.61 -157.58 27.79
v -155.63 -193.14 28.79
v -132.71 -191.83 39.13
v -132.71 -191.83 39.13
v -155.63 -193.14 28.79
v -158.06 -228.28 34.58
v -133.68 -225.34 41.09
v -105.85 -154.43 9.90
v -121.90 -161.74 4.38
v -126.02 -161.50 19.39
v -106.33 -157.94 25.71
v -106.33 -157.94 25.71
v -126.02 -161.50 19.39
v -131.13 -158.23 34.83
v -107.47 -159.45 41.79
v -121.90 -161.74 4.38
v -139.58 -164.11 -0.46
v -146.44 -162.81 13.39
v -126.02 -161.50 19.39
v -126.02 -161.50 19.39
v -146.44 -162.81 13.39
v -154.61 -157.58 27.79
v -131.13 -158.23 34.83
v -93.15 -226.17 21.53
v -100.99 -226.11 34.41
v -125.89 -228.11 28.75
v -118.36 -228.57 16.47
v -118.36 -228.57 16.47
v -125.89 -228.11 28.75
v -150.95 -227.17 22.55
v -143.58 -230.72 11.36
v -100.99 -226.11 34.41
v -109.02 -222.49 46.65
v -133.57 -224.67 40.48
v -125.89 -228.11 28.75
v -125.89 -228.11 28.75
v -133.57 -224.67 40.48
v -158.06 -228.28 34.58
v -150.95 -227.17 22.55
v -105.85 -154.43 9.90
v -105.81 -156.78 25.91
v -105.78 -191.00 29.81
v -100.97 -190.58 15.60
v -100.97 -190.58 15.60
v -105.78 -191.00 29.81
v -100.70 -224.26 34.12
v -93.15 -226.17 21.53
v -105.81 -156.78 25.91
v -107.47 -159.45 41.79
v -108.25 -190.97 44.22
v -105.78 -191.00 29.81
v -105.78 -191.00 29.81
v -108.25 -190.97 44.22
v -109.02 -222.49 46.65
v -100.70 -224.26 34.12
v -139.58 -164.11 -0.46
v -140.87 -197.39 5.83
v -149.55 -195.19 18.01
v -147.93 -160.87 13.23
v -147.93 -160.87 13.23
v -149.55 -195.19 18.01
v -155.97 -192.92 31.38
v -154.61 -157.58 27.79
v -140.87 -197.39 5.83
v -143.58 -230.72 11.36
v -150.65 -229.50 23.06
v -149.55 -195.19 18.01
v -149.55 -195.19 18.01
v -150.65 -229.50 23.06
v -158.06 -228.28 34.58
v -155.97 -192.92 31.38
v -2.86 117.19 54.92
v -27.65 113.63 47.25
v -33.19 94.59 65.80
v -6.22 92.76 70.44
v -6.22 92.76 70.44
v -33.19 94.59 65.80
v -39.15 76.74 86.08
v -9.72 68.72 86.53
v -27.65 113.63 47.25
v -53.75 113.77 44.97
v -61.64 100.63 67.29
v -33.19 94.59 65.80
v -33.19 94.59 65.80
v -61.64 100.63 67.29
v -68.02 83.19 83.36
v -39.15 76.74 86.08
v -11.62 92.08 5.12
v -9.38 69.45 21.88
v -32.52 72.07 25.58
v -33.55 98.22 10.71
v -33.55 98.22 10.71
v -32.52 72.07 25.58
v -55.56 74.88 29.52
v -56.56 101.93 13.30
v -9.38 69.45 21.88
v -6.85 47.47 39.45
v -30.94 47.12 41.94
v -32.52 72.07 25.58
v -32.52 72.07 25.58
v -30.94 47.12 41.94
v -54.28 48.49 46.55
v -55.56 74.88 29.52
v -2.86 117.19 54.92
v -4.69 92.64 70.60
v -8.92 81.59 46.60
v -3.45 103.91 29.72
v -3.45 103.91 29.72
v -8.92 81.59 46.60
v -10.86 70.09 22.41
v -11.62 92.08 5.12
v -4.69 92.64 70.60
v -9.72 68.72 86.53
v -9.45 58.32 63.08
v -8.92 81.59 46.60
v -8.92 81.59 46.60
v -9.45 58.32 63.08
v -6.85 47.47 39.45
v -10.86 70.09 22.41
v -53.75 113.77 44.97
v -55.70 108.06 29.11
v -58.37 86.93 47.03
v -62.25 99.02 64.09
v -62.25 99.02 64.09
v -58.37 86.93 47.03
v -61.10 65.82 64.96
v -68.02 83.19 83.36
v -55.70 108.06 29.11
v -56.56 101.93 13.30
v -54.65 74.91 29.97
v -58.37 86.93 47.03
v -58.37 86.93 47.03
v -54.65 74.91 29.97
v -54.28 48.49 46.55
v -61.10 65.82 64.96
v -2.86 117.19 54.92
v -7.28 103.34 30.68
v -31.21 105.89 29.76
v -28.32 115.03 50.17
v -28.32 115.03 50.17
v -31.21 105.89 29.76
v -55.08 110.29 27.89
v -53.75 113.77 44.97
v -7.28 103.34 30.68
v -11.62 92.08 5.12
v -33.99 100.30 7.53
v -31.21 105.89 29.76
v -31.21 105.89 29.76
v -33.99 100.30 7.53
v -56.56 101.93 13.30
v -55.08 110.29 27.89
v -9.72 68.72 86.53
v -38.78 76.30 84.80
v -34.51 62.75 63.63
v -9.12 55.01 64.33
v -9.12 55.01 64.33
v -34.51 62.75 63.63
v -30.65 47.66 43.14
v -6.85 47.47 39.45
v -38.78 76.30 84.80
v -68.02 83.19 83.36
v -61.31 65.25 65.21
v -34.51 62.75 63.63
v -34.51 62.75 63.63
v -61.31 65.25 65.21
v -54.28 48.49 46.55
v -30.65 47.66 43.14
v -245.44 188.42 107.98
v -237.57 184.04 103.62
v -241.74 168.70 114.49
v -248.19 173.45 119.55
v -248.19 173.45 119.55
v -241.74 168.70 114.49
v -244.98 153.85 126.31
v -251.96 157.95 130.08
v -237.57 184.04 103.62
v -230.73 179.13 98.22
v -234.39 164.43 110.36
v -241.74 168.70 114.49
v -241.74 168.70 114.49
v -234.39 164.43 110.36
v -237.89 149.82 122.66
v -244.98 153.85 126.31
v -238.82 190.37 112.89
v -241.83 174.91 123.50
v -235.41 171.29 120.37
v -232.15 185.74 109.45
v -232.15 185.74 109.45
v -235.41 171.29 120.37
v -229.71 167.31 116.54
v -226.54 180.60 105.00
v -241.83 174.91 123.50
v -244.65 159.54 134.29
v -239.03 156.66 130.93
v -235.41 171.29 120.37
v -235.41 171.29 120.37
v -239.03 156.66 130.93
v -232.70 154.11 128.25
v -229.71 167.31 116.54
v -245.44 188.42 107.98
v -248.41 172.92 118.75
v -245.19 174.05 121.28
v -241.83 189.12 110.14
v -241.83 189.12 110.14
v -245.19 174.05 121.28
v -242.03 175.23 123.87
v -238.82 190.37 112.89
v -248.41 172.92 118.75
v -251.96 157.95 130.08
v -247.91 158.37 131.79
v -245.19 174.05 121.28
v -245.19 174.05 121.28
v -247.91 158.37 131.79
v -244.65 159.54 134.29
v -242.03 175.23 123.87
v -230.73 179.13 98.22
v -228.67 179.89 101.63
v -232.15 166.03 113.62
v -234.82 164.80 110.69
v -234.82 164.80 110.69
v -232.15 166.03 113.62
v -235.07 151.81 125.34
v -237.89 149.82 122.66
v -228.67 179.89 101.63
v -226.54 180.60 105.00
v -229.71 167.41 116.66
v -232.15 166.03 113.62
v -232.15 166.03 113.62
v -229.71 167.41 116.66
v -232.70 154.11 128.25
v -235.07 151.81 125.34
v -245.44 188.42 107.98
v -242.13 189.37 110.45
v -235.34 184.87 105.87
v -238.13 183.53 103.26
v -238.13 183.53 103.26
v -235.34 184.87 105.87
v -228.68 179.63 101.77
v -230.73 179.13 98.22
v -242.13 189.37 110.45
v -238.82 190.37 112.89
v -232.77 185.04 109.24
v -235.34 184.87 105.87
v -235.34 184.87 105.87
v -232.77 185.04 109.24
v -226.54 180.60 105.00
v -228.68 179.63 101.77
v -251.96 157.95 130.08
v -245.00 153.48 126.66
v -241.75 155.60 128.64
v -248.18 159.36 131.73
v -248.18 159.36 131.73
v -241.75 155.60 128.64
v -238.64 157.02 131.13
v -244.65 159.54 134.29
v -245.00 153.48 126.66
v -237.89 149.82 122.66
v -235.38 151.52 125.77
v -241.75 155.60 128.64
v -241.75 155.60 128.64
v -235.38 151.52 125.77
v -232.70 154.11 128.25
v -238.64 157.02 131.13
v -229.24 190.81 104.03
v -222.66 182.69 101.22
v -231.32 172.62 114.10
v -237.48 180.32 116.82
v -237.48 180.32 116.82
v -231.32 172.62 114.10
v -238.63 163.15 128.20
v -244.49 170.36 130.73
v -222.66 182.69 101.22
v -216.52 174.38 98.01
v -225.36 164.84 111.18
v -231.32 172.62 114.10
v -231.32 172.62 114.10
v -225.36 164.84 111.18
v -233.16 155.76 125.31
v -238.63 163.15 128.20
v -225.30 195.37 110.71
v -232.20 185.75 122.43
v -225.82 178.84 119.99
v -218.62 188.15 106.99
v -218.62 188.15 106.99
v -225.82 178.84 119.99
v -219.70 171.82 117.29
v -211.97 180.92 103.24
v -232.20 185.75 122.43
v -238.98 176.19 134.27
v -233.33 169.40 132.70
v -225.82 178.84 119.99
v -225.82 178.84 119.99
v -233.33 169.40 132.70
v -227.26 162.79 131.52
v -219.70 171.82 117.29
v -229.24 190.81 104.03
v -236.69 180.45 117.37
v -234.90 183.50 119.95
v -227.70 193.43 107.38
v -227.70 193.43 107.38
v -234.90 183.50 119.95
v -232.30 185.90 122.50
v -225.30 195.37 110.71
v -236.69 180.45 117.37
v -244.49 170.36 130.73
v -241.85 173.37 132.51
v -234.90 183.50 119.95
v -234.90 183.50 119.95
v -241.85 173.37 132.51
v -238.98 176.19 134.27
v -232.30 185.90 122.50
v -216.52 174.38 98.01
v -213.85 177.35 100.66
v -222.37 168.57 114.51
v -224.75 165.00 111.67
v -224.75 165.00 111.67
v -222.37 168.57 114.51
v -230.58 159.56 128.38
v -233.16 155.76 125.31
v -213.85 177.35 100.66
v -211.97 180.92 103.24
v -219.80 171.99 117.36
v -222.37 168.57 114.51
v -222.37 168.57 114.51
v -219.80 171.99 117.36
v -227.26 162.79 131.52
v -230.58 159.56 128.38
v -229.24 190.81 104.03
v -227.66 192.57 107.95
v -220.70 185.44 103.92
v -222.50 183.10 100.45
v -222.50 183.10 100.45
v -220.70 185.44 103.92
v -214.14 177.79 100.47
v -216.52 174.38 98.01
v -227.66 192.57 107.95
v -225.30 195.37 110.71
v -218.45 188.39 106.70
v -220.70 185.44 103.92
v -220.70 185.44 103.92
v -218.45 188.39 106.70
v -211.97 180.92 103.24
v -214.14 177.79 100.47
v -244.49 170.36 130.73
v -238.77 163.25 127.64
v -235.93 166.44 130.11
v -241.76 173.18 132.71
v -241.76 173.18 132.71
v -235.93 166.44 130.11
v -233.06 169.71 132.44
v -238.98 176.19 134.27
v -238.77 163.25 127.64
v -233.16 155.76 125.31
v -230.24 159.15 128.66
v -235.93 166.44 130.11
v -235.93 166.44 130.11
v -230.24 159.15 128.66
v -227.26 162.79 131.52
v -233.06 169.71 132.44
v -40.06 73.34 202.85
v -40.00 80.51 201.54
v -20.94 78.36 194.00
v -22.20 70.48 195.72
v -22.20 70.48 195.72
v -20.94 78.36 194.00
v -2.09 76.09 185.91
v -3.96 67.81 189.56
v -40.00 80.51 201.54
v -40.06 87.60 199.91
v -20.08 86.02 191.24
v -20.94 78.36 194.00
v -20.94 78.36 194.00
v -20.08 86.02 191.24
v 0.03 84.51 182.90
v -2.09 76.09 185.91
v -36.41 76.46 213.51
v -17.96 73.96 205.24
v -17.85 81.85 201.90
v -35.74 85.03 209.10
v -35.74 85.03 209.10
v -17.85 81.85 201.90
v -16.81 90.42 200.31
v -34.56 93.98 205.67
v -17.96 73.96 205.24
v 0.13 71.20 196.30
v 0.22 78.80 195.03
v -17.85 81.85 201.90
v -17.85 81.85 201.90
v 0.22 78.80 195.03
v 0.51 86.55 194.14
v -16.81 90.42 200.31
v -40.06 73.34 202.85
v -22.03 70.12 196.34
v -20.05 72.69 200.41
v -38.25 74.48 208.31
v -38.25 74.48 208.31
v -20.05 72.69 200.41
v -18.13 74.03 204.84
v -36.41 76.46 213.51
v -22.03 70.12 196.34
v -3.96 67.81 189.56
v -1.92 69.43 192.95
v -20.05 72.69 200.41
v -20.05 72.69 200.41
v -1.92 69.43 192.95
v 0.13 71.20 196.30
v -18.13 74.03 204.84
v -40.06 87.60 199.91
v -37.37 91.01 202.61
v -18.38 87.64 196.09
v -20.07 86.24 191.26
v -20.07 86.24 191.26
v -18.38 87.64 196.09
v 0.29 85.48 188.56
v 0.03 84.51 182.90
v -37.37 91.01 202.61
v -34.56 93.98 205.67
v -16.98 90.09 200.05
v -18.38 87.64 196.09
v -18.38 87.64 196.09
v -16.98 90.09 200.05
v 0.51 86.55 194.14
v 0.29 85.48 188.56
v -40.06 73.34 202.85
v -37.86 74.88 208.06
v -38.51 82.90 205.72
v -39.86 80.46 201.32
v -39.86 80.46 201.32
v -38.51 82.90 205.72
v -37.44 90.80 202.83
v -40.06 87.60 199.91
v -37.86 74.88 208.06
v -36.41 76.46 213.51
v -35.22 85.21 209.51
v -38.51 82.90 205.72
v -38.51 82.90 205.72
v -35.22 85.21 209.51
v -34.56 93.98 205.67
v -37.44 90.80 202.83
v -3.96 67.81 189.56
v -2.43 76.34 186.42
v -1.00 77.59 190.80
v -1.61 69.38 192.81
v -1.61 69.38 192.81
v -1.00 77.59 190.80
v 0.41 78.84 195.19
v 0.13 71.20 196.30
v -2.43 76.34 186.42
v 0.03 84.51 182.90
v 0.43 85.46 188.46
v -1.00 77.59 190.80
v -1.00 77.59 190.80
v 0.43 85.46 188.46
v 0.51 86.55 194.14
v 0.41 78.84 195.19
v -13.92 65.85 203.67
v -14.59 70.19 202.27
v -4.15 70.42 197.61
v -3.73 67.02 198.82
v -3.73 67.02 198.82
v -4.15 70.42 197.61
v 6.71 70.89 193.72
v 5.60 67.70 192.41
v -14.59 70.19 202.27
v -14.96 74.72 201.41
v -3.78 74.27 197.83
v -4.15 70.42 197.61
v -4.15 70.42 197.61
v -3.78 74.27 197.83
v 6.97 73.57 193.46
v 6.71 70.89 193.72
v -13.43 69.60 211.39
v -0.93 69.01 207.00
v 0.41 72.76 207.40
v -11.48 72.42 213.04
v -11.48 72.42 213.04
v 0.41 72.76 207.40
v 1.52 76.86 206.92
v -9.98 75.91 213.02
v -0.93 69.01 207.00
v 11.95 67.85 204.03
v 12.23 73.22 201.46
v 0.41 72.76 207.40
v 0.41 72.76 207.40
v 12.23 73.22 201.46
v 12.78 78.18 199.92
v 1.52 76.86 206.92
v -13.92 65.85 203.67
v -4.16 66.76 198.05
v -2.37 67.54 202.97
v -13.85 68.23 207.30
v -13.85 68.23 207.30
v -2.37 67.54 202.97
v -0.60 68.35 207.88
v -13.43 69.60 211.39
v -4.16 66.76 198.05
v 5.60 67.70 192.41
v 8.59 68.28 197.98
v -2.37 67.54 202.97
v -2.37 67.54 202.97
v 8.59 68.28 197.98
v 11.95 67.85 204.03
v -0.60 68.35 207.88
v -14.96 74.72 201.41
v -12.47 75.49 207.20
v -1.30 75.36 201.98
v -4.01 73.23 197.54
v -4.01 73.23 197.54
v -1.30 75.36 201.98
v 9.89 76.72 196.60
v 6.97 73.57 193.46
v -12.47 75.49 207.20
v -9.98 75.91 213.02
v 1.40 76.94 206.48
v -1.30 75.36 201.98
v -1.30 75.36 201.98
v 1.40 76.94 206.48
v 12.78 78.18 199.92
v 9.89 76.72 196.60
v -13.92 65.85 203.67
v -13.13 67.78 207.47
v -13.90 71.44 207.46
v -14.17 70.31 202.51
v -14.17 70.31 202.51
v -13.90 71.44 207.46
v -12.02 75.35 207.17
v -14.96 74.72 201.41
v -13.13 67.78 207.47
v -13.43 69.60 211.39
v -11.44 72.78 212.18
v -13.90 71.44 207.46
v -13.90 71.44 207.46
v -11.44 72.78 212.18
v -9.98 75.91 213.02
v -12.02 75.35 207.17
v 5.60 67.70 192.41
v 5.48 70.75 193.37
v 8.92 71.88 197.68
v 8.79 67.77 198.21
v 8.79 67.77 198.21
v 8.92 71.88 197.68
v 12.46 73.00 201.92
v 11.95 67.85 204.03
v 5.48 70.75 193.37
v 6.97 73.57 193.46
v 9.07 75.99 197.13
v 8.92 71.88 197.68
v 8.92 71.88 197.68
v 9.07 75.99 197.13
v 12.78 78.18 199.92
v 12.46 73.00 201.92
v -13.84 59.51 213.87
v -14.50 71.82 211.98
v -3.57 72.14 207.64
v -2.79 60.89 210.24
v -2.79 60.89 210.24
v -3.57 72.14 207.64
v 7.32 72.44 203.19
v 8.14 62.23 206.22
v -14.50 71.82 211.98
v -14.81 84.26 211.12
v -3.91 83.55 206.37
v -3.57 72.14 207.64
v -3.57 72.14 207.64
v -3.91 83.55 206.37
v 6.55 82.67 200.29
v 7.32 72.44 203.19
v -9.00 63.44 221.29
v 1.27 62.89 216.38
v 0.49 73.06 215.33
v -10.24 73.16 219.35
v -10.24 73.16 219.35
v 0.49 73.06 215.33
v -0.41 83.17 213.99
v -11.21 83.01 217.96
v 1.27 62.89 216.38
v 11.70 62.42 211.82
v 10.86 72.79 210.54
v 0.49 73.06 215.33
v 0.49 73.06 215.33
v 10.86 72.79 210.54
v 10.03 83.16 209.27
v -0.41 83.17 213.99
v -13.84 59.51 213.87
v -2.90 61.06 209.98
v -0.80 62.09 213.23
v -11.41 61.41 217.61
v -11.41 61.41 217.61
v -0.80 62.09 213.23
v 1.27 63.26 216.44
v -9.00 63.44 221.29
v -2.90 61.06 209.98
v 8.14 62.23 206.22
v 9.92 62.30 209.03
v -0.80 62.09 213.23
v -0.80 62.09 213.23
v 9.92 62.30 209.03
v 11.70 62.42 211.82
v 1.27 63.26 216.44
v -14.81 84.26 211.12
v -13.00 83.74 214.56
v -2.32 83.56 209.69
v -4.09 83.81 205.75
v -4.09 83.81 205.75
v -2.32 83.56 209.69
v 8.31 83.08 204.80
v 6.55 82.67 200.29
v -13.00 83.74 214.56
v -11.21 83.01 217.96
v -0.62 82.80 213.59
v -2.32 83.56 209.69
v -2.32 83.56 209.69
v -0.62 82.80 213.59
v 10.03 83.16 209.27
v 8.31 83.08 204.80
v -13.84 59.51 213.87
v -11.89 61.49 217.88
v -11.68 72.54 215.72
v -14.60 71.89 212.67
v -14.60 71.89 212.67
v -11.68 72.54 215.72
v -13.16 83.64 214.64
v -14.81 84.26 211.12
v -11.89 61.49 217.88
v -9.00 63.44 221.29
v -9.63 73.21 219.33
v -11.68 72.54 215.72
v -11.68 72.54 215.72
v -9.63 73.21 219.33
v -11.21 83.01 217.96
v -13.16 83.64 214.64
v 8.14 62.23 206.22
v 7.15 72.47 203.38
v 8.81 72.65 207.09
v 9.71 62.35 209.15
v 9.71 62.35 209.15
v 8.81 72.65 207.09
v 10.43 72.84 210.82
v 11.70 62.42 211.82
v 7.15 72.47 203.38
v 6.55 82.67 200.29
v 8.77 82.87 204.48
v 8.81 72.65 207.09
v 8.81 72.65 207.09
v 8.77 82.87 204.48
v 10.03 83.16 209.27
v 10.43 72.84 210.82
v 319.42 -269.18 29.91
v 315.03 -267.22 35.15
v 322.45 -250.64 31.63
v 326.52 -253.41 26.90
v 326.52 -253.41 26.90
v 322.45 -250.64 31.63
v 329.97 -234.08 28.20
v 334.24 -237.82 24.52
v 315.03 -267.22 35.15
v 310.27 -265.15 40.02
v 318.03 -247.76 36.01
v 322.45 -250.64 31.63
v 322.45 -250.64 31.63
v 318.03 -247.76 36.01
v 325.83 -230.38 32.02
v 329.97 -234.08 28.20
v 323.64 -268.93 37.62
v 331.07 -253.27 35.21
v 328.39 -251.11 39.11
v 320.41 -267.18 41.43
v 320.41 -267.18 41.43
v 328.39 -251.11 39.11
v 324.22 -248.41 41.69
v 317.68 -265.62 45.67
v 331.07 -253.27 35.21
v 338.86 -237.75 33.11
v 335.17 -234.60 35.73
v 328.39 -251.11 39.11
v 328.39 -251.11 39.11
v 335.17 -234.60 35.73
v 331.38 -231.43 38.27
v 324.22 -248.41 41.69
v 319.42 -269.18 29.91
v 326.56 -253.35 27.35
v 329.50 -253.68 31.05
v 321.45 -269.01 33.81
v 321.45 -269.01 33.81
v 329.50 -253.68 31.05
v 331.19 -253.30 35.40
v 323.64 -268.93 37.62
v 326.56 -253.35 27.35
v 334.24 -237.82 24.52
v 336.56 -237.79 28.81
v 329.50 -253.68 31.05
v 329.50 -253.68 31.05
v 336.56 -237.79 28.81
v 338.86 -237.75 33.11
v 331.19 -253.30 35.40
v 310.27 -265.15 40.02
v 313.69 -265.16 43.25
v 320.93 -247.87 39.50
v 318.41 -248.05 35.52
v 318.41 -248.05 35.52
v 320.93 -247.87 39.50
v 328.95 -231.16 34.68
v 325.83 -230.38 32.02
v 313.69 -265.16 43.25
v 317.68 -265.62 45.67
v 324.62 -248.59 41.85
v 320.93 -247.87 39.50
v 320.93 -247.87 39.50
v 324.62 -248.59 41.85
v 331.38 -231.43 38.27
v 328.95 -231.16 34.68
v 319.42 -269.18 29.91
v 321.46 -269.32 33.81
v 317.70 -267.42 38.34
v 314.70 -267.72 35.06
v 314.70 -267.72 35.06
v 317.70 -267.42 38.34
v 313.98 -265.36 42.84
v 310.27 -265.15 40.02
v 321.46 -269.32 33.81
v 323.64 -268.93 37.62
v 320.75 -266.92 41.58
v 317.70 -267.42 38.34
v 317.70 -267.42 38.34
v 320.75 -266.92 41.58
v 317.68 -265.62 45.67
v 313.98 -265.36 42.84
v 334.24 -237.82 24.52
v 330.13 -233.94 28.22
v 332.51 -234.45 32.02
v 336.40 -238.03 28.90
v 336.40 -238.03 28.90
v 332.51 -234.45 32.02
v 335.10 -234.62 35.70
v 338.86 -237.75 33.11
v 330.13 -233.94 28.22
v 325.83 -230.38 32.02
v 328.39 -231.26 35.27
v 332.51 -234.45 32.02
v 332.51 -234.45 32.02
v 328.39 -231.26 35.27
v 331.38 -231.43 38.27
v 335.10 -234.62 35.70
v -427.48 133.06 -42.65
v -423.31 141.33 -41.41
v -409.81 133.96 -35.69
v -413.32 125.70 -35.66
v -413.32 125.70 -35.66
v -409.81 133.96 -35.69
v -396.31 126.59 -29.96
v -399.20 118.34 -28.62
v -423.31 141.33 -41.41
v -419.76 149.61 -38.95
v -406.88 142.23 -34.54
v -409.81 133.96 -35.69
v -409.81 133.96 -35.69
v -406.88 142.23 -34.54
v -394.03 134.85 -30.08
v -396.31 126.59 -29.96
v -429.80 131.93 -34.42
v -415.82 125.01 -29.15
v -412.83 133.24 -29.29
v -427.12 139.81 -35.01
v -427.12 139.81 -35.01
v -412.83 133.24 -29.29
v -410.03 141.54 -28.84
v -424.90 147.83 -34.31
v -415.82 125.01 -29.15
v -402.04 118.13 -23.33
v -398.83 126.76 -22.70
v -412.83 133.24 -29.29
v -412.83 133.24 -29.29
v -398.83 126.76 -22.70
v -395.47 135.33 -22.52
v -410.03 141.54 -28.84
v -427.48 133.06 -42.65
v -413.09 126.32 -35.48
v -414.56 125.54 -32.21
v -428.72 132.29 -38.59
v -428.72 132.29 -38.59
v -414.56 125.54 -32.21
v -416.00 124.83 -28.93
v -429.80 131.93 -34.42
v -413.09 126.32 -35.48
v -399.20 118.34 -28.62
v -400.70 118.03 -26.03
v -414.56 125.54 -32.21
v -414.56 125.54 -32.21
v -400.70 118.03 -26.03
v -402.04 118.13 -23.33
v -416.00 124.83 -28.93
v -419.76 149.61 -38.95
v -422.29 148.84 -36.54
v -408.42 142.27 -31.19
v -406.93 142.10 -34.61
v -406.93 142.10 -34.61
v -408.42 142.27 -31.19
v -394.75 135.09 -26.30
v -394.03 134.85 -30.08
v -422.29 148.84 -36.54
v -424.90 147.83 -34.31
v -410.15 141.68 -28.34
v -408.42 142.27 -31.19
v -408.42 142.27 -31.19
v -410.15 141.68 -28.34
v -395.47 135.33 -22.52
v -394.75 135.09 -26.30
v -427.48 133.06 -42.65
v -429.19 132.78 -38.66
v -425.24 140.48 -37.53
v -423.72 141.38 -40.82
v -423.72 141.38 -40.82
v -425.24 140.48 -37.53
v -422.92 149.02 -36.75
v -419.76 149.61 -38.95
v -429.19 132.78 -38.66
v -429.80 131.93 -34.42
v -427.09 139.75 -34.31
v -425.24 140.48 -37.53
v -425.24 140.48 -37.53
v -427.09 139.75 -34.31
v -424.90 147.83 -34.31
v -422.92 149.02 -36.75
v -399.20 118.34 -28.62
v -396.67 126.61 -29.37
v -397.44 126.60 -26.01
v -400.94 118.32 -26.14
v -400.94 118.32 -26.14
v -397.44 126.60 -26.01
v -398.96 126.79 -23.03
v -402.04 118.13 -23.33
v -396.67 126.61 -29.37
v -394.03 134.85 -30.08
v -394.66 135.07 -26.25
v -397.44 126.60 -26.01
v -397.44 126.60 -26.01
v -394.66 135.07 -26.25
v -395.47 135.33 -22.52
v -398.96 126.79 -23.03
v 350.01 -126.36 -49.43
v 350.73 -123.63 -57.02
v 351.21 -133.34 -60.52
v 350.79 -135.53 -52.48
v 350.79 -135.53 -52.48
v 351.21 -133.34 -60.52
v 352.24 -143.02 -63.99
v 351.61 -144.71 -55.52
v 350.73 -123.63 -57.02
v 350.21 -121.00 -64.67
v 351.22 -131.18 -68.58
v 351.21 -133.34 -60.52
v 351.21 -133.34 -60.52
v 351.22 -131.18 -68.58
v 352.06 -141.38 -72.49
v 352.24 -143.02 -63.99
v 362.97 -125.13 -45.37
v 362.27 -134.59 -48.76
v 362.15 -132.42 -57.15
v 360.73 -122.36 -53.20
v 360.73 -122.36 -53.20
v 362.15 -132.42 -57.15
v 361.22 -130.33 -65.39
v 359.38 -119.51 -61.19
v 362.27 -134.59 -48.76
v 363.29 -143.90 -52.48
v 364.19 -142.43 -61.23
v 362.15 -132.42 -57.15
v 362.15 -132.42 -57.15
v 364.19 -142.43 -61.23
v 363.41 -141.11 -69.66
v 361.22 -130.33 -65.39
v 350.01 -126.36 -49.43
v 350.93 -135.38 -52.90
v 357.04 -134.93 -50.96
v 356.50 -125.72 -47.46
v 356.50 -125.72 -47.46
v 357.04 -134.93 -50.96
v 363.08 -134.58 -48.75
v 362.97 -125.13 -45.37
v 350.93 -135.38 -52.90
v 351.61 -144.71 -55.52
v 357.59 -144.12 -54.51
v 357.04 -134.93 -50.96
v 357.04 -134.93 -50.96
v 357.59 -144.12 -54.51
v 363.29 -143.90 -52.48
v 363.08 -134.58 -48.75
v 350.21 -121.00 -64.67
v 354.53 -120.61 -62.07
v 356.37 -130.62 -67.33
v 351.32 -130.95 -69.17
v 351.32 -130.95 -69.17
v 356.37 -130.62 -67.33
v 357.82 -141.14 -71.34
v 352.06 -141.38 -72.49
v 354.53 -120.61 -62.07
v 359.38 -119.51 -61.19
v 361.34 -130.39 -65.25
v 356.37 -130.62 -67.33
v 356.37 -130.62 -67.33
v 361.34 -130.39 -65.25
v 363.41 -141.11 -69.66
v 357.82 -141.14 -71.34
v 350.01 -126.36 -49.43
v 356.46 -125.60 -47.35
v 355.67 -123.14 -55.22
v 350.10 -123.63 -57.03
v 350.10 -123.63 -57.03
v 355.67 -123.14 -55.22
v 354.76 -120.05 -62.86
v 350.21 -121.00 -64.67
v 356.46 -125.60 -47.35
v 362.97 -125.13 -45.37
v 361.27 -122.79 -53.45
v 355.67 -123.14 -55.22
v 355.67 -123.14 -55.22
v 361.27 -122.79 -53.45
v 359.38 -119.51 -61.19
v 354.76 -120.05 -62.86
v 351.61 -144.71 -55.52
v 351.76 -142.40 -63.88
v 357.57 -142.61 -62.51
v 357.44 -144.24 -53.99
v 357.44 -144.24 -53.99
v 357.57 -142.61 -62.51
v 363.26 -141.75 -60.92
v 363.29 -143.90 -52.48
v 351.76 -142.40 -63.88
v 352.06 -141.38 -72.49
v 357.83 -142.06 -71.23
v 357.57 -142.61 -62.51
v 357.57 -142.61 -62.51
v 357.83 -142.06 -71.23
v 363.41 -141.11 -69.66
v 363.26 -141.75 -60.92
v -235.42 353.93 -40.29
v -235.55 362.39 -39.77
v -222.09 363.25 -48.39
v -221.53 353.73 -48.90
v -221.53 353.73 -48.90
v -222.09 363.25 -48.39
v -208.14 364.01 -56.21
v -207.65 353.54 -57.51
v -235.55 362.39 -39.77
v -235.30 370.80 -38.62
v -221.65 372.59 -46.25
v -222.09 363.25 -48.39
v -222.09 363.25 -48.39
v -221.65 372.59 -46.25
v -208.39 374.45 -54.53
v -208.14 364.01 -56.21
v -227.59 353.59 -29.68
v -214.24 353.85 -37.97
v -215.19 364.46 -38.98
v -229.16 364.15 -30.80
v -229.16 364.15 -30.80
v -215.19 364.46 -38.98
v -215.30 375.22 -38.78
v -229.93 374.87 -30.78
v -214.24 353.85 -37.97
v -201.75 353.95 -47.51
v -201.55 364.70 -47.64
v -215.19 364.46 -38.98
v -215.19 364.46 -38.98
v -201.55 364.70 -47.64
v -200.63 375.59 -46.73
v -215.30 375.22 -38.78
v -235.42 353.93 -40.29
v -221.53 353.90 -48.90
v -218.10 353.84 -43.75
v -231.52 353.08 -34.99
v -231.52 353.08 -34.99
v -218.10 353.84 -43.75
v -214.68 353.34 -38.60
v -227.59 353.59 -29.68
v -221.53 353.90 -48.90
v -207.65 353.54 -57.51
v -204.70 353.92 -52.51
v -218.10 353.84 -43.75
v -218.10 353.84 -43.75
v -204.70 353.92 -52.51
v -201.75 353.95 -47.51
v -214.68 353.34 -38.60
v -235.30 370.80 -38.62
v -232.57 372.70 -34.66
v -218.73 374.46 -42.83
v -221.90 372.80 -46.62
v -221.90 372.80 -46.62
v -218.73 374.46 -42.83
v -204.54 375.12 -50.66
v -208.39 374.45 -54.53
v -232.57 372.70 -34.66
v -229.93 374.87 -30.78
v -215.23 375.06 -38.70
v -218.73 374.46 -42.83
v -218.73 374.46 -42.83
v -215.23 375.06 -38.70
v -200.63 375.59 -46.73
v -204.54 375.12 -50.66
v -235.42 353.93 -40.29
v -231.36 353.77 -35.09
v -232.55 363.26 -34.48
v -235.01 362.39 -39.71
v -235.01 362.39 -39.71
v -232.55 363.26 -34.48
v -232.41 372.85 -34.85
v -235.30 370.80 -38.62
v -231.36 353.77 -35.09
v -227.59 353.59 -29.68
v -229.48 364.18 -29.70
v -232.55 363.26 -34.48
v -232.55 363.26 -34.48
v -229.48 364.18 -29.70
v -229.93 374.87 -30.78
v -232.41 372.85 -34.85
v -207.65 353.54 -57.51
v -208.26 363.97 -55.88
v -204.25 364.42 -51.78
v -204.10 353.82 -52.87
v -204.10 353.82 -52.87
v -204.25 364.42 -51.78
v -201.09 364.78 -47.18
v -201.75 353.95 -47.51
v -208.26 363.97 -55.88
v -208.39 374.45 -54.53
v -205.17 374.94 -50.24
v -204.25 364.42 -51.78
v -204.25 364.42 -51.78
v -205.17 374.94 -50.24
v -200.63 375.59 -46.73
v -201.09 364.78 -47.18
v -238.75 360.50 -25.16
v -236.75 370.09 -25.99
v -223.21 363.71 -34.63
v -225.63 354.72 -33.49
v -225.63 354.72 -33.49
v -223.21 363.71 -34.63
v -209.87 357.33 -43.58
v -212.02 348.96 -41.00
v -236.75 370.09 -25.99
v -235.29 379.66 -27.73
v -221.50 372.68 -36.94
v -223.21 363.71 -34.63
v -223.21 363.71 -34.63
v -221.50 372.68 -36.94
v -207.90 365.70 -46.47
v -209.87 357.33 -43.58
v -233.08 362.52 -15.43
v -219.16 356.72 -23.80
v -217.88 364.10 -25.86
v -231.87 370.29 -16.30
v -231.87 370.29 -16.30
v -217.88 364.10 -25.86
v -217.19 371.34 -28.82
v -231.66 377.82 -18.70
v -219.16 356.72 -23.80
v -205.10 350.94 -31.96
v -203.42 358.02 -34.71
v -217.88 364.10 -25.86
v -217.88 364.10 -25.86
v -203.42 358.02 -34.71
v -202.57 364.89 -38.71
v -217.19 371.34 -28.82
v -238.75 360.50 -25.16
v -225.42 354.57 -33.02
v -222.28 355.56 -28.33
v -235.72 362.36 -20.58
v -235.72 362.36 -20.58
v -222.28 355.56 -28.33
v -218.98 357.19 -23.85
v -233.08 362.52 -15.43
v -225.42 354.57 -33.02
v -212.02 348.96 -41.00
v -208.49 350.24 -36.58
v -222.28 355.56 -28.33
v -222.28 355.56 -28.33
v -208.49 350.24 -36.58
v -205.10 350.94 -31.96
v -218.98 357.19 -23.85
v -235.29 379.66 -27.73
v -233.71 378.27 -23.21
v -219.33 372.06 -32.90
v -221.65 372.57 -37.10
v -221.65 372.57 -37.10
v -219.33 372.06 -32.90
v -205.31 365.15 -42.59
v -207.90 365.70 -46.47
v -233.71 378.27 -23.21
v -231.66 377.82 -18.70
v -216.76 372.05 -28.71
v -219.33 372.06 -32.90
v -219.33 372.06 -32.90
v -216.76 372.05 -28.71
v -202.57 364.89 -38.71
v -205.31 365.15 -42.59
v -238.75 360.50 -25.16
v -235.66 361.45 -20.43
v -235.49 370.32 -21.33
v -237.32 370.15 -26.28
v -237.32 370.15 -26.28
v -235.49 370.32 -21.33
v -233.79 378.82 -23.04
v -235.29 379.66 -27.73
v -235.66 361.45 -20.43
v -233.08 362.52 -15.43
v -231.79 370.02 -17.37
v -235.49 370.32 -21.33
v -235.49 370.32 -21.33
v -231.79 370.02 -17.37
v -231.66 377.82 -18.70
v -233.79 378.82 -23.04
v -212.02 348.96 -41.00
v -210.03 357.36 -43.69
v -206.55 357.46 -39.76
v -208.27 349.82 -36.67
v -208.27 349.82 -36.67
v -206.55 357.46 -39.76
v -203.71 357.86 -35.42
v -205.10 350.94 -31.96
v -210.03 357.36 -43.69
v -207.90 365.70 -46.47
v -205.56 365.45 -42.37
v -206.55 357.46 -39.76
v -206.55 357.46 -39.76
v -205.56 365.45 -42.37
v -202.57 364.89 -38.71
v -203.71 357.86 -35.42
v 274.09 20.63 97.93
v 277.23 17.93 102.61
v 288.91 4.23 91.95
v 287.04 7.20 88.28
v 287.04 7.20 88.28
v 288.91 4.23 91.95
v 300.55 -9.51 81.30
v 299.28 -6.94 78.73
v 277.23 17.93 102.61
v 280.50 15.35 107.28
v 291.15 1.63 95.58
v 288.91 4.23 91.95
v 288.91 4.23 91.95
v 291.15 1.63 95.58
v 300.62 -13.28 84.01
v 300.55 -9.51 81.30
v 268.60 13.67 100.67
v 280.51 -0.41 89.57
v 281.44 -2.00 93.38
v 269.57 10.94 104.38
v 269.57 10.94 104.38
v 281.44 -2.00 93.38
v 282.34 -3.62 97.19
v 271.42 8.85 108.18
v 280.51 -0.41 89.57
v 291.67 -15.04 78.39
v 291.76 -16.07 82.23
v 281.44 -2.00 93.38
v 281.44 -2.00 93.38
v 291.76 -16.07 82.23
v 292.94 -16.31 86.18
v 282.34 -3.62 97.19
v 274.09 20.63 97.93
v 286.51 6.88 88.06
v 283.25 3.11 88.68
v 271.43 17.14 99.43
v 271.43 17.14 99.43
v 283.25 3.11 88.68
v 279.89 -0.64 89.15
v 268.60 13.67 100.67
v 286.51 6.88 88.06
v 299.28 -6.94 78.73
v 295.36 -10.97 78.40
v 283.25 3.11 88.68
v 283.25 3.11 88.68
v 295.36 -10.97 78.40
v 291.67 -15.04 78.39
v 279.89 -0.64 89.15
v 280.50 15.35 107.28
v 276.00 12.06 107.82
v 286.35 -1.32 96.37
v 290.69 0.89 95.95
v 290.69 0.89 95.95
v 286.35 -1.32 96.37
v 296.69 -14.69 84.89
v 300.62 -13.28 84.01
v 276.00 12.06 107.82
v 271.42 8.85 108.18
v 281.86 -3.38 96.47
v 286.35 -1.32 96.37
v 286.35 -1.32 96.37
v 281.86 -3.38 96.47
v 292.94 -16.31 86.18
v 296.69 -14.69 84.89
v 274.09 20.63 97.93
v 271.16 17.41 99.57
v 273.61 14.69 103.58
v 277.09 18.27 102.90
v 277.09 18.27 102.90
v 273.61 14.69 103.58
v 275.81 12.30 107.95
v 280.50 15.35 107.28
v 271.16 17.41 99.57
v 268.60 13.67 100.67
v 270.13 11.09 104.25
v 273.61 14.69 103.58
v 273.61 14.69 103.58
v 270.13 11.09 104.25
v 271.42 8.85 108.18
v 275.81 12.30 107.95
v 299.28 -6.94 78.73
v 299.75 -9.93 81.63
v 295.75 -12.56 82.32
v 295.53 -11.04 78.48
v 295.53 -11.04 78.48
v 295.75 -12.56 82.32
v 292.30 -15.67 82.29
v 291.67 -15.04 78.39
v 299.75 -9.93 81.63
v 300.62 -13.28 84.01
v 296.58 -14.62 85.35
v 295.75 -12.56 82.32
v 295.75 -12.56 82.32
v 296.58 -14.62 85.35
v 292.94 -16.31 86.18
v 292.30 -15.67 82.29
v 389.60 -33.73 42.09
v 396.78 -36.57 39.23
v 389.93 -36.11 25.63
v 383.17 -33.27 28.69
v 383.17 -33.27 28.69
v 389.93 -36.11 25.63
v 382.72 -36.67 12.20
v 376.47 -33.55 15.40
v 396.78 -36.57 39.23
v 403.91 -39.57 36.40
v 396.25 -40.25 22.79
v 389.93 -36.11 25.63
v 389.93 -36.11 25.63
v 396.25 -40.25 22.79
v 389.02 -39.64 8.98
v 382.72 -36.67 12.20
v 385.77 -38.36 42.55
v 380.36 -37.90 29.94
v 386.49 -42.87 26.09
v 392.25 -43.03 39.46
v 392.25 -43.03 39.46
v 386.49 -42.87 26.09
v 393.35 -46.67 21.96
v 398.65 -47.85 36.40
v 380.36 -37.90 29.94
v 374.87 -37.58 17.36
v 381.17 -41.99 12.55
v 386.49 -42.87 26.09
v 386.49 -42.87 26.09
v 381.17 -41.99 12.55
v 387.55 -46.28 7.72
v 393.35 -46.67 21.96
v 389.60 -33.73 42.09
v 383.08 -33.68 28.72
v 381.24 -35.41 29.57
v 387.89 -36.22 42.22
v 387.89 -36.22 42.22
v 381.24 -35.41 29.57
v 380.26 -37.92 29.98
v 385.77 -38.36 42.55
v 383.08 -33.68 28.72
v 376.47 -33.55 15.40
v 375.74 -35.62 16.35
v 381.24 -35.41 29.57
v 381.24 -35.41 29.57
v 375.74 -35.62 16.35
v 374.87 -37.58 17.36
v 380.26 -37.92 29.98
v 403.91 -39.57 36.40
v 401.09 -43.59 36.50
v 394.75 -43.31 22.39
v 396.47 -39.61 22.69
v 396.47 -39.61 22.69
v 394.75 -43.31 22.39
v 388.66 -43.20 8.14
v 389.02 -39.64 8.98
v 401.09 -43.59 36.50
v 398.65 -47.85 36.40
v 393.40 -47.26 21.89
v 394.75 -43.31 22.39
v 394.75 -43.31 22.39
v 393.40 -47.26 21.89
v 387.55 -46.28 7.72
v 388.66 -43.20 8.14
v 389.60 -33.73 42.09
v 387.90 -36.15 42.96
v 394.59 -39.93 39.69
v 396.74 -36.64 39.18
v 396.74 -36.64 39.18
v 394.59 -39.93 39.69
v 401.46 -43.80 36.93
v 403.91 -39.57 36.40
v 387.90 -36.15 42.96
v 385.77 -38.36 42.55
v 392.14 -43.07 39.26
v 394.59 -39.93 39.69
v 394.59 -39.93 39.69
v 392.14 -43.07 39.26
v 398.65 -47.85 36.40
v 401.46 -43.80 36.93
v 376.47 -33.55 15.40
v 382.79 -36.58 12.26
v 382.26 -39.16 12.81
v 375.82 -35.51 16.62
v 375.82 -35.51 16.62
v 382.26 -39.16 12.81
v 381.19 -41.94 12.50
v 374.87 -37.58 17.36
v 382.79 -36.58 12.26
v 389.02 -39.64 8.98
v 388.25 -42.97 8.29
v 382.26 -39.16 12.81
v 382.26 -39.16 12.81
v 388.25 -42.97 8.29
v 387.55 -46.28 7.72
v 381.19 -41.94 12.50
v 212.84 -237.29 56.91
v 214.01 -244.61 56.98
v 199.32 -246.26 63.42
v 197.91 -238.98 63.82
v 197.91 -238.98 63.82
v 199.32 -246.26 63.42
v 184.44 -247.93 69.44
v 182.84 -240.68 70.39
v 214.01 -244.61 56.98
v 215.04 -251.96 56.72
v 200.74 -253.54 63.07
v 199.32 -246.26 63.42
v 199.32 -246.26 63.42
v 200.74 -253.54 63.07
v 186.62 -255.11 69.80
v 184.44 -247.93 69.44
v 217.97 -237.43 63.89
v 202.68 -238.92 70.44
v 203.34 -246.58 69.23
v 218.65 -245.24 62.63
v 218.65 -245.24 62.63
v 203.34 -246.58 69.23
v 203.86 -254.20 67.74
v 219.39 -253.05 61.50
v 202.68 -238.92 70.44
v 187.65 -240.47 77.54
v 188.14 -247.95 76.08
v 203.34 -246.58 69.23
v 203.34 -246.58 69.23
v 188.14 -247.95 76.08
v 188.93 -255.50 75.29
v 203.86 -254.20 67.74
v 212.84 -237.29 56.91
v 197.84 -238.96 63.66
v 200.33 -239.09 67.17
v 215.41 -237.42 60.39
v 215.41 -237.42 60.39
v 200.33 -239.09 67.17
v 202.79 -238.72 70.73
v 217.97 -237.43 63.89
v 197.84 -238.96 63.66
v 182.84 -240.68 70.39
v 185.27 -240.81 73.95
v 200.33 -239.09 67.17
v 200.33 -239.09 67.17
v 185.27 -240.81 73.95
v 187.65 -240.47 77.54
v 202.79 -238.72 70.73
v 215.04 -251.96 56.72
v 217.21 -252.74 59.05
v 202.49 -253.52 65.92
v 200.83 -253.61 63.24
v 200.83 -253.61 63.24
v 202.49 -253.52 65.92
v 187.78 -255.94 72.40
v 186.62 -255.11 69.80
v 217.21 -252.74 59.05
v 219.39 -253.05 61.50
v 204.16 -254.09 68.44
v 202.49 -253.52 65.92
v 202.49 -253.52 65.92
v 204.16 -254.09 68.44
v 188.93 -255.50 75.29
v 187.78 -255.94 72.40
v 212.84 -237.29 56.91
v 215.24 -237.39 60.52
v 216.38 -244.92 59.70
v 214.45 -244.54 56.44
v 214.45 -244.54 56.44
v 216.38 -244.92 59.70
v 217.15 -252.52 59.15
v 215.04 -251.96 56.72
v 215.24 -237.39 60.52
v 217.97 -237.43 63.89
v 219.06 -245.18 62.41
v 216.38 -244.92 59.70
v 216.38 -244.92 59.70
v 219.06 -245.18 62.41
v 219.39 -253.05 61.50
v 217.15 -252.52 59.15
v 182.84 -240.68 70.39
v 184.85 -247.86 70.02
v 186.12 -248.05 73.53
v 185.43 -240.52 73.84
v 185.43 -240.52 73.84
v 186.12 -248.05 73.53
v 188.21 -248.01 76.47
v 187.65 -240.47 77.54
v 184.85 -247.86 70.02
v 186.62 -255.11 69.80
v 188.06 -255.22 72.35
v 186.12 -248.05 73.53
v 186.12 -248.05 73.53
v 188.06 -255.22 72.35
v 188.93 -255.50 75.29
v 188.21 -248.01 76.47
v -79.90 294.06 9.32
v -102.03 280.92 8.39
v -108.87 290.98 26.10
v -86.75 304.12 27.01
v -102.03 280.92 8.39
v -119.12 263.68 11.39
v -125.96 273.74 29.09
v -108.87 290.98 26.10
v -119.12 263.68 11.39
v -147.96 258.12 4.30
v -154.81 268.19 22.02
v -125.96 273.74 29.09
v -147.96 258.12 4.30
v -159.19 211.74 24.64
v -166.03 221.79 42.33
v -154.81 268.19 22.02
v -159.19 211.74 24.64
v -163.86 160.02 50.75
v -170.68 170.05 68.40
v -166.03 221.79 42.33
v -163.86 160.02 50.75
v -162.26 110.95 78.48
v -169.07 120.97 96.11
v -170.68 170.05 68.40
v -162.26 110.95 78.48
v -171.71 57.07 105.62
v -178.53 67.10 123.26
v -169.07 120.97 96.11
v -171.71 57.07 105.62
v -124.02 53.36 126.20
v -130.84 63.38 143.84
v -178.53 67.10 123.26
v -124.02 53.36 126.20
v -79.23 49.95 146.04
v -86.05 59.98 163.69
v -130.84 63.38 143.84
v -79.23 49.95 146.04
v -37.66 36.19 171.45
v -44.49 46.24 189.13
v -86.05 59.98 163.69
v -37.66 36.19 171.45
v 3.23 43.19 184.30
v -3.62 53.26 202.00
v -44.49 46.24 189.13
v 3.23 43.19 184.30
v 31.96 52.24 190.91
v 25.11 62.31 208.63
v -3.62 53.26 202.00
v 31.96 52.24 190.91
v 53.72 79.81 183.03
v 46.87 89.88 200.74
v 25.11 62.31 208.63
v 53.72 79.81 183.03
v 90.28 94.39 189.70
v 83.42 104.46 207.42
v 46.87 89.88 200.74
v 90.28 94.39 189.70
v 115.12 120.66 184.10
v 108.27 130.73 201.82
v 83.42 104.46 207.42
v 115.12 120.66 184.10
v 119.86 149.34 168.46
v 113.02 159.40 186.15
v 108.27 130.73 201.82
v 119.86 149.34 168.46
v 105.16 178.37 144.69
v 98.33 188.41 162.35
v 113.02 159.40 186.15
v 105.16 178.37 144.69
v 84.00 209.41 117.68
v 77.18 219.43 135.32
v 98.33 188.41 162.35
v 84.00 209.41 117.68
v 54.12 235.75 90.65
v 47.31 245.77 108.27
v 77.18 219.43 135.32
v 54.12 235.75 90.65
v 35.55 269.40 64.69
v 28.74 279.43 82.32
v 47.31 245.77 108.27
v 35.55 269.40 64.69
v 12.59 300.01 39.46
v 5.77 310.05 57.11
v 28.74 279.43 82.32
v 12.59 300.01 39.46
v -10.13 333.48 13.55
v -16.97 343.53 31.24
v 5.77 310.05 57.11
v -10.13 333.48 13.55
v -33.75 318.78 12.77
v -40.59 328.84 30.46
v -16.97 343.53 31.24
v -33.75 318.78 12.77
v -58.49 313.68 6.67
v -65.33 323.75 24.38
v -40.59 328.84 30.46
v -58.49 313.68 6.67
v -79.90 294.06 9.32
v -86.75 304.12 27.01
v -65.33 323.75 24.38
v -86.75 304.12 27.01
v -108.87 290.98 26.10
v -81.04 250.23 57.42
v -67.34 258.39 58.01
v -102.03 280.92 8.39
v -79.90 294.06 9.32
v -60.58 248.46 40.55
v -74.29 240.30 39.95
v -108.87 290.98 26.10
v -125.96 273.74 29.09
v -91.65 239.56 59.31
v -81.04 250.23 57.42
v -119.12 263.68 11.39
v -102.03 280.92 8.39
v -74.29 240.30 39.95
v -84.90 229.63 41.84
v -125.96 273.74 29.09
v -154.81 268.19 22.02
v -109.48 236.03 54.77
v -91.65 239.56 59.31
v -147.96 258.12 4.30
v -119.12 263.68 11.39
v -84.90 229.63 41.84
v -102.73 226.10 37.30
v -154.81 268.19 22.02
v -166.03 221.79 42.33
v -116.54 207.42 67.64
v -109.48 236.03 54.77
v -159.19 211.74 24.64
v -147.96 258.12 4.30
v -102.73 226.10 37.30
v -109.79 197.50 50.19
v -166.03 221.79 42.33
v -170.68 170.05 68.40
v -119.52 175.48 84.05
v -116.54 207.42 67.64
v -163.86 160.02 50.75
v -159.19 211.74 24.64
v -109.79 197.50 50.19
v -112.78 165.57 66.61
v -170.68 170.05 68.40
v -169.07 120.97 96.11
v -118.58 145.13 101.36
v -119.52 175.48 84.05
v -162.26 110.95 78.48
v -163.86 160.02 50.75
v -112.78 165.57 66.61
v -111.83 135.21 83.93
v -169.07 120.97 96.11
v -178.53 67.10 123.26
v -124.43 111.71 118.17
v -118.58 145.13 101.36
v -171.71 57.07 105.62
v -162.26 110.95 78.48
v -111.83 135.21 83.93
v -117.69 101.79 100.73
v -178.53 67.10 123.26
v -130.84 63.38 143.84
v -94.86 109.40 130.92
v -124.43 111.71 118.17
v -124.02 53.36 126.20
v -171.71 57.07 105.62
v -117.69 101.79 100.73
v -88.12 99.49 113.48
v -130.84 63.38 143.84
v -86.05 59.98 163.69
v -67.05 107.24 143.13
v -94.86 109.40 130.92
v -79.23 49.95 146.04
v -124.02 53.36 126.20
v -88.12 99.49 113.48
v -60.31 97.32 125.69
v -86.05 59.98 163.69
v -44.49 46.24 189.13
v -41.19 98.58 158.66
v -67.05 107.24 143.13
v -37.66 36.19 171.45
v -79.23 49.95 146.04
v -60.31 97.32 125.69
v -34.44 88.65 141.20
v -44.49 46.24 189.13
v -3.62 53.26 202.00
v -15.78 102.83 166.47
v -41.19 98.58 158.66
v 3.23 43.19 184.30
v -37.66 36.19 171.45
v -34.44 88.65 141.20
v -9.03 92.90 149.01
v -3.62 53.26 202.00
v 25.11 62.31 208.63
v 2.07 108.38 170.47
v -15.78 102.83 166.47
v 31.96 52.24 190.91
v 3.23 43.19 184.30
v -9.03 92.90 149.01
v 8.82 98.45 153.00
v 25.11 62.31 208.63
v 46.87 89.88 200.74
v 15.52 125.53 165.68
v 2.07 108.38 170.47
v 53.72 79.81 183.03
v 31.96 52.24 190.91
v 8.82 98.45 153.00
v 22.28 115.60 148.21
v 46.87 89.88 200.74
v 83.42 104.46 207.42
v 38.24 134.50 169.69
v 15.52 125.53 165.68
v 90.28 94.39 189.70
v 53.72 79.81 183.03
v 22.28 115.60 148.21
v 44.99 124.57 152.22
v 83.42 104.46 207.42
v 108.27 130.73 201.82
v 53.63 150.81 166.26
v 38.24 134.50 169.69
v 115.12 120.66 184.10
v 90.28 94.39 189.70
v 44.99 124.57 152.22
v 60.38 140.88 148.79
v 108.27 130.73 201.82
v 113.02 159.40 186.15
v 56.50 168.69 156.74
v 53.63 150.81 166.26
v 119.86 149.34 168.46
v 115.12 120.66 184.10
v 60.38 140.88 148.79
v 63.25 158.77 139.28
v 113.02 159.40 186.15
v 98.33 188.41 162.35
v 47.29 186.83 142.24
v 56.50 168.69 156.74
v 105.16 178.37 144.69
v 119.86 149.34 168.46
v 63.25 158.77 139.28
v 54.04 176.91 124.79
v 98.33 188.41 162.35
v 77.18 219.43 135.32
v 34.10 206.17 125.68
v 47.29 186.83 142.24
v 84.00 209.41 117.68
v 105.16 178.37 144.69
v 54.04 176.91 124.79
v 40.84 196.26 108.24
v 77.18 219.43 135.32
v 47.31 245.77 108.27
v 15.55 222.55 108.99
v 34.10 206.17 125.68
v 54.12 235.75 90.65
v 84.00 209.41 117.68
v 40.84 196.26 108.24
v 22.29 212.64 91.56
v 47.31 245.77 108.27
v 28.74 279.43 82.32
v 4.06 243.38 92.85
v 15.55 222.55 108.99
v 35.55 269.40 64.69
v 54.12 235.75 90.65
v 22.29 212.64 91.56
v 10.80 233.47 75.41
v 28.74 279.43 82.32
v 5.77 310.05 57.11
v -10.12 262.27 77.04
v 4.06 243.38 92.85
v 12.59 300.01 39.46
v 35.55 269.40 64.69
v 10.80 233.47 75.41
v -3.38 252.35 59.60
v 5.77 310.05 57.11
v -16.97 343.53 31.24
v -24.09 282.86 60.69
v -10.12 262.27 77.04
v -10.13 333.48 13.55
v 12.59 300.01 39.46
v -3.38 252.35 59.60
v -17.34 272.93 43.23
v -16.97 343.53 31.24
v -40.59 328.84 30.46
v -38.74 273.74 60.21
v -24.09 282.86 60.69
v -33.75 318.78 12.77
v -10.13 333.48 13.55
v -17.34 272.93 43.23
v -31.99 263.82 42.75
v -40.59 328.84 30.46
v -65.33 323.75 24.38
v -54.04 270.53 56.34
v -38.74 273.74 60.21
v -58.49 313.68 6.67
v -33.75 318.78 12.77
v -31.99 263.82 42.75
v -47.29 260.61 38.88
v -65.33 323.75 24.38
v -86.75 304.12 27.01
v -67.34 258.39 58.01
v -54.04 270.53 56.34
v -79.90 294.06 9.32
v -58.49 313.68 6.67
v -47.29 260.61 38.88
v -60.58 248.46 40.55
v -67.34 258.39 58.01
v -81.04 250.23 57.42
v -57.86 216.27 84.44
v -51.23 220.23 84.74
v -74.29 240.30 39.95
v -60.58 248.46 40.55
v -44.44 210.24 67.18
v -51.07 206.29 66.88
v -81.04 250.23 57.42
v -91.65 239.56 59.31
v -62.99 211.12 85.37
v -57.86 216.27 84.44
v -84.90 229.63 41.84
v -74.29 240.30 39.95
v -51.07 206.29 66.88
v -56.20 201.13 67.81
v -91.65 239.56 59.31
v -109.48 236.03 54.77
v -71.60 209.37 83.11
v -62.99 211.12 85.37
v -102.73 226.10 37.30
v -84.90 229.63 41.84
v -56.20 201.13 67.81
v -64.81 199.39 65.55
v -109.48 236.03 54.77
v -116.54 207.42 67.64
v -75.06 195.60 89.45
v -71.60 209.37 83.11
v -109.79 197.50 50.19
v -102.73 226.10 37.30
v -64.81 199.39 65.55
v -68.27 185.61 71.89
v -116.54 207.42 67.64
v -119.52 175.48 84.05
v -76.54 180.20 97.49
v -75.06 195.60 89.45
v -112.78 165.57 66.61
v -109.79 197.50 50.19
v -68.27 185.61 71.89
v -69.75 170.22 79.94
v -119.52 175.48 84.05
v -118.58 145.13 101.36
v -76.10 165.54 105.92
v -76.54 180.20 97.49
v -111.83 135.21 83.93
v -112.78 165.57 66.61
v -69.75 170.22 79.94
v -69.32 155.56 88.37
v -118.58 145.13 101.36
v -124.43 111.71 118.17
v -78.93 149.36 114.04
v -76.10 165.54 105.92
v -117.69 101.79 100.73
v -111.83 135.21 83.93
v -69.32 155.56 88.37
v -72.14 139.38 96.49
v -124.43 111.71 118.17
v -94.86 109.40 130.92
v -64.62 148.25 120.21
v -78.93 149.36 114.04
v -88.12 99.49 113.48
v -117.69 101.79 100.73
v -72.14 139.38 96.49
v -57.83 138.27 102.66
v -94.86 109.40 130.92
v -67.05 107.24 143.13
v -51.15 147.18 126.08
v -64.62 148.25 120.21
v -60.31 97.32 125.69
v -88.12 99.49 113.48
v -57.83 138.27 102.66
v -44.36 137.20 108.52
v -67.05 107.24 143.13
v -41.19 98.58 158.66
v -38.60 142.93 133.49
v -51.15 147.18 126.08
v -34.44 88.65 141.20
v -60.31 97.32 125.69
v -44.36 137.20 108.52
v -31.81 132.95 115.93
v -41.19 98.58 158.66
v -15.78 102.83 166.47
v -26.28 144.95 137.20
v -38.60 142.93 133.49
v -9.03 92.90 149.01
v -34.44 88.65 141.20
v -31.81 132.95 115.93
v -19.49 134.96 119.64
v -15.78 102.83 166.47
v 2.07 108.38 170.47
v -17.62 147.61 139.09
v -26.28 144.95 137.20
v 8.82 98.45 153.00
v -9.03 92.90 149.01
v -19.49 134.96 119.64
v -10.83 137.63 121.53
v 2.07 108.38 170.47
v 15.52 125.53 165.68
v -11.13 155.93 136.82
v -17.62 147.61 139.09
v 22.28 115.60 148.21
v 8.82 98.45 153.00
v -10.83 137.63 121.53
v -4.34 145.95 119.26
v 15.52 125.53 165.68
v 38.24 134.50 169.69
v -0.12 160.24 138.70
v -11.13 155.93 136.82
v 44.99 124.57 152.22
v 22.28 115.60 148.21
v -4.34 145.95 119.26
v 6.67 150.25 121.14
v 38.24 134.50 169.69
v 53.63 150.81 166.26
v 7.32 168.14 137.06
v -0.12 160.24 138.70
v 60.38 140.88 148.79
v 44.99 124.57 152.22
v 6.67 150.25 121.14
v 14.11 158.16 119.50
v 53.63 150.81 166.26
v 56.50 168.69 156.74
v 8.68 176.84 132.53
v 7.32 168.14 137.06
v 63.25 158.77 139.28
v 60.38 140.88 148.79
v 14.11 158.16 119.50
v 15.47 166.86 114.97
v 56.50 168.69 156.74
v 47.29 186.83 142.24
v 4.19 185.68 125.62
v 8.68 176.84 132.53
v 54.04 176.91 124.79
v 63.25 158.77 139.28
v 15.47 166.86 114.97
v 10.97 175.69 108.07
v 47.29 186.83 142.24
v 34.10 206.17 125.68
v -2.23 195.08 117.69
v 4.19 185.68 125.62
v 40.84 196.26 108.24
v 54.04 176.91 124.79
v 10.97 175.69 108.07
v 4.56 185.10 100.13
v 34.10 206.17 125.68
v 15.55 222.55 108.99
v -11.22 203.02 109.65
v -2.23 195.08 117.69
v 22.29 212.64 91.56
v 40.84 196.26 108.24
v 4.56 185.10 100.13
v -4.43 193.05 92.10
v 15.55 222.55 108.99
v 4.06 243.38 92.85
v -16.77 213.09 101.81
v -11.22 203.02 109.65
v 10.80 233.47 75.41
v 22.29 212.64 91.56
v -4.43 193.05 92.10
v -9.98 203.11 84.26
v 4.06 243.38 92.85
v -10.12 262.27 77.04
v -23.60 222.19 94.10
v -16.77 213.09 101.81
v -3.38 252.35 59.60
v 10.80 233.47 75.41
v -9.98 203.11 84.26
v -16.81 212.21 76.54
v -10.12 262.27 77.04
v -24.09 282.86 60.69
v -30.31 232.08 86.05
v -23.60 222.19 94.10
v -17.34 272.93 43.23
v -3.38 252.35 59.60
v -16.81 212.21 76.54
v -23.53 222.10 68.50
v -24.09 282.86 60.69
v -38.74 273.74 60.21
v -37.40 227.67 85.82
v -30.31 232.08 86.05
v -31.99 263.82 42.75
v -17.34 272.93 43.23
v -23.53 222.10 68.50
v -30.61 217.69 68.26
v -38.74 273.74 60.21
v -54.04 270.53 56.34
v -44.79 226.09 83.91
v -37.40 227.67 85.82
v -47.29 260.61 38.88
v -31.99 263.82 42.75
v -30.61 217.69 68.26
v -38.00 216.11 66.35
v -54.04 270.53 56.34
v -67.34 258.39 58.01
v -51.23 220.23 84.74
v -44.79 226.09 83.91
v -60.58 248.46 40.55
v -47.29 260.61 38.88
v -38.00 216.11 66.35
v -44.44 210.24 67.18
v -51.23 220.23 84.74
v -57.86 216.27 84.44
v -36.33 184.74 110.31
v -51.07 206.29 66.88
v -44.44 210.24 67.18
v -29.05 174.04 91.49
v -57.86 216.27 84.44
v -62.99 211.12 85.37
v -36.33 184.74 110.31
v -56.20 201.13 67.81
v -51.07 206.29 66.88
v -29.05 174.04 91.49
v -62.99 211.12 85.37
v -71.60 209.37 83.11
v -36.33 184.74 110.31
v -64.81 199.39 65.55
v -56.20 201.13 67.81
v -29.05 174.04 91.49
v -71.60 209.37 83.11
v -75.06 195.60 89.45
v -36.33 184.74 110.31
v -68.27 185.61 71.89
v -64.81 199.39 65.55
v -29.05 174.04 91.49
v -75.06 195.60 89.45
v -76.54 180.20 97.49
v -36.33 184.74 110.31
v -69.75 170.22 79.94
v -68.27 185.61 71.89
v -29.05 174.04 91.49
v -76.54 180.20 97.49
v -76.10 165.54 105.92
v -36.33 184.74 110.31
v -69.32 155.56 88.37
v -69.75 170.22 79.94
v -29.05 174.04 91.49
v -76.10 165.54 105.92
v -78.93 149.36 114.04
v -36.33 184.74 110.31
v -72.14 139.38 96.49
v -69.32 155.56 88.37
v -29.05 174.04 91.49
v -78.93 149.36 114.04
v -64.62 148.25 120.21
v -36.33 184.74 110.31
v -57.83 138.27 102.66
v -72.14 139.38 96.49
v -29.05 174.04 91.49
v -64.62 148.25 120.21
v -51.15 147.18 126.08
v -36.33 184.74 110.31
v -44.36 137.20 108.52
v -57.83 138.27 102.66
v -29.05 174.04 91.49
v -51.15 147.18 126.08
v -38.60 142.93 133.49
v -36.33 184.74 110.31
v -31.81 132.95 115.93
v -44.36 137.20 108.52
v -29.05 174.04 91.49
v -38.60 142.93 133.49
v -26.28 144.95 137.20
v -36.33 184.74 110.31
v -19.49 134.96 119.64
v -31.81 132.95 115.93
v -29.05 174.04 91.49
v -26.28 144.95 137.20
v -17.62 147.61 139.09
v -36.33 184.74 110.31
v -10.83 137.63 121.53
v -19.49 134.96 119.64
v -29.05 174.04 91.49
v -17.62 147.61 139.09
v -11.13 155.93 136.82
v -36.33 184.74 110.31
v -4.34 145.95 119.26
v -10.83 137.63 121.53
v -29.05 174.04 91.49
v -11.13 155.93 136.82
v -0.12 160.24 138.70
v -36.33 184.74 110.31
v 6.67 150.25 121.14
v -4.34 145.95 119.26
v -29.05 174.04 91.49
v -0.12 160.24 138.70
v 7.32 168.14 137.06
v -36.33 184.74 110.31
v 14.11 158.16 119.50
v 6.67 150.25 121.14
v -29.05 174.04 91.49
v 7.32 168.14 137.06
v 8.68 176.84 132.53
v -36.33 184.74 110.31
v 15.47 166.86 114.97
v 14.11 158.16 119.50
v -29.05 174.04 91.49
v 8.68 176.84 132.53
v 4.19 185.68 125.62
v -36.33 184.74 110.31
v 10.97 175.69 108.07
v 15.47 166.86 114.97
v -29.05 174.04 91.49
v 4.19 185.68 125.62
v -2.23 195.08 117.69
v -36.33 184.74 110.31
v 4.56 185.10 100.13
v 10.97 175.69 108.07
v -29.05 174.04 91.49
v -2.23 195.08 117.69
v -11.22 203.02 109.65
v -36.33 184.74 110.31
v -4.43 193.05 92.10
v 4.56 185.10 100.13
v -29.05 174.04 91.49
v -11.22 203.02 109.65
v -16.77 213.09 101.81
v -36.33 184.74 110.31
v -9.98 203.11 84.26
v -4.43 193.05 92.10
v -29.05 174.04 91.49
v -16.77 213.09 101.81
v -23.60 222.19 94.10
v -36.33 184.74 110.31
v -16.81 212.21 76.54
v -9.98 203.11 84.26
v -29.05 174.04 91.49
v -23.60 222.19 94.10
v -30.31 232.08 86.05
v -36.33 184.74 110.31
v -23.53 222.10 68.50
v -16.81 212.21 76.54
v -29.05 174.04 91.49
v -30.31 232.08 86.05
v -37.40 227.67 85.82
v -36.33 184.74 110.31
v -30.61 217.69 68.26
v -23.53 222.10 68.50
v -29.05 174.04 91.49
v -37.40 227.67 85.82
v -44.79 226.09 83.91
v -36.33 184.74 110.31
v -38.00 216.11 66.35
v -30.61 217.69 68.26
v -29.05 174.04 91.49
v -44.79 226.09 83.91
v -51.23 220.23 84.74
v -36.33 184.74 110.31
v -44.44 210.24 67.18
v -38.00 216.11 66.35
v -29.05 174.04 91.49
v 32.66 53.94 193.47
v 29.54 53.10 192.74
v 33.86 44.00 199.83
v 34.95 42.14 197.32
v 29.54 53.10 192.74
v 30.60 51.49 190.04
v 30.73 43.23 199.05
v 33.86 44.00 199.83
v 30.60 51.49 190.04
v 33.72 52.34 190.77
v 31.82 41.37 196.54
v 30.73 43.23 199.05
v 33.72 52.34 190.77
v 32.66 53.94 193.47
v 34.95 42.14 197.32
v 31.82 41.37 196.54
v 34.95 42.14 197.32
v 33.86 44.00 199.83
v 34.85 33.26 205.43
v 31.80 32.01 205.03
v 33.86 44.00 199.83
v 30.73 43.23 199.05
v 33.63 35.61 207.42
v 34.85 33.26 205.43
v 30.73 43.23 199.05
v 31.82 41.37 196.54
v 30.58 34.36 207.02
v 33.63 35.61 207.42
v 31.82 41.37 196.54
v 34.95 42.14 197.32
v 31.80 32.01 205.03
v 30.58 34.36 207.02
v 31.80 32.01 205.03
v 34.85 33.26 205.43
v 35.22 26.93 215.57
v 33.95 29.56 217.13
v 34.85 33.26 205.43
v 33.63 35.61 207.42
v 38.27 28.14 216.03
v 35.22 26.93 215.57
v 33.63 35.61 207.42
v 30.58 34.36 207.02
v 37.00 30.77 217.59
v 38.27 28.14 216.03
v 30.58 34.36 207.02
v 31.80 32.01 205.03
v 33.95 29.56 217.13
v 37.00 30.77 217.59
v 33.95 29.56 217.13
v 35.22 26.93 215.57
v 32.03 23.43 226.73
v 35.05 24.25 227.83
v 35.22 26.93 215.57
v 38.27 28.14 216.03
v 33.29 20.74 225.26
v 32.03 23.43 226.73
v 38.27 28.14 216.03
v 37.00 30.77 217.59
v 36.31 21.56 226.37
v 33.29 20.74 225.26
v 37.00 30.77 217.59
v 33.95 29.56 217.13
v 35.05 24.25 227.83
v 36.31 21.56 226.37
v 33.72 52.34 190.77
v 30.60 51.49 190.04
v 29.54 53.10 192.74
v 32.66 53.94 193.47
v 35.05 24.25 227.83
v 32.03 23.43 226.73
v 33.29 20.74 225.26
v 36.31 21.56 226.37
v -374.60 -114.64 14.46
v -363.88 -135.94 26.42
v -373.69 -133.71 39.32
v -384.41 -112.42 27.36
v -363.88 -135.94 26.42
v -366.56 -161.18 28.43
v -376.37 -158.95 41.32
v -373.69 -133.71 39.32
v -366.56 -161.18 28.43
v -347.59 -173.85 45.30
v -357.41 -171.62 58.20
v -376.37 -158.95 41.32
v -347.59 -173.85 45.30
v -356.38 -205.98 43.44
v -366.18 -203.75 56.33
v -357.41 -171.62 58.20
v -356.38 -205.98 43.44
v -329.59 -210.13 65.00
v -339.40 -207.90 77.89
v -366.18 -203.75 56.33
v -329.59 -210.13 65.00
v -305.26 -218.89 85.22
v -315.07 -216.67 98.12
v -339.40 -207.90 77.89
v -305.26 -218.89 85.22
v -275.58 -214.92 107.49
v -285.40 -212.69 120.40
v -315.07 -216.67 98.12
v -275.58 -214.92 107.49
v -250.06 -220.63 127.91
v -259.88 -218.40 140.81
v -285.40 -212.69 120.40
v -250.06 -220.63 127.91
v -223.28 -229.94 149.70
v -233.10 -227.71 162.61
v -259.88 -218.40 140.81
v -223.28 -229.94 149.70
v -213.98 -188.29 150.29
v -223.81 -186.06 163.21
v -233.10 -227.71 162.61
v -213.98 -188.29 150.29
v -177.56 -217.03 182.22
v -187.37 -214.80 195.12
v -223.81 -186.06 163.21
v -177.56 -217.03 182.22
v -157.61 -199.80 194.44
v -167.43 -197.57 207.35
v -187.37 -214.80 195.12
v -157.61 -199.80 194.44
v -131.49 -185.75 211.63
v -141.30 -183.53 224.53
v -167.43 -197.57 207.35
v -131.49 -185.75 211.63
v -123.51 -159.38 213.25
v -133.33 -157.16 226.15
v -141.30 -183.53 224.53
v -123.51 -159.38 213.25
v -106.91 -140.00 222.26
v -116.72 -137.77 235.15
v -133.33 -157.16 226.15
v -106.91 -140.00 222.26
v -121.94 -101.80 204.64
v -131.75 -99.57 217.54
v -116.72 -137.77 235.15
v -121.94 -101.80 204.64
v -120.26 -60.06 198.45
v -130.07 -57.83 211.34
v -131.75 -99.57 217.54
v -120.26 -60.06 198.45
v -149.50 -30.32 171.36
v -159.32 -28.10 184.27
v -130.07 -57.83 211.34
v -149.50 -30.32 171.36
v -144.89 24.70 164.28
v -154.69 26.93 177.16
v -159.32 -28.10 184.27
v -144.89 24.70 164.28
v -171.50 55.00 138.54
v -181.29 57.22 151.41
v -154.69 26.93 177.16
v -171.50 55.00 138.54
v -217.47 47.50 105.59
v -227.28 49.72 118.48
v -181.29 57.22 151.41
v -217.47 47.50 105.59
v -254.16 38.49 79.60
v -263.97 40.72 92.50
v -227.28 49.72 118.48
v -254.16 38.49 79.60
v -288.28 50.57 51.17
v -298.08 52.80 64.06
v -263.97 40.72 92.50
v -288.28 50.57 51.17
v -311.79 19.69 39.11
v -321.61 21.91 52.01
v -298.08 52.80 64.06
v -311.79 19.69 39.11
v -331.17 -14.21 30.54
v -340.99 -11.98 43.45
v -321.61 21.91 52.01
v -331.17 -14.21 30.54
v -360.55 -38.14 12.07
v -370.36 -35.92 24.97
v -340.99 -11.98 43.45
v -360.55 -38.14 12.07
v -384.24 -67.80 -1.20
v -394.05 -65.57 11.69
v -370.36 -35.92 24.97
v -384.24 -67.80 -1.20
v -373.86 -91.81 11.15
v -383.67 -89.58 24.05
v -394.05 -65.57 11.69
v -373.86 -91.81 11.15
v -374.60 -114.64 14.46
v -384.41 -112.42 27.36
v -383.67 -89.58 24.05
v -384.41 -112.42 27.36
v -373.69 -133.71 39.32
v -329.21 -120.85 71.88
v -335.87 -107.65 64.48
v -363.88 -135.94 26.42
v -374.60 -114.64 14.46
v -326.37 -109.80 51.99
v -319.71 -123.01 59.39
v -373.69 -133.71 39.32
v -376.37 -158.95 41.32
v -330.91 -136.49 73.17
v -329.21 -120.85 71.88
v -366.56 -161.18 28.43
v -363.88 -135.94 26.42
v -319.71 -123.01 59.39
v -321.40 -138.65 60.67
v -376.37 -158.95 41.32
v -357.41 -171.62 58.20
v -319.12 -144.36 83.59
v -330.91 -136.49 73.17
v -347.59 -173.85 45.30
v -366.56 -161.18 28.43
v -321.40 -138.65 60.67
v -309.62 -146.51 71.10
v -357.41 -171.62 58.20
v -366.18 -203.75 56.33
v -324.64 -164.26 82.54
v -319.12 -144.36 83.59
v -356.38 -205.98 43.44
v -347.59 -173.85 45.30
v -309.62 -146.51 71.10
v -315.14 -166.41 70.05
v -366.18 -203.75 56.33
v -339.40 -207.90 77.89
v -307.99 -166.84 95.84
v -324.64 -164.26 82.54
v -329.59 -210.13 65.00
v -356.38 -205.98 43.44
v -315.14 -166.41 70.05
v -298.48 -169.00 83.35
v -339.40 -207.90 77.89
v -315.07 -216.67 98.12
v -292.88 -172.28 108.35
v -307.99 -166.84 95.84
v -305.26 -218.89 85.22
v -329.59 -210.13 65.00
v -298.48 -169.00 83.35
v -283.38 -174.44 95.86
v -315.07 -216.67 98.12
v -285.40 -212.69 120.40
v -274.44 -169.83 122.11
v -292.88 -172.28 108.35
v -275.58 -214.92 107.49
v -305.26 -218.89 85.22
v -283.38 -174.44 95.86
v -264.93 -171.99 109.61
v -285.40 -212.69 120.40
v -259.88 -218.40 140.81
v -258.62 -173.37 134.76
v -274.44 -169.83 122.11
v -250.06 -220.63 127.91
v -275.58 -214.92 107.49
v -264.93 -171.99 109.61
v -249.11 -175.53 122.27
v -259.88 -218.40 140.81
v -233.10 -227.71 162.61
v -242.03 -179.14 148.30
v -258.62 -173.37 134.76
v -223.28 -229.94 149.70
v -250.06 -220.63 127.91
v -249.11 -175.53 122.27
v -232.53 -181.29 135.81
v -233.10 -227.71 162.61
v -223.81 -186.06 163.21
v -236.19 -153.33 148.57
v -242.03 -179.14 148.30
v -213.98 -188.29 150.29
v -223.28 -229.94 149.70
v -232.53 -181.29 135.81
v -226.68 -155.48 136.07
v -223.81 -186.06 163.21
v -187.37 -214.80 195.12
v -213.69 -171.13 168.47
v -236.19 -153.33 148.57
v -177.56 -217.03 182.22
v -213.98 -188.29 150.29
v -226.68 -155.48 136.07
v -204.18 -173.29 155.97
v -187.37 -214.80 195.12
v -167.43 -197.57 207.35
v -201.32 -160.45 176.04
v -213.69 -171.13 168.47
v -157.61 -199.80 194.44
v -177.56 -217.03 182.22
v -204.18 -173.29 155.97
v -191.81 -162.60 163.55
v -167.43 -197.57 207.35
v -141.30 -183.53 224.53
v -185.15 -151.73 186.74
v -201.32 -160.45 176.04
v -131.49 -185.75 211.63
v -157.61 -199.80 194.44
v -191.81 -162.60 163.55
v -175.65 -153.89 174.25
v -141.30 -183.53 224.53
v -133.33 -157.16 226.15
v -180.20 -135.39 187.73
v -185.15 -151.73 186.74
v -123.51 -159.38 213.25
v -131.49 -185.75 211.63
v -175.65 -153.89 174.25
v -170.69 -137.54 175.23
v -133.33 -157.16 226.15
v -116.72 -137.77 235.15
v -169.93 -123.36 193.35
v -180.20 -135.39 187.73
v -106.91 -140.00 222.26
v -123.51 -159.38 213.25
v -170.69 -137.54 175.23
v -160.43 -125.52 180.86
v -116.72 -137.77 235.15
v -131.75 -99.57 217.54
v -179.21 -99.69 182.37
v -169.93 -123.36 193.35
v -121.94 -101.80 204.64
v -106.91 -140.00 222.26
v -160.43 -125.52 180.86
v -169.70 -101.84 169.88
v -131.75 -99.57 217.54
v -130.07 -57.83 211.34
v -178.20 -73.80 178.57
v -179.21 -99.69 182.37
v -120.26 -60.06 198.45
v -121.94 -101.80 204.64
v -169.70 -101.84 169.88
v -168.69 -75.96 166.08
v -130.07 -57.83 211.34
v -159.32 -28.10 184.27
v -196.29 -55.37 161.74
v -178.20 -73.80 178.57
v -149.50 -30.32 171.36
v -120.26 -60.06 198.45
v -168.69 -75.96 166.08
v -186.78 -57.53 149.24
v -159.32 -28.10 184.27
v -154.69 26.93 177.16
v -193.55 -21.23 157.50
v -196.29 -55.37 161.74
v -144.89 24.70 164.28
v -149.50 -30.32 171.36
v -186.78 -57.53 149.24
v -184.05 -23.38 145.01
v -154.69 26.93 177.16
v -181.29 57.22 151.41
v -210.07 -2.44 141.57
v -193.55 -21.23 157.50
v -171.50 55.00 138.54
v -144.89 24.70 164.28
v -184.05 -23.38 145.01
v -200.58 -4.60 129.09
v -181.29 57.22 151.41
v -227.28 49.72 118.48
v -238.50 -7.11 121.04
v -210.07 -2.44 141.57
v -217.47 47.50 105.59
v -171.50 55.00 138.54
v -200.58 -4.60 129.09
v -229.00 -9.26 108.55
v -227.28 49.72 118.48
v -263.97 40.72 92.50
v -261.21 -12.70 104.88
v -238.50 -7.11 121.04
v -254.16 38.49 79.60
v -217.47 47.50 105.59
v -229.00 -9.26 108.55
v -251.70 -14.86 92.39
v -263.97 40.72 92.50
v -298.08 52.80 64.06
v -282.40 -5.20 87.31
v -261.21 -12.70 104.88
v -288.28 50.57 51.17
v -254.16 38.49 79.60
v -251.70 -14.86 92.39
v -272.90 -7.36 74.82
v -298.08 52.80 64.06
v -321.61 21.91 52.01
v -296.93 -24.36 79.76
v -282.40 -5.20 87.31
v -311.79 19.69 39.11
v -288.28 50.57 51.17
v -272.90 -7.36 74.82
v -287.42 -26.52 67.27
v -321.61 21.91 52.01
v -340.99 -11.98 43.45
v -308.91 -45.39 74.40
v -296.93 -24.36 79.76
v -331.17 -14.21 30.54
v -311.79 19.69 39.11
v -287.42 -26.52 67.27
v -299.40 -47.54 61.90
v -340.99 -11.98 43.45
v -370.36 -35.92 24.97
v -327.15 -60.22 62.98
v -308.91 -45.39 74.40
v -360.55 -38.14 12.07
v -331.17 -14.21 30.54
v -299.40 -47.54 61.90
v -317.64 -62.38 50.49
v -370.36 -35.92 24.97
v -394.05 -65.57 11.69
v -341.88 -78.60 54.80
v -327.15 -60.22 62.98
v -384.24 -67.80 -1.20
v -360.55 -38.14 12.07
v -317.64 -62.38 50.49
v -332.37 -80.75 42.31
v -394.05 -65.57 11.69
v -383.67 -89.58 24.05
v -335.41 -93.49 62.42
v -341.88 -78.60 54.80
v -373.86 -91.81 11.15
v -384.24 -67.80 -1.20
v -332.37 -80.75 42.31
v -325.90 -95.65 49.92
v -383.67 -89.58 24.05
v -384.41 -112.42 27.36
v -335.87 -107.65 64.48
v -335.41 -93.49 62.42
v -374.60 -114.64 14.46
v -373.86 -91.81 11.15
v -325.90 -95.65 49.92
v -326.37 -109.80 51.99
v -335.87 -107.65 64.48
v -329.21 -120.85 71.88
v -291.59 -110.06 99.09
v -294.82 -103.67 95.51
v -319.71 -123.01 59.39
v -326.37 -109.80 51.99
v -285.26 -105.84 82.95
v -282.04 -112.23 86.52
v -329.21 -120.85 71.88
v -330.91 -136.49 73.17
v -292.43 -117.63 99.73
v -291.59 -110.06 99.09
v -321.40 -138.65 60.67
v -319.71 -123.01 59.39
v -282.04 -112.23 86.52
v -282.87 -119.79 87.17
v -330.91 -136.49 73.17
v -319.12 -144.36 83.59
v -286.71 -121.43 104.76
v -292.43 -117.63 99.73
v -309.62 -146.51 71.10
v -321.40 -138.65 60.67
v -282.87 -119.79 87.17
v -277.16 -123.60 92.19
v -319.12 -144.36 83.59
v -324.64 -164.26 82.54
v -289.42 -131.06 104.29
v -286.71 -121.43 104.76
v -315.14 -166.41 70.05
v -309.62 -146.51 71.10
v -277.16 -123.60 92.19
v -279.86 -133.22 91.73
v -324.64 -164.26 82.54
v -307.99 -166.84 95.84
v -281.34 -132.31 110.70
v -289.42 -131.06 104.29
v -298.48 -169.00 83.35
v -315.14 -166.41 70.05
v -279.86 -133.22 91.73
v -271.78 -134.48 98.14
v -307.99 -166.84 95.84
v -292.88 -172.28 108.35
v -274.02 -134.95 116.74
v -281.34 -132.31 110.70
v -283.38 -174.44 95.86
v -298.48 -169.00 83.35
v -271.78 -134.48 98.14
v -264.46 -137.11 104.18
v -292.88 -172.28 108.35
v -274.44 -169.83 122.11
v -265.08 -133.76 123.37
v -274.02 -134.95 116.74
v -264.93 -171.99 109.61
v -283.38 -174.44 95.86
v -264.46 -137.11 104.18
v -255.52 -135.93 110.81
v -274.44 -169.83 122.11
v -258.62 -173.37 134.76
v -257.42 -135.48 129.50
v -265.08 -133.76 123.37
v -249.11 -175.53 122.27
v -264.93 -171.99 109.61
v -255.52 -135.93 110.81
v -247.86 -137.64 116.93
v -258.62 -173.37 134.76
v -242.03 -179.14 148.30
v -249.41 -138.26 136.06
v -257.42 -135.48 129.50
v -232.53 -181.29 135.81
v -249.11 -175.53 122.27
v -247.86 -137.64 116.93
v -239.85 -140.43 123.50
v -242.03 -179.14 148.30
v -236.19 -153.33 148.57
v -246.55 -125.78 136.14
v -249.41 -138.26 136.06
v -226.68 -155.48 136.07
v -232.53 -181.29 135.81
v -239.85 -140.43 123.50
v -236.99 -127.95 123.58
v -236.19 -153.33 148.57
v -213.69 -171.13 168.47
v -235.69 -134.39 145.82
v -246.55 -125.78 136.14
v -204.18 -173.29 155.97
v -226.68 -155.48 136.07
v -236.99 -127.95 123.58
v -226.14 -136.56 133.26
v -213.69 -171.13 168.47
v -201.32 -160.45 176.04
v -229.71 -129.22 149.48
v -235.69 -134.39 145.82
v -191.81 -162.60 163.55
v -204.18 -173.29 155.97
v -226.14 -136.56 133.26
v -220.15 -131.39 136.92
v -201.32 -160.45 176.04
v -185.15 -151.73 186.74
v -221.90 -125.00 154.67
v -229.71 -129.22 149.48
v -175.65 -153.89 174.25
v -191.81 -162.60 163.55
v -220.15 -131.39 136.92
v -212.34 -127.17 142.11
v -185.15 -151.73 186.74
v -180.20 -135.39 187.73
v -219.49 -117.09 155.15
v -221.90 -125.00 154.67
v -170.69 -137.54 175.23
v -175.65 -153.89 174.25
v -212.34 -127.17 142.11
v -209.94 -119.26 142.58
v -180.20 -135.39 187.73
v -169.93 -123.36 193.35
v -214.54 -111.27 157.89
v -219.49 -117.09 155.15
v -160.43 -125.52 180.86
v -170.69 -137.54 175.23
v -209.94 -119.26 142.58
v -204.98 -113.44 145.32
v -169.93 -123.36 193.35
v -179.21 -99.69 182.37
v -219.01 -99.82 152.55
v -214.54 -111.27 157.89
v -169.70 -101.84 169.88
v -160.43 -125.52 180.86
v -204.98 -113.44 145.32
v -209.45 -101.99 139.99
v -179.21 -99.69 182.37
v -178.20 -73.80 178.57
v -218.53 -87.29 150.72
v -219.01 -99.82 152.55
v -168.69 -75.96 166.08
v -169.70 -101.84 169.88
v -209.45 -101.99 139.99
v -208.97 -89.46 138.16
v -178.20 -73.80 178.57
v -196.29 -55.37 161.74
v -227.27 -78.38 142.56
v -218.53 -87.29 150.72
v -186.78 -57.53 149.24
v -168.69 -75.96 166.08
v -208.97 -89.46 138.16
v -217.72 -80.55 130.00
v -196.29 -55.37 161.74
v -193.55 -21.23 157.50
v -226.00 -61.85 140.58
v -227.27 -78.38 142.56
v -184.05 -23.38 145.01
v -186.78 -57.53 149.24
v -217.72 -80.55 130.00
v -216.44 -64.01 128.02
v -193.55 -21.23 157.50
v -210.07 -2.44 141.57
v -234.01 -52.75 132.89
v -226.00 -61.85 140.58
v -200.58 -4.60 129.09
v -184.05 -23.38 145.01
v -216.44 -64.01 128.02
v -224.45 -54.92 120.33
v -210.07 -2.44 141.57
v -238.50 -7.11 121.04
v -247.73 -55.02 122.91
v -234.01 -52.75 132.89
v -229.00 -9.26 108.55
v -200.58 -4.60 129.09
v -224.45 -54.92 120.33
v -238.17 -57.18 110.35
v -238.50 -7.11 121.04
v -261.21 -12.70 104.88
v -258.70 -57.73 115.07
v -247.73 -55.02 122.91
v -251.70 -14.86 92.39
v -229.00 -9.26 108.55
v -238.17 -57.18 110.35
v -249.14 -59.90 102.50
v -261.21 -12.70 104.88
v -282.40 -5.20 87.31
v -268.97 -54.09 106.59
v -258.70 -57.73 115.07
v -272.90 -7.36 74.82
v -251.70 -14.86 92.39
v -249.14 -59.90 102.50
v -259.41 -56.26 94.03
v -282.40 -5.20 87.31
v -296.93 -24.36 79.76
v -275.98 -63.37 102.90
v -268.97 -54.09 106.59
v -287.42 -26.52 67.27
v -272.90 -7.36 74.82
v -259.41 -56.26 94.03
v -266.42 -65.54 90.34
v -296.93 -24.36 79.76
v -308.91 -45.39 74.40
v -281.76 -73.55 100.29
v -275.98 -63.37 102.90
v -299.40 -47.54 61.90
v -287.42 -26.52 67.27
v -266.42 -65.54 90.34
v -272.20 -75.72 87.73
v -308.91 -45.39 74.40
v -327.15 -60.22 62.98
v -290.60 -80.72 94.78
v -281.76 -73.55 100.29
v -317.64 -62.38 50.49
v -299.40 -47.54 61.90
v -272.20 -75.72 87.73
v -281.04 -82.89 82.22
v -327.15 -60.22 62.98
v -341.88 -78.60 54.80
v -297.74 -89.61 90.85
v -290.60 -80.72 94.78
v -332.37 -80.75 42.31
v -317.64 -62.38 50.49
v -281.04 -82.89 82.22
v -288.18 -91.78 78.28
v -341.88 -78.60 54.80
v -335.41 -93.49 62.42
v -294.59 -96.82 94.51
v -297.74 -89.61 90.85
v -325.90 -95.65 49.92
v -332.37 -80.75 42.31
v -288.18 -91.78 78.28
v -285.04 -98.99 81.95
v -335.41 -93.49 62.42
v -335.87 -107.65 64.48
v -294.82 -103.67 95.51
v -294.59 -96.82 94.51
v -326.37 -109.80 51.99
v -325.90 -95.65 49.92
v -285.04 -98.99 81.95
v -285.26 -105.84 82.95
v -294.82 -103.67 95.51
v -291.59 -110.06 99.09
v -256.19 -99.97 124.42
v -282.04 -112.23 86.52
v -285.26 -105.84 82.95
v -245.96 -102.30 110.96
v -291.59 -110.06 99.09
v -292.43 -117.63 99.73
v -256.19 -99.97 124.42
v -282.87 -119.79 87.17
v -282.04 -112.23 86.52
v -245.96 -102.30 110.96
v -292.43 -117.63 99.73
v -286.71 -121.43 104.76
v -256.19 -99.97 124.42
v -277.16 -123.60 92.19
v -282.87 -119.79 87.17
v -245.96 -102.30 110.96
v -286.71 -121.43 104.76
v -289.42 -131.06 104.29
v -256.19 -99.97 124.42
v -279.86 -133.22 91.73
v -277.16 -123.60 92.19
v -245.96 -102.30 110.96
v -289.42 -131.06 104.29
v -281.34 -132.31 110.70
v -256.19 -99.97 124.42
v -271.78 -134.48 98.14
v -279.86 -133.22 91.73
v -245.96 -102.30 110.96
v -281.34 -132.31 110.70
v -274.02 -134.95 116.74
v -256.19 -99.97 124.42
v -264.46 -137.11 104.18
v -271.78 -134.48 98.14
v -245.96 -102.30 110.96
v -274.02 -134.95 116.74
v -265.08 -133.76 123.37
v -256.19 -99.97 124.42
v -255.52 -135.93 110.81
v -264.46 -137.11 104.18
v -245.96 -102.30 110.96
v -265.08 -133.76 123.37
v -257.42 -135.48 129.50
v -256.19 -99.97 124.42
v -247.86 -137.64 116.93
v -255.52 -135.93 110.81
v -245.96 -102.30 110.96
v -257.42 -135.48 129.50
v -249.41 -138.26 136.06
v -256.19 -99.97 124.42
v -239.85 -140.43 123.50
v -247.86 -137.64 116.93
v -245.96 -102.30 110.96
v -249.41 -138.26 136.06
v -246.55 -125.78 136.14
v -256.19 -99.97 124.42
v -236.99 -127.95 123.58
v -239.85 -140.43 123.50
v -245.96 -102.30 110.96
v -246.55 -125.78 136.14
v -235.69 -134.39 145.82
v -256.19 -99.97 124.42
v -226.14 -136.56 133.26
v -236.99 -127.95 123.58
v -245.96 -102.30 110.96
v -235.69 -134.39 145.82
v -229.71 -129.22 149.48
v -256.19 -99.97 124.42
v -220.15 -131.39 136.92
v -226.14 -136.56 133.26
v -245.96 -102.30 110.96
v -229.71 -129.22 149.48
v -221.90 -125.00 154.67
v -256.19 -99.97 124.42
v -212.34 -127.17 142.11
v -220.15 -131.39 136.92
v -245.96 -102.30 110.96
v -221.90 -125.00 154.67
v -219.49 -117.09 155.15
v -256.19 -99.97 124.42
v -209.94 -119.26 142.58
v -212.34 -127.17 142.11
v -245.96 -102.30 110.96
v -219.49 -117.09 155.15
v -214.54 -111.27 157.89
v -256.19 -99.97 124.42
v -204.98 -113.44 145.32
v -209.94 -119.26 142.58
v -245.96 -102.30 110.96
v -214.54 -111.27 157.89
v -219.01 -99.82 152.55
v -256.19 -99.97 124.42
v -209.45 -101.99 139.99
v -204.98 -113.44 145.32
v -245.96 -102.30 110.96
v -219.01 -99.82 152.55
v -218.53 -87.29 150.72
v -256.19 -99.97 124.42
v -208.97 -89.46 138.16
v -209.45 -101.99 139.99
v -245.96 -102.30 110.96
v -218.53 -87.29 150.72
v -227.27 -78.38 142.56
v -256.19 -99.97 124.42
v -217.72 -80.55 130.00
v -208.97 -89.46 138.16
v -245.96 -102.30 110.96
v -227.27 -78.38 142.56
v -226.00 -61.85 140.58
v -256.19 -99.97 124.42
v -216.44 -64.01 128.02
v -217.72 -80.55 130.00
v -245.96 -102.30 110.96
v -226.00 -61.85 140.58
v -234.01 -52.75 132.89
v -256.19 -99.97 124.42
v -224.45 -54.92 120.33
v -216.44 -64.01 128.02
v -245.96 -102.30 110.96
v -234.01 -52.75 132.89
v -247.73 -55.02 122.91
v -256.19 -99.97 124.42
v -238.17 -57.18 110.35
v -224.45 -54.92 120.33
v -245.96 -102.30 110.96
v -247.73 -55.02 122.91
v -258.70 -57.73 115.07
v -256.19 -99.97 124.42
v -249.14 -59.90 102.50
v -238.17 -57.18 110.35
v -245.96 -102.30 110.96
v -258.70 -57.73 115.07
v -268.97 -54.09 106.59
v -256.19 -99.97 124.42
v -259.41 -56.26 94.03
v -249.14 -59.90 102.50
v -245.96 -102.30 110.96
v -268.97 -54.09 106.59
v -275.98 -63.37 102.90
v -256.19 -99.97 124.42
v -266.42 -65.54 90.34
v -259.41 -56.26 94.03
v -245.96 -102.30 110.96
v -275.98 -63.37 102.90
v -281.76 -73.55 100.29
v -256.19 -99.97 124.42
v -272.20 -75.72 87.73
v -266.42 -65.54 90.34
v -245.96 -102.30 110.96
v -281.76 -73.55 100.29
v -290.60 -80.72 94.78
v -256.19 -99.97 124.42
v -281.04 -82.89 82.22
v -272.20 -75.72 87.73
v -245.96 -102.30 110.96
v -290.60 -80.72 94.78
v -297.74 -89.61 90.85
v -256.19 -99.97 124.42
v -288.18 -91.78 78.28
v -281.04 -82.89 82.22
v -245.96 -102.30 110.96
v -297.74 -89.61 90.85
v -294.59 -96.82 94.51
v -256.19 -99.97 124.42
v -285.04 -98.99 81.95
v -288.18 -91.78 78.28
v -245.96 -102.30 110.96
v -294.59 -96.82 94.51
v -294.82 -103.67 95.51
v -256.19 -99.97 124.42
v -285.26 -105.84 82.95
v -285.04 -98.99 81.95
v -245.96 -102.30 110.96
v -355.90 -172.06 59.13
v -358.07 -170.27 57.17
v -372.15 -190.38 60.43
v -370.78 -191.80 57.62
v -358.07 -170.27 57.17
v -356.70 -171.69 54.36
v -374.28 -188.54 58.46
v -372.15 -190.38 60.43
v -356.70 -171.69 54.36
v -354.53 -173.48 56.32
v -372.91 -189.96 55.65
v -374.28 -188.54 58.46
v -354.53 -173.48 56.32
v -355.90 -172.06 59.13
v -370.78 -191.80 57.62
v -372.91 -189.96 55.65
v -370.78 -191.80 57.62
v -372.15 -190.38 60.43
v -387.73 -209.73 58.52
v -389.36 -207.43 56.57
v -372.15 -190.38 60.43
v -374.28 -188.54 58.46
v -389.32 -208.50 61.30
v -387.73 -209.73 58.52
v -374.28 -188.54 58.46
v -372.91 -189.96 55.65
v -390.95 -206.19 59.35
v -389.32 -208.50 61.30
v -372.91 -189.96 55.65
v -370.78 -191.80 57.62
v -389.36 -207.43 56.57
v -390.95 -206.19 59.35
v -389.36 -207.43 56.57
v -387.73 -209.73 58.52
v -408.34 -220.77 48.90
v -409.91 -219.52 51.68
v -387.73 -209.73 58.52
v -389.32 -208.50 61.30
v -406.82 -223.16 50.84
v -408.34 -220.77 48.90
v -389.32 -208.50 61.30
v -390.95 -206.19 59.35
v -408.39 -221.91 53.62
v -406.82 -223.16 50.84
v -390.95 -206.19 59.35
v -389.36 -207.43 56.57
v -409.91 -219.52 51.68
v -408.39 -221.91 53.62
v -409.91 -219.52 51.68
v -408.34 -220.77 48.90
v -428.14 -235.98 51.78
v -426.26 -238.05 53.77
v -408.34 -220.77 48.90
v -406.82 -223.16 50.84
v -426.81 -237.47 48.98
v -428.14 -235.98 51.78
v -406.82 -223.16 50.84
v -408.39 -221.91 53.62
v -424.93 -239.54 50.97
v -426.81 -237.47 48.98
v -408.39 -221.91 53.62
v -409.91 -219.52 51.68
v -426.26 -238.05 53.77
v -424.93 -239.54 50.97
v -354.53 -173.48 56.32
v -356.70 -171.69 54.36
v -358.07 -170.27 57.17
v -355.90 -172.06 59.13
v -426.26 -238.05 53.77
v -428.14 -235.98 51.78
v -426.81 -237.47 48.98
v -424.93 -239.54 50.97
v 187.67 113.97 -11.51
v 178.44 105.97 4.19
v 173.08 125.88 12.00
v 182.32 133.85 -3.70
v 178.44 105.97 4.19
v 171.71 96.17 26.23
v 166.35 116.09 34.05
v 173.08 125.88 12.00
v 171.71 96.17 26.23
v 163.91 86.11 47.59
v 158.55 106.04 55.41
v 166.35 116.09 34.05
v 163.91 86.11 47.59
v 157.04 75.63 70.14
v 151.67 95.56 77.96
v 158.55 106.04 55.41
v 157.04 75.63 70.14
v 163.52 71.84 84.15
v 158.15 91.77 91.97
v 151.67 95.56 77.96
v 163.52 71.84 84.15
v 169.95 68.13 97.79
v 164.59 88.06 105.61
v 158.15 91.77 91.97
v 169.95 68.13 97.79
v 174.72 63.89 111.50
v 169.36 83.82 119.32
v 164.59 88.06 105.61
v 174.72 63.89 111.50
v 182.36 60.90 123.88
v 177.00 80.82 131.70
v 169.36 83.82 119.32
v 182.36 60.90 123.88
v 193.25 59.45 134.57
v 187.89 79.37 142.39
v 177.00 80.82 131.70
v 193.25 59.45 134.57
v 206.42 58.97 144.40
v 201.05 78.89 152.22
v 187.89 79.37 142.39
v 206.42 58.97 144.40
v 219.81 57.98 155.58
v 214.46 77.89 163.40
v 201.05 78.89 152.22
v 219.81 57.98 155.58
v 233.88 59.02 162.34
v 228.52 78.93 170.15
v 214.46 77.89 163.40
v 233.88 59.02 162.34
v 248.12 57.97 174.16
v 242.77 77.88 181.97
v 228.52 78.93 170.15
v 248.12 57.97 174.16
v 260.35 59.60 178.35
v 255.00 79.51 186.16
v 242.77 77.88 181.97
v 260.35 59.60 178.35
v 281.63 54.46 204.28
v 276.28 74.34 212.08
v 255.00 79.51 186.16
v 281.63 54.46 204.28
v 274.84 69.91 163.44
v 269.48 89.83 171.26
v 276.28 74.34 212.08
v 274.84 69.91 163.44
v 285.15 77.35 152.39
v 279.79 97.27 160.21
v 269.48 89.83 171.26
v 285.15 77.35 152.39
v 295.87 86.80 136.45
v 290.50 106.73 144.27
v 279.79 97.27 160.21
v 295.87 86.80 136.45
v 290.90 95.30 111.67
v 285.54 115.24 119.49
v 290.50 106.73 144.27
v 290.90 95.30 111.67
v 294.95 101.67 98.18
v 289.59 121.61 106.00
v 285.54 115.24 119.49
v 294.95 101.67 98.18
v 286.89 105.03 83.77
v 281.53 124.96 91.59
v 289.59 121.61 106.00
v 286.89 105.03 83.77
v 280.53 107.97 71.52
v 275.17 127.90 79.35
v 281.53 124.96 91.59
v 280.53 107.97 71.52
v 286.13 116.53 52.63
v 280.77 136.45 60.45
v 275.17 127.90 79.35
v 286.13 116.53 52.63
v 274.94 115.72 46.78
v 269.58 135.63 54.60
v 280.77 136.45 60.45
v 274.94 115.72 46.78
v 264.17 121.75 22.38
v 258.81 141.65 30.19
v 269.58 135.63 54.60
v 264.17 121.75 22.38
v 242.26 118.78 14.67
v 236.90 138.68 22.48
v 258.81 141.65 30.19
v 242.26 118.78 14.67
v 223.70 113.55 15.71
v 218.34 133.46 23.52
v 236.90 138.68 22.48
v 223.70 113.55 15.71
v 202.24 118.15 -12.75
v 196.89 138.03 -4.94
v 218.34 133.46 23.52
v 202.24 118.15 -12.75
v 187.67 113.97 -11.51
v 182.32 133.85 -3.70
v 196.89 138.03 -4.94
v 182.32 133.85 -3.70
v 173.08 125.88 12.00
v 192.84 118.43 46.36
v 198.53 123.50 36.68
v 178.44 105.97 4.19
v 187.67 113.97 -11.51
v 203.84 103.78 28.94
v 198.15 98.70 38.62
v 173.08 125.88 12.00
v 166.35 116.09 34.05
v 188.70 112.23 59.98
v 192.84 118.43 46.36
v 171.71 96.17 26.23
v 178.44 105.97 4.19
v 198.15 98.70 38.62
v 194.01 92.49 52.23
v 166.35 116.09 34.05
v 158.55 106.04 55.41
v 183.89 105.92 73.19
v 188.70 112.23 59.98
v 163.91 86.11 47.59
v 171.71 96.17 26.23
v 194.01 92.49 52.23
v 189.20 86.18 65.45
v 158.55 106.04 55.41
v 151.67 95.56 77.96
v 179.64 99.37 87.16
v 183.89 105.92 73.19
v 157.04 75.63 70.14
v 163.91 86.11 47.59
v 189.20 86.18 65.45
v 184.95 79.63 79.41
v 151.67 95.56 77.96
v 158.15 91.77 91.97
v 183.65 97.03 95.85
v 179.64 99.37 87.16
v 163.52 71.84 84.15
v 157.04 75.63 70.14
v 184.95 79.63 79.41
v 188.96 77.29 88.10
v 158.15 91.77 91.97
v 164.59 88.06 105.61
v 187.64 94.75 104.31
v 183.65 97.03 95.85
v 169.95 68.13 97.79
v 163.52 71.84 84.15
v 188.96 77.29 88.10
v 192.95 75.01 96.56
v 164.59 88.06 105.61
v 169.36 83.82 119.32
v 190.58 92.15 112.82
v 187.64 94.75 104.31
v 174.72 63.89 111.50
v 169.95 68.13 97.79
v 192.95 75.01 96.56
v 195.90 72.41 105.07
v 169.36 83.82 119.32
v 177.00 80.82 131.70
v 195.31 90.33 120.51
v 190.58 92.15 112.82
v 182.36 60.90 123.88
v 174.72 63.89 111.50
v 195.90 72.41 105.07
v 200.63 70.59 112.76
v 177.00 80.82 131.70
v 187.89 79.37 142.39
v 202.05 89.46 127.15
v 195.31 90.33 120.51
v 193.25 59.45 134.57
v 182.36 60.90 123.88
v 200.63 70.59 112.76
v 207.36 69.73 119.41
v 187.89 79.37 142.39
v 201.05 78.89 152.22
v 210.21 89.19 133.26
v 202.05 89.46 127.15
v 206.42 58.97 144.40
v 193.25 59.45 134.57
v 207.36 69.73 119.41
v 215.52 69.46 125.51
v 201.05 78.89 152.22
v 214.46 77.89 163.40
v 218.51 88.62 140.20
v 210.21 89.19 133.26
v 219.81 57.98 155.58
v 206.42 58.97 144.40
v 215.52 69.46 125.51
v 223.82 68.88 132.46
v 214.46 77.89 163.40
v 228.52 78.93 170.15
v 227.22 89.28 144.40
v 218.51 88.62 140.20
v 233.88 59.02 162.34
v 219.81 57.98 155.58
v 223.82 68.88 132.46
v 232.53 69.55 136.65
v 228.52 78.93 170.15
v 242.77 77.88 181.97
v 236.04 88.68 151.75
v 227.22 89.28 144.40
v 248.12 57.97 174.16
v 233.88 59.02 162.34
v 232.53 69.55 136.65
v 241.35 68.95 144.01
v 242.77 77.88 181.97
v 255.00 79.51 186.16
v 243.62 89.69 154.35
v 236.04 88.68 151.75
v 260.35 59.60 178.35
v 248.12 57.97 174.16
v 241.35 68.95 144.01
v 248.93 69.96 146.60
v 255.00 79.51 186.16
v 276.28 74.34 212.08
v 256.78 86.63 170.47
v 243.62 89.69 154.35
v 281.63 54.46 204.28
v 260.35 59.60 178.35
v 248.93 69.96 146.60
v 262.09 66.90 162.73
v 276.28 74.34 212.08
v 269.48 89.83 171.26
v 252.63 95.98 145.06
v 256.78 86.63 170.47
v 274.84 69.91 163.44
v 281.63 54.46 204.28
v 262.09 66.90 162.73
v 257.94 76.24 137.32
v 269.48 89.83 171.26
v 279.79 97.27 160.21
v 259.04 100.53 138.19
v 252.63 95.98 145.06
v 285.15 77.35 152.39
v 274.84 69.91 163.44
v 257.94 76.24 137.32
v 264.35 80.79 130.44
v 279.79 97.27 160.21
v 290.50 106.73 144.27
v 265.70 106.33 128.28
v 259.04 100.53 138.19
v 295.87 86.80 136.45
v 285.15 77.35 152.39
v 264.35 80.79 130.44
v 271.01 86.59 120.53
v 290.50 106.73 144.27
v 285.54 115.24 119.49
v 262.63 111.58 112.91
v 265.70 106.33 128.28
v 290.90 95.30 111.67
v 295.87 86.80 136.45
v 271.01 86.59 120.53
v 267.94 91.84 105.16
v 285.54 115.24 119.49
v 289.59 121.61 106.00
v 265.14 115.54 104.54
v 262.63 111.58 112.91
v 294.95 101.67 98.18
v 290.90 95.30 111.67
v 267.94 91.84 105.16
v 270.45 95.80 96.80
v 289.59 121.61 106.00
v 281.53 124.96 91.59
v 260.13 117.64 95.62
v 265.14 115.54 104.54
v 286.89 105.03 83.77
v 294.95 101.67 98.18
v 270.45 95.80 96.80
v 265.45 97.90 87.88
v 281.53 124.96 91.59
v 275.17 127.90 79.35
v 256.18 119.49 88.04
v 260.13 117.64 95.62
v 280.53 107.97 71.52
v 286.89 105.03 83.77
v 265.45 97.90 87.88
v 261.50 99.76 80.29
v 275.17 127.90 79.35
v 280.77 136.45 60.45
v 259.63 124.87 76.35
v 256.18 119.49 88.04
v 286.13 116.53 52.63
v 280.53 107.97 71.52
v 261.50 99.76 80.29
v 264.95 105.13 68.61
v 280.77 136.45 60.45
v 269.58 135.63 54.60
v 252.70 124.38 72.73
v 259.63 124.87 76.35
v 274.94 115.72 46.78
v 286.13 116.53 52.63
v 264.95 105.13 68.61
v 258.01 104.64 64.99
v 269.58 135.63 54.60
v 258.81 141.65 30.19
v 245.98 128.24 57.65
v 252.70 124.38 72.73
v 264.17 121.75 22.38
v 274.94 115.72 46.78
v 258.01 104.64 64.99
v 251.29 108.51 49.91
v 258.81 141.65 30.19
v 236.90 138.68 22.48
v 232.39 126.41 52.88
v 245.98 128.24 57.65
v 242.26 118.78 14.67
v 264.17 121.75 22.38
v 251.29 108.51 49.91
v 237.70 106.69 45.13
v 236.90 138.68 22.48
v 218.34 133.46 23.52
v 220.90 123.14 53.51
v 232.39 126.41 52.88
v 223.70 113.55 15.71
v 242.26 118.78 14.67
v 237.70 106.69 45.13
v 226.21 103.41 45.77
v 218.34 133.46 23.52
v 196.89 138.03 -4.94
v 207.55 126.13 35.92
v 220.90 123.14 53.51
v 202.24 118.15 -12.75
v 223.70 113.55 15.71
v 226.21 103.41 45.77
v 212.86 106.41 28.18
v 196.89 138.03 -4.94
v 182.32 133.85 -3.70
v 198.53 123.50 36.68
v 207.55 126.13 35.92
v 187.67 113.97 -11.51
v 202.24 118.15 -12.75
v 212.86 106.41 28.18
v 203.84 103.78 28.94
v 198.53 123.50 36.68
v 192.84 118.43 46.36
v 209.53 111.94 75.21
v 212.27 114.45 70.55
v 198.15 98.70 38.62
v 203.84 103.78 28.94
v 217.74 94.15 62.58
v 215.00 91.65 67.25
v 192.84 118.43 46.36
v 188.70 112.23 59.98
v 207.54 108.89 81.78
v 209.53 111.94 75.21
v 194.01 92.49 52.23
v 198.15 98.70 38.62
v 215.00 91.65 67.25
v 213.01 88.59 73.82
v 188.70 112.23 59.98
v 183.89 105.92 73.19
v 205.22 105.80 88.16
v 207.54 108.89 81.78
v 189.20 86.18 65.45
v 194.01 92.49 52.23
v 213.01 88.59 73.82
v 210.69 85.50 80.20
v 183.89 105.92 73.19
v 179.64 99.37 87.16
v 203.17 102.62 94.91
v 205.22 105.80 88.16
v 184.95 79.63 79.41
v 189.20 86.18 65.45
v 210.69 85.50 80.20
v 208.64 82.32 86.94
v 179.64 99.37 87.16
v 183.65 97.03 95.85
v 205.11 101.49 99.12
v 203.17 102.62 94.91
v 188.96 77.29 88.10
v 184.95 79.63 79.41
v 208.64 82.32 86.94
v 210.58 81.19 91.15
v 183.65 97.03 95.85
v 187.64 94.75 104.31
v 207.04 100.39 103.21
v 205.11 101.49 99.12
v 192.95 75.01 96.56
v 188.96 77.29 88.10
v 210.58 81.19 91.15
v 212.50 80.09 95.25
v 187.64 94.75 104.31
v 190.58 92.15 112.82
v 208.46 99.14 107.34
v 207.04 100.39 103.21
v 195.90 72.41 105.07
v 192.95 75.01 96.56
v 212.50 80.09 95.25
v 213.93 78.84 99.37
v 190.58 92.15 112.82
v 195.31 90.33 120.51
v 210.75 98.28 111.06
v 208.46 99.14 107.34
v 200.63 70.59 112.76
v 195.90 72.41 105.07
v 213.93 78.84 99.37
v 216.21 77.98 103.10
v 195.31 90.33 120.51
v 202.05 89.46 127.15
v 214.01 97.87 114.28
v 210.75 98.28 111.06
v 207.36 69.73 119.41
v 200.63 70.59 112.76
v 216.21 77.98 103.10
v 219.47 77.58 106.32
v 202.05 89.46 127.15
v 210.21 89.19 133.26
v 217.95 97.76 117.24
v 214.01 97.87 114.28
v 215.52 69.46 125.51
v 207.36 69.73 119.41
v 219.47 77.58 106.32
v 223.41 77.46 109.28
v 210.21 89.19 133.26
v 218.51 88.62 140.20
v 221.96 97.49 120.61
v 217.95 97.76 117.24
v 223.82 68.88 132.46
v 215.52 69.46 125.51
v 223.41 77.46 109.28
v 227.42 77.20 112.65
v 218.51 88.62 140.20
v 227.22 89.28 144.40
v 226.17 97.82 122.64
v 221.96 97.49 120.61
v 232.53 69.55 136.65
v 223.82 68.88 132.46
v 227.42 77.20 112.65
v 231.64 77.53 114.68
v 227.22 89.28 144.40
v 236.04 88.68 151.75
v 230.44 97.55 126.21
v 226.17 97.82 122.64
v 241.35 68.95 144.01
v 232.53 69.55 136.65
v 231.64 77.53 114.68
v 235.90 77.25 118.24
v 236.04 88.68 151.75
v 243.62 89.69 154.35
v 234.10 98.04 127.46
v 230.44 97.55 126.21
v 248.93 69.96 146.60
v 241.35 68.95 144.01
v 235.90 77.25 118.24
v 239.57 77.75 119.50
v 243.62 89.69 154.35
v 256.78 86.63 170.47
v 240.46 96.61 135.29
v 234.10 98.04 127.46
v 262.09 66.90 162.73
v 248.93 69.96 146.60
v 239.57 77.75 119.50
v 245.92 76.32 127.33
v 256.78 86.63 170.47
v 252.63 95.98 145.06
v 238.48 101.04 122.96
v 240.46 96.61 135.29
v 257.94 76.24 137.32
v 262.09 66.90 162.73
v 245.92 76.32 127.33
v 243.94 80.74 114.99
v 252.63 95.98 145.06
v 259.04 100.53 138.19
v 241.58 103.21 119.62
v 238.48 101.04 122.96
v 264.35 80.79 130.44
v 257.94 76.24 137.32
v 243.94 80.74 114.99
v 247.05 82.92 111.65
v 259.04 100.53 138.19
v 265.70 106.33 128.28
v 244.81 106.00 114.82
v 241.58 103.21 119.62
v 271.01 86.59 120.53
v 264.35 80.79 130.44
v 247.05 82.92 111.65
v 250.28 85.70 106.85
v 265.70 106.33 128.28
v 262.63 111.58 112.91
v 243.33 108.53 107.37
v 244.81 106.00 114.82
v 267.94 91.84 105.16
v 271.01 86.59 120.53
v 250.28 85.70 106.85
v 248.79 88.23 99.41
v 262.63 111.58 112.91
v 265.14 115.54 104.54
v 244.54 110.44 103.33
v 243.33 108.53 107.37
v 270.45 95.80 96.80
v 267.94 91.84 105.16
v 248.79 88.23 99.41
v 250.01 90.15 95.36
v 265.14 115.54 104.54
v 260.13 117.64 95.62
v 242.12 111.47 99.01
v 244.54 110.44 103.33
v 265.45 97.90 87.88
v 270.45 95.80 96.80
v 250.01 90.15 95.36
v 247.58 91.17 91.05
v 260.13 117.64 95.62
v 256.18 119.49 88.04
v 240.21 112.38 95.35
v 242.12 111.47 99.01
v 261.50 99.76 80.29
v 265.45 97.90 87.88
v 247.58 91.17 91.05
v 245.67 92.08 87.38
v 256.18 119.49 88.04
v 259.63 124.87 76.35
v 241.87 115.01 89.71
v 240.21 112.38 95.35
v 264.95 105.13 68.61
v 261.50 99.76 80.29
v 245.67 92.08 87.38
v 247.33 94.71 81.74
v 259.63 124.87 76.35
v 252.70 124.38 72.73
v 238.51 114.78 87.96
v 241.87 115.01 89.71
v 258.01 104.64 64.99
v 264.95 105.13 68.61
v 247.33 94.71 81.74
v 243.97 94.49 79.99
v 252.70 124.38 72.73
v 245.98 128.24 57.65
v 235.24 116.70 80.68
v 238.51 114.78 87.96
v 251.29 108.51 49.91
v 258.01 104.64 64.99
v 243.97 94.49 79.99
v 240.71 96.41 72.71
v 245.98 128.24 57.65
v 232.39 126.41 52.88
v 228.67 115.82 78.37
v 235.24 116.70 80.68
v 237.70 106.69 45.13
v 251.29 108.51 49.91
v 240.71 96.41 72.71
v 234.13 95.53 70.41
v 232.39 126.41 52.88
v 220.90 123.14 53.51
v 223.11 114.23 78.67
v 228.67 115.82 78.37
v 226.21 103.41 45.77
v 237.70 106.69 45.13
v 234.13 95.53 70.41
v 228.57 93.93 70.71
v 220.90 123.14 53.51
v 207.55 126.13 35.92
v 216.63 115.74 70.19
v 223.11 114.23 78.67
v 212.86 106.41 28.18
v 226.21 103.41 45.77
v 228.57 93.93 70.71
v 222.10 95.45 62.23
v 207.55 126.13 35.92
v 198.53 123.50 36.68
v 212.27 114.45 70.55
v 216.63 115.74 70.19
v 203.84 103.78 28.94
v 212.86 106.41 28.18
v 222.10 95.45 62.23
v 217.74 94.15 62.58
v 212.27 114.45 70.55
v 209.53 111.94 75.21
v 225.23 105.68 102.19
v 215.00 91.65 67.25
v 217.74 94.15 62.58
v 230.86 84.78 93.99
v 209.53 111.94 75.21
v 207.54 108.89 81.78
v 225.23 105.68 102.19
v 213.01 88.59 73.82
v 215.00 91.65 67.25
v 230.86 84.78 93.99
v 207.54 108.89 81.78
v 205.22 105.80 88.16
v 225.23 105.68 102.19
v 210.69 85.50 80.20
v 213.01 88.59 73.82
v 230.86 84.78 93.99
v 205.22 105.80 88.16
v 203.17 102.62 94.91
v 225.23 105.68 102.19
v 208.64 82.32 86.94
v 210.69 85.50 80.20
v 230.86 84.78 93.99
v 203.17 102.62 94.91
v 205.11 101.49 99.12
v 225.23 105.68 102.19
v 210.58 81.19 91.15
v 208.64 82.32 86.94
v 230.86 84.78 93.99
v 205.11 101.49 99.12
v 207.04 100.39 103.21
v 225.23 105.68 102.19
v 212.50 80.09 95.25
v 210.58 81.19 91.15
v 230.86 84.78 93.99
v 207.04 100.39 103.21
v 208.46 99.14 107.34
v 225.23 105.68 102.19
v 213.93 78.84 99.37
v 212.50 80.09 95.25
v 230.86 84.78 93.99
v 208.46 99.14 107.34
v 210.75 98.28 111.06
v 225.23 105.68 102.19
v 216.21 77.98 103.10
v 213.93 78.84 99.37
v 230.86 84.78 93.99
v 210.75 98.28 111.06
v 214.01 97.87 114.28
v 225.23 105.68 102.19
v 219.47 77.58 106.32
v 216.21 77.98 103.10
v 230.86 84.78 93.99
v 214.01 97.87 114.28
v 217.95 97.76 117.24
v 225.23 105.68 102.19
v 223.41 77.46 109.28
v 219.47 77.58 106.32
v 230.86 84.78 93.99
v 217.95 97.76 117.24
v 221.96 97.49 120.61
v 225.23 105.68 102.19
v 227.42 77.20 112.65
v 223.41 77.46 109.28
v 230.86 84.78 93.99
v 221.96 97.49 120.61
v 226.17 97.82 122.64
v 225.23 105.68 102.19
v 231.64 77.53 114.68
v 227.42 77.20 112.65
v 230.86 84.78 93.99
v 226.17 97.82 122.64
v 230.44 97.55 126.21
v 225.23 105.68 102.19
v 235.90 77.25 118.24
v 231.64 77.53 114.68
v 230.86 84.78 93.99
v 230.44 97.55 126.21
v 234.10 98.04 127.46
v 225.23 105.68 102.19
v 239.57 77.75 119.50
v 235.90 77.25 118.24
v 230.86 84.78 93.99
v 234.10 98.04 127.46
v 240.46 96.61 135.29
v 225.23 105.68 102.19
v 245.92 76.32 127.33
v 239.57 77.75 119.50
v 230.86 84.78 93.99
v 240.46 96.61 135.29
v 238.48 101.04 122.96
v 225.23 105.68 102.19
v 243.94 80.74 114.99
v 245.92 76.32 127.33
v 230.86 84.78 93.99
v 238.48 101.04 122.96
v 241.58 103.21 119.62
v 225.23 105.68 102.19
v 247.05 82.92 111.65
v 243.94 80.74 114.99
v 230.86 84.78 93.99
v 241.58 103.21 119.62
v 244.81 106.00 114.82
v 225.23 105.68 102.19
v 250.28 85.70 106.85
v 247.05 82.92 111.65
v 230.86 84.78 93.99
v 244.81 106.00 114.82
v 243.33 108.53 107.37
v 225.23 105.68 102.19
v 248.79 88.23 99.41
v 250.28 85.70 106.85
v 230.86 84.78 93.99
v 243.33 108.53 107.37
v 244.54 110.44 103.33
v 225.23 105.68 102.19
v 250.01 90.15 95.36
v 248.79 88.23 99.41
v 230.86 84.78 93.99
v 244.54 110.44 103.33
v 242.12 111.47 99.01
v 225.23 105.68 102.19
v 247.58 91.17 91.05
v 250.01 90.15 95.36
v 230.86 84.78 93.99
v 242.12 111.47 99.01
v 240.21 112.38 95.35
v 225.23 105.68 102.19
v 245.67 92.08 87.38
v 247.58 91.17 91.05
v 230.86 84.78 93.99
v 240.21 112.38 95.35
v 241.87 115.01 89.71
v 225.23 105.68 102.19
v 247.33 94.71 81.74
v 245.67 92.08 87.38
v 230.86 84.78 93.99
v 241.87 115.01 89.71
v 238.51 114.78 87.96
v 225.23 105.68 102.19
v 243.97 94.49 79.99
v 247.33 94.71 81.74
v 230.86 84.78 93.99
v 238.51 114.78 87.96
v 235.24 116.70 80.68
v 225.23 105.68 102.19
v 240.71 96.41 72.71
v 243.97 94.49 79.99
v 230.86 84.78 93.99
v 235.24 116.70 80.68
v 228.67 115.82 78.37
v 225.23 105.68 102.19
v 234.13 95.53 70.41
v 240.71 96.41 72.71
v 230.86 84.78 93.99
v 228.67 115.82 78.37
v 223.11 114.23 78.67
v 225.23 105.68 102.19
v 228.57 93.93 70.71
v 234.13 95.53 70.41
v 230.86 84.78 93.99
v 223.11 114.23 78.67
v 216.63 115.74 70.19
v 225.23 105.68 102.19
v 222.10 95.45 62.23
v 228.57 93.93 70.71
v 230.86 84.78 93.99
v 216.63 115.74 70.19
v 212.27 114.45 70.55
v 225.23 105.68 102.19
v 217.74 94.15 62.58
v 222.10 95.45 62.23
v 230.86 84.78 93.99
v 291.73 103.65 140.98
v 289.84 102.18 143.44
v 305.74 115.98 159.15
v 308.19 113.62 159.61
v 289.84 102.18 143.44
v 292.04 99.55 143.54
v 304.16 114.90 162.00
v 305.74 115.98 159.15
v 292.04 99.55 143.54
v 293.92 101.02 141.08
v 306.61 112.54 162.46
v 304.16 114.90 162.00
v 293.92 101.02 141.08
v 291.73 103.65 140.98
v 308.19 113.62 159.61
v 306.61 112.54 162.46
v 308.19 113.62 159.61
v 305.74 115.98 159.15
v 321.11 134.64 168.88
v 319.92 134.04 172.04
v 305.74 115.98 159.15
v 304.16 114.90 162.00
v 318.56 136.88 168.36
v 321.11 134.64 168.88
v 304.16 114.90 162.00
v 306.61 112.54 162.46
v 317.37 136.27 171.52
v 318.56 136.88 168.36
v 306.61 112.54 162.46
v 308.19 113.62 159.61
v 319.92 134.04 172.04
v 317.37 136.27 171.52
v 319.92 134.04 172.04
v 321.11 134.64 168.88
v 337.17 151.86 181.50
v 334.78 154.29 181.07
v 321.11 134.64 168.88
v 318.56 136.88 168.36
v 338.28 152.39 178.30
v 337.17 151.86 181.50
v 318.56 136.88 168.36
v 317.37 136.27 171.52
v 335.89 154.82 177.87
v 338.28 152.39 178.30
v 317.37 136.27 171.52
v 319.92 134.04 172.04
v 334.78 154.29 181.07
v 335.89 154.82 177.87
v 334.78 154.29 181.07
v 337.17 151.86 181.50
v 351.57 173.12 189.53
v 352.64 173.61 186.30
v 337.17 151.86 181.50
v 338.28 152.39 178.30
v 354.00 170.75 189.98
v 351.57 173.12 189.53
v 338.28 152.39 178.30
v 335.89 154.82 177.87
v 355.08 171.23 186.76
v 354.00 170.75 189.98
v 335.89 154.82 177.87
v 334.78 154.29 181.07
v 352.64 173.61 186.30
v 355.08 171.23 186.76
v 293.92 101.02 141.08
v 292.04 99.55 143.54
v 289.84 102.18 143.44
v 291.73 103.65 140.98
v 352.64 173.61 186.30
v 351.57 173.12 189.53
v 354.00 170.75 189.98
v 355.08 171.23 186.76
v 236.58 132.50 21.88
v 240.20 133.43 22.00
v 231.36 154.18 17.86
v 231.94 152.29 14.70
v 240.20 133.43 22.00
v 240.48 132.78 18.33
v 234.21 156.45 17.03
v 231.36 154.18 17.86
v 240.48 132.78 18.33
v 236.86 131.85 18.22
v 234.79 154.55 13.87
v 234.21 156.45 17.03
v 236.86 131.85 18.22
v 236.58 132.50 21.88
v 231.94 152.29 14.70
v 234.79 154.55 13.87
v 231.94 152.29 14.70
v 231.36 154.18 17.86
v 215.68 153.07 1.59
v 216.02 156.29 -0.27
v 231.36 154.18 17.86
v 234.21 156.45 17.03
v 213.94 154.86 4.37
v 215.68 153.07 1.59
v 234.21 156.45 17.03
v 234.79 154.55 13.87
v 214.28 158.08 2.51
v 213.94 154.86 4.37
v 234.79 154.55 13.87
v 231.94 152.29 14.70
v 216.02 156.29 -0.27
v 214.28 158.08 2.51
v 216.02 156.29 -0.27
v 215.68 153.07 1.59
v 194.50 147.58 -6.21
v 193.34 149.44 -3.19
v 215.68 153.07 1.59
v 213.94 154.86 4.37
v 195.79 144.84 -4.02
v 194.50 147.58 -6.21
v 213.94 154.86 4.37
v 214.28 158.08 2.51
v 194.63 146.71 -1.00
v 195.79 144.84 -4.02
v 214.28 158.08 2.51
v 216.02 156.29 -0.27
v 193.34 149.44 -3.19
v 194.63 146.71 -1.00
v 193.34 149.44 -3.19
v 194.50 147.58 -6.21
v 174.18 137.22 -0.01
v 176.06 134.85 2.18
v 194.50 147.58 -6.21
v 195.79 144.84 -4.02
v 175.01 135.13 -2.99
v 174.18 137.22 -0.01
v 195.79 144.84 -4.02
v 194.63 146.71 -1.00
v 176.89 132.76 -0.80
v 175.01 135.13 -2.99
v 194.63 146.71 -1.00
v 193.34 149.44 -3.19
v 176.06 134.85 2.18
v 176.89 132.76 -0.80
v 236.86 131.85 18.22
v 240.48 132.78 18.33
v 240.20 133.43 22.00
v 236.58 132.50 21.88
v 176.06 134.85 2.18
v 174.18 137.22 -0.01
v 175.01 135.13 -2.99
v 176.89 132.76 -0.80
v -214.91 386.01 32.55
v -226.32 376.66 43.08
v -222.79 388.71 56.44
v -211.37 398.07 45.93
v -226.32 376.66 43.08
v -271.12 389.52 40.28
v -267.59 401.52 53.60
v -222.79 388.71 56.44
v -271.12 389.52 40.28
v -248.99 357.07 64.88
v -245.46 369.09 78.22
v -267.59 401.52 53.60
v -248.99 357.07 64.88
v -245.95 337.47 81.80
v -242.42 349.50 95.13
v -245.46 369.09 78.22
v -245.95 337.47 81.80
v -222.58 308.14 103.45
v -219.04 320.19 116.81
v -242.42 349.50 95.13
v -222.58 308.14 103.45
v -199.90 280.95 123.21
v -196.36 293.01 136.59
v -219.04 320.19 116.81
v -199.90 280.95 123.21
v -187.49 253.48 145.54
v -183.95 265.55 158.94
v -196.36 293.01 136.59
v -187.49 253.48 145.54
v -172.34 222.99 170.14
v -168.79 235.08 183.55
v -183.95 265.55 158.94
v -172.34 222.99 170.14
v -146.12 207.74 177.77
v -142.56 219.84 191.20
v -168.79 235.08 183.55
v -146.12 207.74 177.77
v -109.59 192.12 182.60
v -106.03 204.23 196.03
v -142.56 219.84 191.20
v -109.59 192.12 182.60
v -66.86 177.18 184.28
v -63.31 189.28 197.70
v -106.03 204.23 196.03
v -66.86 177.18 184.28
v -31.97 177.27 173.51
v -28.43 189.36 186.91
v -63.31 189.28 197.70
v -31.97 177.27 173.51
v 31.65 144.17 183.23
v 35.18 156.21 196.57
v -28.43 189.36 186.91
v 31.65 144.17 183.23
v 4.84 189.07 150.75
v 8.37 201.11 164.12
v 35.18 156.21 196.57
v 4.84 189.07 150.75
v 14.74 202.65 135.03
v 18.27 214.68 148.38
v 8.37 201.11 164.12
v 14.74 202.65 135.03
v 41.27 212.72 116.91
v 44.79 224.72 130.23
v 18.27 214.68 148.38
v 41.27 212.72 116.91
v -12.21 254.57 96.73
v -8.68 266.62 110.10
v 44.79 224.72 130.23
v -12.21 254.57 96.73
v 7.18 271.45 75.52
v 10.71 283.49 88.87
v -8.68 266.62 110.10
v 7.18 271.45 75.52
v -1.04 293.12 58.93
v 2.50 305.17 72.30
v 10.71 283.49 88.87
v -1.04 293.12 58.93
v -35.67 320.48 45.35
v -32.12 332.56 58.75
v 2.50 305.17 72.30
v -35.67 320.48 45.35
v -78.02 345.96 35.01
v -74.47 358.06 48.44
v -32.12 332.56 58.75
v -78.02 345.96 35.01
v -119.53 368.60 26.07
v -115.98 380.71 39.50
v -74.47 358.06 48.44
v -119.53 368.60 26.07
v -158.72 389.58 17.22
v -155.17 401.68 30.65
v -115.98 380.71 39.50
v -158.72 389.58 17.22
v -190.21 400.48 14.75
v -186.66 412.57 28.16
v -155.17 401.68 30.65
v -190.21 400.48 14.75
v -198.78 389.06 26.51
v -195.23 401.14 39.91
v -186.66 412.57 28.16
v -198.78 389.06 26.51
v -214.91 386.01 32.55
v -211.37 398.07 45.93
v -195.23 401.14 39.91
v -211.37 398.07 45.93
v -222.79 388.71 56.44
v -178.89 351.95 79.66
v -171.84 357.64 73.03
v -226.32 376.66 43.08
v -214.91 386.01 32.55
v -175.62 344.76 58.74
v -182.67 339.07 65.38
v -222.79 388.71 56.44
v -267.59 401.52 53.60
v -206.57 360.24 78.29
v -178.89 351.95 79.66
v -271.12 389.52 40.28
v -226.32 376.66 43.08
v -182.67 339.07 65.38
v -210.34 347.39 64.03
v -267.59 401.52 53.60
v -245.46 369.09 78.22
v -192.88 340.00 93.40
v -206.57 360.24 78.29
v -248.99 357.07 64.88
v -271.12 389.52 40.28
v -210.34 347.39 64.03
v -196.66 327.13 79.14
v -245.46 369.09 78.22
v -242.42 349.50 95.13
v -191.00 327.84 103.88
v -192.88 340.00 93.40
v -245.95 337.47 81.80
v -248.99 357.07 64.88
v -196.66 327.13 79.14
v -194.78 314.98 89.62
v -242.42 349.50 95.13
v -219.04 320.19 116.81
v -176.55 309.51 117.14
v -191.00 327.84 103.88
v -222.58 308.14 103.45
v -245.95 337.47 81.80
v -194.78 314.98 89.62
v -180.33 296.64 102.87
v -219.04 320.19 116.81
v -196.36 293.01 136.59
v -162.53 292.52 129.25
v -176.55 309.51 117.14
v -199.90 280.95 123.21
v -222.58 308.14 103.45
v -180.33 296.64 102.87
v -166.31 279.64 114.96
v -196.36 293.01 136.59
v -183.95 265.55 158.94
v -154.87 275.39 142.99
v -162.53 292.52 129.25
v -187.49 253.48 145.54
v -199.90 280.95 123.21
v -166.31 279.64 114.96
v -158.65 262.51 128.70
v -183.95 265.55 158.94
v -168.79 235.08 183.55
v -145.51 256.37 158.11
v -154.87 275.39 142.99
v -172.34 222.99 170.14
v -187.49 253.48 145.54
v -158.65 262.51 128.70
v -149.29 243.48 143.81
v -168.79 235.08 183.55
v -142.56 219.84 191.20
v -129.28 246.83 162.74
v -145.51 256.37 158.11
v -146.12 207.74 177.77
v -172.34 222.99 170.14
v -149.29 243.48 143.81
v -133.06 233.93 148.44
v -142.56 219.84 191.20
v -106.03 204.23 196.03
v -106.64 237.10 165.69
v -129.28 246.83 162.74
v -109.59 192.12 182.60
v -146.12 207.74 177.77
v -133.06 233.93 148.44
v -110.42 224.20 151.38
v -106.03 204.23 196.03
v -63.31 189.28 197.70
v -80.13 227.89 166.79
v -106.64 237.10 165.69
v -66.86 177.18 184.28
v -109.59 192.12 182.60
v -110.42 224.20 151.38
v -83.92 214.99 152.48
v -63.31 189.28 197.70
v -28.43 189.36 186.91
v -58.46 228.10 160.28
v -80.13 227.89 166.79
v -31.97 177.27 173.51
v -66.86 177.18 184.28
v -83.92 214.99 152.48
v -62.24 215.22 145.99
v -28.43 189.36 186.91
v 35.18 156.21 196.57
v -18.91 207.93 166.70
v -58.46 228.10 160.28
v 31.65 144.17 183.23
v -31.97 177.27 173.51
v -62.24 215.22 145.99
v -22.68 195.06 152.43
v 35.18 156.21 196.57
v 8.37 201.11 164.12
v -35.56 235.67 146.46
v -18.91 207.93 166.70
v 4.84 189.07 150.75
v 31.65 144.17 183.23
v -22.68 195.06 152.43
v -39.34 222.79 132.18
v 8.37 201.11 164.12
v 18.27 214.68 148.38
v -29.39 244.18 136.81
v -35.56 235.67 146.46
v 14.74 202.65 135.03
v 4.84 189.07 150.75
v -39.34 222.79 132.18
v -33.17 231.31 122.54
v 18.27 214.68 148.38
v 44.79 224.72 130.23
v -12.88 250.64 125.82
v -29.39 244.18 136.81
v 41.27 212.72 116.91
v 14.74 202.65 135.03
v -33.17 231.31 122.54
v -16.66 237.78 111.56
v 44.79 224.72 130.23
v -8.68 266.62 110.10
v -46.15 276.22 112.90
v -12.88 250.64 125.82
v -12.21 254.57 96.73
v 41.27 212.72 116.91
v -16.66 237.78 111.56
v -49.93 263.35 98.62
v -8.68 266.62 110.10
v 10.71 283.49 88.87
v -34.10 286.78 99.85
v -46.15 276.22 112.90
v 7.18 271.45 75.52
v -12.21 254.57 96.73
v -49.93 263.35 98.62
v -37.88 273.91 85.58
v 10.71 283.49 88.87
v 2.50 305.17 72.30
v -39.22 300.13 89.48
v -34.10 286.78 99.85
v -1.04 293.12 58.93
v 7.18 271.45 75.52
v -37.88 273.91 85.58
v -42.99 287.26 75.20
v 2.50 305.17 72.30
v -32.12 332.56 58.75
v -60.75 316.89 80.83
v -39.22 300.13 89.48
v -35.67 320.48 45.35
v -1.04 293.12 58.93
v -42.99 287.26 75.20
v -64.53 304.01 66.54
v -32.12 332.56 58.75
v -74.47 358.06 48.44
v -87.05 332.53 74.25
v -60.75 316.89 80.83
v -78.02 345.96 35.01
v -35.67 320.48 45.35
v -64.53 304.01 66.54
v -90.84 319.64 59.95
v -74.47 358.06 48.44
v -115.98 380.71 39.50
v -112.80 346.52 68.65
v -87.05 332.53 74.25
v -119.53 368.60 26.07
v -78.02 345.96 35.01
v -90.84 319.64 59.95
v -116.59 333.63 54.34
v -115.98 380.71 39.50
v -155.17 401.68 30.65
v -137.09 359.56 63.20
v -112.80 346.52 68.65
v -158.72 389.58 17.22
v -119.53 368.60 26.07
v -116.59 333.63 54.34
v -140.88 346.66 48.89
v -155.17 401.68 30.65
v -186.66 412.57 28.16
v -156.58 366.42 61.78
v -137.09 359.56 63.20
v -190.21 400.48 14.75
v -158.72 389.58 17.22
v -140.88 346.66 48.89
v -160.36 353.53 47.48
v -186.66 412.57 28.16
v -195.23 401.14 39.91
v -161.87 359.43 69.17
v -156.58 366.42 61.78
v -198.78 389.06 26.51
v -190.21 400.48 14.75
v -160.36 353.53 47.48
v -165.65 346.55 54.88
v -195.23 401.14 39.91
v -211.37 398.07 45.93
v -171.84 357.64 73.03
v -161.87 359.43 69.17
v -214.91 386.01 32.55
v -198.78 389.06 26.51
v -165.65 346.55 54.88
v -175.62 344.76 58.74
v -171.84 357.64 73.03
v -178.89 351.95 79.66
v -142.01 320.69 98.89
v -138.61 323.40 95.63
v -182.67 339.07 65.38
v -175.62 344.76 58.74
v -142.38 310.58 81.40
v -145.77 307.86 84.66
v -178.89 351.95 79.66
v -206.57 360.24 78.29
v -155.36 324.85 98.39
v -142.01 320.69 98.89
v -210.34 347.39 64.03
v -182.67 339.07 65.38
v -145.77 307.86 84.66
v -159.12 312.03 84.17
v -206.57 360.24 78.29
v -192.88 340.00 93.40
v -148.76 315.00 105.64
v -155.36 324.85 98.39
v -196.66 327.13 79.14
v -210.34 347.39 64.03
v -159.12 312.03 84.17
v -152.52 302.17 91.41
v -192.88 340.00 93.40
v -191.00 327.84 103.88
v -147.85 309.11 110.71
v -148.76 315.00 105.64
v -194.78 314.98 89.62
v -196.66 327.13 79.14
v -152.52 302.17 91.41
v -151.61 296.29 96.48
v -191.00 327.84 103.88
v -176.55 309.51 117.14
v -140.87 300.18 117.05
v -147.85 309.11 110.71
v -180.33 296.64 102.87
v -194.78 314.98 89.62
v -151.61 296.29 96.48
v -144.64 287.35 102.82
v -176.55 309.51 117.14
v -162.53 292.52 129.25
v -134.11 291.89 122.84
v -140.87 300.18 117.05
v -166.31 279.64 114.96
v -180.33 296.64 102.87
v -144.64 287.35 102.82
v -137.87 279.07 108.61
v -162.53 292.52 129.25
v -154.87 275.39 142.99
v -130.41 283.57 129.45
v -134.11 291.89 122.84
v -158.65 262.51 128.70
v -166.31 279.64 114.96
v -137.87 279.07 108.61
v -134.17 270.74 115.22
v -154.87 275.39 142.99
v -145.51 256.37 158.11
v -125.90 274.31 136.70
v -130.41 283.57 129.45
v -149.29 243.48 143.81
v -158.65 262.51 128.70
v -134.17 270.74 115.22
v -129.66 261.48 122.47
v -145.51 256.37 158.11
v -129.28 246.83 162.74
v -118.05 269.65 138.90
v -125.90 274.31 136.70
v -133.06 233.93 148.44
v -149.29 243.48 143.81
v -129.66 261.48 122.47
v -121.82 256.82 124.67
v -129.28 246.83 162.74
v -106.64 237.10 165.69
v -107.11 264.93 140.30
v -118.05 269.65 138.90
v -110.42 224.20 151.38
v -133.06 233.93 148.44
v -121.82 256.82 124.67
v -110.87 252.09 126.07
v -106.64 237.10 165.69
v -80.13 227.89 166.79
v -94.27 260.49 140.86
v -107.11 264.93 140.30
v -83.92 214.99 152.48
v -110.42 224.20 151.38
v -110.87 252.09 126.07
v -98.04 247.66 126.63
v -80.13 227.89 166.79
v -58.46 228.10 160.28
v -83.77 260.67 137.79
v -94.27 260.49 140.86
v -62.24 215.22 145.99
v -83.92 214.99 152.48
v -98.04 247.66 126.63
v -87.53 247.84 123.56
v -58.46 228.10 160.28
v -18.91 207.93 166.70
v -64.58 251.06 141.07
v -83.77 260.67 137.79
v -22.68 195.06 152.43
v -62.24 215.22 145.99
v -87.53 247.84 123.56
v -68.35 238.24 126.84
v -18.91 207.93 166.70
v -35.56 235.67 146.46
v -72.65 264.44 131.23
v -64.58 251.06 141.07
v -39.34 222.79 132.18
v -22.68 195.06 152.43
v -68.35 238.24 126.84
v -76.42 251.61 117.00
v -35.56 235.67 146.46
v -29.39 244.18 136.81
v -69.66 268.60 126.60
v -72.65 264.44 131.23
v -33.17 231.31 122.54
v -39.34 222.79 132.18
v -76.42 251.61 117.00
v -73.42 255.78 112.38
v -29.39 244.18 136.81
v -12.88 250.64 125.82
v -61.64 271.82 121.39
v -69.66 268.60 126.60
v -16.66 237.78 111.56
v -33.17 231.31 122.54
v -73.42 255.78 112.38
v -65.40 259.00 107.17
v -12.88 250.64 125.82
v -46.15 276.22 112.90
v -77.78 284.04 114.96
v -61.64 271.82 121.39
v -49.93 263.35 98.62
v -16.66 237.78 111.56
v -65.40 259.00 107.17
v -81.55 271.21 100.73
v -46.15 276.22 112.90
v -34.10 286.78 99.85
v -71.94 289.19 108.69
v -77.78 284.04 114.96
v -37.88 273.91 85.58
v -49.93 263.35 98.62
v -81.55 271.21 100.73
v -75.70 276.37 94.47
v -34.10 286.78 99.85
v -39.22 300.13 89.48
v -74.43 295.61 103.63
v -71.94 289.19 108.69
v -42.99 287.26 75.20
v -37.88 273.91 85.58
v -75.70 276.37 94.47
v -78.19 282.79 89.40
v -39.22 300.13 89.48
v -60.75 316.89 80.83
v -84.87 303.63 99.35
v -74.43 295.61 103.63
v -64.53 304.01 66.54
v -42.99 287.26 75.20
v -78.19 282.79 89.40
v -88.64 290.80 85.12
v -60.75 316.89 80.83
v -87.05 332.53 74.25
v -97.62 311.13 96.09
v -84.87 303.63 99.35
v -90.84 319.64 59.95
v -64.53 304.01 66.54
v -88.64 290.80 85.12
v -101.39 298.30 81.86
v -87.05 332.53 74.25
v -112.80 346.52 68.65
v -110.09 317.88 93.35
v -97.62 311.13 96.09
v -116.59 333.63 54.34
v -90.84 319.64 59.95
v -101.39 298.30 81.86
v -113.85 305.05 79.12
v -112.80 346.52 68.65
v -137.09 359.56 63.20
v -121.84 324.20 90.73
v -110.09 317.88 93.35
v -140.88 346.66 48.89
v -116.59 333.63 54.34
v -113.85 305.05 79.12
v -125.60 311.37 76.50
v -137.09 359.56 63.20
v -156.58 366.42 61.78
v -131.25 327.57 90.10
v -121.84 324.20 90.73
v -160.36 353.53 47.48
v -140.88 346.66 48.89
v -125.60 311.37 76.50
v -135.02 314.74 75.87
v -156.58 366.42 61.78
v -161.87 359.43 69.17
v -133.80 324.22 93.71
v -131.25 327.57 90.10
v -165.65 346.55 54.88
v -160.36 353.53 47.48
v -135.02 314.74 75.87
v -137.57 311.39 79.48
v -161.87 359.43 69.17
v -171.84 357.64 73.03
v -138.61 323.40 95.63
v -133.80 324.22 93.71
v -175.62 344.76 58.74
v -165.65 346.55 54.88
v -137.57 311.39 79.48
v -142.38 310.58 81.40
v -138.61 323.40 95.63
v -142.01 320.69 98.89
v -107.51 291.14 116.65
v -145.77 307.86 84.66
v -142.38 310.58 81.40
v -111.31 278.19 102.28
v -142.01 320.69 98.89
v -155.36 324.85 98.39
v -107.51 291.14 116.65
v -159.12 312.03 84.17
v -145.77 307.86 84.66
v -111.31 278.19 102.28
v -155.36 324.85 98.39
v -148.76 315.00 105.64
v -107.51 291.14 116.65
v -152.52 302.17 91.41
v -159.12 312.03 84.17
v -111.31 278.19 102.28
v -148.76 315.00 105.64
v -147.85 309.11 110.71
v -107.51 291.14 116.65
v -151.61 296.29 96.48
v -152.52 302.17 91.41
v -111.31 278.19 102.28
v -147.85 309.11 110.71
v -140.87 300.18 117.05
v -107.51 291.14 116.65
v -144.64 287.35 102.82
v -151.61 296.29 96.48
v -111.31 278.19 102.28
v -140.87 300.18 117.05
v -134.11 291.89 122.84
v -107.51 291.14 116.65
v -137.87 279.07 108.61
v -144.64 287.35 102.82
v -111.31 278.19 102.28
v -134.11 291.89 122.84
v -130.41 283.57 129.45
v -107.51 291.14 116.65
v -134.17 270.74 115.22
v -137.87 279.07 108.61
v -111.31 278.19 102.28
v -130.41 283.57 129.45
v -125.90 274.31 136.70
v -107.51 291.14 116.65
v -129.66 261.48 122.47
v -134.17 270.74 115.22
v -111.31 278.19 102.28
v -125.90 274.31 136.70
v -118.05 269.65 138.90
v -107.51 291.14 116.65
v -121.82 256.82 124.67
v -129.66 261.48 122.47
v -111.31 278.19 102.28
v -118.05 269.65 138.90
v -107.11 264.93 140.30
v -107.51 291.14 116.65
v -110.87 252.09 126.07
v -121.82 256.82 124.67
v -111.31 278.19 102.28
v -107.11 264.93 140.30
v -94.27 260.49 140.86
v -107.51 291.14 116.65
v -98.04 247.66 126.63
v -110.87 252.09 126.07
v -111.31 278.19 102.28
v -94.27 260.49 140.86
v -83.77 260.67 137.79
v -107.51 291.14 116.65
v -87.53 247.84 123.56
v -98.04 247.66 126.63
v -111.31 278.19 102.28
v -83.77 260.67 137.79
v -64.58 251.06 141.07
v -107.51 291.14 116.65
v -68.35 238.24 126.84
v -87.53 247.84 123.56
v -111.31 278.19 102.28
v -64.58 251.06 141.07
v -72.65 264.44 131.23
v -107.51 291.14 116.65
v -76.42 251.61 117.00
v -68.35 238.24 126.84
v -111.31 278.19 102.28
v -72.65 264.44 131.23
v -69.66 268.60 126.60
v -107.51 291.14 116.65
v -73.42 255.78 112.38
v -76.42 251.61 117.00
v -111.31 278.19 102.28
v -69.66 268.60 126.60
v -61.64 271.82 121.39
v -107.51 291.14 116.65
v -65.40 259.00 107.17
v -73.42 255.78 112.38
v -111.31 278.19 102.28
v -61.64 271.82 121.39
v -77.78 284.04 114.96
v -107.51 291.14 116.65
v -81.55 271.21 100.73
v -65.40 259.00 107.17
v -111.31 278.19 102.28
v -77.78 284.04 114.96
v -71.94 289.19 108.69
v -107.51 291.14 116.65
v -75.70 276.37 94.47
v -81.55 271.21 100.73
v -111.31 278.19 102.28
v -71.94 289.19 108.69
v -74.43 295.61 103.63
v -107.51 291.14 116.65
v -78.19 282.79 89.40
v -75.70 276.37 94.47
v -111.31 278.19 102.28
v -74.43 295.61 103.63
v -84.87 303.63 99.35
v -107.51 291.14 116.65
v -88.64 290.80 85.12
v -78.19 282.79 89.40
v -111.31 278.19 102.28
v -84.87 303.63 99.35
v -97.62 311.13 96.09
v -107.51 291.14 116.65
v -101.39 298.30 81.86
v -88.64 290.80 85.12
v -111.31 278.19 102.28
v -97.62 311.13 96.09
v -110.09 317.88 93.35
v -107.51 291.14 116.65
v -113.85 305.05 79.12
v -101.39 298.30 81.86
v -111.31 278.19 102.28
v -110.09 317.88 93.35
v -121.84 324.20 90.73
v -107.51 291.14 116.65
v -125.60 311.37 76.50
v -113.85 305.05 79.12
v -111.31 278.19 102.28
v -121.84 324.20 90.73
v -131.25 327.57 90.10
v -107.51 291.14 116.65
v -135.02 314.74 75.87
v -125.60 311.37 76.50
v -111.31 278.19 102.28
v -131.25 327.57 90.10
v -133.80 324.22 93.71
v -107.51 291.14 116.65
v -137.57 311.39 79.48
v -135.02 314.74 75.87
v -111.31 278.19 102.28
v -133.80 324.22 93.71
v -138.61 323.40 95.63
v -107.51 291.14 116.65
v -142.38 310.58 81.40
v -137.57 311.39 79.48
v -111.31 278.19 102.28
v -223.38 385.99 55.95
v -222.11 388.02 53.78
v -237.37 396.85 57.96
v -239.05 395.38 55.61
v -222.11 388.02 53.78
v -223.66 386.46 51.41
v -236.02 398.81 55.77
v -237.37 396.85 57.96
v -223.66 386.46 51.41
v -224.93 384.42 53.58
v -237.70 397.35 53.42
v -236.02 398.81 55.77
v -224.93 384.42 53.58
v -223.38 385.99 55.95
v -239.05 395.38 55.61
v -237.70 397.35 53.42
v -239.05 395.38 55.61
v -237.37 396.85 57.96
v -251.84 408.11 58.16
v -250.56 410.13 55.98
v -237.37 396.85 57.96
v -236.02 398.81 55.77
v -249.59 409.00 60.31
v -251.84 408.11 58.16
v -236.02 398.81 55.77
v -237.70 397.35 53.42
v -248.31 411.02 58.14
v -249.59 409.00 60.31
v -237.70 397.35 53.42
v -239.05 395.38 55.61
v -250.56 410.13 55.98
v -248.31 411.02 58.14
v -250.56 410.13 55.98
v -251.84 408.11 58.16
v -259.23 423.49 65.08
v -256.79 424.13 67.11
v -251.84 408.11 58.16
v -249.59 409.00 60.31
v -260.15 421.02 66.96
v -259.23 423.49 65.08
v -249.59 409.00 60.31
v -248.31 411.02 58.14
v -257.71 421.66 69.00
v -260.15 421.02 66.96
v -248.31 411.02 58.14
v -250.56 410.13 55.98
v -256.79 424.13 67.11
v -257.71 421.66 69.00
v -256.79 424.13 67.11
v -259.23 423.49 65.08
v -269.58 432.98 76.64
v -270.24 430.27 78.28
v -259.23 423.49 65.08
v -260.15 421.02 66.96
v -271.79 432.17 74.41
v -269.58 432.98 76.64
v -260.15 421.02 66.96
v -257.71 421.66 69.00
v -272.45 429.45 76.05
v -271.79 432.17 74.41
v -257.71 421.66 69.00
v -256.79 424.13 67.11
v -270.24 430.27 78.28
v -272.45 429.45 76.05
v -224.93 384.42 53.58
v -223.66 386.46 51.41
v -222.11 388.02 53.78
v -223.38 385.99 55.95
v -270.24 430.27 78.28
v -269.58 432.98 76.64
v -271.79 432.17 74.41
v -272.45 429.45 76.05
v -225.11 384.78 52.93
v -222.60 385.24 51.85
v -229.47 393.61 46.54
v -230.02 391.81 44.50
v -222.60 385.24 51.85
v -223.16 383.47 49.78
v -226.98 394.10 45.44
v -229.47 393.61 46.54
v -223.16 383.47 49.78
v -225.67 383.01 50.86
v -227.52 392.30 43.40
v -226.98 394.10 45.44
v -225.67 383.01 50.86
v -225.11 384.78 52.93
v -230.02 391.81 44.50
v -227.52 392.30 43.40
v -230.02 391.81 44.50
v -229.47 393.61 46.54
v -234.83 400.47 37.90
v -232.34 400.99 36.78
v -229.47 393.61 46.54
v -226.98 394.10 45.44
v -234.13 401.98 40.12
v -234.83 400.47 37.90
v -226.98 394.10 45.44
v -227.52 392.30 43.40
v -231.65 402.49 39.00
v -234.13 401.98 40.12
v -227.52 392.30 43.40
v -230.02 391.81 44.50
v -232.34 400.99 36.78
v -231.65 402.49 39.00
v -232.34 400.99 36.78
v -234.83 400.47 37.90
v -236.06 411.25 33.24
v -235.37 412.77 35.45
v -234.83 400.47 37.90
v -234.13 401.98 40.12
v -238.69 411.16 34.11
v -236.06 411.25 33.24
v -234.13 401.98 40.12
v -231.65 402.49 39.00
v -238.00 412.68 36.33
v -238.69 411.16 34.11
v -231.65 402.49 39.00
v -232.34 400.99 36.78
v -235.37 412.77 35.45
v -238.00 412.68 36.33
v -235.37 412.77 35.45
v -236.06 411.25 33.24
v -236.04 421.30 27.47
v -238.73 421.64 28.07
v -236.06 411.25 33.24
v -238.69 411.16 34.11
v -236.71 419.44 25.53
v -236.04 421.30 27.47
v -238.69 411.16 34.11
v -238.00 412.68 36.33
v -239.40 419.78 26.12
v -236.71 419.44 25.53
v -238.00 412.68 36.33
v -235.37 412.77 35.45
v -238.73 421.64 28.07
v -239.40 419.78 26.12
v -225.67 383.01 50.86
v -223.16 383.47 49.78
v -222.60 385.24 51.85
v -225.11 384.78 52.93
v -238.73 421.64 28.07
v -236.04 421.30 27.47
v -236.71 419.44 25.53
v -239.40 419.78 26.12
v 0.21 302.26 69.22
v 2.55 301.23 69.52
v 4.79 311.93 66.64
v 4.97 311.57 64.09
v 2.55 301.23 69.52
v 2.58 300.56 67.04
v 7.07 310.79 66.96
v 4.79 311.93 66.64
v 2.58 300.56 67.04
v 0.24 301.58 66.73
v 7.25 310.43 64.41
v 7.07 310.79 66.96
v 0.24 301.58 66.73
v 0.21 302.26 69.22
v 4.97 311.57 64.09
v 7.25 310.43 64.41
v 4.97 311.57 64.09
v 4.79 311.93 66.64
v 10.29 320.93 64.68
v 12.73 320.16 64.96
v 4.79 311.93 66.64
v 7.07 310.79 66.96
v 10.20 321.56 67.18
v 10.29 320.93 64.68
v 7.07 310.79 66.96
v 7.25 310.43 64.41
v 12.65 320.79 67.45
v 10.20 321.56 67.18
v 7.25 310.43 64.41
v 4.97 311.57 64.09
v 12.73 320.16 64.96
v 12.65 320.79 67.45
v 12.73 320.16 64.96
v 10.29 320.93 64.68
v 13.96 329.82 59.74
v 13.99 330.75 62.14
v 10.29 320.93 64.68
v 10.20 321.56 67.18
v 11.47 330.43 59.52
v 13.96 329.82 59.74
v 10.20 321.56 67.18
v 12.65 320.79 67.45
v 11.49 331.36 61.93
v 11.47 330.43 59.52
v 12.65 320.79 67.45
v 12.73 320.16 64.96
v 13.99 330.75 62.14
v 11.49 331.36 61.93
v 13.99 330.75 62.14
v 13.96 329.82 59.74
v 18.12 340.43 59.80
v 15.74 341.36 59.46
v 13.96 329.82 59.74
v 11.47 330.43 59.52
v 18.22 339.78 57.31
v 18.12 340.43 59.80
v 11.47 330.43 59.52
v 11.49 331.36 61.93
v 15.84 340.71 56.97
v 18.22 339.78 57.31
v 11.49 331.36 61.93
v 13.99 330.75 62.14
v 15.74 341.36 59.46
v 15.84 340.71 56.97
v 0.24 301.58 66.73
v 2.58 300.56 67.04
v 2.55 301.23 69.52
v 0.21 302.26 69.22
v 15.74 341.36 59.46
v 18.12 340.43 59.80
v 18.22 339.78 57.31
v 15.84 340.71 56.97
v -106.39 198.10 188.44
v -109.47 198.00 189.34
v -102.23 185.92 201.44
v -102.77 183.55 199.35
v -109.47 198.00 189.34
v -110.00 195.61 187.26
v -105.21 185.58 202.59
v -102.23 185.92 201.44
v -110.00 195.61 187.26
v -106.92 195.70 186.36
v -105.75 183.21 200.50
v -105.21 185.58 202.59
v -106.92 195.70 186.36
v -106.39 198.10 188.44
v -102.77 183.55 199.35
v -105.75 183.21 200.50
v -102.77 183.55 199.35
v -102.23 185.92 201.44
v -94.84 171.71 210.49
v -97.86 171.44 211.56
v -102.23 185.92 201.44
v -105.21 185.58 202.59
v -94.06 173.42 213.09
v -94.84 171.71 210.49
v -105.21 185.58 202.59
v -105.75 183.21 200.50
v -97.07 173.15 214.17
v -94.06 173.42 213.09
v -105.75 183.21 200.50
v -102.77 183.55 199.35
v -97.86 171.44 211.56
v -97.07 173.15 214.17
v -97.86 171.44 211.56
v -94.84 171.71 210.49
v -97.36 154.72 216.86
v -96.34 155.29 219.85
v -94.84 171.71 210.49
v -94.06 173.42 213.09
v -94.32 154.37 215.89
v -97.36 154.72 216.86
v -94.06 173.42 213.09
v -97.07 173.15 214.17
v -93.30 154.95 218.88
v -94.32 154.37 215.89
v -97.07 173.15 214.17
v -97.86 171.44 211.56
v -96.34 155.29 219.85
v -93.30 154.95 218.88
v -96.34 155.29 219.85
v -97.36 154.72 216.86
v -98.66 136.96 221.81
v -95.63 136.48 220.87
v -97.36 154.72 216.86
v -94.32 154.37 215.89
v -99.64 136.76 218.75
v -98.66 136.96 221.81
v -94.32 154.37 215.89
v -93.30 154.95 218.88
v -96.61 136.28 217.82
v -99.64 136.76 218.75
v -93.30 154.95 218.88
v -96.34 155.29 219.85
v -95.63 136.48 220.87
v -96.61 136.28 217.82
v -106.92 195.70 186.36
v -110.00 195.61 187.26
v -109.47 198.00 189.34
v -106.39 198.10 188.44
v -95.63 136.48 220.87
v -98.66 136.96 221.81
v -99.64 136.76 218.75
v -96.61 136.28 217.82
v 268.87 -173.48 -17.33
v 262.89 -170.73 -11.24
v 276.93 -160.17 -2.89
v 282.90 -162.91 -8.98
v 262.89 -170.73 -11.24
v 256.67 -168.81 -3.74
v 270.69 -158.25 4.60
v 276.93 -160.17 -2.89
v 256.67 -168.81 -3.74
v 250.17 -164.19 0.99
v 264.20 -153.63 9.34
v 270.69 -158.25 4.60
v 250.17 -164.19 0.99
v 245.48 -168.15 13.17
v 259.50 -157.60 21.51
v 264.20 -153.63 9.34
v 245.48 -168.15 13.17
v 240.23 -166.77 19.91
v 254.25 -156.22 28.25
v 259.50 -157.60 21.51
v 240.23 -166.77 19.91
v 236.58 -169.48 29.17
v 250.59 -158.94 37.51
v 254.25 -156.22 28.25
v 236.58 -169.48 29.17
v 232.38 -172.76 40.16
v 246.39 -162.21 48.50
v 250.59 -158.94 37.51
v 232.38 -172.76 40.16
v 229.19 -178.21 52.45
v 243.20 -167.66 60.78
v 246.39 -162.21 48.50
v 229.19 -178.21 52.45
v 224.83 -183.27 66.49
v 238.84 -172.73 74.82
v 243.20 -167.66 60.78
v 224.83 -183.27 66.49
v 224.91 -190.90 76.51
v 238.93 -180.35 84.85
v 238.84 -172.73 74.82
v 224.91 -190.90 76.51
v 229.75 -196.98 76.24
v 243.77 -186.43 84.58
v 238.93 -180.35 84.85
v 229.75 -196.98 76.24
v 229.80 -201.92 82.83
v 243.83 -191.36 91.17
v 243.77 -186.43 84.58
v 229.80 -201.92 82.83
v 232.50 -207.25 85.33
v 246.53 -196.69 93.67
v 243.83 -191.36 91.17
v 232.50 -207.25 85.33
v 235.58 -212.15 86.53
v 249.61 -201.59 94.88
v 246.53 -196.69 93.67
v 235.58 -212.15 86.53
v 235.85 -218.70 95.11
v 249.89 -208.14 103.46
v 249.61 -201.59 94.88
v 235.85 -218.70 95.11
v 239.59 -222.55 93.66
v 253.63 -211.98 102.01
v 249.89 -208.14 103.46
v 239.59 -222.55 93.66
v 240.43 -230.06 102.67
v 254.47 -219.49 111.02
v 253.63 -211.98 102.01
v 240.43 -230.06 102.67
v 249.53 -229.56 85.34
v 263.56 -219.01 93.68
v 254.47 -219.49 111.02
v 249.53 -229.56 85.34
v 257.01 -233.59 77.35
v 271.03 -223.03 85.69
v 263.56 -219.01 93.68
v 257.01 -233.59 77.35
v 262.13 -226.39 58.68
v 276.15 -215.85 67.02
v 271.03 -223.03 85.69
v 262.13 -226.39 58.68
v 274.53 -243.23 59.00
v 288.55 -232.68 67.33
v 276.15 -215.85 67.02
v 274.53 -243.23 59.00
v 273.66 -234.34 48.94
v 287.67 -223.79 57.28
v 288.55 -232.68 67.33
v 273.66 -234.34 48.94
v 278.55 -235.89 42.48
v 292.56 -225.35 50.81
v 287.67 -223.79 57.28
v 278.55 -235.89 42.48
v 277.52 -228.67 35.08
v 291.53 -218.12 43.41
v 292.56 -225.35 50.81
v 277.52 -228.67 35.08
v 274.62 -221.03 30.39
v 288.63 -210.49 38.72
v 291.53 -218.12 43.41
v 274.62 -221.03 30.39
v 283.75 -224.86 19.84
v 297.76 -214.31 28.18
v 288.63 -210.49 38.72
v 283.75 -224.86 19.84
v 286.28 -222.00 12.15
v 300.29 -211.45 20.49
v 297.76 -214.31 28.18
v 286.28 -222.00 12.15
v 285.41 -217.34 7.94
v 299.43 -206.79 16.27
v 300.29 -211.45 20.49
v 285.41 -217.34 7.94
v 285.88 -212.21 1.04
v 299.89 -201.66 9.38
v 299.43 -206.79 16.27
v 285.88 -212.21 1.04
v 279.54 -205.14 2.86
v 293.56 -194.59 11.20
v 299.89 -201.66 9.38
v 279.54 -205.14 2.86
v 279.94 -198.85 -5.22
v 293.96 -188.30 3.12
v 293.56 -194.59 11.20
v 279.94 -198.85 -5.22
v 276.09 -192.85 -6.15
v 290.12 -182.29 2.19
v 293.96 -188.30 3.12
v 276.09 -192.85 -6.15
v 273.65 -186.55 -9.65
v 287.67 -176.00 -1.30
v 290.12 -182.29 2.19
v 273.65 -186.55 -9.65
v 270.68 -180.95 -11.51
v 284.71 -170.39 -3.17
v 287.67 -176.00 -1.30
v 270.68 -180.95 -11.51
v 268.87 -173.48 -17.33
v 282.90 -162.91 -8.98
v 284.71 -170.39 -3.17
v 282.90 -162.91 -8.98
v 276.93 -160.17 -2.89
v 273.41 -175.61 20.96
v 276.48 -177.07 17.77
v 262.89 -170.73 -11.24
v 268.87 -173.48 -17.33
v 262.03 -187.95 9.17
v 258.96 -186.49 12.36
v 276.93 -160.17 -2.89
v 270.69 -158.25 4.60
v 270.21 -174.59 24.88
v 273.41 -175.61 20.96
v 256.67 -168.81 -3.74
v 262.89 -170.73 -11.24
v 258.96 -186.49 12.36
v 255.76 -185.46 16.28
v 270.69 -158.25 4.60
v 264.20 -153.63 9.34
v 266.86 -172.16 27.36
v 270.21 -174.59 24.88
v 250.17 -164.19 0.99
v 256.67 -168.81 -3.74
v 255.76 -185.46 16.28
v 252.41 -183.04 18.76
v 264.20 -153.63 9.34
v 259.50 -157.60 21.51
v 264.47 -174.18 33.72
v 266.86 -172.16 27.36
v 245.48 -168.15 13.17
v 250.17 -164.19 0.99
v 252.41 -183.04 18.76
v 250.03 -185.06 25.13
v 259.50 -157.60 21.51
v 254.25 -156.22 28.25
v 261.77 -173.45 37.24
v 264.47 -174.18 33.72
v 240.23 -166.77 19.91
v 245.48 -168.15 13.17
v 250.03 -185.06 25.13
v 247.33 -184.32 28.65
v 254.25 -156.22 28.25
v 250.59 -158.94 37.51
v 259.90 -174.84 42.07
v 261.77 -173.45 37.24
v 236.58 -169.48 29.17
v 240.23 -166.77 19.91
v 247.33 -184.32 28.65
v 245.45 -185.71 33.48
v 250.59 -158.94 37.51
v 246.39 -162.21 48.50
v 257.73 -176.53 47.80
v 259.90 -174.84 42.07
v 232.38 -172.76 40.16
v 236.58 -169.48 29.17
v 245.45 -185.71 33.48
v 243.28 -187.40 39.20
v 246.39 -162.21 48.50
v 243.20 -167.66 60.78
v 256.07 -179.37 54.18
v 257.73 -176.53 47.80
v 229.19 -178.21 52.45
v 232.38 -172.76 40.16
v 243.28 -187.40 39.20
v 241.62 -190.24 45.59
v 243.20 -167.66 60.78
v 238.84 -172.73 74.82
v 253.78 -182.02 61.47
v 256.07 -179.37 54.18
v 224.83 -183.27 66.49
v 229.19 -178.21 52.45
v 241.62 -190.24 45.59
v 239.33 -192.89 52.88
v 238.84 -172.73 74.82
v 238.93 -180.35 84.85
v 253.78 -186.01 66.66
v 253.78 -182.02 61.47
v 224.91 -190.90 76.51
v 224.83 -183.27 66.49
v 239.33 -192.89 52.88
v 239.33 -196.88 58.07
v 238.93 -180.35 84.85
v 243.77 -186.43 84.58
v 256.29 -189.18 66.51
v 253.78 -186.01 66.66
v 229.75 -196.98 76.24
v 224.91 -190.90 76.51
v 239.33 -196.88 58.07
v 241.84 -200.06 57.92
v 243.77 -186.43 84.58
v 243.83 -191.36 91.17
v 256.28 -191.77 69.92
v 256.29 -189.18 66.51
v 229.80 -201.92 82.83
v 229.75 -196.98 76.24
v 241.84 -200.06 57.92
v 241.83 -202.65 61.33
v 243.83 -191.36 91.17
v 246.53 -196.69 93.67
v 257.66 -194.56 71.20
v 256.28 -191.77 69.92
v 232.50 -207.25 85.33
v 229.80 -201.92 82.83
v 241.83 -202.65 61.33
v 243.21 -205.44 62.61
v 246.53 -196.69 93.67
v 249.61 -201.59 94.88
v 259.25 -197.12 71.82
v 257.66 -194.56 71.20
v 235.58 -212.15 86.53
v 232.50 -207.25 85.33
v 243.21 -205.44 62.61
v 244.80 -208.00 63.23
v 249.61 -201.59 94.88
v 249.89 -208.14 103.46
v 259.33 -200.57 76.25
v 259.25 -197.12 71.82
v 235.85 -218.70 95.11
v 235.58 -212.15 86.53
v 244.80 -208.00 63.23
v 244.88 -211.45 67.65
v 249.89 -208.14 103.46
v 253.63 -211.98 102.01
v 261.28 -202.57 75.50
v 259.33 -200.57 76.25
v 239.59 -222.55 93.66
v 235.85 -218.70 95.11
v 244.88 -211.45 67.65
v 246.83 -213.45 66.90
v 253.63 -211.98 102.01
v 254.47 -219.49 111.02
v 261.65 -206.53 80.14
v 261.28 -202.57 75.50
v 240.43 -230.06 102.67
v 239.59 -222.55 93.66
v 246.83 -213.45 66.90
v 247.20 -217.41 71.54
v 254.47 -219.49 111.02
v 263.56 -219.01 93.68
v 266.49 -206.19 71.19
v 261.65 -206.53 80.14
v 249.53 -229.56 85.34
v 240.43 -230.06 102.67
v 247.20 -217.41 71.54
v 252.04 -217.07 62.60
v 263.56 -219.01 93.68
v 271.03 -223.03 85.69
v 270.41 -208.26 67.06
v 266.49 -206.19 71.19
v 257.01 -233.59 77.35
v 249.53 -229.56 85.34
v 252.04 -217.07 62.60
v 255.96 -219.13 58.47
v 271.03 -223.03 85.69
v 276.15 -215.85 67.02
v 273.15 -204.46 57.39
v 270.41 -208.26 67.06
v 262.13 -226.39 58.68
v 257.01 -233.59 77.35
v 255.96 -219.13 58.47
v 258.70 -215.33 48.80
v 276.15 -215.85 67.02
v 288.55 -232.68 67.33
v 279.61 -213.21 57.57
v 273.15 -204.46 57.39
v 274.53 -243.23 59.00
v 262.13 -226.39 58.68
v 258.70 -215.33 48.80
v 265.16 -224.08 48.97
v 288.55 -232.68 67.33
v 287.67 -223.79 57.28
v 279.17 -208.57 52.35
v 279.61 -213.21 57.57
v 273.66 -234.34 48.94
v 274.53 -243.23 59.00
v 265.16 -224.08 48.97
v 264.73 -219.44 43.76
v 287.67 -223.79 57.28
v 292.56 -225.35 50.81
v 281.73 -209.36 49.00
v 279.17 -208.57 52.35
v 278.55 -235.89 42.48
v 273.66 -234.34 48.94
v 264.73 -219.44 43.76
v 267.29 -220.23 40.41
v 292.56 -225.35 50.81
v 291.53 -218.12 43.41
v 281.19 -205.61 45.15
v 281.73 -209.36 49.00
v 277.52 -228.67 35.08
v 278.55 -235.89 42.48
v 267.29 -220.23 40.41
v 266.75 -216.48 36.56
v 291.53 -218.12 43.41
v 288.63 -210.49 38.72
v 279.68 -201.64 42.70
v 281.19 -205.61 45.15
v 274.62 -221.03 30.39
v 277.52 -228.67 35.08
v 266.75 -216.48 36.56
v 265.24 -212.51 34.11
v 288.63 -210.49 38.72
v 297.76 -214.31 28.18
v 284.43 -203.63 37.22
v 279.68 -201.64 42.70
v 283.75 -224.86 19.84
v 274.62 -221.03 30.39
v 265.24 -212.51 34.11
v 269.99 -214.50 28.63
v 297.76 -214.31 28.18
v 300.29 -211.45 20.49
v 285.73 -202.15 33.22
v 284.43 -203.63 37.22
v 286.28 -222.00 12.15
v 283.75 -224.86 19.84
v 269.99 -214.50 28.63
v 271.29 -213.02 24.62
v 300.29 -211.45 20.49
v 299.43 -206.79 16.27
v 285.27 -199.74 31.01
v 285.73 -202.15 33.22
v 285.41 -217.34 7.94
v 286.28 -222.00 12.15
v 271.29 -213.02 24.62
v 270.82 -210.61 22.42
v 299.43 -206.79 16.27
v 299.89 -201.66 9.38
v 285.48 -197.10 27.41
v 285.27 -199.74 31.01
v 285.88 -212.21 1.04
v 285.41 -217.34 7.94
v 270.82 -210.61 22.42
v 271.03 -207.97 18.82
v 299.89 -201.66 9.38
v 293.56 -194.59 11.20
v 282.18 -193.43 28.35
v 285.48 -197.10 27.41
v 279.54 -205.14 2.86
v 285.88 -212.21 1.04
v 271.03 -207.97 18.82
v 267.73 -204.30 19.76
v 293.56 -194.59 11.20
v 293.96 -188.30 3.12
v 282.34 -190.19 24.13
v 282.18 -193.43 28.35
v 279.94 -198.85 -5.22
v 279.54 -205.14 2.86
v 267.73 -204.30 19.76
v 267.89 -201.06 15.53
v 293.96 -188.30 3.12
v 290.12 -182.29 2.19
v 280.33 -187.08 23.63
v 282.34 -190.19 24.13
v 276.09 -192.85 -6.15
v 279.94 -198.85 -5.22
v 267.89 -201.06 15.53
v 265.88 -197.95 15.04
v 290.12 -182.29 2.19
v 287.67 -176.00 -1.30
v 279.03 -183.82 21.80
v 280.33 -187.08 23.63
v 273.65 -186.55 -9.65
v 276.09 -192.85 -6.15
v 265.88 -197.95 15.04
v 264.58 -194.70 13.21
v 287.67 -176.00 -1.30
v 284.71 -170.39 -3.17
v 277.47 -180.92 20.82
v 279.03 -183.82 21.80
v 270.68 -180.95 -11.51
v 273.65 -186.55 -9.65
v 264.58 -194.70 13.21
v 263.02 -191.80 12.22
v 284.71 -170.39 -3.17
v 282.90 -162.91 -8.98
v 276.48 -177.07 17.77
v 277.47 -180.92 20.82
v 268.87 -173.48 -17.33
v 270.68 -180.95 -11.51
v 263.02 -191.80 12.22
v 262.03 -187.95 9.17
v 276.48 -177.07 17.77
v 273.41 -175.61 20.96
v 269.96 -192.08 47.00
v 258.96 -186.49 12.36
v 262.03 -187.95 9.17
v 255.35 -203.08 38.32
v 273.41 -175.61 20.96
v 270.21 -174.59 24.88
v 269.96 -192.08 47.00
v 255.76 -185.46 16.28
v 258.96 -186.49 12.36
v 255.35 -203.08 38.32
v 270.21 -174.59 24.88
v 266.86 -172.16 27.36
v 269.96 -192.08 47.00
v 252.41 -183.04 18.76
v 255.76 -185.46 16.28
v 255.35 -203.08 38.32
v 266.86 -172.16 27.36
v 264.47 -174.18 33.72
v 269.96 -192.08 47.00
v 250.03 -185.06 25.13
v 252.41 -183.04 18.76
v 255.35 -203.08 38.32
v 264.47 -174.18 33.72
v 261.77 -173.45 37.24
v 269.96 -192.08 47.00
v 247.33 -184.32 28.65
v 250.03 -185.06 25.13
v 255.35 -203.08 38.32
v 261.77 -173.45 37.24
v 259.90 -174.84 42.07
v 269.96 -192.08 47.00
v 245.45 -185.71 33.48
v 247.33 -184.32 28.65
v 255.35 -203.08 38.32
v 259.90 -174.84 42.07
v 257.73 -176.53 47.80
v 269.96 -192.08 47.00
v 243.28 -187.40 39.20
v 245.45 -185.71 33.48
v 255.35 -203.08 38.32
v 257.73 -176.53 47.80
v 256.07 -179.37 54.18
v 269.96 -192.08 47.00
v 241.62 -190.24 45.59
v 243.28 -187.40 39.20
v 255.35 -203.08 38.32
v 256.07 -179.37 54.18
v 253.78 -182.02 61.47
v 269.96 -192.08 47.00
v 239.33 -192.89 52.88
v 241.62 -190.24 45.59
v 255.35 -203.08 38.32
v 253.78 -182.02 61.47
v 253.78 -186.01 66.66
v 269.96 -192.08 47.00
v 239.33 -196.88 58.07
v 239.33 -192.89 52.88
v 255.35 -203.08 38.32
v 253.78 -186.01 66.66
v 256.29 -189.18 66.51
v 269.96 -192.08 47.00
v 241.84 -200.06 57.92
v 239.33 -196.88 58.07
v 255.35 -203.08 38.32
v 256.29 -189.18 66.51
v 256.28 -191.77 69.92
v 269.96 -192.08 47.00
v 241.83 -202.65 61.33
v 241.84 -200.06 57.92
v 255.35 -203.08 38.32
v 256.28 -191.77 69.92
v 257.66 -194.56 71.20
v 269.96 -192.08 47.00
v 243.21 -205.44 62.61
v 241.83 -202.65 61.33
v 255.35 -203.08 38.32
v 257.66 -194.56 71.20
v 259.25 -197.12 71.82
v 269.96 -192.08 47.00
v 244.80 -208.00 63.23
v 243.21 -205.44 62.61
v 255.35 -203.08 38.32
v 259.25 -197.12 71.82
v 259.33 -200.57 76.25
v 269.96 -192.08 47.00
v 244.88 -211.45 67.65
v 244.80 -208.00 63.23
v 255.35 -203.08 38.32
v 259.33 -200.57 76.25
v 261.28 -202.57 75.50
v 269.96 -192.08 47.00
v 246.83 -213.45 66.90
v 244.88 -211.45 67.65
v 255.35 -203.08 38.32
v 261.28 -202.57 75.50
v 261.65 -206.53 80.14
v 269.96 -192.08 47.00
v 247.20 -217.41 71.54
v 246.83 -213.45 66.90
v 255.35 -203.08 38.32
v 261.65 -206.53 80.14
v 266.49 -206.19 71.19
v 269.96 -192.08 47.00
v 252.04 -217.07 62.60
v 247.20 -217.41 71.54
v 255.35 -203.08 38.32
v 266.49 -206.19 71.19
v 270.41 -208.26 67.06
v 269.96 -192.08 47.00
v 255.96 -219.13 58.47
v 252.04 -217.07 62.60
v 255.35 -203.08 38.32
v 270.41 -208.26 67.06
v 273.15 -204.46 57.39
v 269.96 -192.08 47.00
v 258.70 -215.33 48.80
v 255.96 -219.13 58.47
v 255.35 -203.08 38.32
v 273.15 -204.46 57.39
v 279.61 -213.21 57.57
v 269.96 -192.08 47.00
v 265.16 -224.08 48.97
v 258.70 -215.33 48.80
v 255.35 -203.08 38.32
v 279.61 -213.21 57.57
v 279.17 -208.57 52.35
v 269.96 -192.08 47.00
v 264.73 -219.44 43.76
v 265.16 -224.08 48.97
v 255.35 -203.08 38.32
v 279.17 -208.57 52.35
v 281.73 -209.36 49.00
v 269.96 -192.08 47.00
v 267.29 -220.23 40.41
v 264.73 -219.44 43.76
v 255.35 -203.08 38.32
v 281.73 -209.36 49.00
v 281.19 -205.61 45.15
v 269.96 -192.08 47.00
v 266.75 -216.48 36.56
v 267.29 -220.23 40.41
v 255.35 -203.08 38.32
v 281.19 -205.61 45.15
v 279.68 -201.64 42.70
v 269.96 -192.08 47.00
v 265.24 -212.51 34.11
v 266.75 -216.48 36.56
v 255.35 -203.08 38.32
v 279.68 -201.64 42.70
v 284.43 -203.63 37.22
v 269.96 -192.08 47.00
v 269.99 -214.50 28.63
v 265.24 -212.51 34.11
v 255.35 -203.08 38.32
v 284.43 -203.63 37.22
v 285.73 -202.15 33.22
v 269.96 -192.08 47.00
v 271.29 -213.02 24.62
v 269.99 -214.50 28.63
v 255.35 -203.08 38.32
v 285.73 -202.15 33.22
v 285.27 -199.74 31.01
v 269.96 -192.08 47.00
v 270.82 -210.61 22.42
v 271.29 -213.02 24.62
v 255.35 -203.08 38.32
v 285.27 -199.74 31.01
v 285.48 -197.10 27.41
v 269.96 -192.08 47.00
v 271.03 -207.97 18.82
v 270.82 -210.61 22.42
v 255.35 -203.08 38.32
v 285.48 -197.10 27.41
v 282.18 -193.43 28.35
v 269.96 -192.08 47.00
v 267.73 -204.30 19.76
v 271.03 -207.97 18.82
v 255.35 -203.08 38.32
v 282.18 -193.43 28.35
v 282.34 -190.19 24.13
v 269.96 -192.08 47.00
v 267.89 -201.06 15.53
v 267.73 -204.30 19.76
v 255.35 -203.08 38.32
v 282.34 -190.19 24.13
v 280.33 -187.08 23.63
v 269.96 -192.08 47.00
v 265.88 -197.95 15.04
v 267.89 -201.06 15.53
v 255.35 -203.08 38.32
v 280.33 -187.08 23.63
v 279.03 -183.82 21.80
v 269.96 -192.08 47.00
v 264.58 -194.70 13.21
v 265.88 -197.95 15.04
v 255.35 -203.08 38.32
v 279.03 -183.82 21.80
v 277.47 -180.92 20.82
v 269.96 -192.08 47.00
v 263.02 -191.80 12.22
v 264.58 -194.70 13.21
v 255.35 -203.08 38.32
v 277.47 -180.92 20.82
v 276.48 -177.07 17.77
v 269.96 -192.08 47.00
v 262.03 -187.95 9.17
v 263.02 -191.80 12.22
v 255.35 -203.08 38.32
v 287.03 -182.40 0.54
v 289.19 -185.12 0.36
v 289.44 -178.63 -27.45
v 286.77 -180.79 -26.92
v 289.19 -185.12 0.36
v 286.48 -187.24 -0.16
v 291.49 -181.35 -28.16
v 289.44 -178.63 -27.45
v 286.48 -187.24 -0.16
v 284.32 -184.52 0.03
v 288.82 -183.51 -27.63
v 291.49 -181.35 -28.16
v 284.32 -184.52 0.03
v 287.03 -182.40 0.54
v 286.77 -180.79 -26.92
v 288.82 -183.51 -27.63
v 286.77 -180.79 -26.92
v 289.44 -178.63 -27.45
v 271.68 -181.04 -49.89
v 273.70 -183.75 -50.71
v 289.44 -178.63 -27.45
v 291.49 -181.35 -28.16
v 273.92 -178.89 -51.45
v 271.68 -181.04 -49.89
v 291.49 -181.35 -28.16
v 288.82 -183.51 -27.63
v 275.94 -181.60 -52.27
v 273.92 -178.89 -51.45
v 288.82 -183.51 -27.63
v 286.77 -180.79 -26.92
v 273.70 -183.75 -50.71
v 275.94 -181.60 -52.27
v 273.70 -183.75 -50.71
v 271.68 -181.04 -49.89
v 261.44 -189.52 -75.05
v 263.27 -187.50 -77.20
v 271.68 -181.04 -49.89
v 273.92 -178.89 -51.45
v 259.59 -186.76 -74.03
v 261.44 -189.52 -75.05
v 273.92 -178.89 -51.45
v 275.94 -181.60 -52.27
v 261.42 -184.74 -76.18
v 259.59 -186.76 -74.03
v 275.94 -181.60 -52.27
v 273.70 -183.75 -50.71
v 263.27 -187.50 -77.20
v 261.42 -184.74 -76.18
v 263.27 -187.50 -77.20
v 261.44 -189.52 -75.05
v 239.28 -191.18 -92.58
v 237.90 -188.36 -91.10
v 261.44 -189.52 -75.05
v 259.59 -186.76 -74.03
v 237.97 -193.16 -90.04
v 239.28 -191.18 -92.58
v 259.59 -186.76 -74.03
v 261.42 -184.74 -76.18
v 236.59 -190.33 -88.56
v 237.97 -193.16 -90.04
v 261.42 -184.74 -76.18
v 263.27 -187.50 -77.20
v 237.90 -188.36 -91.10
v 236.59 -190.33 -88.56
v 284.32 -184.52 0.03
v 286.48 -187.24 -0.16
v 289.19 -185.12 0.36
v 287.03 -182.40 0.54
v 237.90 -188.36 -91.10
v 239.28 -191.18 -92.58
v 237.97 -193.16 -90.04
v 236.59 -190.33 -88.56
v 296.82 -207.20 14.60
v 297.40 -209.15 16.11
v 319.72 -210.53 1.57
v 318.61 -212.12 -0.07
v 297.40 -209.15 16.11
v 296.25 -210.74 14.50
v 320.38 -212.50 3.03
v 319.72 -210.53 1.57
v 296.25 -210.74 14.50
v 295.67 -208.78 12.99
v 319.27 -214.08 1.39
v 320.38 -212.50 3.03
v 295.67 -208.78 12.99
v 296.82 -207.20 14.60
v 318.61 -212.12 -0.07
v 319.27 -214.08 1.39
v 318.61 -212.12 -0.07
v 319.72 -210.53 1.57
v 341.01 -213.33 -13.50
v 342.48 -215.22 -12.68
v 319.72 -210.53 1.57
v 320.38 -212.50 3.03
v 342.08 -211.76 -11.83
v 341.01 -213.33 -13.50
v 320.38 -212.50 3.03
v 319.27 -214.08 1.39
v 343.55 -213.64 -11.00
v 342.08 -211.76 -11.83
v 319.27 -214.08 1.39
v 318.61 -212.12 -0.07
v 342.48 -215.22 -12.68
v 343.55 -213.64 -11.00
v 342.48 -215.22 -12.68
v 341.01 -213.33 -13.50
v 354.37 -201.60 -32.79
v 355.57 -199.98 -31.25
v 341.01 -213.33 -13.50
v 342.08 -211.76 -11.83
v 352.35 -200.06 -32.83
v 354.37 -201.60 -32.79
v 342.08 -211.76 -11.83
v 343.55 -213.64 -11.00
v 353.55 -198.45 -31.28
v 352.35 -200.06 -32.83
v 343.55 -213.64 -11.00
v 342.48 -215.22 -12.68
v 355.57 -199.98 -31.25
v 353.55 -198.45 -31.28
v 355.57 -199.98 -31.25
v 354.37 -201.60 -32.79
v 363.94 -188.02 -53.68
v 361.89 -186.52 -53.65
v 354.37 -201.60 -32.79
v 352.35 -200.06 -32.83
v 362.67 -189.72 -55.07
v 363.94 -188.02 -53.68
v 352.35 -200.06 -32.83
v 353.55 -198.45 -31.28
v 360.62 -188.23 -55.04
v 362.67 -189.72 -55.07
v 353.55 -198.45 -31.28
v 355.57 -199.98 -31.25
v 361.89 -186.52 -53.65
v 360.62 -188.23 -55.04
v 295.67 -208.78 12.99
v 296.25 -210.74 14.50
v 297.40 -209.15 16.11
v 296.82 -207.20 14.60
v 361.89 -186.52 -53.65
v 363.94 -188.02 -53.68
v 362.67 -189.72 -55.07
v 360.62 -188.23 -55.04
v 287.87 -220.05 22.87
v 289.08 -222.20 23.55
v 301.47 -216.12 11.03
v 299.93 -217.48 9.49
v 289.08 -222.20 23.55
v 287.85 -223.49 21.70
v 302.68 -218.28 11.72
v 301.47 -216.12 11.03
v 287.85 -223.49 21.70
v 286.63 -221.33 21.02
v 301.14 -219.64 10.18
v 302.68 -218.28 11.72
v 286.63 -221.33 21.02
v 287.87 -220.05 22.87
v 299.93 -217.48 9.49
v 301.14 -219.64 10.18
v 299.93 -217.48 9.49
v 301.47 -216.12 11.03
v 309.54 -216.99 -5.52
v 310.79 -219.14 -4.87
v 301.47 -216.12 11.03
v 302.68 -218.28 11.72
v 311.49 -215.59 -4.61
v 309.54 -216.99 -5.52
v 302.68 -218.28 11.72
v 301.14 -219.64 10.18
v 312.73 -217.74 -3.96
v 311.49 -215.59 -4.61
v 301.14 -219.64 10.18
v 299.93 -217.48 9.49
v 310.79 -219.14 -4.87
v 312.73 -217.74 -3.96
v 310.79 -219.14 -4.87
v 309.54 -216.99 -5.52
v 316.66 -220.32 -21.92
v 318.84 -218.98 -21.67
v 309.54 -216.99 -5.52
v 311.49 -215.59 -4.61
v 315.34 -218.13 -22.19
v 316.66 -220.32 -21.92
v 311.49 -215.59 -4.61
v 312.73 -217.74 -3.96
v 317.52 -216.79 -21.94
v 315.34 -218.13 -22.19
v 312.73 -217.74 -3.96
v 310.79 -219.14 -4.87
v 318.84 -218.98 -21.67
v 317.52 -216.79 -21.94
v 318.84 -218.98 -21.67
v 316.66 -220.32 -21.92
v 317.74 -219.21 -40.23
v 316.39 -217.02 -40.17
v 316.66 -220.32 -21.92
v 315.34 -218.13 -22.19
v 315.56 -220.56 -40.08
v 317.74 -219.21 -40.23
v 315.34 -218.13 -22.19
v 317.52 -216.79 -21.94
v 314.21 -218.37 -40.02
v 315.56 -220.56 -40.08
v 317.52 -216.79 -21.94
v 318.84 -218.98 -21.67
v 316.39 -217.02 -40.17
v 314.21 -218.37 -40.02
v 286.63 -221.33 21.02
v 287.85 -223.49 21.70
v 289.08 -222.20 23.55
v 287.87 -220.05 22.87
v 316.39 -217.02 -40.17
v 317.74 -219.21 -40.23
v 315.56 -220.56 -40.08
v 314.21 -218.37 -40.02
v 243.54 -164.74 34.85
v 244.31 -163.55 32.07
v 237.36 -156.17 36.79
v 235.01 -157.75 35.48
v 244.31 -163.55 32.07
v 241.87 -165.01 30.78
v 238.35 -155.29 33.97
v 237.36 -156.17 36.79
v 241.87 -165.01 30.78
v 241.11 -166.20 33.56
v 236.00 -156.87 32.65
v 238.35 -155.29 33.97
v 241.11 -166.20 33.56
v 243.54 -164.74 34.85
v 235.01 -157.75 35.48
v 236.00 -156.87 32.65
v 235.01 -157.75 35.48
v 237.36 -156.17 36.79
v 229.09 -149.20 34.71
v 230.33 -148.69 31.89
v 237.36 -156.17 36.79
v 238.35 -155.29 33.97
v 231.12 -147.19 35.97
v 229.09 -149.20 34.71
v 238.35 -155.29 33.97
v 236.00 -156.87 32.65
v 232.36 -146.68 33.15
v 231.12 -147.19 35.97
v 236.00 -156.87 32.65
v 235.01 -157.75 35.48
v 230.33 -148.69 31.89
v 232.36 -146.68 33.15
v 230.33 -148.69 31.89
v 229.09 -149.20 34.71
v 222.94 -141.91 29.61
v 224.94 -139.86 30.86
v 229.09 -149.20 34.71
v 231.12 -147.19 35.97
v 221.49 -142.17 32.36
v 222.94 -141.91 29.61
v 231.12 -147.19 35.97
v 232.36 -146.68 33.15
v 223.48 -140.11 33.61
v 221.49 -142.17 32.36
v 232.36 -146.68 33.15
v 230.33 -148.69 31.89
v 224.94 -139.86 30.86
v 223.48 -140.11 33.61
v 224.94 -139.86 30.86
v 222.94 -141.91 29.61
v 219.91 -131.49 28.00
v 218.30 -131.55 30.67
v 222.94 -141.91 29.61
v 221.49 -142.17 32.36
v 217.73 -133.27 26.65
v 219.91 -131.49 28.00
v 221.49 -142.17 32.36
v 223.48 -140.11 33.61
v 216.12 -133.33 29.32
v 217.73 -133.27 26.65
v 223.48 -140.11 33.61
v 224.94 -139.86 30.86
v 218.30 -131.55 30.67
v 216.12 -133.33 29.32
v 241.11 -166.20 33.56
v 241.87 -165.01 30.78
v 244.31 -163.55 32.07
v 243.54 -164.74 34.85
v 218.30 -131.55 30.67
v 219.91 -131.49 28.00
v 217.73 -133.27 26.65
v 216.12 -133.33 29.32
v 235.53 302.77 55.50
v 213.61 340.38 66.02
v 222.10 341.74 78.63
v 244.02 304.13 68.12
v 213.61 340.38 66.02
v 189.29 370.98 78.61
v 197.76 372.34 91.21
v 222.10 341.74 78.63
v 189.29 370.98 78.61
v 177.93 378.37 85.17
v 186.40 379.74 97.76
v 197.76 372.34 91.21
v 177.93 378.37 85.17
v 165.56 411.89 89.53
v 174.03 413.25 102.12
v 186.40 379.74 97.76
v 165.56 411.89 89.53
v 150.07 350.07 106.33
v 158.54 351.43 118.92
v 174.03 413.25 102.12
v 150.07 350.07 106.33
v 140.37 325.21 115.46
v 148.83 326.58 128.04
v 158.54 351.43 118.92
v 140.37 325.21 115.46
v 127.59 328.66 123.49
v 136.06 330.02 136.07
v 148.83 326.58 128.04
v 127.59 328.66 123.49
v 109.98 339.47 133.86
v 118.44 340.83 146.44
v 136.06 330.02 136.07
v 109.98 339.47 133.86
v 102.56 322.85 140.71
v 111.02 324.21 153.28
v 118.44 340.83 146.44
v 102.56 322.85 140.71
v 82.31 309.13 155.82
v 90.77 310.49 168.39
v 111.02 324.21 153.28
v 82.31 309.13 155.82
v 92.11 259.23 155.21
v 100.57 260.59 167.80
v 90.77 310.49 168.39
v 92.11 259.23 155.21
v 71.05 228.54 173.17
v 79.53 229.90 185.77
v 100.57 260.59 167.80
v 71.05 228.54 173.17
v 81.74 194.68 169.94
v 90.22 196.04 182.54
v 79.53 229.90 185.77
v 81.74 194.68 169.94
v 64.35 153.13 186.97
v 72.84 154.49 199.59
v 90.22 196.04 182.54
v 64.35 153.13 186.97
v 72.53 130.70 184.00
v 81.02 132.06 196.62
v 72.84 154.49 199.59
v 72.53 130.70 184.00
v 60.45 88.59 197.58
v 68.95 89.95 210.22
v 81.02 132.06 196.62
v 60.45 88.59 197.58
v 79.12 80.15 185.43
v 87.62 81.52 198.06
v 68.95 89.95 210.22
v 79.12 80.15 185.43
v 105.68 84.09 166.31
v 114.17 85.45 178.93
v 87.62 81.52 198.06
v 105.68 84.09 166.31
v 131.35 88.56 147.88
v 139.83 89.92 160.48
v 114.17 85.45 178.93
v 131.35 88.56 147.88
v 155.80 92.60 130.46
v 164.27 93.97 143.05
v 139.83 89.92 160.48
v 155.80 92.60 130.46
v 181.97 81.34 113.52
v 190.43 82.70 126.10
v 164.27 93.97 143.05
v 181.97 81.34 113.52
v 197.37 105.64 100.45
v 205.83 107.00 113.03
v 190.43 82.70 126.10
v 197.37 105.64 100.45
v 219.32 112.21 84.79
v 227.78 113.57 97.36
v 205.83 107.00 113.03
v 219.32 112.21 84.79
v 230.52 136.68 74.82
v 238.98 138.04 87.39
v 227.78 113.57 97.36
v 230.52 136.68 74.82
v 248.74 150.31 61.24
v 257.20 151.67 73.82
v 238.98 138.04 87.39
v 248.74 150.31 61.24
v 272.90 161.58 44.01
v 281.37 162.94 56.59
v 257.20 151.67 73.82
v 272.90 161.58 44.01
v 313.12 170.30 16.51
v 321.59 171.66 29.10
v 281.37 162.94 56.59
v 313.12 170.30 16.51
v 304.65 193.89 20.12
v 313.12 195.25 32.72
v 321.59 171.66 29.10
v 304.65 193.89 20.12
v 279.56 230.34 33.45
v 288.05 231.70 46.06
v 313.12 195.25 32.72
v 279.56 230.34 33.45
v 257.34 266.28 44.73
v 265.83 267.64 57.35
v 288.05 231.70 46.06
v 257.34 266.28 44.73
v 235.53 302.77 55.50
v 244.02 304.13 68.12
v 265.83 267.64 57.35
v 244.02 304.13 68.12
v 222.10 341.74 78.63
v 200.12 296.19 97.60
v 213.69 272.87 91.05
v 213.61 340.38 66.02
v 235.53 302.77 55.50
v 205.26 271.51 78.52
v 191.69 294.83 85.07
v 222.10 341.74 78.63
v 197.76 372.34 91.21
v 185.08 315.17 105.48
v 200.12 296.19 97.60
v 189.29 370.98 78.61
v 213.61 340.38 66.02
v 191.69 294.83 85.07
v 176.65 313.82 92.95
v 197.76 372.34 91.21
v 186.40 379.74 97.76
v 178.07 319.76 109.59
v 185.08 315.17 105.48
v 177.93 378.37 85.17
v 189.29 370.98 78.61
v 176.65 313.82 92.95
v 169.64 318.41 97.06
v 186.40 379.74 97.76
v 174.03 413.25 102.12
v 170.43 340.55 112.34
v 178.07 319.76 109.59
v 165.56 411.89 89.53
v 177.93 378.37 85.17
v 169.64 318.41 97.06
v 162.01 339.19 99.82
v 174.03 413.25 102.12
v 158.54 351.43 118.92
v 160.86 302.22 122.81
v 170.43 340.55 112.34
v 150.07 350.07 106.33
v 165.56 411.89 89.53
v 162.01 339.19 99.82
v 152.44 300.87 110.29
v 158.54 351.43 118.92
v 148.83 326.58 128.04
v 154.85 286.81 128.48
v 160.86 302.22 122.81
v 140.37 325.21 115.46
v 150.07 350.07 106.33
v 152.44 300.87 110.29
v 146.43 285.46 115.96
v 148.83 326.58 128.04
v 136.06 330.02 136.07
v 146.96 288.95 133.49
v 154.85 286.81 128.48
v 127.59 328.66 123.49
v 140.37 325.21 115.46
v 146.43 285.46 115.96
v 138.54 287.60 120.97
v 136.06 330.02 136.07
v 118.44 340.83 146.44
v 136.06 295.66 139.97
v 146.96 288.95 133.49
v 109.98 339.47 133.86
v 127.59 328.66 123.49
v 138.54 287.60 120.97
v 127.65 294.31 127.45
v 118.44 340.83 146.44
v 111.02 324.21 153.28
v 131.46 285.36 144.20
v 136.06 295.66 139.97
v 102.56 322.85 140.71
v 109.98 339.47 133.86
v 127.65 294.31 127.45
v 123.04 284.00 131.69
v 111.02 324.21 153.28
v 90.77 310.49 168.39
v 118.91 276.85 153.57
v 131.46 285.36 144.20
v 82.31 309.13 155.82
v 102.56 322.85 140.71
v 123.04 284.00 131.69
v 110.49 275.49 141.06
v 90.77 310.49 168.39
v 100.57 260.59 167.80
v 124.92 245.90 153.10
v 118.91 276.85 153.57
v 92.11 259.23 155.21
v 82.31 309.13 155.82
v 110.49 275.49 141.06
v 116.50 244.55 140.58
v 100.57 260.59 167.80
v 79.53 229.90 185.77
v 111.82 226.86 164.16
v 124.92 245.90 153.10
v 71.05 228.54 173.17
v 92.11 259.23 155.21
v 116.50 244.55 140.58
v 103.39 225.51 151.64
v 79.53 229.90 185.77
v 90.22 196.04 182.54
v 118.41 205.87 162.12
v 111.82 226.86 164.16
v 81.74 194.68 169.94
v 71.05 228.54 173.17
v 103.39 225.51 151.64
v 109.99 204.51 149.59
v 90.22 196.04 182.54
v 72.84 154.49 199.59
v 107.54 180.09 172.55
v 118.41 205.87 162.12
v 64.35 153.13 186.97
v 81.74 194.68 169.94
v 109.99 204.51 149.59
v 99.11 178.74 160.02
v 72.84 154.49 199.59
v 81.02 132.06 196.62
v 112.60 166.18 170.69
v 107.54 180.09 172.55
v 72.53 130.70 184.00
v 64.35 153.13 186.97
v 99.11 178.74 160.02
v 104.17 164.83 158.16
v 81.02 132.06 196.62
v 68.95 89.95 210.22
v 105.02 140.06 178.97
v 112.60 166.18 170.69
v 60.45 88.59 197.58
v 72.53 130.70 184.00
v 104.17 164.83 158.16
v 96.59 138.70 166.43
v 68.95 89.95 210.22
v 87.62 81.52 198.06
v 116.65 134.84 171.52
v 105.02 140.06 178.97
v 79.12 80.15 185.43
v 60.45 88.59 197.58
v 96.59 138.70 166.43
v 108.22 133.48 158.98
v 87.62 81.52 198.06
v 114.17 85.45 178.93
v 133.20 137.29 159.79
v 116.65 134.84 171.52
v 105.68 84.09 166.31
v 79.12 80.15 185.43
v 108.22 133.48 158.98
v 124.78 135.94 147.26
v 114.17 85.45 178.93
v 139.83 89.92 160.48
v 149.19 140.07 148.47
v 133.20 137.29 159.79
v 131.35 88.56 147.88
v 105.68 84.09 166.31
v 124.78 135.94 147.26
v 140.76 138.72 135.94
v 139.83 89.92 160.48
v 164.27 93.97 143.05
v 164.40 142.59 137.74
v 149.19 140.07 148.47
v 155.80 92.60 130.46
v 131.35 88.56 147.88
v 140.76 138.72 135.94
v 155.98 141.24 125.23
v 164.27 93.97 143.05
v 190.43 82.70 126.10
v 180.68 135.62 127.33
v 164.40 142.59 137.74
v 181.97 81.34 113.52
v 155.80 92.60 130.46
v 155.98 141.24 125.23
v 172.26 134.26 114.82
v 190.43 82.70 126.10
v 205.83 107.00 113.03
v 190.24 150.69 119.24
v 180.68 135.62 127.33
v 197.37 105.64 100.45
v 181.97 81.34 113.52
v 172.26 134.26 114.82
v 181.82 149.33 106.73
v 205.83 107.00 113.03
v 227.78 113.57 97.36
v 203.87 154.76 109.55
v 190.24 150.69 119.24
v 219.32 112.21 84.79
v 197.37 105.64 100.45
v 181.82 149.33 106.73
v 195.45 153.41 97.04
v 227.78 113.57 97.36
v 238.98 138.04 87.39
v 210.79 169.93 103.34
v 203.87 154.76 109.55
v 230.52 136.68 74.82
v 219.32 112.21 84.79
v 195.45 153.41 97.04
v 202.37 168.58 90.83
v 238.98 138.04 87.39
v 257.20 151.67 73.82
v 222.07 178.38 94.90
v 210.79 169.93 103.34
v 248.74 150.31 61.24
v 230.52 136.68 74.82
v 202.37 168.58 90.83
v 213.65 177.02 82.38
v 257.20 151.67 73.82
v 281.37 162.94 56.59
v 237.03 185.36 84.18
v 222.07 178.38 94.90
v 272.90 161.58 44.01
v 248.74 150.31 61.24
v 213.65 177.02 82.38
v 228.60 184.01 71.66
v 281.37 162.94 56.59
v 321.59 171.66 29.10
v 261.91 190.76 67.05
v 237.03 185.36 84.18
v 313.12 170.30 16.51
v 272.90 161.58 44.01
v 228.60 184.01 71.66
v 253.48 189.40 54.53
v 321.59 171.66 29.10
v 313.12 195.25 32.72
v 256.61 205.38 69.22
v 261.91 190.76 67.05
v 304.65 193.89 20.12
v 313.12 170.30 16.51
v 253.48 189.40 54.53
v 248.18 204.02 56.70
v 313.12 195.25 32.72
v 288.05 231.70 46.06
v 241.01 227.97 77.42
v 256.61 205.38 69.22
v 279.56 230.34 33.45
v 304.65 193.89 20.12
v 248.18 204.02 56.70
v 232.59 226.61 64.90
v 288.05 231.70 46.06
v 265.83 267.64 57.35
v 227.22 250.25 84.39
v 241.01 227.97 77.42
v 257.34 266.28 44.73
v 279.56 230.34 33.45
v 232.59 226.61 64.90
v 218.79 248.89 71.86
v 265.83 267.64 57.35
v 244.02 304.13 68.12
v 213.69 272.87 91.05
v 227.22 250.25 84.39
v 235.53 302.77 55.50
v 257.34 266.28 44.73
v 218.79 248.89 71.86
v 205.26 271.51 78.52
v 213.69 272.87 91.05
v 200.12 296.19 97.60
v 181.73 257.85 113.76
v 188.29 246.57 110.58
v 191.69 294.83 85.07
v 205.26 271.51 78.52
v 179.80 245.20 97.97
v 173.25 256.49 101.15
v 200.12 296.19 97.60
v 185.08 315.17 105.48
v 174.47 267.04 117.60
v 181.73 257.85 113.76
v 176.65 313.82 92.95
v 191.69 294.83 85.07
v 173.25 256.49 101.15
v 165.99 265.68 104.99
v 185.08 315.17 105.48
v 178.07 319.76 109.59
v 171.09 269.26 119.61
v 174.47 267.04 117.60
v 169.64 318.41 97.06
v 176.65 313.82 92.95
v 165.99 265.68 104.99
v 162.61 267.90 107.00
v 178.07 319.76 109.59
v 170.43 340.55 112.34
v 167.42 279.32 120.97
v 171.09 269.26 119.61
v 162.01 339.19 99.82
v 169.64 318.41 97.06
v 162.61 267.90 107.00
v 158.93 277.96 108.36
v 170.43 340.55 112.34
v 160.86 302.22 122.81
v 162.80 260.78 126.05
v 167.42 279.32 120.97
v 152.44 300.87 110.29
v 162.01 339.19 99.82
v 158.93 277.96 108.36
v 154.32 259.42 113.44
v 160.86 302.22 122.81
v 154.85 286.81 128.48
v 159.89 253.33 128.80
v 162.80 260.78 126.05
v 146.43 285.46 115.96
v 152.44 300.87 110.29
v 154.32 259.42 113.44
v 151.41 251.96 116.19
v 154.85 286.81 128.48
v 146.96 288.95 133.49
v 156.08 254.36 131.24
v 159.89 253.33 128.80
v 138.54 287.60 120.97
v 146.43 285.46 115.96
v 151.41 251.96 116.19
v 147.60 253.00 118.63
v 146.96 288.95 133.49
v 136.06 295.66 139.97
v 150.83 257.61 134.39
v 156.08 254.36 131.24
v 127.65 294.31 127.45
v 138.54 287.60 120.97
v 147.60 253.00 118.63
v 142.34 256.25 121.79
v 136.06 295.66 139.97
v 131.46 285.36 144.20
v 148.60 252.62 136.44
v 150.83 257.61 134.39
v 123.04 284.00 131.69
v 127.65 294.31 127.45
v 142.34 256.25 121.79
v 140.11 251.26 123.83
v 131.46 285.36 144.20
v 118.91 276.85 153.57
v 142.52 248.51 140.97
v 148.60 252.62 136.44
v 110.49 275.49 141.06
v 123.04 284.00 131.69
v 140.11 251.26 123.83
v 134.04 247.14 128.36
v 118.91 276.85 153.57
v 124.92 245.90 153.10
v 145.40 233.53 140.71
v 142.52 248.51 140.97
v 116.50 244.55 140.58
v 110.49 275.49 141.06
v 134.04 247.14 128.36
v 136.92 232.17 128.10
v 124.92 245.90 153.10
v 111.82 226.86 164.16
v 139.04 224.31 146.03
v 145.40 233.53 140.71
v 103.39 225.51 151.64
v 116.50 244.55 140.58
v 136.92 232.17 128.10
v 130.56 222.95 133.42
v 111.82 226.86 164.16
v 118.41 205.87 162.12
v 142.22 214.15 145.01
v 139.04 224.31 146.03
v 109.99 204.51 149.59
v 103.39 225.51 151.64
v 130.56 222.95 133.42
v 133.74 212.79 132.41
v 118.41 205.87 162.12
v 107.54 180.09 172.55
v 136.92 201.67 150.01
v 142.22 214.15 145.01
v 99.11 178.74 160.02
v 109.99 204.51 149.59
v 133.74 212.79 132.41
v 128.44 200.31 137.40
v 107.54 180.09 172.55
v 112.60 166.18 170.69
v 139.37 194.94 149.10
v 136.92 201.67 150.01
v 104.17 164.83 158.16
v 99.11 178.74 160.02
v 128.44 200.31 137.40
v 130.88 193.58 136.49
v 112.60 166.18 170.69
v 105.02 140.06 178.97
v 135.66 182.30 153.05
v 139.37 194.94 149.10
v 96.59 138.70 166.43
v 104.17 164.83 158.16
v 130.88 193.58 136.49
v 127.17 180.93 140.43
v 105.02 140.06 178.97
v 116.65 134.84 171.52
v 141.31 179.77 149.47
v 135.66 182.30 153.05
v 108.22 133.48 158.98
v 96.59 138.70 166.43
v 127.17 180.93 140.43
v 132.82 178.41 136.86
v 116.65 134.84 171.52
v 133.20 137.29 159.79
v 149.35 180.97 143.85
v 141.31 179.77 149.47
v 124.78 135.94 147.26
v 108.22 133.48 158.98
v 132.82 178.41 136.86
v 140.87 179.60 131.24
v 133.20 137.29 159.79
v 149.19 140.07 148.47
v 157.12 182.32 138.42
v 149.35 180.97 143.85
v 140.76 138.72 135.94
v 124.78 135.94 147.26
v 140.87 179.60 131.24
v 148.64 180.95 125.81
v 149.19 140.07 148.47
v 164.40 142.59 137.74
v 164.50 183.54 133.27
v 157.12 182.32 138.42
v 155.98 141.24 125.23
v 140.76 138.72 135.94
v 148.64 180.95 125.81
v 156.02 182.18 120.66
v 164.40 142.59 137.74
v 180.68 135.62 127.33
v 172.41 180.17 128.27
v 164.50 183.54 133.27
v 172.26 134.26 114.82
v 155.98 141.24 125.23
v 156.02 182.18 120.66
v 163.93 178.81 115.66
v 180.68 135.62 127.33
v 190.24 150.69 119.24
v 177.03 187.46 124.36
v 172.41 180.17 128.27
v 181.82 149.33 106.73
v 172.26 134.26 114.82
v 163.93 178.81 115.66
v 168.55 186.10 111.75
v 190.24 150.69 119.24
v 203.87 154.76 109.55
v 183.64 189.44 119.68
v 177.03 187.46 124.36
v 195.45 153.41 97.04
v 181.82 149.33 106.73
v 168.55 186.10 111.75
v 175.16 188.07 107.08
v 203.87 154.76 109.55
v 210.79 169.93 103.34
v 186.98 196.77 116.66
v 183.64 189.44 119.68
v 202.37 168.58 90.83
v 195.45 153.41 97.04
v 175.16 188.07 107.08
v 178.50 195.41 104.06
v 210.79 169.93 103.34
v 222.07 178.38 94.90
v 192.43 200.86 112.57
v 186.98 196.77 116.66
v 213.65 177.02 82.38
v 202.37 168.58 90.83
v 178.50 195.41 104.06
v 183.95 199.50 99.96
v 222.07 178.38 94.90
v 237.03 185.36 84.18
v 199.65 204.24 107.36
v 192.43 200.86 112.57
v 228.60 184.01 71.66
v 213.65 177.02 82.38
v 183.95 199.50 99.96
v 191.17 202.87 94.76
v 237.03 185.36 84.18
v 261.91 190.76 67.05
v 211.67 206.84 99.04
v 199.65 204.24 107.36
v 253.48 189.40 54.53
v 228.60 184.01 71.66
v 191.17 202.87 94.76
v 203.19 205.48 86.44
v 261.91 190.76 67.05
v 256.61 205.38 69.22
v 209.09 213.91 100.06
v 211.67 206.84 99.04
v 248.18 204.02 56.70
v 253.48 189.40 54.53
v 203.19 205.48 86.44
v 200.60 212.55 87.45
v 256.61 205.38 69.22
v 241.01 227.97 77.42
v 201.52 224.84 104.00
v 209.09 213.91 100.06
v 232.59 226.61 64.90
v 248.18 204.02 56.70
v 200.60 212.55 87.45
v 193.04 223.48 91.39
v 241.01 227.97 77.42
v 227.22 250.25 84.39
v 194.84 235.62 107.36
v 201.52 224.84 104.00
v 218.79 248.89 71.86
v 232.59 226.61 64.90
v 193.04 223.48 91.39
v 186.35 234.26 94.75
v 227.22 250.25 84.39
v 213.69 272.87 91.05
v 188.29 246.57 110.58
v 194.84 235.62 107.36
v 205.26 271.51 78.52
v 218.79 248.89 71.86
v 186.35 234.26 94.75
v 179.80 245.20 97.97
v 188.29 246.57 110.58
v 181.73 257.85 113.76
v 164.59 221.93 129.06
v 173.25 256.49 101.15
v 179.80 245.20 97.97
v 155.78 220.51 115.97
v 181.73 257.85 113.76
v 174.47 267.04 117.60
v 164.59 221.93 129.06
v 165.99 265.68 104.99
v 173.25 256.49 101.15
v 155.78 220.51 115.97
v 174.47 267.04 117.60
v 171.09 269.26 119.61
v 164.59 221.93 129.06
v 162.61 267.90 107.00
v 165.99 265.68 104.99
v 155.78 220.51 115.97
v 171.09 269.26 119.61
v 167.42 279.32 120.97
v 164.59 221.93 129.06
v 158.93 277.96 108.36
v 162.61 267.90 107.00
v 155.78 220.51 115.97
v 167.42 279.32 120.97
v 162.80 260.78 126.05
v 164.59 221.93 129.06
v 154.32 259.42 113.44
v 158.93 277.96 108.36
v 155.78 220.51 115.97
v 162.80 260.78 126.05
v 159.89 253.33 128.80
v 164.59 221.93 129.06
v 151.41 251.96 116.19
v 154.32 259.42 113.44
v 155.78 220.51 115.97
v 159.89 253.33 128.80
v 156.08 254.36 131.24
v 164.59 221.93 129.06
v 147.60 253.00 118.63
v 151.41 251.96 116.19
v 155.78 220.51 115.97
v 156.08 254.36 131.24
v 150.83 257.61 134.39
v 164.59 221.93 129.06
v 142.34 256.25 121.79
v 147.60 253.00 118.63
v 155.78 220.51 115.97
v 150.83 257.61 134.39
v 148.60 252.62 136.44
v 164.59 221.93 129.06
v 140.11 251.26 123.83
v 142.34 256.25 121.79
v 155.78 220.51 115.97
v 148.60 252.62 136.44
v 142.52 248.51 140.97
v 164.59 221.93 129.06
v 134.04 247.14 128.36
v 140.11 251.26 123.83
v 155.78 220.51 115.97
v 142.52 248.51 140.97
v 145.40 233.53 140.71
v 164.59 221.93 129.06
v 136.92 232.17 128.10
v 134.04 247.14 128.36
v 155.78 220.51 115.97
v 145.40 233.53 140.71
v 139.04 224.31 146.03
v 164.59 221.93 129.06
v 130.56 222.95 133.42
v 136.92 232.17 128.10
v 155.78 220.51 115.97
v 139.04 224.31 146.03
v 142.22 214.15 145.01
v 164.59 221.93 129.06
v 133.74 212.79 132.41
v 130.56 222.95 133.42
v 155.78 220.51 115.97
v 142.22 214.15 145.01
v 136.92 201.67 150.01
v 164.59 221.93 129.06
v 128.44 200.31 137.40
v 133.74 212.79 132.41
v 155.78 220.51 115.97
v 136.92 201.67 150.01
v 139.37 194.94 149.10
v 164.59 221.93 129.06
v 130.88 193.58 136.49
v 128.44 200.31 137.40
v 155.78 220.51 115.97
v 139.37 194.94 149.10
v 135.66 182.30 153.05
v 164.59 221.93 129.06
v 127.17 180.93 140.43
v 130.88 193.58 136.49
v 155.78 220.51 115.97
v 135.66 182.30 153.05
v 141.31 179.77 149.47
v 164.59 221.93 129.06
v 132.82 178.41 136.86
v 127.17 180.93 140.43
v 155.78 220.51 115.97
v 141.31 179.77 149.47
v 149.35 180.97 143.85
v 164.59 221.93 129.06
v 140.87 179.60 131.24
v 132.82 178.41 136.86
v 155.78 220.51 115.97
v 149.35 180.97 143.85
v 157.12 182.32 138.42
v 164.59 221.93 129.06
v 148.64 180.95 125.81
v 140.87 179.60 131.24
v 155.78 220.51 115.97
v 157.12 182.32 138.42
v 164.50 183.54 133.27
v 164.59 221.93 129.06
v 156.02 182.18 120.66
v 148.64 180.95 125.81
v 155.78 220.51 115.97
v 164.50 183.54 133.27
v 172.41 180.17 128.27
v 164.59 221.93 129.06
v 163.93 178.81 115.66
v 156.02 182.18 120.66
v 155.78 220.51 115.97
v 172.41 180.17 128.27
v 177.03 187.46 124.36
v 164.59 221.93 129.06
v 168.55 186.10 111.75
v 163.93 178.81 115.66
v 155.78 220.51 115.97
v 177.03 187.46 124.36
v 183.64 189.44 119.68
v 164.59 221.93 129.06
v 175.16 188.07 107.08
v 168.55 186.10 111.75
v 155.78 220.51 115.97
v 183.64 189.44 119.68
v 186.98 196.77 116.66
v 164.59 221.93 129.06
v 178.50 195.41 104.06
v 175.16 188.07 107.08
v 155.78 220.51 115.97
v 186.98 196.77 116.66
v 192.43 200.86 112.57
v 164.59 221.93 129.06
v 183.95 199.50 99.96
v 178.50 195.41 104.06
v 155.78 220.51 115.97
v 192.43 200.86 112.57
v 199.65 204.24 107.36
v 164.59 221.93 129.06
v 191.17 202.87 94.76
v 183.95 199.50 99.96
v 155.78 220.51 115.97
v 199.65 204.24 107.36
v 211.67 206.84 99.04
v 164.59 221.93 129.06
v 203.19 205.48 86.44
v 191.17 202.87 94.76
v 155.78 220.51 115.97
v 211.67 206.84 99.04
v 209.09 213.91 100.06
v 164.59 221.93 129.06
v 200.60 212.55 87.45
v 203.19 205.48 86.44
v 155.78 220.51 115.97
v 209.09 213.91 100.06
v 201.52 224.84 104.00
v 164.59 221.93 129.06
v 193.04 223.48 91.39
v 200.60 212.55 87.45
v 155.78 220.51 115.97
v 201.52 224.84 104.00
v 194.84 235.62 107.36
v 164.59 221.93 129.06
v 186.35 234.26 94.75
v 193.04 223.48 91.39
v 155.78 220.51 115.97
v 194.84 235.62 107.36
v 188.29 246.57 110.58
v 164.59 221.93 129.06
v 179.80 245.20 97.97
v 186.35 234.26 94.75
v 155.78 220.51 115.97
v 68.16 152.72 190.80
v 66.86 154.89 191.44
v 63.59 147.96 197.65
v 61.55 147.15 196.23
v 66.86 154.89 191.44
v 64.98 154.26 189.75
v 62.35 150.20 198.16
v 63.59 147.96 197.65
v 64.98 154.26 189.75
v 66.28 152.09 189.11
v 60.31 149.39 196.74
v 62.35 150.20 198.16
v 66.28 152.09 189.11
v 68.16 152.72 190.80
v 61.55 147.15 196.23
v 60.31 149.39 196.74
v 61.55 147.15 196.23
v 63.59 147.96 197.65
v 58.37 144.07 205.01
v 57.15 146.33 205.47
v 63.59 147.96 197.65
v 62.35 150.20 198.16
v 60.54 145.02 206.09
v 58.37 144.07 205.01
v 62.35 150.20 198.16
v 60.31 149.39 196.74
v 59.33 147.28 206.56
v 60.54 145.02 206.09
v 60.31 149.39 196.74
v 61.55 147.15 196.23
v 57.15 146.33 205.47
v 59.33 147.28 206.56
v 57.15 146.33 205.47
v 58.37 144.07 205.01
v 54.54 142.72 214.10
v 56.62 143.56 215.44
v 58.37 144.07 205.01
v 60.54 145.02 206.09
v 55.93 140.68 213.23
v 54.54 142.72 214.10
v 60.54 145.02 206.09
v 59.33 147.28 206.56
v 58.01 141.53 214.57
v 55.93 140.68 213.23
v 59.33 147.28 206.56
v 57.15 146.33 205.47
v 56.62 143.56 215.44
v 58.01 141.53 214.57
v 56.62 143.56 215.44
v 54.54 142.72 214.10
v 53.60 136.72 222.05
v 55.09 134.93 220.87
v 54.54 142.72 214.10
v 55.93 140.68 213.23
v 51.61 136.10 220.48
v 53.60 136.72 222.05
v 55.93 140.68 213.23
v 58.01 141.53 214.57
v 53.10 134.31 219.30
v 51.61 136.10 220.48
v 58.01 141.53 214.57
v 56.62 143.56 215.44
v 55.09 134.93 220.87
v 53.10 134.31 219.30
v 66.28 152.09 189.11
v 64.98 154.26 189.75
v 66.86 154.89 191.44
v 68.16 152.72 190.80
v 55.09 134.93 220.87
v 53.60 136.72 222.05
v 51.61 136.10 220.48
v 53.10 134.31 219.30
v 83.24 228.11 195.22
v 49.02 241.04 193.78
v 45.95 235.87 216.61
v 80.17 222.95 218.04
v 49.02 241.04 193.78
v 24.75 257.31 194.15
v 21.68 252.15 216.98
v 45.95 235.87 216.61
v 24.75 257.31 194.15
v -3.97 271.73 193.23
v -7.04 266.57 216.04
v 21.68 252.15 216.98
v -3.97 271.73 193.23
v -32.39 285.60 191.96
v -35.46 280.44 214.75
v -7.04 266.57 216.04
v -32.39 285.60 191.96
v -60.08 298.66 190.38
v -63.14 293.51 213.16
v -35.46 280.44 214.75
v -60.08 298.66 190.38
v -75.14 268.39 182.25
v -78.21 263.23 205.04
v -63.14 293.51 213.16
v -75.14 268.39 182.25
v -101.15 257.34 176.22
v -104.22 252.18 199.02
v -78.21 263.23 205.04
v -101.15 257.34 176.22
v -109.79 227.98 169.00
v -112.86 222.82 191.82
v -104.22 252.18 199.02
v -109.79 227.98 169.00
v -123.64 206.63 162.55
v -126.71 201.47 185.36
v -112.86 222.82 191.82
v -123.64 206.63 162.55
v -160.14 181.77 152.10
v -163.21 176.60 174.93
v -126.71 201.47 185.36
v -160.14 181.77 152.10
v -175.98 158.20 144.76
v -179.05 153.04 167.58
v -163.21 176.60 174.93
v -175.98 158.20 144.76
v -155.42 154.11 146.61
v -158.49 148.94 169.44
v -179.05 153.04 167.58
v -155.42 154.11 146.61
v -150.82 142.20 144.48
v -153.89 137.04 167.31
v -158.49 148.94 169.44
v -150.82 142.20 144.48
v -132.70 138.45 145.97
v -135.77 133.28 168.79
v -153.89 137.04 167.31
v -132.70 138.45 145.97
v -126.96 124.27 143.30
v -130.03 119.11 166.11
v -135.77 133.28 168.79
v -126.96 124.27 143.30
v -107.44 124.58 145.83
v -110.51 119.42 168.64
v -130.03 119.11 166.11
v -107.44 124.58 145.83
v -94.36 118.97 146.07
v -97.42 113.81 168.87
v -110.51 119.42 168.64
v -94.36 118.97 146.07
v -83.00 110.09 145.20
v -86.07 104.93 167.99
v -97.42 113.81 168.87
v -83.00 110.09 145.20
v -45.41 127.63 154.24
v -48.48 122.47 177.03
v -86.07 104.93 167.99
v -45.41 127.63 154.24
v -6.11 148.60 164.37
v -9.17 143.44 187.16
v -48.48 122.47 177.03
v -6.11 148.60 164.37
v 32.82 170.32 174.64
v 29.75 165.16 197.43
v -9.17 143.44 187.16
v 32.82 170.32 174.64
v 70.72 191.93 184.75
v 67.65 186.77 207.55
v 29.75 165.16 197.43
v 70.72 191.93 184.75
v 107.39 213.09 194.59
v 104.32 207.93 217.39
v 67.65 186.77 207.55
v 107.39 213.09 194.59
v 83.24 228.11 195.22
v 80.17 222.95 218.04
v 104.32 207.93 217.39
v 80.17 222.95 218.04
v 45.95 235.87 216.61
v 8.97 222.51 208.61
v 30.17 214.48 209.55
v 49.02 241.04 193.78
v 83.24 228.11 195.22
v 33.36 219.84 185.88
v 12.15 227.87 184.94
v 45.95 235.87 216.61
v 21.68 252.15 216.98
v -6.08 232.60 208.85
v 8.97 222.51 208.61
v 24.75 257.31 194.15
v 49.02 241.04 193.78
v 12.15 227.87 184.94
v -2.90 237.96 185.18
v 21.68 252.15 216.98
v -7.04 266.57 216.04
v -23.90 241.52 208.34
v -6.08 232.60 208.85
v -3.97 271.73 193.23
v 24.75 257.31 194.15
v -2.90 237.96 185.18
v -20.71 246.88 184.67
v -7.04 266.57 216.04
v -35.46 280.44 214.75
v -41.54 250.09 207.68
v -23.90 241.52 208.34
v -32.39 285.60 191.96
v -3.97 271.73 193.23
v -20.71 246.88 184.67
v -38.35 255.45 184.01
v -35.46 280.44 214.75
v -63.14 293.51 213.16
v -58.73 258.15 206.87
v -41.54 250.09 207.68
v -60.08 298.66 190.38
v -32.39 285.60 191.96
v -38.35 255.45 184.01
v -55.54 263.51 183.22
v -63.14 293.51 213.16
v -78.21 263.23 205.04
v -68.05 239.42 201.67
v -58.73 258.15 206.87
v -75.14 268.39 182.25
v -60.08 298.66 190.38
v -55.54 263.51 183.22
v -64.86 244.78 178.01
v -78.21 263.23 205.04
v -104.22 252.18 199.02
v -84.17 232.56 197.94
v -68.05 239.42 201.67
v -101.15 257.34 176.22
v -75.14 268.39 182.25
v -64.86 244.78 178.01
v -80.99 237.92 174.28
v -104.22 252.18 199.02
v -112.86 222.82 191.82
v -89.51 214.39 193.34
v -84.17 232.56 197.94
v -109.79 227.98 169.00
v -101.15 257.34 176.22
v -80.99 237.92 174.28
v -86.33 219.75 169.67
v -112.86 222.82 191.82
v -126.71 201.47 185.36
v -98.09 201.17 189.29
v -89.51 214.39 193.34
v -123.64 206.63 162.55
v -109.79 227.98 169.00
v -86.33 219.75 169.67
v -94.91 206.52 165.62
v -126.71 201.47 185.36
v -163.21 176.60 174.93
v -120.72 185.75 182.79
v -98.09 201.17 189.29
v -160.14 181.77 152.10
v -123.64 206.63 162.55
v -94.91 206.52 165.62
v -117.53 191.11 159.12
v -163.21 176.60 174.93
v -179.05 153.04 167.58
v -130.53 171.15 178.21
v -120.72 185.75 182.79
v -175.98 158.20 144.76
v -160.14 181.77 152.10
v -117.53 191.11 159.12
v -127.35 176.51 154.54
v -179.05 153.04 167.58
v -158.49 148.94 169.44
v -117.79 168.61 179.36
v -130.53 171.15 178.21
v -155.42 154.11 146.61
v -175.98 158.20 144.76
v -127.35 176.51 154.54
v -114.60 173.97 155.69
v -158.49 148.94 169.44
v -153.89 137.04 167.31
v -114.94 161.23 178.05
v -117.79 168.61 179.36
v -150.82 142.20 144.48
v -155.42 154.11 146.61
v -114.60 173.97 155.69
v -111.75 166.59 154.38
v -153.89 137.04 167.31
v -135.77 133.28 168.79
v -103.71 158.89 178.99
v -114.94 161.23 178.05
v -132.70 138.45 145.97
v -150.82 142.20 144.48
v -111.75 166.59 154.38
v -100.52 164.25 155.32
v -135.77 133.28 168.79
v -130.03 119.11 166.11
v -100.15 150.09 177.39
v -103.71 158.89 178.99
v -126.96 124.27 143.30
v -132.70 138.45 145.97
v -100.52 164.25 155.32
v -96.97 155.45 153.72
v -130.03 119.11 166.11
v -110.51 119.42 168.64
v -88.06 150.28 178.99
v -100.15 150.09 177.39
v -107.44 124.58 145.83
v -126.96 124.27 143.30
v -96.97 155.45 153.72
v -84.87 155.64 155.32
v -110.51 119.42 168.64
v -97.42 113.81 168.87
v -79.95 146.79 179.19
v -88.06 150.28 178.99
v -94.36 118.97 146.07
v -107.44 124.58 145.83
v -84.87 155.64 155.32
v -76.77 152.15 155.53
v -97.42 113.81 168.87
v -86.07 104.93 167.99
v -72.92 141.27 178.74
v -79.95 146.79 179.19
v -83.00 110.09 145.20
v -94.36 118.97 146.07
v -76.77 152.15 155.53
v -69.74 146.62 155.08
v -86.07 104.93 167.99
v -48.48 122.47 177.03
v -49.62 152.14 184.34
v -72.92 141.27 178.74
v -45.41 127.63 154.24
v -83.00 110.09 145.20
v -69.74 146.62 155.08
v -46.43 157.49 160.68
v -48.48 122.47 177.03
v -9.17 143.44 187.16
v -25.24 165.14 190.60
v -49.62 152.14 184.34
v -6.11 148.60 164.37
v -45.41 127.63 154.24
v -46.43 157.49 160.68
v -22.06 170.50 166.94
v -9.17 143.44 187.16
v 29.75 165.16 197.43
v -1.11 178.62 196.94
v -25.24 165.14 190.60
v 32.82 170.32 174.64
v -6.11 148.60 164.37
v -22.06 170.50 166.94
v 2.08 183.97 173.28
v 29.75 165.16 197.43
v 67.65 186.77 207.55
v 22.40 192.02 203.19
v -1.11 178.62 196.94
v 70.72 191.93 184.75
v 32.82 170.32 174.64
v 2.08 183.97 173.28
v 25.58 197.38 179.52
v 67.65 186.77 207.55
v 104.32 207.93 217.39
v 45.13 205.15 209.26
v 22.40 192.02 203.19
v 107.39 213.09 194.59
v 70.72 191.93 184.75
v 25.58 197.38 179.52
v 48.32 210.50 185.60
v 104.32 207.93 217.39
v 80.17 222.95 218.04
v 30.17 214.48 209.55
v 45.13 205.15 209.26
v 83.24 228.11 195.22
v 107.39 213.09 194.59
v 48.32 210.50 185.60
v 33.36 219.84 185.88
v 30.17 214.48 209.55
v 8.97 222.51 208.61
v -22.18 211.26 201.88
v -11.92 207.37 202.35
v 12.15 227.87 184.94
v 33.36 219.84 185.88
v -8.80 212.62 179.15
v -19.06 216.51 178.67
v 8.97 222.51 208.61
v -6.08 232.60 208.85
v -29.46 216.14 202.00
v -22.18 211.26 201.88
v -2.90 237.96 185.18
v 12.15 227.87 184.94
v -19.06 216.51 178.67
v -26.34 221.39 178.79
v -6.08 232.60 208.85
v -23.90 241.52 208.34
v -38.09 220.45 201.78
v -29.46 216.14 202.00
v -20.71 246.88 184.67
v -2.90 237.96 185.18
v -26.34 221.39 178.79
v -34.96 225.70 178.57
v -23.90 241.52 208.34
v -41.54 250.09 207.68
v -46.63 224.58 201.51
v -38.09 220.45 201.78
v -38.35 255.45 184.01
v -20.71 246.88 184.67
v -34.96 225.70 178.57
v -43.51 229.83 178.31
v -41.54 250.09 207.68
v -58.73 258.15 206.87
v -54.96 228.47 201.20
v -46.63 224.58 201.51
v -55.54 263.51 183.22
v -38.35 255.45 184.01
v -43.51 229.83 178.31
v -51.83 233.72 177.99
v -58.73 258.15 206.87
v -68.05 239.42 201.67
v -59.46 219.42 198.61
v -54.96 228.47 201.20
v -64.86 244.78 178.01
v -55.54 263.51 183.22
v -51.83 233.72 177.99
v -56.33 224.67 175.41
v -68.05 239.42 201.67
v -84.17 232.56 197.94
v -67.26 216.10 196.81
v -59.46 219.42 198.61
v -80.99 237.92 174.28
v -64.86 244.78 178.01
v -56.33 224.67 175.41
v -64.13 221.35 173.60
v -84.17 232.56 197.94
v -89.51 214.39 193.34
v -69.84 207.32 194.53
v -67.26 216.10 196.81
v -86.33 219.75 169.67
v -80.99 237.92 174.28
v -64.13 221.35 173.60
v -66.71 212.57 171.32
v -89.51 214.39 193.34
v -98.09 201.17 189.29
v -73.98 200.92 192.55
v -69.84 207.32 194.53
v -94.91 206.52 165.62
v -86.33 219.75 169.67
v -66.71 212.57 171.32
v -70.86 206.18 169.34
v -98.09 201.17 189.29
v -120.72 185.75 182.79
v -84.93 193.47 189.39
v -73.98 200.92 192.55
v -117.53 191.11 159.12
v -94.91 206.52 165.62
v -70.86 206.18 169.34
v -81.81 198.72 166.19
v -120.72 185.75 182.79
v -130.53 171.15 178.21
v -89.68 186.41 187.17
v -84.93 193.47 189.39
v -127.35 176.51 154.54
v -117.53 191.11 159.12
v -81.81 198.72 166.19
v -86.56 191.66 163.96
v -130.53 171.15 178.21
v -117.79 168.61 179.36
v -83.51 185.18 187.72
v -89.68 186.41 187.17
v -114.60 173.97 155.69
v -127.35 176.51 154.54
v -86.56 191.66 163.96
v -80.39 190.43 164.51
v -117.79 168.61 179.36
v -114.94 161.23 178.05
v -82.13 181.60 187.09
v -83.51 185.18 187.72
v -111.75 166.59 154.38
v -114.60 173.97 155.69
v -80.39 190.43 164.51
v -79.01 186.86 163.88
v -114.94 161.23 178.05
v -103.71 158.89 178.99
v -76.70 180.47 187.56
v -82.13 181.60 187.09
v -100.52 164.25 155.32
v -111.75 166.59 154.38
v -79.01 186.86 163.88
v -73.58 185.72 164.35
v -103.71 158.89 178.99
v -100.15 150.09 177.39
v -74.98 176.21 186.80
v -76.70 180.47 187.56
v -96.97 155.45 153.72
v -100.52 164.25 155.32
v -73.58 185.72 164.35
v -71.86 181.46 163.59
v -100.15 150.09 177.39
v -88.06 150.28 178.99
v -69.13 176.29 187.59
v -74.98 176.21 186.80
v -84.87 155.64 155.32
v -96.97 155.45 153.72
v -71.86 181.46 163.59
v -66.01 181.55 164.39
v -88.06 150.28 178.99
v -79.95 146.79 179.19
v -65.21 174.60 187.71
v -69.13 176.29 187.59
v -76.77 152.15 155.53
v -84.87 155.64 155.32
v -66.01 181.55 164.39
v -62.09 179.85 164.51
v -79.95 146.79 179.19
v -72.92 141.27 178.74
v -61.82 171.92 187.53
v -65.21 174.60 187.71
v -69.74 146.62 155.08
v -76.77 152.15 155.53
v -62.09 179.85 164.51
v -58.69 177.17 164.32
v -72.92 141.27 178.74
v -49.62 152.14 184.34
v -50.54 177.18 190.24
v -61.82 171.92 187.53
v -46.43 157.49 160.68
v -69.74 146.62 155.08
v -58.69 177.17 164.32
v -47.42 182.43 167.03
v -49.62 152.14 184.34
v -25.24 165.14 190.60
v -38.75 183.48 193.26
v -50.54 177.18 190.24
v -22.06 170.50 166.94
v -46.43 157.49 160.68
v -47.42 182.43 167.03
v -35.62 188.73 170.05
v -25.24 165.14 190.60
v -1.11 178.62 196.94
v -27.07 190.00 196.32
v -38.75 183.48 193.26
v 2.08 183.97 173.28
v -22.06 170.50 166.94
v -35.62 188.73 170.05
v -23.94 195.25 173.11
v -1.11 178.62 196.94
v 22.40 192.02 203.19
v -15.69 196.49 199.33
v -27.07 190.00 196.32
v 25.58 197.38 179.52
v 2.08 183.97 173.28
v -23.94 195.25 173.11
v -12.57 201.74 176.12
v 22.40 192.02 203.19
v 45.13 205.15 209.26
v -4.69 202.84 202.26
v -15.69 196.49 199.33
v 48.32 210.50 185.60
v 25.58 197.38 179.52
v -12.57 201.74 176.12
v -1.57 208.09 179.05
v 45.13 205.15 209.26
v 30.17 214.48 209.55
v -11.92 207.37 202.35
v -4.69 202.84 202.26
v 33.36 219.84 185.88
v 48.32 210.50 185.60
v -1.57 208.09 179.05
v -8.80 212.62 179.15
v -11.92 207.37 202.35
v -22.18 211.26 201.88
v -51.38 200.71 195.56
v -19.06 216.51 178.67
v -8.80 212.62 179.15
v -48.15 206.13 171.59
v -22.18 211.26 201.88
v -29.46 216.14 202.00
v -51.38 200.71 195.56
v -26.34 221.39 178.79
v -19.06 216.51 178.67
v -48.15 206.13 171.59
v -29.46 216.14 202.00
v -38.09 220.45 201.78
v -51.38 200.71 195.56
v -34.96 225.70 178.57
v -26.34 221.39 178.79
v -48.15 206.13 171.59
v -38.09 220.45 201.78
v -46.63 224.58 201.51
v -51.38 200.71 195.56
v -43.51 229.83 178.31
v -34.96 225.70 178.57
v -48.15 206.13 171.59
v -46.63 224.58 201.51
v -54.96 228.47 201.20
v -51.38 200.71 195.56
v -51.83 233.72 177.99
v -43.51 229.83 178.31
v -48.15 206.13 171.59
v -54.96 228.47 201.20
v -59.46 219.42 198.61
v -51.38 200.71 195.56
v -56.33 224.67 175.41
v -51.83 233.72 177.99
v -48.15 206.13 171.59
v -59.46 219.42 198.61
v -67.26 216.10 196.81
v -51.38 200.71 195.56
v -64.13 221.35 173.60
v -56.33 224.67 175.41
v -48.15 206.13 171.59
v -67.26 216.10 196.81
v -69.84 207.32 194.53
v -51.38 200.71 195.56
v -66.71 212.57 171.32
v -64.13 221.35 173.60
v -48.15 206.13 171.59
v -69.84 207.32 194.53
v -73.98 200.92 192.55
v -51.38 200.71 195.56
v -70.86 206.18 169.34
v -66.71 212.57 171.32
v -48.15 206.13 171.59
v -73.98 200.92 192.55
v -84.93 193.47 189.39
v -51.38 200.71 195.56
v -81.81 198.72 166.19
v -70.86 206.18 169.34
v -48.15 206.13 171.59
v -84.93 193.47 189.39
v -89.68 186.41 187.17
v -51.38 200.71 195.56
v -86.56 191.66 163.96
v -81.81 198.72 166.19
v -48.15 206.13 171.59
v -89.68 186.41 187.17
v -83.51 185.18 187.72
v -51.38 200.71 195.56
v -80.39 190.43 164.51
v -86.56 191.66 163.96
v -48.15 206.13 171.59
v -83.51 185.18 187.72
v -82.13 181.60 187.09
v -51.38 200.71 195.56
v -79.01 186.86 163.88
v -80.39 190.43 164.51
v -48.15 206.13 171.59
v -82.13 181.60 187.09
v -76.70 180.47 187.56
v -51.38 200.71 195.56
v -73.58 185.72 164.35
v -79.01 186.86 163.88
v -48.15 206.13 171.59
v -76.70 180.47 187.56
v -74.98 176.21 186.80
v -51.38 200.71 195.56
v -71.86 181.46 163.59
v -73.58 185.72 164.35
v -48.15 206.13 171.59
v -74.98 176.21 186.80
v -69.13 176.29 187.59
v -51.38 200.71 195.56
v -66.01 181.55 164.39
v -71.86 181.46 163.59
v -48.15 206.13 171.59
v -69.13 176.29 187.59
v -65.21 174.60 187.71
v -51.38 200.71 195.56
v -62.09 179.85 164.51
v -66.01 181.55 164.39
v -48.15 206.13 171.59
v -65.21 174.60 187.71
v -61.82 171.92 187.53
v -51.38 200.71 195.56
v -58.69 177.17 164.32
v -62.09 179.85 164.51
v -48.15 206.13 171.59
v -61.82 171.92 187.53
v -50.54 177.18 190.24
v -51.38 200.71 195.56
v -47.42 182.43 167.03
v -58.69 177.17 164.32
v -48.15 206.13 171.59
v -50.54 177.18 190.24
v -38.75 183.48 193.26
v -51.38 200.71 195.56
v -35.62 188.73 170.05
v -47.42 182.43 167.03
v -48.15 206.13 171.59
v -38.75 183.48 193.26
v -27.07 190.00 196.32
v -51.38 200.71 195.56
v -23.94 195.25 173.11
v -35.62 188.73 170.05
v -48.15 206.13 171.59
v -27.07 190.00 196.32
v -15.69 196.49 199.33
v -51.38 200.71 195.56
v -12.57 201.74 176.12
v -23.94 195.25 173.11
v -48.15 206.13 171.59
v -15.69 196.49 199.33
v -4.69 202.84 202.26
v -51.38 200.71 195.56
v -1.57 208.09 179.05
v -12.57 201.74 176.12
v -48.15 206.13 171.59
v -4.69 202.84 202.26
v -11.92 207.37 202.35
v -51.38 200.71 195.56
v -8.80 212.62 179.15
v -1.57 208.09 179.05
v -48.15 206.13 171.59
v -103.23 253.19 187.97
v -101.28 254.71 188.58
v -113.23 261.06 200.46
v -114.10 262.82 198.84
v -101.28 254.71 188.58
v -102.08 256.42 186.86
v -111.62 262.77 201.46
v -113.23 261.06 200.46
v -102.08 256.42 186.86
v -104.03 254.90 186.26
v -112.49 264.53 199.83
v -111.62 262.77 201.46
v -104.03 254.90 186.26
v -103.23 253.19 187.97
v -114.10 262.82 198.84
v -112.49 264.53 199.83
v -114.10 262.82 198.84
v -113.23 261.06 200.46
v -128.37 264.29 209.51
v -127.12 266.09 210.80
v -113.23 261.06 200.46
v -111.62 262.77 201.46
v -127.59 262.54 211.19
v -128.37 264.29 209.51
v -111.62 262.77 201.46
v -112.49 264.53 199.83
v -126.34 264.35 212.48
v -127.59 262.54 211.19
v -112.49 264.53 199.83
v -114.10 262.82 198.84
v -127.12 266.09 210.80
v -126.34 264.35 212.48
v -127.12 266.09 210.80
v -128.37 264.29 209.51
v -141.80 270.53 219.87
v -141.66 268.98 221.89
v -128.37 264.29 209.51
v -127.59 262.54 211.19
v -143.01 268.71 218.56
v -141.80 270.53 219.87
v -127.59 262.54 211.19
v -126.34 264.35 212.48
v -142.87 267.16 220.58
v -143.01 268.71 218.56
v -126.34 264.35 212.48
v -127.12 266.09 210.80
v -141.66 268.98 221.89
v -142.87 267.16 220.58
v -141.66 268.98 221.89
v -141.80 270.53 219.87
v -158.15 276.94 224.39
v -159.26 275.08 223.05
v -141.80 270.53 219.87
v -143.01 268.71 218.56
v -157.82 278.29 222.26
v -158.15 276.94 224.39
v -143.01 268.71 218.56
v -142.87 267.16 220.58
v -158.92 276.43 220.91
v -157.82 278.29 222.26
v -142.87 267.16 220.58
v -141.66 268.98 221.89
v -159.26 275.08 223.05
v -158.92 276.43 220.91
v -104.03 254.90 186.26
v -102.08 256.42 186.86
v -101.28 254.71 188.58
v -103.23 253.19 187.97
v -159.26 275.08 223.05
v -158.15 276.94 224.39
v -157.82 278.29 222.26
v -158.92 276.43 220.91
v -133.28 134.20 158.46
v -134.15 137.30 159.05
v -141.46 131.47 160.85
v -142.16 131.87 157.68
v -134.15 137.30 159.05
v -135.15 137.61 155.95
v -142.70 134.43 161.50
v -141.46 131.47 160.85
v -135.15 137.61 155.95
v -134.28 134.50 155.36
v -143.40 134.83 158.33
v -142.70 134.43 161.50
v -134.28 134.50 155.36
v -133.28 134.20 158.46
v -142.16 131.87 157.68
v -143.40 134.83 158.33
v -142.16 131.87 157.68
v -141.46 131.47 160.85
v -149.81 127.41 157.87
v -151.36 130.21 158.56
v -141.46 131.47 160.85
v -142.70 134.43 161.50
v -149.04 127.05 161.03
v -149.81 127.41 157.87
v -142.70 134.43 161.50
v -143.40 134.83 158.33
v -150.59 129.85 161.73
v -149.04 127.05 161.03
v -143.40 134.83 158.33
v -142.16 131.87 157.68
v -151.36 130.21 158.56
v -150.59 129.85 161.73
v -151.36 130.21 158.56
v -149.81 127.41 157.87
v -159.35 125.27 161.28
v -157.73 125.46 164.12
v -149.81 127.41 157.87
v -149.04 127.05 161.03
v -157.43 122.78 160.35
v -159.35 125.27 161.28
v -149.04 127.05 161.03
v -150.59 129.85 161.73
v -155.82 122.97 163.20
v -157.43 122.78 160.35
v -150.59 129.85 161.73
v -151.36 130.21 158.56
v -157.73 125.46 164.12
v -155.82 122.97 163.20
v -157.73 125.46 164.12
v -159.35 125.27 161.28
v -161.56 118.78 168.70
v -159.29 116.71 167.56
v -159.35 125.27 161.28
v -157.43 122.78 160.35
v -163.48 118.10 166.14
v -161.56 118.78 168.70
v -157.43 122.78 160.35
v -155.82 122.97 163.20
v -161.21 116.03 164.99
v -163.48 118.10 166.14
v -155.82 122.97 163.20
v -157.73 125.46 164.12
v -159.29 116.71 167.56
v -161.21 116.03 164.99
v -134.28 134.50 155.36
v -135.15 137.61 155.95
v -134.15 137.30 159.05
v -133.28 134.20 158.46
v -159.29 116.71 167.56
v -161.56 118.78 168.70
v -163.48 118.10 166.14
v -161.21 116.03 164.99
v 23.24 256.20 205.47
v 23.65 253.48 204.91
v 48.11 259.82 206.27
v 48.21 260.40 203.53
v 23.65 253.48 204.91
v 23.66 254.05 202.16
v 48.23 257.07 205.70
v 48.11 259.82 206.27
v 23.66 254.05 202.16
v 23.24 256.77 202.72
v 48.33 257.65 202.95
v 48.23 257.07 205.70
v 23.24 256.77 202.72
v 23.24 256.20 205.47
v 48.21 260.40 203.53
v 48.33 257.65 202.95
v 48.21 260.40 203.53
v 48.11 259.82 206.27
v 73.58 258.45 204.94
v 72.80 255.82 204.35
v 48.11 259.82 206.27
v 48.23 257.07 205.70
v 73.50 257.86 207.68
v 73.58 258.45 204.94
v 48.23 257.07 205.70
v 48.33 257.65 202.95
v 72.72 255.24 207.09
v 73.50 257.86 207.68
v 48.33 257.65 202.95
v 48.21 260.40 203.53
v 72.80 255.82 204.35
v 72.72 255.24 207.09
v 72.80 255.82 204.35
v 73.58 258.45 204.94
v 94.17 244.21 201.49
v 94.54 243.50 204.18
v 73.58 258.45 204.94
v 73.50 257.86 207.68
v 95.55 246.61 201.93
v 94.17 244.21 201.49
v 73.50 257.86 207.68
v 72.72 255.24 207.09
v 95.93 245.90 204.62
v 95.55 246.61 201.93
v 72.72 255.24 207.09
v 72.80 255.82 204.35
v 94.54 243.50 204.18
v 95.93 245.90 204.62
v 94.54 243.50 204.18
v 94.17 244.21 201.49
v 115.45 232.65 195.26
v 116.87 235.03 195.69
v 94.17 244.21 201.49
v 95.55 246.61 201.93
v 114.79 233.51 192.67
v 115.45 232.65 195.26
v 95.55 246.61 201.93
v 95.93 245.90 204.62
v 116.21 235.89 193.11
v 114.79 233.51 192.67
v 95.93 245.90 204.62
v 94.54 243.50 204.18
v 116.87 235.03 195.69
v 116.21 235.89 193.11
v 23.24 256.77 202.72
v 23.66 254.05 202.16
v 23.65 253.48 204.91
v 23.24 256.20 205.47
v 116.87 235.03 195.69
v 115.45 232.65 195.26
v 114.79 233.51 192.67
v 116.21 235.89 193.11
v -117.17 -435.99 25.74
v -73.39 -481.09 -16.50
v -70.41 -489.99 -3.32
v -114.19 -444.92 38.96
v -73.39 -481.09 -16.50
v -28.96 -445.31 -0.35
v -25.98 -454.24 12.87
v -70.41 -489.99 -3.32
v -28.96 -445.31 -0.35
v 11.76 -396.83 24.95
v 14.75 -405.78 38.20
v -25.98 -454.24 12.87
v 11.76 -396.83 24.95
v 70.01 -361.95 35.85
v 73.01 -370.91 49.11
v 14.75 -405.78 38.20
v 70.01 -361.95 35.85
v 66.42 -305.52 75.24
v 69.42 -314.49 88.51
v 73.01 -370.91 49.11
v 66.42 -305.52 75.24
v 58.82 -277.99 95.53
v 61.82 -286.95 108.80
v 69.42 -314.49 88.51
v 58.82 -277.99 95.53
v 48.51 -249.99 116.58
v 51.51 -258.95 129.85
v 61.82 -286.95 108.80
v 48.51 -249.99 116.58
v 36.37 -222.87 137.28
v 39.36 -231.83 150.54
v 51.51 -258.95 129.85
v 36.37 -222.87 137.28
v 25.84 -195.48 157.61
v 28.84 -204.43 170.86
v 39.36 -231.83 150.54
v 25.84 -195.48 157.61
v 19.94 -162.65 180.13
v 22.93 -171.59 193.36
v 28.84 -204.43 170.86
v 19.94 -162.65 180.13
v -12.76 -170.96 182.54
v -9.76 -179.90 195.78
v 22.93 -171.59 193.36
v -12.76 -170.96 182.54
v -36.04 -136.07 210.29
v -33.05 -145.00 223.51
v -9.76 -179.90 195.78
v -36.04 -136.07 210.29
v -93.54 -147.04 216.69
v -90.55 -155.98 229.93
v -33.05 -145.00 223.51
v -93.54 -147.04 216.69
v -162.56 -157.40 225.79
v -159.56 -166.34 239.04
v -90.55 -155.98 229.93
v -162.56 -157.40 225.79
v -181.17 -215.18 192.20
v -178.17 -224.15 205.48
v -159.56 -166.34 239.04
v -181.17 -215.18 192.20
v -233.72 -229.22 194.44
v -230.72 -238.18 207.71
v -178.17 -224.15 205.48
v -233.72 -229.22 194.44
v -235.60 -252.52 179.23
v -232.60 -261.49 192.50
v -230.72 -238.18 207.71
v -235.60 -252.52 179.23
v -240.31 -276.06 164.31
v -237.31 -285.03 177.58
v -232.60 -261.49 192.50
v -240.31 -276.06 164.31
v -237.25 -299.98 147.30
v -234.25 -308.94 160.57
v -237.31 -285.03 177.58
v -237.25 -299.98 147.30
v -230.81 -321.89 130.81
v -227.81 -330.85 144.07
v -234.25 -308.94 160.57
v -230.81 -321.89 130.81
v -241.08 -348.38 114.56
v -238.08 -357.33 127.80
v -227.81 -330.85 144.07
v -241.08 -348.38 114.56
v -234.81 -368.58 99.02
v -231.82 -377.52 112.26
v -238.08 -357.33 127.80
v -234.81 -368.58 99.02
v -192.87 -385.96 77.80
v -189.88 -394.90 91.04
v -231.82 -377.52 112.26
v -192.87 -385.96 77.80
v -160.02 -415.39 49.79
v -157.03 -424.32 63.01
v -189.88 -394.90 91.04
v -160.02 -415.39 49.79
v -117.17 -435.99 25.74
v -114.19 -444.92 38.96
v -157.03 -424.32 63.01
v -114.19 -444.92 38.96
v -70.41 -489.99 -3.32
v -72.80 -415.30 51.10
v -100.00 -387.15 77.01
v -73.39 -481.09 -16.50
v -117.17 -435.99 25.74
v -102.92 -378.45 64.14
v -75.70 -406.61 38.24
v -70.41 -489.99 -3.32
v -25.98 -454.24 12.87
v -45.32 -392.91 60.81
v -72.80 -415.30 51.10
v -28.96 -445.31 -0.35
v -73.39 -481.09 -16.50
v -75.70 -406.61 38.24
v -48.23 -384.21 47.94
v -25.98 -454.24 12.87
v 14.75 -405.78 38.20
v -20.13 -362.68 76.24
v -45.32 -392.91 60.81
v 11.76 -396.83 24.95
v -28.96 -445.31 -0.35
v -48.23 -384.21 47.94
v -23.05 -353.97 63.35
v 14.75 -405.78 38.20
v 73.01 -370.91 49.11
v 15.97 -341.00 82.92
v -20.13 -362.68 76.24
v 70.01 -361.95 35.85
v 11.76 -396.83 24.95
v -23.05 -353.97 63.35
v 13.06 -332.29 70.03
v 73.01 -370.91 49.11
v 69.42 -314.49 88.51
v 13.73 -305.97 107.27
v 15.97 -341.00 82.92
v 66.42 -305.52 75.24
v 70.01 -361.95 35.85
v 13.06 -332.29 70.03
v 10.81 -297.26 94.37
v 69.42 -314.49 88.51
v 61.82 -286.95 108.80
v 9.02 -288.90 119.86
v 13.73 -305.97 107.27
v 58.82 -277.99 95.53
v 66.42 -305.52 75.24
v 10.81 -297.26 94.37
v 6.10 -280.18 106.96
v 61.82 -286.95 108.80
v 51.51 -258.95 129.85
v 2.63 -271.56 132.94
v 9.02 -288.90 119.86
v 48.51 -249.99 116.58
v 58.82 -277.99 95.53
v 6.10 -280.18 106.96
v -0.29 -262.84 120.04
v 51.51 -258.95 129.85
v 39.36 -231.83 150.54
v -4.89 -254.78 145.83
v 2.63 -271.56 132.94
v 36.37 -222.87 137.28
v 48.51 -249.99 116.58
v -0.29 -262.84 120.04
v -7.80 -246.07 132.93
v 39.36 -231.83 150.54
v 28.84 -204.43 170.86
v -11.39 -237.85 158.51
v -4.89 -254.78 145.83
v 25.84 -195.48 157.61
v 36.37 -222.87 137.28
v -7.80 -246.07 132.93
v -14.31 -229.15 145.62
v 28.84 -204.43 170.86
v 22.93 -171.59 193.36
v -15.02 -217.60 172.62
v -11.39 -237.85 158.51
v 19.94 -162.65 180.13
v 25.84 -195.48 157.61
v -14.31 -229.15 145.62
v -17.93 -208.90 159.74
v 22.93 -171.59 193.36
v -9.76 -179.90 195.78
v -35.31 -222.69 174.02
v -15.02 -217.60 172.62
v -12.76 -170.96 182.54
v 19.94 -162.65 180.13
v -17.93 -208.90 159.74
v -38.23 -213.98 161.13
v -9.76 -179.90 195.78
v -33.05 -145.00 223.51
v -49.71 -201.17 191.39
v -35.31 -222.69 174.02
v -36.04 -136.07 210.29
v -12.76 -170.96 182.54
v -38.23 -213.98 161.13
v -52.62 -192.47 178.51
v -33.05 -145.00 223.51
v -90.55 -155.98 229.93
v -85.39 -207.88 195.23
v -49.71 -201.17 191.39
v -93.54 -147.04 216.69
v -36.04 -136.07 210.29
v -52.62 -192.47 178.51
v -88.30 -199.18 182.35
v -90.55 -155.98 229.93
v -159.56 -166.34 239.04
v -128.20 -214.25 200.80
v -85.39 -207.88 195.23
v -162.56 -157.40 225.79
v -93.54 -147.04 216.69
v -88.30 -199.18 182.35
v -131.11 -205.55 187.91
v -159.56 -166.34 239.04
v -178.17 -224.15 205.48
v -139.78 -249.96 179.80
v -128.20 -214.25 200.80
v -181.17 -215.18 192.20
v -162.56 -157.40 225.79
v -131.11 -205.55 187.91
v -142.69 -241.25 166.90
v -178.17 -224.15 205.48
v -230.72 -238.18 207.71
v -172.35 -258.68 181.21
v -139.78 -249.96 179.80
v -233.72 -229.22 194.44
v -181.17 -215.18 192.20
v -142.69 -241.25 166.90
v -175.27 -249.97 168.31
v -230.72 -238.18 207.71
v -232.60 -261.49 192.50
v -173.52 -273.12 171.76
v -172.35 -258.68 181.21
v -235.60 -252.52 179.23
v -233.72 -229.22 194.44
v -175.27 -249.97 168.31
v -176.44 -264.40 158.86
v -232.60 -261.49 192.50
v -237.31 -285.03 177.58
v -176.44 -287.72 162.52
v -173.52 -273.12 171.76
v -240.31 -276.06 164.31
v -235.60 -252.52 179.23
v -176.44 -264.40 158.86
v -179.36 -279.01 149.62
v -237.31 -285.03 177.58
v -234.25 -308.94 160.57
v -174.53 -302.56 152.00
v -176.44 -287.72 162.52
v -237.25 -299.98 147.30
v -240.31 -276.06 164.31
v -179.36 -279.01 149.62
v -177.45 -293.85 139.10
v -234.25 -308.94 160.57
v -227.81 -330.85 144.07
v -170.54 -316.17 141.81
v -174.53 -302.56 152.00
v -230.81 -321.89 130.81
v -237.25 -299.98 147.30
v -177.45 -293.85 139.10
v -173.45 -307.46 128.92
v -227.81 -330.85 144.07
v -238.08 -357.33 127.80
v -176.88 -332.66 131.84
v -170.54 -316.17 141.81
v -241.08 -348.38 114.56
v -230.81 -321.89 130.81
v -173.45 -307.46 128.92
v -179.79 -323.96 118.95
v -238.08 -357.33 127.80
v -231.82 -377.52 112.26
v -172.98 -345.24 122.28
v -176.88 -332.66 131.84
v -234.81 -368.58 99.02
v -241.08 -348.38 114.56
v -179.79 -323.96 118.95
v -175.89 -336.53 109.39
v -231.82 -377.52 112.26
v -189.88 -394.90 91.04
v -146.98 -356.01 109.12
v -172.98 -345.24 122.28
v -192.87 -385.96 77.80
v -234.81 -368.58 99.02
v -175.89 -336.53 109.39
v -149.89 -347.31 96.23
v -189.88 -394.90 91.04
v -157.03 -424.32 63.01
v -126.58 -374.33 91.86
v -146.98 -356.01 109.12
v -160.02 -415.39 49.79
v -192.87 -385.96 77.80
v -149.89 -347.31 96.23
v -129.50 -365.63 78.98
v -157.03 -424.32 63.01
v -114.19 -444.92 38.96
v -100.00 -387.15 77.01
v -126.58 -374.33 91.86
v -117.17 -435.99 25.74
v -160.02 -415.39 49.79
v -129.50 -365.63 78.98
v -102.92 -378.45 64.14
v -100.00 -387.15 77.01
v -72.80 -415.30 51.10
v -74.99 -351.84 96.11
v -88.18 -338.13 108.52
v -75.70 -406.61 38.24
v -102.92 -378.45 64.14
v -91.13 -329.32 95.48
v -77.94 -343.03 83.07
v -72.80 -415.30 51.10
v -45.32 -392.91 60.81
v -61.73 -340.92 100.67
v -74.99 -351.84 96.11
v -48.23 -384.21 47.94
v -75.70 -406.61 38.24
v -77.94 -343.03 83.07
v -64.67 -332.11 87.63
v -45.32 -392.91 60.81
v -20.13 -362.68 76.24
v -49.56 -326.21 108.02
v -61.73 -340.92 100.67
v -23.05 -353.97 63.35
v -48.23 -384.21 47.94
v -64.67 -332.11 87.63
v -52.51 -317.40 94.97
v -20.13 -362.68 76.24
v 15.97 -341.00 82.92
v -32.10 -315.70 111.22
v -49.56 -326.21 108.02
v 13.06 -332.29 70.03
v -23.05 -353.97 63.35
v -52.51 -317.40 94.97
v -35.05 -306.88 98.17
v 15.97 -341.00 82.92
v 13.73 -305.97 107.27
v -33.20 -298.72 122.97
v -32.10 -315.70 111.22
v 10.81 -297.26 94.37
v 13.06 -332.29 70.03
v -35.05 -306.88 98.17
v -36.15 -289.91 109.92
v 13.73 -305.97 107.27
v 9.02 -288.90 119.86
v -35.48 -290.47 129.06
v -33.20 -298.72 122.97
v 6.10 -280.18 106.96
v 10.81 -297.26 94.37
v -36.15 -289.91 109.92
v -38.42 -281.65 116.01
v 9.02 -288.90 119.86
v 2.63 -271.56 132.94
v -38.56 -282.08 135.40
v -35.48 -290.47 129.06
v -0.29 -262.84 120.04
v 6.10 -280.18 106.96
v -38.42 -281.65 116.01
v -41.51 -273.27 122.36
v 2.63 -271.56 132.94
v -4.89 -254.78 145.83
v -42.19 -273.98 141.66
v -38.56 -282.08 135.40
v -7.80 -246.07 132.93
v -0.29 -262.84 120.04
v -41.51 -273.27 122.36
v -45.14 -265.17 128.62
v -4.89 -254.78 145.83
v -11.39 -237.85 158.51
v -45.33 -265.82 147.84
v -42.19 -273.98 141.66
v -14.31 -229.15 145.62
v -7.80 -246.07 132.93
v -45.14 -265.17 128.62
v -48.28 -257.00 134.79
v -11.39 -237.85 158.51
v -15.02 -217.60 172.62
v -47.07 -256.06 154.73
v -45.33 -265.82 147.84
v -17.93 -208.90 159.74
v -14.31 -229.15 145.62
v -48.28 -257.00 134.79
v -50.02 -247.25 141.69
v -15.02 -217.60 172.62
v -35.31 -222.69 174.02
v -56.90 -258.49 155.37
v -47.07 -256.06 154.73
v -38.23 -213.98 161.13
v -17.93 -208.90 159.74
v -50.02 -247.25 141.69
v -59.85 -249.68 142.32
v -35.31 -222.69 174.02
v -49.71 -201.17 191.39
v -63.85 -248.13 163.84
v -56.90 -258.49 155.37
v -52.62 -192.47 178.51
v -38.23 -213.98 161.13
v -59.85 -249.68 142.32
v -66.80 -239.32 150.80
v -49.71 -201.17 191.39
v -85.39 -207.88 195.23
v -81.13 -251.34 165.65
v -63.85 -248.13 163.84
v -88.30 -199.18 182.35
v -52.62 -192.47 178.51
v -66.80 -239.32 150.80
v -84.08 -242.53 152.60
v -85.39 -207.88 195.23
v -128.20 -214.25 200.80
v -101.85 -254.40 168.31
v -81.13 -251.34 165.65
v -131.11 -205.55 187.91
v -88.30 -199.18 182.35
v -84.08 -242.53 152.60
v -104.80 -245.59 155.26
v -128.20 -214.25 200.80
v -139.78 -249.96 179.80
v -107.47 -271.62 158.07
v -101.85 -254.40 168.31
v -142.69 -241.25 166.90
v -131.11 -205.55 187.91
v -104.80 -245.59 155.26
v -110.42 -262.81 145.02
v -139.78 -249.96 179.80
v -172.35 -258.68 181.21
v -123.23 -275.85 158.76
v -107.47 -271.62 158.07
v -175.27 -249.97 168.31
v -142.69 -241.25 166.90
v -110.42 -262.81 145.02
v -126.18 -267.04 145.71
v -172.35 -258.68 181.21
v -173.52 -273.12 171.76
v -123.80 -282.83 154.18
v -123.23 -275.85 158.76
v -176.44 -264.40 158.86
v -175.27 -249.97 168.31
v -126.18 -267.04 145.71
v -126.75 -274.02 141.13
v -173.52 -273.12 171.76
v -176.44 -287.72 162.52
v -125.21 -289.90 149.72
v -123.80 -282.83 154.18
v -179.36 -279.01 149.62
v -176.44 -264.40 158.86
v -126.75 -274.02 141.13
v -128.16 -281.09 136.67
v -176.44 -287.72 162.52
v -174.53 -302.56 152.00
v -124.29 -297.09 144.64
v -125.21 -289.90 149.72
v -177.45 -293.85 139.10
v -179.36 -279.01 149.62
v -128.16 -281.09 136.67
v -127.24 -288.28 131.59
v -174.53 -302.56 152.00
v -170.54 -316.17 141.81
v -122.35 -303.69 139.72
v -124.29 -297.09 144.64
v -173.45 -307.46 128.92
v -177.45 -293.85 139.10
v -127.24 -288.28 131.59
v -125.30 -294.87 126.67
v -170.54 -316.17 141.81
v -176.88 -332.66 131.84
v -125.41 -311.70 134.94
v -122.35 -303.69 139.72
v -179.79 -323.96 118.95
v -173.45 -307.46 128.92
v -125.30 -294.87 126.67
v -128.36 -302.89 121.89
v -176.88 -332.66 131.84
v -172.98 -345.24 122.28
v -123.51 -317.80 130.34
v -125.41 -311.70 134.94
v -175.89 -336.53 109.39
v -179.79 -323.96 118.95
v -128.36 -302.89 121.89
v -126.46 -308.99 117.30
v -172.98 -345.24 122.28
v -146.98 -356.01 109.12
v -110.93 -323.02 123.98
v -123.51 -317.80 130.34
v -149.89 -347.31 96.23
v -175.89 -336.53 109.39
v -126.46 -308.99 117.30
v -113.88 -314.20 110.93
v -146.98 -356.01 109.12
v -126.58 -374.33 91.86
v -101.05 -331.91 115.67
v -110.93 -323.02 123.98
v -129.50 -365.63 78.98
v -149.89 -347.31 96.23
v -113.88 -314.20 110.93
v -104.00 -323.10 102.63
v -126.58 -374.33 91.86
v -100.00 -387.15 77.01
v -88.18 -338.13 108.52
v -101.05 -331.91 115.67
v -102.92 -378.45 64.14
v -129.50 -365.63 78.98
v -104.00 -323.10 102.63
v -91.13 -329.32 95.48
v -88.18 -338.13 108.52
v -74.99 -351.84 96.11
v -77.21 -291.88 137.61
v -77.94 -343.03 83.07
v -91.13 -329.32 95.48
v -80.33 -282.56 123.80
v -74.99 -351.84 96.11
v -61.73 -340.92 100.67
v -77.21 -291.88 137.61
v -64.67 -332.11 87.63
v -77.94 -343.03 83.07
v -80.33 -282.56 123.80
v -61.73 -340.92 100.67
v -49.56 -326.21 108.02
v -77.21 -291.88 137.61
v -52.51 -317.40 94.97
v -64.67 -332.11 87.63
v -80.33 -282.56 123.80
v -49.56 -326.21 108.02
v -32.10 -315.70 111.22
v -77.21 -291.88 137.61
v -35.05 -306.88 98.17
v -52.51 -317.40 94.97
v -80.33 -282.56 123.80
v -32.10 -315.70 111.22
v -33.20 -298.72 122.97
v -77.21 -291.88 137.61
v -36.15 -289.91 109.92
v -35.05 -306.88 98.17
v -80.33 -282.56 123.80
v -33.20 -298.72 122.97
v -35.48 -290.47 129.06
v -77.21 -291.88 137.61
v -38.42 -281.65 116.01
v -36.15 -289.91 109.92
v -80.33 -282.56 123.80
v -35.48 -290.47 129.06
v -38.56 -282.08 135.40
v -77.21 -291.88 137.61
v -41.51 -273.27 122.36
v -38.42 -281.65 116.01
v -80.33 -282.56 123.80
v -38.56 -282.08 135.40
v -42.19 -273.98 141.66
v -77.21 -291.88 137.61
v -45.14 -265.17 128.62
v -41.51 -273.27 122.36
v -80.33 -282.56 123.80
v -42.19 -273.98 141.66
v -45.33 -265.82 147.84
v -77.21 -291.88 137.61
v -48.28 -257.00 134.79
v -45.14 -265.17 128.62
v -80.33 -282.56 123.80
v -45.33 -265.82 147.84
v -47.07 -256.06 154.73
v -77.21 -291.88 137.61
v -50.02 -247.25 141.69
v -48.28 -257.00 134.79
v -80.33 -282.56 123.80
v -47.07 -256.06 154.73
v -56.90 -258.49 155.37
v -77.21 -291.88 137.61
v -59.85 -249.68 142.32
v -50.02 -247.25 141.69
v -80.33 -282.56 123.80
v -56.90 -258.49 155.37
v -63.85 -248.13 163.84
v -77.21 -291.88 137.61
v -66.80 -239.32 150.80
v -59.85 -249.68 142.32
v -80.33 -282.56 123.80
v -63.85 -248.13 163.84
v -81.13 -251.34 165.65
v -77.21 -291.88 137.61
v -84.08 -242.53 152.60
v -66.80 -239.32 150.80
v -80.33 -282.56 123.80
v -81.13 -251.34 165.65
v -101.85 -254.40 168.31
v -77.21 -291.88 137.61
v -104.80 -245.59 155.26
v -84.08 -242.53 152.60
v -80.33 -282.56 123.80
v -101.85 -254.40 168.31
v -107.47 -271.62 158.07
v -77.21 -291.88 137.61
v -110.42 -262.81 145.02
v -104.80 -245.59 155.26
v -80.33 -282.56 123.80
v -107.47 -271.62 158.07
v -123.23 -275.85 158.76
v -77.21 -291.88 137.61
v -126.18 -267.04 145.71
v -110.42 -262.81 145.02
v -80.33 -282.56 123.80
v -123.23 -275.85 158.76
v -123.80 -282.83 154.18
v -77.21 -291.88 137.61
v -126.75 -274.02 141.13
v -126.18 -267.04 145.71
v -80.33 -282.56 123.80
v -123.80 -282.83 154.18
v -125.21 -289.90 149.72
v -77.21 -291.88 137.61
v -128.16 -281.09 136.67
v -126.75 -274.02 141.13
v -80.33 -282.56 123.80
v -125.21 -289.90 149.72
v -124.29 -297.09 144.64
v -77.21 -291.88 137.61
v -127.24 -288.28 131.59
v -128.16 -281.09 136.67
v -80.33 -282.56 123.80
v -124.29 -297.09 144.64
v -122.35 -303.69 139.72
v -77.21 -291.88 137.61
v -125.30 -294.87 126.67
v -127.24 -288.28 131.59
v -80.33 -282.56 123.80
v -122.35 -303.69 139.72
v -125.41 -311.70 134.94
v -77.21 -291.88 137.61
v -128.36 -302.89 121.89
v -125.30 -294.87 126.67
v -80.33 -282.56 123.80
v -125.41 -311.70 134.94
v -123.51 -317.80 130.34
v -77.21 -291.88 137.61
v -126.46 -308.99 117.30
v -128.36 -302.89 121.89
v -80.33 -282.56 123.80
v -123.51 -317.80 130.34
v -110.93 -323.02 123.98
v -77.21 -291.88 137.61
v -113.88 -314.20 110.93
v -126.46 -308.99 117.30
v -80.33 -282.56 123.80
v -110.93 -323.02 123.98
v -101.05 -331.91 115.67
v -77.21 -291.88 137.61
v -104.00 -323.10 102.63
v -113.88 -314.20 110.93
v -80.33 -282.56 123.80
v -101.05 -331.91 115.67
v -88.18 -338.13 108.52
v -77.21 -291.88 137.61
v -91.13 -329.32 95.48
v -104.00 -323.10 102.63
v -80.33 -282.56 123.80
v -231.59 -237.62 204.61
v -230.44 -235.62 205.71
v -239.70 -236.07 210.33
v -240.99 -234.48 208.79
v -230.44 -235.62 205.71
v -231.41 -234.08 203.90
v -238.14 -234.15 211.00
v -239.70 -236.07 210.33
v -231.41 -234.08 203.90
v -232.56 -236.09 202.81
v -239.44 -232.56 209.46
v -238.14 -234.15 211.00
v -232.56 -236.09 202.81
v -231.59 -237.62 204.61
v -240.99 -234.48 208.79
v -239.44 -232.56 209.46
v -240.99 -234.48 208.79
v -239.70 -236.07 210.33
v -244.66 -231.54 217.65
v -242.94 -229.69 218.10
v -239.70 -236.07 210.33
v -238.14 -234.15 211.00
v -243.44 -233.07 219.30
v -244.66 -231.54 217.65
v -238.14 -234.15 211.00
v -239.44 -232.56 209.46
v -241.72 -231.23 219.75
v -243.44 -233.07 219.30
v -239.44 -232.56 209.46
v -240.99 -234.48 208.79
v -242.94 -229.69 218.10
v -241.72 -231.23 219.75
v -242.94 -229.69 218.10
v -244.66 -231.54 217.65
v -250.16 -226.04 223.48
v -249.53 -227.17 225.70
v -244.66 -231.54 217.65
v -243.44 -233.07 219.30
v -251.56 -228.09 222.84
v -250.16 -226.04 223.48
v -243.44 -233.07 219.30
v -241.72 -231.23 219.75
v -250.94 -229.21 225.06
v -251.56 -228.09 222.84
v -241.72 -231.23 219.75
v -242.94 -229.69 218.10
v -249.53 -227.17 225.70
v -250.94 -229.21 225.06
v -249.53 -227.17 225.70
v -250.16 -226.04 223.48
v -258.13 -222.68 228.80
v -259.46 -224.76 228.12
v -250.16 -226.04 223.48
v -251.56 -228.09 222.84
v -258.46 -221.70 226.45
v -258.13 -222.68 228.80
v -251.56 -228.09 222.84
v -250.94 -229.21 225.06
v -259.79 -223.78 225.77
v -258.46 -221.70 226.45
v -250.94 -229.21 225.06
v -249.53 -227.17 225.70
v -259.46 -224.76 228.12
v -259.79 -223.78 225.77
v -232.56 -236.09 202.81
v -231.41 -234.08 203.90
v -230.44 -235.62 205.71
v -231.59 -237.62 204.61
v -259.46 -224.76 228.12
v -258.13 -222.68 228.80
v -258.46 -221.70 226.45
v -259.79 -223.78 225.77
v -232.07 -236.78 202.54
v -230.82 -233.94 204.18
v -253.83 -233.75 213.89
v -255.08 -231.72 211.32
v -230.82 -233.94 204.18
v -231.93 -231.92 201.53
v -252.54 -230.91 215.51
v -253.83 -233.75 213.89
v -231.93 -231.92 201.53
v -233.18 -234.77 199.89
v -253.80 -228.88 212.93
v -252.54 -230.91 215.51
v -233.18 -234.77 199.89
v -232.07 -236.78 202.54
v -255.08 -231.72 211.32
v -253.80 -228.88 212.93
v -255.08 -231.72 211.32
v -253.83 -233.75 213.89
v -276.24 -229.50 225.00
v -274.34 -226.81 226.21
v -253.83 -233.75 213.89
v -252.54 -230.91 215.51
v -274.78 -231.61 227.41
v -276.24 -229.50 225.00
v -252.54 -230.91 215.51
v -253.80 -228.88 212.93
v -272.88 -228.91 228.61
v -274.78 -231.61 227.41
v -253.80 -228.88 212.93
v -255.08 -231.72 211.32
v -274.34 -226.81 226.21
v -272.88 -228.91 228.61
v -274.34 -226.81 226.21
v -276.24 -229.50 225.00
v -288.99 -217.91 243.87
v -287.49 -220.02 246.24
v -276.24 -229.50 225.00
v -274.78 -231.61 227.41
v -291.17 -220.49 242.94
v -288.99 -217.91 243.87
v -274.78 -231.61 227.41
v -272.88 -228.91 228.61
v -289.67 -222.61 245.31
v -291.17 -220.49 242.94
v -272.88 -228.91 228.61
v -274.34 -226.81 226.21
v -287.49 -220.02 246.24
v -289.67 -222.61 245.31
v -287.49 -220.02 246.24
v -288.99 -217.91 243.87
v -305.23 -213.80 262.64
v -307.21 -216.47 261.51
v -288.99 -217.91 243.87
v -291.17 -220.49 242.94
v -306.70 -211.69 260.25
v -305.23 -213.80 262.64
v -291.17 -220.49 242.94
v -289.67 -222.61 245.31
v -308.69 -214.36 259.12
v -306.70 -211.69 260.25
v -289.67 -222.61 245.31
v -287.49 -220.02 246.24
v -307.21 -216.47 261.51
v -308.69 -214.36 259.12
v -233.18 -234.77 199.89
v -231.93 -231.92 201.53
v -230.82 -233.94 204.18
v -232.07 -236.78 202.54
v -307.21 -216.47 261.51
v -305.23 -213.80 262.64
v -306.70 -211.69 260.25
v -308.69 -214.36 259.12
v 381.45 -171.05 128.88
v 325.94 -167.70 130.25
v 325.80 -158.25 142.61
v 381.32 -161.67 141.15
v 325.94 -167.70 130.25
v 355.18 -153.89 117.70
v 355.04 -144.47 130.02
v 325.80 -158.25 142.61
v 355.18 -153.89 117.70
v 324.74 -141.19 109.94
v 324.61 -131.74 122.30
v 355.04 -144.47 130.02
v 324.74 -141.19 109.94
v 274.79 -131.84 105.13
v 274.65 -122.35 117.55
v 324.61 -131.74 122.30
v 274.79 -131.84 105.13
v 217.55 -131.56 106.13
v 217.41 -122.04 118.58
v 274.65 -122.35 117.55
v 217.55 -131.56 106.13
v 168.19 -120.16 97.29
v 168.05 -110.64 109.75
v 217.41 -122.04 118.58
v 168.19 -120.16 97.29
v 120.33 -118.39 94.65
v 120.19 -108.88 107.10
v 168.05 -110.64 109.75
v 120.33 -118.39 94.65
v 68.83 -111.64 86.97
v 68.69 -102.15 99.38
v 120.19 -108.88 107.10
v 68.83 -111.64 86.97
v 61.90 -132.63 102.21
v 61.76 -123.16 114.60
v 68.69 -102.15 99.38
v 61.90 -132.63 102.21
v 45.88 -150.64 114.54
v 45.74 -141.19 126.91
v 61.76 -123.16 114.60
v 45.88 -150.64 114.54
v 42.38 -172.40 130.61
v 42.24 -162.96 142.96
v 45.74 -141.19 126.91
v 42.38 -172.40 130.61
v 36.24 -192.74 145.42
v 36.11 -183.30 157.76
v 42.24 -162.96 142.96
v 36.24 -192.74 145.42
v 27.19 -212.92 159.87
v 27.06 -203.50 172.20
v 36.11 -183.30 157.76
v 27.19 -212.92 159.87
v 25.48 -231.25 173.59
v 25.35 -221.83 185.92
v 27.06 -203.50 172.20
v 25.48 -231.25 173.59
v 37.41 -256.77 194.08
v 37.27 -247.34 206.42
v 25.35 -221.83 185.92
v 37.41 -256.77 194.08
v 112.92 -249.07 193.46
v 112.79 -239.57 205.88
v 37.27 -247.34 206.42
v 112.92 -249.07 193.46
v 134.49 -277.66 216.46
v 134.36 -268.15 228.91
v 112.79 -239.57 205.88
v 134.49 -277.66 216.46
v 169.47 -317.21 248.39
v 169.33 -307.68 260.86
v 134.36 -268.15 228.91
v 169.47 -317.21 248.39
v 200.19 -257.44 202.56
v 200.05 -247.92 215.02
v 169.33 -307.68 260.86
v 200.19 -257.44 202.56
v 239.60 -275.28 216.43
v 239.47 -265.76 228.88
v 200.05 -247.92 215.02
v 239.60 -275.28 216.43
v 276.88 -265.71 208.30
v 276.74 -256.21 220.73
v 239.47 -265.76 228.88
v 276.88 -265.71 208.30
v 266.84 -229.87 180.71
v 266.70 -220.37 193.14
v 276.74 -256.21 220.73
v 266.84 -229.87 180.71
v 305.56 -227.04 177.18
v 305.43 -217.57 189.58
v 266.70 -220.37 193.14
v 305.56 -227.04 177.18
v 328.26 -217.21 168.41
v 328.13 -207.75 180.78
v 305.43 -217.57 189.58
v 328.26 -217.21 168.41
v 364.99 -214.23 163.71
v 364.85 -204.82 176.02
v 328.13 -207.75 180.78
v 364.99 -214.23 163.71
v 355.60 -202.74 155.45
v 355.47 -193.32 167.77
v 364.85 -204.82 176.02
v 355.60 -202.74 155.45
v 355.46 -192.77 147.73
v 355.33 -183.35 160.05
v 355.47 -193.32 167.77
v 355.46 -192.77 147.73
v 361.42 -182.76 139.54
v 361.29 -173.35 151.85
v 355.33 -183.35 160.05
v 361.42 -182.76 139.54
v 381.45 -171.05 128.88
v 381.32 -161.67 141.15
v 361.29 -173.35 151.85
v 381.32 -161.67 141.15
v 325.80 -158.25 142.61
v 273.41 -166.30 151.22
v 307.83 -167.88 151.02
v 325.94 -167.70 130.25
v 381.45 -171.05 128.88
v 307.97 -177.88 137.94
v 273.56 -176.32 138.11
v 325.80 -158.25 142.61
v 355.04 -144.47 130.02
v 291.54 -157.48 143.77
v 273.41 -166.30 151.22
v 355.18 -153.89 117.70
v 325.94 -167.70 130.25
v 273.56 -176.32 138.11
v 291.68 -167.49 130.68
v 355.04 -144.47 130.02
v 324.61 -131.74 122.30
v 272.67 -149.86 138.64
v 291.54 -157.48 143.77
v 324.74 -141.19 109.94
v 355.18 -153.89 117.70
v 291.68 -167.49 130.68
v 272.82 -159.88 125.53
v 324.61 -131.74 122.30
v 274.65 -122.35 117.55
v 241.71 -144.37 135.25
v 272.67 -149.86 138.64
v 274.79 -131.84 105.13
v 324.74 -141.19 109.94
v 272.82 -159.88 125.53
v 241.85 -154.41 122.12
v 274.65 -122.35 117.55
v 217.41 -122.04 118.58
v 206.22 -144.39 135.61
v 241.71 -144.37 135.25
v 217.55 -131.56 106.13
v 274.79 -131.84 105.13
v 241.85 -154.41 122.12
v 206.36 -154.44 122.46
v 217.41 -122.04 118.58
v 168.05 -110.64 109.75
v 175.61 -137.38 130.07
v 206.22 -144.39 135.61
v 168.19 -120.16 97.29
v 217.55 -131.56 106.13
v 206.36 -154.44 122.46
v 175.76 -147.43 116.92
v 168.05 -110.64 109.75
v 120.19 -108.88 107.10
v 145.94 -136.20 128.54
v 175.61 -137.38 130.07
v 120.33 -118.39 94.65
v 168.19 -120.16 97.29
v 175.76 -147.43 116.92
v 146.09 -146.24 115.40
v 120.19 -108.88 107.10
v 68.69 -102.15 99.38
v 114.01 -131.80 124.06
v 145.94 -136.20 128.54
v 68.83 -111.64 86.97
v 120.33 -118.39 94.65
v 146.09 -146.24 115.40
v 114.15 -141.83 110.93
v 68.69 -102.15 99.38
v 61.76 -123.16 114.60
v 109.71 -144.73 133.61
v 114.01 -131.80 124.06
v 61.90 -132.63 102.21
v 68.83 -111.64 86.97
v 114.15 -141.83 110.93
v 109.85 -154.76 120.49
v 61.76 -123.16 114.60
v 45.74 -141.19 126.91
v 99.78 -155.76 141.43
v 109.71 -144.73 133.61
v 45.88 -150.64 114.54
v 61.90 -132.63 102.21
v 109.85 -154.76 120.49
v 99.92 -165.79 128.32
v 45.74 -141.19 126.91
v 42.24 -162.96 142.96
v 97.61 -169.20 151.46
v 99.78 -155.76 141.43
v 42.38 -172.40 130.61
v 45.88 -150.64 114.54
v 99.92 -165.79 128.32
v 97.75 -179.22 138.36
v 42.24 -162.96 142.96
v 36.11 -183.30 157.76
v 93.80 -181.73 160.74
v 97.61 -169.20 151.46
v 36.24 -192.74 145.42
v 42.38 -172.40 130.61
v 97.75 -179.22 138.36
v 93.94 -191.75 147.64
v 36.11 -183.30 157.76
v 27.06 -203.50 172.20
v 88.19 -194.15 169.83
v 93.80 -181.73 160.74
v 27.19 -212.92 159.87
v 36.24 -192.74 145.42
v 93.94 -191.75 147.64
v 88.33 -204.16 156.73
v 27.06 -203.50 172.20
v 25.35 -221.83 185.92
v 87.13 -205.49 178.37
v 88.19 -194.15 169.83
v 25.48 -231.25 173.59
v 27.19 -212.92 159.87
v 88.33 -204.16 156.73
v 87.27 -215.50 165.28
v 25.35 -221.83 185.92
v 37.27 -247.34 206.42
v 94.52 -221.40 190.95
v 87.13 -205.49 178.37
v 37.41 -256.77 194.08
v 25.48 -231.25 173.59
v 87.27 -215.50 165.28
v 94.67 -231.42 177.85
v 37.27 -247.34 206.42
v 112.79 -239.57 205.88
v 141.35 -217.11 189.94
v 94.52 -221.40 190.95
v 112.92 -249.07 193.46
v 37.41 -256.77 194.08
v 94.67 -231.42 177.85
v 141.49 -227.15 176.81
v 112.79 -239.57 205.88
v 134.36 -268.15 228.91
v 154.73 -234.93 204.08
v 141.35 -217.11 189.94
v 134.49 -277.66 216.46
v 112.92 -249.07 193.46
v 141.49 -227.15 176.81
v 154.87 -244.98 190.93
v 134.36 -268.15 228.91
v 169.33 -307.68 260.86
v 176.41 -259.60 223.69
v 154.73 -234.93 204.08
v 169.47 -317.21 248.39
v 134.49 -277.66 216.46
v 154.87 -244.98 190.93
v 176.55 -269.65 210.53
v 169.33 -307.68 260.86
v 200.05 -247.92 215.02
v 195.46 -222.49 195.34
v 176.41 -259.60 223.69
v 200.19 -257.44 202.56
v 169.47 -317.21 248.39
v 176.55 -269.65 210.53
v 195.60 -232.54 182.19
v 200.05 -247.92 215.02
v 239.47 -265.76 228.88
v 219.89 -233.53 203.96
v 195.46 -222.49 195.34
v 239.60 -275.28 216.43
v 200.19 -257.44 202.56
v 195.60 -232.54 182.19
v 220.04 -243.57 190.82
v 239.47 -265.76 228.88
v 276.74 -256.21 220.73
v 243.00 -227.46 199.10
v 219.89 -233.53 203.96
v 276.88 -265.71 208.30
v 239.60 -275.28 216.43
v 220.04 -243.57 190.82
v 243.15 -237.50 185.96
v 276.74 -256.21 220.73
v 266.70 -220.37 193.14
v 236.78 -205.23 182.00
v 243.00 -227.46 199.10
v 266.84 -229.87 180.71
v 276.88 -265.71 208.30
v 243.15 -237.50 185.96
v 236.92 -215.27 168.87
v 266.70 -220.37 193.14
v 305.43 -217.57 189.58
v 260.78 -203.28 180.07
v 236.78 -205.23 182.00
v 305.56 -227.04 177.18
v 266.84 -229.87 180.71
v 236.92 -215.27 168.87
v 260.93 -213.31 166.94
v 305.43 -217.57 189.58
v 328.13 -207.75 180.78
v 274.85 -197.02 174.84
v 260.78 -203.28 180.07
v 328.26 -217.21 168.41
v 305.56 -227.04 177.18
v 260.93 -213.31 166.94
v 275.00 -207.05 161.73
v 328.13 -207.75 180.78
v 364.85 -204.82 176.02
v 297.62 -194.87 172.33
v 274.85 -197.02 174.84
v 364.99 -214.23 163.71
v 328.26 -217.21 168.41
v 275.00 -207.05 161.73
v 297.76 -204.88 159.24
v 364.85 -204.82 176.02
v 355.47 -193.32 167.77
v 291.80 -187.82 167.12
v 297.62 -194.87 172.33
v 355.60 -202.74 155.45
v 364.99 -214.23 163.71
v 297.76 -204.88 159.24
v 291.95 -197.82 154.02
v 355.47 -193.32 167.77
v 355.33 -183.35 160.05
v 291.71 -181.62 162.34
v 291.80 -187.82 167.12
v 355.46 -192.77 147.73
v 355.60 -202.74 155.45
v 291.95 -197.82 154.02
v 291.86 -191.63 149.25
v 355.33 -183.35 160.05
v 361.29 -173.35 151.85
v 295.41 -175.35 157.35
v 291.71 -181.62 162.34
v 361.42 -182.76 139.54
v 355.46 -192.77 147.73
v 291.86 -191.63 149.25
v 295.55 -185.36 144.26
v 361.29 -173.35 151.85
v 381.32 -161.67 141.15
v 307.83 -167.88 151.02
v 295.41 -175.35 157.35
v 381.45 -171.05 128.88
v 361.42 -182.76 139.54
v 295.55 -185.36 144.26
v 307.97 -177.88 137.94
v 307.83 -167.88 151.02
v 273.41 -166.30 151.22
v 229.30 -173.61 157.78
v 245.95 -174.16 157.96
v 273.56 -176.32 138.11
v 307.97 -177.88 137.94
v 246.09 -184.04 145.03
v 229.45 -183.50 144.83
v 273.41 -166.30 151.22
v 291.54 -157.48 143.77
v 238.07 -169.23 154.32
v 229.30 -173.61 157.78
v 291.68 -167.49 130.68
v 273.56 -176.32 138.11
v 229.45 -183.50 144.83
v 238.21 -179.12 141.38
v 291.54 -157.48 143.77
v 272.67 -149.86 138.64
v 228.95 -165.65 151.69
v 238.07 -169.23 154.32
v 272.82 -159.88 125.53
v 291.68 -167.49 130.68
v 238.21 -179.12 141.38
v 229.09 -175.54 138.75
v 272.67 -149.86 138.64
v 241.71 -144.37 135.25
v 213.96 -163.13 149.87
v 228.95 -165.65 151.69
v 241.85 -154.41 122.12
v 272.82 -159.88 125.53
v 229.09 -175.54 138.75
v 214.11 -173.03 136.92
v 241.71 -144.37 135.25
v 206.22 -144.39 135.61
v 196.79 -163.23 149.93
v 213.96 -163.13 149.87
v 206.36 -154.44 122.46
v 241.85 -154.41 122.12
v 214.11 -173.03 136.92
v 196.93 -173.13 136.98
v 206.22 -144.39 135.61
v 175.61 -137.38 130.07
v 181.99 -159.86 147.23
v 196.79 -163.23 149.93
v 175.76 -147.43 116.92
v 206.36 -154.44 122.46
v 196.93 -173.13 136.98
v 182.13 -169.76 134.27
v 175.61 -137.38 130.07
v 145.94 -136.20 128.54
v 167.63 -159.25 146.53
v 181.99 -159.86 147.23
v 146.09 -146.24 115.40
v 175.76 -147.43 116.92
v 182.13 -169.76 134.27
v 167.77 -169.15 133.58
v 145.94 -136.20 128.54
v 114.01 -131.80 124.06
v 152.17 -157.03 144.49
v 167.63 -159.25 146.53
v 114.15 -141.83 110.93
v 146.09 -146.24 115.40
v 167.77 -169.15 133.58
v 152.32 -166.92 131.54
v 114.01 -131.80 124.06
v 109.71 -144.73 133.61
v 150.09 -163.25 149.15
v 152.17 -157.03 144.49
v 109.85 -154.76 120.49
v 114.15 -141.83 110.93
v 152.32 -166.92 131.54
v 150.24 -173.15 136.20
v 109.71 -144.73 133.61
v 99.78 -155.76 141.43
v 145.29 -168.53 153.02
v 150.09 -163.25 149.15
v 99.92 -165.79 128.32
v 109.85 -154.76 120.49
v 150.24 -173.15 136.20
v 145.43 -178.42 140.07
v 99.78 -155.76 141.43
v 97.61 -169.20 151.46
v 144.24 -175.00 157.91
v 145.29 -168.53 153.02
v 97.75 -179.22 138.36
v 99.92 -165.79 128.32
v 145.43 -178.42 140.07
v 144.38 -184.90 144.96
v 97.61 -169.20 151.46
v 93.80 -181.73 160.74
v 142.39 -181.04 162.44
v 144.24 -175.00 157.91
v 93.94 -191.75 147.64
v 97.75 -179.22 138.36
v 144.38 -184.90 144.96
v 142.54 -190.93 149.49
v 93.80 -181.73 160.74
v 88.19 -194.15 169.83
v 139.68 -187.00 166.89
v 142.39 -181.04 162.44
v 88.33 -204.16 156.73
v 93.94 -191.75 147.64
v 142.54 -190.93 149.49
v 139.82 -196.90 153.94
v 88.19 -194.15 169.83
v 87.13 -205.49 178.37
v 139.17 -192.48 171.04
v 139.68 -187.00 166.89
v 87.27 -215.50 165.28
v 88.33 -204.16 156.73
v 139.82 -196.90 153.94
v 139.31 -202.37 158.10
v 87.13 -205.49 178.37
v 94.52 -221.40 190.95
v 142.74 -200.22 177.07
v 139.17 -192.48 171.04
v 94.67 -231.42 177.85
v 87.27 -215.50 165.28
v 139.31 -202.37 158.10
v 142.88 -210.11 164.13
v 94.52 -221.40 190.95
v 141.35 -217.11 189.94
v 165.40 -198.35 176.31
v 142.74 -200.22 177.07
v 141.49 -227.15 176.81
v 94.67 -231.42 177.85
v 142.88 -210.11 164.13
v 165.55 -208.25 163.35
v 141.35 -217.11 189.94
v 154.73 -234.93 204.08
v 171.88 -207.02 183.09
v 165.40 -198.35 176.31
v 154.87 -244.98 190.93
v 141.49 -227.15 176.81
v 165.55 -208.25 163.35
v 172.02 -216.92 170.13
v 154.73 -234.93 204.08
v 176.41 -259.60 223.69
v 182.37 -219.02 192.49
v 171.88 -207.02 183.09
v 176.55 -269.65 210.53
v 154.87 -244.98 190.93
v 172.02 -216.92 170.13
v 182.51 -228.92 179.54
v 176.41 -259.60 223.69
v 195.46 -222.49 195.34
v 191.59 -201.04 178.81
v 182.37 -219.02 192.49
v 195.60 -232.54 182.19
v 176.55 -269.65 210.53
v 182.51 -228.92 179.54
v 191.73 -210.94 165.85
v 195.46 -222.49 195.34
v 219.89 -233.53 203.96
v 203.41 -206.37 182.99
v 191.59 -201.04 178.81
v 220.04 -243.57 190.82
v 195.60 -232.54 182.19
v 191.73 -210.94 165.85
v 203.55 -216.27 170.04
v 219.89 -233.53 203.96
v 243.00 -227.46 199.10
v 214.59 -203.38 180.71
v 203.41 -206.37 182.99
v 243.15 -237.50 185.96
v 220.04 -243.57 190.82
v 203.55 -216.27 170.04
v 214.73 -213.28 167.76
v 243.00 -227.46 199.10
v 236.78 -205.23 182.00
v 211.58 -192.62 172.45
v 214.59 -203.38 180.71
v 236.92 -215.27 168.87
v 243.15 -237.50 185.96
v 214.73 -213.28 167.76
v 211.72 -202.52 159.50
v 236.78 -205.23 182.00
v 260.78 -203.28 180.07
v 223.19 -191.59 171.62
v 211.58 -192.62 172.45
v 260.93 -213.31 166.94
v 236.92 -215.27 168.87
v 211.72 -202.52 159.50
v 223.34 -201.48 158.68
v 260.78 -203.28 180.07
v 274.85 -197.02 174.84
v 230.00 -188.49 169.19
v 223.19 -191.59 171.62
v 275.00 -207.05 161.73
v 260.93 -213.31 166.94
v 223.34 -201.48 158.68
v 230.14 -198.38 156.24
v 274.85 -197.02 174.84
v 297.62 -194.87 172.33
v 241.02 -187.31 168.15
v 230.00 -188.49 169.19
v 297.76 -204.88 159.24
v 275.00 -207.05 161.73
v 230.14 -198.38 156.24
v 241.16 -197.20 155.21
v 297.62 -194.87 172.33
v 291.80 -187.82 167.12
v 238.20 -183.93 165.59
v 241.02 -187.31 168.15
v 291.95 -197.82 154.02
v 297.76 -204.88 159.24
v 241.16 -197.20 155.21
v 238.34 -193.82 152.65
v 291.80 -187.82 167.12
v 291.71 -181.62 162.34
v 238.16 -180.93 163.29
v 238.20 -183.93 165.59
v 291.86 -191.63 149.25
v 291.95 -197.82 154.02
v 238.34 -193.82 152.65
v 238.30 -190.82 150.34
v 291.71 -181.62 162.34
v 295.41 -175.35 157.35
v 239.95 -177.86 160.91
v 238.16 -180.93 163.29
v 295.55 -185.36 144.26
v 291.86 -191.63 149.25
v 238.30 -190.82 150.34
v 240.09 -187.75 147.97
v 295.41 -175.35 157.35
v 307.83 -167.88 151.02
v 245.95 -174.16 157.96
v 239.95 -177.86 160.91
v 307.97 -177.88 137.94
v 295.55 -185.36 144.26
v 240.09 -187.75 147.97
v 246.09 -184.04 145.03
v 245.95 -174.16 157.96
v 229.30 -173.61 157.78
v 187.96 -180.90 163.35
v 229.45 -183.50 144.83
v 246.09 -184.04 145.03
v 188.10 -191.01 150.12
v 229.30 -173.61 157.78
v 238.07 -169.23 154.32
v 187.96 -180.90 163.35
v 238.21 -179.12 141.38
v 229.45 -183.50 144.83
v 188.10 -191.01 150.12
v 238.07 -169.23 154.32
v 228.95 -165.65 151.69
v 187.96 -180.90 163.35
v 229.09 -175.54 138.75
v 238.21 -179.12 141.38
v 188.10 -191.01 150.12
v 228.95 -165.65 151.69
v 213.96 -163.13 149.87
v 187.96 -180.90 163.35
v 214.11 -173.03 136.92
v 229.09 -175.54 138.75
v 188.10 -191.01 150.12
v 213.96 -163.13 149.87
v 196.79 -163.23 149.93
v 187.96 -180.90 163.35
v 196.93 -173.13 136.98
v 214.11 -173.03 136.92
v 188.10 -191.01 150.12
v 196.79 -163.23 149.93
v 181.99 -159.86 147.23
v 187.96 -180.90 163.35
v 182.13 -169.76 134.27
v 196.93 -173.13 136.98
v 188.10 -191.01 150.12
v 181.99 -159.86 147.23
v 167.63 -159.25 146.53
v 187.96 -180.90 163.35
v 167.77 -169.15 133.58
v 182.13 -169.76 134.27
v 188.10 -191.01 150.12
v 167.63 -159.25 146.53
v 152.17 -157.03 144.49
v 187.96 -180.90 163.35
v 152.32 -166.92 131.54
v 167.77 -169.15 133.58
v 188.10 -191.01 150.12
v 152.17 -157.03 144.49
v 150.09 -163.25 149.15
v 187.96 -180.90 163.35
v 150.24 -173.15 136.20
v 152.32 -166.92 131.54
v 188.10 -191.01 150.12
v 150.09 -163.25 149.15
v 145.29 -168.53 153.02
v 187.96 -180.90 163.35
v 145.43 -178.42 140.07
v 150.24 -173.15 136.20
v 188.10 -191.01 150.12
v 145.29 -168.53 153.02
v 144.24 -175.00 157.91
v 187.96 -180.90 163.35
v 144.38 -184.90 144.96
v 145.43 -178.42 140.07
v 188.10 -191.01 150.12
v 144.24 -175.00 157.91
v 142.39 -181.04 162.44
v 187.96 -180.90 163.35
v 142.54 -190.93 149.49
v 144.38 -184.90 144.96
v 188.10 -191.01 150.12
v 142.39 -181.04 162.44
v 139.68 -187.00 166.89
v 187.96 -180.90 163.35
v 139.82 -196.90 153.94
v 142.54 -190.93 149.49
v 188.10 -191.01 150.12
v 139.68 -187.00 166.89
v 139.17 -192.48 171.04
v 187.96 -180.90 163.35
v 139.31 -202.37 158.10
v 139.82 -196.90 153.94
v 188.10 -191.01 150.12
v 139.17 -192.48 171.04
v 142.74 -200.22 177.07
v 187.96 -180.90 163.35
v 142.88 -210.11 164.13
v 139.31 -202.37 158.10
v 188.10 -191.01 150.12
v 142.74 -200.22 177.07
v 165.40 -198.35 176.31
v 187.96 -180.90 163.35
v 165.55 -208.25 163.35
v 142.88 -210.11 164.13
v 188.10 -191.01 150.12
v 165.40 -198.35 176.31
v 171.88 -207.02 183.09
v 187.96 -180.90 163.35
v 172.02 -216.92 170.13
v 165.55 -208.25 163.35
v 188.10 -191.01 150.12
v 171.88 -207.02 183.09
v 182.37 -219.02 192.49
v 187.96 -180.90 163.35
v 182.51 -228.92 179.54
v 172.02 -216.92 170.13
v 188.10 -191.01 150.12
v 182.37 -219.02 192.49
v 191.59 -201.04 178.81
v 187.96 -180.90 163.35
v 191.73 -210.94 165.85
v 182.51 -228.92 179.54
v 188.10 -191.01 150.12
v 191.59 -201.04 178.81
v 203.41 -206.37 182.99
v 187.96 -180.90 163.35
v 203.55 -216.27 170.04
v 191.73 -210.94 165.85
v 188.10 -191.01 150.12
v 203.41 -206.37 182.99
v 214.59 -203.38 180.71
v 187.96 -180.90 163.35
v 214.73 -213.28 167.76
v 203.55 -216.27 170.04
v 188.10 -191.01 150.12
v 214.59 -203.38 180.71
v 211.58 -192.62 172.45
v 187.96 -180.90 163.35
v 211.72 -202.52 159.50
v 214.73 -213.28 167.76
v 188.10 -191.01 150.12
v 211.58 -192.62 172.45
v 223.19 -191.59 171.62
v 187.96 -180.90 163.35
v 223.34 -201.48 158.68
v 211.72 -202.52 159.50
v 188.10 -191.01 150.12
v 223.19 -191.59 171.62
v 230.00 -188.49 169.19
v 187.96 -180.90 163.35
v 230.14 -198.38 156.24
v 223.34 -201.48 158.68
v 188.10 -191.01 150.12
v 230.00 -188.49 169.19
v 241.02 -187.31 168.15
v 187.96 -180.90 163.35
v 241.16 -197.20 155.21
v 230.14 -198.38 156.24
v 188.10 -191.01 150.12
v 241.02 -187.31 168.15
v 238.20 -183.93 165.59
v 187.96 -180.90 163.35
v 238.34 -193.82 152.65
v 241.16 -197.20 155.21
v 188.10 -191.01 150.12
v 238.20 -183.93 165.59
v 238.16 -180.93 163.29
v 187.96 -180.90 163.35
v 238.30 -190.82 150.34
v 238.34 -193.82 152.65
v 188.10 -191.01 150.12
v 238.16 -180.93 163.29
v 239.95 -177.86 160.91
v 187.96 -180.90 163.35
v 240.09 -187.75 147.97
v 238.30 -190.82 150.34
v 188.10 -191.01 150.12
v 239.95 -177.86 160.91
v 245.95 -174.16 157.96
v 187.96 -180.90 163.35
v 246.09 -184.04 145.03
v 240.09 -187.75 147.97
v 188.10 -191.01 150.12
v 45.50 -147.94 121.32
v 47.38 -145.39 119.39
v 27.87 -134.57 121.72
v 26.82 -136.19 118.55
v 47.38 -145.39 119.39
v 46.17 -146.89 116.22
v 30.09 -132.29 119.82
v 27.87 -134.57 121.72
v 46.17 -146.89 116.22
v 44.28 -149.43 118.15
v 29.04 -133.91 116.65
v 30.09 -132.29 119.82
v 44.28 -149.43 118.15
v 45.50 -147.94 121.32
v 26.82 -136.19 118.55
v 29.04 -133.91 116.65
v 26.82 -136.19 118.55
v 27.87 -134.57 121.72
v 12.34 -121.33 114.37
v 13.84 -118.53 112.44
v 27.87 -134.57 121.72
v 30.09 -132.29 119.82
v 13.00 -119.50 117.53
v 12.34 -121.33 114.37
v 30.09 -132.29 119.82
v 29.04 -133.91 116.65
v 14.50 -116.71 115.60
v 13.00 -119.50 117.53
v 29.04 -133.91 116.65
v 26.82 -136.19 118.55
v 13.84 -118.53 112.44
v 14.50 -116.71 115.60
v 13.84 -118.53 112.44
v 12.34 -121.33 114.37
v -8.20 -115.96 113.92
v -8.12 -113.88 116.99
v 12.34 -121.33 114.37
v 13.00 -119.50 117.53
v -8.25 -119.03 115.99
v -8.20 -115.96 113.92
v 13.00 -119.50 117.53
v 14.50 -116.71 115.60
v -8.17 -116.96 119.07
v -8.25 -119.03 115.99
v 14.50 -116.71 115.60
v 13.84 -118.53 112.44
v -8.12 -113.88 116.99
v -8.17 -116.96 119.07
v -8.12 -113.88 116.99
v -8.20 -115.96 113.92
v -30.11 -115.39 115.87
v -30.01 -118.47 117.95
v -8.20 -115.96 113.92
v -8.25 -119.03 115.99
v -29.81 -117.45 112.80
v -30.11 -115.39 115.87
v -8.25 -119.03 115.99
v -8.17 -116.96 119.07
v -29.71 -120.53 114.88
v -29.81 -117.45 112.80
v -8.17 -116.96 119.07
v -8.12 -113.88 116.99
v -30.01 -118.47 117.95
v -29.71 -120.53 114.88
v 44.28 -149.43 118.15
v 46.17 -146.89 116.22
v 47.38 -145.39 119.39
v 45.50 -147.94 121.32
v -30.01 -118.47 117.95
v -30.11 -115.39 115.87
v -29.81 -117.45 112.80
v -29.71 -120.53 114.88
v 265.38 -226.83 182.82
v 265.62 -229.36 183.94
v 271.81 -218.21 200.93
v 274.39 -218.40 199.95
v 265.62 -229.36 183.94
v 268.25 -229.49 183.07
v 272.28 -220.39 202.58
v 271.81 -218.21 200.93
v 268.25 -229.49 183.07
v 268.00 -226.97 181.95
v 274.86 -220.57 201.59
v 272.28 -220.39 202.58
v 268.00 -226.97 181.95
v 265.38 -226.83 182.82
v 274.39 -218.40 199.95
v 274.86 -220.57 201.59
v 274.39 -218.40 199.95
v 271.81 -218.21 200.93
v 281.00 -201.99 211.24
v 281.72 -203.52 213.43
v 271.81 -218.21 200.93
v 272.28 -220.39 202.58
v 278.37 -201.96 212.13
v 281.00 -201.99 211.24
v 272.28 -220.39 202.58
v 274.86 -220.57 201.59
v 279.10 -203.49 214.32
v 278.37 -201.96 212.13
v 274.86 -220.57 201.59
v 274.39 -218.40 199.95
v 281.72 -203.52 213.43
v 279.10 -203.49 214.32
v 281.72 -203.52 213.43
v 281.00 -201.99 211.24
v 282.94 -184.60 224.10
v 280.29 -184.75 224.88
v 281.00 -201.99 211.24
v 278.37 -201.96 212.13
v 282.16 -183.64 221.62
v 282.94 -184.60 224.10
v 278.37 -201.96 212.13
v 279.10 -203.49 214.32
v 279.51 -183.79 222.40
v 282.16 -183.64 221.62
v 279.10 -203.49 214.32
v 281.72 -203.52 213.43
v 280.29 -184.75 224.88
v 279.51 -183.79 222.40
v 280.29 -184.75 224.88
v 282.94 -184.60 224.10
v 281.24 -163.61 229.15
v 280.45 -163.05 226.56
v 282.94 -184.60 224.10
v 282.16 -183.64 221.62
v 283.89 -163.56 228.35
v 281.24 -163.61 229.15
v 282.16 -183.64 221.62
v 279.51 -183.79 222.40
v 283.10 -163.01 225.76
v 283.89 -163.56 228.35
v 279.51 -183.79 222.40
v 280.29 -184.75 224.88
v 280.45 -163.05 226.56
v 283.10 -163.01 225.76
v 268.00 -226.97 181.95
v 268.25 -229.49 183.07
v 265.62 -229.36 183.94
v 265.38 -226.83 182.82
v 280.45 -163.05 226.56
v 281.24 -163.61 229.15
v 283.89 -163.56 228.35
v 283.10 -163.01 225.76
v -260.49 270.11 -7.77
v -236.83 235.47 27.14
v -240.49 247.92 43.39
v -264.15 282.51 8.42
v -236.83 235.47 27.14
v -245.21 219.35 38.08
v -248.88 231.80 54.34
v -240.49 247.92 43.39
v -245.21 219.35 38.08
v -276.98 204.18 42.13
v -280.65 216.62 58.38
v -248.88 231.80 54.34
v -276.98 204.18 42.13
v -257.84 180.13 66.08
v -261.51 192.59 82.36
v -280.65 216.62 58.38
v -257.84 180.13 66.08
v -257.71 159.25 82.36
v -261.38 171.72 98.64
v -261.51 192.59 82.36
v -257.71 159.25 82.36
v -287.54 128.58 98.39
v -291.21 141.04 114.66
v -261.38 171.72 98.64
v -287.54 128.58 98.39
v -265.77 114.65 114.21
v -269.44 127.11 130.48
v -291.21 141.04 114.66
v -265.77 114.65 114.21
v -242.71 112.55 121.31
v -246.38 125.01 137.59
v -269.44 127.11 130.48
v -242.71 112.55 121.31
v -256.79 85.69 137.70
v -260.45 98.13 153.96
v -246.38 125.01 137.59
v -256.79 85.69 137.70
v -239.17 80.09 145.89
v -242.84 92.54 162.14
v -260.45 98.13 153.96
v -239.17 80.09 145.89
v -235.51 60.77 160.57
v -239.17 73.20 176.81
v -242.84 92.54 162.14
v -235.51 60.77 160.57
v -191.50 94.40 146.45
v -195.18 106.86 162.72
v -239.17 73.20 176.81
v -191.50 94.40 146.45
v -200.77 56.02 171.75
v -204.44 68.45 187.99
v -195.18 106.86 162.72
v -200.77 56.02 171.75
v -168.84 55.19 179.32
v -172.51 67.62 195.55
v -204.44 68.45 187.99
v -168.84 55.19 179.32
v -132.94 64.18 180.68
v -136.60 76.61 196.91
v -172.51 67.62 195.55
v -132.94 64.18 180.68
v -97.91 69.51 184.21
v -101.57 81.94 200.44
v -136.60 76.61 196.91
v -97.91 69.51 184.21
v -61.43 72.82 189.25
v -65.09 85.23 205.46
v -101.57 81.94 200.44
v -61.43 72.82 189.25
v -28.69 81.61 189.54
v -32.34 94.02 205.75
v -65.09 85.23 205.46
v -28.69 81.61 189.54
v 3.76 88.69 190.81
v 0.10 101.09 207.01
v -32.34 94.02 205.75
v 3.76 88.69 190.81
v 17.70 110.28 178.34
v 14.05 122.69 194.55
v 0.10 101.09 207.01
v 17.70 110.28 178.34
v 29.42 132.73 164.61
v 25.76 145.15 180.84
v 14.05 122.69 194.55
v 29.42 132.73 164.61
v 46.32 153.68 152.71
v 42.65 166.11 168.94
v 25.76 145.15 180.84
v 46.32 153.68 152.71
v 54.29 175.85 138.02
v 50.62 188.28 154.27
v 42.65 166.11 168.94
v 54.29 175.85 138.02
v 25.27 199.28 114.92
v 21.60 211.74 131.19
v 50.62 188.28 154.27
v 25.27 199.28 114.92
v -2.35 222.82 91.36
v -6.03 235.28 107.65
v 21.60 211.74 131.19
v -2.35 222.82 91.36
v -29.41 247.21 66.58
v -33.08 259.67 82.87
v -6.03 235.28 107.65
v -29.41 247.21 66.58
v -56.61 273.47 39.54
v -60.28 285.92 55.81
v -33.08 259.67 82.87
v -56.61 273.47 39.54
v -88.82 292.67 16.38
v -92.48 305.11 32.63
v -60.28 285.92 55.81
v -88.82 292.67 16.38
v -116.69 331.51 -23.14
v -120.34 343.90 -6.96
v -92.48 305.11 32.63
v -116.69 331.51 -23.14
v -146.13 310.07 -12.10
v -149.78 322.47 4.10
v -120.34 343.90 -6.96
v -146.13 310.07 -12.10
v -174.22 299.18 -9.92
v -177.87 311.59 6.29
v -149.78 322.47 4.10
v -174.22 299.18 -9.92
v -198.64 283.78 -3.12
v -202.30 296.19 13.09
v -177.87 311.59 6.29
v -198.64 283.78 -3.12
v -246.13 293.54 -23.84
v -249.77 305.92 -7.68
v -202.30 296.19 13.09
v -246.13 293.54 -23.84
v -260.49 270.11 -7.77
v -264.15 282.51 8.42
v -249.77 305.92 -7.68
v -264.15 282.51 8.42
v -240.49 247.92 43.39
v -199.41 227.96 69.80
v -214.17 249.75 48.58
v -236.83 235.47 27.14
v -260.49 270.11 -7.77
v -210.57 237.53 32.61
v -195.80 215.72 53.82
v -240.49 247.92 43.39
v -248.88 231.80 54.34
v -204.59 217.91 76.52
v -199.41 227.96 69.80
v -245.21 219.35 38.08
v -236.83 235.47 27.14
v -195.80 215.72 53.82
v -200.98 205.67 60.53
v -248.88 231.80 54.34
v -280.65 216.62 58.38
v -224.30 208.55 79.09
v -204.59 217.91 76.52
v -276.98 204.18 42.13
v -245.21 219.35 38.08
v -200.98 205.67 60.53
v -220.69 196.31 63.10
v -280.65 216.62 58.38
v -261.51 192.59 82.36
v -212.39 193.51 93.77
v -224.30 208.55 79.09
v -257.84 180.13 66.08
v -276.98 204.18 42.13
v -220.69 196.31 63.10
v -208.78 181.26 77.78
v -261.51 192.59 82.36
v -261.38 171.72 98.64
v -212.30 180.54 103.82
v -212.39 193.51 93.77
v -257.71 159.25 82.36
v -257.84 180.13 66.08
v -208.78 181.26 77.78
v -208.69 168.29 87.83
v -261.38 171.72 98.64
v -291.21 141.04 114.66
v -230.82 161.60 113.86
v -212.30 180.54 103.82
v -287.54 128.58 98.39
v -257.71 159.25 82.36
v -208.69 168.29 87.83
v -227.21 149.35 97.87
v -291.21 141.04 114.66
v -269.44 127.11 130.48
v -217.32 152.93 123.64
v -230.82 161.60 113.86
v -265.77 114.65 114.21
v -287.54 128.58 98.39
v -227.21 149.35 97.87
v -213.71 140.69 107.65
v -269.44 127.11 130.48
v -246.38 125.01 137.59
v -203.01 151.60 128.00
v -217.32 152.93 123.64
v -242.71 112.55 121.31
v -265.77 114.65 114.21
v -213.71 140.69 107.65
v -199.40 139.36 112.00
v -246.38 125.01 137.59
v -260.45 98.13 153.96
v -211.77 135.05 138.30
v -203.01 151.60 128.00
v -256.79 85.69 137.70
v -242.71 112.55 121.31
v -199.40 139.36 112.00
v -208.16 122.81 122.31
v -260.45 98.13 153.96
v -242.84 92.54 162.14
v -200.85 131.59 143.38
v -211.77 135.05 138.30
v -239.17 80.09 145.89
v -256.79 85.69 137.70
v -208.16 122.81 122.31
v -197.24 119.35 127.40
v -242.84 92.54 162.14
v -239.17 73.20 176.81
v -198.61 119.71 152.61
v -200.85 131.59 143.38
v -235.51 60.77 160.57
v -239.17 80.09 145.89
v -197.24 119.35 127.40
v -195.00 107.47 136.64
v -239.17 73.20 176.81
v -195.18 106.86 162.72
v -171.27 140.38 143.63
v -198.61 119.71 152.61
v -191.50 94.40 146.45
v -235.51 60.77 160.57
v -195.00 107.47 136.64
v -167.67 128.14 127.63
v -195.18 106.86 162.72
v -204.44 68.45 187.99
v -177.08 116.79 159.59
v -171.27 140.38 143.63
v -200.77 56.02 171.75
v -191.50 94.40 146.45
v -167.67 128.14 127.63
v -173.48 104.56 143.61
v -204.44 68.45 187.99
v -172.51 67.62 195.55
v -157.29 116.31 164.31
v -177.08 116.79 159.59
v -168.84 55.19 179.32
v -200.77 56.02 171.75
v -173.48 104.56 143.61
v -153.69 104.08 148.34
v -172.51 67.62 195.55
v -136.60 76.61 196.91
v -135.03 121.87 165.14
v -157.29 116.31 164.31
v -132.94 64.18 180.68
v -168.84 55.19 179.32
v -153.69 104.08 148.34
v -131.42 109.63 149.16
v -136.60 76.61 196.91
v -101.57 81.94 200.44
v -113.32 125.20 167.37
v -135.03 121.87 165.14
v -97.91 69.51 184.21
v -132.94 64.18 180.68
v -131.42 109.63 149.16
v -109.71 112.97 151.39
v -101.57 81.94 200.44
v -65.09 85.23 205.46
v -90.72 127.32 170.58
v -113.32 125.20 167.37
v -61.43 72.82 189.25
v -97.91 69.51 184.21
v -109.71 112.97 151.39
v -87.12 115.09 154.61
v -65.09 85.23 205.46
v -32.34 94.02 205.75
v -70.43 132.81 170.81
v -90.72 127.32 170.58
v -28.69 81.61 189.54
v -61.43 72.82 189.25
v -87.12 115.09 154.61
v -66.83 120.59 154.85
v -32.34 94.02 205.75
v 0.10 101.09 207.01
v -50.34 137.26 171.69
v -70.43 132.81 170.81
v 3.76 88.69 190.81
v -28.69 81.61 189.54
v -66.83 120.59 154.85
v -46.74 125.04 155.72
v 0.10 101.09 207.01
v 14.05 122.69 194.55
v -41.66 150.55 163.83
v -50.34 137.26 171.69
v 17.70 110.28 178.34
v 3.76 88.69 190.81
v -46.74 125.04 155.72
v -38.06 138.33 147.86
v 14.05 122.69 194.55
v 25.76 145.15 180.84
v -34.37 164.39 155.21
v -41.66 150.55 163.83
v 29.42 132.73 164.61
v 17.70 110.28 178.34
v -38.06 138.33 147.86
v -30.77 152.16 139.23
v 25.76 145.15 180.84
v 42.65 166.11 168.94
v -23.89 177.34 147.78
v -34.37 164.39 155.21
v 46.32 153.68 152.71
v 29.42 132.73 164.61
v -30.77 152.16 139.23
v -20.28 165.11 131.81
v 42.65 166.11 168.94
v 50.62 188.28 154.27
v -18.93 191.04 138.61
v -23.89 177.34 147.78
v 54.29 175.85 138.02
v 46.32 153.68 152.71
v -20.28 165.11 131.81
v -15.32 178.80 122.63
v 50.62 188.28 154.27
v 21.60 211.74 131.19
v -36.88 205.42 124.10
v -18.93 191.04 138.61
v 25.27 199.28 114.92
v 54.29 175.85 138.02
v -15.32 178.80 122.63
v -33.27 193.18 108.11
v 21.60 211.74 131.19
v -6.03 235.28 107.65
v -53.98 219.94 109.40
v -36.88 205.42 124.10
v -2.35 222.82 91.36
v 25.27 199.28 114.92
v -33.27 193.18 108.11
v -50.37 207.69 93.40
v -6.03 235.28 107.65
v -33.08 259.67 82.87
v -70.76 235.06 94.04
v -53.98 219.94 109.40
v -29.41 247.21 66.58
v -2.35 222.82 91.36
v -50.37 207.69 93.40
v -67.15 222.81 78.04
v -33.08 259.67 82.87
v -60.28 285.92 55.81
v -87.65 251.43 77.38
v -70.76 235.06 94.04
v -56.61 273.47 39.54
v -29.41 247.21 66.58
v -67.15 222.81 78.04
v -84.04 239.19 61.39
v -60.28 285.92 55.81
v -92.48 305.11 32.63
v -107.65 263.46 63.18
v -87.65 251.43 77.38
v -88.82 292.67 16.38
v -56.61 273.47 39.54
v -84.04 239.19 61.39
v -104.05 251.22 47.20
v -92.48 305.11 32.63
v -120.34 343.90 -6.96
v -125.04 287.91 39.16
v -107.65 263.46 63.18
v -116.69 331.51 -23.14
v -88.82 292.67 16.38
v -104.05 251.22 47.20
v -121.44 275.69 23.20
v -120.34 343.90 -6.96
v -149.78 322.47 4.10
v -143.25 274.48 45.83
v -125.04 287.91 39.16
v -146.13 310.07 -12.10
v -116.69 331.51 -23.14
v -121.44 275.69 23.20
v -139.65 262.26 29.86
v -149.78 322.47 4.10
v -177.87 311.59 6.29
v -160.66 267.71 47.16
v -143.25 274.48 45.83
v -174.22 299.18 -9.92
v -146.13 310.07 -12.10
v -139.65 262.26 29.86
v -157.06 255.49 31.19
v -177.87 311.59 6.29
v -202.30 296.19 13.09
v -175.79 258.11 51.30
v -160.66 267.71 47.16
v -198.64 283.78 -3.12
v -174.22 299.18 -9.92
v -157.06 255.49 31.19
v -172.18 245.88 35.33
v -202.30 296.19 13.09
v -249.77 305.92 -7.68
v -205.31 264.42 38.80
v -175.79 258.11 51.30
v -246.13 293.54 -23.84
v -198.64 283.78 -3.12
v -172.18 245.88 35.33
v -201.71 252.21 22.85
v -249.77 305.92 -7.68
v -264.15 282.51 8.42
v -214.17 249.75 48.58
v -205.31 264.42 38.80
v -260.49 270.11 -7.77
v -246.13 293.54 -23.84
v -201.71 252.21 22.85
v -210.57 237.53 32.61
v -214.17 249.75 48.58
v -199.41 227.96 69.80
v -164.71 210.83 91.63
v -171.90 221.52 81.54
v -195.80 215.72 53.82
v -210.57 237.53 32.61
v -168.29 209.27 65.53
v -161.10 198.57 75.61
v -199.41 227.96 69.80
v -204.59 217.91 76.52
v -167.21 205.95 94.85
v -164.71 210.83 91.63
v -200.98 205.67 60.53
v -195.80 215.72 53.82
v -161.10 198.57 75.61
v -163.60 193.69 78.83
v -204.59 217.91 76.52
v -224.30 208.55 79.09
v -176.76 201.44 96.12
v -167.21 205.95 94.85
v -220.69 196.31 63.10
v -200.98 205.67 60.53
v -163.60 193.69 78.83
v -173.14 189.18 80.10
v -224.30 208.55 79.09
v -212.39 193.51 93.77
v -170.98 194.10 103.15
v -176.76 201.44 96.12
v -208.78 181.26 77.78
v -220.69 196.31 63.10
v -173.14 189.18 80.10
v -167.36 181.84 87.13
v -212.39 193.51 93.77
v -212.30 180.54 103.82
v -170.93 187.82 108.00
v -170.98 194.10 103.15
v -208.69 168.29 87.83
v -208.78 181.26 77.78
v -167.36 181.84 87.13
v -167.32 175.55 91.98
v -212.30 180.54 103.82
v -230.82 161.60 113.86
v -179.90 178.68 112.90
v -170.93 187.82 108.00
v -227.21 149.35 97.87
v -208.69 168.29 87.83
v -167.32 175.55 91.98
v -176.29 166.42 96.88
v -230.82 161.60 113.86
v -217.32 152.93 123.64
v -173.36 174.48 117.61
v -179.90 178.68 112.90
v -213.71 140.69 107.65
v -227.21 149.35 97.87
v -176.29 166.42 96.88
v -169.75 162.22 101.59
v -217.32 152.93 123.64
v -203.01 151.60 128.00
v -166.44 173.82 119.70
v -173.36 174.48 117.61
v -199.40 139.36 112.00
v -213.71 140.69 107.65
v -169.75 162.22 101.59
v -162.82 161.56 103.69
v -203.01 151.60 128.00
v -211.77 135.05 138.30
v -170.69 165.86 124.75
v -166.44 173.82 119.70
v -208.16 122.81 122.31
v -199.40 139.36 112.00
v -162.82 161.56 103.69
v -167.08 153.60 108.73
v -211.77 135.05 138.30
v -200.85 131.59 143.38
v -165.41 164.19 127.21
v -170.69 165.86 124.75
v -197.24 119.35 127.40
v -208.16 122.81 122.31
v -167.08 153.60 108.73
v -161.79 151.93 111.20
v -200.85 131.59 143.38
v -198.61 119.71 152.61
v -164.34 158.48 131.74
v -165.41 164.19 127.21
v -195.00 107.47 136.64
v -197.24 119.35 127.40
v -161.79 151.93 111.20
v -160.72 146.22 115.72
v -198.61 119.71 152.61
v -171.27 140.38 143.63
v -151.09 168.41 127.29
v -164.34 158.48 131.74
v -167.67 128.14 127.63
v -195.00 107.47 136.64
v -160.72 146.22 115.72
v -147.47 156.14 111.27
v -171.27 140.38 143.63
v -177.08 116.79 159.59
v -153.92 157.09 135.13
v -151.09 168.41 127.29
v -173.48 104.56 143.61
v -167.67 128.14 127.63
v -147.47 156.14 111.27
v -150.31 144.83 119.11
v -177.08 116.79 159.59
v -157.29 116.31 164.31
v -144.35 156.86 137.43
v -153.92 157.09 135.13
v -153.69 104.08 148.34
v -173.48 104.56 143.61
v -150.31 144.83 119.11
v -140.74 144.60 121.42
v -157.29 116.31 164.31
v -135.03 121.87 165.14
v -133.58 159.55 137.82
v -144.35 156.86 137.43
v -131.42 109.63 149.16
v -153.69 104.08 148.34
v -140.74 144.60 121.42
v -129.96 147.29 121.81
v -135.03 121.87 165.14
v -113.32 125.20 167.37
v -123.07 161.18 138.92
v -133.58 159.55 137.82
v -109.71 112.97 151.39
v -131.42 109.63 149.16
v -129.96 147.29 121.81
v -119.46 148.92 122.90
v -113.32 125.20 167.37
v -90.72 127.32 170.58
v -112.15 162.23 140.51
v -123.07 161.18 138.92
v -87.12 115.09 154.61
v -109.71 112.97 151.39
v -119.46 148.92 122.90
v -108.54 149.97 124.50
v -90.72 127.32 170.58
v -70.43 132.81 170.81
v -102.34 164.90 140.65
v -112.15 162.23 140.51
v -66.83 120.59 154.85
v -87.12 115.09 154.61
v -108.54 149.97 124.50
v -98.73 152.65 124.63
v -70.43 132.81 170.81
v -50.34 137.26 171.69
v -92.62 167.09 141.11
v -102.34 164.90 140.65
v -46.74 125.04 155.72
v -66.83 120.59 154.85
v -98.73 152.65 124.63
v -89.01 154.83 125.10
v -50.34 137.26 171.69
v -41.66 150.55 163.83
v -88.41 173.48 137.25
v -92.62 167.09 141.11
v -38.06 138.33 147.86
v -46.74 125.04 155.72
v -89.01 154.83 125.10
v -84.80 161.22 121.24
v -41.66 150.55 163.83
v -34.37 164.39 155.21
v -84.87 180.13 133.03
v -88.41 173.48 137.25
v -30.77 152.16 139.23
v -38.06 138.33 147.86
v -84.80 161.22 121.24
v -81.26 167.87 117.02
v -34.37 164.39 155.21
v -23.89 177.34 147.78
v -79.80 186.39 129.42
v -84.87 180.13 133.03
v -20.28 165.11 131.81
v -30.77 152.16 139.23
v -81.26 167.87 117.02
v -76.18 174.13 113.40
v -23.89 177.34 147.78
v -18.93 191.04 138.61
v -77.39 192.99 124.95
v -79.80 186.39 129.42
v -15.32 178.80 122.63
v -20.28 165.11 131.81
v -76.18 174.13 113.40
v -73.78 180.73 108.93
v -18.93 191.04 138.61
v -36.88 205.42 124.10
v -86.06 199.89 117.84
v -77.39 192.99 124.95
v -33.27 193.18 108.11
v -15.32 178.80 122.63
v -73.78 180.73 108.93
v -82.44 187.62 101.83
v -36.88 205.42 124.10
v -53.98 219.94 109.40
v -94.32 206.88 110.69
v -86.06 199.89 117.84
v -50.37 207.69 93.40
v -33.27 193.18 108.11
v -82.44 187.62 101.83
v -90.71 194.62 94.67
v -53.98 219.94 109.40
v -70.76 235.06 94.04
v -102.44 214.20 103.26
v -94.32 206.88 110.69
v -67.15 222.81 78.04
v -50.37 207.69 93.40
v -90.71 194.62 94.67
v -98.83 201.93 87.24
v -70.76 235.06 94.04
v -87.65 251.43 77.38
v -110.62 222.15 95.25
v -102.44 214.20 103.26
v -84.04 239.19 61.39
v -67.15 222.81 78.04
v -98.83 201.93 87.24
v -107.01 209.89 79.23
v -87.65 251.43 77.38
v -107.65 263.46 63.18
v -120.32 228.03 88.45
v -110.62 222.15 95.25
v -104.05 251.22 47.20
v -84.04 239.19 61.39
v -107.01 209.89 79.23
v -116.71 215.77 72.43
v -107.65 263.46 63.18
v -125.04 287.91 39.16
v -128.78 240.02 77.03
v -120.32 228.03 88.45
v -121.44 275.69 23.20
v -104.05 251.22 47.20
v -116.71 215.77 72.43
v -125.17 227.76 61.02
v -125.04 287.91 39.16
v -143.25 274.48 45.83
v -137.58 233.47 80.19
v -128.78 240.02 77.03
v -139.65 262.26 29.86
v -121.44 275.69 23.20
v -125.17 227.76 61.02
v -133.97 221.21 64.17
v -143.25 274.48 45.83
v -160.66 267.71 47.16
v -146.00 230.18 80.82
v -137.58 233.47 80.19
v -157.06 255.49 31.19
v -139.65 262.26 29.86
v -133.97 221.21 64.17
v -142.39 217.92 64.81
v -160.66 267.71 47.16
v -175.79 258.11 51.30
v -153.31 225.51 82.79
v -146.00 230.18 80.82
v -172.18 245.88 35.33
v -157.06 255.49 31.19
v -142.39 217.92 64.81
v -149.70 213.25 66.78
v -175.79 258.11 51.30
v -205.31 264.42 38.80
v -167.63 228.68 76.90
v -153.31 225.51 82.79
v -201.71 252.21 22.85
v -172.18 245.88 35.33
v -149.70 213.25 66.78
v -164.02 216.43 60.89
v -205.31 264.42 38.80
v -214.17 249.75 48.58
v -171.90 221.52 81.54
v -167.63 228.68 76.90
v -210.57 237.53 32.61
v -201.71 252.21 22.85
v -164.02 216.43 60.89
v -168.29 209.27 65.53
v -171.90 221.52 81.54
v -164.71 210.83 91.63
v -132.11 194.52 111.75
v -161.10 198.57 75.61
v -168.29 209.27 65.53
v -128.37 181.81 95.15
v -164.71 210.83 91.63
v -167.21 205.95 94.85
v -132.11 194.52 111.75
v -163.60 193.69 78.83
v -161.10 198.57 75.61
v -128.37 181.81 95.15
v -167.21 205.95 94.85
v -176.76 201.44 96.12
v -132.11 194.52 111.75
v -173.14 189.18 80.10
v -163.60 193.69 78.83
v -128.37 181.81 95.15
v -176.76 201.44 96.12
v -170.98 194.10 103.15
v -132.11 194.52 111.75
v -167.36 181.84 87.13
v -173.14 189.18 80.10
v -128.37 181.81 95.15
v -170.98 194.10 103.15
v -170.93 187.82 108.00
v -132.11 194.52 111.75
v -167.32 175.55 91.98
v -167.36 181.84 87.13
v -128.37 181.81 95.15
v -170.93 187.82 108.00
v -179.90 178.68 112.90
v -132.11 194.52 111.75
v -176.29 166.42 96.88
v -167.32 175.55 91.98
v -128.37 181.81 95.15
v -179.90 178.68 112.90
v -173.36 174.48 117.61
v -132.11 194.52 111.75
v -169.75 162.22 101.59
v -176.29 166.42 96.88
v -128.37 181.81 95.15
v -173.36 174.48 117.61
v -166.44 173.82 119.70
v -132.11 194.52 111.75
v -162.82 161.56 103.69
v -169.75 162.22 101.59
v -128.37 181.81 95.15
v -166.44 173.82 119.70
v -170.69 165.86 124.75
v -132.11 194.52 111.75
v -167.08 153.60 108.73
v -162.82 161.56 103.69
v -128.37 181.81 95.15
v -170.69 165.86 124.75
v -165.41 164.19 127.21
v -132.11 194.52 111.75
v -161.79 151.93 111.20
v -167.08 153.60 108.73
v -128.37 181.81 95.15
v -165.41 164.19 127.21
v -164.34 158.48 131.74
v -132.11 194.52 111.75
v -160.72 146.22 115.72
v -161.79 151.93 111.20
v -128.37 181.81 95.15
v -164.34 158.48 131.74
v -151.09 168.41 127.29
v -132.11 194.52 111.75
v -147.47 156.14 111.27
v -160.72 146.22 115.72
v -128.37 181.81 95.15
v -151.09 168.41 127.29
v -153.92 157.09 135.13
v -132.11 194.52 111.75
v -150.31 144.83 119.11
v -147.47 156.14 111.27
v -128.37 181.81 95.15
v -153.92 157.09 135.13
v -144.35 156.86 137.43
v -132.11 194.52 111.75
v -140.74 144.60 121.42
v -150.31 144.83 119.11
v -128.37 181.81 95.15
v -144.35 156.86 137.43
v -133.58 159.55 137.82
v -132.11 194.52 111.75
v -129.96 147.29 121.81
v -140.74 144.60 121.42
v -128.37 181.81 95.15
v -133.58 159.55 137.82
v -123.07 161.18 138.92
v -132.11 194.52 111.75
v -119.46 148.92 122.90
v -129.96 147.29 121.81
v -128.37 181.81 95.15
v -123.07 161.18 138.92
v -112.15 162.23 140.51
v -132.11 194.52 111.75
v -108.54 149.97 124.50
v -119.46 148.92 122.90
v -128.37 181.81 95.15
v -112.15 162.23 140.51
v -102.34 164.90 140.65
v -132.11 194.52 111.75
v -98.73 152.65 124.63
v -108.54 149.97 124.50
v -128.37 181.81 95.15
v -102.34 164.90 140.65
v -92.62 167.09 141.11
v -132.11 194.52 111.75
v -89.01 154.83 125.10
v -98.73 152.65 124.63
v -128.37 181.81 95.15
v -92.62 167.09 141.11
v -88.41 173.48 137.25
v -132.11 194.52 111.75
v -84.80 161.22 121.24
v -89.01 154.83 125.10
v -128.37 181.81 95.15
v -88.41 173.48 137.25
v -84.87 180.13 133.03
v -132.11 194.52 111.75
v -81.26 167.87 117.02
v -84.80 161.22 121.24
v -128.37 181.81 95.15
v -84.87 180.13 133.03
v -79.80 186.39 129.42
v -132.11 194.52 111.75
v -76.18 174.13 113.40
v -81.26 167.87 117.02
v -128.37 181.81 95.15
v -79.80 186.39 129.42
v -77.39 192.99 124.95
v -132.11 194.52 111.75
v -73.78 180.73 108.93
v -76.18 174.13 113.40
v -128.37 181.81 95.15
v -77.39 192.99 124.95
v -86.06 199.89 117.84
v -132.11 194.52 111.75
v -82.44 187.62 101.83
v -73.78 180.73 108.93
v -128.37 181.81 95.15
v -86.06 199.89 117.84
v -94.32 206.88 110.69
v -132.11 194.52 111.75
v -90.71 194.62 94.67
v -82.44 187.62 101.83
v -128.37 181.81 95.15
v -94.32 206.88 110.69
v -102.44 214.20 103.26
v -132.11 194.52 111.75
v -98.83 201.93 87.24
v -90.71 194.62 94.67
v -128.37 181.81 95.15
v -102.44 214.20 103.26
v -110.62 222.15 95.25
v -132.11 194.52 111.75
v -107.01 209.89 79.23
v -98.83 201.93 87.24
v -128.37 181.81 95.15
v -110.62 222.15 95.25
v -120.32 228.03 88.45
v -132.11 194.52 111.75
v -116.71 215.77 72.43
v -107.01 209.89 79.23
v -128.37 181.81 95.15
v -120.32 228.03 88.45
v -128.78 240.02 77.03
v -132.11 194.52 111.75
v -125.17 227.76 61.02
v -116.71 215.77 72.43
v -128.37 181.81 95.15
v -128.78 240.02 77.03
v -137.58 233.47 80.19
v -132.11 194.52 111.75
v -133.97 221.21 64.17
v -125.17 227.76 61.02
v -128.37 181.81 95.15
v -137.58 233.47 80.19
v -146.00 230.18 80.82
v -132.11 194.52 111.75
v -142.39 217.92 64.81
v -133.97 221.21 64.17
v -128.37 181.81 95.15
v -146.00 230.18 80.82
v -153.31 225.51 82.79
v -132.11 194.52 111.75
v -149.70 213.25 66.78
v -142.39 217.92 64.81
v -128.37 181.81 95.15
v -153.31 225.51 82.79
v -167.63 228.68 76.90
v -132.11 194.52 111.75
v -164.02 216.43 60.89
v -149.70 213.25 66.78
v -128.37 181.81 95.15
v -167.63 228.68 76.90
v -171.90 221.52 81.54
v -132.11 194.52 111.75
v -168.29 209.27 65.53
v -164.02 216.43 60.89
v -128.37 181.81 95.15
v -98.34 75.68 191.99
v -100.88 75.63 191.45
v -102.38 58.29 212.64
v -101.93 56.67 210.66
v -100.88 75.63 191.45
v -100.50 73.62 189.84
v -104.91 58.30 212.06
v -102.38 58.29 212.64
v -100.50 73.62 189.84
v -97.96 73.67 190.38
v -104.46 56.69 210.07
v -104.91 58.30 212.06
v -97.96 73.67 190.38
v -98.34 75.68 191.99
v -101.93 56.67 210.66
v -104.46 56.69 210.07
v -101.93 56.67 210.66
v -102.38 58.29 212.64
v -105.47 33.06 221.91
v -108.02 32.93 221.44
v -102.38 58.29 212.64
v -104.91 58.30 212.06
v -105.96 33.77 224.36
v -105.47 33.06 221.91
v -104.91 58.30 212.06
v -104.46 56.69 210.07
v -108.51 33.64 223.89
v -105.96 33.77 224.36
v -104.46 56.69 210.07
v -101.93 56.67 210.66
v -108.02 32.93 221.44
v -108.51 33.64 223.89
v -108.02 32.93 221.44
v -105.47 33.06 221.91
v -104.52 6.11 224.62
v -105.01 6.67 227.11
v -105.47 33.06 221.91
v -105.96 33.77 224.36
v -102.05 6.87 224.93
v -104.52 6.11 224.62
v -105.96 33.77 224.36
v -108.51 33.64 223.89
v -102.54 7.44 227.42
v -102.05 6.87 224.93
v -108.51 33.64 223.89
v -108.02 32.93 221.44
v -105.01 6.67 227.11
v -102.54 7.44 227.42
v -105.01 6.67 227.11
v -104.52 6.11 224.62
v -94.94 -15.99 237.86
v -92.61 -14.85 238.06
v -104.52 6.11 224.62
v -102.05 6.87 224.93
v -94.32 -16.84 235.48
v -94.94 -15.99 237.86
v -102.05 6.87 224.93
v -102.54 7.44 227.42
v -91.99 -15.71 235.68
v -94.32 -16.84 235.48
v -102.54 7.44 227.42
v -105.01 6.67 227.11
v -92.61 -14.85 238.06
v -91.99 -15.71 235.68
v -97.96 73.67 190.38
v -100.50 73.62 189.84
v -100.88 75.63 191.45
v -98.34 75.68 191.99
v -92.61 -14.85 238.06
v -94.94 -15.99 237.86
v -94.32 -16.84 235.48
v -91.99 -15.71 235.68
v -353.00 -50.23 183.91
v -326.26 -69.40 181.45
v -323.01 -66.80 198.19
v -349.75 -47.63 200.66
v -326.26 -69.40 181.45
v -324.23 -99.17 185.67
v -320.98 -96.58 202.41
v -323.01 -66.80 198.19
v -324.23 -99.17 185.67
v -304.62 -124.40 185.27
v -301.37 -121.80 202.00
v -320.98 -96.58 202.41
v -304.62 -124.40 185.27
v -270.67 -120.05 177.52
v -267.42 -117.46 194.23
v -301.37 -121.80 202.00
v -270.67 -120.05 177.52
v -263.38 -175.53 183.53
v -260.14 -172.95 200.21
v -267.42 -117.46 194.23
v -263.38 -175.53 183.53
v -234.76 -139.15 172.75
v -231.52 -136.56 189.44
v -260.14 -172.95 200.21
v -234.76 -139.15 172.75
v -210.56 -141.33 168.09
v -207.32 -138.74 184.78
v -231.52 -136.56 189.44
v -210.56 -141.33 168.09
v -186.23 -134.65 162.33
v -182.99 -132.07 179.02
v -207.32 -138.74 184.78
v -186.23 -134.65 162.33
v -164.98 -124.12 156.78
v -161.74 -121.53 173.46
v -182.99 -132.07 179.02
v -164.98 -124.12 156.78
v -149.30 -124.34 153.75
v -146.05 -121.75 170.44
v -161.74 -121.53 173.46
v -149.30 -124.34 153.75
v -137.52 -117.73 150.64
v -134.27 -115.14 167.34
v -146.05 -121.75 170.44
v -137.52 -117.73 150.64
v -132.10 -105.40 148.02
v -128.86 -102.81 164.73
v -134.27 -115.14 167.34
v -132.10 -105.40 148.02
v -129.48 -92.13 145.79
v -126.24 -89.54 162.50
v -128.86 -102.81 164.73
v -129.48 -92.13 145.79
v -106.68 -87.20 140.90
v -103.43 -84.61 157.62
v -126.24 -89.54 162.50
v -106.68 -87.20 140.90
v -116.33 -70.53 140.45
v -113.08 -67.93 157.19
v -103.43 -84.61 157.62
v -116.33 -70.53 140.45
v -140.51 -55.11 142.77
v -137.26 -52.51 159.51
v -113.08 -67.93 157.19
v -140.51 -55.11 142.77
v -146.11 -33.14 140.64
v -142.86 -30.54 157.38
v -137.26 -52.51 159.51
v -146.11 -33.14 140.64
v -118.25 1.39 130.50
v -114.99 3.98 147.26
v -142.86 -30.54 157.38
v -118.25 1.39 130.50
v -137.78 25.45 130.21
v -134.52 28.05 146.96
v -114.99 3.98 147.26
v -137.78 25.45 130.21
v -146.17 53.44 127.15
v -142.92 56.04 143.88
v -134.52 28.05 146.96
v -146.17 53.44 127.15
v -190.50 41.41 136.97
v -187.25 44.01 153.69
v -142.92 56.04 143.88
v -190.50 41.41 136.97
v -219.88 70.30 137.27
v -216.63 72.89 153.96
v -187.25 44.01 153.69
v -219.88 70.30 137.27
v -262.54 61.44 146.65
v -259.29 64.03 163.33
v -216.63 72.89 153.96
v -262.54 61.44 146.65
v -301.41 57.39 154.72
v -298.17 59.97 171.39
v -259.29 64.03 163.33
v -301.41 57.39 154.72
v -339.90 55.92 162.43
v -336.66 58.51 179.11
v -298.17 59.97 171.39
v -339.90 55.92 162.43
v -361.23 55.79 166.66
v -357.99 58.37 183.34
v -336.66 58.51 179.11
v -361.23 55.79 166.66
v -347.34 29.41 168.82
v -344.10 32.00 185.53
v -357.99 58.37 183.34
v -347.34 29.41 168.82
v -345.54 14.19 171.22
v -342.29 16.79 187.94
v -344.10 32.00 185.53
v -345.54 14.19 171.22
v -370.45 10.88 176.88
v -367.20 13.48 193.60
v -342.29 16.79 187.94
v -370.45 10.88 176.88
v -342.27 -11.24 175.06
v -339.02 -8.65 191.78
v -367.20 13.48 193.60
v -342.27 -11.24 175.06
v -366.95 -17.23 181.18
v -363.70 -14.64 197.92
v -339.02 -8.65 191.78
v -366.95 -17.23 181.18
v -382.27 -27.63 186.20
v -379.01 -25.04 202.95
v -363.70 -14.64 197.92
v -382.27 -27.63 186.20
v -353.00 -50.23 183.91
v -349.75 -47.63 200.66
v -379.01 -25.04 202.95
v -349.75 -47.63 200.66
v -323.01 -66.80 198.19
v -288.27 -56.00 189.31
v -304.86 -44.13 190.79
v -326.26 -69.40 181.45
v -353.00 -50.23 183.91
v -308.19 -46.79 173.64
v -291.60 -58.66 172.16
v -323.01 -66.80 198.19
v -320.98 -96.58 202.41
v -287.01 -74.46 191.93
v -288.27 -56.00 189.31
v -324.23 -99.17 185.67
v -326.26 -69.40 181.45
v -291.60 -58.66 172.16
v -290.34 -77.12 174.78
v -320.98 -96.58 202.41
v -301.37 -121.80 202.00
v -274.83 -90.08 191.79
v -287.01 -74.46 191.93
v -304.62 -124.40 185.27
v -324.23 -99.17 185.67
v -290.34 -77.12 174.78
v -278.16 -92.74 174.64
v -301.37 -121.80 202.00
v -267.42 -117.46 194.23
v -253.76 -87.37 187.08
v -274.83 -90.08 191.79
v -270.67 -120.05 177.52
v -304.62 -124.40 185.27
v -278.16 -92.74 174.64
v -257.09 -90.03 169.94
v -267.42 -117.46 194.23
v -260.14 -172.95 200.21
v -249.19 -121.73 191.06
v -253.76 -87.37 187.08
v -263.38 -175.53 183.53
v -270.67 -120.05 177.52
v -257.09 -90.03 169.94
v -252.52 -124.39 173.93
v -260.14 -172.95 200.21
v -231.52 -136.56 189.44
v -231.47 -99.19 184.28
v -249.19 -121.73 191.06
v -234.76 -139.15 172.75
v -263.38 -175.53 183.53
v -252.52 -124.39 173.93
v -234.80 -101.85 167.15
v -231.52 -136.56 189.44
v -207.32 -138.74 184.78
v -216.45 -100.53 181.46
v -231.47 -99.19 184.28
v -210.56 -141.33 168.09
v -234.76 -139.15 172.75
v -234.80 -101.85 167.15
v -219.78 -103.19 164.33
v -207.32 -138.74 184.78
v -182.99 -132.07 179.02
v -201.37 -96.39 177.89
v -216.45 -100.53 181.46
v -186.23 -134.65 162.33
v -210.56 -141.33 168.09
v -219.78 -103.19 164.33
v -204.70 -99.05 160.76
v -182.99 -132.07 179.02
v -161.74 -121.53 173.46
v -188.20 -89.87 174.40
v -201.37 -96.39 177.89
v -164.98 -124.12 156.78
v -186.23 -134.65 162.33
v -204.70 -99.05 160.76
v -191.53 -92.52 157.27
v -161.74 -121.53 173.46
v -146.05 -121.75 170.44
v -178.47 -90.00 172.53
v -188.20 -89.87 174.40
v -149.30 -124.34 153.75
v -164.98 -124.12 156.78
v -191.53 -92.52 157.27
v -181.80 -92.66 155.40
v -146.05 -121.75 170.44
v -134.27 -115.14 167.34
v -171.18 -85.92 170.55
v -178.47 -90.00 172.53
v -137.52 -117.73 150.64
v -149.30 -124.34 153.75
v -181.80 -92.66 155.40
v -174.51 -88.57 153.42
v -134.27 -115.14 167.34
v -128.86 -102.81 164.73
v -167.84 -78.28 168.86
v -171.18 -85.92 170.55
v -132.10 -105.40 148.02
v -137.52 -117.73 150.64
v -174.51 -88.57 153.42
v -171.17 -80.94 151.72
v -128.86 -102.81 164.73
v -126.24 -89.54 162.50
v -166.23 -70.06 167.40
v -167.84 -78.28 168.86
v -129.48 -92.13 145.79
v -132.10 -105.40 148.02
v -171.17 -80.94 151.72
v -169.56 -72.72 150.26
v -126.24 -89.54 162.50
v -103.43 -84.61 157.62
v -152.10 -67.02 164.31
v -166.23 -70.06 167.40
v -106.68 -87.20 140.90
v -129.48 -92.13 145.79
v -169.56 -72.72 150.26
v -155.43 -69.68 147.16
v -103.43 -84.61 157.62
v -113.08 -67.93 157.19
v -158.10 -56.69 163.98
v -152.10 -67.02 164.31
v -116.33 -70.53 140.45
v -106.68 -87.20 140.90
v -155.43 -69.68 147.16
v -161.43 -59.35 146.83
v -113.08 -67.93 157.19
v -137.26 -52.51 159.51
v -173.09 -47.13 165.41
v -158.10 -56.69 163.98
v -140.51 -55.11 142.77
v -116.33 -70.53 140.45
v -161.43 -59.35 146.83
v -176.42 -49.79 148.26
v -137.26 -52.51 159.51
v -142.86 -30.54 157.38
v -176.57 -33.51 164.05
v -173.09 -47.13 165.41
v -146.11 -33.14 140.64
v -140.51 -55.11 142.77
v -176.42 -49.79 148.26
v -179.90 -36.17 146.90
v -142.86 -30.54 157.38
v -114.99 3.98 147.26
v -159.32 -12.13 157.63
v -176.57 -33.51 164.05
v -118.25 1.39 130.50
v -146.11 -33.14 140.64
v -179.90 -36.17 146.90
v -162.65 -14.79 140.47
v -114.99 3.98 147.26
v -134.52 28.05 146.96
v -171.41 2.80 157.52
v -159.32 -12.13 157.63
v -137.78 25.45 130.21
v -118.25 1.39 130.50
v -162.65 -14.79 140.47
v -174.75 0.14 140.37
v -134.52 28.05 146.96
v -142.92 56.04 143.88
v -176.60 20.17 155.70
v -171.41 2.80 157.52
v -146.17 53.44 127.15
v -137.78 25.45 130.21
v -174.75 0.14 140.37
v -179.93 17.51 138.55
v -142.92 56.04 143.88
v -187.25 44.01 153.69
v -204.06 12.73 161.93
v -176.60 20.17 155.70
v -190.50 41.41 136.97
v -146.17 53.44 127.15
v -179.93 17.51 138.55
v -207.39 10.07 144.79
v -187.25 44.01 153.69
v -216.63 72.89 153.96
v -222.23 30.67 162.31
v -204.06 12.73 161.93
v -219.88 70.30 137.27
v -190.50 41.41 136.97
v -207.39 10.07 144.79
v -225.56 28.02 145.18
v -216.63 72.89 153.96
v -259.29 64.03 163.33
v -248.67 25.19 168.18
v -222.23 30.67 162.31
v -262.54 61.44 146.65
v -219.88 70.30 137.27
v -225.56 28.02 145.18
v -252.00 22.53 151.06
v -259.29 64.03 163.33
v -298.17 59.97 171.39
v -272.77 22.68 173.21
v -248.67 25.19 168.18
v -301.41 57.39 154.72
v -262.54 61.44 146.65
v -252.00 22.53 151.06
v -276.09 20.02 156.08
v -298.17 59.97 171.39
v -336.66 58.51 179.11
v -296.63 21.77 177.99
v -272.77 22.68 173.21
v -339.90 55.92 162.43
v -301.41 57.39 154.72
v -276.09 20.02 156.08
v -299.96 19.11 160.87
v -336.66 58.51 179.11
v -357.99 58.37 183.34
v -309.86 21.68 180.60
v -296.63 21.77 177.99
v -361.23 55.79 166.66
v -339.90 55.92 162.43
v -299.96 19.11 160.87
v -313.19 19.03 163.47
v -357.99 58.37 183.34
v -344.10 32.00 185.53
v -301.28 5.30 181.78
v -309.86 21.68 180.60
v -347.34 29.41 168.82
v -361.23 55.79 166.66
v -313.19 19.03 163.47
v -304.61 2.65 164.64
v -344.10 32.00 185.53
v -342.29 16.79 187.94
v -300.18 -4.14 183.18
v -301.28 5.30 181.78
v -345.54 14.19 171.22
v -347.34 29.41 168.82
v -304.61 2.65 164.64
v -303.51 -6.80 166.04
v -342.29 16.79 187.94
v -367.20 13.48 193.60
v -315.63 -6.20 186.63
v -300.18 -4.14 183.18
v -370.45 10.88 176.88
v -345.54 14.19 171.22
v -303.51 -6.80 166.04
v -318.97 -8.86 169.48
v -367.20 13.48 193.60
v -339.02 -8.65 191.78
v -298.17 -19.93 185.45
v -315.63 -6.20 186.63
v -342.27 -11.24 175.06
v -370.45 10.88 176.88
v -318.97 -8.86 169.48
v -301.50 -22.59 168.31
v -339.02 -8.65 191.78
v -363.70 -14.64 197.92
v -313.49 -23.66 189.16
v -298.17 -19.93 185.45
v -366.95 -17.23 181.18
v -342.27 -11.24 175.06
v -301.50 -22.59 168.31
v -316.82 -26.32 172.01
v -363.70 -14.64 197.92
v -379.01 -25.04 202.95
v -323.00 -30.12 192.18
v -313.49 -23.66 189.16
v -382.27 -27.63 186.20
v -366.95 -17.23 181.18
v -316.82 -26.32 172.01
v -326.34 -32.78 175.03
v -379.01 -25.04 202.95
v -349.75 -47.63 200.66
v -304.86 -44.13 190.79
v -323.00 -30.12 192.18
v -353.00 -50.23 183.91
v -382.27 -27.63 186.20
v -326.34 -32.78 175.03
v -308.19 -46.79 173.64
v -304.86 -44.13 190.79
v -288.27 -56.00 189.31
v -258.98 -46.88 181.99
v -267.01 -41.14 182.68
v -291.60 -58.66 172.16
v -308.19 -46.79 173.64
v -270.34 -43.80 165.55
v -262.31 -49.54 164.86
v -288.27 -56.00 189.31
v -287.01 -74.46 191.93
v -258.37 -55.81 183.26
v -258.98 -46.88 181.99
v -290.34 -77.12 174.78
v -291.60 -58.66 172.16
v -262.31 -49.54 164.86
v -261.70 -58.47 166.12
v -287.01 -74.46 191.93
v -274.83 -90.08 191.79
v -252.47 -63.37 183.24
v -258.37 -55.81 183.26
v -278.16 -92.74 174.64
v -290.34 -77.12 174.78
v -261.70 -58.47 166.12
v -255.80 -66.03 166.10
v -274.83 -90.08 191.79
v -253.76 -87.37 187.08
v -242.27 -62.05 181.00
v -252.47 -63.37 183.24
v -257.09 -90.03 169.94
v -278.16 -92.74 174.64
v -255.80 -66.03 166.10
v -245.60 -64.71 163.87
v -253.76 -87.37 187.08
v -249.19 -121.73 191.06
v -240.04 -78.66 183.04
v -242.27 -62.05 181.00
v -252.52 -124.39 173.93
v -257.09 -90.03 169.94
v -245.60 -64.71 163.87
v -243.36 -81.32 165.91
v -249.19 -121.73 191.06
v -231.47 -99.19 184.28
v -231.47 -67.75 179.72
v -240.04 -78.66 183.04
v -234.80 -101.85 167.15
v -252.52 -124.39 173.93
v -243.36 -81.32 165.91
v -234.80 -70.41 162.59
v -231.47 -99.19 184.28
v -216.45 -100.53 181.46
v -224.20 -68.40 178.38
v -231.47 -67.75 179.72
v -219.78 -103.19 164.33
v -234.80 -101.85 167.15
v -234.80 -70.41 162.59
v -227.53 -71.06 161.25
v -216.45 -100.53 181.46
v -201.37 -96.39 177.89
v -216.90 -66.40 176.65
v -224.20 -68.40 178.38
v -204.70 -99.05 160.76
v -219.78 -103.19 164.33
v -227.53 -71.06 161.25
v -220.23 -69.06 159.52
v -201.37 -96.39 177.89
v -188.20 -89.87 174.40
v -210.53 -63.24 174.94
v -216.90 -66.40 176.65
v -191.53 -92.52 157.27
v -204.70 -99.05 160.76
v -220.23 -69.06 159.52
v -213.86 -65.90 157.81
v -188.20 -89.87 174.40
v -178.47 -90.00 172.53
v -205.82 -63.31 174.04
v -210.53 -63.24 174.94
v -181.80 -92.66 155.40
v -191.53 -92.52 157.27
v -213.86 -65.90 157.81
v -209.15 -65.97 156.91
v -178.47 -90.00 172.53
v -171.18 -85.92 170.55
v -202.30 -61.33 173.07
v -205.82 -63.31 174.04
v -174.51 -88.57 153.42
v -181.80 -92.66 155.40
v -209.15 -65.97 156.91
v -205.63 -63.99 155.94
v -171.18 -85.92 170.55
v -167.84 -78.28 168.86
v -200.69 -57.65 172.21
v -202.30 -61.33 173.07
v -171.17 -80.94 151.72
v -174.51 -88.57 153.42
v -205.63 -63.99 155.94
v -204.02 -60.30 155.08
v -167.84 -78.28 168.86
v -166.23 -70.06 167.40
v -199.91 -53.67 171.48
v -200.69 -57.65 172.21
v -169.56 -72.72 150.26
v -171.17 -80.94 151.72
v -204.02 -60.30 155.08
v -203.24 -56.33 154.34
v -166.23 -70.06 167.40
v -152.10 -67.02 164.31
v -193.08 -52.20 169.95
v -199.91 -53.67 171.48
v -155.43 -69.68 147.16
v -169.56 -72.72 150.26
v -203.24 -56.33 154.34
v -196.41 -54.86 152.82
v -152.10 -67.02 164.31
v -158.10 -56.69 163.98
v -195.99 -47.21 169.77
v -193.08 -52.20 169.95
v -161.43 -59.35 146.83
v -155.43 -69.68 147.16
v -196.41 -54.86 152.82
v -199.32 -49.87 152.63
v -158.10 -56.69 163.98
v -173.09 -47.13 165.41
v -203.24 -42.58 170.46
v -195.99 -47.21 169.77
v -176.42 -49.79 148.26
v -161.43 -59.35 146.83
v -199.32 -49.87 152.63
v -206.57 -45.24 153.32
v -173.09 -47.13 165.41
v -176.57 -33.51 164.05
v -204.93 -36.00 169.78
v -203.24 -42.58 170.46
v -179.90 -36.17 146.90
v -176.42 -49.79 148.26
v -206.57 -45.24 153.32
v -208.26 -38.66 152.65
v -176.57 -33.51 164.05
v -159.32 -12.13 157.63
v -196.60 -25.66 166.62
v -204.93 -36.00 169.78
v -162.65 -14.79 140.47
v -179.90 -36.17 146.90
v -208.26 -38.66 152.65
v -199.93 -28.32 149.48
v -159.32 -12.13 157.63
v -171.41 2.80 157.52
v -202.44 -18.43 166.60
v -196.60 -25.66 166.62
v -174.75 0.14 140.37
v -162.65 -14.79 140.47
v -199.93 -28.32 149.48
v -205.77 -21.09 149.46
v -171.41 2.80 157.52
v -176.60 20.17 155.70
v -204.95 -10.02 165.75
v -202.44 -18.43 166.60
v -179.93 17.51 138.55
v -174.75 0.14 140.37
v -205.77 -21.09 149.46
v -208.28 -12.68 148.61
v -176.60 20.17 155.70
v -204.06 12.73 161.93
v -218.22 -13.61 168.82
v -204.95 -10.02 165.75
v -207.39 10.07 144.79
v -179.93 17.51 138.55
v -208.28 -12.68 148.61
v -221.55 -16.27 151.69
v -204.06 12.73 161.93
v -222.23 30.67 162.31
v -227.00 -4.92 169.09
v -218.22 -13.61 168.82
v -225.56 28.02 145.18
v -207.39 10.07 144.79
v -221.55 -16.27 151.69
v -230.33 -7.57 151.96
v -222.23 30.67 162.31
v -248.67 25.19 168.18
v -239.78 -7.57 171.97
v -227.00 -4.92 169.09
v -252.00 22.53 151.06
v -225.56 28.02 145.18
v -230.33 -7.57 151.96
v -243.11 -10.22 154.84
v -248.67 25.19 168.18
v -272.77 22.68 173.21
v -251.44 -8.78 174.41
v -239.78 -7.57 171.97
v -276.09 20.02 156.08
v -252.00 22.53 151.06
v -243.11 -10.22 154.84
v -254.77 -11.44 157.28
v -272.77 22.68 173.21
v -296.63 21.77 177.99
v -262.99 -9.22 176.72
v -251.44 -8.78 174.41
v -299.96 19.11 160.87
v -276.09 20.02 156.08
v -254.77 -11.44 157.28
v -266.32 -11.88 159.59
v -296.63 21.77 177.99
v -309.86 21.68 180.60
v -269.39 -9.26 177.98
v -262.99 -9.22 176.72
v -313.19 19.03 163.47
v -299.96 19.11 160.87
v -266.32 -11.88 159.59
v -272.72 -11.92 160.85
v -309.86 21.68 180.60
v -301.28 5.30 181.78
v -265.25 -17.20 178.48
v -269.39 -9.26 177.98
v -304.61 2.65 164.64
v -313.19 19.03 163.47
v -272.72 -11.92 160.85
v -268.58 -19.86 161.34
v -301.28 5.30 181.78
v -300.18 -4.14 183.18
v -264.73 -21.77 179.12
v -265.25 -17.20 178.48
v -303.51 -6.80 166.04
v -304.61 2.65 164.64
v -268.58 -19.86 161.34
v -268.06 -24.43 161.99
v -300.18 -4.14 183.18
v -315.63 -6.20 186.63
v -272.21 -22.78 180.76
v -264.73 -21.77 179.12
v -318.97 -8.86 169.48
v -303.51 -6.80 166.04
v -268.06 -24.43 161.99
v -275.54 -25.44 163.62
v -315.63 -6.20 186.63
v -298.17 -19.93 185.45
v -263.77 -29.42 180.17
v -272.21 -22.78 180.76
v -301.50 -22.59 168.31
v -318.97 -8.86 169.48
v -275.54 -25.44 163.62
v -267.10 -32.08 163.03
v -298.17 -19.93 185.45
v -313.49 -23.66 189.16
v -271.19 -31.23 181.93
v -263.77 -29.42 180.17
v -316.82 -26.32 172.01
v -301.50 -22.59 168.31
v -267.10 -32.08 163.03
v -274.52 -33.89 164.79
v -313.49 -23.66 189.16
v -323.00 -30.12 192.18
v -275.80 -34.36 183.35
v -271.19 -31.23 181.93
v -326.34 -32.78 175.03
v -316.82 -26.32 172.01
v -274.52 -33.89 164.79
v -279.13 -37.02 166.21
v -323.00 -30.12 192.18
v -304.86 -44.13 190.79
v -267.01 -41.14 182.68
v -275.80 -34.36 183.35
v -308.19 -46.79 173.64
v -326.34 -32.78 175.03
v -279.13 -37.02 166.21
v -270.34 -43.80 165.55
v -267.01 -41.14 182.68
v -258.98 -46.88 181.99
v -231.50 -38.31 175.26
v -262.31 -49.54 164.86
v -270.34 -43.80 165.55
v -234.88 -41.01 157.87
v -258.98 -46.88 181.99
v -258.37 -55.81 183.26
v -231.50 -38.31 175.26
v -261.70 -58.47 166.12
v -262.31 -49.54 164.86
v -234.88 -41.01 157.87
v -258.37 -55.81 183.26
v -252.47 -63.37 183.24
v -231.50 -38.31 175.26
v -255.80 -66.03 166.10
v -261.70 -58.47 166.12
v -234.88 -41.01 157.87
v -252.47 -63.37 183.24
v -242.27 -62.05 181.00
v -231.50 -38.31 175.26
v -245.60 -64.71 163.87
v -255.80 -66.03 166.10
v -234.88 -41.01 157.87
v -242.27 -62.05 181.00
v -240.04 -78.66 183.04
v -231.50 -38.31 175.26
v -243.36 -81.32 165.91
v -245.60 -64.71 163.87
v -234.88 -41.01 157.87
v -240.04 -78.66 183.04
v -231.47 -67.75 179.72
v -231.50 -38.31 175.26
v -234.80 -70.41 162.59
v -243.36 -81.32 165.91
v -234.88 -41.01 157.87
v -231.47 -67.75 179.72
v -224.20 -68.40 178.38
v -231.50 -38.31 175.26
v -227.53 -71.06 161.25
v -234.80 -70.41 162.59
v -234.88 -41.01 157.87
v -224.20 -68.40 178.38
v -216.90 -66.40 176.65
v -231.50 -38.31 175.26
v -220.23 -69.06 159.52
v -227.53 -71.06 161.25
v -234.88 -41.01 157.87
v -216.90 -66.40 176.65
v -210.53 -63.24 174.94
v -231.50 -38.31 175.26
v -213.86 -65.90 157.81
v -220.23 -69.06 159.52
v -234.88 -41.01 157.87
v -210.53 -63.24 174.94
v -205.82 -63.31 174.04
v -231.50 -38.31 175.26
v -209.15 -65.97 156.91
v -213.86 -65.90 157.81
v -234.88 -41.01 157.87
v -205.82 -63.31 174.04
v -202.30 -61.33 173.07
v -231.50 -38.31 175.26
v -205.63 -63.99 155.94
v -209.15 -65.97 156.91
v -234.88 -41.01 157.87
v -202.30 -61.33 173.07
v -200.69 -57.65 172.21
v -231.50 -38.31 175.26
v -204.02 -60.30 155.08
v -205.63 -63.99 155.94
v -234.88 -41.01 157.87
v -200.69 -57.65 172.21
v -199.91 -53.67 171.48
v -231.50 -38.31 175.26
v -203.24 -56.33 154.34
v -204.02 -60.30 155.08
v -234.88 -41.01 157.87
v -199.91 -53.67 171.48
v -193.08 -52.20 169.95
v -231.50 -38.31 175.26
v -196.41 -54.86 152.82
v -203.24 -56.33 154.34
v -234.88 -41.01 157.87
v -193.08 -52.20 169.95
v -195.99 -47.21 169.77
v -231.50 -38.31 175.26
v -199.32 -49.87 152.63
v -196.41 -54.86 152.82
v -234.88 -41.01 157.87
v -195.99 -47.21 169.77
v -203.24 -42.58 170.46
v -231.50 -38.31 175.26
v -206.57 -45.24 153.32
v -199.32 -49.87 152.63
v -234.88 -41.01 157.87
v -203.24 -42.58 170.46
v -204.93 -36.00 169.78
v -231.50 -38.31 175.26
v -208.26 -38.66 152.65
v -206.57 -45.24 153.32
v -234.88 -41.01 157.87
v -204.93 -36.00 169.78
v -196.60 -25.66 166.62
v -231.50 -38.31 175.26
v -199.93 -28.32 149.48
v -208.26 -38.66 152.65
v -234.88 -41.01 157.87
v -196.60 -25.66 166.62
v -202.44 -18.43 166.60
v -231.50 -38.31 175.26
v -205.77 -21.09 149.46
v -199.93 -28.32 149.48
v -234.88 -41.01 157.87
v -202.44 -18.43 166.60
v -204.95 -10.02 165.75
v -231.50 -38.31 175.26
v -208.28 -12.68 148.61
v -205.77 -21.09 149.46
v -234.88 -41.01 157.87
v -204.95 -10.02 165.75
v -218.22 -13.61 168.82
v -231.50 -38.31 175.26
v -221.55 -16.27 151.69
v -208.28 -12.68 148.61
v -234.88 -41.01 157.87
v -218.22 -13.61 168.82
v -227.00 -4.92 169.09
v -231.50 -38.31 175.26
v -230.33 -7.57 151.96
v -221.55 -16.27 151.69
v -234.88 -41.01 157.87
v -227.00 -4.92 169.09
v -239.78 -7.57 171.97
v -231.50 -38.31 175.26
v -243.11 -10.22 154.84
v -230.33 -7.57 151.96
v -234.88 -41.01 157.87
v -239.78 -7.57 171.97
v -251.44 -8.78 174.41
v -231.50 -38.31 175.26
v -254.77 -11.44 157.28
v -243.11 -10.22 154.84
v -234.88 -41.01 157.87
v -251.44 -8.78 174.41
v -262.99 -9.22 176.72
v -231.50 -38.31 175.26
v -266.32 -11.88 159.59
v -254.77 -11.44 157.28
v -234.88 -41.01 157.87
v -262.99 -9.22 176.72
v -269.39 -9.26 177.98
v -231.50 -38.31 175.26
v -272.72 -11.92 160.85
v -266.32 -11.88 159.59
v -234.88 -41.01 157.87
v -269.39 -9.26 177.98
v -265.25 -17.20 178.48
v -231.50 -38.31 175.26
v -268.58 -19.86 161.34
v -272.72 -11.92 160.85
v -234.88 -41.01 157.87
v -265.25 -17.20 178.48
v -264.73 -21.77 179.12
v -231.50 -38.31 175.26
v -268.06 -24.43 161.99
v -268.58 -19.86 161.34
v -234.88 -41.01 157.87
v -264.73 -21.77 179.12
v -272.21 -22.78 180.76
v -231.50 -38.31 175.26
v -275.54 -25.44 163.62
v -268.06 -24.43 161.99
v -234.88 -41.01 157.87
v -272.21 -22.78 180.76
v -263.77 -29.42 180.17
v -231.50 -38.31 175.26
v -267.10 -32.08 163.03
v -275.54 -25.44 163.62
v -234.88 -41.01 157.87
v -263.77 -29.42 180.17
v -271.19 -31.23 181.93
v -231.50 -38.31 175.26
v -274.52 -33.89 164.79
v -267.10 -32.08 163.03
v -234.88 -41.01 157.87
v -271.19 -31.23 181.93
v -275.80 -34.36 183.35
v -231.50 -38.31 175.26
v -279.13 -37.02 166.21
v -274.52 -33.89 164.79
v -234.88 -41.01 157.87
v -275.80 -34.36 183.35
v -267.01 -41.14 182.68
v -231.50 -38.31 175.26
v -270.34 -43.80 165.55
v -279.13 -37.02 166.21
v -234.88 -41.01 157.87
v -366.98 -17.34 185.99
v -364.87 -16.31 185.42
v -376.37 4.69 191.25
v -376.94 4.56 188.91
v -364.87 -16.31 185.42
v -365.61 -16.07 183.14
v -374.31 5.81 190.69
v -376.37 4.69 191.25
v -365.61 -16.07 183.14
v -367.71 -17.11 183.71
v -374.88 5.67 188.34
v -374.31 5.81 190.69
v -367.71 -17.11 183.71
v -366.98 -17.34 185.99
v -376.94 4.56 188.91
v -374.88 5.67 188.34
v -376.94 4.56 188.91
v -376.37 4.69 191.25
v -389.62 25.02 186.59
v -387.62 26.25 186.03
v -376.37 4.69 191.25
v -374.31 5.81 190.69
v -389.18 25.36 188.94
v -389.62 25.02 186.59
v -374.31 5.81 190.69
v -374.88 5.67 188.34
v -387.17 26.58 188.38
v -389.18 25.36 188.94
v -374.88 5.67 188.34
v -376.94 4.56 188.91
v -387.62 26.25 186.03
v -387.17 26.58 188.38
v -387.62 26.25 186.03
v -389.62 25.02 186.59
v -400.39 46.97 187.23
v -399.88 47.20 189.58
v -389.62 25.02 186.59
v -389.18 25.36 188.94
v -402.45 45.84 187.79
v -400.39 46.97 187.23
v -389.18 25.36 188.94
v -387.17 26.58 188.38
v -401.93 46.07 190.14
v -402.45 45.84 187.79
v -387.17 26.58 188.38
v -387.62 26.25 186.03
v -399.88 47.20 189.58
v -401.93 46.07 190.14
v -399.88 47.20 189.58
v -400.39 46.97 187.23
v -410.35 69.14 189.31
v -412.47 68.14 189.87
v -400.39 46.97 187.23
v -402.45 45.84 187.79
v -410.84 68.88 186.96
v -410.35 69.14 189.31
v -402.45 45.84 187.79
v -401.93 46.07 190.14
v -412.97 67.87 187.52
v -410.84 68.88 186.96
v -401.93 46.07 190.14
v -399.88 47.20 189.58
v -412.47 68.14 189.87
v -412.97 67.87 187.52
v -367.71 -17.11 183.71
v -365.61 -16.07 183.14
v -364.87 -16.31 185.42
v -366.98 -17.34 185.99
v -412.47 68.14 189.87
v -410.35 69.14 189.31
v -410.84 68.88 186.96
v -412.97 67.87 187.52
v -259.78 -175.07 193.36
v -261.89 -172.06 193.30
v -268.70 -181.10 201.88
v -270.27 -182.26 198.76
v -261.89 -172.06 193.30
v -263.73 -173.40 190.41
v -271.35 -178.57 202.27
v -268.70 -181.10 201.88
v -263.73 -173.40 190.41
v -261.62 -176.42 190.47
v -272.92 -179.73 199.15
v -271.35 -178.57 202.27
v -261.62 -176.42 190.47
v -259.78 -175.07 193.36
v -270.27 -182.26 198.76
v -272.92 -179.73 199.15
v -270.27 -182.26 198.76
v -268.70 -181.10 201.88
v -275.60 -192.50 203.57
v -278.91 -191.54 204.87
v -268.70 -181.10 201.88
v -271.35 -178.57 202.27
v -274.20 -192.31 206.96
v -275.60 -192.50 203.57
v -271.35 -178.57 202.27
v -272.92 -179.73 199.15
v -277.50 -191.35 208.27
v -274.20 -192.31 206.96
v -272.92 -179.73 199.15
v -270.27 -182.26 198.76
v -278.91 -191.54 204.87
v -277.50 -191.35 208.27
v -278.91 -191.54 204.87
v -275.60 -192.50 203.57
v -278.99 -205.36 203.32
v -277.71 -205.64 206.76
v -275.60 -192.50 203.57
v -274.20 -192.31 206.96
v -275.60 -205.94 202.01
v -278.99 -205.36 203.32
v -274.20 -192.31 206.96
v -277.50 -191.35 208.27
v -274.32 -206.22 205.45
v -275.60 -205.94 202.01
v -277.50 -191.35 208.27
v -278.91 -191.54 204.87
v -277.71 -205.64 206.76
v -274.32 -206.22 205.45
v -277.71 -205.64 206.76
v -278.99 -205.36 203.32
v -282.24 -218.37 207.86
v -279.02 -219.61 206.57
v -278.99 -205.36 203.32
v -275.60 -205.94 202.01
v -283.55 -218.19 204.43
v -282.24 -218.37 207.86
v -275.60 -205.94 202.01
v -274.32 -206.22 205.45
v -280.34 -219.44 203.13
v -283.55 -218.19 204.43
v -274.32 -206.22 205.45
v -277.71 -205.64 206.76
v -279.02 -219.61 206.57
v -280.34 -219.44 203.13
v -261.62 -176.42 190.47
v -263.73 -173.40 190.41
v -261.89 -172.06 193.30
v -259.78 -175.07 193.36
v -279.02 -219.61 206.57
v -282.24 -218.37 207.86
v -283.55 -218.19 204.43
v -280.34 -219.44 203.13
v -346.88 28.86 173.68
v -345.60 31.12 173.08
v -363.66 39.91 179.36
v -364.36 39.63 176.81
v -345.60 31.12 173.08
v -346.53 30.98 170.59
v -362.93 42.43 178.89
v -363.66 39.91 179.36
v -346.53 30.98 170.59
v -347.80 28.72 171.19
v -363.63 42.15 176.33
v -362.93 42.43 178.89
v -347.80 28.72 171.19
v -346.88 28.86 173.68
v -364.36 39.63 176.81
v -363.63 42.15 176.33
v -364.36 39.63 176.81
v -363.66 39.91 179.36
v -384.70 41.08 179.86
v -384.62 43.73 179.55
v -363.66 39.91 179.36
v -362.93 42.43 178.89
v -384.18 41.37 182.46
v -384.70 41.08 179.86
v -362.93 42.43 178.89
v -363.63 42.15 176.33
v -384.10 44.02 182.14
v -384.18 41.37 182.46
v -363.63 42.15 176.33
v -364.36 39.63 176.81
v -384.62 43.73 179.55
v -384.10 44.02 182.14
v -384.62 43.73 179.55
v -384.70 41.08 179.86
v -405.25 44.40 184.52
v -404.53 44.68 187.07
v -384.70 41.08 179.86
v -384.18 41.37 182.46
v -405.18 41.75 184.79
v -405.25 44.40 184.52
v -384.18 41.37 182.46
v -384.10 44.02 182.14
v -404.46 42.03 187.34
v -405.18 41.75 184.79
v -384.10 44.02 182.14
v -384.62 43.73 179.55
v -404.53 44.68 187.07
v -404.46 42.03 187.34
v -404.53 44.68 187.07
v -405.25 44.40 184.52
v -424.55 44.08 193.54
v -424.39 41.43 193.78
v -405.25 44.40 184.52
v -405.18 41.75 184.79
v -425.36 43.79 191.01
v -424.55 44.08 193.54
v -405.18 41.75 184.79
v -404.46 42.03 187.34
v -425.20 41.15 191.26
v -425.36 43.79 191.01
v -404.46 42.03 187.34
v -404.53 44.68 187.07
v -424.39 41.43 193.78
v -425.20 41.15 191.26
v -347.80 28.72 171.19
v -346.53 30.98 170.59
v -345.60 31.12 173.08
v -346.88 28.86 173.68
v -424.39 41.43 193.78
v -424.55 44.08 193.54
v -425.36 43.79 191.01
v -425.20 41.15 191.26
v -316.36 -231.66 57.61
v -290.43 -239.99 50.76
v -290.67 -249.37 62.94
v -316.60 -241.05 69.81
v -290.43 -239.99 50.76
v -267.08 -258.97 36.20
v -267.33 -268.34 48.38
v -290.67 -249.37 62.94
v -267.08 -258.97 36.20
v -231.61 -260.93 34.11
v -231.86 -270.28 46.25
v -267.33 -268.34 48.38
v -231.61 -260.93 34.11
v -198.71 -262.14 32.94
v -198.95 -271.48 45.07
v -231.86 -270.28 46.25
v -198.71 -262.14 32.94
v -167.69 -265.08 30.76
v -167.93 -274.41 42.88
v -198.95 -271.48 45.07
v -167.69 -265.08 30.76
v -141.51 -226.13 61.14
v -141.75 -235.45 73.25
v -167.93 -274.41 42.88
v -141.51 -226.13 61.14
v -109.33 -190.49 90.20
v -109.57 -199.83 102.34
v -141.75 -235.45 73.25
v -109.33 -190.49 90.20
v -87.96 -151.52 122.47
v -88.20 -160.89 134.64
v -109.57 -199.83 102.34
v -87.96 -151.52 122.47
v -60.30 -114.58 154.49
v -60.54 -124.00 166.72
v -88.20 -160.89 134.64
v -60.30 -114.58 154.49
v -105.52 -110.36 154.49
v -105.76 -119.74 166.68
v -60.54 -124.00 166.72
v -105.52 -110.36 154.49
v -156.17 -108.91 152.60
v -156.41 -118.26 164.75
v -105.76 -119.74 166.68
v -156.17 -108.91 152.60
v -202.66 -104.65 153.89
v -202.90 -113.98 166.01
v -156.41 -118.26 164.75
v -202.66 -104.65 153.89
v -250.37 -103.43 153.42
v -250.61 -112.75 165.53
v -202.90 -113.98 166.01
v -250.37 -103.43 153.42
v -293.50 -104.23 152.16
v -293.74 -113.56 164.28
v -250.61 -112.75 165.53
v -293.50 -104.23 152.16
v -369.35 -89.69 163.24
v -369.59 -99.04 175.39
v -293.74 -113.56 164.28
v -369.35 -89.69 163.24
v -377.89 -110.91 147.71
v -378.13 -120.28 159.87
v -369.59 -99.04 175.39
v -377.89 -110.91 147.71
v -414.14 -129.34 135.30
v -414.39 -138.74 147.51
v -378.13 -120.28 159.87
v -414.14 -129.34 135.30
v -366.44 -154.49 115.49
v -366.68 -163.87 127.68
v -414.39 -138.74 147.51
v -366.44 -154.49 115.49
v -368.69 -172.71 102.27
v -368.94 -182.11 114.47
v -366.68 -163.87 127.68
v -368.69 -172.71 102.27
v -399.68 -197.15 85.91
v -399.93 -206.59 98.17
v -368.94 -182.11 114.47
v -399.68 -197.15 85.91
v -371.29 -206.14 78.17
v -371.53 -215.55 90.40
v -399.93 -206.59 98.17
v -371.29 -206.14 78.17
v -422.76 -244.12 53.95
v -423.01 -253.63 66.30
v -371.53 -215.55 90.40
v -422.76 -244.12 53.95
v -340.46 -224.15 63.91
v -340.70 -233.55 76.13
v -423.01 -253.63 66.30
v -340.46 -224.15 63.91
v -316.36 -231.66 57.61
v -316.60 -241.05 69.81
v -340.70 -233.55 76.13
v -316.60 -241.05 69.81
v -290.67 -249.37 62.94
v -261.98 -216.70 86.62
v -278.06 -211.43 90.73
v -290.43 -239.99 50.76
v -316.36 -231.66 57.61
v -277.82 -202.18 78.72
v -261.74 -207.45 74.61
v -290.67 -249.37 62.94
v -267.33 -268.34 48.38
v -247.51 -228.51 77.65
v -261.98 -216.70 86.62
v -267.08 -258.97 36.20
v -290.43 -239.99 50.76
v -261.74 -207.45 74.61
v -247.27 -219.27 65.65
v -267.33 -268.34 48.38
v -231.86 -270.28 46.25
v -225.52 -229.86 76.53
v -247.51 -228.51 77.65
v -231.61 -260.93 34.11
v -267.08 -258.97 36.20
v -247.27 -219.27 65.65
v -225.28 -220.63 64.54
v -231.86 -270.28 46.25
v -198.95 -271.48 45.07
v -205.12 -230.71 75.93
v -225.52 -229.86 76.53
v -198.71 -262.14 32.94
v -231.61 -260.93 34.11
v -225.28 -220.63 64.54
v -204.88 -221.48 63.95
v -198.95 -271.48 45.07
v -167.93 -274.41 42.88
v -185.89 -232.59 74.66
v -205.12 -230.71 75.93
v -167.69 -265.08 30.76
v -198.71 -262.14 32.94
v -204.88 -221.48 63.95
v -185.65 -223.37 62.67
v -167.93 -274.41 42.88
v -141.75 -235.45 73.25
v -169.66 -208.45 93.51
v -185.89 -232.59 74.66
v -141.51 -226.13 61.14
v -167.69 -265.08 30.76
v -185.65 -223.37 62.67
v -169.42 -199.23 81.53
v -141.75 -235.45 73.25
v -109.57 -199.83 102.34
v -149.70 -186.25 111.39
v -169.66 -208.45 93.51
v -109.33 -190.49 90.20
v -141.51 -226.13 61.14
v -169.42 -199.23 81.53
v -149.47 -177.02 99.40
v -109.57 -199.83 102.34
v -88.20 -160.89 134.64
v -136.45 -161.89 131.13
v -149.70 -186.25 111.39
v -87.96 -151.52 122.47
v -109.33 -190.49 90.20
v -149.47 -177.02 99.40
v -136.22 -152.65 119.13
v -88.20 -160.89 134.64
v -60.54 -124.00 166.72
v -119.30 -138.66 150.56
v -136.45 -161.89 131.13
v -60.30 -114.58 154.49
v -87.96 -151.52 122.47
v -136.22 -152.65 119.13
v -119.06 -129.40 138.53
v -60.54 -124.00 166.72
v -105.76 -119.74 166.68
v -147.34 -136.29 150.89
v -119.30 -138.66 150.56
v -105.52 -110.36 154.49
v -60.30 -114.58 154.49
v -119.06 -129.40 138.53
v -147.10 -127.05 138.88
v -105.76 -119.74 166.68
v -156.41 -118.26 164.75
v -178.75 -135.61 150.00
v -147.34 -136.29 150.89
v -156.17 -108.91 152.60
v -105.52 -110.36 154.49
v -147.10 -127.05 138.88
v -178.51 -126.38 138.01
v -156.41 -118.26 164.75
v -202.90 -113.98 166.01
v -207.58 -133.08 150.95
v -178.75 -135.61 150.00
v -202.66 -104.65 153.89
v -156.17 -108.91 152.60
v -178.51 -126.38 138.01
v -207.34 -123.86 138.96
v -202.90 -113.98 166.01
v -250.61 -112.75 165.53
v -237.16 -132.38 150.72
v -207.58 -133.08 150.95
v -250.37 -103.43 153.42
v -202.66 -104.65 153.89
v -207.34 -123.86 138.96
v -236.92 -123.16 138.74
v -250.61 -112.75 165.53
v -293.74 -113.56 164.28
v -263.89 -132.85 149.91
v -237.16 -132.38 150.72
v -293.50 -104.23 152.16
v -250.37 -103.43 153.42
v -236.92 -123.16 138.74
v -263.65 -123.63 137.93
v -293.74 -113.56 164.28
v -369.59 -99.04 175.39
v -310.92 -123.68 156.58
v -263.89 -132.85 149.91
v -369.35 -89.69 163.24
v -293.50 -104.23 152.16
v -263.65 -123.63 137.93
v -310.68 -114.45 144.59
v -369.59 -99.04 175.39
v -378.13 -120.28 159.87
v -316.21 -136.74 146.82
v -310.92 -123.68 156.58
v -377.89 -110.91 147.71
v -369.35 -89.69 163.24
v -310.68 -114.45 144.59
v -315.97 -127.50 134.82
v -378.13 -120.28 159.87
v -414.39 -138.74 147.51
v -338.68 -147.89 138.77
v -316.21 -136.74 146.82
v -414.14 -129.34 135.30
v -377.89 -110.91 147.71
v -315.97 -127.50 134.82
v -338.44 -138.64 126.75
v -414.39 -138.74 147.51
v -366.68 -163.87 127.68
v -309.11 -163.64 126.69
v -338.68 -147.89 138.77
v -366.44 -154.49 115.49
v -414.14 -129.34 135.30
v -338.44 -138.64 126.75
v -308.87 -154.39 114.68
v -366.68 -163.87 127.68
v -368.94 -182.11 114.47
v -310.50 -174.85 118.37
v -309.11 -163.64 126.69
v -368.69 -172.71 102.27
v -366.44 -154.49 115.49
v -308.87 -154.39 114.68
v -310.26 -165.60 106.35
v -368.94 -182.11 114.47
v -399.93 -206.59 98.17
v -329.71 -189.66 107.80
v -310.50 -174.85 118.37
v -399.68 -197.15 85.91
v -368.69 -172.71 102.27
v -310.26 -165.60 106.35
v -329.47 -180.40 95.76
v -399.93 -206.59 98.17
v -371.53 -215.55 90.40
v -312.11 -195.39 103.19
v -329.71 -189.66 107.80
v -371.29 -206.14 78.17
v -399.68 -197.15 85.91
v -329.47 -180.40 95.76
v -311.87 -186.13 91.17
v -371.53 -215.55 90.40
v -423.01 -253.63 66.30
v -344.01 -218.28 87.33
v -312.11 -195.39 103.19
v -422.76 -244.12 53.95
v -371.29 -206.14 78.17
v -311.87 -186.13 91.17
v -343.77 -208.99 75.26
v -423.01 -253.63 66.30
v -340.70 -233.55 76.13
v -293.00 -206.66 94.50
v -344.01 -218.28 87.33
v -340.46 -224.15 63.91
v -422.76 -244.12 53.95
v -343.77 -208.99 75.26
v -292.76 -197.41 82.48
v -340.70 -233.55 76.13
v -316.60 -241.05 69.81
v -278.06 -211.43 90.73
v -293.00 -206.66 94.50
v -316.36 -231.66 57.61
v -340.46 -224.15 63.91
v -292.76 -197.41 82.48
v -277.82 -202.18 78.72
v -278.06 -211.43 90.73
v -261.98 -216.70 86.62
v -237.83 -189.54 107.02
v -245.61 -186.95 108.95
v -261.74 -207.45 74.61
v -277.82 -202.18 78.72
v -245.37 -177.69 96.92
v -237.59 -180.28 94.99
v -261.98 -216.70 86.62
v -247.51 -228.51 77.65
v -230.83 -195.28 102.71
v -237.83 -189.54 107.02
v -247.27 -219.27 65.65
v -261.74 -207.45 74.61
v -237.59 -180.28 94.99
v -230.59 -186.02 90.68
v -247.51 -228.51 77.65
v -225.52 -229.86 76.53
v -220.19 -196.00 102.25
v -230.83 -195.28 102.71
v -225.28 -220.63 64.54
v -247.27 -219.27 65.65
v -230.59 -186.02 90.68
v -219.95 -186.74 90.22
v -225.52 -229.86 76.53
v -205.12 -230.71 75.93
v -210.32 -196.45 102.01
v -220.19 -196.00 102.25
v -204.88 -221.48 63.95
v -225.28 -220.63 64.54
v -219.95 -186.74 90.22
v -210.08 -187.19 89.98
v -205.12 -230.71 75.93
v -185.89 -232.59 74.66
v -201.02 -197.38 101.43
v -210.32 -196.45 102.01
v -185.65 -223.37 62.67
v -204.88 -221.48 63.95
v -210.08 -187.19 89.98
v -200.78 -188.13 89.40
v -185.89 -232.59 74.66
v -169.66 -208.45 93.51
v -193.17 -185.71 110.56
v -201.02 -197.38 101.43
v -169.42 -199.23 81.53
v -185.65 -223.37 62.67
v -200.78 -188.13 89.40
v -192.93 -176.45 98.53
v -169.66 -208.45 93.51
v -149.70 -186.25 111.39
v -183.51 -174.92 119.15
v -193.17 -185.71 110.56
v -149.47 -177.02 99.40
v -169.42 -199.23 81.53
v -192.93 -176.45 98.53
v -183.27 -165.66 107.12
v -149.70 -186.25 111.39
v -136.45 -161.89 131.13
v -177.09 -163.04 128.59
v -183.51 -174.92 119.15
v -136.22 -152.65 119.13
v -149.47 -177.02 99.40
v -183.27 -165.66 107.12
v -176.85 -153.78 116.56
v -136.45 -161.89 131.13
v -119.30 -138.66 150.56
v -168.79 -151.66 137.80
v -177.09 -163.04 128.59
v -119.06 -129.40 138.53
v -136.22 -152.65 119.13
v -176.85 -153.78 116.56
v -168.55 -142.39 125.76
v -119.30 -138.66 150.56
v -147.34 -136.29 150.89
v -182.36 -150.63 138.11
v -168.79 -151.66 137.80
v -147.10 -127.05 138.88
v -119.06 -129.40 138.53
v -168.55 -142.39 125.76
v -182.12 -141.36 126.07
v -147.34 -136.29 150.89
v -178.75 -135.61 150.00
v -197.56 -150.39 137.80
v -182.36 -150.63 138.11
v -178.51 -126.38 138.01
v -147.10 -127.05 138.88
v -182.12 -141.36 126.07
v -197.32 -141.13 125.77
v -178.75 -135.61 150.00
v -207.58 -133.08 150.95
v -211.51 -149.22 138.32
v -197.56 -150.39 137.80
v -207.34 -123.86 138.96
v -178.51 -126.38 138.01
v -197.32 -141.13 125.77
v -211.27 -139.96 126.29
v -207.58 -133.08 150.95
v -237.16 -132.38 150.72
v -225.82 -148.90 138.24
v -211.51 -149.22 138.32
v -236.92 -123.16 138.74
v -207.34 -123.86 138.96
v -211.27 -139.96 126.29
v -225.58 -139.64 126.21
v -237.16 -132.38 150.72
v -263.89 -132.85 149.91
v -238.76 -149.12 137.84
v -225.82 -148.90 138.24
v -263.65 -123.63 137.93
v -236.92 -123.16 138.74
v -225.58 -139.64 126.21
v -238.52 -139.86 125.81
v -263.89 -132.85 149.91
v -310.92 -123.68 156.58
v -261.51 -144.62 140.98
v -238.76 -149.12 137.84
v -310.68 -114.45 144.59
v -263.65 -123.63 137.93
v -238.52 -139.86 125.81
v -261.27 -135.36 128.95
v -310.92 -123.68 156.58
v -316.21 -136.74 146.82
v -264.07 -150.89 136.19
v -261.51 -144.62 140.98
v -315.97 -127.50 134.82
v -310.68 -114.45 144.59
v -261.27 -135.36 128.95
v -263.83 -141.62 124.16
v -316.21 -136.74 146.82
v -338.68 -147.89 138.77
v -274.94 -156.16 132.14
v -264.07 -150.89 136.19
v -338.44 -138.64 126.75
v -315.97 -127.50 134.82
v -263.83 -141.62 124.16
v -274.70 -146.90 120.11
v -338.68 -147.89 138.77
v -309.11 -163.64 126.69
v -260.63 -163.85 126.38
v -274.94 -156.16 132.14
v -308.87 -154.39 114.68
v -338.44 -138.64 126.75
v -274.70 -146.90 120.11
v -260.39 -154.59 114.35
v -309.11 -163.64 126.69
v -310.50 -174.85 118.37
v -261.31 -169.23 122.31
v -260.63 -163.85 126.38
v -310.26 -165.60 106.35
v -308.87 -154.39 114.68
v -260.39 -154.59 114.35
v -261.07 -159.97 110.27
v -310.50 -174.85 118.37
v -329.71 -189.66 107.80
v -270.60 -176.25 117.00
v -261.31 -169.23 122.31
v -329.47 -180.40 95.76
v -310.26 -165.60 106.35
v -261.07 -159.97 110.27
v -270.36 -166.99 104.96
v -329.71 -189.66 107.80
v -312.11 -195.39 103.19
v -262.08 -179.09 114.86
v -270.60 -176.25 117.00
v -311.87 -186.13 91.17
v -329.47 -180.40 95.76
v -270.36 -166.99 104.96
v -261.84 -169.82 102.82
v -312.11 -195.39 103.19
v -344.01 -218.28 87.33
v -277.51 -189.88 106.81
v -262.08 -179.09 114.86
v -343.77 -208.99 75.26
v -311.87 -186.13 91.17
v -261.84 -169.82 102.82
v -277.27 -180.61 94.76
v -344.01 -218.28 87.33
v -293.00 -206.66 94.50
v -252.84 -184.59 110.71
v -277.51 -189.88 106.81
v -292.76 -197.41 82.48
v -343.77 -208.99 75.26
v -277.27 -180.61 94.76
v -252.60 -175.33 98.68
v -293.00 -206.66 94.50
v -278.06 -211.43 90.73
v -245.61 -186.95 108.95
v -252.84 -184.59 110.71
v -277.82 -202.18 78.72
v -292.76 -197.41 82.48
v -252.60 -175.33 98.68
v -245.37 -177.69 96.92
v -245.61 -186.95 108.95
v -237.83 -189.54 107.02
v -215.20 -164.38 126.54
v -237.59 -180.28 94.99
v -245.37 -177.69 96.92
v -214.95 -154.82 114.11
v -237.83 -189.54 107.02
v -230.83 -195.28 102.71
v -215.20 -164.38 126.54
v -230.59 -186.02 90.68
v -237.59 -180.28 94.99
v -214.95 -154.82 114.11
v -230.83 -195.28 102.71
v -220.19 -196.00 102.25
v -215.20 -164.38 126.54
v -219.95 -186.74 90.22
v -230.59 -186.02 90.68
v -214.95 -154.82 114.11
v -220.19 -196.00 102.25
v -210.32 -196.45 102.01
v -215.20 -164.38 126.54
v -210.08 -187.19 89.98
v -219.95 -186.74 90.22
v -214.95 -154.82 114.11
v -210.32 -196.45 102.01
v -201.02 -197.38 101.43
v -215.20 -164.38 126.54
v -200.78 -188.13 89.40
v -210.08 -187.19 89.98
v -214.95 -154.82 114.11
v -201.02 -197.38 101.43
v -193.17 -185.71 110.56
v -215.20 -164.38 126.54
v -192.93 -176.45 98.53
v -200.78 -188.13 89.40
v -214.95 -154.82 114.11
v -193.17 -185.71 110.56
v -183.51 -174.92 119.15
v -215.20 -164.38 126.54
v -183.27 -165.66 107.12
v -192.93 -176.45 98.53
v -214.95 -154.82 114.11
v -183.51 -174.92 119.15
v -177.09 -163.04 128.59
v -215.20 -164.38 126.54
v -176.85 -153.78 116.56
v -183.27 -165.66 107.12
v -214.95 -154.82 114.11
v -177.09 -163.04 128.59
v -168.79 -151.66 137.80
v -215.20 -164.38 126.54
v -168.55 -142.39 125.76
v -176.85 -153.78 116.56
v -214.95 -154.82 114.11
v -168.79 -151.66 137.80
v -182.36 -150.63 138.11
v -215.20 -164.38 126.54
v -182.12 -141.36 126.07
v -168.55 -142.39 125.76
v -214.95 -154.82 114.11
v -182.36 -150.63 138.11
v -197.56 -150.39 137.80
v -215.20 -164.38 126.54
v -197.32 -141.13 125.77
v -182.12 -141.36 126.07
v -214.95 -154.82 114.11
v -197.56 -150.39 137.80
v -211.51 -149.22 138.32
v -215.20 -164.38 126.54
v -211.27 -139.96 126.29
v -197.32 -141.13 125.77
v -214.95 -154.82 114.11
v -211.51 -149.22 138.32
v -225.82 -148.90 138.24
v -215.20 -164.38 126.54
v -225.58 -139.64 126.21
v -211.27 -139.96 126.29
v -214.95 -154.82 114.11
v -225.82 -148.90 138.24
v -238.76 -149.12 137.84
v -215.20 -164.38 126.54
v -238.52 -139.86 125.81
v -225.58 -139.64 126.21
v -214.95 -154.82 114.11
v -238.76 -149.12 137.84
v -261.51 -144.62 140.98
v -215.20 -164.38 126.54
v -261.27 -135.36 128.95
v -238.52 -139.86 125.81
v -214.95 -154.82 114.11
v -261.51 -144.62 140.98
v -264.07 -150.89 136.19
v -215.20 -164.38 126.54
v -263.83 -141.62 124.16
v -261.27 -135.36 128.95
v -214.95 -154.82 114.11
v -264.07 -150.89 136.19
v -274.94 -156.16 132.14
v -215.20 -164.38 126.54
v -274.70 -146.90 120.11
v -263.83 -141.62 124.16
v -214.95 -154.82 114.11
v -274.94 -156.16 132.14
v -260.63 -163.85 126.38
v -215.20 -164.38 126.54
v -260.39 -154.59 114.35
v -274.70 -146.90 120.11
v -214.95 -154.82 114.11
v -260.63 -163.85 126.38
v -261.31 -169.23 122.31
v -215.20 -164.38 126.54
v -261.07 -159.97 110.27
v -260.39 -154.59 114.35
v -214.95 -154.82 114.11
v -261.31 -169.23 122.31
v -270.60 -176.25 117.00
v -215.20 -164.38 126.54
v -270.36 -166.99 104.96
v -261.07 -159.97 110.27
v -214.95 -154.82 114.11
v -270.60 -176.25 117.00
v -262.08 -179.09 114.86
v -215.20 -164.38 126.54
v -261.84 -169.82 102.82
v -270.36 -166.99 104.96
v -214.95 -154.82 114.11
v -262.08 -179.09 114.86
v -277.51 -189.88 106.81
v -215.20 -164.38 126.54
v -277.27 -180.61 94.76
v -261.84 -169.82 102.82
v -214.95 -154.82 114.11
v -277.51 -189.88 106.81
v -252.84 -184.59 110.71
v -215.20 -164.38 126.54
v -252.60 -175.33 98.68
v -277.27 -180.61 94.76
v -214.95 -154.82 114.11
v -252.84 -184.59 110.71
v -245.61 -186.95 108.95
v -215.20 -164.38 126.54
v -245.37 -177.69 96.92
v -252.60 -175.33 98.68
v -214.95 -154.82 114.11
v 188.69 182.81 174.06
v 173.33 174.09 180.38
v 182.62 173.81 199.95
v 197.99 182.53 193.65
v 173.33 174.09 180.38
v 156.07 174.71 188.03
v 165.35 174.43 207.59
v 182.62 173.81 199.95
v 156.07 174.71 188.03
v 141.93 156.09 193.79
v 151.20 155.81 213.33
v 165.35 174.43 207.59
v 141.93 156.09 193.79
v 126.32 146.43 200.70
v 135.59 146.15 220.23
v 151.20 155.81 213.33
v 126.32 146.43 200.70
v 106.57 138.96 209.69
v 115.84 138.68 229.22
v 135.59 146.15 220.23
v 106.57 138.96 209.69
v 112.92 120.34 206.84
v 122.19 120.06 226.38
v 115.84 138.68 229.22
v 112.92 120.34 206.84
v 123.28 100.57 202.13
v 132.55 100.29 221.67
v 122.19 120.06 226.38
v 123.28 100.57 202.13
v 133.21 82.06 197.57
v 142.49 81.78 217.12
v 132.55 100.29 221.67
v 133.21 82.06 197.57
v 141.38 62.88 193.86
v 150.67 62.60 213.43
v 142.49 81.78 217.12
v 141.38 62.88 193.86
v 149.18 41.36 190.40
v 158.47 41.08 209.98
v 150.67 62.60 213.43
v 149.18 41.36 190.40
v 158.17 22.83 186.27
v 167.47 22.55 205.86
v 158.47 41.08 209.98
v 158.17 22.83 186.27
v 169.15 24.66 180.55
v 178.44 24.38 200.13
v 167.47 22.55 205.86
v 169.15 24.66 180.55
v 180.19 30.00 174.77
v 189.48 29.72 194.34
v 178.44 24.38 200.13
v 180.19 30.00 174.77
v 192.94 28.85 168.23
v 202.22 28.57 187.78
v 189.48 29.72 194.34
v 192.94 28.85 168.23
v 200.51 41.91 164.33
v 209.79 41.63 183.87
v 202.22 28.57 187.78
v 200.51 41.91 164.33
v 206.05 52.93 161.61
v 215.32 52.65 181.14
v 209.79 41.63 183.87
v 206.05 52.93 161.61
v 200.24 85.04 164.97
v 209.51 84.76 184.51
v 215.32 52.65 181.14
v 200.24 85.04 164.97
v 203.83 117.90 164.20
v 213.10 117.62 183.75
v 209.51 84.76 184.51
v 203.83 117.90 164.20
v 189.03 142.31 171.99
v 198.31 142.03 191.54
v 213.10 117.62 183.75
v 189.03 142.31 171.99
v 188.69 182.81 174.06
v 197.99 182.53 193.65
v 198.31 142.03 191.54
v 197.99 182.53 193.65
v 182.62 173.81 199.95
v 179.98 141.77 199.91
v 187.89 146.30 196.46
v 173.33 174.09 180.38
v 188.69 182.81 174.06
v 178.17 146.60 175.98
v 170.27 142.06 179.43
v 182.62 173.81 199.95
v 165.35 174.43 207.59
v 171.06 142.08 204.00
v 179.98 141.77 199.91
v 156.07 174.71 188.03
v 173.33 174.09 180.38
v 170.27 142.06 179.43
v 161.34 142.38 183.52
v 165.35 174.43 207.59
v 151.20 155.81 213.33
v 163.77 132.40 207.13
v 171.06 142.08 204.00
v 141.93 156.09 193.79
v 156.07 174.71 188.03
v 161.34 142.38 183.52
v 154.06 132.70 186.66
v 151.20 155.81 213.33
v 135.59 146.15 220.23
v 155.69 127.38 210.79
v 163.77 132.40 207.13
v 126.32 146.43 200.70
v 141.93 156.09 193.79
v 154.06 132.70 186.66
v 145.98 127.67 190.32
v 135.59 146.15 220.23
v 115.84 138.68 229.22
v 145.45 123.49 215.52
v 155.69 127.38 210.79
v 106.57 138.96 209.69
v 126.32 146.43 200.70
v 145.98 127.67 190.32
v 135.73 123.79 195.06
v 115.84 138.68 229.22
v 122.19 120.06 226.38
v 148.71 113.81 213.95
v 145.45 123.49 215.52
v 112.92 120.34 206.84
v 106.57 138.96 209.69
v 135.73 123.79 195.06
v 138.99 114.11 193.49
v 122.19 120.06 226.38
v 132.55 100.29 221.67
v 154.05 103.53 211.41
v 148.71 113.81 213.95
v 123.28 100.57 202.13
v 112.92 120.34 206.84
v 138.99 114.11 193.49
v 144.33 103.83 190.94
v 132.55 100.29 221.67
v 142.49 81.78 217.12
v 159.17 93.91 208.95
v 154.05 103.53 211.41
v 133.21 82.06 197.57
v 123.28 100.57 202.13
v 144.33 103.83 190.94
v 149.46 94.20 188.48
v 142.49 81.78 217.12
v 150.67 62.60 213.43
v 163.38 83.93 206.94
v 159.17 93.91 208.95
v 141.38 62.88 193.86
v 133.21 82.06 197.57
v 149.46 94.20 188.48
v 153.66 84.23 186.46
v 150.67 62.60 213.43
v 158.47 41.08 209.98
v 167.38 72.75 205.03
v 163.38 83.93 206.94
v 149.18 41.36 190.40
v 141.38 62.88 193.86
v 153.66 84.23 186.46
v 157.66 73.04 184.55
v 158.47 41.08 209.98
v 167.47 22.55 205.86
v 172.02 63.11 202.80
v 167.38 72.75 205.03
v 158.17 22.83 186.27
v 149.18 41.36 190.40
v 157.66 73.04 184.55
v 162.30 63.41 182.32
v 167.47 22.55 205.86
v 178.44 24.38 200.13
v 177.78 64.06 199.94
v 172.02 63.11 202.80
v 169.15 24.66 180.55
v 158.17 22.83 186.27
v 162.30 63.41 182.32
v 168.06 64.36 179.46
v 178.44 24.38 200.13
v 189.48 29.72 194.34
v 183.58 66.84 197.05
v 177.78 64.06 199.94
v 180.19 30.00 174.77
v 169.15 24.66 180.55
v 168.06 64.36 179.46
v 173.86 67.13 176.58
v 189.48 29.72 194.34
v 202.22 28.57 187.78
v 190.25 66.24 193.74
v 183.58 66.84 197.05
v 192.94 28.85 168.23
v 180.19 30.00 174.77
v 173.86 67.13 176.58
v 180.54 66.53 173.27
v 202.22 28.57 187.78
v 209.79 41.63 183.87
v 194.24 73.03 191.81
v 190.25 66.24 193.74
v 200.51 41.91 164.33
v 192.94 28.85 168.23
v 180.54 66.53 173.27
v 184.52 73.32 171.34
v 209.79 41.63 183.87
v 215.32 52.65 181.14
v 197.14 78.76 190.45
v 194.24 73.03 191.81
v 206.05 52.93 161.61
v 200.51 41.91 164.33
v 184.52 73.32 171.34
v 187.42 79.05 169.98
v 215.32 52.65 181.14
v 209.51 84.76 184.51
v 194.11 95.46 192.17
v 197.14 78.76 190.45
v 200.24 85.04 164.97
v 206.05 52.93 161.61
v 187.42 79.05 169.98
v 184.39 95.75 171.70
v 209.51 84.76 184.51
v 213.10 117.62 183.75
v 195.93 112.54 191.67
v 194.11 95.46 192.17
v 203.83 117.90 164.20
v 200.24 85.04 164.97
v 184.39 95.75 171.70
v 186.21 112.84 171.20
v 213.10 117.62 183.75
v 198.31 142.03 191.54
v 188.19 125.24 195.64
v 195.93 112.54 191.67
v 189.03 142.31 171.99
v 203.83 117.90 164.20
v 186.21 112.84 171.20
v 178.48 125.53 175.17
v 198.31 142.03 191.54
v 197.99 182.53 193.65
v 187.89 146.30 196.46
v 188.19 125.24 195.64
v 188.69 182.81 174.06
v 189.03 142.31 171.99
v 178.48 125.53 175.17
v 178.17 146.60 175.98
v 187.89 146.30 196.46
v 179.98 141.77 199.91
v 177.36 107.04 200.35
v 170.27 142.06 179.43
v 178.17 146.60 175.98
v 167.53 107.34 179.63
v 179.98 141.77 199.91
v 171.06 142.08 204.00
v 177.36 107.04 200.35
v 161.34 142.38 183.52
v 170.27 142.06 179.43
v 167.53 107.34 179.63
v 171.06 142.08 204.00
v 163.77 132.40 207.13
v 177.36 107.04 200.35
v 154.06 132.70 186.66
v 161.34 142.38 183.52
v 167.53 107.34 179.63
v 163.77 132.40 207.13
v 155.69 127.38 210.79
v 177.36 107.04 200.35
v 145.98 127.67 190.32
v 154.06 132.70 186.66
v 167.53 107.34 179.63
v 155.69 127.38 210.79
v 145.45 123.49 215.52
v 177.36 107.04 200.35
v 135.73 123.79 195.06
v 145.98 127.67 190.32
v 167.53 107.34 179.63
v 145.45 123.49 215.52
v 148.71 113.81 213.95
v 177.36 107.04 200.35
v 138.99 114.11 193.49
v 135.73 123.79 195.06
v 167.53 107.34 179.63
v 148.71 113.81 213.95
v 154.05 103.53 211.41
v 177.36 107.04 200.35
v 144.33 103.83 190.94
v 138.99 114.11 193.49
v 167.53 107.34 179.63
v 154.05 103.53 211.41
v 159.17 93.91 208.95
v 177.36 107.04 200.35
v 149.46 94.20 188.48
v 144.33 103.83 190.94
v 167.53 107.34 179.63
v 159.17 93.91 208.95
v 163.38 83.93 206.94
v 177.36 107.04 200.35
v 153.66 84.23 186.46
v 149.46 94.20 188.48
v 167.53 107.34 179.63
v 163.38 83.93 206.94
v 167.38 72.75 205.03
v 177.36 107.04 200.35
v 157.66 73.04 184.55
v 153.66 84.23 186.46
v 167.53 107.34 179.63
v 167.38 72.75 205.03
v 172.02 63.11 202.80
v 177.36 107.04 200.35
v 162.30 63.41 182.32
v 157.66 73.04 184.55
v 167.53 107.34 179.63
v 172.02 63.11 202.80
v 177.78 64.06 199.94
v 177.36 107.04 200.35
v 168.06 64.36 179.46
v 162.30 63.41 182.32
v 167.53 107.34 179.63
v 177.78 64.06 199.94
v 183.58 66.84 197.05
v 177.36 107.04 200.35
v 173.86 67.13 176.58
v 168.06 64.36 179.46
v 167.53 107.34 179.63
v 183.58 66.84 197.05
v 190.25 66.24 193.74
v 177.36 107.04 200.35
v 180.54 66.53 173.27
v 173.86 67.13 176.58
v 167.53 107.34 179.63
v 190.25 66.24 193.74
v 194.24 73.03 191.81
v 177.36 107.04 200.35
v 184.52 73.32 171.34
v 180.54 66.53 173.27
v 167.53 107.34 179.63
v 194.24 73.03 191.81
v 197.14 78.76 190.45
v 177.36 107.04 200.35
v 187.42 79.05 169.98
v 184.52 73.32 171.34
v 167.53 107.34 179.63
v 197.14 78.76 190.45
v 194.11 95.46 192.17
v 177.36 107.04 200.35
v 184.39 95.75 171.70
v 187.42 79.05 169.98
v 167.53 107.34 179.63
v 194.11 95.46 192.17
v 195.93 112.54 191.67
v 177.36 107.04 200.35
v 186.21 112.84 171.20
v 184.39 95.75 171.70
v 167.53 107.34 179.63
v 195.93 112.54 191.67
v 188.19 125.24 195.64
v 177.36 107.04 200.35
v 178.48 125.53 175.17
v 186.21 112.84 171.20
v 167.53 107.34 179.63
v 188.19 125.24 195.64
v 187.89 146.30 196.46
v 177.36 107.04 200.35
v 178.17 146.60 175.98
v 178.48 125.53 175.17
v 167.53 107.34 179.63
v -286.90 211.09 2.23
v -294.56 192.19 7.67
v -303.91 200.62 23.29
v -296.25 219.51 17.84
v -294.56 192.19 7.67
v -306.47 174.46 10.32
v -315.82 182.89 25.94
v -303.91 200.62 23.29
v -306.47 174.46 10.32
v -280.48 152.33 35.79
v -289.80 160.74 51.37
v -315.82 182.89 25.94
v -280.48 152.33 35.79
v -257.26 130.38 60.26
v -266.58 138.77 75.82
v -289.80 160.74 51.37
v -257.26 130.38 60.26
v -237.79 105.27 84.88
v -247.09 113.65 100.42
v -266.58 138.77 75.82
v -237.79 105.27 84.88
v -211.14 86.62 110.74
v -220.44 95.01 126.28
v -247.09 113.65 100.42
v -211.14 86.62 110.74
v -189.26 60.09 138.81
v -198.57 68.48 154.36
v -220.44 95.01 126.28
v -189.26 60.09 138.81
v -165.24 48.75 160.15
v -174.56 57.14 175.72
v -198.57 68.48 154.36
v -165.24 48.75 160.15
v -136.58 65.61 168.49
v -145.91 74.01 184.06
v -174.56 57.14 175.72
v -136.58 65.61 168.49
v -103.03 75.89 184.11
v -112.37 84.31 199.70
v -145.91 74.01 184.06
v -103.03 75.89 184.11
v -73.48 96.77 191.32
v -82.83 105.19 206.93
v -112.37 84.31 199.70
v -73.48 96.77 191.32
v -48.41 118.60 195.28
v -57.76 127.03 210.91
v -82.83 105.19 206.93
v -48.41 118.60 195.28
v -52.72 144.00 177.75
v -62.05 152.41 193.35
v -57.76 127.03 210.91
v -52.72 144.00 177.75
v -67.58 170.08 153.24
v -76.90 178.47 168.82
v -62.05 152.41 193.35
v -67.58 170.08 153.24
v -55.05 198.88 145.27
v -64.38 207.28 160.84
v -76.90 178.47 168.82
v -55.05 198.88 145.27
v -76.38 219.40 120.37
v -85.69 227.79 135.92
v -64.38 207.28 160.84
v -76.38 219.40 120.37
v -61.72 262.69 106.27
v -71.03 271.08 121.83
v -85.69 227.79 135.92
v -61.72 262.69 106.27
v -88.90 267.96 86.58
v -98.21 276.35 102.13
v -71.03 271.08 121.83
v -88.90 267.96 86.58
v -87.53 305.55 67.81
v -96.84 313.95 83.38
v -98.21 276.35 102.13
v -87.53 305.55 67.81
v -113.23 301.69 54.34
v -122.55 310.08 69.90
v -96.84 313.95 83.38
v -113.23 301.69 54.34
v -139.50 295.15 42.18
v -148.82 303.54 57.74
v -122.55 310.08 69.90
v -139.50 295.15 42.18
v -164.69 290.33 30.03
v -174.00 298.73 45.60
v -148.82 303.54 57.74
v -164.69 290.33 30.03
v -189.12 284.56 19.03
v -198.45 292.96 34.61
v -174.00 298.73 45.60
v -189.12 284.56 19.03
v -217.12 289.14 1.15
v -226.46 297.55 16.75
v -198.45 292.96 34.61
v -217.12 289.14 1.15
v -243.44 285.86 -11.59
v -252.79 294.29 4.04
v -226.46 297.55 16.75
v -243.44 285.86 -11.59
v -253.00 265.49 -6.71
v -262.35 273.91 8.91
v -252.79 294.29 4.04
v -253.00 265.49 -6.71
v -260.05 244.15 0.09
v -269.39 252.57 15.70
v -262.35 273.91 8.91
v -260.05 244.15 0.09
v -273.33 228.08 0.97
v -282.68 236.50 16.58
v -269.39 252.57 15.70
v -273.33 228.08 0.97
v -286.90 211.09 2.23
v -296.25 219.51 17.84
v -282.68 236.50 16.58
v -296.25 219.51 17.84
v -303.91 200.62 23.29
v -254.15 191.96 54.85
v -249.38 203.67 51.45
v -294.56 192.19 7.67
v -286.90 211.09 2.23
v -240.11 195.31 35.97
v -244.88 183.61 39.37
v -303.91 200.62 23.29
v -315.82 182.89 25.94
v -261.51 180.95 56.47
v -254.15 191.96 54.85
v -306.47 174.46 10.32
v -294.56 192.19 7.67
v -244.88 183.61 39.37
v -252.24 172.60 40.98
v -315.82 182.89 25.94
v -289.80 160.74 51.37
v -245.56 167.38 72.53
v -261.51 180.95 56.47
v -280.48 152.33 35.79
v -306.47 174.46 10.32
v -252.24 172.60 40.98
v -236.30 159.04 57.06
v -289.80 160.74 51.37
v -266.58 138.77 75.82
v -231.27 153.86 87.87
v -245.56 167.38 72.53
v -257.26 130.38 60.26
v -280.48 152.33 35.79
v -236.30 159.04 57.06
v -222.02 145.52 72.41
v -266.58 138.77 75.82
v -247.09 113.65 100.42
v -219.25 138.34 103.22
v -231.27 153.86 87.87
v -237.79 105.27 84.88
v -257.26 130.38 60.26
v -222.02 145.52 72.41
v -209.99 130.00 87.76
v -247.09 113.65 100.42
v -220.44 95.01 126.28
v -202.73 126.79 119.27
v -219.25 138.34 103.22
v -211.14 86.62 110.74
v -237.79 105.27 84.88
v -209.99 130.00 87.76
v -193.48 118.45 103.81
v -220.44 95.01 126.28
v -198.57 68.48 154.36
v -189.12 110.29 136.58
v -202.73 126.79 119.27
v -189.26 60.09 138.81
v -211.14 86.62 110.74
v -193.48 118.45 103.81
v -179.86 101.95 121.12
v -198.57 68.48 154.36
v -174.56 57.14 175.72
v -174.16 103.19 149.70
v -189.12 110.29 136.58
v -165.24 48.75 160.15
v -189.26 60.09 138.81
v -179.86 101.95 121.12
v -164.90 94.85 134.23
v -174.56 57.14 175.72
v -145.91 74.01 184.06
v -156.36 113.63 154.83
v -174.16 103.19 149.70
v -136.58 65.61 168.49
v -165.24 48.75 160.15
v -164.90 94.85 134.23
v -147.11 105.29 139.36
v -145.91 74.01 184.06
v -112.37 84.31 199.70
v -135.48 119.93 164.37
v -156.36 113.63 154.83
v -103.03 75.89 184.11
v -136.58 65.61 168.49
v -147.11 105.29 139.36
v -126.21 111.58 148.89
v -112.37 84.31 199.70
v -82.83 105.19 206.93
v -117.09 132.81 168.74
v -135.48 119.93 164.37
v -73.48 96.77 191.32
v -103.03 75.89 184.11
v -126.21 111.58 148.89
v -107.82 124.46 153.25
v -82.83 105.19 206.93
v -57.76 127.03 210.91
v -101.49 146.29 171.09
v -117.09 132.81 168.74
v -48.41 118.60 195.28
v -73.48 96.77 191.32
v -107.82 124.46 153.25
v -92.22 137.94 155.60
v -57.76 127.03 210.91
v -62.05 152.41 193.35
v -104.26 162.13 160.39
v -101.49 146.29 171.09
v -52.72 144.00 177.75
v -48.41 118.60 195.28
v -92.22 137.94 155.60
v -94.99 153.78 144.91
v -62.05 152.41 193.35
v -76.90 178.47 168.82
v -113.60 178.41 145.41
v -104.26 162.13 160.39
v -67.58 170.08 153.24
v -52.72 144.00 177.75
v -94.99 153.78 144.91
v -104.34 170.07 129.94
v -76.90 178.47 168.82
v -64.38 207.28 160.84
v -105.83 196.27 140.45
v -113.60 178.41 145.41
v -55.05 198.88 145.27
v -67.58 170.08 153.24
v -104.34 170.07 129.94
v -96.57 187.92 124.99
v -64.38 207.28 160.84
v -85.69 227.79 135.92
v -119.13 209.07 125.16
v -105.83 196.27 140.45
v -76.38 219.40 120.37
v -55.05 198.88 145.27
v -96.57 187.92 124.99
v -109.88 200.73 109.70
v -85.69 227.79 135.92
v -71.03 271.08 121.83
v -110.01 235.87 116.35
v -119.13 209.07 125.16
v -61.72 262.69 106.27
v -76.38 219.40 120.37
v -109.88 200.73 109.70
v -100.75 227.53 100.89
v -71.03 271.08 121.83
v -98.21 276.35 102.13
v -126.91 239.18 104.22
v -110.01 235.87 116.35
v -88.90 267.96 86.58
v -61.72 262.69 106.27
v -100.75 227.53 100.89
v -117.65 230.84 88.76
v -98.21 276.35 102.13
v -96.84 313.95 83.38
v -126.00 262.44 92.50
v -126.91 239.18 104.22
v -87.53 305.55 67.81
v -88.90 267.96 86.58
v -117.65 230.84 88.76
v -116.74 254.10 77.03
v -96.84 313.95 83.38
v -122.55 310.08 69.90
v -141.95 260.06 84.17
v -126.00 262.44 92.50
v -113.23 301.69 54.34
v -87.53 305.55 67.81
v -116.74 254.10 77.03
v -132.69 251.72 68.70
v -122.55 310.08 69.90
v -148.82 303.54 57.74
v -158.24 256.00 76.62
v -141.95 260.06 84.17
v -139.50 295.15 42.18
v -113.23 301.69 54.34
v -132.69 251.72 68.70
v -148.98 247.66 61.16
v -148.82 303.54 57.74
v -174.00 298.73 45.60
v -173.82 252.99 69.05
v -158.24 256.00 76.62
v -164.69 290.33 30.03
v -139.50 295.15 42.18
v -148.98 247.66 61.16
v -164.56 244.65 53.58
v -174.00 298.73 45.60
v -198.45 292.96 34.61
v -188.93 249.37 62.15
v -173.82 252.99 69.05
v -189.12 284.56 19.03
v -164.69 290.33 30.03
v -164.56 244.65 53.58
v -179.67 241.03 46.69
v -198.45 292.96 34.61
v -226.46 297.55 16.75
v -206.18 252.11 50.89
v -188.93 249.37 62.15
v -217.12 289.14 1.15
v -189.12 284.56 19.03
v -179.67 241.03 46.69
v -196.91 243.76 35.41
v -226.46 297.55 16.75
v -252.79 294.29 4.04
v -222.40 249.99 42.82
v -206.18 252.11 50.89
v -243.44 285.86 -11.59
v -217.12 289.14 1.15
v -196.91 243.76 35.41
v -213.13 241.63 27.33
v -252.79 294.29 4.04
v -262.35 273.91 8.91
v -228.36 237.39 45.90
v -222.40 249.99 42.82
v -253.00 265.49 -6.71
v -243.44 285.86 -11.59
v -213.13 241.63 27.33
v -219.09 229.03 30.41
v -262.35 273.91 8.91
v -269.39 252.57 15.70
v -232.77 224.19 50.18
v -228.36 237.39 45.90
v -260.05 244.15 0.09
v -253.00 265.49 -6.71
v -219.09 229.03 30.41
v -223.50 215.84 34.70
v -269.39 252.57 15.70
v -282.68 236.50 16.58
v -240.99 214.22 50.70
v -232.77 224.19 50.18
v -273.33 228.08 0.97
v -260.05 244.15 0.09
v -223.50 215.84 34.70
v -231.72 205.87 35.22
v -282.68 236.50 16.58
v -296.25 219.51 17.84
v -249.38 203.67 51.45
v -240.99 214.22 50.70
v -286.90 211.09 2.23
v -273.33 228.08 0.97
v -231.72 205.87 35.22
v -240.11 195.31 35.97
v -249.38 203.67 51.45
v -254.15 191.96 54.85
v -212.62 185.02 82.07
v -210.31 190.68 80.42
v -244.88 183.61 39.37
v -240.11 195.31 35.97
v -201.41 182.65 65.53
v -203.72 176.99 67.19
v -254.15 191.96 54.85
v -261.51 180.95 56.47
v -216.18 179.69 82.84
v -212.62 185.02 82.07
v -252.24 172.60 40.98
v -244.88 183.61 39.37
v -203.72 176.99 67.19
v -207.27 171.66 67.96
v -261.51 180.95 56.47
v -245.56 167.38 72.53
v -208.53 173.19 90.73
v -216.18 179.69 82.84
v -236.30 159.04 57.06
v -252.24 172.60 40.98
v -207.27 171.66 67.96
v -199.63 165.16 75.86
v -245.56 167.38 72.53
v -231.27 153.86 87.87
v -201.67 166.69 98.23
v -208.53 173.19 90.73
v -222.02 145.52 72.41
v -236.30 159.04 57.06
v -199.63 165.16 75.86
v -192.76 158.66 83.36
v -231.27 153.86 87.87
v -219.25 138.34 103.22
v -195.87 159.19 105.69
v -201.67 166.69 98.23
v -209.99 130.00 87.76
v -222.02 145.52 72.41
v -192.76 158.66 83.36
v -186.96 151.17 90.82
v -219.25 138.34 103.22
v -202.73 126.79 119.27
v -187.88 153.61 113.47
v -195.87 159.19 105.69
v -193.48 118.45 103.81
v -209.99 130.00 87.76
v -186.96 151.17 90.82
v -178.98 145.59 98.59
v -202.73 126.79 119.27
v -189.12 110.29 136.58
v -181.27 145.60 121.81
v -187.88 153.61 113.47
v -179.86 101.95 121.12
v -193.48 118.45 103.81
v -178.98 145.59 98.59
v -172.37 137.58 106.93
v -189.12 110.29 136.58
v -174.16 103.19 149.70
v -174.00 142.14 128.10
v -181.27 145.60 121.81
v -164.90 94.85 134.23
v -179.86 101.95 121.12
v -172.37 137.58 106.93
v -165.10 134.12 113.23
v -174.16 103.19 149.70
v -156.36 113.63 154.83
v -165.38 147.18 130.57
v -174.00 142.14 128.10
v -147.11 105.29 139.36
v -164.90 94.85 134.23
v -165.10 134.12 113.23
v -156.48 139.16 115.69
v -156.36 113.63 154.83
v -135.48 119.93 164.37
v -155.24 150.20 135.12
v -165.38 147.18 130.57
v -126.21 111.58 148.89
v -147.11 105.29 139.36
v -156.48 139.16 115.69
v -146.33 142.17 120.24
v -135.48 119.93 164.37
v -117.09 132.81 168.74
v -146.31 156.41 137.18
v -155.24 150.20 135.12
v -107.82 124.46 153.25
v -126.21 111.58 148.89
v -146.33 142.17 120.24
v -137.40 148.38 122.30
v -117.09 132.81 168.74
v -101.49 146.29 171.09
v -138.74 162.90 138.28
v -146.31 156.41 137.18
v -92.22 137.94 155.60
v -107.82 124.46 153.25
v -137.40 148.38 122.30
v -129.83 154.88 123.40
v -101.49 146.29 171.09
v -104.26 162.13 160.39
v -140.12 170.61 133.18
v -138.74 162.90 138.28
v -94.99 153.78 144.91
v -92.22 137.94 155.60
v -129.83 154.88 123.40
v -131.21 162.58 118.30
v -104.26 162.13 160.39
v -113.60 178.41 145.41
v -144.70 178.54 126.02
v -140.12 170.61 133.18
v -104.34 170.07 129.94
v -94.99 153.78 144.91
v -131.21 162.58 118.30
v -135.79 170.51 111.14
v -113.60 178.41 145.41
v -105.83 196.27 140.45
v -140.93 187.17 123.62
v -144.70 178.54 126.02
v -96.57 187.92 124.99
v -104.34 170.07 129.94
v -135.79 170.51 111.14
v -132.03 179.15 108.74
v -105.83 196.27 140.45
v -119.13 209.07 125.16
v -147.41 193.40 116.28
v -140.93 187.17 123.62
v -109.88 200.73 109.70
v -96.57 187.92 124.99
v -132.03 179.15 108.74
v -138.51 185.38 101.41
v -119.13 209.07 125.16
v -110.01 235.87 116.35
v -142.98 206.36 111.99
v -147.41 193.40 116.28
v -100.75 227.53 100.89
v -109.88 200.73 109.70
v -138.51 185.38 101.41
v -134.07 198.33 97.12
v -110.01 235.87 116.35
v -126.91 239.18 104.22
v -151.18 207.98 106.16
v -142.98 206.36 111.99
v -117.65 230.84 88.76
v -100.75 227.53 100.89
v -134.07 198.33 97.12
v -142.27 199.95 91.28
v -126.91 239.18 104.22
v -126.00 262.44 92.50
v -150.71 219.21 100.44
v -151.18 207.98 106.16
v -116.74 254.10 77.03
v -117.65 230.84 88.76
v -142.27 199.95 91.28
v -141.81 211.18 85.57
v -126.00 262.44 92.50
v -141.95 260.06 84.17
v -158.44 218.06 96.42
v -150.71 219.21 100.44
v -132.69 251.72 68.70
v -116.74 254.10 77.03
v -141.81 211.18 85.57
v -149.53 210.04 81.55
v -141.95 260.06 84.17
v -158.24 256.00 76.62
v -166.32 216.10 92.77
v -158.44 218.06 96.42
v -148.98 247.66 61.16
v -132.69 251.72 68.70
v -149.53 210.04 81.55
v -157.41 208.07 77.89
v -158.24 256.00 76.62
v -173.82 252.99 69.05
v -173.85 214.63 89.08
v -166.32 216.10 92.77
v -164.56 244.65 53.58
v -148.98 247.66 61.16
v -157.41 208.07 77.89
v -164.94 206.60 74.21
v -173.82 252.99 69.05
v -188.93 249.37 62.15
v -181.14 212.86 85.72
v -173.85 214.63 89.08
v -179.67 241.03 46.69
v -164.56 244.65 53.58
v -164.94 206.60 74.21
v -172.23 204.84 70.84
v -188.93 249.37 62.15
v -206.18 252.11 50.89
v -189.44 214.14 80.19
v -181.14 212.86 85.72
v -196.91 243.76 35.41
v -179.67 241.03 46.69
v -172.23 204.84 70.84
v -180.53 206.12 65.31
v -206.18 252.11 50.89
v -222.40 249.99 42.82
v -197.24 213.08 76.21
v -189.44 214.14 80.19
v -213.13 241.63 27.33
v -196.91 243.76 35.41
v -180.53 206.12 65.31
v -188.33 205.05 61.33
v -222.40 249.99 42.82
v -228.36 237.39 45.90
v -200.14 206.99 77.72
v -197.24 213.08 76.21
v -219.09 229.03 30.41
v -213.13 241.63 27.33
v -188.33 205.05 61.33
v -191.23 198.96 62.84
v -228.36 237.39 45.90
v -232.77 224.19 50.18
v -202.29 200.62 79.82
v -200.14 206.99 77.72
v -223.50 215.84 34.70
v -219.09 229.03 30.41
v -191.23 198.96 62.84
v -193.38 192.60 64.94
v -232.77 224.19 50.18
v -240.99 214.22 50.70
v -206.26 195.79 80.07
v -202.29 200.62 79.82
v -231.72 205.87 35.22
v -223.50 215.84 34.70
v -193.38 192.60 64.94
v -197.35 187.77 65.18
v -240.99 214.22 50.70
v -249.38 203.67 51.45
v -210.31 190.68 80.42
v -206.26 195.79 80.07
v -240.11 195.31 35.97
v -231.72 205.87 35.22
v -197.35 187.77 65.18
v -201.41 182.65 65.53
v -210.31 190.68 80.42
v -212.62 185.02 82.07
v -174.01 178.80 108.12
v -203.72 176.99 67.19
v -201.41 182.65 65.53
v -164.44 170.17 92.12
v -212.62 185.02 82.07
v -216.18 179.69 82.84
v -174.01 178.80 108.12
v -207.27 171.66 67.96
v -203.72 176.99 67.19
v -164.44 170.17 92.12
v -216.18 179.69 82.84
v -208.53 173.19 90.73
v -174.01 178.80 108.12
v -199.63 165.16 75.86
v -207.27 171.66 67.96
v -164.44 170.17 92.12
v -208.53 173.19 90.73
v -201.67 166.69 98.23
v -174.01 178.80 108.12
v -192.76 158.66 83.36
v -199.63 165.16 75.86
v -164.44 170.17 92.12
v -201.67 166.69 98.23
v -195.87 159.19 105.69
v -174.01 178.80 108.12
v -186.96 151.17 90.82
v -192.76 158.66 83.36
v -164.44 170.17 92.12
v -195.87 159.19 105.69
v -187.88 153.61 113.47
v -174.01 178.80 108.12
v -178.98 145.59 98.59
v -186.96 151.17 90.82
v -164.44 170.17 92.12
v -187.88 153.61 113.47
v -181.27 145.60 121.81
v -174.01 178.80 108.12
v -172.37 137.58 106.93
v -178.98 145.59 98.59
v -164.44 170.17 92.12
v -181.27 145.60 121.81
v -174.00 142.14 128.10
v -174.01 178.80 108.12
v -165.10 134.12 113.23
v -172.37 137.58 106.93
v -164.44 170.17 92.12
v -174.00 142.14 128.10
v -165.38 147.18 130.57
v -174.01 178.80 108.12
v -156.48 139.16 115.69
v -165.10 134.12 113.23
v -164.44 170.17 92.12
v -165.38 147.18 130.57
v -155.24 150.20 135.12
v -174.01 178.80 108.12
v -146.33 142.17 120.24
v -156.48 139.16 115.69
v -164.44 170.17 92.12
v -155.24 150.20 135.12
v -146.31 156.41 137.18
v -174.01 178.80 108.12
v -137.40 148.38 122.30
v -146.33 142.17 120.24
v -164.44 170.17 92.12
v -146.31 156.41 137.18
v -138.74 162.90 138.28
v -174.01 178.80 108.12
v -129.83 154.88 123.40
v -137.40 148.38 122.30
v -164.44 170.17 92.12
v -138.74 162.90 138.28
v -140.12 170.61 133.18
v -174.01 178.80 108.12
v -131.21 162.58 118.30
v -129.83 154.88 123.40
v -164.44 170.17 92.12
v -140.12 170.61 133.18
v -144.70 178.54 126.02
v -174.01 178.80 108.12
v -135.79 170.51 111.14
v -131.21 162.58 118.30
v -164.44 170.17 92.12
v -144.70 178.54 126.02
v -140.93 187.17 123.62
v -174.01 178.80 108.12
v -132.03 179.15 108.74
v -135.79 170.51 111.14
v -164.44 170.17 92.12
v -140.93 187.17 123.62
v -147.41 193.40 116.28
v -174.01 178.80 108.12
v -138.51 185.38 101.41
v -132.03 179.15 108.74
v -164.44 170.17 92.12
v -147.41 193.40 116.28
v -142.98 206.36 111.99
v -174.01 178.80 108.12
v -134.07 198.33 97.12
v -138.51 185.38 101.41
v -164.44 170.17 92.12
v -142.98 206.36 111.99
v -151.18 207.98 106.16
v -174.01 178.80 108.12
v -142.27 199.95 91.28
v -134.07 198.33 97.12
v -164.44 170.17 92.12
v -151.18 207.98 106.16
v -150.71 219.21 100.44
v -174.01 178.80 108.12
v -141.81 211.18 85.57
v -142.27 199.95 91.28
v -164.44 170.17 92.12
v -150.71 219.21 100.44
v -158.44 218.06 96.42
v -174.01 178.80 108.12
v -149.53 210.04 81.55
v -141.81 211.18 85.57
v -164.44 170.17 92.12
v -158.44 218.06 96.42
v -166.32 216.10 92.77
v -174.01 178.80 108.12
v -157.41 208.07 77.89
v -149.53 210.04 81.55
v -164.44 170.17 92.12
v -166.32 216.10 92.77
v -173.85 214.63 89.08
v -174.01 178.80 108.12
v -164.94 206.60 74.21
v -157.41 208.07 77.89
v -164.44 170.17 92.12
v -173.85 214.63 89.08
v -181.14 212.86 85.72
v -174.01 178.80 108.12
v -172.23 204.84 70.84
v -164.94 206.60 74.21
v -164.44 170.17 92.12
v -181.14 212.86 85.72
v -189.44 214.14 80.19
v -174.01 178.80 108.12
v -180.53 206.12 65.31
v -172.23 204.84 70.84
v -164.44 170.17 92.12
v -189.44 214.14 80.19
v -197.24 213.08 76.21
v -174.01 178.80 108.12
v -188.33 205.05 61.33
v -180.53 206.12 65.31
v -164.44 170.17 92.12
v -197.24 213.08 76.21
v -200.14 206.99 77.72
v -174.01 178.80 108.12
v -191.23 198.96 62.84
v -188.33 205.05 61.33
v -164.44 170.17 92.12
v -200.14 206.99 77.72
v -202.29 200.62 79.82
v -174.01 178.80 108.12
v -193.38 192.60 64.94
v -191.23 198.96 62.84
v -164.44 170.17 92.12
v -202.29 200.62 79.82
v -206.26 195.79 80.07
v -174.01 178.80 108.12
v -197.35 187.77 65.18
v -193.38 192.60 64.94
v -164.44 170.17 92.12
v -206.26 195.79 80.07
v -210.31 190.68 80.42
v -174.01 178.80 108.12
v -201.41 182.65 65.53
v -197.35 187.77 65.18
v -164.44 170.17 92.12
v -138.03 69.62 173.16
v -141.15 67.63 172.36
v -134.44 55.11 195.25
v -132.35 52.60 193.35
v -141.15 67.63 172.36
v -139.07 65.15 170.40
v -137.54 53.06 194.56
v -134.44 55.11 195.25
v -139.07 65.15 170.40
v -135.95 67.14 171.20
v -135.45 50.54 192.66
v -137.54 53.06 194.56
v -135.95 67.14 171.20
v -138.03 69.62 173.16
v -132.35 52.60 193.35
v -135.45 50.54 192.66
v -132.35 52.60 193.35
v -134.44 55.11 195.25
v -127.76 39.53 216.71
v -130.87 37.51 215.97
v -134.44 55.11 195.25
v -137.54 53.06 194.56
v -129.91 42.38 217.97
v -127.76 39.53 216.71
v -137.54 53.06 194.56
v -135.45 50.54 192.66
v -133.02 40.36 217.23
v -129.91 42.38 217.97
v -135.45 50.54 192.66
v -132.35 52.60 193.35
v -130.87 37.51 215.97
v -133.02 40.36 217.23
v -130.87 37.51 215.97
v -127.76 39.53 216.71
v -133.82 30.03 241.94
v -135.90 33.18 242.10
v -127.76 39.53 216.71
v -129.91 42.38 217.97
v -130.76 32.00 242.99
v -133.82 30.03 241.94
v -129.91 42.38 217.97
v -133.02 40.36 217.23
v -132.85 35.15 243.14
v -130.76 32.00 242.99
v -133.02 40.36 217.23
v -130.87 37.51 215.97
v -135.90 33.18 242.10
v -132.85 35.15 243.14
v -135.90 33.18 242.10
v -133.82 30.03 241.94
v -143.95 30.76 267.19
v -140.92 32.70 268.35
v -133.82 30.03 241.94
v -130.76 32.00 242.99
v -141.99 27.53 267.51
v -143.95 30.76 267.19
v -130.76 32.00 242.99
v -132.85 35.15 243.14
v -138.96 29.48 268.67
v -141.99 27.53 267.51
v -132.85 35.15 243.14
v -135.90 33.18 242.10
v -140.92 32.70 268.35
v -138.96 29.48 268.67
v -135.95 67.14 171.20
v -139.07 65.15 170.40
v -141.15 67.63 172.36
v -138.03 69.62 173.16
v -140.92 32.70 268.35
v -143.95 30.76 267.19
v -141.99 27.53 267.51
v -138.96 29.48 268.67
v -144.55 297.56 47.40
v -142.35 296.95 49.05
v -145.94 305.85 52.34
v -144.18 306.74 50.33
v -142.35 296.95 49.05
v -140.64 298.30 47.27
v -143.74 305.31 54.02
v -145.94 305.85 52.34
v -140.64 298.30 47.27
v -142.84 298.92 45.62
v -141.98 306.20 52.00
v -143.74 305.31 54.02
v -142.84 298.92 45.62
v -144.55 297.56 47.40
v -144.18 306.74 50.33
v -141.98 306.20 52.00
v -144.18 306.74 50.33
v -145.94 305.85 52.34
v -143.74 315.47 52.26
v -141.55 315.03 53.97
v -145.94 305.85 52.34
v -143.74 305.31 54.02
v -145.46 315.59 54.48
v -143.74 315.47 52.26
v -143.74 305.31 54.02
v -141.98 306.20 52.00
v -143.27 315.16 56.20
v -145.46 315.59 54.48
v -141.98 306.20 52.00
v -144.18 306.74 50.33
v -141.55 315.03 53.97
v -143.27 315.16 56.20
v -141.55 315.03 53.97
v -143.74 315.47 52.26
v -139.50 323.44 53.16
v -140.80 324.90 55.19
v -143.74 315.47 52.26
v -145.46 315.59 54.48
v -141.56 324.10 51.36
v -139.50 323.44 53.16
v -145.46 315.59 54.48
v -143.27 315.16 56.20
v -142.86 325.56 53.39
v -141.56 324.10 51.36
v -143.27 315.16 56.20
v -141.55 315.03 53.97
v -140.80 324.90 55.19
v -142.86 325.56 53.39
v -140.80 324.90 55.19
v -139.50 323.44 53.16
v -133.94 330.66 51.18
v -135.83 331.58 49.30
v -139.50 323.44 53.16
v -141.56 324.10 51.36
v -133.23 328.57 49.43
v -133.94 330.66 51.18
v -141.56 324.10 51.36
v -142.86 325.56 53.39
v -135.11 329.50 47.55
v -133.23 328.57 49.43
v -142.86 325.56 53.39
v -140.80 324.90 55.19
v -135.83 331.58 49.30
v -135.11 329.50 47.55
v -142.84 298.92 45.62
v -140.64 298.30 47.27
v -142.35 296.95 49.05
v -144.55 297.56 47.40
v -135.83 331.58 49.30
v -133.94 330.66 51.18
v -133.23 328.57 49.43
v -135.11 329.50 47.55
v 290.59 181.79 22.71
v 302.15 231.02 14.66
v 313.87 230.69 30.38
v 302.33 181.46 38.43
v 302.15 231.02 14.66
v 274.73 242.80 36.06
v 286.46 242.46 51.79
v 313.87 230.69 30.38
v 274.73 242.80 36.06
v 242.78 252.54 60.78
v 254.53 252.21 76.52
v 286.46 242.46 51.79
v 242.78 252.54 60.78
v 208.16 258.36 87.29
v 219.91 258.03 103.04
v 254.53 252.21 76.52
v 208.16 258.36 87.29
v 171.21 271.95 115.60
v 182.97 271.61 131.36
v 219.91 258.03 103.04
v 171.21 271.95 115.60
v 153.04 227.42 127.85
v 164.79 227.08 143.60
v 182.97 271.61 131.36
v 153.04 227.42 127.85
v 116.05 204.38 154.54
v 127.79 204.04 170.29
v 164.79 227.08 143.60
v 116.05 204.38 154.54
v 124.10 141.32 146.68
v 135.84 140.99 162.42
v 127.79 204.04 170.29
v 124.10 141.32 146.68
v 109.38 104.09 156.36
v 121.11 103.75 172.08
v 135.84 140.99 162.42
v 109.38 104.09 156.36
v 83.32 63.97 174.05
v 95.04 63.64 189.76
v 121.11 103.75 172.08
v 83.32 63.97 174.05
v 113.03 50.32 152.23
v 124.75 49.99 167.95
v 95.04 63.64 189.76
v 113.03 50.32 152.23
v 142.21 37.30 130.71
v 153.95 36.96 146.45
v 124.75 49.99 167.95
v 142.21 37.30 130.71
v 169.17 21.69 110.69
v 180.91 21.36 126.43
v 153.95 36.96 146.45
v 169.17 21.69 110.69
v 197.53 10.39 89.66
v 209.27 10.06 105.41
v 180.91 21.36 126.43
v 197.53 10.39 89.66
v 225.81 -10.04 68.46
v 237.57 -10.37 84.22
v 209.27 10.06 105.41
v 225.81 -10.04 68.46
v 252.43 -18.56 48.61
v 264.18 -18.90 64.37
v 237.57 -10.37 84.22
v 252.43 -18.56 48.61
v 262.80 34.01 41.54
v 274.55 33.68 57.29
v 264.18 -18.90 64.37
v 262.80 34.01 41.54
v 267.85 87.16 38.50
v 279.59 86.83 54.24
v 274.55 33.68 57.29
v 267.85 87.16 38.50
v 290.67 137.23 21.93
v 302.40 136.89 37.66
v 279.59 86.83 54.24
v 290.67 137.23 21.93
v 290.59 181.79 22.71
v 302.33 181.46 38.43
v 302.40 136.89 37.66
v 302.33 181.46 38.43
v 313.87 230.69 30.38
v 277.82 185.44 57.27
v 270.61 154.92 62.19
v 302.15 231.02 14.66
v 290.59 181.79 22.71
v 258.10 155.28 45.42
v 265.32 185.80 40.51
v 313.87 230.69 30.38
v 286.46 242.46 51.79
v 260.75 192.75 70.44
v 277.82 185.44 57.27
v 274.73 242.80 36.06
v 302.15 231.02 14.66
v 265.32 185.80 40.51
v 248.24 193.10 53.67
v 286.46 242.46 51.79
v 254.53 252.21 76.52
v 240.87 198.79 85.66
v 260.75 192.75 70.44
v 242.78 252.54 60.78
v 274.73 242.80 36.06
v 248.24 193.10 53.67
v 228.36 199.15 68.89
v 254.53 252.21 76.52
v 219.91 258.03 103.04
v 219.34 202.40 102.02
v 240.87 198.79 85.66
v 208.16 258.36 87.29
v 242.78 252.54 60.78
v 228.36 199.15 68.89
v 206.82 202.75 85.24
v 219.91 258.03 103.04
v 182.97 271.61 131.36
v 196.39 210.82 119.51
v 219.34 202.40 102.02
v 171.21 271.95 115.60
v 208.16 258.36 87.29
v 206.82 202.75 85.24
v 183.87 211.18 102.72
v 182.97 271.61 131.36
v 164.79 227.08 143.60
v 185.16 183.21 127.15
v 196.39 210.82 119.51
v 153.04 227.42 127.85
v 171.21 271.95 115.60
v 183.87 211.18 102.72
v 172.64 183.57 110.37
v 164.79 227.08 143.60
v 127.79 204.04 170.29
v 162.27 168.93 143.76
v 185.16 183.21 127.15
v 116.05 204.38 154.54
v 153.04 227.42 127.85
v 172.64 183.57 110.37
v 149.75 169.28 126.99
v 127.79 204.04 170.29
v 135.84 140.99 162.42
v 167.32 129.83 138.96
v 162.27 168.93 143.76
v 124.10 141.32 146.68
v 116.05 204.38 154.54
v 149.75 169.28 126.99
v 154.80 130.19 122.19
v 135.84 140.99 162.42
v 121.11 103.75 172.08
v 158.24 106.75 145.04
v 167.32 129.83 138.96
v 109.38 104.09 156.36
v 124.10 141.32 146.68
v 154.80 130.19 122.19
v 145.73 107.10 128.27
v 121.11 103.75 172.08
v 95.04 63.64 189.76
v 142.18 81.87 156.14
v 158.24 106.75 145.04
v 83.32 63.97 174.05
v 109.38 104.09 156.36
v 145.73 107.10 128.27
v 129.68 82.23 139.37
v 95.04 63.64 189.76
v 124.75 49.99 167.95
v 160.53 73.41 142.51
v 142.18 81.87 156.14
v 113.03 50.32 152.23
v 83.32 63.97 174.05
v 129.68 82.23 139.37
v 148.03 73.76 125.75
v 124.75 49.99 167.95
v 153.95 36.96 146.45
v 178.57 65.34 129.10
v 160.53 73.41 142.51
v 142.21 37.30 130.71
v 113.03 50.32 152.23
v 148.03 73.76 125.75
v 166.06 65.69 112.33
v 153.95 36.96 146.45
v 180.91 21.36 126.43
v 195.24 55.66 116.62
v 178.57 65.34 129.10
v 169.17 21.69 110.69
v 142.21 37.30 130.71
v 166.06 65.69 112.33
v 182.73 56.02 99.85
v 180.91 21.36 126.43
v 209.27 10.06 105.41
v 212.78 48.66 103.54
v 195.24 55.66 116.62
v 197.53 10.39 89.66
v 169.17 21.69 110.69
v 182.73 56.02 99.85
v 200.27 49.01 86.76
v 209.27 10.06 105.41
v 237.57 -10.37 84.22
v 230.28 35.99 90.34
v 212.78 48.66 103.54
v 225.81 -10.04 68.46
v 197.53 10.39 89.66
v 200.27 49.01 86.76
v 217.77 36.35 73.56
v 237.57 -10.37 84.22
v 264.18 -18.90 64.37
v 246.77 30.71 78.01
v 230.28 35.99 90.34
v 252.43 -18.56 48.61
v 225.81 -10.04 68.46
v 217.77 36.35 73.56
v 234.25 31.06 61.23
v 264.18 -18.90 64.37
v 274.55 33.68 57.29
v 253.24 63.30 73.69
v 246.77 30.71 78.01
v 262.80 34.01 41.54
v 252.43 -18.56 48.61
v 234.25 31.06 61.23
v 240.73 63.66 56.91
v 274.55 33.68 57.29
v 279.59 86.83 54.24
v 256.42 96.25 71.86
v 253.24 63.30 73.69
v 267.85 87.16 38.50
v 262.80 34.01 41.54
v 240.73 63.66 56.91
v 243.91 96.61 55.09
v 279.59 86.83 54.24
v 302.40 136.89 37.66
v 270.63 127.29 61.68
v 256.42 96.25 71.86
v 290.67 137.23 21.93
v 267.85 87.16 38.50
v 243.91 96.61 55.09
v 258.12 127.65 44.91
v 302.40 136.89 37.66
v 302.33 181.46 38.43
v 270.61 154.92 62.19
v 270.63 127.29 61.68
v 290.59 181.79 22.71
v 290.67 137.23 21.93
v 258.12 127.65 44.91
v 258.10 155.28 45.42
v 270.61 154.92 62.19
v 277.82 185.44 57.27
v 247.30 147.35 79.69
v 243.79 132.58 82.04
v 265.32 185.80 40.51
v 258.10 155.28 45.42
v 231.60 132.93 65.70
v 235.11 147.69 63.35
v 277.82 185.44 57.27
v 260.75 192.75 70.44
v 239.00 150.88 86.02
v 247.30 147.35 79.69
v 248.24 193.10 53.67
v 265.32 185.80 40.51
v 235.11 147.69 63.35
v 226.81 151.23 69.68
v 260.75 192.75 70.44
v 240.87 198.79 85.66
v 229.35 153.81 93.34
v 239.00 150.88 86.02
v 228.36 199.15 68.89
v 248.24 193.10 53.67
v 226.81 151.23 69.68
v 217.16 154.15 77.00
v 240.87 198.79 85.66
v 219.34 202.40 102.02
v 218.91 155.55 101.22
v 229.35 153.81 93.34
v 206.82 202.75 85.24
v 228.36 199.15 68.89
v 217.16 154.15 77.00
v 206.72 155.90 84.88
v 219.34 202.40 102.02
v 196.39 210.82 119.51
v 207.78 159.63 109.65
v 218.91 155.55 101.22
v 183.87 211.18 102.72
v 206.82 202.75 85.24
v 206.72 155.90 84.88
v 195.59 159.98 93.31
v 196.39 210.82 119.51
v 185.16 183.21 127.15
v 202.36 146.27 113.38
v 207.78 159.63 109.65
v 172.64 183.57 110.37
v 183.87 211.18 102.72
v 195.59 159.98 93.31
v 190.17 146.62 97.03
v 185.16 183.21 127.15
v 162.27 168.93 143.76
v 191.31 139.36 121.44
v 202.36 146.27 113.38
v 149.75 169.28 126.99
v 172.64 183.57 110.37
v 190.17 146.62 97.03
v 179.12 139.70 105.10
v 162.27 168.93 143.76
v 167.32 129.83 138.96
v 193.78 120.44 119.15
v 191.31 139.36 121.44
v 154.80 130.19 122.19
v 149.75 169.28 126.99
v 179.12 139.70 105.10
v 181.59 120.79 102.81
v 167.32 129.83 138.96
v 158.24 106.75 145.04
v 189.41 109.27 122.12
v 193.78 120.44 119.15
v 145.73 107.10 128.27
v 154.80 130.19 122.19
v 181.59 120.79 102.81
v 177.22 109.61 105.78
v 158.24 106.75 145.04
v 142.18 81.87 156.14
v 181.68 97.23 127.55
v 189.41 109.27 122.12
v 129.68 82.23 139.37
v 145.73 107.10 128.27
v 177.22 109.61 105.78
v 169.49 97.58 111.21
v 142.18 81.87 156.14
v 160.53 73.41 142.51
v 190.53 93.14 120.92
v 181.68 97.23 127.55
v 148.03 73.76 125.75
v 129.68 82.23 139.37
v 169.49 97.58 111.21
v 178.34 93.48 104.58
v 160.53 73.41 142.51
v 178.57 65.34 129.10
v 199.23 89.23 114.39
v 190.53 93.14 120.92
v 166.06 65.69 112.33
v 148.03 73.76 125.75
v 178.34 93.48 104.58
v 187.04 89.58 98.05
v 178.57 65.34 129.10
v 195.24 55.66 116.62
v 207.28 84.55 108.33
v 199.23 89.23 114.39
v 182.73 56.02 99.85
v 166.06 65.69 112.33
v 187.04 89.58 98.05
v 195.09 84.90 91.99
v 195.24 55.66 116.62
v 212.78 48.66 103.54
v 215.75 81.16 101.97
v 207.28 84.55 108.33
v 200.27 49.01 86.76
v 182.73 56.02 99.85
v 195.09 84.90 91.99
v 203.56 81.51 85.63
v 212.78 48.66 103.54
v 230.28 35.99 90.34
v 224.20 75.03 95.57
v 215.75 81.16 101.97
v 217.77 36.35 73.56
v 200.27 49.01 86.76
v 203.56 81.51 85.63
v 212.01 75.38 79.23
v 230.28 35.99 90.34
v 246.77 30.71 78.01
v 232.17 72.48 89.59
v 224.20 75.03 95.57
v 234.25 31.06 61.23
v 217.77 36.35 73.56
v 212.01 75.38 79.23
v 219.98 72.82 73.25
v 246.77 30.71 78.01
v 253.24 63.30 73.69
v 235.33 88.25 87.53
v 232.17 72.48 89.59
v 240.73 63.66 56.91
v 234.25 31.06 61.23
v 219.98 72.82 73.25
v 223.13 88.59 71.19
v 253.24 63.30 73.69
v 256.42 96.25 71.86
v 236.88 104.19 86.67
v 235.33 88.25 87.53
v 243.91 96.61 55.09
v 240.73 63.66 56.91
v 223.13 88.59 71.19
v 224.69 104.54 70.33
v 256.42 96.25 71.86
v 270.63 127.29 61.68
v 243.79 119.21 81.78
v 236.88 104.19 86.67
v 258.12 127.65 44.91
v 243.91 96.61 55.09
v 224.69 104.54 70.33
v 231.60 119.56 65.44
v 270.63 127.29 61.68
v 270.61 154.92 62.19
v 243.79 132.58 82.04
v 243.79 119.21 81.78
v 258.10 155.28 45.42
v 258.12 127.65 44.91
v 231.60 119.56 65.44
v 231.60 132.93 65.70
v 243.79 132.58 82.04
v 247.30 147.35 79.69
v 218.54 111.64 100.53
v 235.11 147.69 63.35
v 231.60 132.93 65.70
v 205.94 111.99 83.63
v 247.30 147.35 79.69
v 239.00 150.88 86.02
v 218.54 111.64 100.53
v 226.81 151.23 69.68
v 235.11 147.69 63.35
v 205.94 111.99 83.63
v 239.00 150.88 86.02
v 229.35 153.81 93.34
v 218.54 111.64 100.53
v 217.16 154.15 77.00
v 226.81 151.23 69.68
v 205.94 111.99 83.63
v 229.35 153.81 93.34
v 218.91 155.55 101.22
v 218.54 111.64 100.53
v 206.72 155.90 84.88
v 217.16 154.15 77.00
v 205.94 111.99 83.63
v 218.91 155.55 101.22
v 207.78 159.63 109.65
v 218.54 111.64 100.53
v 195.59 159.98 93.31
v 206.72 155.90 84.88
v 205.94 111.99 83.63
v 207.78 159.63 109.65
v 202.36 146.27 113.38
v 218.54 111.64 100.53
v 190.17 146.62 97.03
v 195.59 159.98 93.31
v 205.94 111.99 83.63
v 202.36 146.27 113.38
v 191.31 139.36 121.44
v 218.54 111.64 100.53
v 179.12 139.70 105.10
v 190.17 146.62 97.03
v 205.94 111.99 83.63
v 191.31 139.36 121.44
v 193.78 120.44 119.15
v 218.54 111.64 100.53
v 181.59 120.79 102.81
v 179.12 139.70 105.10
v 205.94 111.99 83.63
v 193.78 120.44 119.15
v 189.41 109.27 122.12
v 218.54 111.64 100.53
v 177.22 109.61 105.78
v 181.59 120.79 102.81
v 205.94 111.99 83.63
v 189.41 109.27 122.12
v 181.68 97.23 127.55
v 218.54 111.64 100.53
v 169.49 97.58 111.21
v 177.22 109.61 105.78
v 205.94 111.99 83.63
v 181.68 97.23 127.55
v 190.53 93.14 120.92
v 218.54 111.64 100.53
v 178.34 93.48 104.58
v 169.49 97.58 111.21
v 205.94 111.99 83.63
v 190.53 93.14 120.92
v 199.23 89.23 114.39
v 218.54 111.64 100.53
v 187.04 89.58 98.05
v 178.34 93.48 104.58
v 205.94 111.99 83.63
v 199.23 89.23 114.39
v 207.28 84.55 108.33
v 218.54 111.64 100.53
v 195.09 84.90 91.99
v 187.04 89.58 98.05
v 205.94 111.99 83.63
v 207.28 84.55 108.33
v 215.75 81.16 101.97
v 218.54 111.64 100.53
v 203.56 81.51 85.63
v 195.09 84.90 91.99
v 205.94 111.99 83.63
v 215.75 81.16 101.97
v 224.20 75.03 95.57
v 218.54 111.64 100.53
v 212.01 75.38 79.23
v 203.56 81.51 85.63
v 205.94 111.99 83.63
v 224.20 75.03 95.57
v 232.17 72.48 89.59
v 218.54 111.64 100.53
v 219.98 72.82 73.25
v 212.01 75.38 79.23
v 205.94 111.99 83.63
v 232.17 72.48 89.59
v 235.33 88.25 87.53
v 218.54 111.64 100.53
v 223.13 88.59 71.19
v 219.98 72.82 73.25
v 205.94 111.99 83.63
v 235.33 88.25 87.53
v 236.88 104.19 86.67
v 218.54 111.64 100.53
v 224.69 104.54 70.33
v 223.13 88.59 71.19
v 205.94 111.99 83.63
v 236.88 104.19 86.67
v 243.79 119.21 81.78
v 218.54 111.64 100.53
v 231.60 119.56 65.44
v 224.69 104.54 70.33
v 205.94 111.99 83.63
v 243.79 119.21 81.78
v 243.79 132.58 82.04
v 218.54 111.64 100.53
v 231.60 132.93 65.70
v 231.60 119.56 65.44
v 205.94 111.99 83.63
v -74.23 -178.53 167.65
v -63.08 -161.28 183.86
v -77.34 -145.07 167.14
v -88.97 -163.54 151.32
v -88.97 -163.54 151.32
v -77.34 -145.07 167.14
v -90.73 -128.83 149.60
v -104.83 -148.58 136.03
v -63.08 -161.28 183.86
v -48.14 -143.91 196.50
v -64.04 -126.55 181.40
v -77.34 -145.07 167.14
v -77.34 -145.07 167.14
v -64.04 -126.55 181.40
v -76.62 -109.09 163.17
v -90.73 -128.83 149.60
v -46.54 -184.18 147.53
v -64.54 -160.88 129.56
v -53.78 -137.93 145.55
v -35.11 -159.56 162.47
v -35.11 -159.56 162.47
v -53.78 -137.93 145.55
v -39.98 -114.73 158.68
v -22.96 -134.89 176.72
v -64.54 -160.88 129.56
v -83.33 -137.64 112.33
v -70.87 -116.16 127.16
v -53.78 -137.93 145.55
v -53.78 -137.93 145.55
v -70.87 -116.16 127.16
v -60.56 -94.86 143.99
v -39.98 -114.73 158.68
v -74.23 -178.53 167.65
v -89.43 -163.35 151.93
v -76.64 -161.10 141.39
v -60.91 -182.37 157.15
v -60.91 -182.37 157.15
v -76.64 -161.10 141.39
v -66.12 -163.18 128.93
v -46.54 -184.18 147.53
v -89.43 -163.35 151.93
v -104.83 -148.58 136.03
v -92.88 -140.82 125.19
v -76.64 -161.10 141.39
v -76.64 -161.10 141.39
v -92.88 -140.82 125.19
v -83.33 -137.64 112.33
v -66.12 -163.18 128.93
v -48.14 -143.91 196.50
v -35.84 -140.46 185.75
v -52.05 -120.62 170.15
v -62.26 -126.06 180.19
v -62.26 -126.06 180.19
v -52.05 -120.62 170.15
v -68.60 -102.02 153.54
v -76.62 -109.09 163.17
v -35.84 -140.46 185.75
v -22.96 -134.89 176.72
v -41.30 -113.23 161.69
v -52.05 -120.62 170.15
v -52.05 -120.62 170.15
v -41.30 -113.23 161.69
v -60.56 -94.86 143.99
v -68.60 -102.02 153.54
v -74.23 -178.53 167.65
v -60.44 -181.22 157.47
v -47.88 -160.60 172.29
v -61.11 -161.41 182.23
v -61.11 -161.41 182.23
v -47.88 -160.60 172.29
v -35.27 -140.08 187.18
v -48.14 -143.91 196.50
v -60.44 -181.22 157.47
v -46.54 -184.18 147.53
v -35.00 -158.90 161.60
v -47.88 -160.60 172.29
v -47.88 -160.60 172.29
v -35.00 -158.90 161.60
v -22.96 -134.89 176.72
v -35.27 -140.08 187.18
v -104.83 -148.58 136.03
v -89.00 -130.59 150.36
v -81.72 -122.14 138.71
v -92.76 -144.45 124.76
v -92.76 -144.45 124.76
v -81.72 -122.14 138.71
v -72.52 -115.66 127.91
v -83.33 -137.64 112.33
v -89.00 -130.59 150.36
v -76.62 -109.09 163.17
v -68.30 -102.27 153.71
v -81.72 -122.14 138.71
v -81.72 -122.14 138.71
v -68.30 -102.27 153.71
v -60.56 -94.86 143.99
v -72.52 -115.66 127.91
v 23.85 103.13 177.72
v 9.47 108.09 165.85
v 0.65 94.84 176.36
v 17.40 90.73 188.27
v 17.40 90.73 188.27
v 0.65 94.84 176.36
v -8.80 82.92 188.08
v 11.13 77.95 198.47
v 9.47 108.09 165.85
v -4.55 112.27 153.28
v -15.78 98.27 163.82
v 0.65 94.84 176.36
v 0.65 94.84 176.36
v -15.78 98.27 163.82
v -26.94 84.11 174.22
v -8.80 82.92 188.08
v 41.50 84.86 165.38
v 34.20 76.24 170.73
v 16.02 79.74 155.72
v 24.44 88.87 148.17
v 24.44 88.87 148.17
v 16.02 79.74 155.72
v -1.17 81.69 139.42
v 7.68 92.42 130.58
v 34.20 76.24 170.73
v 27.23 67.09 175.64
v 8.48 69.22 162.11
v 16.02 79.74 155.72
v 16.02 79.74 155.72
v 8.48 69.22 162.11
v -11.48 73.23 150.16
v -1.17 81.69 139.42
v 23.85 103.13 177.72
v 18.91 90.97 189.48
v 27.40 83.70 180.75
v 31.40 93.61 170.29
v 31.40 93.61 170.29
v 27.40 83.70 180.75
v 33.76 75.79 169.91
v 41.50 84.86 165.38
v 18.91 90.97 189.48
v 11.13 77.95 198.47
v 20.93 73.05 188.77
v 27.40 83.70 180.75
v 27.40 83.70 180.75
v 20.93 73.05 188.77
v 27.23 67.09 175.64
v 33.76 75.79 169.91
v -4.55 112.27 153.28
v 2.25 102.18 142.44
v -8.68 90.47 152.16
v -16.75 98.43 163.00
v -16.75 98.43 163.00
v -8.68 90.47 152.16
v -20.57 79.00 161.17
v -26.94 84.11 174.22
v 2.25 102.18 142.44
v 7.68 92.42 130.58
v -1.47 82.72 140.70
v -8.68 90.47 152.16
v -8.68 90.47 152.16
v -1.47 82.72 140.70
v -11.48 73.23 150.16
v -20.57 79.00 161.17
v 23.85 103.13 177.72
v 31.54 92.40 172.28
v 16.81 97.73 156.94
v 8.72 106.39 166.09
v 8.72 106.39 166.09
v 16.81 97.73 156.94
v 0.08 100.27 142.88
v -4.55 112.27 153.28
v 31.54 92.40 172.28
v 41.50 84.86 165.38
v 25.26 89.58 147.55
v 16.81 97.73 156.94
v 16.81 97.73 156.94
v 25.26 89.58 147.55
v 7.68 92.42 130.58
v 0.08 100.27 142.88
v 11.13 77.95 198.47
v -8.44 79.37 186.76
v 0.73 77.90 174.05
v 19.24 72.72 187.00
v 19.24 72.72 187.00
v 0.73 77.90 174.05
v 7.76 69.80 162.99
v 27.23 67.09 175.64
v -8.44 79.37 186.76
v -26.94 84.11 174.22
v -19.30 78.38 162.26
v 0.73 77.90 174.05
v 0.73 77.90 174.05
v -19.30 78.38 162.26
v -11.48 73.23 150.16
v 7.76 69.80 162.99
v -3.28 -132.21 141.12
v -16.46 -142.97 149.36
v 1.26 -147.51 166.74
v 12.92 -133.53 161.01
v 12.92 -133.53 161.01
v 1.26 -147.51 166.74
v 17.41 -148.64 186.29
v 31.33 -139.70 177.82
v -16.46 -142.97 149.36
v -29.35 -154.39 157.19
v -12.57 -156.78 175.46
v 1.26 -147.51 166.74
v 1.26 -147.51 166.74
v -12.57 -156.78 175.46
v 4.77 -160.37 192.97
v 17.41 -148.64 186.29
v 11.21 -157.03 119.95
v 31.03 -161.75 143.52
v 15.72 -174.09 144.67
v -4.14 -161.58 124.54
v -4.14 -161.58 124.54
v 15.72 -174.09 144.67
v 0.60 -186.94 145.45
v -17.40 -171.63 125.31
v 31.03 -161.75 143.52
v 52.78 -171.55 163.57
v 35.51 -186.44 164.90
v 15.72 -174.09 144.67
v 15.72 -174.09 144.67
v 35.51 -186.44 164.90
v 17.59 -199.61 167.43
v 0.60 -186.94 145.45
v -3.28 -132.21 141.12
v 13.22 -136.91 160.03
v 22.99 -150.15 150.63
v 5.27 -143.08 129.62
v 5.27 -143.08 129.62
v 22.99 -150.15 150.63
v 30.93 -165.55 142.51
v 11.21 -157.03 119.95
v 13.22 -136.91 160.03
v 31.33 -139.70 177.82
v 41.56 -156.22 171.04
v 22.99 -150.15 150.63
v 22.99 -150.15 150.63
v 41.56 -156.22 171.04
v 52.78 -171.55 163.57
v 30.93 -165.55 142.51
v -29.35 -154.39 157.19
v -24.74 -165.57 142.12
v -7.50 -174.13 161.62
v -13.16 -159.00 175.63
v -13.16 -159.00 175.63
v -7.50 -174.13 161.62
v 12.13 -178.21 179.60
v 4.77 -160.37 192.97
v -24.74 -165.57 142.12
v -17.40 -171.63 125.31
v -0.50 -186.73 146.75
v -7.50 -174.13 161.62
v -7.50 -174.13 161.62
v -0.50 -186.73 146.75
v 17.59 -199.61 167.43
v 12.13 -178.21 179.60
v -3.28 -132.21 141.12
v 5.20 -145.07 131.91
v -11.62 -153.11 133.75
v -14.68 -143.90 150.97
v -14.68 -143.90 150.97
v -11.62 -153.11 133.75
v -23.58 -162.93 141.02
v -29.35 -154.39 157.19
v 5.20 -145.07 131.91
v 11.21 -157.03 119.95
v -2.75 -164.45 123.01
v -11.62 -153.11 133.75
v -11.62 -153.11 133.75
v -2.75 -164.45 123.01
v -17.40 -171.63 125.31
v -23.58 -162.93 141.02
v 31.33 -139.70 177.82
v 17.61 -150.01 184.66
v 26.85 -167.82 175.83
v 41.62 -155.60 169.97
v 41.62 -155.60 169.97
v 26.85 -167.82 175.83
v 34.92 -185.56 165.06
v 52.78 -171.55 163.57
v 17.61 -150.01 184.66
v 4.77 -160.37 192.97
v 12.99 -180.11 183.20
v 26.85 -167.82 175.83
v 26.85 -167.82 175.83
v 12.99 -180.11 183.20
v 17.59 -199.61 167.43
v 34.92 -185.56 165.06
v 68.06 25.14 196.40
v 73.67 21.12 177.54
v 69.45 38.51 171.05
v 66.72 46.49 190.81
v 66.72 46.49 190.81
v 69.45 38.51 171.05
v 66.17 56.12 164.76
v 61.26 66.91 184.34
v 73.67 21.12 177.54
v 78.06 16.83 158.42
v 75.17 31.22 151.93
v 69.45 38.51 171.05
v 69.45 38.51 171.05
v 75.17 31.22 151.93
v 73.53 45.88 145.70
v 66.17 56.12 164.76
v 39.44 21.62 187.63
v 33.18 38.36 178.34
v 40.40 30.82 162.94
v 41.68 12.08 171.75
v 41.68 12.08 171.75
v 40.40 30.82 162.94
v 44.15 22.17 147.15
v 48.68 4.07 156.42
v 33.18 38.36 178.34
v 30.41 56.21 169.45
v 34.81 48.17 153.64
v 40.40 30.82 162.94
v 40.40 30.82 162.94
v 34.81 48.17 153.64
v 40.44 40.53 137.97
v 44.15 22.17 147.15
v 68.06 25.14 196.40
v 64.87 45.87 189.73
v 49.78 42.47 184.47
v 53.70 23.41 192.16
v 53.70 23.41 192.16
v 49.78 42.47 184.47
v 34.67 39.09 179.28
v 39.44 21.62 187.63
v 64.87 45.87 189.73
v 61.26 66.91 184.34
v 45.74 61.62 177.16
v 49.78 42.47 184.47
v 49.78 42.47 184.47
v 45.74 61.62 177.16
v 30.41 56.21 169.45
v 34.67 39.09 179.28
v 78.06 16.83 158.42
v 63.92 9.54 155.15
v 60.73 25.92 147.35
v 76.34 30.44 149.78
v 76.34 30.44 149.78
v 60.73 25.92 147.35
v 56.91 43.34 142.16
v 73.53 45.88 145.70
v 63.92 9.54 155.15
v 48.68 4.07 156.42
v 44.54 22.34 147.29
v 60.73 25.92 147.35
v 60.73 25.92 147.35
v 44.54 22.34 147.29
v 40.44 40.53 137.97
v 56.91 43.34 142.16
v 68.06 25.14 196.40
v 53.88 20.93 192.58
v 58.47 18.66 174.31
v 73.07 20.72 177.47
v 73.07 20.72 177.47
v 58.47 18.66 174.31
v 63.37 10.40 157.43
v 78.06 16.83 158.42
v 53.88 20.93 192.58
v 39.44 21.62 187.63
v 44.04 13.20 171.94
v 58.47 18.66 174.31
v 58.47 18.66 174.31
v 44.04 13.20 171.94
v 48.68 4.07 156.42
v 63.37 10.40 157.43
v 61.26 66.91 184.34
v 67.39 56.45 164.99
v 51.33 53.42 158.78
v 45.76 62.58 176.31
v 45.76 62.58 176.31
v 51.33 53.42 158.78
v 35.47 47.74 154.06
v 30.41 56.21 169.45
v 67.39 56.45 164.99
v 73.53 45.88 145.70
v 56.94 43.85 141.47
v 51.33 53.42 158.78
v 51.33 53.42 158.78
v 56.94 43.85 141.47
v 40.44 40.53 137.97
v 35.47 47.74 154.06
v 97.40 -360.77 -57.32
v 138.12 -349.06 -23.84
v 63.66 -421.99 92.22
v 22.94 -433.70 58.74
v 142.52 -446.47 -82.22
v 68.06 -519.40 33.84
v 108.77 -507.69 67.32
v 183.24 -434.76 -48.74
v 97.40 -360.77 -57.32
v 22.94 -433.70 58.74
v 68.06 -519.40 33.84
v 142.52 -446.47 -82.22
v 138.12 -349.06 -23.84
v 183.24 -434.76 -48.74
v 108.77 -507.69 67.32
v 63.66 -421.99 92.22
v 97.40 -360.77 -57.32
v 142.52 -446.47 -82.22
v 183.24 -434.76 -48.74
v 138.12 -349.06 -23.84
v 22.94 -433.70 58.74
v 63.66 -421.99 92.22
v 108.77 -507.69 67.32
v 68.06 -519.40 33.84
v 93.28 -370.52 -55.35
v 96.29 -369.65 -52.87
v 29.46 -435.10 51.30
v 26.45 -435.97 48.82
v 132.98 -445.93 -77.26
v 66.15 -511.38 26.91
v 69.17 -510.52 29.39
v 136.00 -445.07 -74.78
v 93.28 -370.52 -55.35
v 26.45 -435.97 48.82
v 66.15 -511.38 26.91
v 132.98 -445.93 -77.26
v 96.29 -369.65 -52.87
v 136.00 -445.07 -74.78
v 69.17 -510.52 29.39
v 29.46 -435.10 51.30
v 93.28 -370.52 -55.35
v 132.98 -445.93 -77.26
v 136.00 -445.07 -74.78
v 96.29 -369.65 -52.87
v 26.45 -435.97 48.82
v 29.46 -435.10 51.30
v 69.17 -510.52 29.39
v 66.15 -511.38 26.91
v 156.65 59.81 -3.88
v 189.82 102.39 -2.13
v 173.24 108.97 152.84
v 140.06 66.39 151.10
v 234.83 -1.56 7.09
v 218.25 5.02 162.07
v 251.42 47.59 163.81
v 268.01 41.01 8.84
v 156.65 59.81 -3.88
v 140.06 66.39 151.10
v 218.25 5.02 162.07
v 234.83 -1.56 7.09
v 189.82 102.39 -2.13
v 268.01 41.01 8.84
v 251.42 47.59 163.81
v 173.24 108.97 152.84
v 156.65 59.81 -3.88
v 234.83 -1.56 7.09
v 268.01 41.01 8.84
v 189.82 102.39 -2.13
v 140.06 66.39 151.10
v 173.24 108.97 152.84
v 251.42 47.59 163.81
v 218.25 5.02 162.07
v 158.03 53.32 4.60
v 160.49 56.47 4.73
v 145.61 62.37 143.81
v 143.15 59.22 143.68
v 226.83 -0.70 14.25
v 211.95 5.21 153.34
v 214.41 8.36 153.46
v 229.29 2.46 14.38
v 158.03 53.32 4.60
v 143.15 59.22 143.68
v 211.95 5.21 153.34
v 226.83 -0.70 14.25
v 160.49 56.47 4.73
v 229.29 2.46 14.38
v 214.41 8.36 153.46
v 145.61 62.37 143.81
v 158.03 53.32 4.60
v 226.83 -0.70 14.25
v 229.29 2.46 14.38
v 160.49 56.47 4.73
v 143.15 59.22 143.68
v 145.61 62.37 143.81
v 214.41 8.36 153.46
v 211.95 5.21 153.34
vt 0.0000 0.0000
vt 0.1204 0.0000
vt 0.0816 0.2140
vt -0.0578 0.2002
vt 0.0000 0.0000
vt 0.1400 -0.0000
vt 0.1222 0.2166
vt -0.0377 0.2049
vt 0.0000 0.0000
vt 0.1204 0.0000
vt 0.1009 0.2280
vt -0.0388 0.2140
vt 0.0000 0.0000
vt 0.1415 -0.0000
vt 0.1453 0.2286
vt -0.0152 0.2175
vt 0.0000 0.0000
vt 0.2400 -0.0000
vt 0.2547 0.1256
vt 0.0259 0.1235
vt 0.0000 0.0000
vt 0.2289 0.0000
vt 0.2446 0.1254
vt 0.0267 0.1234
vt 0.0000 0.0000
vt 0.2400 -0.0000
vt 0.2430 0.1286
vt 0.0145 0.1256
vt 0.0000 0.0000
vt 0.2292 0.0000
vt 0.2332 0.1280
vt 0.0155 0.1255
vt 0.0000 0.0000
vt 0.2085 0.0000
vt 0.2069 0.1242
vt -0.0161 0.1128
vt 0.0000 0.0000
vt 0.2242 0.0000
vt 0.2285 0.1239
vt -0.0100 0.1135
vt 0.0000 0.0000
vt 0.2085 0.0000
vt 0.2232 0.1384
vt -0.0005 0.1258
vt 0.0000 0.0000
vt 0.2242 0.0000
vt 0.2451 0.1346
vt 0.0043 0.1264
vt 0.0000 0.0000
vt 0.1145 0.0000
vt 0.1884 0.2090
vt 0.0703 0.2181
vt 0.0000 0.0000
vt 0.1270 0.0000
vt 0.1882 0.2137
vt 0.0506 0.2235
vt 0.0000 0.0000
vt 0.1145 0.0000
vt 0.2023 0.1975
vt 0.0819 0.2111
vt 0.0000 0.0000
vt 0.1226 -0.0000
vt 0.1887 0.2068
vt 0.0598 0.2142
vt 0.0000 0.0000
vt 0.1144 0.0000
vt 0.1330 0.1214
vt 0.0268 0.1192
vt 0.0000 0.0000
vt 0.1080 0.0000
vt 0.1309 0.1093
vt 0.0253 0.1195
vt 0.0000 0.0000
vt 0.1144 0.0000
vt 0.1355 0.1222
vt 0.0266 0.1215
vt 0.0000 0.0000
vt 0.1091 0.0000
vt 0.1330 0.1213
vt 0.0246 0.1173
vt 0.0000 0.0000
vt 0.1614 0.0000
vt 0.1675 0.1323
vt 0.0244 0.1358
vt 0.0000 0.0000
vt 0.1486 0.0000
vt 0.1499 0.1340
vt 0.0250 0.1356
vt 0.0000 0.0000
vt 0.1614 0.0000
vt 0.1525 0.1376
vt 0.0081 0.1382
vt 0.0000 0.0000
vt 0.1444 0.0000
vt 0.1333 0.1335
vt 0.0056 0.1362
vt 0.0000 0.0000
vt 0.0985 0.0000
vt 0.0975 0.1115
vt 0.0004 0.1105
vt 0.0000 0.0000
vt 0.0974 -0.0000
vt 0.0972 0.1115
vt 0.0023 0.1105
vt 0.0000 0.0000
vt 0.0985 -0.0000
vt 0.0942 0.1135
vt -0.0015 0.1117
vt 0.0000 0.0000
vt 0.0971 -0.0000
vt 0.0949 0.1129
vt -0.0002 0.1117
vt 0.0000 0.0000
vt 0.0882 -0.0000
vt 0.0811 0.0784
vt -0.0177 0.0774
vt 0.0000 0.0000
vt 0.0990 -0.0000
vt 0.0927 0.0741
vt -0.0158 0.0778
vt 0.0000 0.0000
vt 0.0882 -0.0000
vt 0.0951 0.0770
vt -0.0031 0.0790
vt 0.0000 0.0000
vt 0.0989 0.0000
vt 0.1060 0.0830
vt -0.0045 0.0810
vt 0.0000 0.0000
vt 0.1109 -0.0000
vt 0.1068 0.0795
vt 0.0121 0.0735
vt 0.0000 0.0000
vt 0.0987 0.0000
vt 0.1074 0.0829
vt 0.0192 0.0720
vt 0.0000 0.0000
vt 0.1109 0.0000
vt 0.0956 0.0917
vt -0.0010 0.0841
vt 0.0000 0.0000
vt 0.0970 -0.0000
vt 0.0901 0.0965
vt 0.0057 0.0844
vt 0.0000 0.0000
vt 0.0855 -0.0000
vt 0.1005 0.1103
vt 0.0166 0.1119
vt 0.0000 0.0000
vt 0.0899 0.0000
vt 0.1035 0.1108
vt 0.0144 0.1122
vt 0.0000 0.0000
vt 0.0855 0.0000
vt 0.1090 0.1103
vt 0.0222 0.1137
vt 0.0000 0.0000
vt 0.0872 0.0000
vt 0.1063 0.1079
vt 0.0163 0.1112
vt 0.0000 0.0000
vt 0.0743 0.0000
vt 0.0995 0.0825
vt 0.0236 0.0960
vt 0.0000 0.0000
vt 0.0801 0.0000
vt 0.0952 0.0872
vt 0.0104 0.0984
vt 0.0000 0.0000
vt 0.0743 0.0000
vt 0.1062 0.0741
vt 0.0274 0.0847
vt 0.0000 0.0000
vt 0.0799 0.0000
vt 0.0977 0.0756
vt 0.0150 0.0873
vt 0.0000 0.0000
vt 0.0951 0.0000
vt 0.0931 0.0910
vt 0.0070 0.0946
vt 0.0000 0.0000
vt 0.0865 -0.0000
vt 0.0791 0.0900
vt 0.0036 0.0948
vt 0.0000 0.0000
vt 0.0951 -0.0000
vt 0.0840 0.0872
vt -0.0019 0.0914
vt 0.0000 0.0000
vt 0.0882 0.0000
vt 0.0791 0.0909
vt 0.0003 0.0951
vt 0.0000 0.0000
vt 0.1302 0.0000
vt 0.1111 0.1017
vt -0.0233 0.1033
vt 0.0000 0.0000
vt 0.1346 -0.0000
vt 0.1147 0.1016
vt -0.0244 0.1031
vt 0.0000 0.0000
vt 0.1302 0.0000
vt 0.1152 0.0999
vt -0.0192 0.1019
vt 0.0000 0.0000
vt 0.1346 0.0000
vt 0.1174 0.1006
vt -0.0207 0.1016
vt 0.0000 0.0000
vt 0.0912 -0.0000
vt 0.1172 0.1288
vt 0.0320 0.1432
vt 0.0000 0.0000
vt 0.0868 0.0000
vt 0.0875 0.1307
vt 0.0098 0.1464
vt 0.0000 0.0000
vt 0.0912 0.0000
vt 0.1108 0.1149
vt 0.0256 0.1291
vt 0.0000 0.0000
vt 0.0870 0.0000
vt 0.0895 0.1172
vt 0.0085 0.1332
vt 0.0000 0.0000
vt 0.1060 0.0000
vt 0.0952 0.0706
vt 0.0017 0.0606
vt 0.0000 0.0000
vt 0.0973 0.0000
vt 0.0989 0.0721
vt 0.0088 0.0600
vt 0.0000 0.0000
vt 0.1060 0.0000
vt 0.0857 0.0890
vt -0.0091 0.0752
vt 0.0000 0.0000
vt 0.0961 -0.0000
vt 0.0886 0.0885
vt 0.0006 0.0737
vt 0.0000 0.0000
vt 0.0692 0.0000
vt 0.0872 0.0903
vt 0.0117 0.1010
vt 0.0000 0.0000
vt 0.0766 0.0000
vt 0.0827 0.0924
vt -0.0025 0.1017
vt 0.0000 0.0000
vt 0.0692 0.0000
vt 0.0929 0.0753
vt 0.0201 0.0901
vt 0.0000 0.0000
vt 0.0814 0.0000
vt 0.0936 0.0786
vt 0.0121 0.0929
vt 0.0000 0.0000
vt 0.0606 0.0000
vt 0.0519 0.1363
vt -0.0106 0.1300
vt 0.0000 0.0000
vt 0.0674 0.0000
vt 0.0755 0.1373
vt 0.0083 0.1302
vt 0.0000 0.0000
vt 0.0606 0.0000
vt 0.0550 0.1469
vt -0.0081 0.1385
vt 0.0000 0.0000
vt 0.0637 0.0000
vt 0.0769 0.1452
vt 0.0089 0.1377
vt 0.0000 0.0000
vt 0.1388 0.0000
vt 0.1519 0.0863
vt 0.0243 0.0872
vt 0.0000 0.0000
vt 0.1281 -0.0000
vt 0.1392 0.0866
vt 0.0237 0.0874
vt 0.0000 0.0000
vt 0.1388 0.0000
vt 0.1411 0.0848
vt 0.0135 0.0869
vt 0.0000 0.0000
vt 0.1280 -0.0000
vt 0.1311 0.0878
vt 0.0141 0.0888
vt 0.0000 0.0000
vt 0.2012 0.0000
vt 0.2221 0.1335
vt 0.0178 0.1413
vt 0.0000 0.0000
vt 0.2049 0.0000
vt 0.2232 0.1360
vt 0.0139 0.1418
vt 0.0000 0.0000
vt 0.2012 0.0000
vt 0.2251 0.1278
vt 0.0209 0.1342
vt 0.0000 0.0000
vt 0.2049 -0.0000
vt 0.2275 0.1328
vt 0.0182 0.1369
vt 0.0000 0.0000
vt 0.1247 -0.0000
vt 0.1709 0.2033
vt 0.0267 0.2088
vt 0.0000 0.0000
vt 0.1443 -0.0000
vt 0.1824 0.2049
vt 0.0194 0.2096
vt 0.0000 0.0000
vt 0.1247 -0.0000
vt 0.1867 0.1989
vt 0.0452 0.2036
vt 0.0000 0.0000
vt 0.1425 0.0000
vt 0.1990 0.2006
vt 0.0383 0.2049
vt 0.0000 0.0000
vt 0.1426 0.0000
vt 0.1744 0.1015
vt 0.0454 0.1228
vt 0.0000 0.0000
vt 0.1308 0.0000
vt 0.1445 0.1055
vt 0.0236 0.1288
vt 0.0000 0.0000
vt 0.1426 0.0000
vt 0.1595 0.0808
vt 0.0306 0.1019
vt 0.0000 0.0000
vt 0.1306 0.0000
vt 0.1330 0.0808
vt 0.0147 0.1053
vt 0.0000 0.0000
vt 0.1132 0.0000
vt 0.0969 0.1477
vt -0.0194 0.1317
vt 0.0000 0.0000
vt 0.1174 -0.0000
vt 0.1225 0.1482
vt 0.0005 0.1331
vt 0.0000 0.0000
vt 0.1132 -0.0000
vt 0.1024 0.1641
vt -0.0147 0.1478
vt 0.0000 0.0000
vt 0.1183 0.0000
vt 0.1281 0.1637
vt 0.0041 0.1484
vt 0.0000 0.0000
vt 0.1313 -0.0000
vt 0.1134 0.2048
vt -0.0055 0.2015
vt 0.0000 0.0000
vt 0.1194 0.0000
vt 0.1082 0.2017
vt -0.0000 0.2016
vt 0.0000 0.0000
vt 0.1313 0.0000
vt 0.1072 0.2096
vt -0.0137 0.2054
vt 0.0000 0.0000
vt 0.1216 0.0000
vt 0.1042 0.2090
vt -0.0044 0.2074
vt 0.0000 0.0000
vt 0.2104 0.0000
vt 0.2084 0.1021
vt 0.0005 0.0841
vt 0.0000 0.0000
vt 0.2090 -0.0000
vt 0.2163 0.1021
vt 0.0073 0.0838
vt 0.0000 0.0000
vt 0.2104 0.0000
vt 0.2056 0.1212
vt -0.0018 0.1027
vt 0.0000 0.0000
vt 0.2089 -0.0000
vt 0.2163 0.1211
vt 0.0074 0.1024
vt 0.0000 0.0000
vt 0.0835 0.0000
vt 0.0896 0.0775
vt 0.0125 0.0747
vt 0.0000 0.0000
vt 0.0779 -0.0000
vt 0.0889 0.0782
vt 0.0166 0.0739
vt 0.0000 0.0000
vt 0.0835 -0.0000
vt 0.0836 0.0825
vt 0.0062 0.0783
vt 0.0000 0.0000
vt 0.0782 0.0000
vt 0.0832 0.0821
vt 0.0113 0.0782
vt 0.0000 0.0000
vt 0.0803 -0.0000
vt 0.0732 0.0722
vt -0.0029 0.0691
vt 0.0000 0.0000
vt 0.0761 -0.0000
vt 0.0719 0.0724
vt -0.0001 0.0692
vt 0.0000 0.0000
vt 0.0803 -0.0000
vt 0.0691 0.0750
vt -0.0069 0.0722
vt 0.0000 0.0000
vt 0.0761 -0.0000
vt 0.0679 0.0758
vt -0.0042 0.0724
vt 0.0000 0.0000
vt 0.0755 0.0000
vt 0.0821 0.0324
vt 0.0053 0.0307
vt 0.0000 0.0000
vt 0.0784 0.0000
vt 0.0864 0.0328
vt 0.0064 0.0305
vt 0.0000 0.0000
vt 0.0755 0.0000
vt 0.0845 0.0373
vt 0.0074 0.0359
vt 0.0000 0.0000
vt 0.0772 -0.0000
vt 0.0871 0.0352
vt 0.0080 0.0328
vt 0.0000 0.0000
vt 0.0420 0.0000
vt 0.0493 0.0769
vt 0.0119 0.0818
vt 0.0000 0.0000
vt 0.0378 0.0000
vt 0.0349 0.0771
vt 0.0010 0.0827
vt 0.0000 0.0000
vt 0.0420 0.0000
vt 0.0447 0.0720
vt 0.0073 0.0769
vt 0.0000 0.0000
vt 0.0378 -0.0000
vt 0.0312 0.0720
vt -0.0027 0.0773
vt 0.0000 0.0000
vt 0.0312 0.0000
vt 0.0498 0.0739
vt 0.0152 0.0822
vt 0.0000 0.0000
vt 0.0356 0.0000
vt 0.0365 0.0760
vt -0.0045 0.0835
vt 0.0000 0.0000
vt 0.0312 0.0000
vt 0.0537 0.0652
vt 0.0192 0.0738
vt 0.0000 0.0000
vt 0.0356 0.0000
vt 0.0417 0.0683
vt 0.0009 0.0760
vt 0.0000 0.0000
vt 0.0724 0.0000
vt 0.0741 0.0340
vt 0.0008 0.0390
vt 0.0000 0.0000
vt 0.0740 0.0000
vt 0.0740 0.0344
vt -0.0014 0.0390
vt 0.0000 0.0000
vt 0.0724 0.0000
vt 0.0728 0.0333
vt 0.0008 0.0351
vt 0.0000 0.0000
vt 0.0732 0.0000
vt 0.0747 0.0316
vt -0.0004 0.0346
vt 0.0000 0.0000
vt 0.0772 0.0000
vt 0.0845 0.0903
vt 0.0060 0.0809
vt 0.0000 0.0000
vt 0.0794 -0.0000
vt 0.0971 0.0871
vt 0.0195 0.0788
vt 0.0000 0.0000
vt 0.0772 -0.0000
vt 0.0857 0.1009
vt 0.0082 0.0906
vt 0.0000 0.0000
vt 0.0783 0.0000
vt 0.1005 0.0990
vt 0.0205 0.0890
vt 0.0000 0.0000
vt 0.0726 -0.0000
vt 0.0609 0.0714
vt -0.0043 0.0695
vt 0.0000 0.0000
vt 0.0672 0.0000
vt 0.0639 0.0744
vt -0.0003 0.0697
vt 0.0000 0.0000
vt 0.0726 0.0000
vt 0.0560 0.0801
vt -0.0108 0.0733
vt 0.0000 0.0000
vt 0.0712 -0.0000
vt 0.0738 0.0864
vt 0.0015 0.0768
vt 0.0000 0.0000
vt 0.0806 -0.0000
vt 0.0870 0.0520
vt 0.0124 0.0512
vt 0.0000 0.0000
vt 0.0762 0.0000
vt 0.0877 0.0535
vt 0.0154 0.0504
vt 0.0000 0.0000
vt 0.0806 -0.0000
vt 0.0770 0.0611
vt 0.0051 0.0543
vt 0.0000 0.0000
vt 0.0759 -0.0000
vt 0.0825 0.0597
vt 0.0113 0.0548
vt 0.0000 0.0000
vt 0.0658 -0.0000
vt 0.0805 0.0839
vt 0.0294 0.0974
vt 0.0000 0.0000
vt 0.0530 -0.0000
vt 0.0459 0.0842
vt 0.0046 0.1017
vt 0.0000 0.0000
vt 0.0658 0.0000
vt 0.0656 0.0709
vt 0.0145 0.0840
vt 0.0000 0.0000
vt 0.0529 -0.0000
vt 0.0352 0.0685
vt -0.0068 0.0849
vt 0.0000 0.0000
vt 0.0525 0.0000
vt 0.0883 0.0630
vt 0.0301 0.0706
vt 0.0000 0.0000
vt 0.0588 0.0000
vt 0.0861 0.0671
vt 0.0207 0.0740
vt 0.0000 0.0000
vt 0.0525 -0.0000
vt 0.0935 0.0562
vt 0.0357 0.0631
vt 0.0000 0.0000
vt 0.0592 -0.0000
vt 0.0927 0.0605
vt 0.0272 0.0672
vt 0.0000 0.0000
vt 0.0808 0.0000
vt 0.0733 0.0522
vt -0.0095 0.0629
vt 0.0000 0.0000
vt 0.0838 0.0000
vt 0.0657 0.0456
vt -0.0143 0.0620
vt 0.0000 0.0000
vt 0.0808 0.0000
vt 0.0755 0.0433
vt -0.0075 0.0527
vt 0.0000 0.0000
vt 0.0849 -0.0000
vt 0.0765 0.0429
vt -0.0068 0.0600
vt 0.0000 0.0000
vt 0.1608 0.0000
vt 0.1150 0.2279
vt -0.0356 0.2331
vt 0.0000 0.0000
vt 0.1547 -0.0000
vt 0.1033 0.2264
vt -0.0431 0.2318
vt 0.0000 0.0000
vt 0.1608 0.0000
vt 0.1119 0.2245
vt -0.0404 0.2316
vt 0.0000 0.0000
vt 0.1528 0.0000
vt 0.0945 0.2200
vt -0.0508 0.2265
vt 0.0000 0.0000
vt 0.2565 -0.0000
vt 0.2539 0.1489
vt 0.0010 0.1431
vt 0.0000 0.0000
vt 0.2535 -0.0000
vt 0.2546 0.1492
vt 0.0051 0.1430
vt 0.0000 0.0000
vt 0.2565 0.0000
vt 0.2505 0.1563
vt -0.0025 0.1498
vt 0.0000 0.0000
vt 0.2531 0.0000
vt 0.2510 0.1562
vt 0.0013 0.1496
vt 0.0000 0.0000
vt 0.2361 0.0000
vt 0.2281 0.1278
vt -0.0169 0.1397
vt 0.0000 0.0000
vt 0.2461 0.0000
vt 0.2336 0.1293
vt -0.0230 0.1388
vt 0.0000 0.0000
vt 0.2361 -0.0000
vt 0.2383 0.1175
vt -0.0069 0.1294
vt 0.0000 0.0000
vt 0.2460 0.0000
vt 0.2434 0.1178
vt -0.0132 0.1294
vt 0.0000 0.0000
vt 0.1344 0.0000
vt 0.1210 0.2390
vt -0.0109 0.2298
vt 0.0000 0.0000
vt 0.1370 -0.0000
vt 0.1460 0.2386
vt 0.0043 0.2300
vt 0.0000 0.0000
vt 0.1344 0.0000
vt 0.1373 0.2530
vt -0.0019 0.2420
vt 0.0000 0.0000
vt 0.1401 0.0000
vt 0.1537 0.2477
vt 0.0099 0.2389
vt 0.0000 0.0000
vt 0.1405 0.0000
vt 0.1385 0.1507
vt 0.0034 0.1603
vt 0.0000 0.0000
vt 0.1355 0.0000
vt 0.1226 0.1499
vt -0.0079 0.1602
vt 0.0000 0.0000
vt 0.1405 -0.0000
vt 0.1344 0.1420
vt -0.0017 0.1508
vt 0.0000 0.0000
vt 0.1404 -0.0000
vt 0.1255 0.1374
vt -0.0009 0.1566
vt 0.0000 0.0000
vt 0.1478 0.0000
vt 0.1279 0.1279
vt -0.0219 0.1166
vt 0.0000 0.0000
vt 0.1503 -0.0000
vt 0.1403 0.1308
vt -0.0131 0.1179
vt 0.0000 0.0000
vt 0.1478 0.0000
vt 0.1304 0.1378
vt -0.0200 0.1279
vt 0.0000 0.0000
vt 0.1559 0.0000
vt 0.1549 0.1413
vt -0.0009 0.1336
vt 0.0000 0.0000
vt 0.1043 -0.0000
vt 0.1135 0.0680
vt 0.0274 0.0691
vt 0.0000 0.0000
vt 0.0915 0.0000
vt 0.1042 0.0699
vt 0.0297 0.0682
vt 0.0000 0.0000
vt 0.1043 0.0000
vt 0.1018 0.0690
vt 0.0150 0.0738
vt 0.0000 0.0000
vt 0.0905 -0.0000
vt 0.0892 0.0730
vt 0.0145 0.0707
vt 0.0000 0.0000
vt 0.0794 0.0000
vt 0.1151 0.0788
vt 0.0491 0.0910
vt 0.0000 0.0000
vt 0.0700 -0.0000
vt 0.0944 0.0844
vt 0.0326 0.0982
vt 0.0000 0.0000
vt 0.0794 0.0000
vt 0.1083 0.0669
vt 0.0398 0.0793
vt 0.0000 0.0000
vt 0.0696 0.0000
vt 0.0863 0.0709
vt 0.0242 0.0844
vt 0.0000 0.0000
vt 0.0739 0.0000
vt 0.0745 0.0843
vt -0.0013 0.0858
vt 0.0000 0.0000
vt 0.0760 0.0000
vt 0.0753 0.0843
vt -0.0031 0.0858
vt 0.0000 0.0000
vt 0.0739 0.0000
vt 0.0770 0.0822
vt 0.0017 0.0844
vt 0.0000 0.0000
vt 0.0761 0.0000
vt 0.0777 0.0831
vt -0.0010 0.0847
vt 0.0000 0.0000
vt 0.0776 0.0000
vt 0.0779 0.0682
vt 0.0102 0.0726
vt 0.0000 0.0000
vt 0.0703 -0.0000
vt 0.0694 0.0681
vt 0.0054 0.0732
vt 0.0000 0.0000
vt 0.0776 0.0000
vt 0.0740 0.0603
vt 0.0070 0.0703
vt 0.0000 0.0000
vt 0.0708 -0.0000
vt 0.0630 0.0630
vt -0.0005 0.0682
vt 0.0000 0.0000
vt 0.0859 -0.0000
vt 0.0937 0.1013
vt 0.0129 0.1031
vt 0.0000 0.0000
vt 0.0825 0.0000
vt 0.0914 0.1025
vt 0.0148 0.1029
vt 0.0000 0.0000
vt 0.0859 0.0000
vt 0.0880 0.1028
vt 0.0076 0.1026
vt 0.0000 0.0000
vt 0.0806 0.0000
vt 0.0837 0.1030
vt 0.0079 0.1026
vt 0.0000 0.0000
vt 0.0765 -0.0000
vt 0.0849 0.0745
vt 0.0112 0.0830
vt 0.0000 0.0000
vt 0.0743 0.0000
vt 0.0768 0.0734
vt 0.0048 0.0836
vt 0.0000 0.0000
vt 0.0765 -0.0000
vt 0.0848 0.0623
vt 0.0131 0.0739
vt 0.0000 0.0000
vt 0.0738 0.0000
vt 0.0745 0.0642
vt 0.0022 0.0736
vt 0.0000 0.0000
vt 0.1349 0.0000
vt 0.1277 0.2433
vt -0.0195 0.2557
vt 0.0000 0.0000
vt 0.1481 -0.0000
vt 0.1228 0.2423
vt -0.0370 0.2537
vt 0.0000 0.0000
vt 0.1349 0.0000
vt 0.1395 0.2316
vt -0.0068 0.2435
vt 0.0000 0.0000
vt 0.1470 0.0000
vt 0.1332 0.2312
vt -0.0265 0.2423
vt 0.0000 0.0000
vt 0.2226 -0.0000
vt 0.2472 0.1528
vt 0.0195 0.1632
vt 0.0000 0.0000
vt 0.2282 -0.0000
vt 0.2461 0.1537
vt 0.0120 0.1639
vt 0.0000 0.0000
vt 0.2226 0.0000
vt 0.2526 0.1422
vt 0.0250 0.1531
vt 0.0000 0.0000
vt 0.2284 0.0000
vt 0.2521 0.1435
vt 0.0183 0.1541
vt 0.0000 0.0000
vt 0.2560 -0.0000
vt 0.2385 0.1032
vt 0.0009 0.1107
vt 0.0000 0.0000
vt 0.2395 0.0000
vt 0.2213 0.1055
vt -0.0003 0.1107
vt 0.0000 0.0000
vt 0.2560 0.0000
vt 0.2185 0.1049
vt -0.0183 0.1071
vt 0.0000 0.0000
vt 0.2373 0.0000
vt 0.2006 0.1045
vt -0.0196 0.1055
vt 0.0000 0.0000
vt 0.0982 -0.0000
vt 0.0935 0.2335
vt -0.0053 0.2320
vt 0.0000 0.0000
vt 0.0989 -0.0000
vt 0.1000 0.2338
vt -0.0004 0.2321
vt 0.0000 0.0000
vt 0.0982 -0.0000
vt 0.0961 0.2339
vt -0.0015 0.2336
vt 0.0000 0.0000
vt 0.0988 0.0000
vt 0.1002 0.2342
vt 0.0010 0.2340
vt 0.0000 0.0000
vt 0.1113 0.0000
vt 0.0835 0.1465
vt -0.0162 0.1338
vt 0.0000 0.0000
vt 0.1038 -0.0000
vt 0.0965 0.1490
vt 0.0014 0.1347
vt 0.0000 0.0000
vt 0.1113 0.0000
vt 0.0766 0.1566
vt -0.0217 0.1498
vt 0.0000 0.0000
vt 0.1057 0.0000
vt 0.0906 0.1612
vt -0.0013 0.1504
vt 0.0000 0.0000
vt 0.1605 0.0000
vt 0.1850 0.1048
vt 0.0352 0.1096
vt 0.0000 0.0000
vt 0.1515 0.0000
vt 0.1735 0.1013
vt 0.0299 0.1112
vt 0.0000 0.0000
vt 0.1605 0.0000
vt 0.1817 0.1009
vt 0.0296 0.1057
vt 0.0000 0.0000
vt 0.1525 0.0000
vt 0.1683 0.0940
vt 0.0221 0.1022
vt 0.0000 0.0000
vt 0.1444 -0.0000
vt 0.1444 0.1700
vt -0.0043 0.1758
vt 0.0000 0.0000
vt 0.1489 0.0000
vt 0.1423 0.1693
vt -0.0120 0.1754
vt 0.0000 0.0000
vt 0.1444 0.0000
vt 0.1471 0.1648
vt -0.0008 0.1700
vt 0.0000 0.0000
vt 0.1487 0.0000
vt 0.1467 0.1644
vt -0.0067 0.1699
vt 0.0000 0.0000
vt 0.1712 -0.0000
vt 0.1438 0.1203
vt -0.0109 0.1086
vt 0.0000 0.0000
vt 0.1572 -0.0000
vt 0.1438 0.1251
vt -0.0020 0.1092
vt 0.0000 0.0000
vt 0.1712 0.0000
vt 0.1353 0.1405
vt -0.0238 0.1235
vt 0.0000 0.0000
vt 0.1612 0.0000
vt 0.1386 0.1402
vt -0.0078 0.1279
vt 0.0000 0.0000
vt 0.1757 0.0000
vt 0.1619 0.0942
vt -0.0096 0.0920
vt 0.0000 0.0000
vt 0.1717 0.0000
vt 0.1600 0.0944
vt -0.0085 0.0922
vt 0.0000 0.0000
vt 0.1757 0.0000
vt 0.1569 0.0996
vt -0.0140 0.0946
vt 0.0000 0.0000
vt 0.1739 0.0000
vt 0.1616 0.1001
vt -0.0099 0.0959
vt 0.0000 0.0000
vt 0.0733 0.0000
vt 0.0892 0.1514
vt -0.0043 0.1649
vt 0.0000 0.0000
vt 0.1015 -0.0000
vt 0.1028 0.1537
vt -0.0226 0.1634
vt 0.0000 0.0000
vt 0.0733 -0.0000
vt 0.1163 0.1368
vt 0.0230 0.1550
vt 0.0000 0.0000
vt 0.1020 0.0000
vt 0.1235 0.1456
vt 0.0006 0.1541
vt 0.0000 0.0000
vt 0.0926 0.0000
vt 0.1206 0.1222
vt 0.0419 0.1384
vt 0.0000 0.0000
vt 0.0812 0.0000
vt 0.0856 0.1255
vt 0.0166 0.1437
vt 0.0000 0.0000
vt 0.0926 0.0000
vt 0.1067 0.1075
vt 0.0281 0.1227
vt 0.0000 0.0000
vt 0.0817 0.0000
vt 0.0766 0.1082
vt 0.0042 0.1258
vt 0.0000 0.0000
vt 0.1540 0.0000
vt 0.1376 0.1122
vt -0.0110 0.1033
vt 0.0000 0.0000
vt 0.1493 0.0000
vt 0.1398 0.1129
vt -0.0032 0.1039
vt 0.0000 0.0000
vt 0.1540 0.0000
vt 0.1316 0.1228
vt -0.0166 0.1128
vt 0.0000 0.0000
vt 0.1487 0.0000
vt 0.1346 0.1239
vt -0.0092 0.1138
vt 0.0000 0.0000
vt 0.2241 -0.0000
vt 0.2054 0.1467
vt -0.0105 0.1450
vt 0.0000 0.0000
vt 0.2181 0.0000
vt 0.2035 0.1479
vt -0.0071 0.1452
vt 0.0000 0.0000
vt 0.2241 0.0000
vt 0.1995 0.1521
vt -0.0166 0.1501
vt 0.0000 0.0000
vt 0.2180 0.0000
vt 0.1979 0.1546
vt -0.0136 0.1498
vt 0.0000 0.0000
vt 0.1453 0.0000
vt 0.1616 0.2183
vt 0.0232 0.2259
vt 0.0000 0.0000
vt 0.1389 0.0000
vt 0.1409 0.2187
vt 0.0111 0.2268
vt 0.0000 0.0000
vt 0.1453 0.0000
vt 0.1545 0.2105
vt 0.0159 0.2185
vt 0.0000 0.0000
vt 0.1395 -0.0000
vt 0.1370 0.2100
vt 0.0072 0.2200
vt 0.0000 0.0000
vt 0.1447 0.0000
vt 0.1306 0.0932
vt -0.0132 0.1032
vt 0.0000 0.0000
vt 0.1452 0.0000
vt 0.1259 0.0914
vt -0.0172 0.1026
vt 0.0000 0.0000
vt 0.1447 0.0000
vt 0.1302 0.0874
vt -0.0138 0.0949
vt 0.0000 0.0000
vt 0.1448 0.0000
vt 0.1268 0.0870
vt -0.0180 0.0946
vt 0.0000 0.0000
vt 0.0990 0.0000
vt 0.1141 0.1431
vt 0.0179 0.1554
vt 0.0000 0.0000
vt 0.0973 -0.0000
vt 0.0952 0.1443
vt -0.0012 0.1564
vt 0.0000 0.0000
vt 0.0990 0.0000
vt 0.1115 0.1313
vt 0.0151 0.1433
vt 0.0000 0.0000
vt 0.0971 0.0000
vt 0.0932 0.1316
vt -0.0027 0.1445
vt 0.0000 0.0000
vt 0.1033 0.0000
vt 0.0870 0.2239
vt -0.0119 0.2232
vt 0.0000 0.0000
vt 0.0990 0.0000
vt 0.0828 0.2233
vt -0.0100 0.2233
vt 0.0000 0.0000
vt 0.1033 0.0000
vt 0.0864 0.2255
vt -0.0148 0.2241
vt 0.0000 0.0000
vt 0.1031 0.0000
vt 0.0940 0.2269
vt -0.0028 0.2276
vt 0.0000 0.0000
vt 0.2119 -0.0000
vt 0.2104 0.0934
vt -0.0009 0.0893
vt 0.0000 0.0000
vt 0.2116 -0.0000
vt 0.2111 0.0935
vt 0.0005 0.0893
vt 0.0000 0.0000
vt 0.2119 0.0000
vt 0.2100 0.0960
vt -0.0014 0.0939
vt 0.0000 0.0000
vt 0.2116 -0.0000
vt 0.2110 0.0937
vt 0.0009 0.0943
vt 0.0000 0.0000
vt 0.1170 -0.0000
vt 0.1269 0.0946
vt 0.0165 0.0821
vt 0.0000 0.0000
vt 0.1113 -0.0000
vt 0.1297 0.0927
vt 0.0274 0.0791
vt 0.0000 0.0000
vt 0.1170 -0.0000
vt 0.1216 0.1078
vt 0.0103 0.0948
vt 0.0000 0.0000
vt 0.1125 0.0000
vt 0.1269 0.1051
vt 0.0243 0.0935
vt 0.0000 0.0000
vt 0.0796 0.0000
vt 0.0394 0.1039
vt -0.0526 0.0905
vt 0.0000 0.0000
vt 0.0932 -0.0000
vt 0.0688 0.1077
vt -0.0401 0.0967
vt 0.0000 0.0000
vt 0.0796 0.0000
vt 0.0493 0.1194
vt -0.0413 0.1037
vt 0.0000 0.0000
vt 0.0954 0.0000
vt 0.0857 0.1191
vt -0.0221 0.1094
vt 0.0000 0.0000
vt 0.0849 -0.0000
vt 0.0705 0.0668
vt 0.0004 0.0747
vt 0.0000 0.0000
vt 0.0785 0.0000
vt 0.0665 0.0643
vt -0.0084 0.0742
vt 0.0000 0.0000
vt 0.0849 -0.0000
vt 0.0748 0.0677
vt -0.0009 0.0766
vt 0.0000 0.0000
vt 0.0763 -0.0000
vt 0.0600 0.0625
vt -0.0139 0.0655
vt 0.0000 0.0000
vt 0.0694 -0.0000
vt 0.0461 0.1054
vt -0.0285 0.1052
vt 0.0000 0.0000
vt 0.0749 -0.0000
vt 0.0527 0.1033
vt -0.0268 0.1056
vt 0.0000 0.0000
vt 0.0694 -0.0000
vt 0.0502 0.1074
vt -0.0242 0.1054
vt 0.0000 0.0000
vt 0.0750 0.0000
vt 0.0599 0.1081
vt -0.0214 0.1060
vt 0.0000 0.0000
vt 0.0749 0.0000
vt 0.1111 0.1047
vt 0.0401 0.1097
vt 0.0000 0.0000
vt 0.0714 0.0000
vt 0.0965 0.1073
vt 0.0286 0.1132
vt 0.0000 0.0000
vt 0.0749 0.0000
vt 0.1040 0.1009
vt 0.0335 0.1057
vt 0.0000 0.0000
vt 0.0708 0.0000
vt 0.0934 0.0986
vt 0.0274 0.1068
vt 0.0000 0.0000
vt 0.1051 0.0000
vt 0.0914 0.0746
vt -0.0214 0.0679
vt 0.0000 0.0000
vt 0.1133 0.0000
vt 0.1029 0.0751
vt -0.0174 0.0691
vt 0.0000 0.0000
vt 0.1051 0.0000
vt 0.0991 0.0789
vt -0.0136 0.0752
vt 0.0000 0.0000
vt 0.1151 -0.0000
vt 0.1161 0.0820
vt -0.0062 0.0772
vt 0.0000 0.0000
vt 0.0538 0.0000
vt 0.0305 0.0582
vt -0.0226 0.0519
vt 0.0000 0.0000
vt 0.0553 0.0000
vt 0.0410 0.0616
vt -0.0134 0.0550
vt 0.0000 0.0000
vt 0.0538 0.0000
vt 0.0306 0.0687
vt -0.0230 0.0601
vt 0.0000 0.0000
vt 0.0544 0.0000
vt 0.0415 0.0701
vt -0.0143 0.0622
vt 0.0000 0.0000
vt 0.0618 0.0000
vt 0.0722 0.0524
vt 0.0075 0.0553
vt 0.0000 0.0000
vt 0.0648 0.0000
vt 0.0741 0.0529
vt 0.0067 0.0554
vt 0.0000 0.0000
vt 0.0618 0.0000
vt 0.0743 0.0486
vt 0.0111 0.0523
vt 0.0000 0.0000
vt 0.0651 0.0000
vt 0.0749 0.0486
vt 0.0096 0.0528
vt 0.0000 0.0000
vt 0.0563 0.0000
vt 0.0497 0.0631
vt -0.0069 0.0672
vt 0.0000 0.0000
vt 0.0597 0.0000
vt 0.0547 0.0657
vt -0.0070 0.0672
vt 0.0000 0.0000
vt 0.0563 0.0000
vt 0.0515 0.0670
vt -0.0060 0.0659
vt 0.0000 0.0000
vt 0.0600 0.0000
vt 0.0566 0.0641
vt -0.0047 0.0659
vt 0.0000 0.0000
vt 0.0573 0.0000
vt 0.0566 0.0689
vt -0.0030 0.0718
vt 0.0000 0.0000
vt 0.0599 0.0000
vt 0.0564 0.0688
vt -0.0065 0.0716
vt 0.0000 0.0000
vt 0.0573 -0.0000
vt 0.0596 0.0663
vt -0.0003 0.0690
vt 0.0000 0.0000
vt 0.0600 0.0000
vt 0.0603 0.0677
vt -0.0029 0.0696
vt 0.0000 0.0000
vt 0.0672 0.0000
vt 0.0660 0.0532
vt 0.0044 0.0537
vt 0.0000 0.0000
vt 0.0631 0.0000
vt 0.0614 0.0537
vt 0.0050 0.0537
vt 0.0000 0.0000
vt 0.0672 0.0000
vt 0.0607 0.0558
vt -0.0010 0.0548
vt 0.0000 0.0000
vt 0.0620 0.0000
vt 0.0561 0.0535
vt -0.0012 0.0540
vt 0.0000 0.0000
vt 0.0568 0.0000
vt 0.0697 0.0637
vt 0.0154 0.0646
vt 0.0000 0.0000
vt 0.0543 0.0000
vt 0.0637 0.0648
vt 0.0138 0.0649
vt 0.0000 0.0000
vt 0.0568 0.0000
vt 0.0676 0.0627
vt 0.0127 0.0637
vt 0.0000 0.0000
vt 0.0550 0.0000
vt 0.0633 0.0606
vt 0.0151 0.0651
vt 0.0000 0.0000
vt 0.0776 0.0000
vt 0.0747 0.1056
vt -0.0025 0.1072
vt 0.0000 0.0000
vt 0.0774 0.0000
vt 0.0727 0.1040
vt -0.0048 0.1071
vt 0.0000 0.0000
vt 0.0776 0.0000
vt 0.0763 0.1033
vt -0.0011 0.1058
vt 0.0000 0.0000
vt 0.0774 0.0000
vt 0.0727 0.1026
vt -0.0047 0.1048
vt 0.0000 0.0000
vt 0.0959 0.0000
vt 0.0659 0.0715
vt -0.0365 0.0720
vt 0.0000 0.0000
vt 0.1044 0.0000
vt 0.0785 0.0743
vt -0.0358 0.0723
vt 0.0000 0.0000
vt 0.0959 -0.0000
vt 0.0798 0.0784
vt -0.0256 0.0761
vt 0.0000 0.0000
vt 0.1054 0.0000
vt 0.0900 0.0769
vt -0.0247 0.0754
vt 0.0000 0.0000
vt 0.1069 0.0000
vt 0.1204 0.0583
vt 0.0199 0.0614
vt 0.0000 0.0000
vt 0.1007 0.0000
vt 0.1119 0.0592
vt 0.0178 0.0620
vt 0.0000 0.0000
vt 0.1069 0.0000
vt 0.1141 0.0533
vt 0.0137 0.0585
vt 0.0000 0.0000
vt 0.1020 -0.0000
vt 0.1092 0.0557
vt 0.0143 0.0603
vt 0.0000 0.0000
vt 0.0870 0.0000
vt 0.0679 0.1055
vt -0.0015 0.1030
vt 0.0000 0.0000
vt 0.0703 0.0000
vt 0.0553 0.1060
vt 0.0026 0.1030
vt 0.0000 0.0000
vt 0.0870 0.0000
vt 0.0516 0.1081
vt -0.0178 0.1063
vt 0.0000 0.0000
vt 0.0703 -0.0000
vt 0.0410 0.1115
vt -0.0131 0.1074
vt 0.0000 0.0000
vt 0.0650 0.0000
vt 0.0567 0.0746
vt -0.0177 0.0754
vt 0.0000 0.0000
vt 0.0753 0.0000
vt 0.0683 0.0753
vt -0.0176 0.0754
vt 0.0000 0.0000
vt 0.0650 0.0000
vt 0.0587 0.0774
vt -0.0113 0.0752
vt 0.0000 0.0000
vt 0.0735 0.0000
vt 0.0765 0.0782
vt -0.0085 0.0756
vt 0.0000 0.0000
vt 0.0781 0.0000
vt 0.0572 0.0457
vt -0.0182 0.0547
vt 0.0000 0.0000
vt 0.0821 0.0000
vt 0.0621 0.0496
vt -0.0156 0.0555
vt 0.0000 0.0000
vt 0.0781 0.0000
vt 0.0613 0.0531
vt -0.0167 0.0567
vt 0.0000 0.0000
vt 0.0783 -0.0000
vt 0.0595 0.0511
vt -0.0195 0.0521
vt 0.0000 0.0000
vt 0.0631 -0.0000
vt 0.0584 0.0628
vt -0.0069 0.0607
vt 0.0000 0.0000
vt 0.0684 0.0000
vt 0.0709 0.0648
vt -0.0033 0.0610
vt 0.0000 0.0000
vt 0.0631 -0.0000
vt 0.0660 0.0670
vt -0.0002 0.0662
vt 0.0000 0.0000
vt 0.0678 0.0000
vt 0.0737 0.0697
vt 0.0010 0.0649
vt 0.0000 0.0000
vt 0.0599 -0.0000
vt 0.0596 0.0624
vt -0.0057 0.0655
vt 0.0000 0.0000
vt 0.0655 0.0000
vt 0.0625 0.0623
vt -0.0090 0.0652
vt 0.0000 0.0000
vt 0.0599 -0.0000
vt 0.0642 0.0596
vt -0.0003 0.0625
vt 0.0000 0.0000
vt 0.0662 -0.0000
vt 0.0700 0.0600
vt -0.0029 0.0625
vt 0.0000 0.0000
vt 0.0616 0.0000
vt 0.0607 0.0661
vt 0.0031 0.0719
vt 0.0000 0.0000
vt 0.0604 0.0000
vt 0.0554 0.0654
vt -0.0044 0.0719
vt 0.0000 0.0000
vt 0.0616 0.0000
vt 0.0612 0.0549
vt 0.0051 0.0682
vt 0.0000 0.0000
vt 0.0623 0.0000
vt 0.0532 0.0584
vt -0.0043 0.0654
vt 0.0000 0.0000
vt 0.0779 0.0000
vt 0.0696 0.0668
vt 0.0093 0.0692
vt 0.0000 0.0000
vt 0.0613 -0.0000
vt 0.0528 0.0680
vt 0.0081 0.0693
vt 0.0000 0.0000
vt 0.0779 -0.0000
vt 0.0551 0.0677
vt -0.0077 0.0677
vt 0.0000 0.0000
vt 0.0651 0.0000
vt 0.0439 0.0679
vt -0.0058 0.0683
vt 0.0000 0.0000
vt 0.0720 0.0000
vt 0.0644 0.0632
vt -0.0101 0.0618
vt 0.0000 0.0000
vt 0.0748 0.0000
vt 0.0695 0.0651
vt -0.0085 0.0621
vt 0.0000 0.0000
vt 0.0720 -0.0000
vt 0.0671 0.0654
vt -0.0077 0.0635
vt 0.0000 0.0000
vt 0.0748 0.0000
vt 0.0719 0.0646
vt -0.0051 0.0660
vt 0.0000 0.0000
vt 0.0738 -0.0000
vt 0.0674 0.0521
vt 0.0010 0.0595
vt 0.0000 0.0000
vt 0.0668 0.0000
vt 0.0550 0.0513
vt -0.0053 0.0593
vt 0.0000 0.0000
vt 0.0738 0.0000
vt 0.0601 0.0439
vt -0.0063 0.0522
vt 0.0000 0.0000
vt 0.0676 0.0000
vt 0.0483 0.0418
vt -0.0109 0.0515
vt 0.0000 0.0000
vt 0.1607 -0.0000
vt 0.1914 0.1980
vt 0.0427 0.2313
vt 0.0000 0.0000
vt 0.1523 -0.0000
vt 0.1391 0.2000
vt -0.0087 0.2351
vt 0.0000 0.0000
vt 0.1607 -0.0000
vt 0.1791 0.1647
vt 0.0307 0.1980
vt 0.0000 0.0000
vt 0.1531 0.0000
vt 0.1348 0.1648
vt -0.0130 0.2000
vt 0.0000 0.0000
vt 0.1750 0.0000
vt 0.1599 0.1672
vt -0.0235 0.1779
vt 0.0000 0.0000
vt 0.1846 -0.0000
vt 0.1614 0.1678
vt -0.0340 0.1762
vt 0.0000 0.0000
vt 0.1750 0.0000
vt 0.1719 0.1595
vt -0.0147 0.1681
vt 0.0000 0.0000
vt 0.1871 -0.0000
vt 0.1712 0.1555
vt -0.0202 0.1682
vt 0.0000 0.0000
vt 0.2353 -0.0000
vt 0.2431 0.1111
vt 0.0387 0.1159
vt 0.0000 0.0000
vt 0.2045 -0.0000
vt 0.2103 0.1116
vt 0.0361 0.1167
vt 0.0000 0.0000
vt 0.2353 0.0000
vt 0.2124 0.1057
vt 0.0082 0.1111
vt 0.0000 0.0000
vt 0.2045 0.0000
vt 0.1791 0.1033
vt 0.0057 0.1128
vt 0.0000 0.0000
vt 0.1147 0.0000
vt 0.0722 0.1743
vt -0.0299 0.1634
vt 0.0000 0.0000
vt 0.1076 0.0000
vt 0.0925 0.1802
vt -0.0096 0.1659
vt 0.0000 0.0000
vt 0.1147 0.0000
vt 0.0682 0.1876
vt -0.0342 0.1791
vt 0.0000 0.0000
vt 0.1074 -0.0000
vt 0.0850 0.1946
vt -0.0166 0.1801
vt 0.0000 0.0000
vt 0.1223 0.0000
vt 0.0921 0.1574
vt -0.0151 0.1608
vt 0.0000 0.0000
vt 0.1218 -0.0000
vt 0.1054 0.1647
vt -0.0039 0.1615
vt 0.0000 0.0000
vt 0.1223 -0.0000
vt 0.0869 0.1783
vt -0.0253 0.1684
vt 0.0000 0.0000
vt 0.1156 0.0000
vt 0.0939 0.1709
vt -0.0190 0.1644
vt 0.0000 0.0000
vt 0.1522 0.0000
vt 0.1389 0.1006
vt -0.0156 0.1079
vt 0.0000 0.0000
vt 0.1555 0.0000
vt 0.1386 0.1009
vt -0.0174 0.1076
vt 0.0000 0.0000
vt 0.1522 0.0000
vt 0.1380 0.0983
vt -0.0138 0.1018
vt 0.0000 0.0000
vt 0.1578 -0.0000
vt 0.1472 0.0966
vt -0.0165 0.1012
vt 0.0000 0.0000
vt 0.1511 0.0000
vt 0.1545 0.0972
vt -0.0099 0.0958
vt 0.0000 0.0000
vt 0.1646 0.0000
vt 0.1694 0.0957
vt -0.0097 0.0958
vt 0.0000 0.0000
vt 0.1511 0.0000
vt 0.1675 0.0994
vt 0.0032 0.0976
vt 0.0000 0.0000
vt 0.1644 0.0000
vt 0.1830 0.1032
vt 0.0043 0.0976
vt 0.0000 0.0000
vt 0.1456 0.0000
vt 0.1446 0.1468
vt 0.0005 0.1556
vt 0.0000 0.0000
vt 0.1458 -0.0000
vt 0.1383 0.1478
vt -0.0064 0.1554
vt 0.0000 0.0000
vt 0.1456 -0.0000
vt 0.1432 0.1405
vt -0.0010 0.1481
vt 0.0000 0.0000
vt 0.1444 0.0000
vt 0.1345 0.1402
vt -0.0088 0.1477
vt 0.0000 0.0000
vt 0.0961 0.0000
vt 0.0849 0.0884
vt -0.0338 0.0767
vt 0.0000 0.0000
vt 0.1200 -0.0000
vt 0.1214 0.0928
vt -0.0242 0.0803
vt 0.0000 0.0000
vt 0.0961 0.0000
vt 0.1072 0.1026
vt -0.0113 0.0893
vt 0.0000 0.0000
vt 0.1195 0.0000
vt 0.1440 0.1069
vt 0.0001 0.0940
vt 0.0000 0.0000
vt 0.1189 0.0000
vt 0.0937 0.1194
vt -0.0094 0.1039
vt 0.0000 0.0000
vt 0.1057 0.0000
vt 0.0928 0.1219
vt 0.0050 0.1042
vt 0.0000 0.0000
vt 0.1189 0.0000
vt 0.0719 0.1359
vt -0.0286 0.1198
vt 0.0000 0.0000
vt 0.1021 -0.0000
vt 0.0778 0.1344
vt -0.0093 0.1225
vt 0.0000 0.0000
vt 0.0834 0.0000
vt 0.0903 0.1519
vt -0.0105 0.1510
vt 0.0000 0.0000
vt 0.1010 0.0000
vt 0.1101 0.1520
vt -0.0082 0.1511
vt 0.0000 0.0000
vt 0.0834 -0.0000
vt 0.1078 0.1533
vt 0.0068 0.1521
vt 0.0000 0.0000
vt 0.1016 -0.0000
vt 0.1269 0.1527
vt 0.0094 0.1520
vt 0.0000 0.0000
vt 0.1809 0.0000
vt 0.1894 0.0919
vt 0.0310 0.1025
vt 0.0000 0.0000
vt 0.1634 0.0000
vt 0.1664 0.0943
vt 0.0299 0.1028
vt 0.0000 0.0000
vt 0.1809 -0.0000
vt 0.1705 0.0909
vt 0.0110 0.0996
vt 0.0000 0.0000
vt 0.1605 -0.0000
vt 0.1459 0.0864
vt 0.0078 0.0986
vt 0.0000 0.0000
vt 0.1597 0.0000
vt 0.1589 0.1585
vt -0.0044 0.1750
vt 0.0000 0.0000
vt 0.1670 -0.0000
vt 0.1543 0.1583
vt -0.0186 0.1741
vt 0.0000 0.0000
vt 0.1597 0.0000
vt 0.1648 0.1451
vt 0.0024 0.1615
vt 0.0000 0.0000
vt 0.1679 0.0000
vt 0.1678 0.1496
vt -0.0103 0.1610
vt 0.0000 0.0000
vt 0.1652 -0.0000
vt 0.1906 0.1293
vt 0.0222 0.1519
vt 0.0000 0.0000
vt 0.1702 -0.0000
vt 0.1786 0.1314
vt 0.0017 0.1535
vt 0.0000 0.0000
vt 0.1652 0.0000
vt 0.1951 0.1060
vt 0.0266 0.1294
vt 0.0000 0.0000
vt 0.1702 -0.0000
vt 0.1854 0.1087
vt 0.0084 0.1314
vt 0.0000 0.0000
vt 0.1748 0.0000
vt 0.1767 0.1123
vt 0.0084 0.1164
vt 0.0000 0.0000
vt 0.1686 0.0000
vt 0.1698 0.1136
vt 0.0060 0.1165
vt 0.0000 0.0000
vt 0.1748 0.0000
vt 0.1703 0.0988
vt 0.0054 0.1128
vt 0.0000 0.0000
vt 0.1724 0.0000
vt 0.1712 0.1065
vt 0.0082 0.1170
vt 0.0000 0.0000
vt 0.0956 0.0000
vt 0.1103 0.1612
vt -0.0034 0.1503
vt 0.0000 0.0000
vt 0.1171 0.0000
vt 0.1442 0.1595
vt 0.0119 0.1499
vt 0.0000 0.0000
vt 0.0956 0.0000
vt 0.1176 0.1789
vt 0.0093 0.1637
vt 0.0000 0.0000
vt 0.1118 0.0000
vt 0.1587 0.1687
vt 0.0282 0.1595
vt 0.0000 0.0000
vt 0.1170 0.0000
vt 0.1155 0.1555
vt 0.0086 0.1590
vt 0.0000 0.0000
vt 0.1073 0.0000
vt 0.1056 0.1564
vt 0.0082 0.1590
vt 0.0000 0.0000
vt 0.1170 0.0000
vt 0.1043 0.1524
vt -0.0001 0.1557
vt 0.0000 0.0000
vt 0.1056 -0.0000
vt 0.0901 0.1520
vt -0.0042 0.1564
vt 0.0000 0.0000
vt 0.1777 -0.0000
vt 0.1551 0.1125
vt 0.0149 0.1078
vt 0.0000 0.0000
vt 0.1412 -0.0000
vt 0.1246 0.1096
vt 0.0180 0.1073
vt 0.0000 0.0000
vt 0.1777 0.0000
vt 0.1231 0.1192
vt -0.0187 0.1143
vt 0.0000 0.0000
vt 0.1420 0.0000
vt 0.0931 0.1241
vt -0.0142 0.1162
vt 0.0000 0.0000
vt 0.0857 0.0000
vt 0.0747 0.0866
vt -0.0076 0.0828
vt 0.0000 0.0000
vt 0.0825 0.0000
vt 0.0758 0.0866
vt -0.0037 0.0830
vt 0.0000 0.0000
vt 0.0857 0.0000
vt 0.0726 0.0908
vt -0.0101 0.0868
vt 0.0000 0.0000
vt 0.0828 -0.0000
vt 0.0747 0.0922
vt -0.0055 0.0879
vt 0.0000 0.0000
vt 0.0918 -0.0000
vt 0.0892 0.0751
vt -0.0031 0.0694
vt 0.0000 0.0000
vt 0.0964 0.0000
vt 0.0979 0.0750
vt 0.0046 0.0693
vt 0.0000 0.0000
vt 0.0918 -0.0000
vt 0.0932 0.0875
vt -0.0004 0.0799
vt 0.0000 0.0000
vt 0.0942 -0.0000
vt 0.1030 0.0856
vt 0.0057 0.0802
vt 0.0000 0.0000
vt 0.0838 -0.0000
vt 0.0854 0.0608
vt -0.0013 0.0720
vt 0.0000 0.0000
vt 0.0875 0.0000
vt 0.0821 0.0605
vt -0.0107 0.0712
vt 0.0000 0.0000
vt 0.0838 0.0000
vt 0.0841 0.0512
vt 0.0004 0.0609
vt 0.0000 0.0000
vt 0.0867 0.0000
vt 0.0838 0.0493
vt -0.0060 0.0610
vt 0.0000 0.0000
vt 0.0678 0.0000
vt 0.0678 0.0925
vt 0.0079 0.0922
vt 0.0000 0.0000
vt 0.0651 0.0000
vt 0.0646 0.0936
vt 0.0141 0.0915
vt 0.0000 0.0000
vt 0.0678 -0.0000
vt 0.0617 0.0976
vt 0.0011 0.0959
vt 0.0000 0.0000
vt 0.0609 0.0000
vt 0.0587 0.0964
vt 0.0054 0.0953
vt 0.0000 0.0000
vt 0.0725 -0.0000
vt 0.0766 0.0789
vt 0.0098 0.0855
vt 0.0000 0.0000
vt 0.0689 0.0000
vt 0.0663 0.0764
vt -0.0004 0.0861
vt 0.0000 0.0000
vt 0.0725 -0.0000
vt 0.0777 0.0688
vt 0.0103 0.0798
vt 0.0000 0.0000
vt 0.0686 -0.0000
vt 0.0633 0.0669
vt -0.0023 0.0766
vt 0.0000 0.0000
vt 0.0813 0.0000
vt 0.0695 0.0513
vt -0.0141 0.0497
vt 0.0000 0.0000
vt 0.0836 0.0000
vt 0.0732 0.0496
vt -0.0118 0.0503
vt 0.0000 0.0000
vt 0.0813 0.0000
vt 0.0757 0.0547
vt -0.0093 0.0519
vt 0.0000 0.0000
vt 0.0853 0.0000
vt 0.0802 0.0532
vt -0.0082 0.0517
vt 0.0000 0.0000
vt 0.1211 0.0000
vt 0.1035 0.1419
vt -0.0049 0.1349
vt 0.0000 0.0000
vt 0.1119 -0.0000
vt 0.1105 0.1449
vt 0.0070 0.1348
vt 0.0000 0.0000
vt 0.1211 0.0000
vt 0.0925 0.1537
vt -0.0167 0.1445
vt 0.0000 0.0000
vt 0.1097 0.0000
vt 0.0958 0.1582
vt -0.0043 0.1456
vt 0.0000 0.0000
vt 0.1405 -0.0000
vt 0.1392 0.1097
vt -0.0003 0.1178
vt 0.0000 0.0000
vt 0.1402 0.0000
vt 0.1330 0.1091
vt -0.0073 0.1176
vt 0.0000 0.0000
vt 0.1405 -0.0000
vt 0.1398 0.1009
vt 0.0001 0.1102
vt 0.0000 0.0000
vt 0.1401 -0.0000
vt 0.1331 0.1007
vt -0.0071 0.1091
vt 0.0000 0.0000
vt 0.1348 0.0000
vt 0.1191 0.0738
vt -0.0163 0.0600
vt 0.0000 0.0000
vt 0.1378 0.0000
vt 0.1299 0.0753
vt -0.0096 0.0614
vt 0.0000 0.0000
vt 0.1348 0.0000
vt 0.1209 0.0853
vt -0.0144 0.0773
vt 0.0000 0.0000
vt 0.1378 0.0000
vt 0.1315 0.0880
vt -0.0062 0.0759
vt 0.0000 0.0000
vt 0.0712 0.0000
vt 0.0885 0.1482
vt 0.0221 0.1565
vt 0.0000 0.0000
vt 0.0669 0.0000
vt 0.0663 0.1489
vt 0.0017 0.1581
vt 0.0000 0.0000
vt 0.0712 0.0000
vt 0.0839 0.1398
vt 0.0169 0.1483
vt 0.0000 0.0000
vt 0.0677 0.0000
vt 0.0606 0.1407
vt -0.0028 0.1494
vt 0.0000 0.0000
vt 0.0621 0.0000
vt 0.0591 0.1176
vt -0.0068 0.1215
vt 0.0000 0.0000
vt 0.0691 0.0000
vt 0.0646 0.1189
vt -0.0060 0.1216
vt 0.0000 0.0000
vt 0.0621 -0.0000
vt 0.0627 0.1168
vt -0.0032 0.1193
vt 0.0000 0.0000
vt 0.0665 -0.0000
vt 0.0600 0.1179
vt -0.0072 0.1190
vt 0.0000 0.0000
vt 0.1041 0.0000
vt 0.1153 0.0758
vt 0.0143 0.0891
vt 0.0000 0.0000
vt 0.1023 0.0000
vt 0.1012 0.0766
vt 0.0017 0.0902
vt 0.0000 0.0000
vt 0.1041 0.0000
vt 0.1109 0.0616
vt 0.0097 0.0766
vt 0.0000 0.0000
vt 0.1026 -0.0000
vt 0.0970 0.0591
vt 0.0019 0.0769
vt 0.0000 0.0000
vt 0.1845 0.0000
vt 0.1795 0.1093
vt 0.0048 0.0918
vt 0.0000 0.0000
vt 0.1757 -0.0000
vt 0.1819 0.1083
vt 0.0146 0.0908
vt 0.0000 0.0000
vt 0.1845 0.0000
vt 0.1699 0.1281
vt -0.0048 0.1095
vt 0.0000 0.0000
vt 0.1760 -0.0000
vt 0.1755 0.1286
vt 0.0067 0.1094
vt 0.0000 0.0000
vt 0.1231 -0.0000
vt 0.1181 0.1684
vt -0.0061 0.1583
vt 0.0000 0.0000
vt 0.1246 0.0000
vt 0.1334 0.1675
vt 0.0068 0.1583
vt 0.0000 0.0000
vt 0.1231 -0.0000
vt 0.1195 0.1763
vt -0.0039 0.1685
vt 0.0000 0.0000
vt 0.1259 0.0000
vt 0.1342 0.1772
vt 0.0091 0.1677
vt 0.0000 0.0000
vt 0.0924 0.0000
vt 0.0873 0.0739
vt -0.0146 0.0796
vt 0.0000 0.0000
vt 0.1049 -0.0000
vt 0.1029 0.0784
vt -0.0176 0.0790
vt 0.0000 0.0000
vt 0.0924 0.0000
vt 0.1063 0.0759
vt -0.0001 0.0778
vt 0.0000 0.0000
vt 0.1066 0.0000
vt 0.1239 0.0844
vt 0.0018 0.0829
vt 0.0000 0.0000
vt 0.0754 0.0000
vt 0.1159 0.1215
vt 0.0439 0.1215
vt 0.0000 0.0000
vt 0.0720 0.0000
vt 0.1112 0.1220
vt 0.0438 0.1215
vt 0.0000 0.0000
vt 0.0754 0.0000
vt 0.1132 0.1213
vt 0.0409 0.1214
vt 0.0000 0.0000
vt 0.0722 0.0000
vt 0.1091 0.1197
vt 0.0426 0.1219
vt 0.0000 0.0000
vt 0.0809 0.0000
vt 0.1250 0.1649
vt 0.0544 0.1764
vt 0.0000 0.0000
vt 0.0751 -0.0000
vt 0.0919 0.1683
vt 0.0205 0.1835
vt 0.0000 0.0000
vt 0.0809 0.0000
vt 0.1192 0.1533
vt 0.0473 0.1656
vt 0.0000 0.0000
vt 0.0731 0.0000
vt 0.0854 0.1550
vt 0.0166 0.1688
vt 0.0000 0.0000
vt 0.1695 -0.0000
vt 0.1716 0.0754
vt -0.0016 0.0817
vt 0.0000 0.0000
vt 0.1735 -0.0000
vt 0.1729 0.0750
vt -0.0047 0.0816
vt 0.0000 0.0000
vt 0.1695 0.0000
vt 0.1758 0.0681
vt 0.0026 0.0755
vt 0.0000 0.0000
vt 0.1735 -0.0000
vt 0.1770 0.0681
vt -0.0005 0.0750
vt 0.0000 0.0000
vt 0.1310 0.0000
vt 0.1430 0.1319
vt 0.0098 0.1454
vt 0.0000 0.0000
vt 0.1371 -0.0000
vt 0.1433 0.1335
vt -0.0044 0.1456
vt 0.0000 0.0000
vt 0.1310 0.0000
vt 0.1602 0.1275
vt 0.0190 0.1344
vt 0.0000 0.0000
vt 0.1456 0.0000
vt 0.1628 0.1208
vt 0.0158 0.1374
vt 0.0000 0.0000
vt 0.1413 0.0000
vt 0.1326 0.1160
vt -0.0167 0.1161
vt 0.0000 0.0000
vt 0.1505 0.0000
vt 0.1440 0.1175
vt -0.0137 0.1165
vt 0.0000 0.0000
vt 0.1413 -0.0000
vt 0.1396 0.1202
vt -0.0091 0.1175
vt 0.0000 0.0000
vt 0.1494 0.0000
vt 0.1501 0.1191
vt -0.0070 0.1176
vt 0.0000 0.0000
vt 0.1459 0.0000
vt 0.1293 0.1314
vt -0.0116 0.1420
vt 0.0000 0.0000
vt 0.1425 0.0000
vt 0.1178 0.1289
vt -0.0187 0.1412
vt 0.0000 0.0000
vt 0.1459 0.0000
vt 0.1243 0.1247
vt -0.0165 0.1328
vt 0.0000 0.0000
vt 0.1426 -0.0000
vt 0.1183 0.1264
vt -0.0228 0.1323
vt 0.0000 0.0000
vt 0.0849 -0.0000
vt 0.0381 0.1249
vt -0.0597 0.1132
vt 0.0000 0.0000
vt 0.1063 -0.0000
vt 0.0919 0.1377
vt -0.0376 0.1223
vt 0.0000 0.0000
vt 0.0849 0.0000
vt 0.0556 0.1541
vt -0.0446 0.1319
vt 0.0000 0.0000
vt 0.1060 0.0000
vt 0.1145 0.1552
vt -0.0147 0.1384
vt 0.0000 0.0000
vt 0.1413 -0.0000
vt 0.1577 0.1188
vt 0.0456 0.1217
vt 0.0000 0.0000
vt 0.1128 0.0000
vt 0.1276 0.1193
vt 0.0424 0.1228
vt 0.0000 0.0000
vt 0.1413 -0.0000
vt 0.1312 0.1177
vt 0.0175 0.1191
vt 0.0000 0.0000
vt 0.1154 -0.0000
vt 0.0993 0.1136
vt 0.0180 0.1204
vt 0.0000 0.0000
vt 0.1504 0.0000
vt 0.1188 0.1234
vt -0.0138 0.1297
vt 0.0000 0.0000
vt 0.1327 0.0000
vt 0.0950 0.1170
vt -0.0186 0.1291
vt 0.0000 0.0000
vt 0.1504 0.0000
vt 0.1015 0.1204
vt -0.0313 0.1236
vt 0.0000 0.0000
vt 0.1348 0.0000
vt 0.0866 0.1205
vt -0.0322 0.1246
vt 0.0000 0.0000
vt 0.1000 0.0000
vt 0.0869 0.1916
vt -0.0066 0.1911
vt 0.0000 0.0000
vt 0.0946 0.0000
vt 0.0839 0.1918
vt -0.0042 0.1911
vt 0.0000 0.0000
vt 0.1000 0.0000
vt 0.0816 0.1928
vt -0.0119 0.1922
vt 0.0000 0.0000
vt 0.0946 0.0000
vt 0.0796 0.1936
vt -0.0097 0.1923
vt 0.0000 0.0000
vt 0.1899 0.0000
vt 0.1917 0.0800
vt 0.0079 0.0878
vt 0.0000 0.0000
vt 0.1840 0.0000
vt 0.1825 0.0789
vt 0.0040 0.0881
vt 0.0000 0.0000
vt 0.1899 0.0000
vt 0.1858 0.0714
vt 0.0020 0.0801
vt 0.0000 0.0000
vt 0.1840 -0.0000
vt 0.1765 0.0710
vt -0.0016 0.0793
vt 0.0000 0.0000
vt 0.1911 0.0000
vt 0.1912 0.0419
vt 0.0009 0.0426
vt 0.0000 0.0000
vt 0.1904 0.0000
vt 0.1906 0.0425
vt 0.0008 0.0426
vt 0.0000 0.0000
vt 0.1911 0.0000
vt 0.1903 0.0420
vt 0.0002 0.0425
vt 0.0000 0.0000
vt 0.1906 0.0000
vt 0.1901 0.0426
vt 0.0001 0.0425
vt 0.0000 0.0000
vt 0.0405 0.0000
vt 0.0977 0.1775
vt 0.0572 0.1857
vt 0.0000 0.0000
vt 0.0415 0.0000
vt 0.0635 0.1853
vt 0.0205 0.1932
vt 0.0000 0.0000
vt 0.0405 -0.0000
vt 0.0977 0.1696
vt 0.0571 0.1776
vt 0.0000 0.0000
vt 0.0414 -0.0000
vt 0.0646 0.1774
vt 0.0217 0.1853
vt 0.0000 0.0000
vt 0.0423 0.0000
vt 0.0584 0.0921
vt 0.0184 0.0980
vt 0.0000 0.0000
vt 0.0405 0.0000
vt 0.0427 0.0932
vt 0.0041 0.0997
vt 0.0000 0.0000
vt 0.0423 0.0000
vt 0.0560 0.0865
vt 0.0161 0.0921
vt 0.0000 0.0000
vt 0.0425 0.0000
vt 0.0446 0.0873
vt 0.0056 0.0939
vt 0.0000 0.0000
vt 0.0895 0.0000
vt 0.0966 0.0429
vt 0.0160 0.0406
vt 0.0000 0.0000
vt 0.0807 0.0000
vt 0.0894 0.0403
vt 0.0175 0.0399
vt 0.0000 0.0000
vt 0.0895 -0.0000
vt 0.0885 0.0421
vt 0.0083 0.0427
vt 0.0000 0.0000
vt 0.0809 0.0000
vt 0.0802 0.0440
vt 0.0085 0.0414
vt 0.0000 0.0000
vt 0.1082 -0.0000
vt 0.0977 0.1847
vt -0.0046 0.1848
vt 0.0000 0.0000
vt 0.1023 -0.0000
vt 0.0919 0.1847
vt -0.0044 0.1848
vt 0.0000 0.0000
vt 0.1082 -0.0000
vt 0.0923 0.1845
vt -0.0100 0.1847
vt 0.0000 0.0000
vt 0.1022 0.0000
vt 0.0858 0.1844
vt -0.0106 0.1847
vt 0.0000 0.0000
vt 0.1666 0.0000
vt 0.1629 0.0968
vt -0.0122 0.1044
vt 0.0000 0.0000
vt 0.1754 0.0000
vt 0.1676 0.0966
vt -0.0167 0.1038
vt 0.0000 0.0000
vt 0.1666 -0.0000
vt 0.1714 0.0896
vt -0.0037 0.0971
vt 0.0000 0.0000
vt 0.1753 0.0000
vt 0.1763 0.0898
vt -0.0079 0.0966
vt 0.0000 0.0000
vt 0.1847 0.0000
vt 0.1790 0.0434
vt 0.0033 0.0452
vt 0.0000 0.0000
vt 0.1756 0.0000
vt 0.1696 0.0432
vt 0.0030 0.0452
vt 0.0000 0.0000
vt 0.1847 0.0000
vt 0.1700 0.0407
vt -0.0056 0.0434
vt 0.0000 0.0000
vt 0.1757 0.0000
vt 0.1607 0.0413
vt -0.0060 0.0432
vt 0.0000 0.0000
vt 0.0479 -0.0000
vt 0.0226 0.1829
vt -0.0285 0.1828
vt 0.0000 0.0000
vt 0.0515 0.0000
vt 0.0274 0.1832
vt -0.0278 0.1829
vt 0.0000 0.0000
vt 0.0479 0.0000
vt 0.0267 0.1832
vt -0.0243 0.1832
vt 0.0000 0.0000
vt 0.0515 -0.0000
vt 0.0314 0.1834
vt -0.0240 0.1832
vt 0.0000 0.0000
vt 0.0458 0.0000
vt 0.0078 0.1003
vt -0.0371 0.1020
vt 0.0000 0.0000
vt 0.0455 0.0000
vt 0.0058 0.0976
vt -0.0398 0.1009
vt 0.0000 0.0000
vt 0.0458 0.0000
vt 0.0144 0.1009
vt -0.0319 0.1026
vt 0.0000 0.0000
vt 0.0464 0.0000
vt 0.0097 0.0981
vt -0.0374 0.0998
vt 0.0000 0.0000
vt 0.0964 0.0000
vt 0.0818 0.0471
vt -0.0109 0.0425
vt 0.0000 0.0000
vt 0.0929 0.0000
vt 0.0807 0.0474
vt -0.0087 0.0430
vt 0.0000 0.0000
vt 0.0964 0.0000
vt 0.0789 0.0527
vt -0.0142 0.0473
vt 0.0000 0.0000
vt 0.0935 0.0000
vt 0.0789 0.0529
vt -0.0116 0.0479
vt 0.0000 0.0000
vt 0.0728 0.0000
vt 0.0668 0.2060
vt -0.0139 0.1939
vt 0.0000 0.0000
vt 0.0816 0.0000
vt 0.1061 0.2043
vt 0.0155 0.1938
vt 0.0000 0.0000
vt 0.0728 -0.0000
vt 0.0750 0.2183
vt -0.0058 0.2060
vt 0.0000 0.0000
vt 0.0819 -0.0000
vt 0.1168 0.2154
vt 0.0257 0.2047
vt 0.0000 0.0000
vt 0.2037 0.0000
vt 0.2086 0.0854
vt 0.0134 0.0957
vt 0.0000 0.0000
vt 0.1955 -0.0000
vt 0.1969 0.0866
vt 0.0089 0.0962
vt 0.0000 0.0000
vt 0.2037 0.0000
vt 0.1997 0.0753
vt 0.0050 0.0855
vt 0.0000 0.0000
vt 0.1957 0.0000
vt 0.1894 0.0777
vt 0.0018 0.0878
vt 0.0000 0.0000
vt 0.1944 0.0000
vt 0.1949 0.0490
vt -0.0034 0.0586
vt 0.0000 0.0000
vt 0.1992 0.0000
vt 0.1980 0.0501
vt -0.0056 0.0584
vt 0.0000 0.0000
vt 0.1944 0.0000
vt 0.1996 0.0422
vt 0.0011 0.0520
vt 0.0000 0.0000
vt 0.1988 0.0000
vt 0.2020 0.0423
vt -0.0013 0.0502
vt 0.0000 0.0000
vt 0.0511 0.0000
vt 0.0943 0.1973
vt 0.0505 0.2124
vt 0.0000 0.0000
vt 0.0531 0.0000
vt 0.0382 0.2017
vt -0.0167 0.2177
vt 0.0000 0.0000
vt 0.0511 0.0000
vt 0.0916 0.1841
vt 0.0460 0.1984
vt 0.0000 0.0000
vt 0.0486 0.0000
vt 0.0329 0.1864
vt -0.0185 0.2015
vt 0.0000 0.0000
vt 0.0586 0.0000
vt 0.0564 0.0835
vt 0.0058 0.0726
vt 0.0000 0.0000
vt 0.0521 0.0000
vt 0.0674 0.0819
vt 0.0210 0.0697
vt 0.0000 0.0000
vt 0.0586 0.0000
vt 0.0479 0.0937
vt -0.0017 0.0837
vt 0.0000 0.0000
vt 0.0552 -0.0000
vt 0.0695 0.0949
vt 0.0196 0.0825
vt 0.0000 0.0000
vt 0.0922 0.0000
vt 0.0912 0.0462
vt 0.0074 0.0424
vt 0.0000 0.0000
vt 0.0847 0.0000
vt 0.0874 0.0474
vt 0.0106 0.0417
vt 0.0000 0.0000
vt 0.0922 0.0000
vt 0.0806 0.0542
vt -0.0019 0.0477
vt 0.0000 0.0000
vt 0.0834 0.0000
vt 0.0778 0.0556
vt 0.0019 0.0477
vt 0.0000 0.0000
vt 0.0462 0.0000
vt 0.0472 0.1143
vt 0.0110 0.1129
vt 0.0000 0.0000
vt 0.0363 0.0000
vt 0.0412 0.1122
vt 0.0171 0.1121
vt 0.0000 0.0000
vt 0.0462 0.0000
vt 0.0394 0.1168
vt 0.0024 0.1143
vt 0.0000 0.0000
vt 0.0388 0.0000
vt 0.0396 0.1162
vt 0.0127 0.1148
vt 0.0000 0.0000
vt 0.1326 0.0000
vt 0.1423 0.0351
vt 0.0116 0.0362
vt 0.0000 0.0000
vt 0.1317 0.0000
vt 0.1448 0.0401
vt 0.0146 0.0351
vt 0.0000 0.0000
vt 0.1326 0.0000
vt 0.1365 0.0491
vt 0.0088 0.0390
vt 0.0000 0.0000
vt 0.1323 0.0000
vt 0.1459 0.0489
vt 0.0135 0.0405
vt 0.0000 0.0000
vt 0.1130 0.0000
vt 0.1045 0.0457
vt -0.0156 0.0405
vt 0.0000 0.0000
vt 0.1229 0.0000
vt 0.1217 0.0521
vt -0.0112 0.0419
vt 0.0000 0.0000
vt 0.1130 -0.0000
vt 0.1115 0.0634
vt -0.0086 0.0523
vt 0.0000 0.0000
vt 0.1207 0.0000
vt 0.1259 0.0673
vt -0.0037 0.0527
vt 0.0000 0.0000
vt 0.0634 0.0000
vt 0.0596 0.1222
vt 0.0059 0.1170
vt 0.0000 0.0000
vt 0.0562 -0.0000
vt 0.0728 0.1230
vt 0.0220 0.1151
vt 0.0000 0.0000
vt 0.0634 0.0000
vt 0.0488 0.1302
vt -0.0041 0.1232
vt 0.0000 0.0000
vt 0.0548 0.0000
vt 0.0606 0.1318
vt 0.0149 0.1240
vt 0.0000 0.0000
vt 0.0433 0.0000
vt 0.0582 0.0336
vt 0.0092 0.0452
vt 0.0000 0.0000
vt 0.0508 0.0000
vt 0.0577 0.0350
vt -0.0013 0.0461
vt 0.0000 0.0000
vt 0.0433 0.0000
vt 0.0625 0.0208
vt 0.0159 0.0339
vt 0.0000 0.0000
vt 0.0548 0.0000
vt 0.0762 0.0281
vt 0.0154 0.0406
vt 0.0000 0.0000
vt 0.0320 0.0000
vt 0.0546 0.0503
vt 0.0171 0.0640
vt 0.0000 0.0000
vt 0.0414 0.0000
vt 0.0482 0.0551
vt -0.0057 0.0660
vt 0.0000 0.0000
vt 0.0320 0.0000
vt 0.0642 0.0345
vt 0.0273 0.0492
vt 0.0000 0.0000
vt 0.0414 0.0000
vt 0.0609 0.0466
vt 0.0068 0.0560
vt 0.0000 0.0000
vt 0.1248 0.0000
vt 0.1287 0.1172
vt 0.0134 0.1164
vt 0.0000 0.0000
vt 0.1157 -0.0000
vt 0.1213 0.1174
vt 0.0146 0.1163
vt 0.0000 0.0000
vt 0.1248 -0.0000
vt 0.1182 0.1189
vt 0.0034 0.1176
vt 0.0000 0.0000
vt 0.1149 -0.0000
vt 0.1098 0.1199
vt 0.0047 0.1176
vt 0.0000 0.0000
vt 0.1140 -0.0000
vt 0.1067 0.1017
vt -0.0074 0.0996
vt 0.0000 0.0000
vt 0.1146 -0.0000
vt 0.1099 0.1022
vt -0.0051 0.0998
vt 0.0000 0.0000
vt 0.1140 0.0000
vt 0.1072 0.1046
vt -0.0070 0.1023
vt 0.0000 0.0000
vt 0.1143 0.0000
vt 0.1096 0.1047
vt -0.0050 0.1022
vt 0.0000 0.0000
vt 0.1172 0.0000
vt 0.1273 0.0384
vt 0.0129 0.0467
vt 0.0000 0.0000
vt 0.1149 -0.0000
vt 0.1225 0.0388
vt 0.0094 0.0476
vt 0.0000 0.0000
vt 0.1172 0.0000
vt 0.1251 0.0314
vt 0.0104 0.0387
vt 0.0000 0.0000
vt 0.1152 0.0000
vt 0.1216 0.0314
vt 0.0078 0.0391
vt 0.0000 0.0000
vt 0.0392 0.0000
vt 0.0464 0.1170
vt 0.0032 0.1200
vt 0.0000 0.0000
vt 0.0433 0.0000
vt 0.0423 0.1170
vt -0.0057 0.1199
vt 0.0000 0.0000
vt 0.0392 0.0000
vt 0.0498 0.1141
vt 0.0068 0.1171
vt 0.0000 0.0000
vt 0.0431 0.0000
vt 0.0455 0.1147
vt -0.0014 0.1172
vt 0.0000 0.0000
vt 0.0488 0.0000
vt 0.0767 0.1083
vt 0.0374 0.1189
vt 0.0000 0.0000
vt 0.0427 -0.0000
vt 0.0416 0.1119
vt 0.0061 0.1245
vt 0.0000 0.0000
vt 0.0488 0.0000
vt 0.0704 0.0973
vt 0.0304 0.1084
vt 0.0000 0.0000
vt 0.0420 0.0000
vt 0.0383 0.1001
vt 0.0012 0.1125
vt 0.0000 0.0000
vt 0.1068 0.0000
vt 0.0971 0.0394
vt -0.0081 0.0323
vt 0.0000 0.0000
vt 0.1055 0.0000
vt 0.0986 0.0391
vt -0.0062 0.0327
vt 0.0000 0.0000
vt 0.1068 0.0000
vt 0.0952 0.0459
vt -0.0099 0.0395
vt 0.0000 0.0000
vt 0.1054 -0.0000
vt 0.0964 0.0482
vt -0.0075 0.0401
vt 0.0000 0.0000
vt 0.0712 -0.0000
vt 0.0451 0.1832
vt -0.0226 0.1741
vt 0.0000 0.0000
vt 0.0683 -0.0000
vt 0.0670 0.1847
vt 0.0008 0.1756
vt 0.0000 0.0000
vt 0.0712 0.0000
vt 0.0423 0.1925
vt -0.0255 0.1833
vt 0.0000 0.0000
vt 0.0685 -0.0000
vt 0.0657 0.1946
vt -0.0009 0.1850
vt 0.0000 0.0000
vt 0.1750 -0.0000
vt 0.1775 0.0519
vt -0.0034 0.0527
vt 0.0000 0.0000
vt 0.1809 0.0000
vt 0.1832 0.0506
vt -0.0036 0.0527
vt 0.0000 0.0000
vt 0.1750 0.0000
vt 0.1833 0.0514
vt 0.0026 0.0520
vt 0.0000 0.0000
vt 0.1816 0.0000
vt 0.1916 0.0546
vt 0.0041 0.0558
vt 0.0000 0.0000
vt 0.1756 0.0000
vt 0.1792 0.0460
vt 0.0042 0.0438
vt 0.0000 0.0000
vt 0.1754 -0.0000
vt 0.1796 0.0460
vt 0.0048 0.0437
vt 0.0000 0.0000
vt 0.1756 0.0000
vt 0.1791 0.0477
vt 0.0040 0.0471
vt 0.0000 0.0000
vt 0.1753 0.0000
vt 0.1795 0.0481
vt 0.0047 0.0466
vt 0.0000 0.0000
vt 0.0470 0.0000
vt 0.0735 0.1890
vt 0.0280 0.1927
vt 0.0000 0.0000
vt 0.0471 0.0000
vt 0.0555 0.1907
vt 0.0167 0.1940
vt 0.0000 0.0000
vt 0.0470 0.0000
vt 0.0698 0.1864
vt 0.0255 0.1895
vt 0.0000 0.0000
vt 0.0444 0.0000
vt 0.0537 0.1869
vt 0.0140 0.1909
vt 0.0000 0.0000
vt 0.0441 -0.0000
vt 0.0662 0.0574
vt 0.0233 0.0674
vt 0.0000 0.0000
vt 0.0445 0.0000
vt 0.0541 0.0612
vt 0.0084 0.0708
vt 0.0000 0.0000
vt 0.0441 0.0000
vt 0.0659 0.0481
vt 0.0223 0.0577
vt 0.0000 0.0000
vt 0.0448 0.0000
vt 0.0550 0.0515
vt 0.0096 0.0612
vt 0.0000 0.0000
vt 0.0676 -0.0000
vt 0.0709 0.0450
vt 0.0096 0.0479
vt 0.0000 0.0000
vt 0.0614 0.0000
vt 0.0627 0.0450
vt 0.0075 0.0483
vt 0.0000 0.0000
vt 0.0676 0.0000
vt 0.0648 0.0422
vt 0.0035 0.0450
vt 0.0000 0.0000
vt 0.0614 0.0000
vt 0.0564 0.0420
vt 0.0012 0.0450
vt 0.0000 0.0000
vt 0.0934 -0.0000
vt 0.0959 0.1639
vt 0.0072 0.1740
vt 0.0000 0.0000
vt 0.0898 0.0000
vt 0.0746 0.1631
vt -0.0126 0.1737
vt 0.0000 0.0000
vt 0.0934 0.0000
vt 0.0887 0.1545
vt 0.0012 0.1641
vt 0.0000 0.0000
vt 0.0885 0.0000
vt 0.0680 0.1531
vt -0.0167 0.1633
vt 0.0000 0.0000
vt 0.1646 0.0000
vt 0.1550 0.0870
vt -0.0123 0.0825
vt 0.0000 0.0000
vt 0.1674 0.0000
vt 0.1602 0.0872
vt -0.0100 0.0828
vt 0.0000 0.0000
vt 0.1646 0.0000
vt 0.1577 0.0917
vt -0.0098 0.0871
vt 0.0000 0.0000
vt 0.1677 -0.0000
vt 0.1633 0.0919
vt -0.0070 0.0874
vt 0.0000 0.0000
vt 0.1743 0.0000
vt 0.1786 0.0363
vt 0.0094 0.0421
vt 0.0000 0.0000
vt 0.1693 0.0000
vt 0.1725 0.0359
vt 0.0081 0.0424
vt 0.0000 0.0000
vt 0.1743 -0.0000
vt 0.1739 0.0301
vt 0.0047 0.0364
vt 0.0000 0.0000
vt 0.1693 0.0000
vt 0.1678 0.0295
vt 0.0034 0.0364
vt 0.0000 0.0000
vt 0.0358 0.0000
vt -0.0121 0.1544
vt -0.0453 0.1480
vt 0.0000 0.0000
vt 0.0373 0.0000
vt 0.0243 0.1614
vt -0.0133 0.1542
vt 0.0000 0.0000
vt 0.0358 0.0000
vt -0.0171 0.1619
vt -0.0492 0.1549
vt 0.0000 0.0000
vt 0.0339 -0.0000
vt 0.0190 0.1690
vt -0.0161 0.1612
vt 0.0000 0.0000
vt 0.0436 0.0000
vt 0.0335 0.0867
vt -0.0033 0.0931
vt 0.0000 0.0000
vt 0.0374 0.0000
vt 0.0141 0.0838
vt -0.0195 0.0911
vt 0.0000 0.0000
vt 0.0436 -0.0000
vt 0.0258 0.0799
vt -0.0095 0.0868
vt 0.0000 0.0000
vt 0.0379 0.0000
vt 0.0115 0.0794
vt -0.0213 0.0863
vt 0.0000 0.0000
vt 0.0868 0.0000
vt 0.0815 0.0317
vt -0.0074 0.0293
vt 0.0000 0.0000
vt 0.0899 -0.0000
vt 0.0862 0.0329
vt -0.0056 0.0297
vt 0.0000 0.0000
vt 0.0868 0.0000
vt 0.0839 0.0387
vt -0.0052 0.0341
vt 0.0000 0.0000
vt 0.0892 0.0000
vt 0.0881 0.0371
vt -0.0038 0.0332
vt 0.0000 0.0000
vt 0.0810 -0.0000
vt 0.0815 0.1033
vt -0.0016 0.0970
vt 0.0000 0.0000
vt 0.0835 0.0000
vt 0.0921 0.1029
vt 0.0057 0.0968
vt 0.0000 0.0000
vt 0.0810 -0.0000
vt 0.0841 0.1094
vt 0.0011 0.1033
vt 0.0000 0.0000
vt 0.0834 -0.0000
vt 0.0949 0.1090
vt 0.0085 0.1029
vt 0.0000 0.0000
vt 0.1008 -0.0000
vt 0.1087 0.0836
vt 0.0018 0.0859
vt 0.0000 0.0000
vt 0.1091 0.0000
vt 0.1184 0.0849
vt 0.0010 0.0859
vt 0.0000 0.0000
vt 0.1008 0.0000
vt 0.1204 0.0865
vt 0.0108 0.0860
vt 0.0000 0.0000
vt 0.1100 0.0000
vt 0.1277 0.0838
vt 0.0097 0.0849
vt 0.0000 0.0000
vt 0.0971 0.0000
vt 0.0918 0.0641
vt -0.0068 0.0679
vt 0.0000 0.0000
vt 0.0987 -0.0000
vt 0.0908 0.0638
vt -0.0094 0.0675
vt 0.0000 0.0000
vt 0.0971 0.0000
vt 0.0930 0.0602
vt -0.0052 0.0641
vt 0.0000 0.0000
vt 0.0987 0.0000
vt 0.0925 0.0602
vt -0.0079 0.0639
vt 0.0000 0.0000
vt 0.0505 0.0000
vt 0.0315 0.1126
vt -0.0213 0.1077
vt 0.0000 0.0000
vt 0.0538 0.0000
vt 0.0472 0.1131
vt -0.0109 0.1092
vt 0.0000 0.0000
vt 0.0505 -0.0000
vt 0.0386 0.1162
vt -0.0132 0.1138
vt 0.0000 0.0000
vt 0.0539 0.0000
vt 0.0514 0.1177
vt -0.0066 0.1133
vt 0.0000 0.0000
vt 0.0682 0.0000
vt 0.0395 0.0776
vt -0.0192 0.0785
vt 0.0000 0.0000
vt 0.0588 0.0000
vt 0.0291 0.0772
vt -0.0203 0.0782
vt 0.0000 0.0000
vt 0.0682 0.0000
vt 0.0302 0.0769
vt -0.0286 0.0777
vt 0.0000 0.0000
vt 0.0588 0.0000
vt 0.0195 0.0767
vt -0.0298 0.0774
vt 0.0000 0.0000
vt 0.0867 -0.0000
vt 0.0739 0.0580
vt -0.0126 0.0591
vt 0.0000 0.0000
vt 0.0867 0.0000
vt 0.0736 0.0579
vt -0.0133 0.0590
vt 0.0000 0.0000
vt 0.0867 0.0000
vt 0.0754 0.0582
vt -0.0119 0.0586
vt 0.0000 0.0000
vt 0.0875 -0.0000
vt 0.0740 0.0571
vt -0.0136 0.0581
vt 0.0000 0.0000
vt 0.0849 0.0000
vt 0.0859 0.1600
vt -0.0094 0.1631
vt 0.0000 0.0000
vt 0.0954 0.0000
vt 0.0907 0.1599
vt -0.0147 0.1627
vt 0.0000 0.0000
vt 0.0849 0.0000
vt 0.0964 0.1568
vt 0.0008 0.1600
vt 0.0000 0.0000
vt 0.0960 -0.0000
vt 0.1018 0.1569
vt -0.0034 0.1601
vt 0.0000 0.0000
vt 0.1572 0.0000
vt 0.1562 0.1069
vt -0.0056 0.1073
vt 0.0000 0.0000
vt 0.1619 0.0000
vt 0.1619 0.1076
vt -0.0048 0.1073
vt 0.0000 0.0000
vt 0.1572 0.0000
vt 0.1603 0.1066
vt -0.0007 0.1070
vt 0.0000 0.0000
vt 0.1616 -0.0000
vt 0.1660 0.1089
vt -0.0004 0.1077
vt 0.0000 0.0000
vt 0.1634 -0.0000
vt 0.1654 0.0614
vt 0.0052 0.0661
vt 0.0000 0.0000
vt 0.1604 0.0000
vt 0.1607 0.0612
vt 0.0041 0.0662
vt 0.0000 0.0000
vt 0.1634 0.0000
vt 0.1620 0.0581
vt 0.0020 0.0619
vt 0.0000 0.0000
vt 0.1602 0.0000
vt 0.1575 0.0577
vt 0.0005 0.0620
vt 0.0000 0.0000
vt 0.0517 0.0000
vt 0.0686 0.1607
vt 0.0167 0.1565
vt 0.0000 0.0000
vt 0.0522 -0.0000
vt 0.0834 0.1588
vt 0.0297 0.1545
vt 0.0000 0.0000
vt 0.0517 0.0000
vt 0.0682 0.1653
vt 0.0168 0.1608
vt 0.0000 0.0000
vt 0.0544 0.0000
vt 0.0882 0.1632
vt 0.0327 0.1589
vt 0.0000 0.0000
vt 0.0660 0.0000
vt 0.0612 0.0949
vt 0.0050 0.0847
vt 0.0000 0.0000
vt 0.0585 -0.0000
vt 0.0701 0.0945
vt 0.0212 0.0822
vt 0.0000 0.0000
vt 0.0660 0.0000
vt 0.0522 0.1067
vt -0.0043 0.0958
vt 0.0000 0.0000
vt 0.0575 -0.0000
vt 0.0633 0.1073
vt 0.0130 0.0950
vt 0.0000 0.0000
vt 0.1057 0.0000
vt 0.1143 0.0564
vt 0.0079 0.0580
vt 0.0000 0.0000
vt 0.1066 0.0000
vt 0.1144 0.0544
vt 0.0064 0.0582
vt 0.0000 0.0000
vt 0.1057 0.0000
vt 0.1157 0.0525
vt 0.0093 0.0567
vt 0.0000 0.0000
vt 0.1067 0.0000
vt 0.1143 0.0544
vt 0.0075 0.0554
vt 0.0000 0.0000
vt 0.0983 0.0000
vt 0.0710 0.1706
vt -0.0226 0.1642
vt 0.0000 0.0000
vt 0.0938 -0.0000
vt 0.0779 0.1716
vt -0.0110 0.1654
vt 0.0000 0.0000
vt 0.0983 0.0000
vt 0.0671 0.1772
vt -0.0267 0.1707
vt 0.0000 0.0000
vt 0.0942 0.0000
vt 0.0758 0.1792
vt -0.0145 0.1723
vt 0.0000 0.0000
vt 0.1725 0.0000
vt 0.1679 0.0769
vt -0.0122 0.0781
vt 0.0000 0.0000
vt 0.1804 -0.0000
vt 0.1766 0.0784
vt -0.0115 0.0782
vt 0.0000 0.0000
vt 0.1725 0.0000
vt 0.1755 0.0775
vt -0.0045 0.0776
vt 0.0000 0.0000
vt 0.1801 0.0000
vt 0.1834 0.0796
vt -0.0044 0.0784
vt 0.0000 0.0000
vt 0.1657 0.0000
vt 0.1652 0.0568
vt -0.0040 0.0578
vt 0.0000 0.0000
vt 0.1694 -0.0000
vt 0.1685 0.0553
vt -0.0032 0.0578
vt 0.0000 0.0000
vt 0.1657 -0.0000
vt 0.1686 0.0577
vt -0.0005 0.0574
vt 0.0000 0.0000
vt 0.1692 0.0000
vt 0.1721 0.0570
vt -0.0001 0.0579
vt 0.0000 0.0000
vt 0.0498 0.0000
vt 0.0248 0.1822
vt -0.0220 0.1787
vt 0.0000 0.0000
vt 0.0482 -0.0000
vt 0.0386 0.1837
vt -0.0082 0.1798
vt 0.0000 0.0000
vt 0.0498 -0.0000
vt 0.0257 0.1869
vt -0.0229 0.1828
vt 0.0000 0.0000
vt 0.0492 0.0000
vt 0.0382 0.1875
vt -0.0092 0.1837
vt 0.0000 0.0000
vt 0.0573 0.0000
vt 0.0654 0.0883
vt 0.0144 0.0972
vt 0.0000 0.0000
vt 0.0528 0.0000
vt 0.0454 0.0880
vt -0.0034 0.0982
vt 0.0000 0.0000
vt 0.0573 0.0000
vt 0.0602 0.0770
vt 0.0095 0.0887
vt 0.0000 0.0000
vt 0.0543 0.0000
vt 0.0412 0.0771
vt -0.0056 0.0881
vt 0.0000 0.0000
vt 0.0904 0.0000
vt 0.0874 0.0523
vt 0.0034 0.0578
vt 0.0000 0.0000
vt 0.0843 -0.0000
vt 0.0777 0.0516
vt -0.0006 0.0579
vt 0.0000 0.0000
vt 0.0904 0.0000
vt 0.0810 0.0456
vt -0.0029 0.0524
vt 0.0000 0.0000
vt 0.0846 0.0000
vt 0.0716 0.0452
vt -0.0063 0.0517
vt 0.0000 0.0000
vt 0.0626 0.0000
vt 0.1004 0.2055
vt 0.0507 0.2037
vt 0.0000 0.0000
vt 0.0508 0.0000
vt 0.0970 0.2040
vt 0.0588 0.2016
vt 0.0000 0.0000
vt 0.0626 0.0000
vt 0.0872 0.2079
vt 0.0377 0.2058
vt 0.0000 0.0000
vt 0.0499 0.0000
vt 0.0861 0.2066
vt 0.0465 0.2040
vt 0.0000 0.0000
vt 0.2153 -0.0000
vt 0.2112 0.0417
vt 0.0041 0.0470
vt 0.0000 0.0000
vt 0.2072 0.0000
vt 0.2022 0.0419
vt 0.0035 0.0470
vt 0.0000 0.0000
vt 0.2153 -0.0000
vt 0.2028 0.0376
vt -0.0042 0.0422
vt 0.0000 0.0000
vt 0.2071 -0.0000
vt 0.1933 0.0375
vt -0.0051 0.0421
vt 0.0000 0.0000
vt 0.2099 0.0000
vt 0.2124 0.0491
vt 0.0000 0.0464
vt 0.0000 0.0000
vt 0.2126 0.0000
vt 0.2163 0.0497
vt 0.0008 0.0464
vt 0.0000 0.0000
vt 0.2099 0.0000
vt 0.2142 0.0551
vt 0.0022 0.0502
vt 0.0000 0.0000
vt 0.2123 -0.0000
vt 0.2182 0.0545
vt 0.0034 0.0505
vt 0.0000 0.0000
vt 0.0560 0.0000
vt 0.0407 0.2036
vt -0.0077 0.2100
vt 0.0000 0.0000
vt 0.0489 0.0000
vt 0.0077 0.2001
vt -0.0343 0.2073
vt 0.0000 0.0000
vt 0.0560 -0.0000
vt 0.0332 0.1975
vt -0.0153 0.2037
vt 0.0000 0.0000
vt 0.0494 0.0000
vt 0.0003 0.1926
vt -0.0407 0.2002
vt 0.0000 0.0000
vt 0.0466 0.0000
vt 0.0641 0.0511
vt 0.0150 0.0609
vt 0.0000 0.0000
vt 0.0504 0.0000
vt 0.0580 0.0533
vt 0.0031 0.0626
vt 0.0000 0.0000
vt 0.0466 0.0000
vt 0.0673 0.0418
vt 0.0178 0.0513
vt 0.0000 0.0000
vt 0.0504 0.0000
vt 0.0628 0.0454
vt 0.0076 0.0539
vt 0.0000 0.0000
vt 0.0420 0.0000
vt 0.0610 0.0419
vt 0.0234 0.0505
vt 0.0000 0.0000
vt 0.0413 0.0000
vt 0.0506 0.0454
vt 0.0118 0.0544
vt 0.0000 0.0000
vt 0.0420 0.0000
vt 0.0519 0.0417
vt 0.0166 0.0454
vt 0.0000 0.0000
vt 0.0376 0.0000
vt 0.0454 0.0375
vt 0.0091 0.0456
vt 0.0000 0.0000
vt 0.0824 0.0000
vt 0.0681 0.1517
vt -0.0112 0.1483
vt 0.0000 0.0000
vt 0.0795 -0.0000
vt 0.0717 0.1523
vt -0.0049 0.1487
vt 0.0000 0.0000
vt 0.0824 -0.0000
vt 0.0652 0.1548
vt -0.0143 0.1517
vt 0.0000 0.0000
vt 0.0807 0.0000
vt 0.0697 0.1553
vt -0.0063 0.1524
vt 0.0000 0.0000
vt 0.1373 0.0000
vt 0.1469 0.0872
vt 0.0013 0.0857
vt 0.0000 0.0000
vt 0.1456 -0.0000
vt 0.1559 0.0870
vt 0.0022 0.0857
vt 0.0000 0.0000
vt 0.1373 -0.0000
vt 0.1551 0.0886
vt 0.0096 0.0873
vt 0.0000 0.0000
vt 0.1457 0.0000
vt 0.1648 0.0886
vt 0.0110 0.0879
vt 0.0000 0.0000
vt 0.1487 -0.0000
vt 0.1491 0.0256
vt 0.0063 0.0296
vt 0.0000 0.0000
vt 0.1431 -0.0000
vt 0.1426 0.0255
vt 0.0057 0.0297
vt 0.0000 0.0000
vt 0.1487 0.0000
vt 0.1433 0.0216
vt 0.0005 0.0267
vt 0.0000 0.0000
vt 0.1432 0.0000
vt 0.1375 0.0227
vt 0.0003 0.0272
vt 0.0000 0.0000
vt 0.0491 0.0000
vt 0.0804 0.1513
vt 0.0402 0.1508
vt 0.0000 0.0000
vt 0.0410 0.0000
vt 0.0758 0.1504
vt 0.0415 0.1504
vt 0.0000 0.0000
vt 0.0491 0.0000
vt 0.0732 0.1522
vt 0.0321 0.1514
vt 0.0000 0.0000
vt 0.0420 0.0000
vt 0.0684 0.1514
vt 0.0354 0.1509
vt 0.0000 0.0000
vt 0.0309 0.0000
vt 0.0144 0.0817
vt -0.0248 0.0785
vt 0.0000 0.0000
vt 0.0396 0.0000
vt 0.0311 0.0830
vt -0.0180 0.0804
vt 0.0000 0.0000
vt 0.0309 -0.0000
vt 0.0250 0.0856
vt -0.0148 0.0823
vt 0.0000 0.0000
vt 0.0400 0.0000
vt 0.0406 0.0857
vt -0.0088 0.0830
vt 0.0000 0.0000
vt 0.0768 -0.0000
vt 0.0803 0.0259
vt -0.0026 0.0238
vt 0.0000 0.0000
vt 0.0832 0.0000
vt 0.0885 0.0278
vt -0.0017 0.0239
vt 0.0000 0.0000
vt 0.0768 0.0000
vt 0.0868 0.0311
vt 0.0036 0.0267
vt 0.0000 0.0000
vt 0.0842 0.0000
vt 0.0973 0.0317
vt 0.0066 0.0292
vt 0.0000 0.0000
vt 0.0742 -0.0000
vt 0.0678 0.1611
vt -0.0063 0.1652
vt 0.0000 0.0000
vt 0.0743 -0.0000
vt 0.0593 0.1606
vt -0.0153 0.1646
vt 0.0000 0.0000
vt 0.0742 -0.0000
vt 0.0678 0.1571
vt -0.0063 0.1611
vt 0.0000 0.0000
vt 0.0743 -0.0000
vt 0.0593 0.1563
vt -0.0150 0.1607
vt 0.0000 0.0000
vt 0.1670 0.0000
vt 0.1631 0.0777
vt -0.0042 0.0792
vt 0.0000 0.0000
vt 0.1673 0.0000
vt 0.1627 0.0776
vt -0.0050 0.0792
vt 0.0000 0.0000
vt 0.1670 0.0000
vt 0.1633 0.0762
vt -0.0039 0.0777
vt 0.0000 0.0000
vt 0.1673 -0.0000
vt 0.1630 0.0759
vt -0.0046 0.0777
vt 0.0000 0.0000
vt 0.1653 0.0000
vt 0.1571 0.0424
vt -0.0090 0.0424
vt 0.0000 0.0000
vt 0.1661 0.0000
vt 0.1580 0.0424
vt -0.0090 0.0424
vt 0.0000 0.0000
vt 0.1653 0.0000
vt 0.1579 0.0424
vt -0.0082 0.0424
vt 0.0000 0.0000
vt 0.1661 0.0000
vt 0.1588 0.0426
vt -0.0082 0.0426
vt 0.0000 0.0000
vt 0.0328 0.0000
vt -0.0140 0.1554
vt -0.0438 0.1510
vt 0.0000 0.0000
vt 0.0315 0.0000
vt 0.0080 0.1607
vt -0.0199 0.1560
vt 0.0000 0.0000
vt 0.0328 0.0000
vt -0.0153 0.1606
vt -0.0456 0.1561
vt 0.0000 0.0000
vt 0.0307 0.0000
vt 0.0069 0.1655
vt -0.0222 0.1611
vt 0.0000 0.0000
vt 0.0433 0.0000
vt 0.0446 0.0766
vt 0.0067 0.0742
vt 0.0000 0.0000
vt 0.0381 0.0000
vt 0.0449 0.0760
vt 0.0128 0.0734
vt 0.0000 0.0000
vt 0.0433 0.0000
vt 0.0396 0.0795
vt 0.0017 0.0766
vt 0.0000 0.0000
vt 0.0382 0.0000
vt 0.0394 0.0793
vt 0.0067 0.0762
vt 0.0000 0.0000
vt 0.0746 0.0000
vt 0.0781 0.0354
vt 0.0037 0.0430
vt 0.0000 0.0000
vt 0.0757 0.0000
vt 0.0759 0.0360
vt -0.0001 0.0431
vt 0.0000 0.0000
vt 0.0746 0.0000
vt 0.0784 0.0286
vt 0.0039 0.0372
vt 0.0000 0.0000
vt 0.0752 0.0000
vt 0.0755 0.0289
vt 0.0004 0.0361
vt 0.0000 0.0000
vt 0.1287 -0.0000
vt 0.1293 0.1074
vt 0.0006 0.1074
vt 0.0000 0.0000
vt 0.1223 -0.0000
vt 0.1216 0.1074
vt -0.0007 0.1074
vt 0.0000 0.0000
vt 0.1511 0.0000
vt 0.1538 0.1075
vt 0.0026 0.1074
vt 0.0000 0.0000
vt 0.2594 0.0000
vt 0.2565 0.1072
vt -0.0029 0.1075
vt 0.0000 0.0000
vt 0.2906 0.0000
vt 0.2884 0.1071
vt -0.0023 0.1073
vt 0.0000 0.0000
vt 0.2819 0.0000
vt 0.2807 0.1070
vt -0.0012 0.1071
vt 0.0000 0.0000
vt 0.3053 0.0000
vt 0.3056 0.1070
vt 0.0003 0.1070
vt 0.0000 0.0000
vt 0.2604 -0.0000
vt 0.2604 0.1070
vt 0.0000 0.1070
vt 0.0000 0.0000
vt 0.2455 0.0000
vt 0.2466 0.1071
vt 0.0010 0.1070
vt 0.0000 0.0000
vt 0.2531 -0.0000
vt 0.2558 0.1073
vt 0.0026 0.1071
vt 0.0000 0.0000
vt 0.2171 0.0000
vt 0.2192 0.1074
vt 0.0021 0.1073
vt 0.0000 0.0000
vt 0.1542 -0.0000
vt 0.1561 0.1075
vt 0.0019 0.1074
vt 0.0000 0.0000
vt 0.1800 -0.0000
vt 0.1785 0.1074
vt -0.0015 0.1075
vt 0.0000 0.0000
vt 0.1996 0.0000
vt 0.2014 0.1075
vt 0.0018 0.1074
vt 0.0000 0.0000
vt 0.1830 -0.0000
vt 0.1823 0.1075
vt -0.0007 0.1075
vt 0.0000 0.0000
vt 0.1650 -0.0000
vt 0.1619 0.1073
vt -0.0031 0.1074
vt 0.0000 0.0000
vt 0.2015 -0.0000
vt 0.1980 0.1071
vt -0.0035 0.1073
vt 0.0000 0.0000
vt 0.2313 0.0000
vt 0.2291 0.1070
vt -0.0023 0.1071
vt 0.0000 0.0000
vt 0.2407 -0.0000
vt 0.2398 0.1069
vt -0.0009 0.1070
vt 0.0000 0.0000
vt 0.2319 0.0000
vt 0.2325 0.1070
vt 0.0007 0.1069
vt 0.0000 0.0000
vt 0.2292 -0.0000
vt 0.2312 0.1071
vt 0.0020 0.1070
vt 0.0000 0.0000
vt 0.2402 0.0000
vt 0.2437 0.1073
vt 0.0035 0.1071
vt 0.0000 0.0000
vt 0.1391 0.0000
vt 0.1391 0.1073
vt -0.0000 0.1073
vt 0.0000 0.0000
vt 0.1299 0.0000
vt 0.1319 0.1074
vt 0.0019 0.1073
vt 0.0000 0.0000
vt 0.1458 -0.0000
vt 0.1451 0.1074
vt -0.0007 0.1074
vt 0.0000 0.0000
vt 0.1287 -0.0000
vt 0.1075 0.2915
vt 0.0277 0.2915
vt 0.0000 0.0000
vt 0.1287 0.0000
vt 0.1010 0.2914
vt 0.0212 0.2914
vt 0.0000 0.0000
vt 0.1223 0.0000
vt 0.1414 0.2848
vt 0.0656 0.2848
vt 0.0000 0.0000
vt 0.1223 0.0000
vt 0.0567 0.2848
vt -0.0192 0.2847
vt 0.0000 0.0000
vt 0.1511 0.0000
vt -0.0741 0.2310
vt -0.1677 0.2310
vt 0.0000 0.0000
vt 0.1511 0.0000
vt 0.3188 0.2309
vt 0.2251 0.2309
vt 0.0000 0.0000
vt 0.2594 -0.0000
vt 0.3197 0.2806
vt 0.1590 0.2807
vt 0.0000 0.0000
vt 0.2594 -0.0000
vt 0.1005 0.2807
vt -0.0603 0.2806
vt 0.0000 0.0000
vt 0.2906 -0.0000
vt 0.2811 0.2687
vt 0.1009 0.2687
vt 0.0000 0.0000
vt 0.2906 -0.0000
vt 0.1897 0.2687
vt 0.0096 0.2687
vt 0.0000 0.0000
vt 0.2819 -0.0000
vt 0.1969 0.2680
vt 0.0222 0.2680
vt 0.0000 0.0000
vt 0.2819 0.0000
vt 0.2598 0.2679
vt 0.0850 0.2679
vt 0.0000 0.0000
vt 0.3053 0.0000
vt 0.0553 0.2471
vt -0.1340 0.2471
vt 0.0000 0.0000
vt 0.3053 0.0000
vt 0.4393 0.2471
vt 0.2500 0.2471
vt 0.0000 0.0000
vt 0.2604 0.0000
vt 0.3832 0.2727
vt 0.2218 0.2727
vt 0.0000 0.0000
vt 0.2604 -0.0000
vt 0.0386 0.2727
vt -0.1228 0.2727
vt 0.0000 0.0000
vt 0.2455 -0.0000
vt 0.2743 0.2731
vt 0.1220 0.2731
vt 0.0000 0.0000
vt 0.2455 -0.0000
vt 0.1235 0.2731
vt -0.0288 0.2731
vt 0.0000 0.0000
vt 0.2531 -0.0000
vt 0.1191 0.2720
vt -0.0378 0.2720
vt 0.0000 0.0000
vt 0.2531 0.0000
vt 0.2909 0.2720
vt 0.1340 0.2720
vt 0.0000 0.0000
vt 0.2171 -0.0000
vt 0.1473 0.3030
vt 0.0127 0.3030
vt 0.0000 0.0000
vt 0.2171 -0.0000
vt 0.2044 0.3030
vt 0.0698 0.3030
vt 0.0000 0.0000
vt 0.1542 -0.0000
vt 0.0735 0.3102
vt -0.0221 0.3102
vt 0.0000 0.0000
vt 0.1542 -0.0000
vt 0.1762 0.3101
vt 0.0806 0.3102
vt 0.0000 0.0000
vt 0.1800 0.0000
vt 0.2602 0.2840
vt 0.1486 0.2840
vt 0.0000 0.0000
vt 0.1800 0.0000
vt 0.0314 0.2840
vt -0.0802 0.2839
vt 0.0000 0.0000
vt 0.1996 0.0000
vt 0.0160 0.2747
vt -0.1077 0.2747
vt 0.0000 0.0000
vt 0.1996 0.0000
vt 0.3073 0.2747
vt 0.1836 0.2747
vt 0.0000 0.0000
vt 0.1830 -0.0000
vt 0.0967 0.3300
vt -0.0167 0.3300
vt 0.0000 0.0000
vt 0.1830 -0.0000
vt 0.1997 0.3300
vt 0.0862 0.3300
vt 0.0000 0.0000
vt 0.1650 0.0000
vt 0.2345 0.3144
vt 0.1322 0.3144
vt 0.0000 0.0000
vt 0.1650 0.0000
vt 0.0328 0.3144
vt -0.0694 0.3144
vt 0.0000 0.0000
vt 0.2015 -0.0000
vt 0.3482 0.2319
vt 0.2233 0.2319
vt 0.0000 0.0000
vt 0.2015 0.0000
vt -0.0218 0.2319
vt -0.1467 0.2319
vt 0.0000 0.0000
vt 0.2313 -0.0000
vt 0.3135 0.2153
vt 0.1701 0.2153
vt 0.0000 0.0000
vt 0.2313 0.0000
vt 0.0612 0.2153
vt -0.0822 0.2153
vt 0.0000 0.0000
vt 0.2407 -0.0000
vt 0.2737 0.1940
vt 0.1245 0.1940
vt 0.0000 0.0000
vt 0.2407 -0.0000
vt 0.1162 0.1940
vt -0.0330 0.1940
vt 0.0000 0.0000
vt 0.2319 -0.0000
vt 0.1211 0.1954
vt -0.0227 0.1954
vt 0.0000 0.0000
vt 0.2319 -0.0000
vt 0.2546 0.1954
vt 0.1108 0.1954
vt 0.0000 0.0000
vt 0.2292 0.0000
vt 0.0546 0.2069
vt -0.0875 0.2069
vt 0.0000 0.0000
vt 0.2292 0.0000
vt 0.3166 0.2069
vt 0.1746 0.2069
vt 0.0000 0.0000
vt 0.2402 -0.0000
vt -0.0337 0.1999
vt -0.1826 0.1999
vt 0.0000 0.0000
vt 0.2402 -0.0000
vt 0.4228 0.1999
vt 0.2739 0.1999
vt 0.0000 0.0000
vt 0.1391 0.0000
vt 0.2726 0.2833
vt 0.1863 0.2833
vt 0.0000 0.0000
vt 0.1391 -0.0000
vt -0.0472 0.2833
vt -0.1335 0.2833
vt 0.0000 0.0000
vt 0.1299 0.0000
vt 0.0909 0.3130
vt 0.0104 0.3130
vt 0.0000 0.0000
vt 0.1299 -0.0000
vt 0.1195 0.3130
vt 0.0390 0.3130
vt 0.0000 0.0000
vt 0.1458 0.0000
vt 0.2425 0.2764
vt 0.1521 0.2764
vt 0.0000 0.0000
vt 0.1458 -0.0000
vt -0.0062 0.2764
vt -0.0966 0.2763
vt 0.0000 0.0000
vt 0.0798 -0.0000
vt 0.0620 0.2454
vt 0.0234 0.2454
vt 0.0000 0.0000
vt 0.0798 0.0000
vt 0.0564 0.2454
vt 0.0178 0.2454
vt 0.0000 0.0000
vt 0.0758 0.0000
vt 0.0919 0.2397
vt 0.0552 0.2397
vt 0.0000 0.0000
vt 0.0758 -0.0000
vt 0.0206 0.2397
vt -0.0161 0.2397
vt 0.0000 0.0000
vt 0.0937 -0.0000
vt -0.0958 0.1944
vt -0.1411 0.1944
vt 0.0000 0.0000
vt 0.0937 0.0000
vt 0.2348 0.1945
vt 0.1895 0.1945
vt 0.0000 0.0000
vt 0.1608 -0.0000
vt 0.2115 0.2363
vt 0.1337 0.2363
vt 0.0000 0.0000
vt 0.1608 0.0000
vt 0.0271 0.2363
vt -0.0507 0.2363
vt 0.0000 0.0000
vt 0.1802 0.0000
vt 0.1721 0.2263
vt 0.0849 0.2263
vt 0.0000 0.0000
vt 0.1802 -0.0000
vt 0.0952 0.2263
vt 0.0081 0.2263
vt 0.0000 0.0000
vt 0.1748 0.0000
vt 0.1032 0.2256
vt 0.0186 0.2256
vt 0.0000 0.0000
vt 0.1748 -0.0000
vt 0.1562 0.2256
vt 0.0716 0.2256
vt 0.0000 0.0000
vt 0.1893 -0.0000
vt -0.0212 0.2081
vt -0.1128 0.2081
vt 0.0000 0.0000
vt 0.1893 -0.0000
vt 0.3021 0.2081
vt 0.2105 0.2081
vt 0.0000 0.0000
vt 0.1614 -0.0000
vt 0.2649 0.2297
vt 0.1868 0.2297
vt 0.0000 0.0000
vt 0.1614 -0.0000
vt -0.0253 0.2297
vt -0.1034 0.2297
vt 0.0000 0.0000
vt 0.1522 -0.0000
vt 0.1765 0.2300
vt 0.1028 0.2300
vt 0.0000 0.0000
vt 0.1522 -0.0000
vt 0.0494 0.2300
vt -0.0242 0.2300
vt 0.0000 0.0000
vt 0.1569 -0.0000
vt 0.0441 0.2290
vt -0.0318 0.2290
vt 0.0000 0.0000
vt 0.1569 0.0000
vt 0.1887 0.2290
vt 0.1128 0.2291
vt 0.0000 0.0000
vt 0.1346 0.0000
vt 0.0759 0.2551
vt 0.0108 0.2551
vt 0.0000 0.0000
vt 0.1346 0.0000
vt 0.1239 0.2551
vt 0.0587 0.2551
vt 0.0000 0.0000
vt 0.0956 0.0000
vt 0.0278 0.2611
vt -0.0185 0.2611
vt 0.0000 0.0000
vt 0.0956 -0.0000
vt 0.1141 0.2611
vt 0.0678 0.2611
vt 0.0000 0.0000
vt 0.1116 0.0000
vt 0.1790 0.2390
vt 0.1250 0.2390
vt 0.0000 0.0000
vt 0.1116 -0.0000
vt -0.0135 0.2391
vt -0.0674 0.2391
vt 0.0000 0.0000
vt 0.1237 -0.0000
vt -0.0308 0.2313
vt -0.0906 0.2312
vt 0.0000 0.0000
vt 0.1237 0.0000
vt 0.2144 0.2313
vt 0.1545 0.2313
vt 0.0000 0.0000
vt 0.1134 -0.0000
vt 0.0408 0.2778
vt -0.0141 0.2778
vt 0.0000 0.0000
vt 0.1134 0.0000
vt 0.1275 0.2778
vt 0.0727 0.2778
vt 0.0000 0.0000
vt 0.1023 0.0000
vt 0.1607 0.2647
vt 0.1112 0.2647
vt 0.0000 0.0000
vt 0.1023 -0.0000
vt -0.0089 0.2647
vt -0.0584 0.2647
vt 0.0000 0.0000
vt 0.1249 0.0000
vt 0.2484 0.1953
vt 0.1880 0.1953
vt 0.0000 0.0000
vt 0.1249 -0.0000
vt -0.0631 0.1953
vt -0.1235 0.1953
vt 0.0000 0.0000
vt 0.1434 -0.0000
vt 0.2126 0.1813
vt 0.1432 0.1813
vt 0.0000 0.0000
vt 0.1434 -0.0000
vt 0.0002 0.1813
vt -0.0692 0.1813
vt 0.0000 0.0000
vt 0.1492 0.0000
vt 0.1770 0.1633
vt 0.1048 0.1633
vt 0.0000 0.0000
vt 0.1492 0.0000
vt 0.0444 0.1633
vt -0.0278 0.1633
vt 0.0000 0.0000
vt 0.1438 -0.0000
vt 0.0505 0.1646
vt -0.0191 0.1646
vt 0.0000 0.0000
vt 0.1438 -0.0000
vt 0.1629 0.1646
vt 0.0933 0.1646
vt 0.0000 0.0000
vt 0.1421 0.0000
vt -0.0049 0.1743
vt -0.0737 0.1743
vt 0.0000 0.0000
vt 0.1421 0.0000
vt 0.2157 0.1743
vt 0.1470 0.1743
vt 0.0000 0.0000
vt 0.1489 0.0000
vt -0.0817 0.1683
vt -0.1537 0.1683
vt 0.0000 0.0000
vt 0.1489 0.0000
vt 0.3026 0.1683
vt 0.2306 0.1683
vt 0.0000 0.0000
vt 0.0863 0.0000
vt 0.1987 0.2385
vt 0.1569 0.2385
vt 0.0000 0.0000
vt 0.0863 0.0000
vt -0.0706 0.2385
vt -0.1124 0.2385
vt 0.0000 0.0000
vt 0.0806 -0.0000
vt 0.0478 0.2635
vt 0.0088 0.2635
vt 0.0000 0.0000
vt 0.0806 -0.0000
vt 0.0717 0.2635
vt 0.0328 0.2635
vt 0.0000 0.0000
vt 0.0904 -0.0000
vt 0.1718 0.2327
vt 0.1280 0.2327
vt 0.0000 0.0000
vt 0.0904 0.0000
vt -0.0376 0.2327
vt -0.0814 0.2327
vt 0.0000 0.0000
vt 0.0386 0.0000
vt 0.0219 0.2300
vt 0.0000 0.0000
vt 0.0386 0.0000
vt 0.0167 0.2302
vt 0.0000 0.0000
vt 0.0367 0.0000
vt 0.0518 0.2247
vt 0.0000 0.0000
vt 0.0367 0.0000
vt -0.0151 0.2249
vt 0.0000 0.0000
vt 0.0453 0.0000
vt -0.1323 0.1823
vt 0.0000 0.0000
vt 0.0453 -0.0000
vt 0.1776 0.1825
vt 0.0000 0.0000
vt 0.0778 0.0000
vt 0.1253 0.2215
vt 0.0000 0.0000
vt 0.0778 0.0000
vt -0.0476 0.2217
vt 0.0000 0.0000
vt 0.0872 0.0000
vt 0.0796 0.2121
vt 0.0000 0.0000
vt 0.0872 -0.0000
vt 0.0076 0.2123
vt 0.0000 0.0000
vt 0.0846 0.0000
vt 0.0175 0.2115
vt 0.0000 0.0000
vt 0.0846 -0.0000
vt 0.0671 0.2117
vt 0.0000 0.0000
vt 0.0916 -0.0000
vt -0.1058 0.1951
vt 0.0000 0.0000
vt 0.0916 -0.0000
vt 0.1974 0.1953
vt 0.0000 0.0000
vt 0.0781 0.0000
vt 0.1751 0.2153
vt 0.0000 0.0000
vt 0.0781 0.0000
vt -0.0970 0.2155
vt 0.0000 0.0000
vt 0.0737 0.0000
vt 0.0964 0.2156
vt 0.0000 0.0000
vt 0.0737 0.0000
vt -0.0227 0.2157
vt 0.0000 0.0000
vt 0.0759 -0.0000
vt -0.0298 0.2147
vt 0.0000 0.0000
vt 0.0759 0.0000
vt 0.1058 0.2149
vt 0.0000 0.0000
vt 0.0651 0.0000
vt 0.0101 0.2391
vt 0.0000 0.0000
vt 0.0651 0.0000
vt 0.0551 0.2393
vt 0.0000 0.0000
vt 0.0462 0.0000
vt -0.0173 0.2447
vt 0.0000 0.0000
vt 0.0462 0.0000
vt 0.0636 0.2449
vt 0.0000 0.0000
vt 0.0540 0.0000
vt 0.1172 0.2241
vt 0.0000 0.0000
vt 0.0540 -0.0000
vt -0.0632 0.2242
vt 0.0000 0.0000
vt 0.0599 0.0000
vt -0.0849 0.2168
vt 0.0000 0.0000
vt 0.0599 -0.0000
vt 0.1448 0.2169
vt 0.0000 0.0000
vt 0.0549 -0.0000
vt -0.0132 0.2603
vt 0.0000 0.0000
vt 0.0549 -0.0000
vt 0.0681 0.2605
vt 0.0000 0.0000
vt 0.0495 -0.0000
vt 0.1042 0.2481
vt 0.0000 0.0000
vt 0.0495 0.0000
vt -0.0547 0.2483
vt 0.0000 0.0000
vt 0.0604 -0.0000
vt 0.1762 0.1831
vt 0.0000 0.0000
vt 0.0604 0.0000
vt -0.1158 0.1832
vt 0.0000 0.0000
vt 0.0694 0.0000
vt 0.1343 0.1700
vt 0.0000 0.0000
vt 0.0694 0.0000
vt -0.0649 0.1701
vt 0.0000 0.0000
vt 0.0722 -0.0000
vt 0.0982 0.1531
vt 0.0000 0.0000
vt 0.0722 -0.0000
vt -0.0261 0.1533
vt 0.0000 0.0000
vt 0.0696 -0.0000
vt -0.0179 0.1543
vt 0.0000 0.0000
vt 0.0696 0.0000
vt 0.0875 0.1545
vt 0.0000 0.0000
vt 0.0687 0.0000
vt -0.0691 0.1634
vt 0.0000 0.0000
vt 0.0687 0.0000
vt 0.1378 0.1635
vt 0.0000 0.0000
vt 0.0720 -0.0000
vt -0.1441 0.1578
vt 0.0000 0.0000
vt 0.0720 -0.0000
vt 0.2162 0.1580
vt 0.0000 0.0000
vt 0.0417 -0.0000
vt 0.1471 0.2236
vt 0.0000 0.0000
vt 0.0417 -0.0000
vt -0.1054 0.2237
vt 0.0000 0.0000
vt 0.0390 -0.0000
vt 0.0083 0.2470
vt 0.0000 0.0000
vt 0.0390 0.0000
vt 0.0307 0.2472
vt 0.0000 0.0000
vt 0.0437 0.0000
vt 0.1200 0.2181
vt 0.0000 0.0000
vt 0.0437 0.0000
vt -0.0763 0.2183
vt 0.0000 0.0000
vt 0.0828 0.0000
vt 0.0000 0.2862
vt 0.0000 0.3154
vt 0.0000 0.0000
vt 0.0828 -0.0000
vt 0.0003 0.2835
vt 0.0001 0.3078
vt 0.0000 0.0000
vt 0.0828 0.0000
vt 0.0000 0.2911
vt 0.0000 0.3057
vt 0.0000 0.0000
vt 0.0828 0.0000
vt 0.0003 0.2936
vt 0.0001 0.3135
vt 0.0000 0.0000
vt 0.0828 0.0000
vt 0.0299 0.2899
vt 0.0299 0.3266
vt 0.0000 0.0000
vt 0.0828 0.0000
vt 0.0100 0.2722
vt 0.0066 0.3039
vt 0.0000 0.0000
vt 0.0828 0.0000
vt -0.0279 0.2850
vt -0.0279 0.2906
vt 0.0000 0.0000
vt 0.0828 -0.0000
vt -0.0052 0.3051
vt -0.0086 0.3166
vt 0.0000 0.0000
vt 0.0828 -0.0000
vt 0.0623 0.2874
vt 0.0623 0.3070
vt 0.0000 0.0000
vt 0.0828 0.0000
vt 0.0365 0.2929
vt 0.0363 0.2969
vt 0.0000 0.0000
vt 0.0828 0.0000
vt -0.0622 0.2762
vt -0.0622 0.3015
vt 0.0000 0.0000
vt 0.0828 0.0000
vt -0.0353 0.2808
vt -0.0355 0.3199
vt 0.0000 0.0000
vt 0.0828 -0.0000
vt -0.0096 0.2772
vt -0.0096 0.2998
vt 0.0000 0.0000
vt 0.0828 0.0000
vt -0.0676 0.2720
vt -0.0670 0.2954
vt 0.0000 0.0000
vt 0.0828 -0.0000
vt 0.0097 0.2995
vt 0.0097 0.3206
vt 0.0000 0.0000
vt 0.0828 -0.0000
vt 0.0692 0.2888
vt 0.0698 0.3108
vt 0.0000 0.0000
vt 0.0828 0.0000
vt 0.0828 0.0828
vt 0.0000 0.0828
vt 0.0000 0.0000
vt 0.0828 0.0000
vt 0.0828 0.0828
vt 0.0000 0.0828
vt 0.0000 0.0000
vt 0.1334 -0.0000
vt 0.1337 0.0818
vt 0.0003 0.0818
vt 0.0000 0.0000
vt 0.1273 0.0000
vt 0.1265 0.0818
vt -0.0008 0.0818
vt 0.0000 0.0000
vt 0.1419 0.0000
vt 0.1425 0.0818
vt 0.0006 0.0818
vt 0.0000 0.0000
vt 0.1668 0.0000
vt 0.1654 0.0817
vt -0.0014 0.0818
vt 0.0000 0.0000
vt 0.1732 0.0000
vt 0.1740 0.0818
vt 0.0008 0.0817
vt 0.0000 0.0000
vt 0.1642 0.0000
vt 0.1645 0.0818
vt 0.0004 0.0818
vt 0.0000 0.0000
vt 0.1866 0.0000
vt 0.1872 0.0818
vt 0.0007 0.0818
vt 0.0000 0.0000
vt 0.1659 -0.0000
vt 0.1659 0.0819
vt 0.0000 0.0818
vt 0.0000 0.0000
vt 0.1788 0.0000
vt 0.1785 0.0818
vt -0.0003 0.0819
vt 0.0000 0.0000
vt 0.2134 -0.0000
vt 0.2145 0.0819
vt 0.0011 0.0818
vt 0.0000 0.0000
vt 0.2816 -0.0000
vt 0.2808 0.0818
vt -0.0009 0.0819
vt 0.0000 0.0000
vt 0.1453 0.0000
vt 0.1453 0.0818
vt 0.0001 0.0818
vt 0.0000 0.0000
vt 0.1714 0.0000
vt 0.1709 0.0818
vt -0.0005 0.0818
vt 0.0000 0.0000
vt 0.1380 0.0000
vt 0.1382 0.0818
vt 0.0002 0.0818
vt 0.0000 0.0000
vt 0.1353 0.0000
vt 0.1347 0.0818
vt -0.0007 0.0818
vt 0.0000 0.0000
vt 0.2234 0.0000
vt 0.2239 0.0818
vt 0.0006 0.0818
vt 0.0000 0.0000
vt 0.2112 -0.0000
vt 0.2108 0.0818
vt -0.0004 0.0818
vt 0.0000 0.0000
vt 0.2486 0.0000
vt 0.2490 0.0818
vt 0.0004 0.0818
vt 0.0000 0.0000
vt 0.2784 0.0000
vt 0.2771 0.0817
vt -0.0013 0.0818
vt 0.0000 0.0000
vt 0.2392 0.0000
vt 0.2388 0.0817
vt -0.0004 0.0817
vt 0.0000 0.0000
vt 0.2853 0.0000
vt 0.2861 0.0817
vt 0.0008 0.0817
vt 0.0000 0.0000
vt 0.2293 0.0000
vt 0.2298 0.0818
vt 0.0005 0.0817
vt 0.0000 0.0000
vt 0.2301 0.0000
vt 0.2296 0.0817
vt -0.0005 0.0818
vt 0.0000 0.0000
vt 0.2032 0.0000
vt 0.2040 0.0818
vt 0.0008 0.0817
vt 0.0000 0.0000
vt 0.1999 0.0000
vt 0.2004 0.0818
vt 0.0005 0.0818
vt 0.0000 0.0000
vt 0.2108 0.0000
vt 0.2104 0.0818
vt -0.0004 0.0818
vt 0.0000 0.0000
vt 0.2011 0.0000
vt 0.2005 0.0818
vt -0.0006 0.0818
vt 0.0000 0.0000
vt 0.1446 -0.0000
vt 0.1453 0.0818
vt 0.0007 0.0818
vt 0.0000 0.0000
vt 0.1154 0.0000
vt 0.1153 0.0818
vt -0.0002 0.0818
vt 0.0000 0.0000
vt 0.1334 -0.0000
vt 0.2444 0.2603
vt 0.1617 0.2603
vt 0.0000 0.0000
vt 0.1334 0.0000
vt -0.0284 0.2604
vt -0.1110 0.2604
vt 0.0000 0.0000
vt 0.1273 -0.0000
vt 0.0046 0.2731
vt -0.0744 0.2731
vt 0.0000 0.0000
vt 0.1273 0.0000
vt 0.2017 0.2731
vt 0.1227 0.2731
vt 0.0000 0.0000
vt 0.1419 0.0000
vt 0.2844 0.2259
vt 0.1965 0.2259
vt 0.0000 0.0000
vt 0.1419 0.0000
vt -0.0546 0.2259
vt -0.1426 0.2259
vt 0.0000 0.0000
vt 0.1668 0.0000
vt -0.0854 0.1890
vt -0.1888 0.1890
vt 0.0000 0.0000
vt 0.1668 0.0000
vt 0.3556 0.1890
vt 0.2522 0.1890
vt 0.0000 0.0000
vt 0.1732 -0.0000
vt 0.3259 0.2270
vt 0.2186 0.2270
vt 0.0000 0.0000
vt 0.1732 -0.0000
vt -0.0454 0.2271
vt -0.1528 0.2271
vt 0.0000 0.0000
vt 0.1642 -0.0000
vt 0.2187 0.2474
vt 0.1169 0.2474
vt 0.0000 0.0000
vt 0.1642 -0.0000
vt 0.0472 0.2475
vt -0.0545 0.2475
vt 0.0000 0.0000
vt 0.1866 -0.0000
vt 0.2581 0.2095
vt 0.1424 0.2095
vt 0.0000 0.0000
vt 0.1866 0.0000
vt 0.0442 0.2096
vt -0.0715 0.2096
vt 0.0000 0.0000
vt 0.1659 -0.0000
vt 0.1134 0.2211
vt 0.0105 0.2211
vt 0.0000 0.0000
vt 0.1659 0.0000
vt 0.1553 0.2212
vt 0.0525 0.2212
vt 0.0000 0.0000
vt 0.1788 -0.0000
vt 0.0385 0.2155
vt -0.0723 0.2155
vt 0.0000 0.0000
vt 0.1788 0.0000
vt 0.2512 0.2155
vt 0.1403 0.2155
vt 0.0000 0.0000
vt 0.2134 0.0000
vt 0.3586 0.1220
vt 0.2263 0.1220
vt 0.0000 0.0000
vt 0.2134 0.0000
vt -0.0129 0.1220
vt -0.1452 0.1220
vt 0.0000 0.0000
vt 0.2816 0.0000
vt 0.0095 0.0934
vt -0.1650 0.0934
vt 0.0000 0.0000
vt 0.2816 0.0000
vt 0.4467 0.0935
vt 0.2721 0.0935
vt 0.0000 0.0000
vt 0.1453 -0.0000
vt 0.0732 0.2872
vt -0.0169 0.2872
vt 0.0000 0.0000
vt 0.1453 -0.0000
vt 0.1622 0.2872
vt 0.0721 0.2872
vt 0.0000 0.0000
vt 0.1714 -0.0000
vt -0.0253 0.2652
vt -0.1316 0.2652
vt 0.0000 0.0000
vt 0.1714 0.0000
vt 0.3030 0.2653
vt 0.1967 0.2653
vt 0.0000 0.0000
vt 0.1380 -0.0000
vt 0.1631 0.3210
vt 0.0775 0.3210
vt 0.0000 0.0000
vt 0.1380 0.0000
vt 0.0604 0.3210
vt -0.0251 0.3210
vt 0.0000 0.0000
vt 0.1353 -0.0000
vt -0.0459 0.2947
vt -0.1298 0.2947
vt 0.0000 0.0000
vt 0.1353 -0.0000
vt 0.2651 0.2947
vt 0.1812 0.2947
vt 0.0000 0.0000
vt 0.2234 0.0000
vt 0.3720 0.2552
vt 0.2336 0.2552
vt 0.0000 0.0000
vt 0.2234 -0.0000
vt -0.0102 0.2552
vt -0.1487 0.2552
vt 0.0000 0.0000
vt 0.2112 -0.0000
vt 0.1467 0.2949
vt 0.0158 0.2949
vt 0.0000 0.0000
vt 0.2112 0.0000
vt 0.1954 0.2949
vt 0.0644 0.2950
vt 0.0000 0.0000
vt 0.2486 0.0000
vt 0.3371 0.2401
vt 0.1830 0.2401
vt 0.0000 0.0000
vt 0.2486 0.0000
vt 0.0656 0.2401
vt -0.0885 0.2401
vt 0.0000 0.0000
vt 0.2784 0.0000
vt 0.0368 0.2169
vt -0.1358 0.2169
vt 0.0000 0.0000
vt 0.2784 -0.0000
vt 0.4142 0.2169
vt 0.2416 0.2169
vt 0.0000 0.0000
vt 0.2392 -0.0000
vt 0.1568 0.3245
vt 0.0085 0.3245
vt 0.0000 0.0000
vt 0.2392 -0.0000
vt 0.2307 0.3246
vt 0.0824 0.3246
vt 0.0000 0.0000
vt 0.2853 0.0000
vt 0.3604 0.2800
vt 0.1836 0.2800
vt 0.0000 0.0000
vt 0.2853 0.0000
vt 0.1017 0.2801
vt -0.0752 0.2801
vt 0.0000 0.0000
vt 0.2293 -0.0000
vt 0.2356 0.2745
vt 0.0935 0.2745
vt 0.0000 0.0000
vt 0.2293 -0.0000
vt 0.1358 0.2745
vt -0.0063 0.2745
vt 0.0000 0.0000
vt 0.2301 0.0000
vt 0.0241 0.2476
vt -0.1186 0.2476
vt 0.0000 0.0000
vt 0.2301 0.0000
vt 0.3487 0.2476
vt 0.2061 0.2476
vt 0.0000 0.0000
vt 0.2032 0.0000
vt 0.2665 0.2898
vt 0.1405 0.2898
vt 0.0000 0.0000
vt 0.2032 0.0000
vt 0.0627 0.2899
vt -0.0633 0.2899
vt 0.0000 0.0000
vt 0.1999 -0.0000
vt 0.2305 0.2768
vt 0.1066 0.2768
vt 0.0000 0.0000
vt 0.1999 0.0000
vt 0.0932 0.2769
vt -0.0307 0.2769
vt 0.0000 0.0000
vt 0.2108 -0.0000
vt 0.0459 0.2653
vt -0.0848 0.2653
vt 0.0000 0.0000
vt 0.2108 0.0000
vt 0.2956 0.2654
vt 0.1649 0.2654
vt 0.0000 0.0000
vt 0.2011 -0.0000
vt 0.0242 0.2958
vt -0.1004 0.2958
vt 0.0000 0.0000
vt 0.2011 0.0000
vt 0.3015 0.2958
vt 0.1769 0.2958
vt 0.0000 0.0000
vt 0.1446 -0.0000
vt 0.3294 0.2476
vt 0.2397 0.2476
vt 0.0000 0.0000
vt 0.1446 -0.0000
vt -0.0951 0.2476
vt -0.1848 0.2476
vt 0.0000 0.0000
vt 0.1154 -0.0000
vt 0.1108 0.3064
vt 0.0392 0.3064
vt 0.0000 0.0000
vt 0.1154 0.0000
vt 0.0763 0.3065
vt 0.0047 0.3065
vt 0.0000 0.0000
vt 0.0827 -0.0000
vt 0.1762 0.2192
vt 0.1362 0.2192
vt 0.0000 0.0000
vt 0.0827 0.0000
vt -0.0535 0.2192
vt -0.0935 0.2192
vt 0.0000 0.0000
vt 0.0789 -0.0000
vt -0.0244 0.2299
vt -0.0626 0.2299
vt 0.0000 0.0000
vt 0.0789 0.0000
vt 0.1415 0.2299
vt 0.1033 0.2299
vt 0.0000 0.0000
vt 0.0880 -0.0000
vt 0.2080 0.1902
vt 0.1654 0.1902
vt 0.0000 0.0000
vt 0.0880 -0.0000
vt -0.0775 0.1902
vt -0.1200 0.1902
vt 0.0000 0.0000
vt 0.1034 0.0000
vt -0.1089 0.1591
vt -0.1590 0.1591
vt 0.0000 0.0000
vt 0.1034 -0.0000
vt 0.2624 0.1591
vt 0.2123 0.1591
vt 0.0000 0.0000
vt 0.1074 0.0000
vt 0.2360 0.1912
vt 0.1840 0.1912
vt 0.0000 0.0000
vt 0.1074 0.0000
vt -0.0767 0.1912
vt -0.1286 0.1912
vt 0.0000 0.0000
vt 0.1018 0.0000
vt 0.1477 0.2083
vt 0.0984 0.2083
vt 0.0000 0.0000
vt 0.1018 0.0000
vt 0.0033 0.2083
vt -0.0459 0.2083
vt 0.0000 0.0000
vt 0.1157 0.0000
vt 0.1759 0.1764
vt 0.1199 0.1764
vt 0.0000 0.0000
vt 0.1157 -0.0000
vt -0.0042 0.1764
vt -0.0602 0.1764
vt 0.0000 0.0000
vt 0.1028 -0.0000
vt 0.0586 0.1862
vt 0.0089 0.1862
vt 0.0000 0.0000
vt 0.1028 -0.0000
vt 0.0940 0.1862
vt 0.0442 0.1862
vt 0.0000 0.0000
vt 0.1109 -0.0000
vt -0.0073 0.1814
vt -0.0609 0.1814
vt 0.0000 0.0000
vt 0.1109 -0.0000
vt 0.1718 0.1814
vt 0.1181 0.1814
vt 0.0000 0.0000
vt 0.1323 0.0000
vt 0.2546 0.1027
vt 0.1906 0.1027
vt 0.0000 0.0000
vt 0.1323 0.0000
vt -0.0582 0.1027
vt -0.1223 0.1027
vt 0.0000 0.0000
vt 0.1746 0.0000
vt -0.0545 0.0787
vt -0.1390 0.0787
vt 0.0000 0.0000
vt 0.1746 -0.0000
vt 0.3136 0.0787
vt 0.2291 0.0787
vt 0.0000 0.0000
vt 0.0901 -0.0000
vt 0.0294 0.2418
vt -0.0142 0.2418
vt 0.0000 0.0000
vt 0.0901 0.0000
vt 0.1043 0.2418
vt 0.0607 0.2418
vt 0.0000 0.0000
vt 0.1063 0.0000
vt -0.0594 0.2234
vt -0.1108 0.2234
vt 0.0000 0.0000
vt 0.1063 -0.0000
vt 0.2171 0.2234
vt 0.1656 0.2234
vt 0.0000 0.0000
vt 0.0856 0.0000
vt 0.1067 0.2703
vt 0.0653 0.2703
vt 0.0000 0.0000
vt 0.0856 0.0000
vt 0.0203 0.2703
vt -0.0211 0.2703
vt 0.0000 0.0000
vt 0.0839 -0.0000
vt -0.0687 0.2481
vt -0.1093 0.2481
vt 0.0000 0.0000
vt 0.0839 -0.0000
vt 0.1932 0.2481
vt 0.1526 0.2481
vt 0.0000 0.0000
vt 0.1385 -0.0000
vt 0.2637 0.2149
vt 0.1967 0.2149
vt 0.0000 0.0000
vt 0.1385 0.0000
vt -0.0582 0.2149
vt -0.1252 0.2149
vt 0.0000 0.0000
vt 0.1309 0.0000
vt 0.0767 0.2483
vt 0.0133 0.2483
vt 0.0000 0.0000
vt 0.1309 -0.0000
vt 0.1176 0.2483
vt 0.0542 0.2483
vt 0.0000 0.0000
vt 0.1541 -0.0000
vt 0.2287 0.2022
vt 0.1541 0.2022
vt 0.0000 0.0000
vt 0.1541 -0.0000
vt 0.0001 0.2022
vt -0.0745 0.2022
vt 0.0000 0.0000
vt 0.1726 0.0000
vt -0.0308 0.1826
vt -0.1143 0.1826
vt 0.0000 0.0000
vt 0.1726 0.0000
vt 0.2869 0.1826
vt 0.2034 0.1826
vt 0.0000 0.0000
vt 0.1483 -0.0000
vt 0.0789 0.2733
vt 0.0072 0.2733
vt 0.0000 0.0000
vt 0.1483 0.0000
vt 0.1411 0.2733
vt 0.0694 0.2733
vt 0.0000 0.0000
vt 0.1769 -0.0000
vt 0.2401 0.2358
vt 0.1545 0.2358
vt 0.0000 0.0000
vt 0.1769 0.0000
vt 0.0223 0.2358
vt -0.0632 0.2358
vt 0.0000 0.0000
vt 0.1421 -0.0000
vt 0.1475 0.2311
vt 0.0787 0.2311
vt 0.0000 0.0000
vt 0.1421 -0.0000
vt 0.0635 0.2311
vt -0.0053 0.2311
vt 0.0000 0.0000
vt 0.1427 -0.0000
vt -0.0308 0.2085
vt -0.0999 0.2085
vt 0.0000 0.0000
vt 0.1427 0.0000
vt 0.2425 0.2085
vt 0.1735 0.2085
vt 0.0000 0.0000
vt 0.1260 0.0000
vt 0.1793 0.2441
vt 0.1183 0.2441
vt 0.0000 0.0000
vt 0.1260 0.0000
vt 0.0077 0.2441
vt -0.0533 0.2441
vt 0.0000 0.0000
vt 0.1239 0.0000
vt 0.1497 0.2331
vt 0.0898 0.2331
vt 0.0000 0.0000
vt 0.1239 0.0000
vt 0.0341 0.2331
vt -0.0258 0.2331
vt 0.0000 0.0000
vt 0.1307 -0.0000
vt -0.0081 0.2234
vt -0.0714 0.2234
vt 0.0000 0.0000
vt 0.1307 0.0000
vt 0.2021 0.2234
vt 0.1388 0.2234
vt 0.0000 0.0000
vt 0.1247 -0.0000
vt -0.0243 0.2491
vt -0.0846 0.2491
vt 0.0000 0.0000
vt 0.1247 -0.0000
vt 0.2092 0.2491
vt 0.1489 0.2491
vt 0.0000 0.0000
vt 0.0897 -0.0000
vt 0.2452 0.2085
vt 0.2019 0.2085
vt 0.0000 0.0000
vt 0.0897 -0.0000
vt -0.1122 0.2085
vt -0.1556 0.2085
vt 0.0000 0.0000
vt 0.0716 -0.0000
vt 0.0676 0.2580
vt 0.0330 0.2580
vt 0.0000 0.0000
vt 0.0716 0.0000
vt 0.0386 0.2580
vt 0.0039 0.2580
vt 0.0000 0.0000
vt 0.0400 0.0000
vt 0.1277 0.2055
vt 0.0000 0.0000
vt 0.0400 -0.0000
vt -0.0876 0.2056
vt 0.0000 0.0000
vt 0.0382 0.0000
vt -0.0587 0.2156
vt 0.0000 0.0000
vt 0.0382 -0.0000
vt 0.0968 0.2156
vt 0.0000 0.0000
vt 0.0426 -0.0000
vt 0.1551 0.1783
vt 0.0000 0.0000
vt 0.0426 0.0000
vt -0.1125 0.1784
vt 0.0000 0.0000
vt 0.0500 0.0000
vt -0.1490 0.1492
vt 0.0000 0.0000
vt 0.0500 0.0000
vt 0.1990 0.1493
vt 0.0000 0.0000
vt 0.0519 0.0000
vt 0.1725 0.1792
vt 0.0000 0.0000
vt 0.0519 -0.0000
vt -0.1205 0.1793
vt 0.0000 0.0000
vt 0.0492 -0.0000
vt 0.0923 0.1953
vt 0.0000 0.0000
vt 0.0492 0.0000
vt -0.0430 0.1954
vt 0.0000 0.0000
vt 0.0560 -0.0000
vt 0.1124 0.1654
vt 0.0000 0.0000
vt 0.0560 -0.0000
vt -0.0564 0.1655
vt 0.0000 0.0000
vt 0.0498 -0.0000
vt 0.0083 0.1746
vt 0.0000 0.0000
vt 0.0498 0.0000
vt 0.0414 0.1746
vt 0.0000 0.0000
vt 0.0536 0.0000
vt -0.0571 0.1701
vt 0.0000 0.0000
vt 0.0536 0.0000
vt 0.1107 0.1702
vt 0.0000 0.0000
vt 0.0640 0.0000
vt 0.1787 0.0963
vt 0.0000 0.0000
vt 0.0640 -0.0000
vt -0.1146 0.0965
vt 0.0000 0.0000
vt 0.0845 -0.0000
vt -0.1303 0.0738
vt 0.0000 0.0000
vt 0.0845 -0.0000
vt 0.2148 0.0740
vt 0.0000 0.0000
vt 0.0436 0.0000
vt -0.0133 0.2267
vt 0.0000 0.0000
vt 0.0436 -0.0000
vt 0.0569 0.2268
vt 0.0000 0.0000
vt 0.0514 0.0000
vt -0.1039 0.2094
vt 0.0000 0.0000
vt 0.0514 -0.0000
vt 0.1553 0.2095
vt 0.0000 0.0000
vt 0.0414 -0.0000
vt 0.0612 0.2534
vt 0.0000 0.0000
vt 0.0414 -0.0000
vt -0.0198 0.2535
vt 0.0000 0.0000
vt 0.0406 0.0000
vt -0.1024 0.2326
vt 0.0000 0.0000
vt 0.0406 -0.0000
vt 0.1430 0.2327
vt 0.0000 0.0000
vt 0.0670 0.0000
vt 0.1844 0.2014
vt 0.0000 0.0000
vt 0.0670 0.0000
vt -0.1174 0.2015
vt 0.0000 0.0000
vt 0.0634 -0.0000
vt 0.0125 0.2328
vt 0.0000 0.0000
vt 0.0634 -0.0000
vt 0.0508 0.2329
vt 0.0000 0.0000
vt 0.0746 0.0000
vt 0.1444 0.1895
vt 0.0000 0.0000
vt 0.0746 0.0000
vt -0.0699 0.1896
vt 0.0000 0.0000
vt 0.0835 -0.0000
vt -0.1072 0.1712
vt 0.0000 0.0000
vt 0.0835 0.0000
vt 0.1906 0.1713
vt 0.0000 0.0000
vt 0.0718 -0.0000
vt 0.0067 0.2562
vt 0.0000 0.0000
vt 0.0718 0.0000
vt 0.0650 0.2562
vt 0.0000 0.0000
vt 0.0856 -0.0000
vt 0.1449 0.2210
vt 0.0000 0.0000
vt 0.0856 0.0000
vt -0.0593 0.2211
vt 0.0000 0.0000
vt 0.0688 -0.0000
vt 0.0738 0.2166
vt 0.0000 0.0000
vt 0.0688 -0.0000
vt -0.0050 0.2167
vt 0.0000 0.0000
vt 0.0690 -0.0000
vt -0.0936 0.1954
vt 0.0000 0.0000
vt 0.0690 0.0000
vt 0.1626 0.1955
vt 0.0000 0.0000
vt 0.0610 0.0000
vt 0.1109 0.2288
vt 0.0000 0.0000
vt 0.0610 -0.0000
vt -0.0499 0.2289
vt 0.0000 0.0000
vt 0.0600 -0.0000
vt 0.0842 0.2186
vt 0.0000 0.0000
vt 0.0600 -0.0000
vt -0.0242 0.2186
vt 0.0000 0.0000
vt 0.0632 -0.0000
vt -0.0669 0.2095
vt 0.0000 0.0000
vt 0.0632 0.0000
vt 0.1301 0.2095
vt 0.0000 0.0000
vt 0.0603 0.0000
vt -0.0793 0.2335
vt 0.0000 0.0000
vt 0.0603 0.0000
vt 0.1396 0.2336
vt 0.0000 0.0000
vt 0.0434 -0.0000
vt 0.1892 0.1955
vt 0.0000 0.0000
vt 0.0434 -0.0000
vt -0.1458 0.1955
vt 0.0000 0.0000
vt 0.0346 0.0000
vt 0.0309 0.2419
vt 0.0000 0.0000
vt 0.0346 -0.0000
vt 0.0037 0.2420
vt 0.0000 0.0000
vt 0.0858 0.0000
vt 0.0000 0.6070
vt 0.0000 0.6191
vt 0.0000 0.0000
vt 0.0858 0.0000
vt 0.0000 0.6055
vt -0.0000 0.6189
vt 0.0000 0.0000
vt 0.0858 0.0000
vt 0.0000 0.6057
vt 0.0000 0.6174
vt 0.0000 0.0000
vt 0.0858 0.0000
vt 0.0000 0.6072
vt -0.0000 0.6176
vt 0.0000 0.0000
vt 0.0858 0.0000
vt 0.0016 0.6112
vt 0.0016 0.6075
vt 0.0000 0.0000
vt 0.0858 0.0000
vt 0.0123 0.6185
vt 0.0108 0.6228
vt 0.0000 0.0000
vt 0.0858 0.0000
vt -0.0012 0.6019
vt -0.0012 0.6287
vt 0.0000 0.0000
vt 0.0858 -0.0000
vt -0.0091 0.5941
vt -0.0106 0.6136
vt 0.0000 0.0000
vt 0.0858 -0.0000
vt -0.1111 0.5946
vt -0.1111 0.5983
vt 0.0000 0.0000
vt 0.0858 0.0000
vt -0.0540 0.6065
vt -0.0541 0.6299
vt 0.0000 0.0000
vt 0.0858 -0.0000
vt 0.1112 0.5977
vt 0.1112 0.6180
vt 0.0000 0.0000
vt 0.0858 0.0000
vt 0.0541 0.6016
vt 0.0540 0.6016
vt 0.0000 0.0000
vt 0.0858 0.0000
vt -0.0600 0.6052
vt -0.0600 0.6171
vt 0.0000 0.0000
vt 0.0858 -0.0000
vt 0.0871 0.6105
vt 0.0859 0.6224
vt 0.0000 0.0000
vt 0.0858 -0.0000
vt 0.0604 0.6015
vt 0.0604 0.6135
vt 0.0000 0.0000
vt 0.0858 0.0000
vt -0.0851 0.5899
vt -0.0863 0.6019
vt 0.0000 0.0000
vt 0.0858 0.0000
vt 0.0858 0.0858
vt -0.0000 0.0858
vt 0.0000 0.0000
vt 0.0858 0.0000
vt 0.0858 0.0858
vt -0.0000 0.0858
vt 0.0000 0.0000
vt 0.0994 0.0000
vt 0.1027 0.1102
vt 0.0033 0.1101
vt 0.0000 0.0000
vt 0.1252 0.0000
vt 0.1278 0.1103
vt 0.0026 0.1102
vt 0.0000 0.0000
vt 0.1243 -0.0000
vt 0.1260 0.1103
vt 0.0017 0.1103
vt 0.0000 0.0000
vt 0.1290 0.0000
vt 0.1298 0.1104
vt 0.0008 0.1104
vt 0.0000 0.0000
vt 0.0795 0.0000
vt 0.0793 0.1104
vt -0.0002 0.1104
vt 0.0000 0.0000
vt 0.0777 0.0000
vt 0.0771 0.1104
vt -0.0006 0.1104
vt 0.0000 0.0000
vt 0.0756 -0.0000
vt 0.0746 0.1104
vt -0.0010 0.1104
vt 0.0000 0.0000
vt 0.0743 -0.0000
vt 0.0731 0.1103
vt -0.0012 0.1103
vt 0.0000 0.0000
vt 0.0766 0.0000
vt 0.0754 0.1103
vt -0.0012 0.1103
vt 0.0000 0.0000
vt 0.0822 0.0000
vt 0.0812 0.1103
vt -0.0010 0.1103
vt 0.0000 0.0000
vt 0.0874 -0.0000
vt 0.0862 0.1102
vt -0.0012 0.1103
vt 0.0000 0.0000
vt 0.0782 0.0000
vt 0.0776 0.1102
vt -0.0006 0.1102
vt 0.0000 0.0000
vt 0.0927 0.0000
vt 0.0915 0.1102
vt -0.0013 0.1102
vt 0.0000 0.0000
vt 0.0652 0.0000
vt 0.0650 0.1102
vt -0.0001 0.1102
vt 0.0000 0.0000
vt 0.1697 -0.0000
vt 0.1676 0.1101
vt -0.0020 0.1102
vt 0.0000 0.0000
vt 0.2209 -0.0000
vt 0.2238 0.1102
vt 0.0028 0.1101
vt 0.0000 0.0000
vt 0.0842 0.0000
vt 0.0861 0.1103
vt 0.0019 0.1103
vt 0.0000 0.0000
vt 0.1070 0.0000
vt 0.1085 0.1104
vt 0.0015 0.1103
vt 0.0000 0.0000
vt 0.1333 0.0000
vt 0.1338 0.1104
vt 0.0004 0.1104
vt 0.0000 0.0000
vt 0.0773 0.0000
vt 0.0772 0.1104
vt -0.0001 0.1104
vt 0.0000 0.0000
vt 0.0842 0.0000
vt 0.0835 0.1104
vt -0.0007 0.1104
vt 0.0000 0.0000
vt 0.0705 0.0000
vt 0.0695 0.1103
vt -0.0011 0.1104
vt 0.0000 0.0000
vt 0.1074 0.0000
vt 0.1057 0.1103
vt -0.0017 0.1103
vt 0.0000 0.0000
vt 0.0632 -0.0000
vt 0.0624 0.1103
vt -0.0008 0.1103
vt 0.0000 0.0000
vt 0.1367 0.0000
vt 0.1344 0.1102
vt -0.0023 0.1103
vt 0.0000 0.0000
vt 0.1171 -0.0000
vt 0.1166 0.1102
vt -0.0004 0.1102
vt 0.0000 0.0000
vt 0.0966 0.0000
vt 0.0975 0.1102
vt 0.0009 0.1102
vt 0.0000 0.0000
vt 0.1797 0.0000
vt 0.1775 0.1101
vt -0.0022 0.1102
vt 0.0000 0.0000
vt 0.0760 0.0000
vt 0.0775 0.1101
vt 0.0015 0.1101
vt 0.0000 0.0000
vt 0.0994 -0.0000
vt 0.2042 0.1723
vt 0.1425 0.1723
vt 0.0000 0.0000
vt 0.0994 -0.0000
vt -0.0431 0.1723
vt -0.1048 0.1723
vt 0.0000 0.0000
vt 0.1252 0.0000
vt 0.2168 0.1459
vt 0.1392 0.1459
vt 0.0000 0.0000
vt 0.1252 0.0000
vt -0.0140 0.1459
vt -0.0916 0.1459
vt 0.0000 0.0000
vt 0.1243 -0.0000
vt 0.1612 0.1503
vt 0.0842 0.1503
vt 0.0000 0.0000
vt 0.1243 0.0000
vt 0.0402 0.1503
vt -0.0369 0.1503
vt 0.0000 0.0000
vt 0.1290 -0.0000
vt 0.1242 0.1483
vt 0.0442 0.1483
vt 0.0000 0.0000
vt 0.1290 -0.0000
vt 0.0848 0.1483
vt 0.0048 0.1483
vt 0.0000 0.0000
vt 0.0795 -0.0000
vt 0.1422 0.1157
vt 0.0930 0.1157
vt 0.0000 0.0000
vt 0.0795 -0.0000
vt -0.0135 0.1157
vt -0.0628 0.1157
vt 0.0000 0.0000
vt 0.0777 -0.0000
vt 0.1117 0.1152
vt 0.0635 0.1152
vt 0.0000 0.0000
vt 0.0777 -0.0000
vt 0.0141 0.1152
vt -0.0340 0.1152
vt 0.0000 0.0000
vt 0.0756 0.0000
vt 0.0679 0.1183
vt 0.0210 0.1183
vt 0.0000 0.0000
vt 0.0756 -0.0000
vt 0.0546 0.1183
vt 0.0077 0.1183
vt 0.0000 0.0000
vt 0.0743 -0.0000
vt 0.0652 0.1170
vt 0.0191 0.1170
vt 0.0000 0.0000
vt 0.0743 -0.0000
vt 0.0552 0.1170
vt 0.0091 0.1170
vt 0.0000 0.0000
vt 0.0766 -0.0000
vt 0.0690 0.1154
vt 0.0215 0.1154
vt 0.0000 0.0000
vt 0.0766 -0.0000
vt 0.0551 0.1154
vt 0.0076 0.1154
vt 0.0000 0.0000
vt 0.0822 0.0000
vt 0.0607 0.1152
vt 0.0097 0.1152
vt 0.0000 0.0000
vt 0.0822 -0.0000
vt 0.0725 0.1152
vt 0.0215 0.1152
vt 0.0000 0.0000
vt 0.0874 0.0000
vt 0.0257 0.1137
vt -0.0285 0.1137
vt 0.0000 0.0000
vt 0.0874 -0.0000
vt 0.1159 0.1137
vt 0.0617 0.1137
vt 0.0000 0.0000
vt 0.0782 0.0000
vt 0.0202 0.1262
vt -0.0283 0.1262
vt 0.0000 0.0000
vt 0.0782 0.0000
vt 0.1065 0.1263
vt 0.0580 0.1263
vt 0.0000 0.0000
vt 0.0927 -0.0000
vt -0.0325 0.1058
vt -0.0900 0.1058
vt 0.0000 0.0000
vt 0.0927 -0.0000
vt 0.1828 0.1058
vt 0.1253 0.1058
vt 0.0000 0.0000
vt 0.0652 0.0000
vt -0.0330 0.1466
vt -0.0734 0.1466
vt 0.0000 0.0000
vt 0.0652 -0.0000
vt 0.1385 0.1467
vt 0.0981 0.1467
vt 0.0000 0.0000
vt 0.1697 0.0000
vt -0.0597 0.0627
vt -0.1649 0.0627
vt 0.0000 0.0000
vt 0.1697 -0.0000
vt 0.3346 0.0627
vt 0.2294 0.0628
vt 0.0000 0.0000
vt 0.2209 -0.0000
vt 0.3657 0.0651
vt 0.2287 0.0651
vt 0.0000 0.0000
vt 0.2209 -0.0000
vt -0.0078 0.0651
vt -0.1448 0.0651
vt 0.0000 0.0000
vt 0.0842 -0.0000
vt 0.1001 0.1513
vt 0.0479 0.1513
vt 0.0000 0.0000
vt 0.0842 -0.0000
vt 0.0363 0.1513
vt -0.0159 0.1513
vt 0.0000 0.0000
vt 0.1070 0.0000
vt 0.1036 0.1475
vt 0.0373 0.1475
vt 0.0000 0.0000
vt 0.1070 -0.0000
vt 0.0697 0.1475
vt 0.0034 0.1475
vt 0.0000 0.0000
vt 0.1333 0.0000
vt 0.1794 0.1114
vt 0.0968 0.1114
vt 0.0000 0.0000
vt 0.1333 -0.0000
vt 0.0366 0.1114
vt -0.0461 0.1114
vt 0.0000 0.0000
vt 0.0773 -0.0000
vt 0.0391 0.1203
vt -0.0088 0.1203
vt 0.0000 0.0000
vt 0.0773 0.0000
vt 0.0861 0.1203
vt 0.0382 0.1203
vt 0.0000 0.0000
vt 0.0842 0.0000
vt 0.1109 0.1117
vt 0.0587 0.1117
vt 0.0000 0.0000
vt 0.0842 -0.0000
vt 0.0255 0.1117
vt -0.0267 0.1117
vt 0.0000 0.0000
vt 0.0705 -0.0000
vt 0.0668 0.1125
vt 0.0231 0.1125
vt 0.0000 0.0000
vt 0.0705 0.0000
vt 0.0475 0.1125
vt 0.0038 0.1125
vt 0.0000 0.0000
vt 0.1074 0.0000
vt -0.0131 0.0795
vt -0.0797 0.0795
vt 0.0000 0.0000
vt 0.1074 -0.0000
vt 0.1871 0.0795
vt 0.1205 0.0795
vt 0.0000 0.0000
vt 0.0632 0.0000
vt 0.0996 0.1312
vt 0.0603 0.1311
vt 0.0000 0.0000
vt 0.0632 -0.0000
vt 0.0029 0.1312
vt -0.0363 0.1312
vt 0.0000 0.0000
vt 0.1367 0.0000
vt 0.0247 0.1221
vt -0.0600 0.1221
vt 0.0000 0.0000
vt 0.1367 0.0000
vt 0.1968 0.1221
vt 0.1120 0.1221
vt 0.0000 0.0000
vt 0.1171 -0.0000
vt 0.0959 0.1641
vt 0.0233 0.1641
vt 0.0000 0.0000
vt 0.1171 -0.0000
vt 0.0938 0.1641
vt 0.0212 0.1641
vt 0.0000 0.0000
vt 0.0966 0.0000
vt 0.1063 0.1588
vt 0.0465 0.1588
vt 0.0000 0.0000
vt 0.0966 0.0000
vt 0.0501 0.1588
vt -0.0098 0.1588
vt 0.0000 0.0000
vt 0.1797 0.0000
vt -0.0216 0.0873
vt -0.1330 0.0873
vt 0.0000 0.0000
vt 0.1797 0.0000
vt 0.3127 0.0873
vt 0.2013 0.0874
vt 0.0000 0.0000
vt 0.0760 -0.0000
vt 0.0291 0.2186
vt -0.0181 0.2186
vt 0.0000 0.0000
vt 0.0760 -0.0000
vt 0.0941 0.2187
vt 0.0469 0.2187
vt 0.0000 0.0000
vt 0.0616 -0.0000
vt 0.1498 0.1451
vt 0.1200 0.1451
vt 0.0000 0.0000
vt 0.0616 0.0000
vt -0.0583 0.1451
vt -0.0881 0.1451
vt 0.0000 0.0000
vt 0.0776 -0.0000
vt 0.1548 0.1228
vt 0.1172 0.1228
vt 0.0000 0.0000
vt 0.0776 -0.0000
vt -0.0396 0.1229
vt -0.0771 0.1229
vt 0.0000 0.0000
vt 0.0771 0.0000
vt 0.1082 0.1266
vt 0.0709 0.1266
vt 0.0000 0.0000
vt 0.0771 0.0000
vt 0.0062 0.1266
vt -0.0311 0.1266
vt 0.0000 0.0000
vt 0.0800 0.0000
vt 0.0759 0.1249
vt 0.0372 0.1249
vt 0.0000 0.0000
vt 0.0800 -0.0000
vt 0.0428 0.1249
vt 0.0041 0.1249
vt 0.0000 0.0000
vt 0.0493 -0.0000
vt 0.1021 0.0974
vt 0.0783 0.0974
vt 0.0000 0.0000
vt 0.0493 0.0000
vt -0.0290 0.0975
vt -0.0529 0.0975
vt 0.0000 0.0000
vt 0.0482 0.0000
vt 0.0768 0.0970
vt 0.0535 0.0970
vt 0.0000 0.0000
vt 0.0482 -0.0000
vt -0.0054 0.0971
vt -0.0287 0.0971
vt 0.0000 0.0000
vt 0.0469 -0.0000
vt 0.0404 0.0996
vt 0.0177 0.0996
vt 0.0000 0.0000
vt 0.0469 -0.0000
vt 0.0291 0.0997
vt 0.0065 0.0997
vt 0.0000 0.0000
vt 0.0461 0.0000
vt 0.0384 0.0985
vt 0.0161 0.0985
vt 0.0000 0.0000
vt 0.0461 0.0000
vt 0.0299 0.0986
vt 0.0076 0.0986
vt 0.0000 0.0000
vt 0.0475 -0.0000
vt 0.0411 0.0972
vt 0.0181 0.0972
vt 0.0000 0.0000
vt 0.0475 0.0000
vt 0.0294 0.0972
vt 0.0064 0.0972
vt 0.0000 0.0000
vt 0.0510 -0.0000
vt 0.0328 0.0970
vt 0.0082 0.0970
vt 0.0000 0.0000
vt 0.0510 0.0000
vt 0.0428 0.0970
vt 0.0181 0.0970
vt 0.0000 0.0000
vt 0.0542 0.0000
vt 0.0022 0.0957
vt -0.0240 0.0957
vt 0.0000 0.0000
vt 0.0542 0.0000
vt 0.0781 0.0958
vt 0.0519 0.0958
vt 0.0000 0.0000
vt 0.0485 -0.0000
vt -0.0004 0.1063
vt -0.0238 0.1063
vt 0.0000 0.0000
vt 0.0485 0.0000
vt 0.0723 0.1063
vt 0.0488 0.1063
vt 0.0000 0.0000
vt 0.0575 0.0000
vt -0.0480 0.0891
vt -0.0758 0.0891
vt 0.0000 0.0000
vt 0.0575 0.0000
vt 0.1333 0.0891
vt 0.1054 0.0891
vt 0.0000 0.0000
vt 0.0404 -0.0000
vt -0.0423 0.1235
vt -0.0618 0.1235
vt 0.0000 0.0000
vt 0.0404 0.0000
vt 0.1022 0.1235
vt 0.0826 0.1235
vt 0.0000 0.0000
vt 0.1052 0.0000
vt -0.0880 0.0528
vt -0.1389 0.0528
vt 0.0000 0.0000
vt 0.1052 -0.0000
vt 0.2440 0.0529
vt 0.1931 0.0529
vt 0.0000 0.0000
vt 0.1370 -0.0000
vt 0.2589 0.0548
vt 0.1926 0.0548
vt 0.0000 0.0000
vt 0.1370 -0.0000
vt -0.0556 0.0550
vt -0.1218 0.0550
vt 0.0000 0.0000
vt 0.0522 -0.0000
vt 0.0656 0.1274
vt 0.0404 0.1274
vt 0.0000 0.0000
vt 0.0522 0.0000
vt 0.0119 0.1275
vt -0.0134 0.1275
vt 0.0000 0.0000
vt 0.0664 0.0000
vt 0.0635 0.1242
vt 0.0314 0.1242
vt 0.0000 0.0000
vt 0.0664 0.0000
vt 0.0350 0.1243
vt 0.0029 0.1243
vt 0.0000 0.0000
vt 0.0827 0.0000
vt 0.1215 0.0938
vt 0.0815 0.0938
vt 0.0000 0.0000
vt 0.0827 0.0000
vt 0.0012 0.0939
vt -0.0388 0.0939
vt 0.0000 0.0000
vt 0.0479 0.0000
vt 0.0158 0.1013
vt -0.0074 0.1013
vt 0.0000 0.0000
vt 0.0479 -0.0000
vt 0.0554 0.1013
vt 0.0322 0.1013
vt 0.0000 0.0000
vt 0.0522 0.0000
vt 0.0747 0.0941
vt 0.0494 0.0941
vt 0.0000 0.0000
vt 0.0522 -0.0000
vt 0.0028 0.0941
vt -0.0225 0.0941
vt 0.0000 0.0000
vt 0.0437 -0.0000
vt 0.0406 0.0947
vt 0.0194 0.0947
vt 0.0000 0.0000
vt 0.0437 -0.0000
vt 0.0243 0.0948
vt 0.0031 0.0948
vt 0.0000 0.0000
vt 0.0666 0.0000
vt -0.0349 0.0669
vt -0.0671 0.0669
vt 0.0000 0.0000
vt 0.0666 -0.0000
vt 0.1337 0.0670
vt 0.1015 0.0670
vt 0.0000 0.0000
vt 0.0392 -0.0000
vt 0.0698 0.1104
vt 0.0508 0.1104
vt 0.0000 0.0000
vt 0.0392 0.0000
vt -0.0116 0.1104
vt -0.0306 0.1104
vt 0.0000 0.0000
vt 0.0848 0.0000
vt -0.0095 0.1028
vt -0.0505 0.1028
vt 0.0000 0.0000
vt 0.0848 -0.0000
vt 0.1353 0.1029
vt 0.0943 0.1029
vt 0.0000 0.0000
vt 0.0726 -0.0000
vt 0.0548 0.1381
vt 0.0196 0.1381
vt 0.0000 0.0000
vt 0.0726 -0.0000
vt 0.0529 0.1381
vt 0.0178 0.1381
vt 0.0000 0.0000
vt 0.0599 -0.0000
vt 0.0681 0.1337
vt 0.0391 0.1337
vt 0.0000 0.0000
vt 0.0599 -0.0000
vt 0.0207 0.1337
vt -0.0082 0.1337
vt 0.0000 0.0000
vt 0.1114 -0.0000
vt -0.0580 0.0735
vt -0.1119 0.0735
vt 0.0000 0.0000
vt 0.1114 -0.0000
vt 0.2233 0.0736
vt 0.1694 0.0736
vt 0.0000 0.0000
vt 0.0471 0.0000
vt 0.0076 0.1841
vt -0.0153 0.1841
vt 0.0000 0.0000
vt 0.0471 0.0000
vt 0.0624 0.1841
vt 0.0396 0.1841
vt 0.0000 0.0000
vt 0.0298 -0.0000
vt 0.1125 0.1360
vt 0.0000 0.0000
vt 0.0298 -0.0000
vt -0.0826 0.1361
vt 0.0000 0.0000
vt 0.0376 0.0000
vt 0.1099 0.1152
vt 0.0000 0.0000
vt 0.0376 -0.0000
vt -0.0723 0.1152
vt 0.0000 0.0000
vt 0.0373 0.0000
vt 0.0664 0.1187
vt 0.0000 0.0000
vt 0.0373 -0.0000
vt -0.0291 0.1187
vt 0.0000 0.0000
vt 0.0387 -0.0000
vt 0.0349 0.1171
vt 0.0000 0.0000
vt 0.0387 0.0000
vt 0.0038 0.1171
vt 0.0000 0.0000
vt 0.0238 0.0000
vt 0.0734 0.0913
vt 0.0000 0.0000
vt 0.0238 -0.0000
vt -0.0495 0.0914
vt 0.0000 0.0000
vt 0.0233 0.0000
vt 0.0502 0.0910
vt 0.0000 0.0000
vt 0.0233 -0.0000
vt -0.0269 0.0910
vt 0.0000 0.0000
vt 0.0227 -0.0000
vt 0.0166 0.0934
vt 0.0000 0.0000
vt 0.0227 -0.0000
vt 0.0061 0.0935
vt 0.0000 0.0000
vt 0.0223 0.0000
vt 0.0151 0.0924
vt 0.0000 0.0000
vt 0.0223 0.0000
vt 0.0072 0.0924
vt 0.0000 0.0000
vt 0.0230 0.0000
vt 0.0170 0.0911
vt 0.0000 0.0000
vt 0.0230 0.0000
vt 0.0060 0.0911
vt 0.0000 0.0000
vt 0.0247 -0.0000
vt 0.0077 0.0910
vt 0.0000 0.0000
vt 0.0247 0.0000
vt 0.0170 0.0910
vt 0.0000 0.0000
vt 0.0262 0.0000
vt -0.0225 0.0898
vt 0.0000 0.0000
vt 0.0262 -0.0000
vt 0.0487 0.0898
vt 0.0000 0.0000
vt 0.0234 0.0000
vt -0.0223 0.0996
vt 0.0000 0.0000
vt 0.0234 -0.0000
vt 0.0458 0.0997
vt 0.0000 0.0000
vt 0.0278 -0.0000
vt -0.0711 0.0835
vt 0.0000 0.0000
vt 0.0278 0.0000
vt 0.0989 0.0836
vt 0.0000 0.0000
vt 0.0195 -0.0000
vt -0.0579 0.1157
vt 0.0000 0.0000
vt 0.0195 -0.0000
vt 0.0775 0.1158
vt 0.0000 0.0000
vt 0.0509 -0.0000
vt -0.1302 0.0495
vt 0.0000 0.0000
vt 0.0509 0.0000
vt 0.1811 0.0496
vt 0.0000 0.0000
vt 0.0663 0.0000
vt 0.1805 0.0514
vt 0.0000 0.0000
vt 0.0663 0.0000
vt -0.1143 0.0516
vt 0.0000 0.0000
vt 0.0253 0.0000
vt 0.0378 0.1195
vt 0.0000 0.0000
vt 0.0253 0.0000
vt -0.0125 0.1195
vt 0.0000 0.0000
vt 0.0321 -0.0000
vt 0.0294 0.1165
vt 0.0000 0.0000
vt 0.0321 -0.0000
vt 0.0027 0.1165
vt 0.0000 0.0000
vt 0.0400 -0.0000
vt 0.0764 0.0880
vt 0.0000 0.0000
vt 0.0400 0.0000
vt -0.0364 0.0880
vt 0.0000 0.0000
vt 0.0232 0.0000
vt -0.0070 0.0949
vt 0.0000 0.0000
vt 0.0232 0.0000
vt 0.0302 0.0950
vt 0.0000 0.0000
vt 0.0253 -0.0000
vt 0.0463 0.0882
vt 0.0000 0.0000
vt 0.0253 -0.0000
vt -0.0211 0.0882
vt 0.0000 0.0000
vt 0.0212 -0.0000
vt 0.0182 0.0888
vt 0.0000 0.0000
vt 0.0212 0.0000
vt 0.0029 0.0889
vt 0.0000 0.0000
vt 0.0322 -0.0000
vt -0.0629 0.0627
vt 0.0000 0.0000
vt 0.0322 0.0000
vt 0.0951 0.0628
vt 0.0000 0.0000
vt 0.0190 -0.0000
vt 0.0477 0.1035
vt 0.0000 0.0000
vt 0.0190 -0.0000
vt -0.0287 0.1036
vt 0.0000 0.0000
vt 0.0410 -0.0000
vt -0.0474 0.0964
vt 0.0000 0.0000
vt 0.0410 0.0000
vt 0.0884 0.0965
vt 0.0000 0.0000
vt 0.0351 0.0000
vt 0.0184 0.1295
vt 0.0000 0.0000
vt 0.0351 -0.0000
vt 0.0167 0.1295
vt 0.0000 0.0000
vt 0.0290 0.0000
vt 0.0367 0.1253
vt 0.0000 0.0000
vt 0.0290 -0.0000
vt -0.0077 0.1253
vt 0.0000 0.0000
vt 0.0539 -0.0000
vt -0.1049 0.0689
vt 0.0000 0.0000
vt 0.0539 -0.0000
vt 0.1588 0.0690
vt 0.0000 0.0000
vt 0.0228 -0.0000
vt -0.0143 0.1726
vt 0.0000 0.0000
vt 0.0228 -0.0000
vt 0.0371 0.1726
vt 0.0000 0.0000
vt 0.0858 -0.0000
vt 0.0007 0.6459
vt 0.0007 0.6696
vt 0.0000 0.0000
vt 0.0858 0.0000
vt -0.0007 0.6613
vt 0.0017 0.6567
vt 0.0000 0.0000
vt 0.0858 0.0000
vt 0.0007 0.6742
vt 0.0007 0.6724
vt 0.0000 0.0000
vt 0.0858 0.0000
vt -0.0007 0.6590
vt 0.0017 0.6850
vt 0.0000 0.0000
vt 0.0858 0.0000
vt 0.0999 0.6459
vt 0.0999 0.6583
vt 0.0000 0.0000
vt 0.0858 -0.0000
vt -0.1201 0.6380
vt -0.1210 0.6403
vt 0.0000 0.0000
vt 0.0858 0.0000
vt -0.0998 0.6588
vt -0.0998 0.6684
vt 0.0000 0.0000
vt 0.0858 -0.0000
vt 0.1227 0.6595
vt 0.1218 0.6789
vt 0.0000 0.0000
vt 0.0858 -0.0000
vt 0.0099 0.6579
vt 0.0099 0.6670
vt 0.0000 0.0000
vt 0.0858 0.0000
vt -0.0662 0.6518
vt -0.0664 0.6644
vt 0.0000 0.0000
vt 0.0858 0.0000
vt -0.0099 0.6619
vt -0.0099 0.6746
vt 0.0000 0.0000
vt 0.0858 -0.0000
vt 0.0667 0.6614
vt 0.0664 0.6708
vt 0.0000 0.0000
vt 0.0858 0.0000
vt -0.0144 0.6596
vt -0.0144 0.6706
vt 0.0000 0.0000
vt 0.0858 0.0000
vt 0.0118 0.6615
vt 0.0118 0.6725
vt 0.0000 0.0000
vt 0.0858 0.0000
vt 0.0144 0.6600
vt 0.0144 0.6709
vt 0.0000 0.0000
vt 0.0858 0.0000
vt -0.0118 0.6581
vt -0.0118 0.6691
vt 0.0000 0.0000
vt 0.0858 0.0000
vt 0.0858 0.0858
vt -0.0000 0.0858
vt 0.0000 0.0000
vt 0.0858 0.0000
vt 0.0858 0.0858
vt 0.0000 0.0858
vt 0.0000 0.0000
vt 0.0934 0.0000
vt 0.0055 0.5591
vt 0.0055 0.5389
vt 0.0000 0.0000
vt 0.0934 0.0000
vt 0.0111 0.6010
vt -0.0048 0.5733
vt 0.0000 0.0000
vt 0.0934 -0.0000
vt 0.0055 0.5677
vt 0.0055 0.6129
vt 0.0000 0.0000
vt 0.0934 0.0000
vt 0.0111 0.5273
vt -0.0048 0.5802
vt 0.0000 0.0000
vt 0.0934 0.0000
vt -0.2042 0.4738
vt -0.2042 0.5166
vt 0.0000 0.0000
vt 0.0934 -0.0000
vt -0.2466 0.4856
vt -0.2252 0.5189
vt 0.0000 0.0000
vt 0.0934 -0.0000
vt 0.2092 0.5740
vt 0.2092 0.5610
vt 0.0000 0.0000
vt 0.0934 -0.0000
vt 0.2528 0.5243
vt 0.2743 0.5255
vt 0.0000 0.0000
vt 0.0934 0.0000
vt 0.1624 0.5691
vt 0.1624 0.5742
vt 0.0000 0.0000
vt 0.0934 -0.0000
vt 0.0288 0.5484
vt 0.0359 0.5796
vt 0.0000 0.0000
vt 0.0934 -0.0000
vt -0.1524 0.5113
vt -0.1524 0.5379
vt 0.0000 0.0000
vt 0.0934 0.0000
vt -0.0346 0.5754
vt -0.0275 0.5736
vt 0.0000 0.0000
vt 0.0934 0.0000
vt -0.0605 0.5629
vt -0.0605 0.5779
vt 0.0000 0.0000
vt 0.0934 0.0000
vt 0.1066 0.5663
vt 0.1048 0.5814
vt 0.0000 0.0000
vt 0.0934 0.0000
vt 0.0610 0.5555
vt 0.0610 0.5706
vt 0.0000 0.0000
vt 0.0934 0.0000
vt -0.1032 0.5390
vt -0.1050 0.5542
vt 0.0000 0.0000
vt 0.0934 -0.0000
vt 0.0934 0.0934
vt -0.0000 0.0934
vt 0.0000 0.0000
vt 0.0934 0.0000
vt 0.0934 0.0934
vt -0.0000 0.0934
vt 0.0000 0.0000
vt 0.0906 -0.0000
vt 0.0872 0.0916
vt -0.0034 0.0917
vt 0.0000 0.0000
vt 0.2334 0.0000
vt 0.2291 0.0913
vt -0.0044 0.0916
vt 0.0000 0.0000
vt 0.2317 0.0000
vt 0.2335 0.0915
vt 0.0017 0.0913
vt 0.0000 0.0000
vt 0.1303 0.0000
vt 0.1304 0.0915
vt 0.0001 0.0915
vt 0.0000 0.0000
vt 0.2165 -0.0000
vt 0.2187 0.0916
vt 0.0021 0.0915
vt 0.0000 0.0000
vt 0.2028 0.0000
vt 0.2048 0.0918
vt 0.0021 0.0916
vt 0.0000 0.0000
vt 0.1876 0.0000
vt 0.1891 0.0919
vt 0.0015 0.0918
vt 0.0000 0.0000
vt 0.2100 0.0000
vt 0.2118 0.0920
vt 0.0018 0.0919
vt 0.0000 0.0000
vt 0.1564 0.0000
vt 0.1582 0.0921
vt 0.0018 0.0920
vt 0.0000 0.0000
vt 0.2001 0.0000
vt 0.2008 0.0922
vt 0.0007 0.0921
vt 0.0000 0.0000
vt 0.2265 0.0000
vt 0.2258 0.0921
vt -0.0007 0.0922
vt 0.0000 0.0000
vt 0.1826 0.0000
vt 0.1799 0.0919
vt -0.0027 0.0921
vt 0.0000 0.0000
vt 0.3619 0.0000
vt 0.3588 0.0915
vt -0.0030 0.0919
vt 0.0000 0.0000
vt 0.3078 0.0000
vt 0.3087 0.0917
vt 0.0010 0.0916
vt 0.0000 0.0000
vt 0.1151 0.0000
vt 0.1126 0.0915
vt -0.0025 0.0916
vt 0.0000 0.0000
vt 0.1683 -0.0000
vt 0.1643 0.0913
vt -0.0040 0.0915
vt 0.0000 0.0000
vt 0.3542 -0.0000
vt 0.3574 0.0917
vt 0.0032 0.0913
vt 0.0000 0.0000
vt 0.1667 -0.0000
vt 0.1649 0.0916
vt -0.0017 0.0917
vt 0.0000 0.0000
vt 0.1425 0.0000
vt 0.1443 0.0917
vt 0.0018 0.0916
vt 0.0000 0.0000
vt 0.2309 0.0000
vt 0.2337 0.0919
vt 0.0028 0.0917
vt 0.0000 0.0000
vt 0.2525 0.0000
vt 0.2544 0.0921
vt 0.0019 0.0919
vt 0.0000 0.0000
vt 0.2406 0.0000
vt 0.2413 0.0921
vt 0.0007 0.0921
vt 0.0000 0.0000
vt 0.2266 0.0000
vt 0.2262 0.0921
vt -0.0005 0.0921
vt 0.0000 0.0000
vt 0.1670 0.0000
vt 0.1651 0.0920
vt -0.0020 0.0921
vt 0.0000 0.0000
vt 0.0925 0.0000
vt 0.0896 0.0919
vt -0.0029 0.0920
vt 0.0000 0.0000
vt 0.0875 -0.0000
vt 0.0837 0.0917
vt -0.0038 0.0918
vt 0.0000 0.0000
vt 0.0906 0.0000
vt 0.1146 0.3080
vt 0.0585 0.3080
vt 0.0000 0.0000
vt 0.0906 -0.0000
vt 0.0319 0.3079
vt -0.0243 0.3079
vt 0.0000 0.0000
vt 0.2334 -0.0000
vt -0.1236 0.1533
vt -0.2682 0.1534
vt 0.0000 0.0000
vt 0.2334 0.0000
vt 0.5013 0.1538
vt 0.3567 0.1536
vt 0.0000 0.0000
vt 0.2317 -0.0000
vt 0.4994 0.1561
vt 0.3558 0.1562
vt 0.0000 0.0000
vt 0.2317 -0.0000
vt -0.1239 0.1560
vt -0.2676 0.1561
vt 0.0000 0.0000
vt 0.1303 0.0000
vt 0.2701 0.2454
vt 0.1893 0.2454
vt 0.0000 0.0000
vt 0.1303 -0.0000
vt -0.0590 0.2452
vt -0.1398 0.2452
vt 0.0000 0.0000
vt 0.2165 -0.0000
vt 0.3682 0.1581
vt 0.2340 0.1581
vt 0.0000 0.0000
vt 0.2165 0.0000
vt -0.0173 0.1580
vt -0.1515 0.1581
vt 0.0000 0.0000
vt 0.2028 0.0000
vt 0.2811 0.1543
vt 0.1555 0.1543
vt 0.0000 0.0000
vt 0.2028 0.0000
vt 0.0474 0.1543
vt -0.0782 0.1543
vt 0.0000 0.0000
vt 0.1876 0.0000
vt 0.1522 0.1693
vt 0.0359 0.1693
vt 0.0000 0.0000
vt 0.1876 0.0000
vt 0.1518 0.1693
vt 0.0355 0.1693
vt 0.0000 0.0000
vt 0.2100 0.0000
vt 0.1003 0.1703
vt -0.0299 0.1704
vt 0.0000 0.0000
vt 0.2100 0.0000
vt 0.2401 0.1704
vt 0.1099 0.1704
vt 0.0000 0.0000
vt 0.1564 -0.0000
vt 0.1116 0.2021
vt 0.0147 0.2021
vt 0.0000 0.0000
vt 0.1564 0.0000
vt 0.1418 0.2022
vt 0.0449 0.2022
vt 0.0000 0.0000
vt 0.2001 -0.0000
vt 0.1149 0.2068
vt -0.0092 0.2068
vt 0.0000 0.0000
vt 0.2001 -0.0000
vt 0.2093 0.2070
vt 0.0853 0.2070
vt 0.0000 0.0000
vt 0.2265 -0.0000
vt 0.0777 0.2147
vt -0.0627 0.2147
vt 0.0000 0.0000
vt 0.2265 0.0000
vt 0.2891 0.2149
vt 0.1487 0.2149
vt 0.0000 0.0000
vt 0.1826 -0.0000
vt 0.0789 0.2589
vt -0.0343 0.2589
vt 0.0000 0.0000
vt 0.1826 0.0000
vt 0.2167 0.2591
vt 0.1035 0.2590
vt 0.0000 0.0000
vt 0.3619 0.0000
vt -0.0142 0.1445
vt -0.2385 0.1447
vt 0.0000 0.0000
vt 0.3619 -0.0000
vt 0.6001 0.1450
vt 0.3759 0.1449
vt 0.0000 0.0000
vt 0.3078 0.0000
vt 0.5760 0.1180
vt 0.3852 0.1180
vt 0.0000 0.0000
vt 0.3078 -0.0000
vt -0.0774 0.1180
vt -0.2682 0.1180
vt 0.0000 0.0000
vt 0.1151 0.0000
vt 0.1391 0.2852
vt 0.0677 0.2852
vt 0.0000 0.0000
vt 0.1151 -0.0000
vt 0.0472 0.2850
vt -0.0242 0.2850
vt 0.0000 0.0000
vt 0.1683 0.0000
vt -0.0083 0.2631
vt -0.1126 0.2631
vt 0.0000 0.0000
vt 0.1683 0.0000
vt 0.2806 0.2631
vt 0.1763 0.2631
vt 0.0000 0.0000
vt 0.3542 -0.0000
vt 0.5201 0.1005
vt 0.3005 0.1006
vt 0.0000 0.0000
vt 0.3542 -0.0000
vt 0.0539 0.1006
vt -0.1656 0.1008
vt 0.0000 0.0000
vt 0.1667 0.0000
vt 0.0097 0.1699
vt -0.0936 0.1698
vt 0.0000 0.0000
vt 0.1667 -0.0000
vt 0.2601 0.1698
vt 0.1568 0.1698
vt 0.0000 0.0000
vt 0.1425 0.0000
vt 0.1335 0.2268
vt 0.0451 0.2268
vt 0.0000 0.0000
vt 0.1425 -0.0000
vt 0.0974 0.2267
vt 0.0091 0.2267
vt 0.0000 0.0000
vt 0.2309 0.0000
vt 0.2593 0.1949
vt 0.1162 0.1949
vt 0.0000 0.0000
vt 0.2309 0.0000
vt 0.1148 0.1950
vt -0.0283 0.1950
vt 0.0000 0.0000
vt 0.2525 0.0000
vt 0.2144 0.1883
vt 0.0579 0.1883
vt 0.0000 0.0000
vt 0.2525 0.0000
vt 0.1947 0.1884
vt 0.0382 0.1884
vt 0.0000 0.0000
vt 0.2406 0.0000
vt 0.1194 0.1898
vt -0.0298 0.1898
vt 0.0000 0.0000
vt 0.2406 -0.0000
vt 0.2704 0.1899
vt 0.1213 0.1899
vt 0.0000 0.0000
vt 0.2266 -0.0000
vt 0.0192 0.1897
vt -0.1213 0.1897
vt 0.0000 0.0000
vt 0.2266 0.0000
vt 0.3479 0.1899
vt 0.2074 0.1899
vt 0.0000 0.0000
vt 0.1671 -0.0000
vt -0.0624 0.2269
vt -0.1659 0.2269
vt 0.0000 0.0000
vt 0.1670 0.0000
vt 0.3328 0.2271
vt 0.2293 0.2271
vt 0.0000 0.0000
vt 0.0925 0.0000
vt 0.2369 0.2681
vt 0.1796 0.2681
vt 0.0000 0.0000
vt 0.0925 -0.0000
vt -0.0873 0.2680
vt -0.1446 0.2680
vt 0.0000 0.0000
vt 0.0875 0.0000
vt -0.0128 0.2970
vt -0.0670 0.2970
vt 0.0000 0.0000
vt 0.0875 0.0000
vt 0.1542 0.2971
vt 0.1000 0.2971
vt 0.0000 0.0000
vt 0.0562 -0.0000
vt 0.0765 0.2593
vt 0.0494 0.2593
vt 0.0000 0.0000
vt 0.0562 -0.0000
vt 0.0068 0.2593
vt -0.0204 0.2593
vt 0.0000 0.0000
vt 0.1446 0.0000
vt -0.1559 0.1291
vt -0.2258 0.1291
vt 0.0000 0.0000
vt 0.1446 -0.0000
vt 0.3705 0.1291
vt 0.3005 0.1291
vt 0.0000 0.0000
vt 0.1437 0.0000
vt 0.3690 0.1314
vt 0.2995 0.1314
vt 0.0000 0.0000
vt 0.1437 -0.0000
vt -0.1558 0.1314
vt -0.2253 0.1314
vt 0.0000 0.0000
vt 0.0808 -0.0000
vt 0.1985 0.2065
vt 0.1594 0.2065
vt 0.0000 0.0000
vt 0.0808 0.0000
vt -0.0786 0.2065
vt -0.1177 0.2065
vt 0.0000 0.0000
vt 0.1342 0.0000
vt 0.2619 0.1331
vt 0.1969 0.1331
vt 0.0000 0.0000
vt 0.1342 -0.0000
vt -0.0627 0.1331
vt -0.1276 0.1331
vt 0.0000 0.0000
vt 0.1257 -0.0000
vt 0.1916 0.1299
vt 0.1308 0.1299
vt 0.0000 0.0000
vt 0.1257 -0.0000
vt -0.0052 0.1300
vt -0.0660 0.1299
vt 0.0000 0.0000
vt 0.1163 -0.0000
vt 0.0864 0.1426
vt 0.0302 0.1426
vt 0.0000 0.0000
vt 0.1163 0.0000
vt 0.0861 0.1426
vt 0.0298 0.1426
vt 0.0000 0.0000
vt 0.1302 0.0000
vt 0.0378 0.1434
vt -0.0252 0.1435
vt 0.0000 0.0000
vt 0.1302 -0.0000
vt 0.1554 0.1435
vt 0.0924 0.1435
vt 0.0000 0.0000
vt 0.0970 -0.0000
vt 0.0593 0.1702
vt 0.0124 0.1702
vt 0.0000 0.0000
vt 0.0970 -0.0000
vt 0.0846 0.1702
vt 0.0377 0.1702
vt 0.0000 0.0000
vt 0.1241 -0.0000
vt 0.0523 0.1742
vt -0.0077 0.1742
vt 0.0000 0.0000
vt 0.1241 0.0000
vt 0.1318 0.1742
vt 0.0717 0.1742
vt 0.0000 0.0000
vt 0.1404 0.0000
vt 0.0151 0.1808
vt -0.0528 0.1808
vt 0.0000 0.0000
vt 0.1404 0.0000
vt 0.1932 0.1808
vt 0.1253 0.1808
vt 0.0000 0.0000
vt 0.1132 0.0000
vt 0.0258 0.2180
vt -0.0289 0.2180
vt 0.0000 0.0000
vt 0.1132 0.0000
vt 0.1421 0.2180
vt 0.0873 0.2180
vt 0.0000 0.0000
vt 0.2243 0.0000
vt -0.0924 0.1217
vt -0.2009 0.1217
vt 0.0000 0.0000
vt 0.2243 0.0000
vt 0.4252 0.1217
vt 0.3167 0.1217
vt 0.0000 0.0000
vt 0.1908 0.0000
vt 0.4167 0.0993
vt 0.3244 0.0993
vt 0.0000 0.0000
vt 0.1908 0.0000
vt -0.1336 0.0994
vt -0.2259 0.0993
vt 0.0000 0.0000
vt 0.0713 0.0000
vt 0.0917 0.2401
vt 0.0572 0.2401
vt 0.0000 0.0000
vt 0.0713 -0.0000
vt 0.0142 0.2401
vt -0.0203 0.2401
vt 0.0000 0.0000
vt 0.1043 0.0000
vt -0.0442 0.2216
vt -0.0946 0.2216
vt 0.0000 0.0000
vt 0.1043 -0.0000
vt 0.1989 0.2216
vt 0.1485 0.2216
vt 0.0000 0.0000
vt 0.2195 -0.0000
vt 0.3591 0.0847
vt 0.2529 0.0847
vt 0.0000 0.0000
vt 0.2195 -0.0000
vt -0.0334 0.0847
vt -0.1396 0.0847
vt 0.0000 0.0000
vt 0.1033 -0.0000
vt -0.0288 0.1430
vt -0.0788 0.1430
vt 0.0000 0.0000
vt 0.1033 0.0000
vt 0.1821 0.1430
vt 0.1321 0.1430
vt 0.0000 0.0000
vt 0.0883 -0.0000
vt 0.0807 0.1909
vt 0.0379 0.1909
vt 0.0000 0.0000
vt 0.0883 -0.0000
vt 0.0504 0.1910
vt 0.0076 0.1909
vt 0.0000 0.0000
vt 0.1431 -0.0000
vt 0.1671 0.1642
vt 0.0978 0.1642
vt 0.0000 0.0000
vt 0.1431 -0.0000
vt 0.0453 0.1642
vt -0.0239 0.1642
vt 0.0000 0.0000
vt 0.1565 -0.0000
vt 0.1245 0.1586
vt 0.0488 0.1586
vt 0.0000 0.0000
vt 0.1565 0.0000
vt 0.1077 0.1586
vt 0.0320 0.1586
vt 0.0000 0.0000
vt 0.1492 0.0000
vt 0.0471 0.1598
vt -0.0251 0.1598
vt 0.0000 0.0000
vt 0.1492 -0.0000
vt 0.1742 0.1598
vt 0.1021 0.1598
vt 0.0000 0.0000
vt 0.1405 0.0000
vt -0.0342 0.1598
vt -0.1021 0.1598
vt 0.0000 0.0000
vt 0.1405 0.0000
vt 0.2426 0.1598
vt 0.1747 0.1598
vt 0.0000 0.0000
vt 0.1036 0.0000
vt -0.0897 0.1910
vt -0.1398 0.1910
vt 0.0000 0.0000
vt 0.1036 -0.0000
vt 0.2433 0.1910
vt 0.1932 0.1910
vt 0.0000 0.0000
vt 0.0573 0.0000
vt 0.1790 0.2257
vt 0.1513 0.2257
vt 0.0000 0.0000
vt 0.0573 0.0000
vt -0.0939 0.2257
vt -0.1217 0.2257
vt 0.0000 0.0000
vt 0.0542 0.0000
vt -0.0302 0.2501
vt -0.0564 0.2501
vt 0.0000 0.0000
vt 0.0542 0.0000
vt 0.1106 0.2501
vt 0.0844 0.2501
vt 0.0000 0.0000
vt 0.0272 0.0000
vt 0.0463 0.2431
vt 0.0000 0.0000
vt 0.0272 -0.0000
vt -0.0192 0.2431
vt 0.0000 0.0000
vt 0.0700 -0.0000
vt -0.2117 0.1210
vt 0.0000 0.0000
vt 0.0700 -0.0000
vt 0.2817 0.1210
vt 0.0000 0.0000
vt 0.0695 0.0000
vt 0.2807 0.1232
vt 0.0000 0.0000
vt 0.0695 0.0000
vt -0.2112 0.1232
vt 0.0000 0.0000
vt 0.0391 -0.0000
vt 0.1494 0.1936
vt 0.0000 0.0000
vt 0.0391 -0.0000
vt -0.1103 0.1935
vt 0.0000 0.0000
vt 0.0649 -0.0000
vt 0.1846 0.1248
vt 0.0000 0.0000
vt 0.0649 0.0000
vt -0.1196 0.1248
vt 0.0000 0.0000
vt 0.0608 0.0000
vt 0.1226 0.1218
vt 0.0000 0.0000
vt 0.0608 -0.0000
vt -0.0618 0.1218
vt 0.0000 0.0000
vt 0.0563 0.0000
vt 0.0283 0.1336
vt 0.0000 0.0000
vt 0.0563 -0.0000
vt 0.0280 0.1336
vt 0.0000 0.0000
vt 0.0630 0.0000
vt -0.0237 0.1345
vt 0.0000 0.0000
vt 0.0630 -0.0000
vt 0.0867 0.1345
vt 0.0000 0.0000
vt 0.0469 0.0000
vt 0.0116 0.1596
vt 0.0000 0.0000
vt 0.0469 0.0000
vt 0.0353 0.1596
vt 0.0000 0.0000
vt 0.0600 0.0000
vt -0.0072 0.1633
vt 0.0000 0.0000
vt 0.0600 -0.0000
vt 0.0673 0.1633
vt 0.0000 0.0000
vt 0.0679 -0.0000
vt -0.0495 0.1695
vt 0.0000 0.0000
vt 0.0679 0.0000
vt 0.1174 0.1695
vt 0.0000 0.0000
vt 0.0547 -0.0000
vt -0.0271 0.2044
vt 0.0000 0.0000
vt 0.0547 -0.0000
vt 0.0819 0.2044
vt 0.0000 0.0000
vt 0.1085 0.0000
vt -0.1883 0.1141
vt 0.0000 0.0000
vt 0.1085 0.0000
vt 0.2968 0.1141
vt 0.0000 0.0000
vt 0.0923 -0.0000
vt 0.3041 0.0931
vt 0.0000 0.0000
vt 0.0923 -0.0000
vt -0.2118 0.0931
vt 0.0000 0.0000
vt 0.0345 0.0000
vt 0.0536 0.2250
vt 0.0000 0.0000
vt 0.0345 -0.0000
vt -0.0191 0.2250
vt 0.0000 0.0000
vt 0.0505 0.0000
vt -0.0886 0.2077
vt 0.0000 0.0000
vt 0.0505 -0.0000
vt 0.1391 0.2077
vt 0.0000 0.0000
vt 0.1062 -0.0000
vt 0.2370 0.0794
vt 0.0000 0.0000
vt 0.1062 -0.0000
vt -0.1308 0.0794
vt 0.0000 0.0000
vt 0.0500 -0.0000
vt -0.0738 0.1340
vt 0.0000 0.0000
vt 0.0500 -0.0000
vt 0.1238 0.1340
vt 0.0000 0.0000
vt 0.0427 -0.0000
vt 0.0355 0.1790
vt 0.0000 0.0000
vt 0.0427 -0.0000
vt 0.0072 0.1790
vt 0.0000 0.0000
vt 0.0692 0.0000
vt 0.0917 0.1539
vt 0.0000 0.0000
vt 0.0692 0.0000
vt -0.0224 0.1539
vt 0.0000 0.0000
vt 0.0757 0.0000
vt 0.0457 0.1487
vt 0.0000 0.0000
vt 0.0757 -0.0000
vt 0.0300 0.1487
vt 0.0000 0.0000
vt 0.0722 0.0000
vt -0.0235 0.1498
vt 0.0000 0.0000
vt 0.0722 -0.0000
vt 0.0957 0.1498
vt 0.0000 0.0000
vt 0.0680 0.0000
vt -0.0958 0.1498
vt 0.0000 0.0000
vt 0.0680 0.0000
vt 0.1637 0.1498
vt 0.0000 0.0000
vt 0.0501 0.0000
vt -0.1311 0.1791
vt 0.0000 0.0000
vt 0.0501 0.0000
vt 0.1812 0.1791
vt 0.0000 0.0000
vt 0.0277 -0.0000
vt 0.1418 0.2116
vt 0.0000 0.0000
vt 0.0277 0.0000
vt -0.1141 0.2116
vt 0.0000 0.0000
vt 0.0262 0.0000
vt -0.0529 0.2345
vt 0.0000 0.0000
vt 0.0262 -0.0000
vt 0.0791 0.2345
vt 0.0000 0.0000
vt 0.0810 -0.0000
vt 0.0000 0.4387
vt 0.0000 0.4570
vt 0.0000 0.0000
vt 0.0810 0.0000
vt 0.0001 0.4357
vt -0.0000 0.4530
vt 0.0000 0.0000
vt 0.0810 0.0000
vt 0.0000 0.4397
vt 0.0000 0.4501
vt 0.0000 0.0000
vt 0.0810 -0.0000
vt 0.0001 0.4426
vt -0.0000 0.4542
vt 0.0000 0.0000
vt 0.0810 0.0000
vt 0.0241 0.4480
vt 0.0241 0.4671
vt 0.0000 0.0000
vt 0.0810 -0.0000
vt 0.0163 0.4279
vt 0.0157 0.4581
vt 0.0000 0.0000
vt 0.0810 -0.0000
vt -0.0214 0.4292
vt -0.0214 0.4387
vt 0.0000 0.0000
vt 0.0810 0.0000
vt -0.0157 0.4504
vt -0.0163 0.4482
vt 0.0000 0.0000
vt 0.0810 -0.0000
vt 0.0300 0.4507
vt 0.0300 0.4726
vt 0.0000 0.0000
vt 0.0810 -0.0000
vt 0.0907 0.4260
vt 0.0923 0.4509
vt 0.0000 0.0000
vt 0.0810 0.0000
vt -0.0284 0.4257
vt -0.0284 0.4321
vt 0.0000 0.0000
vt 0.0810 0.0000
vt -0.0919 0.4334
vt -0.0903 0.4377
vt 0.0000 0.0000
vt 0.0810 0.0000
vt 0.0468 0.4465
vt 0.0468 0.4606
vt 0.0000 0.0000
vt 0.0810 0.0000
vt 0.0592 0.4363
vt 0.0604 0.4508
vt 0.0000 0.0000
vt 0.0810 0.0000
vt -0.0463 0.4269
vt -0.0463 0.4417
vt 0.0000 0.0000
vt 0.0810 -0.0000
vt -0.0596 0.4339
vt -0.0585 0.4487
vt 0.0000 0.0000
vt 0.0810 0.0000
vt 0.0810 0.0810
vt -0.0000 0.0810
vt 0.0000 0.0000
vt 0.0810 0.0000
vt 0.0810 0.0810
vt -0.0000 0.0810
vt 0.0000 0.0000
vt 0.0694 0.0000
vt 0.0000 0.2855
vt 0.0000 0.3004
vt 0.0000 0.0000
vt 0.0694 0.0000
vt 0.0000 0.2865
vt -0.0000 0.3015
vt 0.0000 0.0000
vt 0.0694 0.0000
vt 0.0000 0.2855
vt 0.0000 0.3025
vt 0.0000 0.0000
vt 0.0694 0.0000
vt 0.0000 0.2845
vt -0.0000 0.3014
vt 0.0000 0.0000
vt 0.0694 0.0000
vt -0.0043 0.2899
vt -0.0043 0.3055
vt 0.0000 0.0000
vt 0.0694 -0.0000
vt -0.0041 0.2809
vt -0.0043 0.3066
vt 0.0000 0.0000
vt 0.0694 0.0000
vt 0.0050 0.2810
vt 0.0050 0.2974
vt 0.0000 0.0000
vt 0.0694 0.0000
vt 0.0043 0.2904
vt 0.0042 0.2961
vt 0.0000 0.0000
vt 0.0694 -0.0000
vt -0.0001 0.2796
vt -0.0001 0.3059
vt 0.0000 0.0000
vt 0.0694 0.0000
vt 0.0448 0.2879
vt 0.0449 0.2917
vt 0.0000 0.0000
vt 0.0694 -0.0000
vt 0.0013 0.2919
vt 0.0013 0.2972
vt 0.0000 0.0000
vt 0.0694 0.0000
vt -0.0449 0.2765
vt -0.0448 0.3043
vt 0.0000 0.0000
vt 0.0694 -0.0000
vt 0.0471 0.2808
vt 0.0471 0.2969
vt 0.0000 0.0000
vt 0.0694 0.0000
vt -0.0514 0.2685
vt -0.0534 0.2847
vt 0.0000 0.0000
vt 0.0694 0.0000
vt -0.0462 0.2825
vt -0.0462 0.2985
vt 0.0000 0.0000
vt 0.0694 -0.0000
vt 0.0546 0.2925
vt 0.0526 0.3082
vt 0.0000 0.0000
vt 0.0694 0.0000
vt 0.0694 0.0694
vt 0.0000 0.0694
vt 0.0000 0.0000
vt 0.0694 0.0000
vt 0.0694 0.0694
vt 0.0000 0.0694
vt 0.0000 0.0000
vt 0.0644 -0.0000
vt 0.0000 0.2686
vt 0.0000 0.2912
vt 0.0000 0.0000
vt 0.0644 -0.0000
vt 0.0005 0.2648
vt 0.0001 0.2827
vt 0.0000 0.0000
vt 0.0644 0.0000
vt 0.0000 0.2733
vt 0.0000 0.2793
vt 0.0000 0.0000
vt 0.0644 0.0000
vt 0.0005 0.2769
vt 0.0001 0.2880
vt 0.0000 0.0000
vt 0.0644 -0.0000
vt 0.0382 0.2604
vt 0.0382 0.2876
vt 0.0000 0.0000
vt 0.0644 0.0000
vt 0.0143 0.2685
vt 0.0155 0.2677
vt 0.0000 0.0000
vt 0.0644 0.0000
vt -0.0377 0.2766
vt -0.0377 0.2781
vt 0.0000 0.0000
vt 0.0644 0.0000
vt -0.0147 0.2731
vt -0.0135 0.3015
vt 0.0000 0.0000
vt 0.0644 -0.0000
vt 0.0576 0.2625
vt 0.0576 0.2697
vt 0.0000 0.0000
vt 0.0644 -0.0000
vt -0.0676 0.2554
vt -0.0681 0.2616
vt 0.0000 0.0000
vt 0.0644 -0.0000
vt -0.0574 0.2670
vt -0.0574 0.2889
vt 0.0000 0.0000
vt 0.0644 0.0000
vt 0.0687 0.2691
vt 0.0681 0.2918
vt 0.0000 0.0000
vt 0.0644 0.0000
vt -0.0337 0.2601
vt -0.0337 0.2751
vt 0.0000 0.0000
vt 0.0644 -0.0000
vt -0.0385 0.2676
vt -0.0374 0.2825
vt 0.0000 0.0000
vt 0.0644 0.0000
vt 0.0342 0.2773
vt 0.0342 0.2915
vt 0.0000 0.0000
vt 0.0644 -0.0000
vt 0.0381 0.2687
vt 0.0391 0.2832
vt 0.0000 0.0000
vt 0.0644 0.0000
vt 0.0644 0.0644
vt -0.0000 0.0644
vt 0.0000 0.0000
vt 0.0644 0.0000
vt 0.0644 0.0644
vt 0.0000 0.0644
vt 0.0000 0.0000
vt 0.0803 -0.0000
vt 0.0003 0.4505
vt 0.0003 0.4635
vt 0.0000 0.0000
vt 0.0803 0.0000
vt 0.0001 0.4596
vt -0.0000 0.4643
vt 0.0000 0.0000
vt 0.0803 0.0000
vt 0.0003 0.4589
vt 0.0003 0.4733
vt 0.0000 0.0000
vt 0.0803 0.0000
vt 0.0001 0.4499
vt -0.0000 0.4724
vt 0.0000 0.0000
vt 0.0803 -0.0000
vt -0.0035 0.4450
vt -0.0035 0.4472
vt 0.0000 0.0000
vt 0.0803 -0.0000
vt -0.0520 0.4638
vt -0.0527 0.4568
vt 0.0000 0.0000
vt 0.0803 0.0000
vt 0.0065 0.4645
vt 0.0065 0.4889
vt 0.0000 0.0000
vt 0.0803 -0.0000
vt 0.0528 0.4403
vt 0.0520 0.4737
vt 0.0000 0.0000
vt 0.0803 -0.0000
vt -0.0674 0.4268
vt -0.0674 0.4503
vt 0.0000 0.0000
vt 0.0803 0.0000
vt -0.1178 0.4315
vt -0.1120 0.4441
vt 0.0000 0.0000
vt 0.0803 0.0000
vt 0.0689 0.4725
vt 0.0689 0.4763
vt 0.0000 0.0000
vt 0.0803 0.0000
vt 0.1178 0.4470
vt 0.1235 0.4632
vt 0.0000 0.0000
vt 0.0803 -0.0000
vt 0.0551 0.4544
vt 0.0551 0.4681
vt 0.0000 0.0000
vt 0.0803 0.0000
vt -0.0201 0.4476
vt -0.0205 0.4614
vt 0.0000 0.0000
vt 0.0803 0.0000
vt -0.0546 0.4483
vt -0.0546 0.4622
vt 0.0000 0.0000
vt 0.0803 -0.0000
vt 0.0206 0.4608
vt 0.0202 0.4744
vt 0.0000 0.0000
vt 0.0803 0.0000
vt 0.0803 0.0803
vt 0.0000 0.0803
vt 0.0000 0.0000
vt 0.0803 -0.0000
vt 0.0803 0.0803
vt -0.0000 0.0803
vt 0.0000 0.0000
vt 0.0448 -0.0000
vt 0.0427 0.0972
vt -0.0022 0.0972
vt 0.0000 0.0000
vt 0.0496 0.0000
vt 0.0473 0.0972
vt -0.0023 0.0972
vt 0.0000 0.0000
vt 0.0464 0.0000
vt 0.0449 0.0972
vt -0.0015 0.0972
vt 0.0000 0.0000
vt 0.0682 0.0000
vt 0.0660 0.0971
vt -0.0022 0.0971
vt 0.0000 0.0000
vt 0.0433 0.0000
vt 0.0416 0.0971
vt -0.0016 0.0971
vt 0.0000 0.0000
vt 0.0516 -0.0000
vt 0.0503 0.0971
vt -0.0013 0.0971
vt 0.0000 0.0000
vt 0.0611 0.0000
vt 0.0604 0.0971
vt -0.0007 0.0971
vt 0.0000 0.0000
vt 0.0690 0.0000
vt 0.0691 0.0971
vt 0.0001 0.0971
vt 0.0000 0.0000
vt 0.0778 0.0000
vt 0.0785 0.0971
vt 0.0008 0.0971
vt 0.0000 0.0000
vt 0.0630 0.0000
vt 0.0647 0.0971
vt 0.0017 0.0971
vt 0.0000 0.0000
vt 0.0389 0.0000
vt 0.0398 0.0971
vt 0.0009 0.0971
vt 0.0000 0.0000
vt 0.0412 0.0000
vt 0.0434 0.0971
vt 0.0022 0.0971
vt 0.0000 0.0000
vt 0.0324 0.0000
vt 0.0342 0.0972
vt 0.0018 0.0971
vt 0.0000 0.0000
vt 0.0296 0.0000
vt 0.0309 0.0972
vt 0.0013 0.0972
vt 0.0000 0.0000
vt 0.0540 0.0000
vt 0.0568 0.0972
vt 0.0029 0.0971
vt 0.0000 0.0000
vt 0.0278 0.0000
vt 0.0276 0.0972
vt -0.0002 0.0972
vt 0.0000 0.0000
vt 0.0588 0.0000
vt 0.0620 0.0972
vt 0.0032 0.0972
vt 0.0000 0.0000
vt 0.0979 -0.0000
vt 0.0949 0.0972
vt -0.0030 0.0973
vt 0.0000 0.0000
vt 0.0583 0.0000
vt 0.0565 0.0972
vt -0.0018 0.0972
vt 0.0000 0.0000
vt 0.1033 0.0000
vt 0.1014 0.0971
vt -0.0019 0.0972
vt 0.0000 0.0000
vt 0.1046 0.0000
vt 0.1043 0.0971
vt -0.0003 0.0971
vt 0.0000 0.0000
vt 0.0673 -0.0000
vt 0.0664 0.0971
vt -0.0009 0.0971
vt 0.0000 0.0000
vt 0.0413 0.0000
vt 0.0402 0.0971
vt -0.0011 0.0971
vt 0.0000 0.0000
vt 0.0520 0.0000
vt 0.0520 0.0971
vt 0.0000 0.0971
vt 0.0000 0.0000
vt 0.0471 -0.0000
vt 0.0475 0.0971
vt 0.0005 0.0971
vt 0.0000 0.0000
vt 0.0723 0.0000
vt 0.0722 0.0971
vt -0.0001 0.0971
vt 0.0000 0.0000
vt 0.0429 0.0000
vt 0.0438 0.0971
vt 0.0009 0.0971
vt 0.0000 0.0000
vt 0.0317 0.0000
vt 0.0332 0.0971
vt 0.0015 0.0971
vt 0.0000 0.0000
vt 0.0430 0.0000
vt 0.0448 0.0971
vt 0.0018 0.0971
vt 0.0000 0.0000
vt 0.0483 0.0000
vt 0.0488 0.0971
vt 0.0005 0.0971
vt 0.0000 0.0000
vt 0.0512 0.0000
vt 0.0534 0.0971
vt 0.0022 0.0971
vt 0.0000 0.0000
vt 0.0360 0.0000
vt 0.0371 0.0972
vt 0.0011 0.0972
vt 0.0000 0.0000
vt 0.0380 0.0000
vt 0.0400 0.0972
vt 0.0019 0.0972
vt 0.0000 0.0000
vt 0.0331 -0.0000
vt 0.0346 0.0972
vt 0.0015 0.0972
vt 0.0000 0.0000
vt 0.0482 0.0000
vt 0.0507 0.0972
vt 0.0025 0.0972
vt 0.0000 0.0000
vt 0.0448 0.0000
vt 0.1139 0.1254
vt 0.0906 0.1254
vt 0.0000 0.0000
vt 0.0448 -0.0000
vt -0.0458 0.1255
vt -0.0691 0.1255
vt 0.0000 0.0000
vt 0.0496 0.0000
vt 0.1119 0.1144
vt 0.0861 0.1144
vt 0.0000 0.0000
vt 0.0496 -0.0000
vt -0.0365 0.1144
vt -0.0623 0.1144
vt 0.0000 0.0000
vt 0.0464 0.0000
vt 0.0369 0.1296
vt 0.0128 0.1296
vt 0.0000 0.0000
vt 0.0464 0.0000
vt 0.0335 0.1297
vt 0.0094 0.1297
vt 0.0000 0.0000
vt 0.0682 -0.0000
vt 0.1382 0.0795
vt 0.1028 0.0795
vt 0.0000 0.0000
vt 0.0682 -0.0000
vt -0.0346 0.0795
vt -0.0701 0.0795
vt 0.0000 0.0000
vt 0.0433 -0.0000
vt 0.0418 0.1042
vt 0.0193 0.1042
vt 0.0000 0.0000
vt 0.0433 -0.0000
vt 0.0239 0.1042
vt 0.0014 0.1042
vt 0.0000 0.0000
vt 0.0516 0.0000
vt 0.0765 0.0916
vt 0.0497 0.0916
vt 0.0000 0.0000
vt 0.0516 0.0000
vt 0.0018 0.0916
vt -0.0250 0.0916
vt 0.0000 0.0000
vt 0.0611 0.0000
vt 0.0576 0.0913
vt 0.0258 0.0913
vt 0.0000 0.0000
vt 0.0611 0.0000
vt 0.0352 0.0914
vt 0.0035 0.0914
vt 0.0000 0.0000
vt 0.0690 0.0000
vt 0.0480 0.0906
vt 0.0121 0.0906
vt 0.0000 0.0000
vt 0.0690 0.0000
vt 0.0570 0.0906
vt 0.0211 0.0906
vt 0.0000 0.0000
vt 0.0778 0.0000
vt 0.0117 0.0884
vt -0.0288 0.0884
vt 0.0000 0.0000
vt 0.0778 -0.0000
vt 0.1066 0.0885
vt 0.0661 0.0885
vt 0.0000 0.0000
vt 0.0630 -0.0000
vt 0.0082 0.1077
vt -0.0245 0.1077
vt 0.0000 0.0000
vt 0.0630 -0.0000
vt 0.0876 0.1077
vt 0.0548 0.1077
vt 0.0000 0.0000
vt 0.0389 -0.0000
vt 0.0918 0.0973
vt 0.0716 0.0973
vt 0.0000 0.0000
vt 0.0389 0.0000
vt -0.0326 0.0974
vt -0.0529 0.0974
vt 0.0000 0.0000
vt 0.0412 0.0000
vt -0.0423 0.0906
vt -0.0637 0.0906
vt 0.0000 0.0000
vt 0.0412 0.0000
vt 0.1049 0.0907
vt 0.0835 0.0907
vt 0.0000 0.0000
vt 0.0324 0.0000
vt 0.0036 0.1225
vt -0.0133 0.1225
vt 0.0000 0.0000
vt 0.0324 -0.0000
vt 0.0457 0.1225
vt 0.0289 0.1226
vt 0.0000 0.0000
vt 0.0296 -0.0000
vt 0.0127 0.1258
vt -0.0027 0.1258
vt 0.0000 0.0000
vt 0.0296 -0.0000
vt 0.0323 0.1259
vt 0.0169 0.1259
vt 0.0000 0.0000
vt 0.0540 0.0000
vt -0.0759 0.0728
vt -0.1039 0.0728
vt 0.0000 0.0000
vt 0.0540 -0.0000
vt 0.1580 0.0729
vt 0.1300 0.0729
vt 0.0000 0.0000
vt 0.0278 0.0000
vt 0.0556 0.1431
vt 0.0411 0.1431
vt 0.0000 0.0000
vt 0.0278 -0.0000
vt -0.0133 0.1432
vt -0.0278 0.1432
vt 0.0000 0.0000
vt 0.0588 0.0000
vt -0.0983 0.0681
vt -0.1289 0.0681
vt 0.0000 0.0000
vt 0.0588 0.0000
vt 0.1878 0.0681
vt 0.1572 0.0682
vt 0.0000 0.0000
vt 0.0979 0.0000
vt 0.2059 0.0729
vt 0.1550 0.0729
vt 0.0000 0.0000
vt 0.0979 0.0000
vt -0.0572 0.0729
vt -0.1081 0.0729
vt 0.0000 0.0000
vt 0.0583 -0.0000
vt 0.0946 0.1133
vt 0.0643 0.1133
vt 0.0000 0.0000
vt 0.0583 0.0000
vt -0.0061 0.1134
vt -0.0364 0.1133
vt 0.0000 0.0000
vt 0.1033 -0.0000
vt 0.1629 0.0472
vt 0.1092 0.0472
vt 0.0000 0.0000
vt 0.1033 0.0000
vt -0.0060 0.0473
vt -0.0597 0.0473
vt 0.0000 0.0000
vt 0.1046 -0.0000
vt -0.0011 0.0520
vt -0.0555 0.0520
vt 0.0000 0.0000
vt 0.1046 0.0000
vt 0.1600 0.0521
vt 0.1056 0.0521
vt 0.0000 0.0000
vt 0.0673 -0.0000
vt 0.1388 0.0556
vt 0.1038 0.0556
vt 0.0000 0.0000
vt 0.0673 0.0000
vt -0.0365 0.0557
vt -0.0715 0.0557
vt 0.0000 0.0000
vt 0.0413 -0.0000
vt 0.0012 0.0883
vt -0.0202 0.0883
vt 0.0000 0.0000
vt 0.0413 0.0000
vt 0.0615 0.0884
vt 0.0400 0.0884
vt 0.0000 0.0000
vt 0.0520 -0.0000
vt 0.0944 0.0697
vt 0.0674 0.0697
vt 0.0000 0.0000
vt 0.0520 0.0000
vt -0.0154 0.0697
vt -0.0424 0.0697
vt 0.0000 0.0000
vt 0.0471 0.0000
vt 0.0868 0.0527
vt 0.0623 0.0527
vt 0.0000 0.0000
vt 0.0471 0.0000
vt -0.0152 0.0528
vt -0.0397 0.0528
vt 0.0000 0.0000
vt 0.0723 -0.0000
vt -0.0169 0.0373
vt -0.0545 0.0373
vt 0.0000 0.0000
vt 0.0723 -0.0000
vt 0.1268 0.0374
vt 0.0892 0.0374
vt 0.0000 0.0000
vt 0.0429 -0.0000
vt -0.0200 0.0869
vt -0.0423 0.0869
vt 0.0000 0.0000
vt 0.0429 -0.0000
vt 0.0853 0.0869
vt 0.0630 0.0869
vt 0.0000 0.0000
vt 0.0317 -0.0000
vt 0.0182 0.1073
vt 0.0018 0.1073
vt 0.0000 0.0000
vt 0.0317 -0.0000
vt 0.0300 0.1073
vt 0.0135 0.1073
vt 0.0000 0.0000
vt 0.0430 -0.0000
vt -0.0195 0.0997
vt -0.0419 0.0997
vt 0.0000 0.0000
vt 0.0430 0.0000
vt 0.0849 0.0997
vt 0.0626 0.0997
vt 0.0000 0.0000
vt 0.0483 -0.0000
vt 0.1060 0.0854
vt 0.0809 0.0854
vt 0.0000 0.0000
vt 0.0483 0.0000
vt -0.0326 0.0855
vt -0.0577 0.0855
vt 0.0000 0.0000
vt 0.0512 -0.0000
vt -0.0396 0.0790
vt -0.0663 0.0790
vt 0.0000 0.0000
vt 0.0512 -0.0000
vt 0.1176 0.0790
vt 0.0909 0.0790
vt 0.0000 0.0000
vt 0.0360 0.0000
vt 0.0283 0.1200
vt 0.0096 0.1200
vt 0.0000 0.0000
vt 0.0360 -0.0000
vt 0.0264 0.1201
vt 0.0077 0.1201
vt 0.0000 0.0000
vt 0.0380 -0.0000
vt -0.0336 0.1078
vt -0.0534 0.1078
vt 0.0000 0.0000
vt 0.0380 -0.0000
vt 0.0915 0.1078
vt 0.0717 0.1078
vt 0.0000 0.0000
vt 0.0331 -0.0000
vt -0.0292 0.1208
vt -0.0464 0.1208
vt 0.0000 0.0000
vt 0.0331 0.0000
vt 0.0795 0.1209
vt 0.0623 0.1209
vt 0.0000 0.0000
vt 0.0482 0.0000
vt -0.0814 0.0845
vt -0.1064 0.0845
vt 0.0000 0.0000
vt 0.0482 -0.0000
vt 0.1547 0.0846
vt 0.1296 0.0846
vt 0.0000 0.0000
vt 0.0233 -0.0000
vt 0.0981 0.1358
vt 0.0000 0.0000
vt 0.0233 -0.0000
vt -0.0748 0.1358
vt 0.0000 0.0000
vt 0.0258 -0.0000
vt 0.0932 0.1239
vt 0.0000 0.0000
vt 0.0258 0.0000
vt -0.0674 0.1239
vt 0.0000 0.0000
vt 0.0241 -0.0000
vt 0.0138 0.1404
vt 0.0000 0.0000
vt 0.0241 -0.0000
vt 0.0103 0.1404
vt 0.0000 0.0000
vt 0.0355 -0.0000
vt 0.1113 0.0861
vt 0.0000 0.0000
vt 0.0355 0.0000
vt -0.0759 0.0861
vt 0.0000 0.0000
vt 0.0225 -0.0000
vt 0.0209 0.1129
vt 0.0000 0.0000
vt 0.0225 -0.0000
vt 0.0016 0.1129
vt 0.0000 0.0000
vt 0.0268 0.0000
vt 0.0538 0.0992
vt 0.0000 0.0000
vt 0.0268 -0.0000
vt -0.0270 0.0992
vt 0.0000 0.0000
vt 0.0318 0.0000
vt 0.0280 0.0989
vt 0.0000 0.0000
vt 0.0318 0.0000
vt 0.0038 0.0989
vt 0.0000 0.0000
vt 0.0359 0.0000
vt 0.0131 0.0981
vt 0.0000 0.0000
vt 0.0359 0.0000
vt 0.0228 0.0981
vt 0.0000 0.0000
vt 0.0404 0.0000
vt -0.0312 0.0958
vt 0.0000 0.0000
vt 0.0404 0.0000
vt 0.0716 0.0958
vt 0.0000 0.0000
vt 0.0328 0.0000
vt -0.0266 0.1166
vt 0.0000 0.0000
vt 0.0328 -0.0000
vt 0.0593 0.1166
vt 0.0000 0.0000
vt 0.0202 -0.0000
vt 0.0775 0.1054
vt 0.0000 0.0000
vt 0.0202 -0.0000
vt -0.0573 0.1054
vt 0.0000 0.0000
vt 0.0214 -0.0000
vt -0.0690 0.0982
vt 0.0000 0.0000
vt 0.0214 0.0000
vt 0.0904 0.0982
vt 0.0000 0.0000
vt 0.0168 0.0000
vt -0.0143 0.1327
vt 0.0000 0.0000
vt 0.0168 -0.0000
vt 0.0312 0.1327
vt 0.0000 0.0000
vt 0.0154 0.0000
vt -0.0029 0.1363
vt 0.0000 0.0000
vt 0.0154 0.0000
vt 0.0183 0.1363
vt 0.0000 0.0000
vt 0.0281 -0.0000
vt -0.1126 0.0789
vt 0.0000 0.0000
vt 0.0281 0.0000
vt 0.1407 0.0789
vt 0.0000 0.0000
vt 0.0145 0.0000
vt 0.0445 0.1550
vt 0.0000 0.0000
vt 0.0145 -0.0000
vt -0.0301 0.1550
vt 0.0000 0.0000
vt 0.0306 -0.0000
vt -0.1396 0.0738
vt 0.0000 0.0000
vt 0.0306 0.0000
vt 0.1702 0.0738
vt 0.0000 0.0000
vt 0.0509 -0.0000
vt 0.1678 0.0789
vt 0.0000 0.0000
vt 0.0509 0.0000
vt -0.1169 0.0789
vt 0.0000 0.0000
vt 0.0303 0.0000
vt 0.0696 0.1227
vt 0.0000 0.0000
vt 0.0303 -0.0000
vt -0.0393 0.1227
vt 0.0000 0.0000
vt 0.0537 0.0000
vt 0.1183 0.0511
vt 0.0000 0.0000
vt 0.0537 0.0000
vt -0.0646 0.0511
vt 0.0000 0.0000
vt 0.0544 -0.0000
vt -0.0601 0.0563
vt 0.0000 0.0000
vt 0.0544 -0.0000
vt 0.1144 0.0564
vt 0.0000 0.0000
vt 0.0350 -0.0000
vt 0.1124 0.0603
vt 0.0000 0.0000
vt 0.0350 -0.0000
vt -0.0775 0.0603
vt 0.0000 0.0000
vt 0.0215 -0.0000
vt -0.0219 0.0957
vt 0.0000 0.0000
vt 0.0215 -0.0000
vt 0.0434 0.0957
vt 0.0000 0.0000
vt 0.0270 0.0000
vt 0.0730 0.0755
vt 0.0000 0.0000
vt 0.0270 -0.0000
vt -0.0460 0.0755
vt 0.0000 0.0000
vt 0.0245 0.0000
vt 0.0675 0.0571
vt 0.0000 0.0000
vt 0.0245 -0.0000
vt -0.0430 0.0571
vt 0.0000 0.0000
vt 0.0376 0.0000
vt -0.0590 0.0404
vt 0.0000 0.0000
vt 0.0376 -0.0000
vt 0.0966 0.0404
vt 0.0000 0.0000
vt 0.0223 0.0000
vt -0.0459 0.0941
vt 0.0000 0.0000
vt 0.0223 0.0000
vt 0.0682 0.0941
vt 0.0000 0.0000
vt 0.0165 0.0000
vt 0.0019 0.1162
vt 0.0000 0.0000
vt 0.0165 -0.0000
vt 0.0146 0.1162
vt 0.0000 0.0000
vt 0.0224 -0.0000
vt -0.0453 0.1080
vt 0.0000 0.0000
vt 0.0224 0.0000
vt 0.0677 0.1080
vt 0.0000 0.0000
vt 0.0251 -0.0000
vt 0.0877 0.0925
vt 0.0000 0.0000
vt 0.0251 0.0000
vt -0.0625 0.0926
vt 0.0000 0.0000
vt 0.0266 -0.0000
vt -0.0718 0.0856
vt 0.0000 0.0000
vt 0.0266 0.0000
vt 0.0984 0.0856
vt 0.0000 0.0000
vt 0.0187 -0.0000
vt 0.0104 0.1300
vt 0.0000 0.0000
vt 0.0187 0.0000
vt 0.0083 0.1300
vt 0.0000 0.0000
vt 0.0198 0.0000
vt -0.0578 0.1167
vt 0.0000 0.0000
vt 0.0198 -0.0000
vt 0.0776 0.1167
vt 0.0000 0.0000
vt 0.0172 0.0000
vt -0.0502 0.1309
vt 0.0000 0.0000
vt 0.0172 0.0000
vt 0.0674 0.1309
vt 0.0000 0.0000
vt 0.0251 -0.0000
vt -0.1152 0.0916
vt 0.0000 0.0000
vt 0.0251 -0.0000
vt 0.1403 0.0916
vt 0.0000 0.0000
vt 0.0869 0.0000
vt 0.0005 0.7037
vt 0.0005 0.6880
vt 0.0000 0.0000
vt 0.0869 0.0000
vt 0.0039 0.7162
vt 0.0000 0.7141
vt 0.0000 0.0000
vt 0.0869 0.0000
vt 0.0005 0.6910
vt 0.0005 0.7262
vt 0.0000 0.0000
vt 0.0869 0.0000
vt 0.0039 0.6778
vt 0.0000 0.7009
vt 0.0000 0.0000
vt 0.0869 -0.0000
vt -0.2069 0.6493
vt -0.2069 0.6504
vt 0.0000 0.0000
vt 0.0869 -0.0000
vt -0.1025 0.7018
vt -0.1015 0.7107
vt 0.0000 0.0000
vt 0.0869 -0.0000
vt 0.2115 0.6804
vt 0.2115 0.7008
vt 0.0000 0.0000
vt 0.0869 0.0000
vt 0.1016 0.6769
vt 0.1026 0.6892
vt 0.0000 0.0000
vt 0.0869 0.0000
vt -0.0783 0.6871
vt -0.0783 0.7136
vt 0.0000 0.0000
vt 0.0869 0.0000
vt -0.0120 0.6849
vt -0.0133 0.7113
vt 0.0000 0.0000
vt 0.0869 -0.0000
vt 0.0786 0.6982
vt 0.0786 0.6925
vt 0.0000 0.0000
vt 0.0869 -0.0000
vt 0.0152 0.7090
vt 0.0139 0.7035
vt 0.0000 0.0000
vt 0.0869 0.0000
vt 0.1323 0.7008
vt 0.1323 0.7114
vt 0.0000 0.0000
vt 0.0869 0.0000
vt 0.1299 0.6846
vt 0.1330 0.6950
vt 0.0000 0.0000
vt 0.0869 0.0000
vt -0.1308 0.6678
vt -0.1308 0.6789
vt 0.0000 0.0000
vt 0.0869 -0.0000
vt -0.1314 0.6844
vt -0.1284 0.6960
vt 0.0000 0.0000
vt 0.0869 0.0000
vt 0.0869 0.0869
vt 0.0000 0.0869
vt 0.0000 0.0000
vt 0.0869 0.0000
vt 0.0869 0.0869
vt 0.0000 0.0869
vt 0.0000 0.0000
vt 0.0634 0.0000
vt 0.0000 0.6610
vt 0.0000 0.6680
vt 0.0000 0.0000
vt 0.0634 0.0000
vt -0.0000 0.6635
vt 0.0000 0.6670
vt 0.0000 0.0000
vt 0.0634 0.0000
vt 0.0000 0.6645
vt 0.0000 0.6695
vt 0.0000 0.0000
vt 0.0634 0.0000
vt -0.0000 0.6620
vt 0.0000 0.6705
vt 0.0000 0.0000
vt 0.0634 0.0000
vt 0.0106 0.6512
vt 0.0106 0.6794
vt 0.0000 0.0000
vt 0.0634 -0.0000
vt -0.0233 0.6488
vt -0.0239 0.6553
vt 0.0000 0.0000
vt 0.0634 -0.0000
vt -0.0106 0.6749
vt -0.0106 0.6575
vt 0.0000 0.0000
vt 0.0634 0.0000
vt 0.0292 0.6757
vt 0.0286 0.6811
vt 0.0000 0.0000
vt 0.0634 -0.0000
vt 0.2444 0.6273
vt 0.2444 0.6387
vt 0.0000 0.0000
vt 0.0634 0.0000
vt 0.0059 0.6479
vt 0.0040 0.6558
vt 0.0000 0.0000
vt 0.0634 -0.0000
vt -0.2393 0.6069
vt -0.2393 0.6081
vt 0.0000 0.0000
vt 0.0634 -0.0000
vt -0.0038 0.6776
vt -0.0057 0.6811
vt 0.0000 0.0000
vt 0.0634 0.0000
vt 0.0517 0.6643
vt 0.0517 0.6702
vt 0.0000 0.0000
vt 0.0634 0.0000
vt 0.0220 0.6610
vt 0.0221 0.6670
vt 0.0000 0.0000
vt 0.0634 0.0000
vt -0.0515 0.6572
vt -0.0515 0.6633
vt 0.0000 0.0000
vt 0.0634 -0.0000
vt -0.0221 0.6638
vt -0.0219 0.6698
vt 0.0000 0.0000
vt 0.0634 0.0000
vt 0.0634 0.0634
vt 0.0000 0.0634
vt 0.0000 0.0000
vt 0.0634 -0.0000
vt 0.0634 0.0634
vt -0.0000 0.0634
vt 0.0000 0.0000
vt 0.0642 0.0000
vt 0.0000 0.4568
vt 0.0000 0.4550
vt 0.0000 0.0000
vt 0.0642 0.0000
vt 0.0004 0.4567
vt 0.0005 0.4658
vt 0.0000 0.0000
vt 0.0642 0.0000
vt 0.0000 0.4461
vt 0.0000 0.4655
vt 0.0000 0.0000
vt 0.0642 0.0000
vt 0.0004 0.4460
vt 0.0005 0.4548
vt 0.0000 0.0000
vt 0.0642 0.0000
vt -0.0755 0.4347
vt -0.0755 0.4456
vt 0.0000 0.0000
vt 0.0642 0.0000
vt 0.0017 0.4600
vt 0.0021 0.4609
vt 0.0000 0.0000
vt 0.0642 0.0000
vt 0.0782 0.4548
vt 0.0782 0.4621
vt 0.0000 0.0000
vt 0.0642 -0.0000
vt -0.0020 0.4427
vt -0.0016 0.4595
vt 0.0000 0.0000
vt 0.0642 -0.0000
vt 0.0119 0.4473
vt 0.0119 0.4656
vt 0.0000 0.0000
vt 0.0642 0.0000
vt -0.0541 0.4343
vt -0.0567 0.4510
vt 0.0000 0.0000
vt 0.0642 -0.0000
vt -0.0111 0.4553
vt -0.0111 0.4543
vt 0.0000 0.0000
vt 0.0642 -0.0000
vt 0.0592 0.4613
vt 0.0565 0.4625
vt 0.0000 0.0000
vt 0.0642 -0.0000
vt 0.0703 0.4549
vt 0.0703 0.4638
vt 0.0000 0.0000
vt 0.0642 0.0000
vt 0.0563 0.4468
vt 0.0576 0.4558
vt 0.0000 0.0000
vt 0.0642 0.0000
vt -0.0696 0.4368
vt -0.0696 0.4460
vt 0.0000 0.0000
vt 0.0642 0.0000
vt -0.0571 0.4487
vt -0.0558 0.4579
vt 0.0000 0.0000
vt 0.0642 -0.0000
vt 0.0642 0.0642
vt 0.0000 0.0642
vt 0.0000 0.0000
vt 0.0642 -0.0000
vt 0.0642 0.0642
vt -0.0000 0.0642
vt 0.0000 0.0000
vt 0.0781 0.0000
vt 0.0003 0.2575
vt 0.0003 0.2761
vt 0.0000 0.0000
vt 0.0781 -0.0000
vt -0.0002 0.2489
vt 0.0003 0.2795
vt 0.0000 0.0000
vt 0.0781 -0.0000
vt 0.0003 0.2445
vt 0.0003 0.2706
vt 0.0000 0.0000
vt 0.0781 0.0000
vt -0.0002 0.2534
vt 0.0003 0.2670
vt 0.0000 0.0000
vt 0.0781 0.0000
vt -0.0116 0.2493
vt -0.0116 0.2700
vt 0.0000 0.0000
vt 0.0781 0.0000
vt 0.0330 0.2613
vt 0.0310 0.2737
vt 0.0000 0.0000
vt 0.0781 -0.0000
vt 0.0128 0.2520
vt 0.0128 0.2758
vt 0.0000 0.0000
vt 0.0781 -0.0000
vt -0.0302 0.2371
vt -0.0321 0.2689
vt 0.0000 0.0000
vt 0.0781 0.0000
vt -0.0060 0.2452
vt -0.0060 0.2599
vt 0.0000 0.0000
vt 0.0781 0.0000
vt -0.0337 0.2520
vt -0.0335 0.2683
vt 0.0000 0.0000
vt 0.0781 -0.0000
vt 0.0065 0.2567
vt 0.0065 0.2860
vt 0.0000 0.0000
vt 0.0781 0.0000
vt 0.0335 0.2456
vt 0.0337 0.2741
vt 0.0000 0.0000
vt 0.0781 -0.0000
vt -0.0289 0.2414
vt -0.0289 0.2644
vt 0.0000 0.0000
vt 0.0781 -0.0000
vt -0.0223 0.2511
vt -0.0216 0.2735
vt 0.0000 0.0000
vt 0.0781 0.0000
vt 0.0294 0.2572
vt 0.0294 0.2791
vt 0.0000 0.0000
vt 0.0781 -0.0000
vt 0.0219 0.2490
vt 0.0226 0.2714
vt 0.0000 0.0000
vt 0.0781 0.0000
vt 0.0781 0.0781
vt 0.0000 0.0781
vt 0.0000 0.0000
vt 0.0781 -0.0000
vt 0.0781 0.0781
vt 0.0000 0.0781
vt 0.0000 0.0000
vt 0.2239 0.0000
vt 0.2237 0.0763
vt -0.0002 0.0763
vt 0.0000 0.0000
vt 0.2054 0.0000
vt 0.2047 0.0763
vt -0.0007 0.0763
vt 0.0000 0.0000
vt 0.0753 0.0000
vt 0.0741 0.0762
vt -0.0012 0.0763
vt 0.0000 0.0000
vt 0.1800 -0.0000
vt 0.1794 0.0762
vt -0.0006 0.0762
vt 0.0000 0.0000
vt 0.3296 0.0000
vt 0.3293 0.0761
vt -0.0003 0.0762
vt 0.0000 0.0000
vt 0.1410 -0.0000
vt 0.1408 0.0761
vt -0.0002 0.0761
vt 0.0000 0.0000
vt 0.0774 0.0000
vt 0.0766 0.0761
vt -0.0008 0.0761
vt 0.0000 0.0000
vt 0.1156 0.0000
vt 0.1148 0.0761
vt -0.0008 0.0761
vt 0.0000 0.0000
vt 0.0972 -0.0000
vt 0.0974 0.0761
vt 0.0002 0.0761
vt 0.0000 0.0000
vt 0.1438 0.0000
vt 0.1438 0.0761
vt -0.0000 0.0761
vt 0.0000 0.0000
vt 0.2543 -0.0000
vt 0.2550 0.0761
vt 0.0007 0.0761
vt 0.0000 0.0000
vt 0.2066 0.0000
vt 0.2074 0.0762
vt 0.0007 0.0761
vt 0.0000 0.0000
vt 0.1783 0.0000
vt 0.1788 0.0762
vt 0.0005 0.0762
vt 0.0000 0.0000
vt 0.2408 0.0000
vt 0.2419 0.0763
vt 0.0011 0.0762
vt 0.0000 0.0000
vt 0.1203 0.0000
vt 0.1206 0.0764
vt 0.0003 0.0764
vt 0.0000 0.0000
vt 0.2293 0.0000
vt 0.2306 0.0765
vt 0.0012 0.0764
vt 0.0000 0.0000
vt 0.1191 0.0000
vt 0.1178 0.0764
vt -0.0013 0.0765
vt 0.0000 0.0000
vt 0.1648 0.0000
vt 0.1632 0.0763
vt -0.0016 0.0764
vt 0.0000 0.0000
vt 0.1596 0.0000
vt 0.1582 0.0762
vt -0.0013 0.0763
vt 0.0000 0.0000
vt 0.1515 0.0000
vt 0.1504 0.0762
vt -0.0011 0.0762
vt 0.0000 0.0000
vt 0.1657 0.0000
vt 0.1647 0.0761
vt -0.0010 0.0762
vt 0.0000 0.0000
vt 0.1580 0.0000
vt 0.1578 0.0761
vt -0.0002 0.0761
vt 0.0000 0.0000
vt 0.1388 0.0000
vt 0.1384 0.0761
vt -0.0004 0.0761
vt 0.0000 0.0000
vt 0.1435 0.0000
vt 0.1439 0.0761
vt 0.0005 0.0761
vt 0.0000 0.0000
vt 0.1325 0.0000
vt 0.1328 0.0761
vt 0.0004 0.0761
vt 0.0000 0.0000
vt 0.1587 0.0000
vt 0.1592 0.0761
vt 0.0005 0.0761
vt 0.0000 0.0000
vt 0.2475 0.0000
vt 0.2481 0.0762
vt 0.0006 0.0761
vt 0.0000 0.0000
vt 0.1266 0.0000
vt 0.1278 0.0762
vt 0.0012 0.0762
vt 0.0000 0.0000
vt 0.2311 -0.0000
vt 0.2316 0.0763
vt 0.0005 0.0763
vt 0.0000 0.0000
vt 0.2187 0.0000
vt 0.2190 0.0763
vt 0.0003 0.0763
vt 0.0000 0.0000
vt 0.2193 0.0000
vt 0.2193 0.0763
vt 0.0001 0.0763
vt 0.0000 0.0000
vt 0.2239 0.0000
vt 0.1087 0.2443
vt -0.0301 0.2443
vt 0.0000 0.0000
vt 0.2239 0.0000
vt 0.2540 0.2443
vt 0.1152 0.2443
vt 0.0000 0.0000
vt 0.2054 0.0000
vt 0.0518 0.2593
vt -0.0755 0.2593
vt 0.0000 0.0000
vt 0.2054 -0.0000
vt 0.2809 0.2593
vt 0.1535 0.2593
vt 0.0000 0.0000
vt 0.0753 0.0000
vt -0.0149 0.2950
vt -0.0615 0.2950
vt 0.0000 0.0000
vt 0.0753 0.0000
vt 0.1368 0.2950
vt 0.0901 0.2950
vt 0.0000 0.0000
vt 0.1800 -0.0000
vt -0.1462 0.1694
vt -0.2578 0.1694
vt 0.0000 0.0000
vt 0.1800 0.0000
vt 0.4377 0.1694
vt 0.3262 0.1694
vt 0.0000 0.0000
vt 0.3296 0.0000
vt 0.5626 0.0822
vt 0.3582 0.0822
vt 0.0000 0.0000
vt 0.3296 0.0000
vt -0.0287 0.0822
vt -0.2330 0.0822
vt 0.0000 0.0000
vt 0.1410 -0.0000
vt 0.3065 0.1141
vt 0.2191 0.1141
vt 0.0000 0.0000
vt 0.1410 0.0000
vt -0.0781 0.1141
vt -0.1656 0.1141
vt 0.0000 0.0000
vt 0.0774 -0.0000
vt -0.0200 0.1892
vt -0.0680 0.1892
vt 0.0000 0.0000
vt 0.0774 -0.0000
vt 0.1454 0.1892
vt 0.0974 0.1892
vt 0.0000 0.0000
vt 0.1156 0.0000
vt -0.0716 0.1574
vt -0.1432 0.1574
vt 0.0000 0.0000
vt 0.1156 0.0000
vt 0.2589 0.1574
vt 0.1872 0.1574
vt 0.0000 0.0000
vt 0.0972 -0.0000
vt 0.2083 0.1947
vt 0.1480 0.1947
vt 0.0000 0.0000
vt 0.0972 0.0000
vt -0.0508 0.1947
vt -0.1111 0.1947
vt 0.0000 0.0000
vt 0.1438 0.0000
vt 0.0860 0.2241
vt -0.0031 0.2241
vt 0.0000 0.0000
vt 0.1438 -0.0000
vt 0.1469 0.2241
vt 0.0578 0.2241
vt 0.0000 0.0000
vt 0.2543 -0.0000
vt 0.3507 0.1277
vt 0.1930 0.1277
vt 0.0000 0.0000
vt 0.2543 -0.0000
vt 0.0612 0.1277
vt -0.0964 0.1277
vt 0.0000 0.0000
vt 0.2066 -0.0000
vt 0.0887 0.1551
vt -0.0394 0.1551
vt 0.0000 0.0000
vt 0.2066 0.0000
vt 0.2460 0.1551
vt 0.1179 0.1551
vt 0.0000 0.0000
vt 0.1783 -0.0000
vt 0.1831 0.1808
vt 0.0726 0.1808
vt 0.0000 0.0000
vt 0.1783 -0.0000
vt 0.1056 0.1808
vt -0.0049 0.1808
vt 0.0000 0.0000
vt 0.2408 0.0000
vt 0.0199 0.1263
vt -0.1294 0.1263
vt 0.0000 0.0000
vt 0.2408 -0.0000
vt 0.3702 0.1263
vt 0.2209 0.1263
vt 0.0000 0.0000
vt 0.1203 -0.0000
vt 0.0310 0.2507
vt -0.0436 0.2507
vt 0.0000 0.0000
vt 0.1203 -0.0000
vt 0.1639 0.2507
vt 0.0893 0.2507
vt 0.0000 0.0000
vt 0.2293 -0.0000
vt -0.0944 0.1219
vt -0.2366 0.1219
vt 0.0000 0.0000
vt 0.2293 -0.0000
vt 0.4659 0.1219
vt 0.3238 0.1219
vt 0.0000 0.0000
vt 0.1191 0.0000
vt 0.2062 0.3196
vt 0.1324 0.3196
vt 0.0000 0.0000
vt 0.1191 0.0000
vt -0.0133 0.3196
vt -0.0871 0.3196
vt 0.0000 0.0000
vt 0.1648 0.0000
vt 0.3279 0.2425
vt 0.2258 0.2425
vt 0.0000 0.0000
vt 0.1648 0.0000
vt -0.0609 0.2425
vt -0.1631 0.2425
vt 0.0000 0.0000
vt 0.1596 0.0000
vt 0.2670 0.2390
vt 0.1681 0.2390
vt 0.0000 0.0000
vt 0.1596 -0.0000
vt -0.0085 0.2390
vt -0.1075 0.2390
vt 0.0000 0.0000
vt 0.1515 0.0000
vt 0.1997 0.2398
vt 0.1058 0.2398
vt 0.0000 0.0000
vt 0.1515 0.0000
vt 0.0457 0.2398
vt -0.0482 0.2398
vt 0.0000 0.0000
vt 0.1657 0.0000
vt 0.0342 0.2348
vt -0.0686 0.2348
vt 0.0000 0.0000
vt 0.1657 0.0000
vt 0.2343 0.2348
vt 0.1316 0.2348
vt 0.0000 0.0000
vt 0.1580 0.0000
vt 0.2752 0.2025
vt 0.1772 0.2025
vt 0.0000 0.0000
vt 0.1580 0.0000
vt -0.0192 0.2025
vt -0.1172 0.2025
vt 0.0000 0.0000
vt 0.1388 -0.0000
vt 0.0586 0.2324
vt -0.0275 0.2324
vt 0.0000 0.0000
vt 0.1388 -0.0000
vt 0.1663 0.2324
vt 0.0802 0.2324
vt 0.0000 0.0000
vt 0.1435 -0.0000
vt 0.1967 0.2210
vt 0.1077 0.2210
vt 0.0000 0.0000
vt 0.1435 0.0000
vt 0.0357 0.2210
vt -0.0532 0.2210
vt 0.0000 0.0000
vt 0.1325 0.0000
vt 0.0264 0.2203
vt -0.0557 0.2203
vt 0.0000 0.0000
vt 0.1325 0.0000
vt 0.1882 0.2203
vt 0.1061 0.2203
vt 0.0000 0.0000
vt 0.1587 -0.0000
vt -0.0451 0.1980
vt -0.1435 0.1980
vt 0.0000 0.0000
vt 0.1587 0.0000
vt 0.3023 0.1980
vt 0.2038 0.1980
vt 0.0000 0.0000
vt 0.2475 0.0000
vt -0.0836 0.1567
vt -0.2370 0.1567
vt 0.0000 0.0000
vt 0.2475 -0.0000
vt 0.4845 0.1567
vt 0.3311 0.1567
vt 0.0000 0.0000
vt 0.1266 -0.0000
vt 0.2943 0.2960
vt 0.2158 0.2960
vt 0.0000 0.0000
vt 0.1266 -0.0000
vt -0.0892 0.2960
vt -0.1677 0.2960
vt 0.0000 0.0000
vt 0.2311 -0.0000
vt 0.3892 0.2350
vt 0.2460 0.2350
vt 0.0000 0.0000
vt 0.2311 0.0000
vt -0.0149 0.2350
vt -0.1582 0.2350
vt 0.0000 0.0000
vt 0.2187 -0.0000
vt 0.2802 0.2436
vt 0.1446 0.2436
vt 0.0000 0.0000
vt 0.2187 0.0000
vt 0.0741 0.2436
vt -0.0615 0.2436
vt 0.0000 0.0000
vt 0.2193 0.0000
vt 0.1928 0.2447
vt 0.0569 0.2447
vt 0.0000 0.0000
vt 0.2193 -0.0000
vt 0.1624 0.2447
vt 0.0265 0.2447
vt 0.0000 0.0000
vt 0.1388 -0.0000
vt 0.0418 0.2057
vt -0.0254 0.2057
vt 0.0000 0.0000
vt 0.1388 -0.0000
vt 0.1642 0.2057
vt 0.0970 0.2057
vt 0.0000 0.0000
vt 0.1273 -0.0000
vt -0.0020 0.2184
vt -0.0636 0.2184
vt 0.0000 0.0000
vt 0.1273 0.0000
vt 0.1909 0.2184
vt 0.1293 0.2184
vt 0.0000 0.0000
vt 0.0467 0.0000
vt -0.0292 0.2484
vt -0.0518 0.2484
vt 0.0000 0.0000
vt 0.0467 0.0000
vt 0.0985 0.2484
vt 0.0759 0.2484
vt 0.0000 0.0000
vt 0.1116 0.0000
vt -0.1631 0.1427
vt -0.2171 0.1427
vt 0.0000 0.0000
vt 0.1116 0.0000
vt 0.3287 0.1427
vt 0.2747 0.1427
vt 0.0000 0.0000
vt 0.2043 -0.0000
vt 0.4005 0.0692
vt 0.3017 0.0692
vt 0.0000 0.0000
vt 0.2043 -0.0000
vt -0.0973 0.0692
vt -0.1962 0.0692
vt 0.0000 0.0000
vt 0.0874 0.0000
vt 0.2268 0.0961
vt 0.1845 0.0961
vt 0.0000 0.0000
vt 0.0874 0.0000
vt -0.0971 0.0961
vt -0.1394 0.0961
vt 0.0000 0.0000
vt 0.0480 0.0000
vt -0.0341 0.1594
vt -0.0573 0.1594
vt 0.0000 0.0000
vt 0.0480 0.0000
vt 0.1052 0.1594
vt 0.0820 0.1594
vt 0.0000 0.0000
vt 0.0717 0.0000
vt -0.0859 0.1326
vt -0.1206 0.1326
vt 0.0000 0.0000
vt 0.0717 0.0000
vt 0.1923 0.1326
vt 0.1576 0.1326
vt 0.0000 0.0000
vt 0.0603 -0.0000
vt 0.1538 0.1640
vt 0.1246 0.1640
vt 0.0000 0.0000
vt 0.0603 -0.0000
vt -0.0644 0.1639
vt -0.0935 0.1639
vt 0.0000 0.0000
vt 0.0891 -0.0000
vt 0.0405 0.1887
vt -0.0026 0.1887
vt 0.0000 0.0000
vt 0.0891 0.0000
vt 0.0918 0.1887
vt 0.0486 0.1887
vt 0.0000 0.0000
vt 0.1576 -0.0000
vt 0.2388 0.1076
vt 0.1625 0.1076
vt 0.0000 0.0000
vt 0.1576 0.0000
vt -0.0049 0.1076
vt -0.0812 0.1076
vt 0.0000 0.0000
vt 0.1281 0.0000
vt 0.0288 0.1306
vt -0.0332 0.1306
vt 0.0000 0.0000
vt 0.1281 0.0000
vt 0.1613 0.1306
vt 0.0993 0.1306
vt 0.0000 0.0000
vt 0.1105 0.0000
vt 0.1146 0.1522
vt 0.0611 0.1522
vt 0.0000 0.0000
vt 0.1105 0.0000
vt 0.0494 0.1523
vt -0.0041 0.1523
vt 0.0000 0.0000
vt 0.1493 -0.0000
vt -0.0367 0.1064
vt -0.1090 0.1064
vt 0.0000 0.0000
vt 0.1493 0.0000
vt 0.2583 0.1064
vt 0.1860 0.1064
vt 0.0000 0.0000
vt 0.0746 -0.0000
vt -0.0006 0.2111
vt -0.0367 0.2111
vt 0.0000 0.0000
vt 0.0746 0.0000
vt 0.1113 0.2111
vt 0.0752 0.2111
vt 0.0000 0.0000
vt 0.1422 -0.0000
vt -0.1304 0.1027
vt -0.1992 0.1027
vt 0.0000 0.0000
vt 0.1422 0.0000
vt 0.3414 0.1027
vt 0.2726 0.1027
vt 0.0000 0.0000
vt 0.0738 -0.0000
vt 0.1471 0.2692
vt 0.1114 0.2692
vt 0.0000 0.0000
vt 0.0738 0.0000
vt -0.0376 0.2692
vt -0.0733 0.2692
vt 0.0000 0.0000
vt 0.1022 0.0000
vt 0.2395 0.2042
vt 0.1901 0.2042
vt 0.0000 0.0000
vt 0.1022 0.0000
vt -0.0879 0.2042
vt -0.1373 0.2042
vt 0.0000 0.0000
vt 0.0989 0.0000
vt 0.1894 0.2013
vt 0.1416 0.2013
vt 0.0000 0.0000
vt 0.0989 0.0000
vt -0.0426 0.2013
vt -0.0905 0.2013
vt 0.0000 0.0000
vt 0.0939 -0.0000
vt 0.1345 0.2019
vt 0.0891 0.2019
vt 0.0000 0.0000
vt 0.0939 0.0000
vt 0.0048 0.2019
vt -0.0406 0.2019
vt 0.0000 0.0000
vt 0.1027 0.0000
vt -0.0080 0.1977
vt -0.0577 0.1977
vt 0.0000 0.0000
vt 0.1027 -0.0000
vt 0.1605 0.1977
vt 0.1108 0.1977
vt 0.0000 0.0000
vt 0.0980 0.0000
vt 0.1966 0.1706
vt 0.1492 0.1706
vt 0.0000 0.0000
vt 0.0980 0.0000
vt -0.0513 0.1705
vt -0.0987 0.1705
vt 0.0000 0.0000
vt 0.0861 0.0000
vt 0.0185 0.1957
vt -0.0231 0.1957
vt 0.0000 0.0000
vt 0.0861 -0.0000
vt 0.1092 0.1957
vt 0.0675 0.1957
vt 0.0000 0.0000
vt 0.0890 0.0000
vt 0.1338 0.1861
vt 0.0907 0.1861
vt 0.0000 0.0000
vt 0.0890 -0.0000
vt -0.0018 0.1861
vt -0.0448 0.1861
vt 0.0000 0.0000
vt 0.0821 0.0000
vt -0.0072 0.1855
vt -0.0469 0.1855
vt 0.0000 0.0000
vt 0.0821 0.0000
vt 0.1291 0.1855
vt 0.0893 0.1855
vt 0.0000 0.0000
vt 0.0984 0.0000
vt -0.0732 0.1667
vt -0.1209 0.1667
vt 0.0000 0.0000
vt 0.0984 0.0000
vt 0.2193 0.1667
vt 0.1717 0.1667
vt 0.0000 0.0000
vt 0.1534 -0.0000
vt -0.1254 0.1320
vt -0.1996 0.1320
vt 0.0000 0.0000
vt 0.1534 -0.0000
vt 0.3530 0.1320
vt 0.2788 0.1320
vt 0.0000 0.0000
vt 0.0785 -0.0000
vt 0.2197 0.2492
vt 0.1818 0.2492
vt 0.0000 0.0000
vt 0.0785 -0.0000
vt -0.1032 0.2492
vt -0.1412 0.2492
vt 0.0000 0.0000
vt 0.1433 0.0000
vt 0.2764 0.1979
vt 0.2071 0.1979
vt 0.0000 0.0000
vt 0.1433 0.0000
vt -0.0639 0.1979
vt -0.1332 0.1979
vt 0.0000 0.0000
vt 0.1356 0.0000
vt 0.1874 0.2051
vt 0.1218 0.2051
vt 0.0000 0.0000
vt 0.1356 0.0000
vt 0.0138 0.2051
vt -0.0518 0.2051
vt 0.0000 0.0000
vt 0.1359 -0.0000
vt 0.1137 0.2061
vt 0.0479 0.2061
vt 0.0000 0.0000
vt 0.1359 -0.0000
vt 0.0881 0.2061
vt 0.0223 0.2061
vt 0.0000 0.0000
vt 0.0672 0.0000
vt -0.0238 0.1928
vt 0.0000 0.0000
vt 0.0672 -0.0000
vt 0.0910 0.1929
vt 0.0000 0.0000
vt 0.0616 -0.0000
vt -0.0596 0.2047
vt 0.0000 0.0000
vt 0.0616 -0.0000
vt 0.1212 0.2047
vt 0.0000 0.0000
vt 0.0226 -0.0000
vt -0.0486 0.2329
vt 0.0000 0.0000
vt 0.0226 0.0000
vt 0.0712 0.2329
vt 0.0000 0.0000
vt 0.0540 -0.0000
vt -0.2035 0.1337
vt 0.0000 0.0000
vt 0.0540 -0.0000
vt 0.2575 0.1338
vt 0.0000 0.0000
vt 0.0989 -0.0000
vt 0.2828 0.0649
vt 0.0000 0.0000
vt 0.0989 -0.0000
vt -0.1840 0.0649
vt 0.0000 0.0000
vt 0.0423 0.0000
vt 0.1730 0.0901
vt 0.0000 0.0000
vt 0.0423 -0.0000
vt -0.1307 0.0901
vt 0.0000 0.0000
vt 0.0232 -0.0000
vt -0.0537 0.1494
vt 0.0000 0.0000
vt 0.0232 0.0000
vt 0.0769 0.1494
vt 0.0000 0.0000
vt 0.0347 -0.0000
vt -0.1131 0.1243
vt 0.0000 0.0000
vt 0.0347 -0.0000
vt 0.1478 0.1243
vt 0.0000 0.0000
vt 0.0292 -0.0000
vt 0.1169 0.1537
vt 0.0000 0.0000
vt 0.0292 -0.0000
vt -0.0877 0.1537
vt 0.0000 0.0000
vt 0.0431 -0.0000
vt -0.0025 0.1769
vt 0.0000 0.0000
vt 0.0431 -0.0000
vt 0.0456 0.1770
vt 0.0000 0.0000
vt 0.0763 -0.0000
vt 0.1524 0.1008
vt 0.0000 0.0000
vt 0.0763 0.0000
vt -0.0761 0.1009
vt 0.0000 0.0000
vt 0.0620 0.0000
vt -0.0311 0.1224
vt 0.0000 0.0000
vt 0.0620 0.0000
vt 0.0931 0.1225
vt 0.0000 0.0000
vt 0.0535 -0.0000
vt 0.0573 0.1427
vt 0.0000 0.0000
vt 0.0535 -0.0000
vt -0.0038 0.1428
vt 0.0000 0.0000
vt 0.0722 -0.0000
vt -0.1022 0.0997
vt 0.0000 0.0000
vt 0.0722 0.0000
vt 0.1744 0.0998
vt 0.0000 0.0000
vt 0.0361 -0.0000
vt -0.0344 0.1979
vt 0.0000 0.0000
vt 0.0361 -0.0000
vt 0.0705 0.1980
vt 0.0000 0.0000
vt 0.0688 0.0000
vt -0.1868 0.0963
vt 0.0000 0.0000
vt 0.0688 0.0000
vt 0.2556 0.0963
vt 0.0000 0.0000
vt 0.0357 -0.0000
vt 0.1044 0.2523
vt 0.0000 0.0000
vt 0.0357 0.0000
vt -0.0687 0.2524
vt 0.0000 0.0000
vt 0.0494 -0.0000
vt 0.1782 0.1914
vt 0.0000 0.0000
vt 0.0494 0.0000
vt -0.1288 0.1914
vt 0.0000 0.0000
vt 0.0479 -0.0000
vt 0.1327 0.1887
vt 0.0000 0.0000
vt 0.0479 0.0000
vt -0.0848 0.1887
vt 0.0000 0.0000
vt 0.0454 -0.0000
vt 0.0835 0.1893
vt 0.0000 0.0000
vt 0.0454 0.0000
vt -0.0381 0.1893
vt 0.0000 0.0000
vt 0.0497 -0.0000
vt -0.0541 0.1853
vt 0.0000 0.0000
vt 0.0497 -0.0000
vt 0.1038 0.1854
vt 0.0000 0.0000
vt 0.0474 -0.0000
vt 0.1399 0.1599
vt 0.0000 0.0000
vt 0.0474 -0.0000
vt -0.0925 0.1599
vt 0.0000 0.0000
vt 0.0416 0.0000
vt -0.0217 0.1834
vt 0.0000 0.0000
vt 0.0416 0.0000
vt 0.0633 0.1835
vt 0.0000 0.0000
vt 0.0430 -0.0000
vt 0.0851 0.1744
vt 0.0000 0.0000
vt 0.0430 -0.0000
vt -0.0420 0.1745
vt 0.0000 0.0000
vt 0.0397 -0.0000
vt -0.0440 0.1739
vt 0.0000 0.0000
vt 0.0397 0.0000
vt 0.0838 0.1740
vt 0.0000 0.0000
vt 0.0476 0.0000
vt -0.1133 0.1563
vt 0.0000 0.0000
vt 0.0476 -0.0000
vt 0.1609 0.1563
vt 0.0000 0.0000
vt 0.0742 -0.0000
vt -0.1871 0.1237
vt 0.0000 0.0000
vt 0.0742 0.0000
vt 0.2614 0.1237
vt 0.0000 0.0000
vt 0.0380 0.0000
vt 0.1704 0.2336
vt 0.0000 0.0000
vt 0.0380 -0.0000
vt -0.1324 0.2337
vt 0.0000 0.0000
vt 0.0693 0.0000
vt 0.1942 0.1855
vt 0.0000 0.0000
vt 0.0693 0.0000
vt -0.1249 0.1855
vt 0.0000 0.0000
vt 0.0656 -0.0000
vt 0.1142 0.1923
vt 0.0000 0.0000
vt 0.0656 -0.0000
vt -0.0486 0.1923
vt 0.0000 0.0000
vt 0.0658 -0.0000
vt 0.0449 0.1932
vt 0.0000 0.0000
vt 0.0658 0.0000
vt 0.0209 0.1932
vt 0.0000 0.0000
vt 0.0653 0.0000
vt 0.0001 0.2300
vt 0.0001 0.2551
vt 0.0000 0.0000
vt 0.0653 0.0000
vt 0.0006 0.2255
vt 0.0000 0.2466
vt 0.0000 0.0000
vt 0.0653 -0.0000
vt 0.0001 0.2340
vt 0.0001 0.2426
vt 0.0000 0.0000
vt 0.0653 -0.0000
vt 0.0006 0.2383
vt 0.0000 0.2514
vt 0.0000 0.0000
vt 0.0653 0.0000
vt 0.0334 0.2355
vt 0.0334 0.2546
vt 0.0000 0.0000
vt 0.0653 0.0000
vt 0.0144 0.2272
vt 0.0146 0.2453
vt 0.0000 0.0000
vt 0.0653 0.0000
vt -0.0327 0.2236
vt -0.0327 0.2389
vt 0.0000 0.0000
vt 0.0653 0.0000
vt -0.0146 0.2357
vt -0.0144 0.2518
vt 0.0000 0.0000
vt 0.0653 -0.0000
vt 0.0098 0.2349
vt 0.0098 0.2589
vt 0.0000 0.0000
vt 0.0653 -0.0000
vt 0.0038 0.2225
vt 0.0024 0.2489
vt 0.0000 0.0000
vt 0.0653 0.0000
vt -0.0085 0.2287
vt -0.0085 0.2383
vt 0.0000 0.0000
vt 0.0653 0.0000
vt -0.0020 0.2416
vt -0.0034 0.2488
vt 0.0000 0.0000
vt 0.0653 0.0000
vt 0.0302 0.2393
vt 0.0302 0.2559
vt 0.0000 0.0000
vt 0.0653 -0.0000
vt 0.0364 0.2300
vt 0.0376 0.2471
vt 0.0000 0.0000
vt 0.0653 0.0000
vt -0.0297 0.2206
vt -0.0297 0.2383
vt 0.0000 0.0000
vt 0.0653 -0.0000
vt -0.0369 0.2280
vt -0.0356 0.2457
vt 0.0000 0.0000
vt 0.0653 0.0000
vt 0.0653 0.0653
vt 0.0000 0.0653
vt 0.0000 0.0000
vt 0.0653 -0.0000
vt 0.0653 0.0653
vt 0.0000 0.0653
vt 0.0000 0.0000
vt 0.1830 0.0000
vt 0.1838 0.1180
vt 0.0007 0.1180
vt 0.0000 0.0000
vt 0.1461 0.0000
vt 0.1460 0.1180
vt -0.0002 0.1180
vt 0.0000 0.0000
vt 0.1607 0.0000
vt 0.1596 0.1180
vt -0.0012 0.1180
vt 0.0000 0.0000
vt 0.1583 0.0000
vt 0.1562 0.1179
vt -0.0021 0.1179
vt 0.0000 0.0000
vt 0.1533 -0.0000
vt 0.1503 0.1177
vt -0.0030 0.1178
vt 0.0000 0.0000
vt 0.1739 0.0000
vt 0.1763 0.1178
vt 0.0024 0.1177
vt 0.0000 0.0000
vt 0.1445 0.0000
vt 0.1444 0.1179
vt -0.0001 0.1179
vt 0.0000 0.0000
vt 0.1572 0.0000
vt 0.1593 0.1179
vt 0.0021 0.1178
vt 0.0000 0.0000
vt 0.1313 0.0000
vt 0.1323 0.1180
vt 0.0010 0.1179
vt 0.0000 0.0000
vt 0.2269 0.0000
vt 0.2272 0.1180
vt 0.0003 0.1180
vt 0.0000 0.0000
vt 0.1466 -0.0000
vt 0.1471 0.1180
vt 0.0004 0.1180
vt 0.0000 0.0000
vt 0.1052 0.0000
vt 0.1053 0.1180
vt 0.0001 0.1180
vt 0.0000 0.0000
vt 0.0647 0.0000
vt 0.0642 0.1180
vt -0.0005 0.1180
vt 0.0000 0.0000
vt 0.0928 0.0000
vt 0.0922 0.1180
vt -0.0006 0.1180
vt 0.0000 0.0000
vt 0.0776 0.0000
vt 0.0759 0.1179
vt -0.0017 0.1180
vt 0.0000 0.0000
vt 0.0984 0.0000
vt 0.0975 0.1179
vt -0.0009 0.1180
vt 0.0000 0.0000
vt 0.0712 -0.0000
vt 0.0691 0.1179
vt -0.0021 0.1179
vt 0.0000 0.0000
vt 0.0722 -0.0000
vt 0.0692 0.1178
vt -0.0030 0.1179
vt 0.0000 0.0000
vt 0.2123 0.0000
vt 0.2123 0.1178
vt 0.0000 0.1178
vt 0.0000 0.0000
vt 0.2284 0.0000
vt 0.2287 0.1179
vt 0.0002 0.1178
vt 0.0000 0.0000
vt 0.2287 0.0000
vt 0.2290 0.1179
vt 0.0003 0.1179
vt 0.0000 0.0000
vt 0.2239 0.0000
vt 0.2242 0.1179
vt 0.0003 0.1179
vt 0.0000 0.0000
vt 0.2173 0.0000
vt 0.2176 0.1179
vt 0.0003 0.1179
vt 0.0000 0.0000
vt 0.1423 0.0000
vt 0.1442 0.1180
vt 0.0019 0.1179
vt 0.0000 0.0000
vt 0.1830 0.0000
vt 0.3338 0.1323
vt 0.2204 0.1323
vt 0.0000 0.0000
vt 0.1830 0.0000
vt -0.0374 0.1324
vt -0.1508 0.1324
vt 0.0000 0.0000
vt 0.1461 0.0000
vt 0.2065 0.1638
vt 0.1159 0.1638
vt 0.0000 0.0000
vt 0.1461 -0.0000
vt 0.0303 0.1639
vt -0.0603 0.1639
vt 0.0000 0.0000
vt 0.1607 -0.0000
vt 0.1810 0.1545
vt 0.0813 0.1545
vt 0.0000 0.0000
vt 0.1607 -0.0000
vt 0.0793 0.1545
vt -0.0203 0.1545
vt 0.0000 0.0000
vt 0.1583 -0.0000
vt 0.1205 0.1542
vt 0.0224 0.1542
vt 0.0000 0.0000
vt 0.1583 -0.0000
vt 0.1358 0.1542
vt 0.0377 0.1542
vt 0.0000 0.0000
vt 0.1533 -0.0000
vt 0.0596 0.1548
vt -0.0354 0.1548
vt 0.0000 0.0000
vt 0.1533 0.0000
vt 0.1885 0.1548
vt 0.0935 0.1548
vt 0.0000 0.0000
vt 0.1739 0.0000
vt 0.2594 0.0986
vt 0.1517 0.0986
vt 0.0000 0.0000
vt 0.1739 0.0000
vt 0.0223 0.0986
vt -0.0855 0.0986
vt 0.0000 0.0000
vt 0.1445 -0.0000
vt 0.0929 0.1305
vt 0.0033 0.1305
vt 0.0000 0.0000
vt 0.1445 0.0000
vt 0.1411 0.1305
vt 0.0516 0.1305
vt 0.0000 0.0000
vt 0.1572 0.0000
vt 0.1627 0.1242
vt 0.0652 0.1242
vt 0.0000 0.0000
vt 0.1572 0.0000
vt 0.0921 0.1242
vt -0.0054 0.1243
vt 0.0000 0.0000
vt 0.1313 0.0000
vt 0.0522 0.1209
vt -0.0292 0.1209
vt 0.0000 0.0000
vt 0.1313 0.0000
vt 0.1605 0.1209
vt 0.0791 0.1209
vt 0.0000 0.0000
vt 0.2269 0.0000
vt 0.0219 0.0822
vt -0.1188 0.0822
vt 0.0000 0.0000
vt 0.2269 -0.0000
vt 0.3457 0.0823
vt 0.2050 0.0823
vt 0.0000 0.0000
vt 0.1466 0.0000
vt -0.0705 0.1508
vt -0.1614 0.1508
vt 0.0000 0.0000
vt 0.1466 -0.0000
vt 0.3080 0.1508
vt 0.2171 0.1508
vt 0.0000 0.0000
vt 0.1052 0.0000
vt 0.2893 0.1403
vt 0.2240 0.1403
vt 0.0000 0.0000
vt 0.1052 0.0000
vt -0.1188 0.1403
vt -0.1841 0.1403
vt 0.0000 0.0000
vt 0.0647 0.0000
vt 0.0137 0.2299
vt -0.0264 0.2299
vt 0.0000 0.0000
vt 0.0647 0.0000
vt 0.0911 0.2299
vt 0.0510 0.2299
vt 0.0000 0.0000
vt 0.0928 -0.0000
vt 0.2275 0.1631
vt 0.1699 0.1630
vt 0.0000 0.0000
vt 0.0928 0.0000
vt -0.0771 0.1631
vt -0.1347 0.1631
vt 0.0000 0.0000
vt 0.0776 -0.0000
vt -0.0183 0.2008
vt -0.0664 0.2008
vt 0.0000 0.0000
vt 0.0776 0.0000
vt 0.1440 0.2008
vt 0.0958 0.2008
vt 0.0000 0.0000
vt 0.0984 -0.0000
vt 0.2188 0.1568
vt 0.1578 0.1568
vt 0.0000 0.0000
vt 0.0984 0.0000
vt -0.0595 0.1568
vt -0.1205 0.1568
vt 0.0000 0.0000
vt 0.0712 0.0000
vt 0.0874 0.1929
vt 0.0433 0.1929
vt 0.0000 0.0000
vt 0.0712 -0.0000
vt 0.0279 0.1929
vt -0.0163 0.1929
vt 0.0000 0.0000
vt 0.0722 0.0000
vt 0.0090 0.1903
vt -0.0358 0.1903
vt 0.0000 0.0000
vt 0.0722 0.0000
vt 0.1079 0.1903
vt 0.0631 0.1903
vt 0.0000 0.0000
vt 0.2123 0.0000
vt 0.2763 0.1388
vt 0.1447 0.1388
vt 0.0000 0.0000
vt 0.2123 -0.0000
vt 0.0676 0.1388
vt -0.0640 0.1388
vt 0.0000 0.0000
vt 0.2284 0.0000
vt 0.2129 0.1352
vt 0.0713 0.1352
vt 0.0000 0.0000
vt 0.2284 0.0000
vt 0.1571 0.1352
vt 0.0155 0.1352
vt 0.0000 0.0000
vt 0.2287 0.0000
vt 0.1288 0.1355
vt -0.0130 0.1355
vt 0.0000 0.0000
vt 0.2287 -0.0000
vt 0.2417 0.1355
vt 0.0999 0.1355
vt 0.0000 0.0000
vt 0.2239 0.0000
vt 0.0402 0.1364
vt -0.0987 0.1364
vt 0.0000 0.0000
vt 0.2239 -0.0000
vt 0.3226 0.1364
vt 0.1838 0.1364
vt 0.0000 0.0000
vt 0.2173 0.0000
vt -0.0483 0.1373
vt -0.1831 0.1373
vt 0.0000 0.0000
vt 0.2173 0.0000
vt 0.4004 0.1373
vt 0.2657 0.1373
vt 0.0000 0.0000
vt 0.1423 -0.0000
vt 0.3312 0.1743
vt 0.2430 0.1743
vt 0.0000 0.0000
vt 0.1423 -0.0000
vt -0.1006 0.1744
vt -0.1888 0.1745
vt 0.0000 0.0000
vt 0.1135 0.0000
vt 0.2405 0.1114
vt 0.1856 0.1114
vt 0.0000 0.0000
vt 0.1135 0.0000
vt -0.0721 0.1114
vt -0.1270 0.1114
vt 0.0000 0.0000
vt 0.0906 0.0000
vt 0.1414 0.1379
vt 0.0976 0.1379
vt 0.0000 0.0000
vt 0.0906 -0.0000
vt -0.0070 0.1380
vt -0.0508 0.1380
vt 0.0000 0.0000
vt 0.0996 -0.0000
vt 0.1167 0.1301
vt 0.0685 0.1301
vt 0.0000 0.0000
vt 0.0996 -0.0000
vt 0.0312 0.1301
vt -0.0170 0.1301
vt 0.0000 0.0000
vt 0.0981 -0.0000
vt 0.0663 0.1298
vt 0.0189 0.1298
vt 0.0000 0.0000
vt 0.0981 -0.0000
vt 0.0793 0.1299
vt 0.0318 0.1299
vt 0.0000 0.0000
vt 0.0950 -0.0000
vt 0.0162 0.1303
vt -0.0298 0.1303
vt 0.0000 0.0000
vt 0.0950 0.0000
vt 0.1248 0.1304
vt 0.0788 0.1304
vt 0.0000 0.0000
vt 0.1078 -0.0000
vt 0.1798 0.0830
vt 0.1277 0.0830
vt 0.0000 0.0000
vt 0.1078 0.0000
vt -0.0199 0.0831
vt -0.0720 0.0831
vt 0.0000 0.0000
vt 0.0896 0.0000
vt 0.0461 0.1099
vt 0.0028 0.1099
vt 0.0000 0.0000
vt 0.0896 0.0000
vt 0.0868 0.1099
vt 0.0434 0.1099
vt 0.0000 0.0000
vt 0.0975 0.0000
vt 0.1021 0.1046
vt 0.0549 0.1046
vt 0.0000 0.0000
vt 0.0975 -0.0000
vt 0.0425 0.1047
vt -0.0046 0.1047
vt 0.0000 0.0000
vt 0.0814 0.0000
vt 0.0148 0.1018
vt -0.0246 0.1018
vt 0.0000 0.0000
vt 0.0814 0.0000
vt 0.1060 0.1018
vt 0.0666 0.1018
vt 0.0000 0.0000
vt 0.1407 -0.0000
vt -0.0320 0.0692
vt -0.1000 0.0692
vt 0.0000 0.0000
vt 0.1407 -0.0000
vt 0.2407 0.0693
vt 0.1726 0.0693
vt 0.0000 0.0000
vt 0.0909 -0.0000
vt -0.0919 0.1270
vt -0.1359 0.1270
vt 0.0000 0.0000
vt 0.0909 0.0000
vt 0.2268 0.1270
vt 0.1828 0.1270
vt 0.0000 0.0000
vt 0.0652 -0.0000
vt 0.2202 0.1181
vt 0.1887 0.1181
vt 0.0000 0.0000
vt 0.0652 -0.0000
vt -0.1234 0.1181
vt -0.1550 0.1181
vt 0.0000 0.0000
vt 0.0401 0.0000
vt -0.0028 0.1936
vt -0.0222 0.1936
vt 0.0000 0.0000
vt 0.0401 -0.0000
vt 0.0624 0.1936
vt 0.0430 0.1936
vt 0.0000 0.0000
vt 0.0576 0.0000
vt 0.1709 0.1373
vt 0.1431 0.1373
vt 0.0000 0.0000
vt 0.0576 0.0000
vt -0.0855 0.1373
vt -0.1134 0.1373
vt 0.0000 0.0000
vt 0.0481 -0.0000
vt -0.0326 0.1691
vt -0.0559 0.1691
vt 0.0000 0.0000
vt 0.0481 0.0000
vt 0.1041 0.1691
vt 0.0808 0.1691
vt 0.0000 0.0000
vt 0.0610 -0.0000
vt 0.1624 0.1320
vt 0.1329 0.1320
vt 0.0000 0.0000
vt 0.0610 -0.0000
vt -0.0719 0.1321
vt -0.1014 0.1321
vt 0.0000 0.0000
vt 0.0441 -0.0000
vt 0.0578 0.1625
vt 0.0365 0.1625
vt 0.0000 0.0000
vt 0.0441 -0.0000
vt 0.0077 0.1625
vt -0.0136 0.1625
vt 0.0000 0.0000
vt 0.0448 -0.0000
vt -0.0085 0.1602
vt -0.0301 0.1602
vt 0.0000 0.0000
vt 0.0448 -0.0000
vt 0.0749 0.1603
vt 0.0533 0.1603
vt 0.0000 0.0000
vt 0.1316 -0.0000
vt 0.1855 0.1169
vt 0.1218 0.1169
vt 0.0000 0.0000
vt 0.1316 -0.0000
vt 0.0098 0.1169
vt -0.0539 0.1169
vt 0.0000 0.0000
vt 0.1416 -0.0000
vt 0.1286 0.1139
vt 0.0600 0.1139
vt 0.0000 0.0000
vt 0.1416 0.0000
vt 0.0816 0.1139
vt 0.0131 0.1139
vt 0.0000 0.0000
vt 0.1418 0.0000
vt 0.0577 0.1141
vt -0.0109 0.1141
vt 0.0000 0.0000
vt 0.1418 0.0000
vt 0.1527 0.1141
vt 0.0841 0.1141
vt 0.0000 0.0000
vt 0.1388 0.0000
vt -0.0159 0.1148
vt -0.0831 0.1148
vt 0.0000 0.0000
vt 0.1388 -0.0000
vt 0.2219 0.1149
vt 0.1547 0.1149
vt 0.0000 0.0000
vt 0.1347 -0.0000
vt -0.0890 0.1156
vt -0.1542 0.1156
vt 0.0000 0.0000
vt 0.1347 -0.0000
vt 0.2889 0.1157
vt 0.2237 0.1157
vt 0.0000 0.0000
vt 0.0882 -0.0000
vt 0.2473 0.1468
vt 0.2046 0.1468
vt 0.0000 0.0000
vt 0.0882 -0.0000
vt -0.1164 0.1468
vt -0.1591 0.1468
vt 0.0000 0.0000
vt 0.0549 0.0000
vt 0.1740 0.1045
vt 0.0000 0.0000
vt 0.0549 -0.0000
vt -0.1191 0.1045
vt 0.0000 0.0000
vt 0.0438 0.0000
vt 0.0915 0.1293
vt 0.0000 0.0000
vt 0.0438 0.0000
vt -0.0476 0.1294
vt 0.0000 0.0000
vt 0.0482 -0.0000
vt 0.0642 0.1219
vt 0.0000 0.0000
vt 0.0482 -0.0000
vt -0.0160 0.1220
vt 0.0000 0.0000
vt 0.0475 0.0000
vt 0.0177 0.1217
vt 0.0000 0.0000
vt 0.0475 -0.0000
vt 0.0298 0.1218
vt 0.0000 0.0000
vt 0.0460 0.0000
vt -0.0279 0.1222
vt 0.0000 0.0000
vt 0.0460 -0.0000
vt 0.0738 0.1222
vt 0.0000 0.0000
vt 0.0522 -0.0000
vt 0.1197 0.0778
vt 0.0000 0.0000
vt 0.0522 -0.0000
vt -0.0675 0.0779
vt 0.0000 0.0000
vt 0.0433 -0.0000
vt 0.0026 0.1030
vt 0.0000 0.0000
vt 0.0433 -0.0000
vt 0.0407 0.1031
vt 0.0000 0.0000
vt 0.0472 -0.0000
vt 0.0515 0.0981
vt 0.0000 0.0000
vt 0.0472 0.0000
vt -0.0043 0.0981
vt 0.0000 0.0000
vt 0.0394 0.0000
vt -0.0231 0.0954
vt 0.0000 0.0000
vt 0.0394 -0.0000
vt 0.0625 0.0955
vt 0.0000 0.0000
vt 0.0681 0.0000
vt -0.0938 0.0649
vt 0.0000 0.0000
vt 0.0681 -0.0000
vt 0.1619 0.0650
vt 0.0000 0.0000
vt 0.0440 0.0000
vt -0.1274 0.1190
vt 0.0000 0.0000
vt 0.0440 0.0000
vt 0.1714 0.1191
vt 0.0000 0.0000
vt 0.0316 0.0000
vt 0.1769 0.1107
vt 0.0000 0.0000
vt 0.0316 -0.0000
vt -0.1453 0.1108
vt 0.0000 0.0000
vt 0.0194 0.0000
vt -0.0209 0.1815
vt 0.0000 0.0000
vt 0.0194 -0.0000
vt 0.0403 0.1815
vt 0.0000 0.0000
vt 0.0279 -0.0000
vt 0.1341 0.1287
vt 0.0000 0.0000
vt 0.0279 -0.0000
vt -0.1063 0.1288
vt 0.0000 0.0000
vt 0.0233 0.0000
vt -0.0524 0.1585
vt 0.0000 0.0000
vt 0.0233 0.0000
vt 0.0757 0.1585
vt 0.0000 0.0000
vt 0.0295 0.0000
vt 0.1246 0.1238
vt 0.0000 0.0000
vt 0.0295 0.0000
vt -0.0951 0.1238
vt 0.0000 0.0000
vt 0.0214 -0.0000
vt 0.0342 0.1523
vt 0.0000 0.0000
vt 0.0214 0.0000
vt -0.0128 0.1523
vt 0.0000 0.0000
vt 0.0217 -0.0000
vt -0.0282 0.1502
vt 0.0000 0.0000
vt 0.0217 -0.0000
vt 0.0498 0.1503
vt 0.0000 0.0000
vt 0.0637 -0.0000
vt 0.1142 0.1096
vt 0.0000 0.0000
vt 0.0637 -0.0000
vt -0.0505 0.1096
vt 0.0000 0.0000
vt 0.0685 0.0000
vt 0.0563 0.1067
vt 0.0000 0.0000
vt 0.0685 -0.0000
vt 0.0122 0.1068
vt 0.0000 0.0000
vt 0.0686 0.0000
vt -0.0103 0.1069
vt 0.0000 0.0000
vt 0.0686 0.0000
vt 0.0789 0.1070
vt 0.0000 0.0000
vt 0.0672 0.0000
vt -0.0779 0.1077
vt 0.0000 0.0000
vt 0.0672 -0.0000
vt 0.1451 0.1077
vt 0.0000 0.0000
vt 0.0652 0.0000
vt -0.1445 0.1084
vt 0.0000 0.0000
vt 0.0652 0.0000
vt 0.2097 0.1085
vt 0.0000 0.0000
vt 0.0427 0.0000
vt 0.1918 0.1376
vt 0.0000 0.0000
vt 0.0427 -0.0000
vt -0.1491 0.1377
vt 0.0000 0.0000
vt 0.0637 0.0000
vt 0.0007 0.4414
vt 0.0007 0.4535
vt 0.0000 0.0000
vt 0.0637 0.0000
vt -0.0003 0.4550
vt 0.0004 0.4502
vt 0.0000 0.0000
vt 0.0637 0.0000
vt 0.0007 0.4582
vt 0.0007 0.4638
vt 0.0000 0.0000
vt 0.0637 0.0000
vt -0.0003 0.4449
vt 0.0004 0.4668
vt 0.0000 0.0000
vt 0.0637 0.0000
vt 0.0226 0.4419
vt 0.0226 0.4490
vt 0.0000 0.0000
vt 0.0637 0.0000
vt -0.0969 0.4344
vt -0.0965 0.4378
vt 0.0000 0.0000
vt 0.0637 0.0000
vt -0.0225 0.4565
vt -0.0225 0.4669
vt 0.0000 0.0000
vt 0.0637 -0.0000
vt 0.0976 0.4439
vt 0.0980 0.4584
vt 0.0000 0.0000
vt 0.0637 -0.0000
vt -0.0135 0.4410
vt -0.0135 0.4625
vt 0.0000 0.0000
vt 0.0637 0.0000
vt -0.0394 0.4380
vt -0.0397 0.4500
vt 0.0000 0.0000
vt 0.0637 0.0000
vt 0.0135 0.4585
vt 0.0135 0.4541
vt 0.0000 0.0000
vt 0.0637 0.0000
vt 0.0425 0.4578
vt 0.0422 0.4636
vt 0.0000 0.0000
vt 0.0637 0.0000
vt 0.0941 0.4481
vt 0.0941 0.4570
vt 0.0000 0.0000
vt 0.0637 -0.0000
vt 0.0210 0.4442
vt 0.0216 0.4530
vt 0.0000 0.0000
vt 0.0637 0.0000
vt -0.0927 0.4318
vt -0.0927 0.4410
vt 0.0000 0.0000
vt 0.0637 -0.0000
vt -0.0215 0.4544
vt -0.0209 0.4631
vt 0.0000 0.0000
vt 0.0637 0.0000
vt 0.0637 0.0637
vt 0.0000 0.0637
vt 0.0000 0.0000
vt 0.0637 0.0000
vt 0.0637 0.0637
vt -0.0000 0.0637
vt 0.0000 0.0000
vt 0.0819 0.0000
vt 0.0003 0.2094
vt 0.0003 0.2304
vt 0.0000 0.0000
vt 0.0819 0.0000
vt 0.0007 0.2198
vt -0.0003 0.2382
vt 0.0000 0.0000
vt 0.0819 0.0000
vt 0.0003 0.2131
vt 0.0003 0.2475
vt 0.0000 0.0000
vt 0.0819 -0.0000
vt 0.0007 0.2029
vt -0.0003 0.2399
vt 0.0000 0.0000
vt 0.0819 0.0000
vt -0.0225 0.2063
vt -0.0225 0.2336
vt 0.0000 0.0000
vt 0.0819 -0.0000
vt -0.0271 0.2051
vt -0.0273 0.2422
vt 0.0000 0.0000
vt 0.0819 0.0000
vt 0.0225 0.2136
vt 0.0225 0.2424
vt 0.0000 0.0000
vt 0.0819 0.0000
vt 0.0278 0.2140
vt 0.0276 0.2329
vt 0.0000 0.0000
vt 0.0819 -0.0000
vt -0.0031 0.2306
vt -0.0031 0.2426
vt 0.0000 0.0000
vt 0.0819 0.0000
vt 0.0281 0.2180
vt 0.0323 0.2567
vt 0.0000 0.0000
vt 0.0819 0.0000
vt 0.0042 0.1928
vt 0.0042 0.2358
vt 0.0000 0.0000
vt 0.0819 0.0000
vt -0.0281 0.2010
vt -0.0239 0.2179
vt 0.0000 0.0000
vt 0.0819 0.0000
vt -0.0433 0.2058
vt -0.0433 0.2342
vt 0.0000 0.0000
vt 0.0819 -0.0000
vt 0.0415 0.2233
vt 0.0387 0.2498
vt 0.0000 0.0000
vt 0.0819 0.0000
vt 0.0448 0.2073
vt 0.0448 0.2355
vt 0.0000 0.0000
vt 0.0819 -0.0000
vt -0.0373 0.1915
vt -0.0402 0.2205
vt 0.0000 0.0000
vt 0.0819 0.0000
vt 0.0819 0.0819
vt 0.0000 0.0819
vt 0.0000 0.0000
vt 0.0819 0.0000
vt 0.0819 0.0819
vt 0.0000 0.0819
vt 0.0000 0.0000
vt 0.0701 0.0000
vt 0.0002 0.6247
vt 0.0002 0.6348
vt 0.0000 0.0000
vt 0.0701 0.0000
vt 0.0001 0.6174
vt -0.0001 0.6324
vt 0.0000 0.0000
vt 0.0701 0.0000
vt 0.0002 0.6197
vt 0.0002 0.6251
vt 0.0000 0.0000
vt 0.0701 -0.0000
vt 0.0001 0.6271
vt -0.0001 0.6275
vt 0.0000 0.0000
vt 0.0701 0.0000
vt 0.0215 0.6330
vt 0.0215 0.6252
vt 0.0000 0.0000
vt 0.0701 0.0000
vt 0.0678 0.6303
vt 0.0676 0.6351
vt 0.0000 0.0000
vt 0.0701 -0.0000
vt -0.0215 0.6110
vt -0.0215 0.6338
vt 0.0000 0.0000
vt 0.0701 -0.0000
vt -0.0638 0.6071
vt -0.0640 0.6181
vt 0.0000 0.0000
vt 0.0701 0.0000
vt -0.1369 0.5928
vt -0.1369 0.6095
vt 0.0000 0.0000
vt 0.0701 -0.0000
vt -0.0273 0.6240
vt -0.0245 0.6311
vt 0.0000 0.0000
vt 0.0701 -0.0000
vt 0.1389 0.6208
vt 0.1389 0.6201
vt 0.0000 0.0000
vt 0.0701 0.0000
vt 0.0255 0.6192
vt 0.0282 0.6278
vt 0.0000 0.0000
vt 0.0701 -0.0000
vt 0.0760 0.6214
vt 0.0760 0.6292
vt 0.0000 0.0000
vt 0.0701 -0.0000
vt -0.0077 0.6174
vt -0.0078 0.6253
vt 0.0000 0.0000
vt 0.0701 -0.0000
vt -0.0755 0.6137
vt -0.0755 0.6216
vt 0.0000 0.0000
vt 0.0701 -0.0000
vt 0.0078 0.6268
vt 0.0077 0.6346
vt 0.0000 0.0000
vt 0.0701 0.0000
vt 0.0701 0.0701
vt -0.0000 0.0701
vt 0.0000 0.0000
vt 0.0701 -0.0000
vt 0.0701 0.0701
vt -0.0000 0.0701
vt 0.0000 0.0000
vt 0.3787 0.0000
vt 0.3770 0.0809
vt -0.0016 0.0811
vt 0.0000 0.0000
vt 0.2964 0.0000
vt 0.2987 0.0811
vt 0.0022 0.0808
vt 0.0000 0.0000
vt 0.3409 0.0000
vt 0.3426 0.0813
vt 0.0017 0.0811
vt 0.0000 0.0000
vt 0.3439 0.0000
vt 0.3444 0.0814
vt 0.0005 0.0814
vt 0.0000 0.0000
vt 0.3445 -0.0000
vt 0.3450 0.0815
vt 0.0005 0.0814
vt 0.0000 0.0000
vt 0.1752 0.0000
vt 0.1752 0.0815
vt -0.0000 0.0815
vt 0.0000 0.0000
vt 0.1826 -0.0000
vt 0.1822 0.0815
vt -0.0004 0.0815
vt 0.0000 0.0000
vt 0.1810 0.0000
vt 0.1804 0.0814
vt -0.0006 0.0815
vt 0.0000 0.0000
vt 0.1785 0.0000
vt 0.1774 0.0813
vt -0.0010 0.0814
vt 0.0000 0.0000
vt 0.2012 0.0000
vt 0.1996 0.0812
vt -0.0016 0.0813
vt 0.0000 0.0000
vt 0.1691 0.0000
vt 0.1703 0.0813
vt 0.0012 0.0812
vt 0.0000 0.0000
vt 0.2514 0.0000
vt 0.2500 0.0811
vt -0.0014 0.0813
vt 0.0000 0.0000
vt 0.2944 0.0000
vt 0.2953 0.0813
vt 0.0009 0.0812
vt 0.0000 0.0000
vt 0.3519 0.0000
vt 0.3524 0.0813
vt 0.0005 0.0813
vt 0.0000 0.0000
vt 0.3469 0.0000
vt 0.3481 0.0815
vt 0.0012 0.0813
vt 0.0000 0.0000
vt 0.2722 0.0000
vt 0.2720 0.0815
vt -0.0002 0.0815
vt 0.0000 0.0000
vt 0.1395 -0.0000
vt 0.1397 0.0815
vt 0.0002 0.0815
vt 0.0000 0.0000
vt 0.1413 0.0000
vt 0.1411 0.0815
vt -0.0002 0.0815
vt 0.0000 0.0000
vt 0.1475 0.0000
vt 0.1472 0.0814
vt -0.0004 0.0815
vt 0.0000 0.0000
vt 0.1408 0.0000
vt 0.1403 0.0814
vt -0.0006 0.0814
vt 0.0000 0.0000
vt 0.1637 0.0000
vt 0.1623 0.0813
vt -0.0014 0.0814
vt 0.0000 0.0000
vt 0.1312 -0.0000
vt 0.1300 0.0813
vt -0.0012 0.0813
vt 0.0000 0.0000
vt 0.2505 -0.0000
vt 0.2505 0.0813
vt -0.0000 0.0813
vt 0.0000 0.0000
vt 0.2613 0.0000
vt 0.2604 0.0812
vt -0.0009 0.0813
vt 0.0000 0.0000
vt 0.2664 -0.0000
vt 0.2658 0.0811
vt -0.0005 0.0812
vt 0.0000 0.0000
vt 0.3787 0.0000
vt -0.0024 0.2616
vt -0.2372 0.2616
vt 0.0000 0.0000
vt 0.3787 -0.0000
vt 0.6159 0.2616
vt 0.3811 0.2617
vt 0.0000 0.0000
vt 0.2964 0.0000
vt 0.4743 0.3595
vt 0.2906 0.3595
vt 0.0000 0.0000
vt 0.2964 -0.0000
vt 0.0058 0.3595
vt -0.1779 0.3595
vt 0.0000 0.0000
vt 0.3409 0.0000
vt 0.4606 0.3142
vt 0.2492 0.3142
vt 0.0000 0.0000
vt 0.3409 0.0000
vt 0.0916 0.3143
vt -0.1197 0.3142
vt 0.0000 0.0000
vt 0.3439 0.0000
vt 0.2049 0.3361
vt -0.0083 0.3361
vt 0.0000 0.0000
vt 0.3439 0.0000
vt 0.3521 0.3362
vt 0.1389 0.3361
vt 0.0000 0.0000
vt 0.3445 -0.0000
vt 0.4476 0.2785
vt 0.2339 0.2785
vt 0.0000 0.0000
vt 0.3445 0.0000
vt 0.1106 0.2785
vt -0.1030 0.2785
vt 0.0000 0.0000
vt 0.1752 0.0000
vt 0.2568 0.2573
vt 0.1482 0.2573
vt 0.0000 0.0000
vt 0.1752 -0.0000
vt 0.0270 0.2573
vt -0.0816 0.2573
vt 0.0000 0.0000
vt 0.1826 0.0000
vt 0.2122 0.2511
vt 0.0990 0.2511
vt 0.0000 0.0000
vt 0.1826 0.0000
vt 0.0836 0.2512
vt -0.0296 0.2512
vt 0.0000 0.0000
vt 0.1810 0.0000
vt 0.1558 0.2491
vt 0.0436 0.2491
vt 0.0000 0.0000
vt 0.1810 0.0000
vt 0.1375 0.2491
vt 0.0253 0.2491
vt 0.0000 0.0000
vt 0.1785 -0.0000
vt 0.0744 0.2477
vt -0.0363 0.2477
vt 0.0000 0.0000
vt 0.1785 0.0000
vt 0.2148 0.2478
vt 0.1041 0.2478
vt 0.0000 0.0000
vt 0.2012 0.0000
vt -0.0166 0.2285
vt -0.1414 0.2285
vt 0.0000 0.0000
vt 0.2012 -0.0000
vt 0.3426 0.2286
vt 0.2179 0.2286
vt 0.0000 0.0000
vt 0.1691 -0.0000
vt 0.3374 0.2135
vt 0.2326 0.2135
vt 0.0000 0.0000
vt 0.1691 0.0000
vt -0.0635 0.2136
vt -0.1683 0.2136
vt 0.0000 0.0000
vt 0.2515 0.0000
vt 0.0066 0.2272
vt -0.1493 0.2272
vt 0.0000 0.0000
vt 0.2514 0.0000
vt 0.4008 0.2273
vt 0.2449 0.2273
vt 0.0000 0.0000
vt 0.2944 0.0000
vt 0.2987 0.3132
vt 0.1162 0.3132
vt 0.0000 0.0000
vt 0.2944 0.0000
vt 0.1782 0.3133
vt -0.0043 0.3132
vt 0.0000 0.0000
vt 0.3519 0.0000
vt 0.2086 0.3131
vt -0.0095 0.3131
vt 0.0000 0.0000
vt 0.3519 0.0000
vt 0.3614 0.3131
vt 0.1433 0.3131
vt 0.0000 0.0000
vt 0.3469 -0.0000
vt 0.4651 0.2367
vt 0.2500 0.2367
vt 0.0000 0.0000
vt 0.3469 -0.0000
vt 0.0969 0.2367
vt -0.1182 0.2367
vt 0.0000 0.0000
vt 0.2722 0.0000
vt 0.0115 0.2127
vt -0.1573 0.2127
vt 0.0000 0.0000
vt 0.2722 0.0000
vt 0.4295 0.2128
vt 0.2607 0.2128
vt 0.0000 0.0000
vt 0.1395 0.0000
vt 0.2247 0.3068
vt 0.1382 0.3068
vt 0.0000 0.0000
vt 0.1395 0.0000
vt 0.0012 0.3068
vt -0.0852 0.3068
vt 0.0000 0.0000
vt 0.1413 -0.0000
vt 0.1415 0.3138
vt 0.0539 0.3138
vt 0.0000 0.0000
vt 0.1413 0.0000
vt 0.0875 0.3138
vt -0.0001 0.3138
vt 0.0000 0.0000
vt 0.1475 -0.0000
vt 0.1774 0.3018
vt 0.0860 0.3018
vt 0.0000 0.0000
vt 0.1475 0.0000
vt 0.0616 0.3018
vt -0.0299 0.3018
vt 0.0000 0.0000
vt 0.1408 0.0000
vt 0.1558 0.2955
vt 0.0685 0.2955
vt 0.0000 0.0000
vt 0.1408 -0.0000
vt 0.0724 0.2955
vt -0.0149 0.2955
vt 0.0000 0.0000
vt 0.1637 -0.0000
vt -0.0421 0.2587
vt -0.1436 0.2587
vt 0.0000 0.0000
vt 0.1637 -0.0000
vt 0.3073 0.2587
vt 0.2058 0.2587
vt 0.0000 0.0000
vt 0.1312 -0.0000
vt 0.0476 0.3288
vt -0.0338 0.3288
vt 0.0000 0.0000
vt 0.1312 -0.0000
vt 0.1650 0.3288
vt 0.0837 0.3289
vt 0.0000 0.0000
vt 0.2505 -0.0000
vt 0.3244 0.2942
vt 0.1690 0.2942
vt 0.0000 0.0000
vt 0.2505 -0.0000
vt 0.0815 0.2942
vt -0.0738 0.2942
vt 0.0000 0.0000
vt 0.2613 -0.0000
vt 0.1389 0.3024
vt -0.0231 0.3024
vt 0.0000 0.0000
vt 0.2613 -0.0000
vt 0.2844 0.3025
vt 0.1224 0.3025
vt 0.0000 0.0000
vt 0.2664 0.0000
vt 0.1258 0.3239
vt -0.0393 0.3239
vt 0.0000 0.0000
vt 0.2664 -0.0000
vt 0.3057 0.3240
vt 0.1406 0.3240
vt 0.0000 0.0000
vt 0.2347 -0.0000
vt -0.0861 0.2203
vt -0.1996 0.2203
vt 0.0000 0.0000
vt 0.2347 -0.0000
vt 0.4344 0.2203
vt 0.3208 0.2203
vt 0.0000 0.0000
vt 0.1837 0.0000
vt 0.3334 0.3027
vt 0.2445 0.3027
vt 0.0000 0.0000
vt 0.1837 -0.0000
vt -0.0608 0.3027
vt -0.1497 0.3027
vt 0.0000 0.0000
vt 0.2113 0.0000
vt 0.3121 0.2646
vt 0.2098 0.2646
vt 0.0000 0.0000
vt 0.2113 0.0000
vt 0.0015 0.2646
vt -0.1007 0.2646
vt 0.0000 0.0000
vt 0.2132 -0.0000
vt 0.0962 0.2830
vt -0.0070 0.2830
vt 0.0000 0.0000
vt 0.2132 0.0000
vt 0.2202 0.2830
vt 0.1170 0.2830
vt 0.0000 0.0000
vt 0.2136 -0.0000
vt 0.3004 0.2345
vt 0.1970 0.2345
vt 0.0000 0.0000
vt 0.2136 0.0000
vt 0.0166 0.2345
vt -0.0868 0.2345
vt 0.0000 0.0000
vt 0.1086 -0.0000
vt 0.1774 0.2167
vt 0.1248 0.2167
vt 0.0000 0.0000
vt 0.1086 0.0000
vt -0.0162 0.2167
vt -0.0687 0.2167
vt 0.0000 0.0000
vt 0.1132 0.0000
vt 0.1381 0.2115
vt 0.0834 0.2115
vt 0.0000 0.0000
vt 0.1132 -0.0000
vt 0.0298 0.2115
vt -0.0249 0.2115
vt 0.0000 0.0000
vt 0.1122 -0.0000
vt 0.0910 0.2097
vt 0.0367 0.2097
vt 0.0000 0.0000
vt 0.1122 0.0000
vt 0.0755 0.2097
vt 0.0212 0.2097
vt 0.0000 0.0000
vt 0.1107 0.0000
vt 0.0230 0.2086
vt -0.0305 0.2086
vt 0.0000 0.0000
vt 0.1107 -0.0000
vt 0.1412 0.2086
vt 0.0876 0.2086
vt 0.0000 0.0000
vt 0.1248 -0.0000
vt -0.0586 0.1924
vt -0.1190 0.1924
vt 0.0000 0.0000
vt 0.1248 -0.0000
vt 0.2437 0.1924
vt 0.1834 0.1924
vt 0.0000 0.0000
vt 0.1048 -0.0000
vt 0.2465 0.1798
vt 0.1958 0.1798
vt 0.0000 0.0000
vt 0.1048 -0.0000
vt -0.0910 0.1798
vt -0.1417 0.1798
vt 0.0000 0.0000
vt 0.1559 0.0000
vt -0.0503 0.1913
vt -0.1257 0.1913
vt 0.0000 0.0000
vt 0.1559 0.0000
vt 0.2816 0.1913
vt 0.2061 0.1913
vt 0.0000 0.0000
vt 0.1825 0.0000
vt 0.1861 0.2637
vt 0.0978 0.2637
vt 0.0000 0.0000
vt 0.1825 -0.0000
vt 0.0847 0.2637
vt -0.0036 0.2637
vt 0.0000 0.0000
vt 0.2182 0.0000
vt 0.0975 0.2636
vt -0.0081 0.2636
vt 0.0000 0.0000
vt 0.2182 -0.0000
vt 0.2262 0.2636
vt 0.1207 0.2636
vt 0.0000 0.0000
vt 0.2151 0.0000
vt 0.3146 0.1993
vt 0.2105 0.1993
vt 0.0000 0.0000
vt 0.2151 0.0000
vt 0.0046 0.1993
vt -0.0995 0.1993
vt 0.0000 0.0000
vt 0.1688 0.0000
vt -0.0508 0.1791
vt -0.1324 0.1791
vt 0.0000 0.0000
vt 0.1688 0.0000
vt 0.3012 0.1791
vt 0.2195 0.1791
vt 0.0000 0.0000
vt 0.0865 0.0000
vt 0.1582 0.2583
vt 0.1164 0.2583
vt 0.0000 0.0000
vt 0.0865 -0.0000
vt -0.0299 0.2583
vt -0.0718 0.2583
vt 0.0000 0.0000
vt 0.0876 -0.0000
vt 0.0877 0.2643
vt 0.0454 0.2643
vt 0.0000 0.0000
vt 0.0876 0.0000
vt 0.0423 0.2643
vt -0.0001 0.2643
vt 0.0000 0.0000
vt 0.0915 -0.0000
vt 0.1167 0.2542
vt 0.0724 0.2542
vt 0.0000 0.0000
vt 0.0915 -0.0000
vt 0.0191 0.2542
vt -0.0252 0.2542
vt 0.0000 0.0000
vt 0.0873 -0.0000
vt 0.0999 0.2488
vt 0.0577 0.2488
vt 0.0000 0.0000
vt 0.0873 0.0000
vt 0.0296 0.2488
vt -0.0126 0.2488
vt 0.0000 0.0000
vt 0.1015 -0.0000
vt -0.0718 0.2178
vt -0.1209 0.2178
vt 0.0000 0.0000
vt 0.1015 0.0000
vt 0.2223 0.2178
vt 0.1733 0.2178
vt 0.0000 0.0000
vt 0.0813 0.0000
vt 0.0110 0.2769
vt -0.0284 0.2769
vt 0.0000 0.0000
vt 0.0813 -0.0000
vt 0.1097 0.2769
vt 0.0704 0.2769
vt 0.0000 0.0000
vt 0.1553 -0.0000
vt 0.2175 0.2477
vt 0.1423 0.2477
vt 0.0000 0.0000
vt 0.1553 -0.0000
vt 0.0130 0.2477
vt -0.0622 0.2477
vt 0.0000 0.0000
vt 0.1620 0.0000
vt 0.0589 0.2546
vt -0.0194 0.2546
vt 0.0000 0.0000
vt 0.1620 0.0000
vt 0.1814 0.2546
vt 0.1030 0.2546
vt 0.0000 0.0000
vt 0.1652 -0.0000
vt 0.0468 0.2727
vt -0.0331 0.2727
vt 0.0000 0.0000
vt 0.1652 -0.0000
vt 0.1982 0.2727
vt 0.1183 0.2727
vt 0.0000 0.0000
vt 0.1136 -0.0000
vt -0.1871 0.2065
vt 0.0000 0.0000
vt 0.1136 0.0000
vt 0.3007 0.2065
vt 0.0000 0.0000
vt 0.0889 -0.0000
vt 0.2292 0.2838
vt 0.0000 0.0000
vt 0.0889 0.0000
vt -0.1403 0.2838
vt 0.0000 0.0000
vt 0.1023 0.0000
vt 0.1967 0.2481
vt 0.0000 0.0000
vt 0.1023 0.0000
vt -0.0944 0.2481
vt 0.0000 0.0000
vt 0.1032 0.0000
vt -0.0066 0.2653
vt 0.0000 0.0000
vt 0.1032 0.0000
vt 0.1097 0.2654
vt 0.0000 0.0000
vt 0.1034 0.0000
vt 0.1847 0.2198
vt 0.0000 0.0000
vt 0.1034 0.0000
vt -0.0813 0.2199
vt 0.0000 0.0000
vt 0.0526 -0.0000
vt 0.1170 0.2031
vt 0.0000 0.0000
vt 0.0526 0.0000
vt -0.0645 0.2032
vt 0.0000 0.0000
vt 0.0548 0.0000
vt 0.0782 0.1982
vt 0.0000 0.0000
vt 0.0548 0.0000
vt -0.0234 0.1983
vt 0.0000 0.0000
vt 0.0543 0.0000
vt 0.0344 0.1966
vt 0.0000 0.0000
vt 0.0543 -0.0000
vt 0.0199 0.1967
vt 0.0000 0.0000
vt 0.0535 -0.0000
vt -0.0286 0.1956
vt 0.0000 0.0000
vt 0.0535 -0.0000
vt 0.0821 0.1956
vt 0.0000 0.0000
vt 0.0604 -0.0000
vt -0.1115 0.1804
vt 0.0000 0.0000
vt 0.0604 0.0000
vt 0.1719 0.1805
vt 0.0000 0.0000
vt 0.0507 -0.0000
vt 0.1835 0.1686
vt 0.0000 0.0000
vt 0.0507 0.0000
vt -0.1328 0.1686
vt 0.0000 0.0000
vt 0.0754 -0.0000
vt -0.1178 0.1794
vt 0.0000 0.0000
vt 0.0754 -0.0000
vt 0.1932 0.1794
vt 0.0000 0.0000
vt 0.0883 0.0000
vt 0.0917 0.2472
vt 0.0000 0.0000
vt 0.0883 0.0000
vt -0.0033 0.2472
vt 0.0000 0.0000
vt 0.1056 0.0000
vt -0.0076 0.2471
vt 0.0000 0.0000
vt 0.1056 0.0000
vt 0.1131 0.2471
vt 0.0000 0.0000
vt 0.1041 0.0000
vt 0.1973 0.1869
vt 0.0000 0.0000
vt 0.1041 0.0000
vt -0.0933 0.1869
vt 0.0000 0.0000
vt 0.0817 -0.0000
vt -0.1242 0.1679
vt 0.0000 0.0000
vt 0.0817 -0.0000
vt 0.2058 0.1680
vt 0.0000 0.0000
vt 0.0418 0.0000
vt 0.1091 0.2422
vt 0.0000 0.0000
vt 0.0418 -0.0000
vt -0.0673 0.2422
vt 0.0000 0.0000
vt 0.0424 0.0000
vt 0.0425 0.2477
vt 0.0000 0.0000
vt 0.0424 0.0000
vt -0.0001 0.2478
vt 0.0000 0.0000
vt 0.0443 0.0000
vt 0.0679 0.2383
vt 0.0000 0.0000
vt 0.0443 0.0000
vt -0.0236 0.2383
vt 0.0000 0.0000
vt 0.0422 -0.0000
vt 0.0541 0.2332
vt 0.0000 0.0000
vt 0.0422 0.0000
vt -0.0118 0.2333
vt 0.0000 0.0000
vt 0.0491 -0.0000
vt -0.1133 0.2042
vt 0.0000 0.0000
vt 0.0491 0.0000
vt 0.1624 0.2043
vt 0.0000 0.0000
vt 0.0394 -0.0000
vt -0.0266 0.2596
vt 0.0000 0.0000
vt 0.0394 0.0000
vt 0.0660 0.2596
vt 0.0000 0.0000
vt 0.0752 -0.0000
vt 0.1334 0.2322
vt 0.0000 0.0000
vt 0.0752 -0.0000
vt -0.0583 0.2322
vt 0.0000 0.0000
vt 0.0784 -0.0000
vt -0.0182 0.2387
vt 0.0000 0.0000
vt 0.0784 0.0000
vt 0.0966 0.2387
vt 0.0000 0.0000
vt 0.0799 -0.0000
vt -0.0310 0.2556
vt 0.0000 0.0000
vt 0.0799 -0.0000
vt 0.1109 0.2557
vt 0.0000 0.0000
vt 0.0640 0.0000
vt 0.0009 0.2441
vt 0.0009 0.2690
vt 0.0000 0.0000
vt 0.0640 0.0000
vt 0.0017 0.2295
vt -0.0008 0.2589
vt 0.0000 0.0000
vt 0.0640 -0.0000
vt 0.0009 0.2387
vt 0.0009 0.2445
vt 0.0000 0.0000
vt 0.0640 0.0000
vt 0.0017 0.2538
vt -0.0008 0.2549
vt 0.0000 0.0000
vt 0.0640 0.0000
vt 0.0412 0.2400
vt 0.0412 0.2630
vt 0.0000 0.0000
vt 0.0640 0.0000
vt 0.0575 0.2391
vt 0.0571 0.2417
vt 0.0000 0.0000
vt 0.0640 0.0000
vt -0.0411 0.2356
vt -0.0411 0.2442
vt 0.0000 0.0000
vt 0.0640 -0.0000
vt -0.0567 0.2304
vt -0.0571 0.2594
vt 0.0000 0.0000
vt 0.0640 -0.0000
vt 0.0314 0.2333
vt 0.0314 0.2573
vt 0.0000 0.0000
vt 0.0640 0.0000
vt -0.0505 0.2186
vt -0.0542 0.2368
vt 0.0000 0.0000
vt 0.0640 -0.0000
vt -0.0305 0.2454
vt -0.0305 0.2524
vt 0.0000 0.0000
vt 0.0640 -0.0000
vt 0.0583 0.2515
vt 0.0547 0.2650
vt 0.0000 0.0000
vt 0.0640 0.0000
vt 0.0347 0.2445
vt 0.0347 0.2602
vt 0.0000 0.0000
vt 0.0640 -0.0000
vt 0.0088 0.2377
vt 0.0091 0.2538
vt 0.0000 0.0000
vt 0.0640 -0.0000
vt -0.0340 0.2331
vt -0.0340 0.2495
vt 0.0000 0.0000
vt 0.0640 -0.0000
vt -0.0090 0.2444
vt -0.0087 0.2601
vt 0.0000 0.0000
vt 0.0640 -0.0000
vt 0.0640 0.0640
vt 0.0000 0.0640
vt 0.0000 0.0000
vt 0.0640 -0.0000
vt 0.0640 0.0640
vt -0.0000 0.0640
vt 0.0000 0.0000
vt 0.0878 0.0000
vt 0.0000 0.6120
vt 0.0000 0.6285
vt 0.0000 0.0000
vt 0.0878 0.0000
vt 0.0001 0.6109
vt 0.0000 0.6243
vt 0.0000 0.0000
vt 0.0878 0.0000
vt 0.0000 0.6151
vt 0.0000 0.6232
vt 0.0000 0.0000
vt 0.0878 0.0000
vt 0.0001 0.6162
vt 0.0000 0.6275
vt 0.0000 0.0000
vt 0.0878 0.0000
vt 0.0301 0.6256
vt 0.0301 0.6202
vt 0.0000 0.0000
vt 0.0878 -0.0000
vt 0.0075 0.6196
vt 0.0089 0.6342
vt 0.0000 0.0000
vt 0.0878 0.0000
vt -0.0298 0.6006
vt -0.0298 0.6301
vt 0.0000 0.0000
vt 0.0878 0.0000
vt -0.0069 0.6074
vt -0.0054 0.6175
vt 0.0000 0.0000
vt 0.0878 0.0000
vt -0.1246 0.5963
vt -0.1246 0.6099
vt 0.0000 0.0000
vt 0.0878 0.0000
vt 0.0175 0.6194
vt 0.0173 0.6386
vt 0.0000 0.0000
vt 0.0878 0.0000
vt 0.1252 0.6051
vt 0.1252 0.6166
vt 0.0000 0.0000
vt 0.0878 0.0000
vt -0.0173 0.6073
vt -0.0175 0.6123
vt 0.0000 0.0000
vt 0.0878 0.0000
vt 0.0069 0.6178
vt 0.0069 0.6300
vt 0.0000 0.0000
vt 0.0878 -0.0000
vt 0.0528 0.6146
vt 0.0529 0.6268
vt 0.0000 0.0000
vt 0.0878 0.0000
vt -0.0069 0.6092
vt -0.0069 0.6216
vt 0.0000 0.0000
vt 0.0878 -0.0000
vt -0.0526 0.6080
vt -0.0525 0.6204
vt 0.0000 0.0000
vt 0.0878 0.0000
vt 0.0878 0.0878
vt -0.0000 0.0878
vt 0.0000 0.0000
vt 0.0878 -0.0000
vt 0.0878 0.0878
vt -0.0000 0.0878
vt 0.0000 0.0000
vt 0.2782 0.0000
vt 0.2832 0.0776
vt 0.0050 0.0771
vt 0.0000 0.0000
vt 0.1734 0.0000
vt 0.1693 0.0774
vt -0.0041 0.0777
vt 0.0000 0.0000
vt 0.1694 0.0000
vt 0.1736 0.0777
vt 0.0041 0.0774
vt 0.0000 0.0000
vt 0.2552 0.0000
vt 0.2588 0.0781
vt 0.0035 0.0777
vt 0.0000 0.0000
vt 0.2863 -0.0000
vt 0.2883 0.0783
vt 0.0020 0.0781
vt 0.0000 0.0000
vt 0.2571 0.0000
vt 0.2576 0.0784
vt 0.0005 0.0784
vt 0.0000 0.0000
vt 0.2398 0.0000
vt 0.2388 0.0783
vt -0.0010 0.0784
vt 0.0000 0.0000
vt 0.2625 0.0000
vt 0.2602 0.0781
vt -0.0023 0.0783
vt 0.0000 0.0000
vt 0.1343 0.0000
vt 0.1326 0.0780
vt -0.0017 0.0781
vt 0.0000 0.0000
vt 0.1354 -0.0000
vt 0.1325 0.0778
vt -0.0029 0.0779
vt 0.0000 0.0000
vt 0.1364 0.0000
vt 0.1352 0.0778
vt -0.0012 0.0778
vt 0.0000 0.0000
vt 0.1295 0.0000
vt 0.1279 0.0777
vt -0.0016 0.0778
vt 0.0000 0.0000
vt 0.1321 0.0000
vt 0.1301 0.0776
vt -0.0020 0.0777
vt 0.0000 0.0000
vt 0.1148 0.0000
vt 0.1141 0.0776
vt -0.0007 0.0776
vt 0.0000 0.0000
vt 0.1742 0.0000
vt 0.1757 0.0776
vt 0.0015 0.0775
vt 0.0000 0.0000
vt 0.3796 0.0000
vt 0.3832 0.0781
vt 0.0036 0.0776
vt 0.0000 0.0000
vt 0.2128 -0.0000
vt 0.2142 0.0783
vt 0.0013 0.0782
vt 0.0000 0.0000
vt 0.3085 0.0000
vt 0.3098 0.0785
vt 0.0013 0.0783
vt 0.0000 0.0000
vt 0.4067 0.0000
vt 0.4063 0.0784
vt -0.0004 0.0785
vt 0.0000 0.0000
vt 0.2272 -0.0000
vt 0.2269 0.0784
vt -0.0003 0.0784
vt 0.0000 0.0000
vt 0.1967 0.0000
vt 0.1947 0.0782
vt -0.0019 0.0784
vt 0.0000 0.0000
vt 0.2316 0.0000
vt 0.2315 0.0782
vt -0.0001 0.0782
vt 0.0000 0.0000
vt 0.1949 0.0000
vt 0.1921 0.0780
vt -0.0028 0.0782
vt 0.0000 0.0000
vt 0.1312 0.0000
vt 0.1277 0.0778
vt -0.0035 0.0779
vt 0.0000 0.0000
vt 0.1857 0.0000
vt 0.1811 0.0773
vt -0.0047 0.0777
vt 0.0000 0.0000
vt 0.0849 0.0000
vt 0.0872 0.0775
vt 0.0023 0.0775
vt 0.0000 0.0000
vt 0.0631 0.0000
vt 0.0625 0.0775
vt -0.0005 0.0776
vt 0.0000 0.0000
vt 0.0712 0.0000
vt 0.0686 0.0774
vt -0.0026 0.0775
vt 0.0000 0.0000
vt 0.1277 0.0000
vt 0.1231 0.0771
vt -0.0046 0.0773
vt 0.0000 0.0000
vt 0.2782 -0.0000
vt 0.5382 0.0668
vt 0.3660 0.0667
vt 0.0000 0.0000
vt 0.2782 0.0000
vt -0.0875 0.0668
vt -0.2597 0.0674
vt 0.0000 0.0000
vt 0.1735 0.0000
vt -0.1450 0.0915
vt -0.2524 0.0915
vt 0.0000 0.0000
vt 0.1734 -0.0000
vt 0.4256 0.0917
vt 0.3182 0.0916
vt 0.0000 0.0000
vt 0.1694 0.0000
vt 0.3500 0.2229
vt 0.2451 0.2229
vt 0.0000 0.0000
vt 0.1694 -0.0000
vt -0.0755 0.2229
vt -0.1804 0.2229
vt 0.0000 0.0000
vt 0.2553 0.0000
vt 0.3880 0.1717
vt 0.2298 0.1717
vt 0.0000 0.0000
vt 0.2552 -0.0000
vt 0.0256 0.1717
vt -0.1325 0.1718
vt 0.0000 0.0000
vt 0.2863 -0.0000
vt 0.3431 0.1401
vt 0.1657 0.1401
vt 0.0000 0.0000
vt 0.2863 -0.0000
vt 0.1207 0.1402
vt -0.0568 0.1402
vt 0.0000 0.0000
vt 0.2571 0.0000
vt 0.1737 0.1506
vt 0.0143 0.1506
vt 0.0000 0.0000
vt 0.2571 -0.0000
vt 0.2428 0.1506
vt 0.0834 0.1506
vt 0.0000 0.0000
vt 0.2398 -0.0000
vt 0.1004 0.1652
vt -0.0483 0.1652
vt 0.0000 0.0000
vt 0.2398 -0.0000
vt 0.2880 0.1653
vt 0.1394 0.1653
vt 0.0000 0.0000
vt 0.2625 0.0000
vt 0.0032 0.1458
vt -0.1595 0.1459
vt 0.0000 0.0000
vt 0.2625 0.0000
vt 0.4219 0.1460
vt 0.2592 0.1459
vt 0.0000 0.0000
vt 0.1343 -0.0000
vt 0.2107 0.2689
vt 0.1274 0.2689
vt 0.0000 0.0000
vt 0.1343 -0.0000
vt 0.0067 0.2688
vt -0.0765 0.2688
vt 0.0000 0.0000
vt 0.1354 -0.0000
vt 0.0571 0.2783
vt -0.0268 0.2782
vt 0.0000 0.0000
vt 0.1354 -0.0000
vt 0.1620 0.2782
vt 0.0781 0.2782
vt 0.0000 0.0000
vt 0.1364 0.0000
vt 0.1508 0.2814
vt 0.0662 0.2814
vt 0.0000 0.0000
vt 0.1364 -0.0000
vt 0.0700 0.2812
vt -0.0145 0.2813
vt 0.0000 0.0000
vt 0.1295 0.0000
vt 0.0635 0.2813
vt -0.0168 0.2813
vt 0.0000 0.0000
vt 0.1295 0.0000
vt 0.1462 0.2811
vt 0.0659 0.2811
vt 0.0000 0.0000
vt 0.1321 0.0000
vt -0.0147 0.2724
vt -0.0966 0.2723
vt 0.0000 0.0000
vt 0.1321 0.0000
vt 0.2286 0.2722
vt 0.1467 0.2722
vt 0.0000 0.0000
vt 0.1148 -0.0000
vt 0.0040 0.3021
vt -0.0671 0.3021
vt 0.0000 0.0000
vt 0.1148 -0.0000
vt 0.1819 0.3018
vt 0.1107 0.3019
vt 0.0000 0.0000
vt 0.1742 0.0000
vt 0.1316 0.3208
vt 0.0237 0.3209
vt 0.0000 0.0000
vt 0.1742 0.0000
vt 0.1506 0.3207
vt 0.0426 0.3206
vt 0.0000 0.0000
vt 0.3796 -0.0000
vt 0.5337 0.1249
vt 0.2986 0.1249
vt 0.0000 0.0000
vt 0.3796 -0.0000
vt 0.0812 0.1249
vt -0.1539 0.1252
vt 0.0000 0.0000
vt 0.2128 0.0000
vt 0.0858 0.1929
vt -0.0461 0.1930
vt 0.0000 0.0000
vt 0.2128 0.0000
vt 0.2590 0.1929
vt 0.1271 0.1929
vt 0.0000 0.0000
vt 0.3085 0.0000
vt 0.0783 0.2015
vt -0.1130 0.2015
vt 0.0000 0.0000
vt 0.3085 -0.0000
vt 0.4216 0.2015
vt 0.2303 0.2015
vt 0.0000 0.0000
vt 0.4067 -0.0000
vt 0.5469 0.0820
vt 0.2948 0.0820
vt 0.0000 0.0000
vt 0.4067 0.0000
vt 0.1119 0.0821
vt -0.1402 0.0821
vt 0.0000 0.0000
vt 0.2272 -0.0000
vt 0.0410 0.1281
vt -0.0999 0.1281
vt 0.0000 0.0000
vt 0.2272 -0.0000
vt 0.3270 0.1282
vt 0.1862 0.1282
vt 0.0000 0.0000
vt 0.1967 -0.0000
vt 0.0941 0.2243
vt -0.0278 0.2243
vt 0.0000 0.0000
vt 0.1967 -0.0000
vt 0.2243 0.2243
vt 0.1024 0.2243
vt 0.0000 0.0000
vt 0.2316 -0.0000
vt 0.3558 0.1257
vt 0.2122 0.1257
vt 0.0000 0.0000
vt 0.2316 -0.0000
vt 0.0195 0.1257
vt -0.1242 0.1257
vt 0.0000 0.0000
vt 0.1949 -0.0000
vt -0.0173 0.1102
vt -0.1381 0.1102
vt 0.0000 0.0000
vt 0.1949 -0.0000
vt 0.3328 0.1104
vt 0.2120 0.1103
vt 0.0000 0.0000
vt 0.1312 0.0000
vt -0.0691 0.1859
vt -0.1504 0.1859
vt 0.0000 0.0000
vt 0.1312 -0.0000
vt 0.2814 0.1859
vt 0.2001 0.1859
vt 0.0000 0.0000
vt 0.1858 0.0000
vt -0.1403 0.0975
vt -0.2553 0.0976
vt 0.0000 0.0000
vt 0.1857 -0.0000
vt 0.4408 0.0979
vt 0.3258 0.0977
vt 0.0000 0.0000
vt 0.0849 0.0000
vt 0.2810 0.2523
vt 0.2284 0.2523
vt 0.0000 0.0000
vt 0.0849 -0.0000
vt -0.1433 0.2521
vt -0.1960 0.2521
vt 0.0000 0.0000
vt 0.0631 0.0000
vt 0.0665 0.3184
vt 0.0274 0.3184
vt 0.0000 0.0000
vt 0.0631 0.0000
vt 0.0357 0.3181
vt -0.0034 0.3181
vt 0.0000 0.0000
vt 0.0712 0.0000
vt -0.0896 0.2890
vt -0.1337 0.2890
vt 0.0000 0.0000
vt 0.0712 0.0000
vt 0.2047 0.2888
vt 0.1606 0.2888
vt 0.0000 0.0000
vt 0.1277 0.0000
vt -0.1954 0.1845
vt -0.2745 0.1844
vt 0.0000 0.0000
vt 0.1277 0.0000
vt 0.4019 0.1844
vt 0.3228 0.1844
vt 0.0000 0.0000
vt 0.1723 -0.0000
vt 0.3911 0.0562
vt 0.3078 0.0562
vt 0.0000 0.0000
vt 0.1722 0.0000
vt -0.1356 0.0562
vt -0.2189 0.0562
vt 0.0000 0.0000
vt 0.1074 0.0000
vt -0.1604 0.0771
vt -0.2124 0.0771
vt 0.0000 0.0000
vt 0.1074 -0.0000
vt 0.3199 0.0771
vt 0.2679 0.0771
vt 0.0000 0.0000
vt 0.1049 0.0000
vt 0.2568 0.1877
vt 0.2061 0.1877
vt 0.0000 0.0000
vt 0.1049 -0.0000
vt -0.1012 0.1877
vt -0.1519 0.1877
vt 0.0000 0.0000
vt 0.1582 0.0000
vt 0.2699 0.1446
vt 0.1934 0.1446
vt 0.0000 0.0000
vt 0.1582 0.0000
vt -0.0352 0.1446
vt -0.1117 0.1446
vt 0.0000 0.0000
vt 0.1774 0.0000
vt 0.2253 0.1180
vt 0.1395 0.1180
vt 0.0000 0.0000
vt 0.1774 -0.0000
vt 0.0379 0.1180
vt -0.0479 0.1180
vt 0.0000 0.0000
vt 0.1594 -0.0000
vt 0.0892 0.1268
vt 0.0121 0.1268
vt 0.0000 0.0000
vt 0.1594 -0.0000
vt 0.1473 0.1268
vt 0.0702 0.1268
vt 0.0000 0.0000
vt 0.1487 0.0000
vt 0.0313 0.1391
vt -0.0407 0.1391
vt 0.0000 0.0000
vt 0.1487 0.0000
vt 0.1893 0.1391
vt 0.1174 0.1391
vt 0.0000 0.0000
vt 0.1627 0.0000
vt -0.0556 0.1228
vt -0.1344 0.1228
vt 0.0000 0.0000
vt 0.1627 -0.0000
vt 0.2971 0.1228
vt 0.2184 0.1228
vt 0.0000 0.0000
vt 0.0832 -0.0000
vt 0.1477 0.2263
vt 0.1074 0.2263
vt 0.0000 0.0000
vt 0.0832 -0.0000
vt -0.0242 0.2264
vt -0.0644 0.2264
vt 0.0000 0.0000
vt 0.0839 0.0000
vt 0.0181 0.2343
vt -0.0224 0.2343
vt 0.0000 0.0000
vt 0.0839 0.0000
vt 0.1064 0.2343
vt 0.0658 0.2343
vt 0.0000 0.0000
vt 0.0845 -0.0000
vt 0.0968 0.2368
vt 0.0559 0.2368
vt 0.0000 0.0000
vt 0.0845 0.0000
vt 0.0287 0.2368
vt -0.0122 0.2369
vt 0.0000 0.0000
vt 0.0803 -0.0000
vt 0.0248 0.2367
vt -0.0140 0.2367
vt 0.0000 0.0000
vt 0.0803 -0.0000
vt 0.0943 0.2368
vt 0.0554 0.2368
vt 0.0000 0.0000
vt 0.0819 -0.0000
vt -0.0416 0.2292
vt -0.0812 0.2292
vt 0.0000 0.0000
vt 0.0819 -0.0000
vt 0.1631 0.2292
vt 0.1235 0.2292
vt 0.0000 0.0000
vt 0.0712 -0.0000
vt -0.0220 0.2541
vt -0.0565 0.2541
vt 0.0000 0.0000
vt 0.0712 0.0000
vt 0.1276 0.2542
vt 0.0932 0.2542
vt 0.0000 0.0000
vt 0.1080 -0.0000
vt 0.0720 0.2700
vt 0.0198 0.2700
vt 0.0000 0.0000
vt 0.1080 -0.0000
vt 0.0882 0.2700
vt 0.0360 0.2700
vt 0.0000 0.0000
vt 0.2352 -0.0000
vt 0.3649 0.1052
vt 0.2512 0.1052
vt 0.0000 0.0000
vt 0.2352 -0.0000
vt -0.0161 0.1052
vt -0.1298 0.1052
vt 0.0000 0.0000
vt 0.1319 -0.0000
vt 0.0249 0.1625
vt -0.0389 0.1625
vt 0.0000 0.0000
vt 0.1319 -0.0000
vt 0.1708 0.1625
vt 0.1070 0.1625
vt 0.0000 0.0000
vt 0.1913 -0.0000
vt -0.0026 0.1697
vt -0.0952 0.1697
vt 0.0000 0.0000
vt 0.1913 0.0000
vt 0.2864 0.1697
vt 0.1939 0.1697
vt 0.0000 0.0000
vt 0.2522 -0.0000
vt 0.3702 0.0690
vt 0.2482 0.0690
vt 0.0000 0.0000
vt 0.2522 0.0000
vt 0.0040 0.0691
vt -0.1181 0.0691
vt 0.0000 0.0000
vt 0.1408 -0.0000
vt -0.0160 0.1078
vt -0.0841 0.1078
vt 0.0000 0.0000
vt 0.1408 0.0000
vt 0.2250 0.1078
vt 0.1568 0.1078
vt 0.0000 0.0000
vt 0.1219 -0.0000
vt 0.0356 0.1889
vt -0.0234 0.1889
vt 0.0000 0.0000
vt 0.1219 0.0000
vt 0.1453 0.1889
vt 0.0863 0.1889
vt 0.0000 0.0000
vt 0.1436 0.0000
vt 0.2482 0.1058
vt 0.1787 0.1058
vt 0.0000 0.0000
vt 0.1436 -0.0000
vt -0.0351 0.1059
vt -0.1045 0.1059
vt 0.0000 0.0000
vt 0.1208 0.0000
vt -0.0578 0.0928
vt -0.1163 0.0928
vt 0.0000 0.0000
vt 0.1208 -0.0000
vt 0.2371 0.0928
vt 0.1787 0.0928
vt 0.0000 0.0000
vt 0.0813 0.0000
vt -0.0872 0.1566
vt -0.1265 0.1566
vt 0.0000 0.0000
vt 0.0813 -0.0000
vt 0.2079 0.1566
vt 0.1686 0.1566
vt 0.0000 0.0000
vt 0.1150 0.0000
vt -0.1592 0.0821
vt -0.2149 0.0822
vt 0.0000 0.0000
vt 0.1150 -0.0000
vt 0.3299 0.0821
vt 0.2743 0.0821
vt 0.0000 0.0000
vt 0.0526 0.0000
vt 0.2176 0.2123
vt 0.1921 0.2123
vt 0.0000 0.0000
vt 0.0526 0.0000
vt -0.1395 0.2123
vt -0.1649 0.2123
vt 0.0000 0.0000
vt 0.0391 -0.0000
vt 0.0420 0.2678
vt 0.0231 0.2678
vt 0.0000 0.0000
vt 0.0391 -0.0000
vt 0.0160 0.2679
vt -0.0029 0.2679
vt 0.0000 0.0000
vt 0.0441 0.0000
vt -0.0910 0.2432
vt -0.1123 0.2432
vt 0.0000 0.0000
vt 0.0441 -0.0000
vt 0.1564 0.2432
vt 0.1351 0.2432
vt 0.0000 0.0000
vt 0.0791 0.0000
vt -0.1925 0.1553
vt -0.2308 0.1553
vt 0.0000 0.0000
vt 0.0791 -0.0000
vt 0.3099 0.1553
vt 0.2717 0.1553
vt 0.0000 0.0000
vt 0.0833 -0.0000
vt 0.2884 0.0527
vt 0.0000 0.0000
vt 0.0833 -0.0000
vt -0.2051 0.0528
vt 0.0000 0.0000
vt 0.0520 -0.0000
vt -0.1990 0.0723
vt 0.0000 0.0000
vt 0.0520 0.0000
vt 0.2510 0.0723
vt 0.0000 0.0000
vt 0.0508 0.0000
vt 0.1931 0.1760
vt 0.0000 0.0000
vt 0.0508 -0.0000
vt -0.1423 0.1760
vt 0.0000 0.0000
vt 0.0765 -0.0000
vt 0.1812 0.1356
vt 0.0000 0.0000
vt 0.0765 -0.0000
vt -0.1047 0.1356
vt 0.0000 0.0000
vt 0.0859 -0.0000
vt 0.1308 0.1106
vt 0.0000 0.0000
vt 0.0859 0.0000
vt -0.0449 0.1107
vt 0.0000 0.0000
vt 0.0771 0.0000
vt 0.0113 0.1189
vt 0.0000 0.0000
vt 0.0771 0.0000
vt 0.0658 0.1189
vt 0.0000 0.0000
vt 0.0719 -0.0000
vt -0.0381 0.1304
vt 0.0000 0.0000
vt 0.0719 -0.0000
vt 0.1101 0.1304
vt 0.0000 0.0000
vt 0.0787 -0.0000
vt -0.1260 0.1151
vt 0.0000 0.0000
vt 0.0787 0.0000
vt 0.2047 0.1151
vt 0.0000 0.0000
vt 0.0403 -0.0000
vt 0.1007 0.2122
vt 0.0000 0.0000
vt 0.0403 -0.0000
vt -0.0605 0.2122
vt 0.0000 0.0000
vt 0.0406 0.0000
vt -0.0210 0.2196
vt 0.0000 0.0000
vt 0.0406 0.0000
vt 0.0615 0.2196
vt 0.0000 0.0000
vt 0.0409 -0.0000
vt 0.0524 0.2220
vt 0.0000 0.0000
vt 0.0409 0.0000
vt -0.0115 0.2220
vt 0.0000 0.0000
vt 0.0388 -0.0000
vt -0.0131 0.2219
vt 0.0000 0.0000
vt 0.0388 -0.0000
vt 0.0519 0.2219
vt 0.0000 0.0000
vt 0.0396 -0.0000
vt -0.0760 0.2148
vt 0.0000 0.0000
vt 0.0396 -0.0000
vt 0.1156 0.2148
vt 0.0000 0.0000
vt 0.0344 0.0000
vt -0.0529 0.2382
vt 0.0000 0.0000
vt 0.0344 0.0000
vt 0.0873 0.2381
vt 0.0000 0.0000
vt 0.0522 0.0000
vt 0.0184 0.2530
vt 0.0000 0.0000
vt 0.0522 -0.0000
vt 0.0338 0.2530
vt 0.0000 0.0000
vt 0.1138 -0.0000
vt 0.2354 0.0986
vt 0.0000 0.0000
vt 0.1138 -0.0000
vt -0.1216 0.0987
vt 0.0000 0.0000
vt 0.0638 -0.0000
vt -0.0365 0.1523
vt 0.0000 0.0000
vt 0.0638 -0.0000
vt 0.1003 0.1523
vt 0.0000 0.0000
vt 0.0925 -0.0000
vt -0.0892 0.1591
vt 0.0000 0.0000
vt 0.0925 -0.0000
vt 0.1818 0.1591
vt 0.0000 0.0000
vt 0.1220 0.0000
vt 0.2327 0.0647
vt 0.0000 0.0000
vt 0.1220 -0.0000
vt -0.1107 0.0648
vt 0.0000 0.0000
vt 0.0682 0.0000
vt -0.0789 0.1011
vt 0.0000 0.0000
vt 0.0682 0.0000
vt 0.1470 0.1011
vt 0.0000 0.0000
vt 0.0590 0.0000
vt -0.0219 0.1771
vt 0.0000 0.0000
vt 0.0590 -0.0000
vt 0.0809 0.1771
vt 0.0000 0.0000
vt 0.0695 -0.0000
vt 0.1675 0.0992
vt 0.0000 0.0000
vt 0.0695 0.0000
vt -0.0980 0.0992
vt 0.0000 0.0000
vt 0.0584 -0.0000
vt -0.1090 0.0870
vt 0.0000 0.0000
vt 0.0584 0.0000
vt 0.1674 0.0871
vt 0.0000 0.0000
vt 0.0393 0.0000
vt -0.1186 0.1468
vt 0.0000 0.0000
vt 0.0393 -0.0000
vt 0.1579 0.1468
vt 0.0000 0.0000
vt 0.0556 0.0000
vt -0.2014 0.0770
vt 0.0000 0.0000
vt 0.0556 0.0000
vt 0.2570 0.0771
vt 0.0000 0.0000
vt 0.0255 -0.0000
vt 0.1800 0.1990
vt 0.0000 0.0000
vt 0.0255 0.0000
vt -0.1545 0.1990
vt 0.0000 0.0000
vt 0.0189 0.0000
vt 0.0217 0.2510
vt 0.0000 0.0000
vt 0.0189 0.0000
vt -0.0028 0.2510
vt 0.0000 0.0000
vt 0.0213 0.0000
vt -0.1052 0.2279
vt 0.0000 0.0000
vt 0.0213 0.0000
vt 0.1265 0.2279
vt 0.0000 0.0000
vt 0.0382 0.0000
vt -0.2162 0.1456
vt 0.0000 0.0000
vt 0.0382 0.0000
vt 0.2544 0.1456
vt 0.0000 0.0000
vt 0.0927 0.0000
vt 0.0003 0.5453
vt 0.0003 0.5558
vt 0.0000 0.0000
vt 0.0927 -0.0000
vt -0.0002 0.5350
vt 0.0004 0.5607
vt 0.0000 0.0000
vt 0.0927 0.0000
vt 0.0003 0.5296
vt 0.0003 0.5503
vt 0.0000 0.0000
vt 0.0927 0.0000
vt -0.0002 0.5401
vt 0.0004 0.5452
vt 0.0000 0.0000
vt 0.0927 -0.0000
vt -0.0295 0.5222
vt -0.0295 0.5681
vt 0.0000 0.0000
vt 0.0927 -0.0000
vt 0.0629 0.5280
vt 0.0655 0.5384
vt 0.0000 0.0000
vt 0.0927 -0.0000
vt 0.0301 0.5529
vt 0.0301 0.5359
vt 0.0000 0.0000
vt 0.0927 -0.0000
vt -0.0629 0.5396
vt -0.0602 0.5606
vt 0.0000 0.0000
vt 0.0927 0.0000
vt 0.1931 0.5136
vt 0.1931 0.5390
vt 0.0000 0.0000
vt 0.0927 0.0000
vt -0.0279 0.5109
vt -0.0340 0.5298
vt 0.0000 0.0000
vt 0.0927 0.0000
vt -0.1857 0.4925
vt -0.1857 0.4993
vt 0.0000 0.0000
vt 0.0927 -0.0000
vt 0.0354 0.5622
vt 0.0292 0.5726
vt 0.0000 0.0000
vt 0.0927 -0.0000
vt 0.0559 0.5414
vt 0.0559 0.5569
vt 0.0000 0.0000
vt 0.0927 0.0000
vt 0.0236 0.5342
vt 0.0240 0.5498
vt 0.0000 0.0000
vt 0.0927 0.0000
vt -0.0554 0.5277
vt -0.0554 0.5435
vt 0.0000 0.0000
vt 0.0927 0.0000
vt -0.0239 0.5397
vt -0.0235 0.5552
vt 0.0000 0.0000
vt 0.0927 0.0000
vt 0.0927 0.0927
vt 0.0000 0.0927
vt 0.0000 0.0000
vt 0.0927 0.0000
vt 0.0927 0.0927
vt 0.0000 0.0927
vt 0.0000 0.0000
vt 0.0693 0.0000
vt 0.0010 0.5221
vt 0.0010 0.5278
vt 0.0000 0.0000
vt 0.0693 -0.0000
vt 0.0004 0.5388
vt -0.0004 0.5310
vt 0.0000 0.0000
vt 0.0693 -0.0000
vt 0.0010 0.5355
vt 0.0010 0.5475
vt 0.0000 0.0000
vt 0.0693 -0.0000
vt 0.0004 0.5193
vt -0.0004 0.5441
vt 0.0000 0.0000
vt 0.0693 0.0000
vt -0.0257 0.5195
vt -0.0257 0.5337
vt 0.0000 0.0000
vt 0.0693 0.0000
vt -0.1250 0.5002
vt -0.1265 0.5172
vt 0.0000 0.0000
vt 0.0693 0.0000
vt 0.0259 0.5368
vt 0.0259 0.5402
vt 0.0000 0.0000
vt 0.0693 0.0000
vt 0.1300 0.5263
vt 0.1286 0.5276
vt 0.0000 0.0000
vt 0.0693 0.0000
vt 0.0426 0.5379
vt 0.0426 0.5492
vt 0.0000 0.0000
vt 0.0693 0.0000
vt 0.0610 0.5201
vt 0.0622 0.5393
vt 0.0000 0.0000
vt 0.0693 -0.0000
vt -0.0407 0.5164
vt -0.0407 0.5229
vt 0.0000 0.0000
vt 0.0693 0.0000
vt -0.0620 0.5305
vt -0.0608 0.5290
vt 0.0000 0.0000
vt 0.0693 0.0000
vt 0.0207 0.5350
vt 0.0207 0.5438
vt 0.0000 0.0000
vt 0.0693 0.0000
vt 0.0812 0.5265
vt 0.0816 0.5354
vt 0.0000 0.0000
vt 0.0693 0.0000
vt -0.0206 0.5217
vt -0.0206 0.5307
vt 0.0000 0.0000
vt 0.0693 0.0000
vt -0.0808 0.5186
vt -0.0804 0.5278
vt 0.0000 0.0000
vt 0.0693 0.0000
vt 0.0693 0.0693
vt 0.0000 0.0693
vt 0.0000 0.0000
vt 0.0693 0.0000
vt 0.0693 0.0693
vt 0.0000 0.0693
vt 0.0000 0.0000
vt 0.2729 -0.0000
vt 0.2774 0.1039
vt 0.0045 0.1035
vt 0.0000 0.0000
vt 0.1060 0.0000
vt 0.1079 0.1040
vt 0.0019 0.1040
vt 0.0000 0.0000
vt 0.1772 -0.0000
vt 0.1763 0.1040
vt -0.0009 0.1040
vt 0.0000 0.0000
vt 0.1948 0.0000
vt 0.1974 0.1041
vt 0.0026 0.1039
vt 0.0000 0.0000
vt 0.1324 0.0000
vt 0.1332 0.1042
vt 0.0008 0.1041
vt 0.0000 0.0000
vt 0.2284 0.0000
vt 0.2272 0.1041
vt -0.0013 0.1042
vt 0.0000 0.0000
vt 0.1515 0.0000
vt 0.1522 0.1041
vt 0.0007 0.1041
vt 0.0000 0.0000
vt 0.1211 0.0000
vt 0.1221 0.1041
vt 0.0010 0.1041
vt 0.0000 0.0000
vt 0.1724 -0.0000
vt 0.1700 0.1040
vt -0.0024 0.1041
vt 0.0000 0.0000
vt 0.1011 0.0000
vt 0.1008 0.1040
vt -0.0003 0.1040
vt 0.0000 0.0000
vt 0.1227 -0.0000
vt 0.1196 0.1039
vt -0.0031 0.1040
vt 0.0000 0.0000
vt 0.2858 0.0000
vt 0.2882 0.1041
vt 0.0024 0.1039
vt 0.0000 0.0000
vt 0.2345 0.0000
vt 0.2310 0.1038
vt -0.0034 0.1040
vt 0.0000 0.0000
vt 0.1641 0.0000
vt 0.1634 0.1038
vt -0.0007 0.1039
vt 0.0000 0.0000
vt 0.1852 0.0000
vt 0.1855 0.1038
vt 0.0003 0.1038
vt 0.0000 0.0000
vt 0.1781 0.0000
vt 0.1774 0.1038
vt -0.0006 0.1038
vt 0.0000 0.0000
vt 0.1848 0.0000
vt 0.1834 0.1037
vt -0.0015 0.1038
vt 0.0000 0.0000
vt 0.1696 -0.0000
vt 0.1687 0.1037
vt -0.0009 0.1037
vt 0.0000 0.0000
vt 0.1661 0.0000
vt 0.1646 0.1036
vt -0.0015 0.1037
vt 0.0000 0.0000
vt 0.1428 0.0000
vt 0.1454 0.1037
vt 0.0026 0.1036
vt 0.0000 0.0000
vt 0.1440 0.0000
vt 0.1463 0.1038
vt 0.0023 0.1037
vt 0.0000 0.0000
vt 0.1472 0.0000
vt 0.1481 0.1039
vt 0.0009 0.1038
vt 0.0000 0.0000
vt 0.1388 0.0000
vt 0.1402 0.1039
vt 0.0014 0.1038
vt 0.0000 0.0000
vt 0.2194 0.0000
vt 0.2220 0.1041
vt 0.0026 0.1039
vt 0.0000 0.0000
vt 0.2163 0.0000
vt 0.2176 0.1042
vt 0.0013 0.1041
vt 0.0000 0.0000
vt 0.2203 0.0000
vt 0.2203 0.1042
vt -0.0000 0.1042
vt 0.0000 0.0000
vt 0.2324 0.0000
vt 0.2310 0.1041
vt -0.0014 0.1042
vt 0.0000 0.0000
vt 0.2203 0.0000
vt 0.2181 0.1039
vt -0.0022 0.1040
vt 0.0000 0.0000
vt 0.3102 -0.0000
vt 0.3056 0.1034
vt -0.0046 0.1038
vt 0.0000 0.0000
vt 0.1903 0.0000
vt 0.1930 0.1036
vt 0.0027 0.1035
vt 0.0000 0.0000
vt 0.1510 0.0000
vt 0.1515 0.1037
vt 0.0005 0.1037
vt 0.0000 0.0000
vt 0.1483 0.0000
vt 0.1497 0.1037
vt 0.0014 0.1037
vt 0.0000 0.0000
vt 0.2636 0.0000
vt 0.2597 0.1034
vt -0.0039 0.1037
vt 0.0000 0.0000
vt 0.1592 0.0000
vt 0.1627 0.1035
vt 0.0035 0.1034
vt 0.0000 0.0000
vt 0.2729 -0.0000
vt 0.5098 0.1161
vt 0.3407 0.1161
vt 0.0000 0.0000
vt 0.2729 0.0000
vt -0.0679 0.1161
vt -0.2370 0.1161
vt 0.0000 0.0000
vt 0.1060 0.0000
vt 0.1285 0.2562
vt 0.0628 0.2562
vt 0.0000 0.0000
vt 0.1060 0.0000
vt 0.0432 0.2563
vt -0.0225 0.2563
vt 0.0000 0.0000
vt 0.1772 0.0000
vt -0.0462 0.2044
vt -0.1561 0.2044
vt 0.0000 0.0000
vt 0.1772 -0.0000
vt 0.3333 0.2045
vt 0.2235 0.2045
vt 0.0000 0.0000
vt 0.1948 -0.0000
vt 0.3477 0.2005
vt 0.2270 0.2005
vt 0.0000 0.0000
vt 0.1948 0.0000
vt -0.0322 0.2005
vt -0.1529 0.2005
vt 0.0000 0.0000
vt 0.1324 -0.0000
vt 0.1147 0.2500
vt 0.0326 0.2500
vt 0.0000 0.0000
vt 0.1324 -0.0000
vt 0.0997 0.2501
vt 0.0176 0.2501
vt 0.0000 0.0000
vt 0.2284 -0.0000
vt -0.0391 0.1737
vt -0.1807 0.1737
vt 0.0000 0.0000
vt 0.2284 0.0000
vt 0.4092 0.1737
vt 0.2676 0.1737
vt 0.0000 0.0000
vt 0.1515 0.0000
vt 0.2615 0.2714
vt 0.1675 0.2714
vt 0.0000 0.0000
vt 0.1515 -0.0000
vt -0.0160 0.2715
vt -0.1100 0.2715
vt 0.0000 0.0000
vt 0.1211 -0.0000
vt 0.3020 0.1851
vt 0.2270 0.1851
vt 0.0000 0.0000
vt 0.1211 0.0000
vt -0.1059 0.1851
vt -0.1810 0.1851
vt 0.0000 0.0000
vt 0.1724 0.0000
vt -0.1081 0.1442
vt -0.2149 0.1442
vt 0.0000 0.0000
vt 0.1724 -0.0000
vt 0.3874 0.1442
vt 0.2805 0.1442
vt 0.0000 0.0000
vt 0.1011 -0.0000
vt 0.1920 0.2876
vt 0.1294 0.2876
vt 0.0000 0.0000
vt 0.1011 -0.0000
vt -0.0283 0.2877
vt -0.0910 0.2877
vt 0.0000 0.0000
vt 0.1227 -0.0000
vt -0.1025 0.2431
vt -0.1785 0.2431
vt 0.0000 0.0000
vt 0.1227 0.0000
vt 0.3013 0.2432
vt 0.2253 0.2432
vt 0.0000 0.0000
vt 0.2858 0.0000
vt 0.5000 0.0748
vt 0.3229 0.0748
vt 0.0000 0.0000
vt 0.2858 0.0000
vt -0.0371 0.0749
vt -0.2143 0.0748
vt 0.0000 0.0000
vt 0.2345 0.0000
vt -0.0670 0.0801
vt -0.2123 0.0801
vt 0.0000 0.0000
vt 0.2345 -0.0000
vt 0.4468 0.0801
vt 0.3015 0.0801
vt 0.0000 0.0000
vt 0.1641 -0.0000
vt 0.1959 0.2974
vt 0.0942 0.2974
vt 0.0000 0.0000
vt 0.1641 -0.0000
vt 0.0699 0.2974
vt -0.0318 0.2974
vt 0.0000 0.0000
vt 0.1852 0.0000
vt 0.2419 0.2707
vt 0.1271 0.2707
vt 0.0000 0.0000
vt 0.1852 -0.0000
vt 0.0581 0.2708
vt -0.0567 0.2708
vt 0.0000 0.0000
vt 0.1781 -0.0000
vt 0.1363 0.2754
vt 0.0259 0.2754
vt 0.0000 0.0000
vt 0.1781 -0.0000
vt 0.1522 0.2754
vt 0.0418 0.2755
vt 0.0000 0.0000
vt 0.1848 -0.0000
vt 0.0534 0.2718
vt -0.0611 0.2717
vt 0.0000 0.0000
vt 0.1848 0.0000
vt 0.2460 0.2718
vt 0.1314 0.2718
vt 0.0000 0.0000
vt 0.1696 -0.0000
vt 0.0344 0.2935
vt -0.0707 0.2935
vt 0.0000 0.0000
vt 0.1696 -0.0000
vt 0.2403 0.2935
vt 0.1352 0.2935
vt 0.0000 0.0000
vt 0.1661 0.0000
vt -0.0483 0.2855
vt -0.1513 0.2855
vt 0.0000 0.0000
vt 0.1661 0.0000
vt 0.3175 0.2855
vt 0.2145 0.2856
vt 0.0000 0.0000
vt 0.1428 -0.0000
vt 0.1792 0.3454
vt 0.0907 0.3454
vt 0.0000 0.0000
vt 0.1428 -0.0000
vt 0.0522 0.3454
vt -0.0364 0.3454
vt 0.0000 0.0000
vt 0.1440 0.0000
vt 0.1578 0.3404
vt 0.0685 0.3404
vt 0.0000 0.0000
vt 0.1440 -0.0000
vt 0.0755 0.3405
vt -0.0138 0.3405
vt 0.0000 0.0000
vt 0.1472 -0.0000
vt 0.0389 0.3366
vt -0.0523 0.3366
vt 0.0000 0.0000
vt 0.1472 0.0000
vt 0.1994 0.3367
vt 0.1082 0.3367
vt 0.0000 0.0000
vt 0.1388 0.0000
vt 0.0914 0.3536
vt 0.0053 0.3536
vt 0.0000 0.0000
vt 0.1388 0.0000
vt 0.1335 0.3536
vt 0.0474 0.3536
vt 0.0000 0.0000
vt 0.2194 -0.0000
vt 0.4146 0.2228
vt 0.2786 0.2228
vt 0.0000 0.0000
vt 0.2194 0.0000
vt -0.0592 0.2228
vt -0.1952 0.2228
vt 0.0000 0.0000
vt 0.2163 0.0000
vt 0.3229 0.2282
vt 0.1888 0.2283
vt 0.0000 0.0000
vt 0.2163 0.0000
vt 0.0275 0.2283
vt -0.1066 0.2283
vt 0.0000 0.0000
vt 0.2203 0.0000
vt 0.2364 0.2313
vt 0.0999 0.2313
vt 0.0000 0.0000
vt 0.2203 -0.0000
vt 0.1204 0.2313
vt -0.0162 0.2313
vt 0.0000 0.0000
vt 0.2324 0.0000
vt 0.1523 0.2317
vt 0.0082 0.2317
vt 0.0000 0.0000
vt 0.2324 -0.0000
vt 0.2242 0.2317
vt 0.0801 0.2317
vt 0.0000 0.0000
vt 0.2203 0.0000
vt 0.1048 0.2431
vt -0.0318 0.2431
vt 0.0000 0.0000
vt 0.2203 -0.0000
vt 0.2522 0.2431
vt 0.1156 0.2431
vt 0.0000 0.0000
vt 0.3102 0.0000
vt -0.0015 0.1869
vt -0.1937 0.1870
vt 0.0000 0.0000
vt 0.3102 0.0000
vt 0.5039 0.1869
vt 0.3117 0.1870
vt 0.0000 0.0000
vt 0.1903 -0.0000
vt 0.3608 0.2704
vt 0.2428 0.2704
vt 0.0000 0.0000
vt 0.1903 -0.0000
vt -0.0526 0.2705
vt -0.1705 0.2705
vt 0.0000 0.0000
vt 0.1510 0.0000
vt 0.1649 0.3116
vt 0.0713 0.3116
vt 0.0000 0.0000
vt 0.1510 0.0000
vt 0.0798 0.3117
vt -0.0139 0.3117
vt 0.0000 0.0000
vt 0.1483 -0.0000
vt 0.1818 0.2987
vt 0.0899 0.2987
vt 0.0000 0.0000
vt 0.1483 -0.0000
vt 0.0584 0.2988
vt -0.0335 0.2987
vt 0.0000 0.0000
vt 0.2636 -0.0000
vt -0.0664 0.1938
vt -0.2297 0.1938
vt 0.0000 0.0000
vt 0.2636 0.0000
vt 0.4934 0.1938
vt 0.3300 0.1939
vt 0.0000 0.0000
vt 0.1592 -0.0000
vt 0.2683 0.3430
vt 0.1697 0.3430
vt 0.0000 0.0000
vt 0.1592 -0.0000
vt -0.0105 0.3431
vt -0.1092 0.3431
vt 0.0000 0.0000
vt 0.1691 0.0000
vt 0.3685 0.0978
vt 0.2867 0.0978
vt 0.0000 0.0000
vt 0.1691 0.0000
vt -0.1176 0.0978
vt -0.1994 0.0978
vt 0.0000 0.0000
vt 0.0657 -0.0000
vt 0.0846 0.2157
vt 0.0528 0.2157
vt 0.0000 0.0000
vt 0.0657 0.0000
vt 0.0129 0.2157
vt -0.0189 0.2157
vt 0.0000 0.0000
vt 0.1099 -0.0000
vt -0.0783 0.1721
vt -0.1314 0.1721
vt 0.0000 0.0000
vt 0.1099 0.0000
vt 0.2413 0.1721
vt 0.1881 0.1721
vt 0.0000 0.0000
vt 0.1208 -0.0000
vt 0.2495 0.1689
vt 0.1911 0.1689
vt 0.0000 0.0000
vt 0.1208 0.0000
vt -0.0703 0.1689
vt -0.1287 0.1689
vt 0.0000 0.0000
vt 0.0821 0.0000
vt 0.0672 0.2105
vt 0.0275 0.2105
vt 0.0000 0.0000
vt 0.0821 -0.0000
vt 0.0546 0.2105
vt 0.0149 0.2105
vt 0.0000 0.0000
vt 0.1416 -0.0000
vt -0.0836 0.1463
vt -0.1522 0.1463
vt 0.0000 0.0000
vt 0.1416 -0.0000
vt 0.2938 0.1463
vt 0.2253 0.1463
vt 0.0000 0.0000
vt 0.0939 -0.0000
vt 0.1865 0.2286
vt 0.1411 0.2286
vt 0.0000 0.0000
vt 0.0939 -0.0000
vt -0.0471 0.2286
vt -0.0926 0.2286
vt 0.0000 0.0000
vt 0.0751 0.0000
vt 0.2274 0.1559
vt 0.1911 0.1559
vt 0.0000 0.0000
vt 0.0751 -0.0000
vt -0.1160 0.1559
vt -0.1524 0.1559
vt 0.0000 0.0000
vt 0.1069 -0.0000
vt -0.1293 0.1215
vt -0.1810 0.1215
vt 0.0000 0.0000
vt 0.1069 -0.0000
vt 0.2878 0.1215
vt 0.2361 0.1215
vt 0.0000 0.0000
vt 0.0627 -0.0000
vt 0.1393 0.2422
vt 0.1090 0.2422
vt 0.0000 0.0000
vt 0.0627 0.0000
vt -0.0463 0.2422
vt -0.0766 0.2422
vt 0.0000 0.0000
vt 0.0761 0.0000
vt -0.1135 0.2048
vt -0.1503 0.2048
vt 0.0000 0.0000
vt 0.0761 -0.0000
vt 0.2264 0.2048
vt 0.1896 0.2048
vt 0.0000 0.0000
vt 0.1772 0.0000
vt 0.3575 0.0630
vt 0.2718 0.0630
vt 0.0000 0.0000
vt 0.1772 -0.0000
vt -0.0947 0.0630
vt -0.1804 0.0630
vt 0.0000 0.0000
vt 0.1453 0.0000
vt -0.1085 0.0674
vt -0.1788 0.0674
vt 0.0000 0.0000
vt 0.1453 -0.0000
vt 0.3241 0.0674
vt 0.2538 0.0674
vt 0.0000 0.0000
vt 0.1017 -0.0000
vt 0.1286 0.2503
vt 0.0794 0.2503
vt 0.0000 0.0000
vt 0.1017 0.0000
vt 0.0224 0.2503
vt -0.0268 0.2503
vt 0.0000 0.0000
vt 0.1148 -0.0000
vt 0.1626 0.2279
vt 0.1070 0.2279
vt 0.0000 0.0000
vt 0.1148 -0.0000
vt 0.0078 0.2279
vt -0.0478 0.2279
vt 0.0000 0.0000
vt 0.1104 -0.0000
vt 0.0752 0.2318
vt 0.0218 0.2318
vt 0.0000 0.0000
vt 0.1104 0.0000
vt 0.0886 0.2318
vt 0.0352 0.2318
vt 0.0000 0.0000
vt 0.1146 0.0000
vt 0.0040 0.2287
vt -0.0514 0.2287
vt 0.0000 0.0000
vt 0.1146 0.0000
vt 0.1660 0.2287
vt 0.1106 0.2287
vt 0.0000 0.0000
vt 0.1051 -0.0000
vt -0.0086 0.2470
vt -0.0595 0.2470
vt 0.0000 0.0000
vt 0.1051 0.0000
vt 0.1646 0.2470
vt 0.1138 0.2470
vt 0.0000 0.0000
vt 0.1030 -0.0000
vt -0.0775 0.2403
vt -0.1273 0.2403
vt 0.0000 0.0000
vt 0.1030 -0.0000
vt 0.2303 0.2403
vt 0.1805 0.2403
vt 0.0000 0.0000
vt 0.0885 0.0000
vt 0.1190 0.2907
vt 0.0761 0.2907
vt 0.0000 0.0000
vt 0.0885 -0.0000
vt 0.0124 0.2907
vt -0.0304 0.2907
vt 0.0000 0.0000
vt 0.0893 0.0000
vt 0.1008 0.2866
vt 0.0576 0.2866
vt 0.0000 0.0000
vt 0.0893 0.0000
vt 0.0317 0.2866
vt -0.0115 0.2866
vt 0.0000 0.0000
vt 0.0912 -0.0000
vt 0.0000 0.2834
vt -0.0441 0.2834
vt 0.0000 0.0000
vt 0.0912 -0.0000
vt 0.1353 0.2834
vt 0.0912 0.2834
vt 0.0000 0.0000
vt 0.0861 -0.0000
vt 0.0460 0.2977
vt 0.0044 0.2977
vt 0.0000 0.0000
vt 0.0861 -0.0000
vt 0.0817 0.2977
vt 0.0400 0.2977
vt 0.0000 0.0000
vt 0.1360 -0.0000
vt 0.3003 0.1876
vt 0.2345 0.1876
vt 0.0000 0.0000
vt 0.1360 -0.0000
vt -0.0985 0.1876
vt -0.1643 0.1876
vt 0.0000 0.0000
vt 0.1341 0.0000
vt 0.2238 0.1922
vt 0.1589 0.1922
vt 0.0000 0.0000
vt 0.1341 0.0000
vt -0.0248 0.1922
vt -0.0897 0.1922
vt 0.0000 0.0000
vt 0.1366 0.0000
vt 0.1502 0.1947
vt 0.0841 0.1947
vt 0.0000 0.0000
vt 0.1366 -0.0000
vt 0.0525 0.1947
vt -0.0136 0.1947
vt 0.0000 0.0000
vt 0.1441 -0.0000
vt 0.0767 0.1951
vt 0.0069 0.1951
vt 0.0000 0.0000
vt 0.1441 0.0000
vt 0.1371 0.1951
vt 0.0674 0.1951
vt 0.0000 0.0000
vt 0.1366 0.0000
vt 0.0393 0.2047
vt -0.0267 0.2047
vt 0.0000 0.0000
vt 0.1366 0.0000
vt 0.1633 0.2047
vt 0.0973 0.2047
vt 0.0000 0.0000
vt 0.1922 0.0000
vt -0.0700 0.1574
vt -0.1630 0.1574
vt 0.0000 0.0000
vt 0.1922 0.0000
vt 0.3552 0.1574
vt 0.2622 0.1574
vt 0.0000 0.0000
vt 0.1179 0.0000
vt 0.2613 0.2276
vt 0.2043 0.2276
vt 0.0000 0.0000
vt 0.1179 -0.0000
vt -0.0863 0.2276
vt -0.1434 0.2276
vt 0.0000 0.0000
vt 0.0936 -0.0000
vt 0.1053 0.2623
vt 0.0600 0.2623
vt 0.0000 0.0000
vt 0.0936 0.0000
vt 0.0337 0.2622
vt -0.0116 0.2622
vt 0.0000 0.0000
vt 0.0919 -0.0000
vt 0.1201 0.2514
vt 0.0756 0.2514
vt 0.0000 0.0000
vt 0.0919 0.0000
vt 0.0163 0.2514
vt -0.0281 0.2514
vt 0.0000 0.0000
vt 0.1634 -0.0000
vt -0.1143 0.1632
vt -0.1933 0.1632
vt 0.0000 0.0000
vt 0.1634 -0.0000
vt 0.3567 0.1632
vt 0.2776 0.1632
vt 0.0000 0.0000
vt 0.0987 0.0000
vt 0.1903 0.2887
vt 0.1426 0.2888
vt 0.0000 0.0000
vt 0.0987 0.0000
vt -0.0439 0.2887
vt -0.0917 0.2887
vt 0.0000 0.0000
vt 0.0818 -0.0000
vt 0.2687 0.0917
vt 0.0000 0.0000
vt 0.0818 0.0000
vt -0.1869 0.0918
vt 0.0000 0.0000
vt 0.0318 -0.0000
vt 0.0495 0.2022
vt 0.0000 0.0000
vt 0.0318 -0.0000
vt -0.0176 0.2023
vt 0.0000 0.0000
vt 0.0532 0.0000
vt -0.1232 0.1613
vt 0.0000 0.0000
vt 0.0532 -0.0000
vt 0.1764 0.1614
vt 0.0000 0.0000
vt 0.0584 -0.0000
vt 0.1791 0.1583
vt 0.0000 0.0000
vt 0.0584 0.0000
vt -0.1206 0.1584
vt 0.0000 0.0000
vt 0.0397 -0.0000
vt 0.0257 0.1974
vt 0.0000 0.0000
vt 0.0397 0.0000
vt 0.0140 0.1974
vt 0.0000 0.0000
vt 0.0685 -0.0000
vt -0.1427 0.1371
vt 0.0000 0.0000
vt 0.0685 -0.0000
vt 0.2112 0.1372
vt 0.0000 0.0000
vt 0.0455 -0.0000
vt 0.1322 0.2143
vt 0.0000 0.0000
vt 0.0455 0.0000
vt -0.0868 0.2143
vt 0.0000 0.0000
vt 0.0363 0.0000
vt 0.1792 0.1461
vt 0.0000 0.0000
vt 0.0363 -0.0000
vt -0.1428 0.1462
vt 0.0000 0.0000
vt 0.0517 -0.0000
vt -0.1697 0.1139
vt 0.0000 0.0000
vt 0.0517 -0.0000
vt 0.2213 0.1139
vt 0.0000 0.0000
vt 0.0303 -0.0000
vt 0.1021 0.2270
vt 0.0000 0.0000
vt 0.0303 -0.0000
vt -0.0718 0.2270
vt 0.0000 0.0000
vt 0.0368 -0.0000
vt -0.1409 0.1920
vt 0.0000 0.0000
vt 0.0368 -0.0000
vt 0.1776 0.1920
vt 0.0000 0.0000
vt 0.0857 -0.0000
vt 0.2548 0.0591
vt 0.0000 0.0000
vt 0.0857 -0.0000
vt -0.1691 0.0592
vt 0.0000 0.0000
vt 0.0703 0.0000
vt -0.1676 0.0632
vt 0.0000 0.0000
vt 0.0703 0.0000
vt 0.2378 0.0634
vt 0.0000 0.0000
vt 0.0492 0.0000
vt 0.0744 0.2346
vt 0.0000 0.0000
vt 0.0492 -0.0000
vt -0.0252 0.2346
vt 0.0000 0.0000
vt 0.0556 -0.0000
vt 0.1003 0.2136
vt 0.0000 0.0000
vt 0.0556 -0.0000
vt -0.0448 0.2136
vt 0.0000 0.0000
vt 0.0534 -0.0000
vt 0.0205 0.2173
vt 0.0000 0.0000
vt 0.0534 0.0000
vt 0.0329 0.2173
vt 0.0000 0.0000
vt 0.0554 0.0000
vt -0.0482 0.2144
vt 0.0000 0.0000
vt 0.0554 -0.0000
vt 0.1036 0.2144
vt 0.0000 0.0000
vt 0.0509 0.0000
vt -0.0558 0.2315
vt 0.0000 0.0000
vt 0.0509 0.0000
vt 0.1066 0.2315
vt 0.0000 0.0000
vt 0.0498 -0.0000
vt -0.1193 0.2252
vt 0.0000 0.0000
vt 0.0498 0.0000
vt 0.1691 0.2252
vt 0.0000 0.0000
vt 0.0428 -0.0000
vt 0.0713 0.2725
vt 0.0000 0.0000
vt 0.0428 -0.0000
vt -0.0284 0.2725
vt 0.0000 0.0000
vt 0.0432 0.0000
vt 0.0539 0.2686
vt 0.0000 0.0000
vt 0.0432 0.0000
vt -0.0107 0.2686
vt 0.0000 0.0000
vt 0.0441 0.0000
vt -0.0414 0.2656
vt 0.0000 0.0000
vt 0.0441 -0.0000
vt 0.0855 0.2656
vt 0.0000 0.0000
vt 0.0416 -0.0000
vt 0.0041 0.2790
vt 0.0000 0.0000
vt 0.0416 -0.0000
vt 0.0376 0.2790
vt 0.0000 0.0000
vt 0.0658 -0.0000
vt 0.2198 0.1759
vt 0.0000 0.0000
vt 0.0658 0.0000
vt -0.1540 0.1759
vt 0.0000 0.0000
vt 0.0649 0.0000
vt 0.1490 0.1802
vt 0.0000 0.0000
vt 0.0649 0.0000
vt -0.0841 0.1802
vt 0.0000 0.0000
vt 0.0661 0.0000
vt 0.0788 0.1826
vt 0.0000 0.0000
vt 0.0661 0.0000
vt -0.0128 0.1826
vt 0.0000 0.0000
vt 0.0697 0.0000
vt 0.0065 0.1829
vt 0.0000 0.0000
vt 0.0697 -0.0000
vt 0.0632 0.1829
vt 0.0000 0.0000
vt 0.0661 0.0000
vt -0.0251 0.1919
vt 0.0000 0.0000
vt 0.0661 0.0000
vt 0.0911 0.1919
vt 0.0000 0.0000
vt 0.0930 -0.0000
vt -0.1528 0.1476
vt 0.0000 0.0000
vt 0.0930 -0.0000
vt 0.2457 0.1477
vt 0.0000 0.0000
vt 0.0571 0.0000
vt 0.1914 0.2134
vt 0.0000 0.0000
vt 0.0571 -0.0000
vt -0.1343 0.2134
vt 0.0000 0.0000
vt 0.0453 -0.0000
vt 0.0562 0.2458
vt 0.0000 0.0000
vt 0.0453 0.0000
vt -0.0109 0.2458
vt 0.0000 0.0000
vt 0.0445 0.0000
vt 0.0708 0.2356
vt 0.0000 0.0000
vt 0.0445 0.0000
vt -0.0263 0.2356
vt 0.0000 0.0000
vt 0.0790 -0.0000
vt -0.1811 0.1530
vt 0.0000 0.0000
vt 0.0790 0.0000
vt 0.2601 0.1530
vt 0.0000 0.0000
vt 0.0477 0.0000
vt 0.1336 0.2707
vt 0.0000 0.0000
vt 0.0477 0.0000
vt -0.0858 0.2707
vt 0.0000 0.0000
vt 0.0650 0.0000
vt 0.0000 0.6793
vt 0.0000 0.6720
vt 0.0000 0.0000
vt 0.0650 0.0000
vt 0.0005 0.6775
vt 0.0009 0.6855
vt 0.0000 0.0000
vt 0.0650 0.0000
vt 0.0000 0.6641
vt 0.0000 0.6836
vt 0.0000 0.0000
vt 0.0650 0.0000
vt 0.0005 0.6657
vt 0.0009 0.6702
vt 0.0000 0.0000
vt 0.0650 -0.0000
vt -0.1376 0.6421
vt -0.1376 0.6550
vt 0.0000 0.0000
vt 0.0650 -0.0000
vt 0.0185 0.6819
vt 0.0203 0.6760
vt 0.0000 0.0000
vt 0.0650 0.0000
vt 0.1426 0.6716
vt 0.1426 0.6715
vt 0.0000 0.0000
vt 0.0650 -0.0000
vt -0.0201 0.6610
vt -0.0183 0.6790
vt 0.0000 0.0000
vt 0.0650 -0.0000
vt 0.0668 0.6747
vt 0.0668 0.6726
vt 0.0000 0.0000
vt 0.0650 0.0000
vt -0.1236 0.6501
vt -0.1245 0.6663
vt 0.0000 0.0000
vt 0.0650 0.0000
vt -0.0647 0.6622
vt -0.0647 0.6767
vt 0.0000 0.0000
vt 0.0650 0.0000
vt 0.1246 0.6701
vt 0.1237 0.6663
vt 0.0000 0.0000
vt 0.0650 0.0000
vt -0.0862 0.6669
vt -0.0862 0.6731
vt 0.0000 0.0000
vt 0.0650 -0.0000
vt 0.1052 0.6726
vt 0.1039 0.6790
vt 0.0000 0.0000
vt 0.0650 0.0000
vt 0.0868 0.6651
vt 0.0868 0.6714
vt 0.0000 0.0000
vt 0.0650 0.0000
vt -0.1031 0.6543
vt -0.1044 0.6604
vt 0.0000 0.0000
vt 0.0650 0.0000
vt 0.0650 0.0650
vt -0.0000 0.0650
vt 0.0000 0.0000
vt 0.0650 0.0000
vt 0.0650 0.0650
vt -0.0000 0.0650
vt 0.0000 0.0000
vt 0.1650 0.0000
vt 0.1643 0.0863
vt -0.0006 0.0863
vt 0.0000 0.0000
vt 0.1507 -0.0000
vt 0.1507 0.0863
vt -0.0000 0.0863
vt 0.0000 0.0000
vt 0.1598 0.0000
vt 0.1585 0.0862
vt -0.0013 0.0862
vt 0.0000 0.0000
vt 0.1755 -0.0000
vt 0.1743 0.0861
vt -0.0011 0.0862
vt 0.0000 0.0000
vt 0.2814 0.0000
vt 0.2797 0.0859
vt -0.0018 0.0861
vt 0.0000 0.0000
vt 0.2377 0.0000
vt 0.2384 0.0860
vt 0.0007 0.0859
vt 0.0000 0.0000
vt 0.1237 0.0000
vt 0.1227 0.0859
vt -0.0010 0.0860
vt 0.0000 0.0000
vt 0.1294 0.0000
vt 0.1294 0.0860
vt 0.0000 0.0860
vt 0.0000 0.0000
vt 0.1218 0.0000
vt 0.1225 0.0860
vt 0.0007 0.0860
vt 0.0000 0.0000
vt 0.0799 -0.0000
vt 0.0798 0.0860
vt -0.0000 0.0860
vt 0.0000 0.0000
vt 0.0693 0.0000
vt 0.0705 0.0860
vt 0.0012 0.0860
vt 0.0000 0.0000
vt 0.0686 0.0000
vt 0.0707 0.0860
vt 0.0021 0.0860
vt 0.0000 0.0000
vt 0.0686 0.0000
vt 0.0706 0.0861
vt 0.0020 0.0860
vt 0.0000 0.0000
vt 0.1192 -0.0000
vt 0.1203 0.0862
vt 0.0011 0.0861
vt 0.0000 0.0000
vt 0.0964 0.0000
vt 0.0975 0.0862
vt 0.0012 0.0862
vt 0.0000 0.0000
vt 0.1438 0.0000
vt 0.1439 0.0862
vt 0.0000 0.0862
vt 0.0000 0.0000
vt 0.1139 0.0000
vt 0.1146 0.0862
vt 0.0007 0.0862
vt 0.0000 0.0000
vt 0.2275 0.0000
vt 0.2287 0.0863
vt 0.0012 0.0862
vt 0.0000 0.0000
vt 0.1550 0.0000
vt 0.1540 0.0863
vt -0.0010 0.0863
vt 0.0000 0.0000
vt 0.1469 0.0000
vt 0.1459 0.0862
vt -0.0010 0.0863
vt 0.0000 0.0000
vt 0.2349 0.0000
vt 0.2337 0.0861
vt -0.0012 0.0862
vt 0.0000 0.0000
vt 0.2060 0.0000
vt 0.2041 0.0860
vt -0.0019 0.0861
vt 0.0000 0.0000
vt 0.2229 0.0000
vt 0.2223 0.0859
vt -0.0005 0.0860
vt 0.0000 0.0000
vt 0.1995 0.0000
vt 0.1993 0.0859
vt -0.0002 0.0859
vt 0.0000 0.0000
vt 0.1964 0.0000
vt 0.1965 0.0859
vt 0.0000 0.0859
vt 0.0000 0.0000
vt 0.1087 0.0000
vt 0.1090 0.0859
vt 0.0002 0.0859
vt 0.0000 0.0000
vt 0.1495 0.0000
vt 0.1516 0.0860
vt 0.0021 0.0859
vt 0.0000 0.0000
vt 0.0775 0.0000
vt 0.0796 0.0861
vt 0.0021 0.0860
vt 0.0000 0.0000
vt 0.1288 0.0000
vt 0.1298 0.0861
vt 0.0010 0.0861
vt 0.0000 0.0000
vt 0.1794 -0.0000
vt 0.1799 0.0862
vt 0.0005 0.0862
vt 0.0000 0.0000
vt 0.1306 -0.0000
vt 0.1319 0.0862
vt 0.0013 0.0862
vt 0.0000 0.0000
vt 0.0959 0.0000
vt 0.0978 0.0863
vt 0.0019 0.0862
vt 0.0000 0.0000
vt 0.1852 0.0000
vt 0.1850 0.0863
vt -0.0002 0.0863
vt 0.0000 0.0000
vt 0.1650 -0.0000
vt 0.2777 0.1495
vt 0.1754 0.1495
vt 0.0000 0.0000
vt 0.1650 0.0000
vt -0.0105 0.1495
vt -0.1128 0.1495
vt 0.0000 0.0000
vt 0.1507 -0.0000
vt 0.0456 0.1810
vt -0.0478 0.1810
vt 0.0000 0.0000
vt 0.1507 0.0000
vt 0.1986 0.1811
vt 0.1051 0.1811
vt 0.0000 0.0000
vt 0.1598 -0.0000
vt 0.1167 0.2086
vt 0.0176 0.2086
vt 0.0000 0.0000
vt 0.1598 0.0000
vt 0.1421 0.2086
vt 0.0431 0.2086
vt 0.0000 0.0000
vt 0.1755 0.0000
vt 0.2681 0.1414
vt 0.1593 0.1414
vt 0.0000 0.0000
vt 0.1755 -0.0000
vt 0.0161 0.1414
vt -0.0926 0.1414
vt 0.0000 0.0000
vt 0.2814 -0.0000
vt 0.0312 0.0897
vt -0.1432 0.0897
vt 0.0000 0.0000
vt 0.2814 -0.0000
vt 0.4246 0.0898
vt 0.2502 0.0897
vt 0.0000 0.0000
vt 0.2377 0.0000
vt 0.3867 0.1156
vt 0.2394 0.1156
vt 0.0000 0.0000
vt 0.2377 0.0000
vt -0.0017 0.1156
vt -0.1490 0.1156
vt 0.0000 0.0000
vt 0.1237 -0.0000
vt 0.0653 0.1883
vt -0.0114 0.1883
vt 0.0000 0.0000
vt 0.1237 -0.0000
vt 0.1351 0.1882
vt 0.0584 0.1882
vt 0.0000 0.0000
vt 0.1294 -0.0000
vt 0.0903 0.1969
vt 0.0100 0.1969
vt 0.0000 0.0000
vt 0.1294 -0.0000
vt 0.1193 0.1968
vt 0.0391 0.1968
vt 0.0000 0.0000
vt 0.1218 0.0000
vt 0.0738 0.2007
vt -0.0017 0.2007
vt 0.0000 0.0000
vt 0.1218 0.0000
vt 0.1235 0.2007
vt 0.0480 0.2007
vt 0.0000 0.0000
vt 0.0799 0.0000
vt -0.0835 0.1578
vt -0.1330 0.1578
vt 0.0000 0.0000
vt 0.0799 -0.0000
vt 0.2129 0.1578
vt 0.1633 0.1578
vt 0.0000 0.0000
vt 0.0693 0.0000
vt -0.0215 0.2178
vt -0.0645 0.2178
vt 0.0000 0.0000
vt 0.0693 0.0000
vt 0.1338 0.2177
vt 0.0908 0.2177
vt 0.0000 0.0000
vt 0.0686 0.0000
vt 0.0979 0.2293
vt 0.0554 0.2293
vt 0.0000 0.0000
vt 0.0686 -0.0000
vt 0.0132 0.2293
vt -0.0293 0.2293
vt 0.0000 0.0000
vt 0.0686 0.0000
vt 0.1206 0.2176
vt 0.0781 0.2176
vt 0.0000 0.0000
vt 0.0686 0.0000
vt -0.0095 0.2176
vt -0.0520 0.2176
vt 0.0000 0.0000
vt 0.1192 0.0000
vt -0.1023 0.1379
vt -0.1762 0.1379
vt 0.0000 0.0000
vt 0.1192 0.0000
vt 0.2954 0.1379
vt 0.2215 0.1379
vt 0.0000 0.0000
vt 0.0964 0.0000
vt 0.2570 0.1708
vt 0.1972 0.1708
vt 0.0000 0.0000
vt 0.0964 -0.0000
vt -0.1009 0.1708
vt -0.1606 0.1708
vt 0.0000 0.0000
vt 0.1438 0.0000
vt 0.3112 0.0754
vt 0.2220 0.0754
vt 0.0000 0.0000
vt 0.1438 -0.0000
vt -0.0782 0.0755
vt -0.1673 0.0755
vt 0.0000 0.0000
vt 0.1139 -0.0000
vt 0.1379 0.1708
vt 0.0673 0.1708
vt 0.0000 0.0000
vt 0.1139 -0.0000
vt 0.0466 0.1708
vt -0.0240 0.1708
vt 0.0000 0.0000
vt 0.2275 -0.0000
vt 0.0192 0.1220
vt -0.1219 0.1220
vt 0.0000 0.0000
vt 0.2275 0.0000
vt 0.3495 0.1220
vt 0.2084 0.1220
vt 0.0000 0.0000
vt 0.1550 0.0000
vt 0.1727 0.2290
vt 0.0766 0.2290
vt 0.0000 0.0000
vt 0.1550 -0.0000
vt 0.0783 0.2290
vt -0.0177 0.2290
vt 0.0000 0.0000
vt 0.1469 -0.0000
vt 0.0180 0.2177
vt -0.0731 0.2177
vt 0.0000 0.0000
vt 0.1469 0.0000
vt 0.2200 0.2178
vt 0.1289 0.2178
vt 0.0000 0.0000
vt 0.2349 -0.0000
vt 0.3628 0.1298
vt 0.2172 0.1297
vt 0.0000 0.0000
vt 0.2349 0.0000
vt 0.0176 0.1297
vt -0.1280 0.1297
vt 0.0000 0.0000
vt 0.2060 0.0000
vt 0.0783 0.1754
vt -0.0494 0.1754
vt 0.0000 0.0000
vt 0.2060 0.0000
vt 0.2554 0.1754
vt 0.1277 0.1754
vt 0.0000 0.0000
vt 0.2229 -0.0000
vt 0.2157 0.2027
vt 0.0776 0.2027
vt 0.0000 0.0000
vt 0.2229 0.0000
vt 0.1453 0.2026
vt 0.0071 0.2026
vt 0.0000 0.0000
vt 0.1995 0.0000
vt 0.0966 0.2010
vt -0.0271 0.2010
vt 0.0000 0.0000
vt 0.1995 0.0000
vt 0.2266 0.2009
vt 0.1029 0.2009
vt 0.0000 0.0000
vt 0.1964 0.0000
vt 0.0061 0.1939
vt -0.1157 0.1939
vt 0.0000 0.0000
vt 0.1964 -0.0000
vt 0.3121 0.1939
vt 0.1903 0.1939
vt 0.0000 0.0000
vt 0.1087 -0.0000
vt -0.1289 0.1879
vt -0.1963 0.1879
vt 0.0000 0.0000
vt 0.1087 -0.0000
vt 0.3050 0.1878
vt 0.2376 0.1878
vt 0.0000 0.0000
vt 0.1495 -0.0000
vt 0.3654 0.1318
vt 0.2727 0.1318
vt 0.0000 0.0000
vt 0.1495 -0.0000
vt -0.1232 0.1319
vt -0.2159 0.1319
vt 0.0000 0.0000
vt 0.0775 0.0000
vt 0.2010 0.2015
vt 0.1530 0.2015
vt 0.0000 0.0000
vt 0.0775 0.0000
vt -0.0754 0.2015
vt -0.1235 0.2015
vt 0.0000 0.0000
vt 0.1288 -0.0000
vt -0.1155 0.1329
vt -0.1954 0.1329
vt 0.0000 0.0000
vt 0.1288 0.0000
vt 0.3242 0.1329
vt 0.2444 0.1329
vt 0.0000 0.0000
vt 0.1794 0.0000
vt 0.3762 0.0846
vt 0.2650 0.0846
vt 0.0000 0.0000
vt 0.1794 -0.0000
vt -0.0856 0.0847
vt -0.1968 0.0847
vt 0.0000 0.0000
vt 0.1306 -0.0000
vt -0.1064 0.1037
vt -0.1874 0.1038
vt 0.0000 0.0000
vt 0.1306 0.0000
vt 0.3181 0.1037
vt 0.2371 0.1037
vt 0.0000 0.0000
vt 0.0959 0.0000
vt -0.1280 0.1784
vt -0.1874 0.1784
vt 0.0000 0.0000
vt 0.0959 0.0000
vt 0.2834 0.1784
vt 0.2239 0.1784
vt 0.0000 0.0000
vt 0.1852 -0.0000
vt 0.3549 0.1560
vt 0.2400 0.1560
vt 0.0000 0.0000
vt 0.1852 -0.0000
vt -0.0548 0.1561
vt -0.1697 0.1561
vt 0.0000 0.0000
vt 0.1023 0.0000
vt 0.1972 0.1259
vt 0.1477 0.1259
vt 0.0000 0.0000
vt 0.1023 0.0000
vt -0.0455 0.1259
vt -0.0949 0.1259
vt 0.0000 0.0000
vt 0.0934 -0.0000
vt 0.0049 0.1524
vt -0.0403 0.1524
vt 0.0000 0.0000
vt 0.0934 0.0000
vt 0.1337 0.1524
vt 0.0885 0.1524
vt 0.0000 0.0000
vt 0.0991 -0.0000
vt 0.0627 0.1756
vt 0.0148 0.1756
vt 0.0000 0.0000
vt 0.0991 -0.0000
vt 0.0842 0.1756
vt 0.0363 0.1756
vt 0.0000 0.0000
vt 0.1088 -0.0000
vt 0.1868 0.1191
vt 0.1341 0.1191
vt 0.0000 0.0000
vt 0.1088 0.0000
vt -0.0254 0.1191
vt -0.0780 0.1191
vt 0.0000 0.0000
vt 0.1745 0.0000
vt -0.0362 0.0755
vt -0.1206 0.0755
vt 0.0000 0.0000
vt 0.1745 0.0000
vt 0.2951 0.0755
vt 0.2107 0.0755
vt 0.0000 0.0000
vt 0.1473 -0.0000
vt 0.2728 0.0973
vt 0.2015 0.0973
vt 0.0000 0.0000
vt 0.1473 0.0000
vt -0.0542 0.0973
vt -0.1255 0.0973
vt 0.0000 0.0000
vt 0.0767 -0.0000
vt 0.0275 0.1585
vt -0.0096 0.1585
vt 0.0000 0.0000
vt 0.0767 0.0000
vt 0.0863 0.1585
vt 0.0492 0.1585
vt 0.0000 0.0000
vt 0.0802 0.0000
vt 0.0473 0.1658
vt 0.0085 0.1658
vt 0.0000 0.0000
vt 0.0802 -0.0000
vt 0.0718 0.1658
vt 0.0329 0.1658
vt 0.0000 0.0000
vt 0.0755 -0.0000
vt 0.0351 0.1690
vt -0.0014 0.1690
vt 0.0000 0.0000
vt 0.0755 -0.0000
vt 0.0770 0.1690
vt 0.0404 0.1690
vt 0.0000 0.0000
vt 0.0495 -0.0000
vt -0.0880 0.1329
vt -0.1120 0.1329
vt 0.0000 0.0000
vt 0.0495 -0.0000
vt 0.1615 0.1329
vt 0.1376 0.1329
vt 0.0000 0.0000
vt 0.0430 0.0000
vt -0.0335 0.1834
vt -0.0543 0.1834
vt 0.0000 0.0000
vt 0.0430 0.0000
vt 0.0973 0.1834
vt 0.0765 0.1834
vt 0.0000 0.0000
vt 0.0425 0.0000
vt 0.0672 0.1931
vt 0.0466 0.1931
vt 0.0000 0.0000
vt 0.0425 -0.0000
vt -0.0041 0.1931
vt -0.0247 0.1931
vt 0.0000 0.0000
vt 0.0425 0.0000
vt 0.0864 0.1832
vt 0.0658 0.1832
vt 0.0000 0.0000
vt 0.0425 0.0000
vt -0.0233 0.1832
vt -0.0438 0.1832
vt 0.0000 0.0000
vt 0.0739 0.0000
vt -0.1126 0.1161
vt -0.1484 0.1161
vt 0.0000 0.0000
vt 0.0739 -0.0000
vt 0.2223 0.1161
vt 0.1865 0.1161
vt 0.0000 0.0000
vt 0.0597 0.0000
vt 0.1950 0.1438
vt 0.1661 0.1438
vt 0.0000 0.0000
vt 0.0597 0.0000
vt -0.1064 0.1438
vt -0.1353 0.1438
vt 0.0000 0.0000
vt 0.0892 -0.0000
vt 0.2301 0.0635
vt 0.1870 0.0635
vt 0.0000 0.0000
vt 0.0892 -0.0000
vt -0.0978 0.0635
vt -0.1409 0.0635
vt 0.0000 0.0000
vt 0.0706 -0.0000
vt 0.0908 0.1438
vt 0.0567 0.1438
vt 0.0000 0.0000
vt 0.0706 0.0000
vt 0.0139 0.1438
vt -0.0202 0.1438
vt 0.0000 0.0000
vt 0.1411 0.0000
vt -0.0344 0.1027
vt -0.1026 0.1027
vt 0.0000 0.0000
vt 0.1411 -0.0000
vt 0.2437 0.1027
vt 0.1755 0.1027
vt 0.0000 0.0000
vt 0.0961 -0.0000
vt 0.1110 0.1928
vt 0.0645 0.1928
vt 0.0000 0.0000
vt 0.0961 -0.0000
vt 0.0316 0.1928
vt -0.0149 0.1928
vt 0.0000 0.0000
vt 0.0911 0.0000
vt -0.0175 0.1833
vt -0.0616 0.1833
vt 0.0000 0.0000
vt 0.0911 0.0000
vt 0.1527 0.1833
vt 0.1086 0.1833
vt 0.0000 0.0000
vt 0.1456 -0.0000
vt 0.2534 0.1093
vt 0.1829 0.1093
vt 0.0000 0.0000
vt 0.1456 0.0000
vt -0.0373 0.1093
vt -0.1078 0.1093
vt 0.0000 0.0000
vt 0.1277 -0.0000
vt 0.0201 0.1477
vt -0.0416 0.1477
vt 0.0000 0.0000
vt 0.1277 0.0000
vt 0.1693 0.1477
vt 0.1076 0.1477
vt 0.0000 0.0000
vt 0.1382 0.0000
vt 0.1322 0.1706
vt 0.0653 0.1706
vt 0.0000 0.0000
vt 0.1382 -0.0000
vt 0.0728 0.1706
vt 0.0060 0.1706
vt 0.0000 0.0000
vt 0.1237 0.0000
vt 0.0370 0.1692
vt -0.0228 0.1692
vt 0.0000 0.0000
vt 0.1237 0.0000
vt 0.1465 0.1692
vt 0.0867 0.1692
vt 0.0000 0.0000
vt 0.1218 -0.0000
vt -0.0385 0.1633
vt -0.0974 0.1633
vt 0.0000 0.0000
vt 0.1218 -0.0000
vt 0.2192 0.1633
vt 0.1603 0.1633
vt 0.0000 0.0000
vt 0.0674 0.0000
vt -0.1327 0.1582
vt -0.1653 0.1582
vt 0.0000 0.0000
vt 0.0674 0.0000
vt 0.2327 0.1582
vt 0.2001 0.1582
vt 0.0000 0.0000
vt 0.0926 0.0000
vt 0.2745 0.1110
vt 0.2296 0.1110
vt 0.0000 0.0000
vt 0.0926 0.0000
vt -0.1370 0.1110
vt -0.1818 0.1110
vt 0.0000 0.0000
vt 0.0481 -0.0000
vt 0.1521 0.1697
vt 0.1288 0.1697
vt 0.0000 0.0000
vt 0.0481 0.0000
vt -0.0808 0.1697
vt -0.1040 0.1697
vt 0.0000 0.0000
vt 0.0798 -0.0000
vt -0.1259 0.1119
vt -0.1646 0.1119
vt 0.0000 0.0000
vt 0.0798 -0.0000
vt 0.2444 0.1119
vt 0.2058 0.1119
vt 0.0000 0.0000
vt 0.1112 0.0000
vt 0.2770 0.0712
vt 0.2231 0.0712
vt 0.0000 0.0000
vt 0.1112 0.0000
vt -0.1119 0.0712
vt -0.1657 0.0712
vt 0.0000 0.0000
vt 0.0810 0.0000
vt -0.1187 0.0874
vt -0.1578 0.0874
vt 0.0000 0.0000
vt 0.0810 -0.0000
vt 0.2388 0.0874
vt 0.1996 0.0874
vt 0.0000 0.0000
vt 0.0595 0.0000
vt -0.1291 0.1502
vt -0.1578 0.1502
vt 0.0000 0.0000
vt 0.0595 -0.0000
vt 0.2173 0.1502
vt 0.1885 0.1502
vt 0.0000 0.0000
vt 0.1148 0.0000
vt 0.2577 0.1314
vt 0.2021 0.1314
vt 0.0000 0.0000
vt 0.1148 -0.0000
vt -0.0873 0.1314
vt -0.1429 0.1314
vt 0.0000 0.0000
vt 0.0495 0.0000
vt 0.1385 0.1180
vt 0.0000 0.0000
vt 0.0495 0.0000
vt -0.0890 0.1180
vt 0.0000 0.0000
vt 0.0452 0.0000
vt -0.0378 0.1429
vt 0.0000 0.0000
vt 0.0452 0.0000
vt 0.0830 0.1429
vt 0.0000 0.0000
vt 0.0479 -0.0000
vt 0.0139 0.1647
vt 0.0000 0.0000
vt 0.0479 0.0000
vt 0.0340 0.1647
vt 0.0000 0.0000
vt 0.0526 -0.0000
vt 0.1258 0.1116
vt 0.0000 0.0000
vt 0.0526 0.0000
vt -0.0731 0.1116
vt 0.0000 0.0000
vt 0.0844 -0.0000
vt -0.1131 0.0708
vt 0.0000 0.0000
vt 0.0844 0.0000
vt 0.1975 0.0708
vt 0.0000 0.0000
vt 0.0713 0.0000
vt 0.1889 0.0912
vt 0.0000 0.0000
vt 0.0713 -0.0000
vt -0.1176 0.0913
vt 0.0000 0.0000
vt 0.0371 -0.0000
vt -0.0090 0.1486
vt 0.0000 0.0000
vt 0.0371 -0.0000
vt 0.0461 0.1486
vt 0.0000 0.0000
vt 0.0388 -0.0000
vt 0.0079 0.1554
vt 0.0000 0.0000
vt 0.0388 0.0000
vt 0.0309 0.1554
vt 0.0000 0.0000
vt 0.0365 -0.0000
vt -0.0014 0.1584
vt 0.0000 0.0000
vt 0.0365 0.0000
vt 0.0379 0.1584
vt 0.0000 0.0000
vt 0.0240 0.0000
vt -0.1050 0.1245
vt 0.0000 0.0000
vt 0.0240 -0.0000
vt 0.1290 0.1245
vt 0.0000 0.0000
vt 0.0208 -0.0000
vt -0.0509 0.1719
vt 0.0000 0.0000
vt 0.0208 -0.0000
vt 0.0717 0.1719
vt 0.0000 0.0000
vt 0.0206 -0.0000
vt 0.0437 0.1811
vt 0.0000 0.0000
vt 0.0206 -0.0000
vt -0.0231 0.1811
vt 0.0000 0.0000
vt 0.0206 0.0000
vt 0.0617 0.1718
vt 0.0000 0.0000
vt 0.0206 -0.0000
vt -0.0411 0.1718
vt 0.0000 0.0000
vt 0.0358 0.0000
vt -0.1391 0.1089
vt 0.0000 0.0000
vt 0.0358 0.0000
vt 0.1749 0.1089
vt 0.0000 0.0000
vt 0.0289 -0.0000
vt 0.1557 0.1348
vt 0.0000 0.0000
vt 0.0289 0.0000
vt -0.1268 0.1348
vt 0.0000 0.0000
vt 0.0432 -0.0000
vt 0.1753 0.0595
vt 0.0000 0.0000
vt 0.0432 -0.0000
vt -0.1321 0.0595
vt 0.0000 0.0000
vt 0.0342 -0.0000
vt 0.0531 0.1348
vt 0.0000 0.0000
vt 0.0342 0.0000
vt -0.0190 0.1348
vt 0.0000 0.0000
vt 0.0683 0.0000
vt -0.0962 0.0963
vt 0.0000 0.0000
vt 0.0683 0.0000
vt 0.1645 0.0963
vt 0.0000 0.0000
vt 0.0465 -0.0000
vt 0.0604 0.1808
vt 0.0000 0.0000
vt 0.0465 -0.0000
vt -0.0140 0.1808
vt 0.0000 0.0000
vt 0.0441 -0.0000
vt -0.0577 0.1719
vt 0.0000 0.0000
vt 0.0441 0.0000
vt 0.1018 0.1719
vt 0.0000 0.0000
vt 0.0705 -0.0000
vt 0.1715 0.1024
vt 0.0000 0.0000
vt 0.0705 -0.0000
vt -0.1010 0.1024
vt 0.0000 0.0000
vt 0.0618 -0.0000
vt -0.0390 0.1385
vt 0.0000 0.0000
vt 0.0618 0.0000
vt 0.1008 0.1385
vt 0.0000 0.0000
vt 0.0669 -0.0000
vt 0.0613 0.1600
vt 0.0000 0.0000
vt 0.0669 -0.0000
vt 0.0056 0.1600
vt 0.0000 0.0000
vt 0.0599 -0.0000
vt -0.0214 0.1586
vt 0.0000 0.0000
vt 0.0599 -0.0000
vt 0.0812 0.1586
vt 0.0000 0.0000
vt 0.0589 0.0000
vt -0.0913 0.1530
vt 0.0000 0.0000
vt 0.0589 -0.0000
vt 0.1503 0.1530
vt 0.0000 0.0000
vt 0.0326 0.0000
vt -0.1550 0.1483
vt 0.0000 0.0000
vt 0.0326 0.0000
vt 0.1876 0.1483
vt 0.0000 0.0000
vt 0.0448 -0.0000
vt 0.2153 0.1040
vt 0.0000 0.0000
vt 0.0448 -0.0000
vt -0.1705 0.1041
vt 0.0000 0.0000
vt 0.0233 0.0000
vt 0.1208 0.1591
vt 0.0000 0.0000
vt 0.0233 -0.0000
vt -0.0975 0.1591
vt 0.0000 0.0000
vt 0.0386 -0.0000
vt -0.1543 0.1049
vt 0.0000 0.0000
vt 0.0386 0.0000
vt 0.1929 0.1049
vt 0.0000 0.0000
vt 0.0538 0.0000
vt 0.2092 0.0668
vt 0.0000 0.0000
vt 0.0538 0.0000
vt -0.1554 0.0668
vt 0.0000 0.0000
vt 0.0392 0.0000
vt -0.1480 0.0819
vt 0.0000 0.0000
vt 0.0392 -0.0000
vt 0.1872 0.0819
vt 0.0000 0.0000
vt 0.0288 0.0000
vt -0.1480 0.1408
vt 0.0000 0.0000
vt 0.0288 0.0000
vt 0.1768 0.1408
vt 0.0000 0.0000
vt 0.0556 -0.0000
vt 0.1895 0.1232
vt 0.0000 0.0000
vt 0.0556 0.0000
vt -0.1339 0.1232
vt 0.0000 0.0000
vt 0.0604 0.0000
vt 0.0000 0.6102
vt 0.0000 0.6059
vt 0.0000 0.0000
vt 0.0604 0.0000
vt 0.0006 0.6123
vt 0.0002 0.6161
vt 0.0000 0.0000
vt 0.0604 0.0000
vt 0.0000 0.6023
vt 0.0000 0.6182
vt 0.0000 0.0000
vt 0.0604 0.0000
vt 0.0006 0.6000
vt 0.0002 0.6081
vt 0.0000 0.0000
vt 0.0604 0.0000
vt -0.1024 0.5929
vt -0.1024 0.5999
vt 0.0000 0.0000
vt 0.0604 0.0000
vt -0.0221 0.6072
vt -0.0218 0.6173
vt 0.0000 0.0000
vt 0.0604 -0.0000
vt 0.1027 0.6020
vt 0.1027 0.6071
vt 0.0000 0.0000
vt 0.0604 0.0000
vt 0.0219 0.6043
vt 0.0222 0.6061
vt 0.0000 0.0000
vt 0.0604 -0.0000
vt 0.0095 0.6064
vt 0.0095 0.6134
vt 0.0000 0.0000
vt 0.0604 0.0000
vt 0.0431 0.6076
vt 0.0429 0.6100
vt 0.0000 0.0000
vt 0.0604 -0.0000
vt -0.0094 0.6058
vt -0.0094 0.6107
vt 0.0000 0.0000
vt 0.0604 0.0000
vt -0.0428 0.6018
vt -0.0430 0.6112
vt 0.0000 0.0000
vt 0.0604 -0.0000
vt 0.0104 0.6048
vt 0.0104 0.6108
vt 0.0000 0.0000
vt 0.0604 0.0000
vt -0.0358 0.6028
vt -0.0358 0.6088
vt 0.0000 0.0000
vt 0.0604 0.0000
vt -0.0104 0.6073
vt -0.0104 0.6133
vt 0.0000 0.0000
vt 0.0604 0.0000
vt 0.0359 0.6074
vt 0.0359 0.6133
vt 0.0000 0.0000
vt 0.0604 0.0000
vt 0.0604 0.0604
vt 0.0000 0.0604
vt 0.0000 0.0000
vt 0.0604 -0.0000
vt 0.0604 0.0604
vt -0.0000 0.0604
vt 0.0000 0.0000
vt 0.0920 -0.0000
vt 0.0012 0.3310
vt 0.0012 0.3454
vt 0.0000 0.0000
vt 0.0920 0.0000
vt 0.0014 0.3525
vt -0.0009 0.3550
vt 0.0000 0.0000
vt 0.0920 0.0000
vt 0.0012 0.3437
vt 0.0012 0.3754
vt 0.0000 0.0000
vt 0.0920 0.0000
vt 0.0014 0.3232
vt -0.0009 0.3658
vt 0.0000 0.0000
vt 0.0920 0.0000
vt -0.0358 0.3008
vt -0.0358 0.3501
vt 0.0000 0.0000
vt 0.0920 -0.0000
vt -0.0799 0.3148
vt -0.0672 0.3291
vt 0.0000 0.0000
vt 0.0920 0.0000
vt 0.0393 0.3718
vt 0.0393 0.3677
vt 0.0000 0.0000
vt 0.0920 0.0000
vt 0.0798 0.3414
vt 0.0926 0.3753
vt 0.0000 0.0000
vt 0.0920 0.0000
vt 0.1021 0.3202
vt 0.1021 0.3420
vt 0.0000 0.0000
vt 0.0920 -0.0000
vt -0.0537 0.3211
vt -0.0550 0.3280
vt 0.0000 0.0000
vt 0.0920 -0.0000
vt -0.1016 0.3230
vt -0.1016 0.3499
vt 0.0000 0.0000
vt 0.0920 0.0000
vt 0.0558 0.3450
vt 0.0545 0.3829
vt 0.0000 0.0000
vt 0.0920 0.0000
vt -0.0105 0.3268
vt -0.0105 0.3507
vt 0.0000 0.0000
vt 0.0920 -0.0000
vt -0.0650 0.3234
vt -0.0645 0.3479
vt 0.0000 0.0000
vt 0.0920 0.0000
vt 0.0105 0.3474
vt 0.0105 0.3701
vt 0.0000 0.0000
vt 0.0920 0.0000
vt 0.0661 0.3384
vt 0.0666 0.3617
vt 0.0000 0.0000
vt 0.0920 0.0000
vt 0.0920 0.0920
vt 0.0000 0.0920
vt 0.0000 0.0000
vt 0.0920 0.0000
vt 0.0920 0.0920
vt -0.0000 0.0920
vt 0.0000 0.0000
vt 0.0666 0.0000
vt 0.0009 0.5179
vt 0.0009 0.5193
vt 0.0000 0.0000
vt 0.0666 0.0000
vt 0.0010 0.5333
vt -0.0006 0.5263
vt 0.0000 0.0000
vt 0.0666 0.0000
vt 0.0009 0.5264
vt 0.0009 0.5414
vt 0.0000 0.0000
vt 0.0666 0.0000
vt 0.0010 0.5113
vt -0.0006 0.5344
vt 0.0000 0.0000
vt 0.0666 0.0000
vt -0.0558 0.5083
vt -0.0558 0.5184
vt 0.0000 0.0000
vt 0.0666 0.0000
vt -0.1200 0.5017
vt -0.1189 0.5134
vt 0.0000 0.0000
vt 0.0666 0.0000
vt 0.0560 0.5299
vt 0.0560 0.5364
vt 0.0000 0.0000
vt 0.0666 -0.0000
vt 0.1211 0.5143
vt 0.1222 0.5199
vt 0.0000 0.0000
vt 0.0666 0.0000
vt 0.0132 0.5264
vt 0.0132 0.5324
vt 0.0000 0.0000
vt 0.0666 0.0000
vt 0.0211 0.5222
vt 0.0214 0.5328
vt 0.0000 0.0000
vt 0.0666 0.0000
vt -0.0130 0.5175
vt -0.0130 0.5282
vt 0.0000 0.0000
vt 0.0666 0.0000
vt -0.0212 0.5211
vt -0.0209 0.5273
vt 0.0000 0.0000
vt 0.0666 0.0000
vt -0.0182 0.5218
vt -0.0182 0.5301
vt 0.0000 0.0000
vt 0.0666 0.0000
vt 0.0180 0.5241
vt 0.0179 0.5324
vt 0.0000 0.0000
vt 0.0666 0.0000
vt 0.0182 0.5218
vt 0.0182 0.5302
vt 0.0000 0.0000
vt 0.0666 0.0000
vt -0.0179 0.5195
vt -0.0179 0.5279
vt 0.0000 0.0000
vt 0.0666 -0.0000
vt 0.0666 0.0666
vt -0.0000 0.0666
vt 0.0000 0.0000
vt 0.0666 0.0000
vt 0.0666 0.0666
vt 0.0000 0.0666
vt 0.0000 0.0000
vt 0.1404 0.0000
vt 0.1383 0.0768
vt -0.0021 0.0770
vt 0.0000 0.0000
vt 0.1671 0.0000
vt 0.1664 0.0768
vt -0.0008 0.0769
vt 0.0000 0.0000
vt 0.1779 0.0000
vt 0.1757 0.0766
vt -0.0022 0.0768
vt 0.0000 0.0000
vt 0.1647 -0.0000
vt 0.1631 0.0765
vt -0.0016 0.0766
vt 0.0000 0.0000
vt 0.1562 0.0000
vt 0.1551 0.0765
vt -0.0010 0.0765
vt 0.0000 0.0000
vt 0.2795 0.0000
vt 0.2794 0.0765
vt -0.0001 0.0765
vt 0.0000 0.0000
vt 0.2807 0.0000
vt 0.2817 0.0766
vt 0.0011 0.0765
vt 0.0000 0.0000
vt 0.2746 -0.0000
vt 0.2766 0.0768
vt 0.0020 0.0766
vt 0.0000 0.0000
vt 0.2808 -0.0000
vt 0.2841 0.0771
vt 0.0033 0.0767
vt 0.0000 0.0000
vt 0.2271 0.0000
vt 0.2239 0.0768
vt -0.0032 0.0771
vt 0.0000 0.0000
vt 0.2535 0.0000
vt 0.2511 0.0766
vt -0.0024 0.0769
vt 0.0000 0.0000
vt 0.2335 0.0000
vt 0.2321 0.0765
vt -0.0014 0.0766
vt 0.0000 0.0000
vt 0.2386 0.0000
vt 0.2380 0.0765
vt -0.0006 0.0765
vt 0.0000 0.0000
vt 0.2158 0.0000
vt 0.2161 0.0765
vt 0.0003 0.0765
vt 0.0000 0.0000
vt 0.3901 0.0000
vt 0.3912 0.0767
vt 0.0011 0.0765
vt 0.0000 0.0000
vt 0.1383 0.0000
vt 0.1404 0.0768
vt 0.0021 0.0766
vt 0.0000 0.0000
vt 0.2126 0.0000
vt 0.2162 0.0770
vt 0.0036 0.0767
vt 0.0000 0.0000
vt 0.2873 0.0000
vt 0.2858 0.0769
vt -0.0015 0.0771
vt 0.0000 0.0000
vt 0.1132 0.0000
vt 0.1155 0.0770
vt 0.0023 0.0769
vt 0.0000 0.0000
vt 0.2136 0.0000
vt 0.2180 0.0773
vt 0.0044 0.0769
vt 0.0000 0.0000
vt 0.1539 0.0000
vt 0.1511 0.0772
vt -0.0028 0.0773
vt 0.0000 0.0000
vt 0.3420 0.0000
vt 0.3475 0.0778
vt 0.0054 0.0770
vt 0.0000 0.0000
vt 0.4264 -0.0000
vt 0.4213 0.0769
vt -0.0051 0.0778
vt 0.0000 0.0000
vt 0.1301 0.0000
vt 0.1277 0.0769
vt -0.0023 0.0771
vt 0.0000 0.0000
vt 0.1404 -0.0000
vt 0.1956 0.2413
vt 0.1085 0.2413
vt 0.0000 0.0000
vt 0.1404 -0.0000
vt 0.0319 0.2413
vt -0.0551 0.2413
vt 0.0000 0.0000
vt 0.1671 0.0000
vt 0.0595 0.2436
vt -0.0441 0.2436
vt 0.0000 0.0000
vt 0.1671 -0.0000
vt 0.2113 0.2435
vt 0.1077 0.2435
vt 0.0000 0.0000
vt 0.1779 0.0000
vt 0.1895 0.2542
vt 0.0792 0.2542
vt 0.0000 0.0000
vt 0.1779 0.0000
vt 0.0988 0.2542
vt -0.0115 0.2542
vt 0.0000 0.0000
vt 0.1648 0.0000
vt 0.1210 0.2538
vt 0.0189 0.2538
vt 0.0000 0.0000
vt 0.1647 -0.0000
vt 0.1459 0.2538
vt 0.0438 0.2538
vt 0.0000 0.0000
vt 0.1562 -0.0000
vt 0.0362 0.2503
vt -0.0606 0.2503
vt 0.0000 0.0000
vt 0.1562 0.0000
vt 0.2168 0.2503
vt 0.1200 0.2503
vt 0.0000 0.0000
vt 0.2795 -0.0000
vt 0.3633 0.2023
vt 0.1900 0.2023
vt 0.0000 0.0000
vt 0.2795 -0.0000
vt 0.0896 0.2023
vt -0.0838 0.2023
vt 0.0000 0.0000
vt 0.2807 -0.0000
vt 0.2321 0.2111
vt 0.0581 0.2111
vt 0.0000 0.0000
vt 0.2807 -0.0000
vt 0.2225 0.2111
vt 0.0485 0.2111
vt 0.0000 0.0000
vt 0.2746 0.0000
vt 0.1669 0.2166
vt -0.0033 0.2166
vt 0.0000 0.0000
vt 0.2746 0.0000
vt 0.2779 0.2166
vt 0.1077 0.2166
vt 0.0000 0.0000
vt 0.2809 0.0000
vt 0.0419 0.2027
vt -0.1321 0.2027
vt 0.0000 0.0000
vt 0.2808 0.0000
vt 0.4129 0.2027
vt 0.2389 0.2027
vt 0.0000 0.0000
vt 0.2271 0.0000
vt 0.4264 0.1288
vt 0.2857 0.1288
vt 0.0000 0.0000
vt 0.2271 0.0000
vt -0.0585 0.1288
vt -0.1992 0.1288
vt 0.0000 0.0000
vt 0.2535 0.0000
vt 0.3654 0.1137
vt 0.2082 0.1137
vt 0.0000 0.0000
vt 0.2535 0.0000
vt 0.0453 0.1137
vt -0.1118 0.1137
vt 0.0000 0.0000
vt 0.2335 -0.0000
vt 0.2460 0.1232
vt 0.1012 0.1233
vt 0.0000 0.0000
vt 0.2335 0.0000
vt 0.1323 0.1232
vt -0.0124 0.1232
vt 0.0000 0.0000
vt 0.2386 -0.0000
vt 0.1696 0.1220
vt 0.0217 0.1220
vt 0.0000 0.0000
vt 0.2386 0.0000
vt 0.2170 0.1220
vt 0.0690 0.1220
vt 0.0000 0.0000
vt 0.2158 -0.0000
vt 0.0705 0.1251
vt -0.0633 0.1251
vt 0.0000 0.0000
vt 0.2158 0.0000
vt 0.2790 0.1251
vt 0.1452 0.1251
vt 0.0000 0.0000
vt 0.3901 0.0000
vt 0.0686 0.0819
vt -0.1732 0.0820
vt 0.0000 0.0000
vt 0.3901 0.0000
vt 0.5634 0.0820
vt 0.3215 0.0820
vt 0.0000 0.0000
vt 0.1383 0.0000
vt 0.1425 0.3269
vt 0.0568 0.3269
vt 0.0000 0.0000
vt 0.1383 -0.0000
vt 0.0815 0.3269
vt -0.0042 0.3269
vt 0.0000 0.0000
vt 0.2126 0.0000
vt -0.0776 0.2512
vt -0.2093 0.2512
vt 0.0000 0.0000
vt 0.2126 0.0000
vt 0.4218 0.2512
vt 0.2901 0.2512
vt 0.0000 0.0000
vt 0.2873 0.0000
vt 0.5275 0.1587
vt 0.3494 0.1587
vt 0.0000 0.0000
vt 0.2873 0.0000
vt -0.0621 0.1587
vt -0.2402 0.1586
vt 0.0000 0.0000
vt 0.1132 -0.0000
vt 0.0434 0.2867
vt -0.0268 0.2867
vt 0.0000 0.0000
vt 0.1132 0.0000
vt 0.1399 0.2866
vt 0.0698 0.2866
vt 0.0000 0.0000
vt 0.2136 0.0000
vt -0.1079 0.1713
vt -0.2402 0.1714
vt 0.0000 0.0000
vt 0.2136 -0.0000
vt 0.4537 0.1714
vt 0.3214 0.1714
vt 0.0000 0.0000
vt 0.1539 0.0000
vt 0.3825 0.2242
vt 0.2872 0.2243
vt 0.0000 0.0000
vt 0.1539 -0.0000
vt -0.1332 0.2242
vt -0.2286 0.2242
vt 0.0000 0.0000
vt 0.3421 0.0000
vt -0.0906 0.1055
vt -0.3022 0.1058
vt 0.0000 0.0000
vt 0.3420 -0.0000
vt 0.6442 0.1057
vt 0.4325 0.1057
vt 0.0000 0.0000
vt 0.4264 0.0000
vt 0.6989 0.0956
vt 0.4349 0.0957
vt 0.0000 0.0000
vt 0.4264 -0.0000
vt -0.0084 0.0955
vt -0.2724 0.0959
vt 0.0000 0.0000
vt 0.1301 -0.0000
vt 0.2405 0.2405
vt 0.1599 0.2405
vt 0.0000 0.0000
vt 0.1301 -0.0000
vt -0.0298 0.2405
vt -0.1104 0.2405
vt 0.0000 0.0000
vt 0.0870 -0.0000
vt 0.1334 0.2032
vt 0.0913 0.2032
vt 0.0000 0.0000
vt 0.0870 -0.0000
vt -0.0042 0.2032
vt -0.0463 0.2032
vt 0.0000 0.0000
vt 0.1036 -0.0000
vt 0.0129 0.2050
vt -0.0372 0.2050
vt 0.0000 0.0000
vt 0.1036 -0.0000
vt 0.1408 0.2050
vt 0.0907 0.2050
vt 0.0000 0.0000
vt 0.1103 -0.0000
vt 0.1199 0.2141
vt 0.0666 0.2141
vt 0.0000 0.0000
vt 0.1103 0.0000
vt 0.0437 0.2141
vt -0.0096 0.2141
vt 0.0000 0.0000
vt 0.1021 0.0000
vt 0.0653 0.2137
vt 0.0158 0.2137
vt 0.0000 0.0000
vt 0.1021 -0.0000
vt 0.0863 0.2137
vt 0.0369 0.2137
vt 0.0000 0.0000
vt 0.0968 0.0000
vt -0.0042 0.2108
vt -0.0511 0.2108
vt 0.0000 0.0000
vt 0.0968 0.0000
vt 0.1479 0.2108
vt 0.1010 0.2108
vt 0.0000 0.0000
vt 0.1733 0.0000
vt 0.2438 0.1704
vt 0.1600 0.1704
vt 0.0000 0.0000
vt 0.1733 0.0000
vt 0.0133 0.1704
vt -0.0705 0.1704
vt 0.0000 0.0000
vt 0.1740 -0.0000
vt 0.1331 0.1778
vt 0.0490 0.1778
vt 0.0000 0.0000
vt 0.1740 -0.0000
vt 0.1250 0.1778
vt 0.0409 0.1778
vt 0.0000 0.0000
vt 0.1702 -0.0000
vt 0.0796 0.1824
vt -0.0027 0.1824
vt 0.0000 0.0000
vt 0.1702 -0.0000
vt 0.1730 0.1824
vt 0.0906 0.1824
vt 0.0000 0.0000
vt 0.1740 -0.0000
vt -0.0270 0.1707
vt -0.1111 0.1707
vt 0.0000 0.0000
vt 0.1740 0.0000
vt 0.2852 0.1707
vt 0.2010 0.1707
vt 0.0000 0.0000
vt 0.1407 0.0000
vt 0.3084 0.1084
vt 0.2404 0.1085
vt 0.0000 0.0000
vt 0.1407 0.0000
vt -0.0996 0.1085
vt -0.1677 0.1085
vt 0.0000 0.0000
vt 0.1572 -0.0000
vt 0.2513 0.0958
vt 0.1753 0.0958
vt 0.0000 0.0000
vt 0.1571 -0.0000
vt -0.0181 0.0958
vt -0.0941 0.0958
vt 0.0000 0.0000
vt 0.1448 0.0000
vt 0.1553 0.1038
vt 0.0852 0.1038
vt 0.0000 0.0000
vt 0.1448 0.0000
vt 0.0596 0.1038
vt -0.0105 0.1038
vt 0.0000 0.0000
vt 0.1479 -0.0000
vt 0.0898 0.1027
vt 0.0182 0.1027
vt 0.0000 0.0000
vt 0.1479 -0.0000
vt 0.1297 0.1027
vt 0.0581 0.1027
vt 0.0000 0.0000
vt 0.1338 0.0000
vt 0.0115 0.1053
vt -0.0533 0.1053
vt 0.0000 0.0000
vt 0.1338 -0.0000
vt 0.1870 0.1053
vt 0.1223 0.1053
vt 0.0000 0.0000
vt 0.2419 -0.0000
vt -0.0289 0.0690
vt -0.1459 0.0690
vt 0.0000 0.0000
vt 0.2419 0.0000
vt 0.3878 0.0690
vt 0.2707 0.0690
vt 0.0000 0.0000
vt 0.0857 -0.0000
vt 0.0893 0.2753
vt 0.0479 0.2753
vt 0.0000 0.0000
vt 0.0857 -0.0000
vt 0.0378 0.2753
vt -0.0036 0.2753
vt 0.0000 0.0000
vt 0.1317 0.0000
vt -0.1125 0.2115
vt -0.1762 0.2115
vt 0.0000 0.0000
vt 0.1317 -0.0000
vt 0.3079 0.2115
vt 0.2442 0.2115
vt 0.0000 0.0000
vt 0.1781 -0.0000
vt 0.3803 0.1336
vt 0.2942 0.1336
vt 0.0000 0.0000
vt 0.1781 -0.0000
vt -0.1161 0.1336
vt -0.2022 0.1336
vt 0.0000 0.0000
vt 0.0701 -0.0000
vt 0.0115 0.2413
vt -0.0224 0.2413
vt 0.0000 0.0000
vt 0.0701 0.0000
vt 0.0925 0.2413
vt 0.0586 0.2413
vt 0.0000 0.0000
vt 0.1323 -0.0000
vt -0.1381 0.1443
vt -0.2021 0.1443
vt 0.0000 0.0000
vt 0.1323 0.0000
vt 0.3344 0.1443
vt 0.2704 0.1443
vt 0.0000 0.0000
vt 0.0954 0.0000
vt 0.2877 0.1887
vt 0.2415 0.1887
vt 0.0000 0.0000
vt 0.0954 -0.0000
vt -0.1462 0.1888
vt -0.1923 0.1887
vt 0.0000 0.0000
vt 0.2117 0.0000
vt -0.1519 0.0890
vt -0.2543 0.0891
vt 0.0000 0.0000
vt 0.2117 -0.0000
vt 0.4660 0.0890
vt 0.3637 0.0890
vt 0.0000 0.0000
vt 0.2640 0.0000
vt 0.4933 0.0806
vt 0.3656 0.0806
vt 0.0000 0.0000
vt 0.2640 0.0000
vt -0.1016 0.0806
vt -0.2293 0.0807
vt 0.0000 0.0000
vt 0.0806 -0.0000
vt 0.1735 0.2025
vt 0.1345 0.2025
vt 0.0000 0.0000
vt 0.0806 -0.0000
vt -0.0538 0.2025
vt -0.0928 0.2025
vt 0.0000 0.0000
vt 0.0421 0.0000
vt 0.0855 0.1904
vt 0.0000 0.0000
vt 0.0421 -0.0000
vt -0.0434 0.1905
vt 0.0000 0.0000
vt 0.0501 -0.0000
vt -0.0349 0.1922
vt 0.0000 0.0000
vt 0.0501 -0.0000
vt 0.0850 0.1922
vt 0.0000 0.0000
vt 0.0534 0.0000
vt 0.0624 0.2007
vt 0.0000 0.0000
vt 0.0534 -0.0000
vt -0.0090 0.2007
vt 0.0000 0.0000
vt 0.0494 0.0000
vt 0.0148 0.2003
vt 0.0000 0.0000
vt 0.0494 -0.0000
vt 0.0346 0.2004
vt 0.0000 0.0000
vt 0.0468 -0.0000
vt -0.0479 0.1976
vt 0.0000 0.0000
vt 0.0468 -0.0000
vt 0.0947 0.1976
vt 0.0000 0.0000
vt 0.0839 -0.0000
vt 0.1500 0.1597
vt 0.0000 0.0000
vt 0.0839 0.0000
vt -0.0661 0.1598
vt 0.0000 0.0000
vt 0.0842 0.0000
vt 0.0459 0.1667
vt 0.0000 0.0000
vt 0.0842 -0.0000
vt 0.0383 0.1667
vt 0.0000 0.0000
vt 0.0824 -0.0000
vt -0.0026 0.1710
vt 0.0000 0.0000
vt 0.0824 0.0000
vt 0.0849 0.1710
vt 0.0000 0.0000
vt 0.0842 0.0000
vt -0.1041 0.1600
vt 0.0000 0.0000
vt 0.0842 -0.0000
vt 0.1884 0.1600
vt 0.0000 0.0000
vt 0.0681 0.0000
vt 0.2252 0.1017
vt 0.0000 0.0000
vt 0.0681 -0.0000
vt -0.1572 0.1017
vt 0.0000 0.0000
vt 0.0760 0.0000
vt 0.1643 0.0898
vt 0.0000 0.0000
vt 0.0760 0.0000
vt -0.0883 0.0898
vt 0.0000 0.0000
vt 0.0700 0.0000
vt 0.0799 0.0973
vt 0.0000 0.0000
vt 0.0700 0.0000
vt -0.0098 0.0973
vt 0.0000 0.0000
vt 0.0716 0.0000
vt 0.0171 0.0963
vt 0.0000 0.0000
vt 0.0716 -0.0000
vt 0.0545 0.0963
vt 0.0000 0.0000
vt 0.0647 0.0000
vt -0.0499 0.0987
vt 0.0000 0.0000
vt 0.0647 -0.0000
vt 0.1147 0.0988
vt 0.0000 0.0000
vt 0.1170 -0.0000
vt -0.1368 0.0647
vt 0.0000 0.0000
vt 0.1170 -0.0000
vt 0.2538 0.0647
vt 0.0000 0.0000
vt 0.0415 0.0000
vt 0.0449 0.2580
vt 0.0000 0.0000
vt 0.0415 -0.0000
vt -0.0034 0.2581
vt 0.0000 0.0000
vt 0.0637 -0.0000
vt -0.1651 0.1983
vt 0.0000 0.0000
vt 0.0637 -0.0000
vt 0.2289 0.1983
vt 0.0000 0.0000
vt 0.0862 0.0000
vt 0.2757 0.1252
vt 0.0000 0.0000
vt 0.0862 0.0000
vt -0.1896 0.1252
vt 0.0000 0.0000
vt 0.0339 0.0000
vt -0.0209 0.2262
vt 0.0000 0.0000
vt 0.0339 -0.0000
vt 0.0549 0.2262
vt 0.0000 0.0000
vt 0.0640 0.0000
vt -0.1894 0.1353
vt 0.0000 0.0000
vt 0.0640 -0.0000
vt 0.2534 0.1353
vt 0.0000 0.0000
vt 0.0461 -0.0000
vt 0.2263 0.1769
vt 0.0000 0.0000
vt 0.0461 0.0000
vt -0.1802 0.1769
vt 0.0000 0.0000
vt 0.1024 0.0000
vt -0.2383 0.0835
vt 0.0000 0.0000
vt 0.1024 -0.0000
vt 0.3408 0.0834
vt 0.0000 0.0000
vt 0.1277 -0.0000
vt 0.3425 0.0756
vt 0.0000 0.0000
vt 0.1277 0.0000
vt -0.2149 0.0756
vt 0.0000 0.0000
vt 0.0390 -0.0000
vt 0.1260 0.1898
vt 0.0000 0.0000
vt 0.0390 0.0000
vt -0.0870 0.1898
vt 0.0000 0.0000
vt 0.0938 -0.0000
vt 0.0894 0.1082
vt -0.0044 0.1083
vt 0.0000 0.0000
vt 0.0945 0.0000
vt 0.0916 0.1082
vt -0.0029 0.1083
vt 0.0000 0.0000
vt 0.1204 0.0000
vt 0.1176 0.1081
vt -0.0028 0.1082
vt 0.0000 0.0000
vt 0.0981 0.0000
vt 0.0963 0.1081
vt -0.0018 0.1081
vt 0.0000 0.0000
vt 0.1148 0.0000
vt 0.1136 0.1081
vt -0.0012 0.1081
vt 0.0000 0.0000
vt 0.0994 0.0000
vt 0.1015 0.1081
vt 0.0021 0.1080
vt 0.0000 0.0000
vt 0.1141 -0.0000
vt 0.1161 0.1082
vt 0.0021 0.1081
vt 0.0000 0.0000
vt 0.1075 0.0000
vt 0.1094 0.1082
vt 0.0019 0.1082
vt 0.0000 0.0000
vt 0.1059 0.0000
vt 0.1079 0.1083
vt 0.0021 0.1082
vt 0.0000 0.0000
vt 0.1157 0.0000
vt 0.1180 0.1084
vt 0.0023 0.1083
vt 0.0000 0.0000
vt 0.1051 0.0000
vt 0.1069 0.1084
vt 0.0019 0.1084
vt 0.0000 0.0000
vt 0.0625 0.0000
vt 0.0584 0.1083
vt -0.0042 0.1084
vt 0.0000 0.0000
vt 0.0678 0.0000
vt 0.0634 0.1082
vt -0.0044 0.1083
vt 0.0000 0.0000
vt 0.0719 0.0000
vt 0.0686 0.1082
vt -0.0032 0.1082
vt 0.0000 0.0000
vt 0.0780 -0.0000
vt 0.0749 0.1081
vt -0.0031 0.1082
vt 0.0000 0.0000
vt 0.0631 0.0000
vt 0.0612 0.1081
vt -0.0020 0.1081
vt 0.0000 0.0000
vt 0.1641 0.0000
vt 0.1645 0.1081
vt 0.0004 0.1081
vt 0.0000 0.0000
vt 0.1653 0.0000
vt 0.1667 0.1082
vt 0.0014 0.1081
vt 0.0000 0.0000
vt 0.1479 0.0000
vt 0.1493 0.1082
vt 0.0014 0.1082
vt 0.0000 0.0000
vt 0.2028 0.0000
vt 0.2060 0.1084
vt 0.0032 0.1082
vt 0.0000 0.0000
vt 0.0938 -0.0000
vt 0.1790 0.1363
vt 0.1303 0.1363
vt 0.0000 0.0000
vt 0.0938 -0.0000
vt -0.0367 0.1365
vt -0.0854 0.1364
vt 0.0000 0.0000
vt 0.0945 0.0000
vt 0.0558 0.1606
vt 0.0067 0.1606
vt 0.0000 0.0000
vt 0.0945 -0.0000
vt 0.0876 0.1608
vt 0.0385 0.1608
vt 0.0000 0.0000
vt 0.1204 -0.0000
vt 0.1665 0.1284
vt 0.1040 0.1284
vt 0.0000 0.0000
vt 0.1204 -0.0000
vt 0.0163 0.1284
vt -0.0463 0.1284
vt 0.0000 0.0000
vt 0.0981 0.0000
vt 0.0477 0.1364
vt -0.0033 0.1364
vt 0.0000 0.0000
vt 0.0981 0.0000
vt 0.1012 0.1365
vt 0.0502 0.1365
vt 0.0000 0.0000
vt 0.1148 -0.0000
vt -0.0147 0.1249
vt -0.0744 0.1249
vt 0.0000 0.0000
vt 0.1148 0.0000
vt 0.1891 0.1250
vt 0.1295 0.1250
vt 0.0000 0.0000
vt 0.0994 0.0000
vt 0.1799 0.1262
vt 0.1282 0.1262
vt 0.0000 0.0000
vt 0.0994 0.0000
vt -0.0288 0.1263
vt -0.0804 0.1263
vt 0.0000 0.0000
vt 0.1141 0.0000
vt 0.1594 0.1113
vt 0.1001 0.1113
vt 0.0000 0.0000
vt 0.1141 0.0000
vt 0.0141 0.1115
vt -0.0452 0.1115
vt 0.0000 0.0000
vt 0.1075 -0.0000
vt 0.1025 0.1108
vt 0.0466 0.1108
vt 0.0000 0.0000
vt 0.1075 0.0000
vt 0.0610 0.1110
vt 0.0051 0.1110
vt 0.0000 0.0000
vt 0.1059 -0.0000
vt 0.0394 0.1098
vt -0.0156 0.1098
vt 0.0000 0.0000
vt 0.1059 -0.0000
vt 0.1216 0.1100
vt 0.0665 0.1100
vt 0.0000 0.0000
vt 0.1157 -0.0000
vt -0.0127 0.1057
vt -0.0729 0.1056
vt 0.0000 0.0000
vt 0.1157 -0.0000
vt 0.1887 0.1058
vt 0.1286 0.1059
vt 0.0000 0.0000
vt 0.1051 -0.0000
vt -0.0611 0.1195
vt -0.1157 0.1195
vt 0.0000 0.0000
vt 0.1051 -0.0000
vt 0.2209 0.1197
vt 0.1662 0.1198
vt 0.0000 0.0000
vt 0.0625 -0.0000
vt 0.0891 0.1967
vt 0.0566 0.1967
vt 0.0000 0.0000
vt 0.0625 0.0000
vt 0.0057 0.1969
vt -0.0268 0.1968
vt 0.0000 0.0000
vt 0.0678 -0.0000
vt 0.1111 0.1834
vt 0.0759 0.1834
vt 0.0000 0.0000
vt 0.0678 0.0000
vt -0.0082 0.1835
vt -0.0435 0.1835
vt 0.0000 0.0000
vt 0.0719 -0.0000
vt -0.0098 0.1824
vt -0.0472 0.1824
vt 0.0000 0.0000
vt 0.0719 0.0000
vt 0.1189 0.1826
vt 0.0816 0.1826
vt 0.0000 0.0000
vt 0.0780 0.0000
vt 0.1618 0.1589
vt 0.1212 0.1589
vt 0.0000 0.0000
vt 0.0780 -0.0000
vt -0.0434 0.1589
vt -0.0839 0.1589
vt 0.0000 0.0000
vt 0.0631 0.0000
vt 0.1272 0.1528
vt 0.0944 0.1528
vt 0.0000 0.0000
vt 0.0631 0.0000
vt -0.0313 0.1529
vt -0.0642 0.1528
vt 0.0000 0.0000
vt 0.1641 0.0000
vt 0.2339 0.0733
vt 0.1486 0.0733
vt 0.0000 0.0000
vt 0.1641 -0.0000
vt 0.0154 0.0734
vt -0.0699 0.0735
vt 0.0000 0.0000
vt 0.1653 -0.0000
vt 0.1298 0.0913
vt 0.0439 0.0913
vt 0.0000 0.0000
vt 0.1653 0.0000
vt 0.1215 0.0914
vt 0.0355 0.0914
vt 0.0000 0.0000
vt 0.1479 0.0000
vt 0.1094 0.0924
vt 0.0325 0.0924
vt 0.0000 0.0000
vt 0.1479 -0.0000
vt 0.1155 0.0926
vt 0.0386 0.0926
vt 0.0000 0.0000
vt 0.2028 -0.0000
vt 0.0230 0.0569
vt -0.0824 0.0569
vt 0.0000 0.0000
vt 0.2028 0.0000
vt 0.2853 0.0571
vt 0.1799 0.0573
vt 0.0000 0.0000
vt 0.0487 0.0000
vt 0.1410 0.1477
vt 0.0000 0.0000
vt 0.0487 -0.0000
vt -0.0922 0.1477
vt 0.0000 0.0000
vt 0.0491 -0.0000
vt 0.0072 0.1740
vt 0.0000 0.0000
vt 0.0491 -0.0000
vt 0.0419 0.1740
vt 0.0000 0.0000
vt 0.0626 0.0000
vt 0.1126 0.1391
vt 0.0000 0.0000
vt 0.0626 -0.0000
vt -0.0501 0.1391
vt 0.0000 0.0000
vt 0.0510 0.0000
vt -0.0035 0.1478
vt 0.0000 0.0000
vt 0.0510 0.0000
vt 0.0545 0.1478
vt 0.0000 0.0000
vt 0.0597 -0.0000
vt -0.0806 0.1353
vt 0.0000 0.0000
vt 0.0597 -0.0000
vt 0.1403 0.1353
vt 0.0000 0.0000
vt 0.0517 0.0000
vt 0.1389 0.1367
vt 0.0000 0.0000
vt 0.0517 0.0000
vt -0.0872 0.1367
vt 0.0000 0.0000
vt 0.0593 -0.0000
vt 0.1084 0.1206
vt 0.0000 0.0000
vt 0.0593 -0.0000
vt -0.0491 0.1206
vt 0.0000 0.0000
vt 0.0559 -0.0000
vt 0.0505 0.1200
vt 0.0000 0.0000
vt 0.0559 -0.0000
vt 0.0054 0.1200
vt 0.0000 0.0000
vt 0.0551 -0.0000
vt -0.0169 0.1189
vt 0.0000 0.0000
vt 0.0551 0.0000
vt 0.0720 0.1190
vt 0.0000 0.0000
vt 0.0602 -0.0000
vt -0.0789 0.1144
vt 0.0000 0.0000
vt 0.0602 -0.0000
vt 0.1391 0.1144
vt 0.0000 0.0000
vt 0.0546 0.0000
vt -0.1253 0.1294
vt 0.0000 0.0000
vt 0.0546 -0.0000
vt 0.1799 0.1294
vt 0.0000 0.0000
vt 0.0325 -0.0000
vt 0.0611 0.2130
vt 0.0000 0.0000
vt 0.0325 0.0000
vt -0.0287 0.2130
vt 0.0000 0.0000
vt 0.0352 0.0000
vt 0.0821 0.1987
vt 0.0000 0.0000
vt 0.0352 0.0000
vt -0.0468 0.1987
vt 0.0000 0.0000
vt 0.0374 0.0000
vt -0.0512 0.1976
vt 0.0000 0.0000
vt 0.0374 -0.0000
vt 0.0886 0.1976
vt 0.0000 0.0000
vt 0.0405 0.0000
vt 0.1313 0.1721
vt 0.0000 0.0000
vt 0.0405 0.0000
vt -0.0908 0.1721
vt 0.0000 0.0000
vt 0.0328 0.0000
vt 0.1023 0.1656
vt 0.0000 0.0000
vt 0.0328 0.0000
vt -0.0695 0.1656
vt 0.0000 0.0000
vt 0.0853 0.0000
vt 0.1610 0.0794
vt 0.0000 0.0000
vt 0.0853 -0.0000
vt -0.0757 0.0794
vt 0.0000 0.0000
vt 0.0860 0.0000
vt 0.0475 0.0989
vt 0.0000 0.0000
vt 0.0860 0.0000
vt 0.0384 0.0989
vt 0.0000 0.0000
vt 0.0769 0.0000
vt 0.0352 0.1001
vt 0.0000 0.0000
vt 0.0769 0.0000
vt 0.0418 0.1001
vt 0.0000 0.0000
vt 0.1054 -0.0000
vt -0.0892 0.0617
vt 0.0000 0.0000
vt 0.1054 0.0000
vt 0.1946 0.0617
vt 0.0000 0.0000
vt 0.1055 -0.0000
vt 0.1049 0.1003
vt -0.0006 0.1003
vt 0.0000 0.0000
vt 0.1076 0.0000
vt 0.1084 0.1003
vt 0.0008 0.1003
vt 0.0000 0.0000
vt 0.2130 -0.0000
vt 0.2092 0.1000
vt -0.0037 0.1002
vt 0.0000 0.0000
vt 0.2012 -0.0000
vt 0.1988 0.0999
vt -0.0025 0.1000
vt 0.0000 0.0000
vt 0.2010 -0.0000
vt 0.1999 0.0998
vt -0.0011 0.0999
vt 0.0000 0.0000
vt 0.2078 0.0000
vt 0.2075 0.0998
vt -0.0003 0.0998
vt 0.0000 0.0000
vt 0.2220 0.0000
vt 0.2231 0.0999
vt 0.0012 0.0998
vt 0.0000 0.0000
vt 0.1704 0.0000
vt 0.1723 0.1000
vt 0.0019 0.0999
vt 0.0000 0.0000
vt 0.1714 -0.0000
vt 0.1720 0.1000
vt 0.0006 0.1000
vt 0.0000 0.0000
vt 0.1920 -0.0000
vt 0.1942 0.1001
vt 0.0022 0.1000
vt 0.0000 0.0000
vt 0.1845 -0.0000
vt 0.1861 0.1002
vt 0.0017 0.1001
vt 0.0000 0.0000
vt 0.1674 -0.0000
vt 0.1691 0.1003
vt 0.0017 0.1002
vt 0.0000 0.0000
vt 0.1558 0.0000
vt 0.1527 0.1001
vt -0.0032 0.1003
vt 0.0000 0.0000
vt 0.1937 0.0000
vt 0.1906 0.0999
vt -0.0031 0.1001
vt 0.0000 0.0000
vt 0.1620 -0.0000
vt 0.1622 0.1000
vt 0.0001 0.1000
vt 0.0000 0.0000
vt 0.1934 0.0000
vt 0.1912 0.0998
vt -0.0021 0.1000
vt 0.0000 0.0000
vt 0.2392 -0.0000
vt 0.2399 0.0999
vt 0.0008 0.0999
vt 0.0000 0.0000
vt 0.1699 0.0000
vt 0.1686 0.0998
vt -0.0013 0.0999
vt 0.0000 0.0000
vt 0.2102 0.0000
vt 0.2115 0.0999
vt 0.0013 0.0998
vt 0.0000 0.0000
vt 0.1464 0.0000
vt 0.1459 0.0999
vt -0.0004 0.0999
vt 0.0000 0.0000
vt 0.1484 0.0000
vt 0.1485 0.0999
vt 0.0001 0.0999
vt 0.0000 0.0000
vt 0.1418 0.0000
vt 0.1427 0.1000
vt 0.0009 0.0999
vt 0.0000 0.0000
vt 0.1371 0.0000
vt 0.1385 0.1000
vt 0.0015 0.0999
vt 0.0000 0.0000
vt 0.1677 0.0000
vt 0.1708 0.1001
vt 0.0031 0.1000
vt 0.0000 0.0000
vt 0.1471 0.0000
vt 0.1504 0.1003
vt 0.0033 0.1001
vt 0.0000 0.0000
vt 0.1151 0.0000
vt 0.1138 0.1003
vt -0.0013 0.1003
vt 0.0000 0.0000
vt 0.1174 0.0000
vt 0.1157 0.1002
vt -0.0016 0.1003
vt 0.0000 0.0000
vt 0.1043 -0.0000
vt 0.1049 0.1002
vt 0.0006 0.1002
vt 0.0000 0.0000
vt 0.1089 0.0000
vt 0.1097 0.1003
vt 0.0008 0.1002
vt 0.0000 0.0000
vt 0.1055 0.0000
vt 0.0946 0.2976
vt 0.0292 0.2976
vt 0.0000 0.0000
vt 0.1055 -0.0000
vt 0.0763 0.2976
vt 0.0109 0.2976
vt 0.0000 0.0000
vt 0.1076 0.0000
vt -0.0159 0.2861
vt -0.0826 0.2861
vt 0.0000 0.0000
vt 0.1076 -0.0000
vt 0.1902 0.2861
vt 0.1235 0.2861
vt 0.0000 0.0000
vt 0.2130 -0.0000
vt 0.3940 0.1687
vt 0.2620 0.1687
vt 0.0000 0.0000
vt 0.2130 -0.0000
vt -0.0490 0.1687
vt -0.1810 0.1687
vt 0.0000 0.0000
vt 0.2012 -0.0000
vt 0.2985 0.1761
vt 0.1738 0.1761
vt 0.0000 0.0000
vt 0.2012 0.0000
vt 0.0275 0.1761
vt -0.0973 0.1761
vt 0.0000 0.0000
vt 0.2010 -0.0000
vt 0.1999 0.1866
vt 0.0753 0.1866
vt 0.0000 0.0000
vt 0.2010 -0.0000
vt 0.1257 0.1866
vt 0.0011 0.1866
vt 0.0000 0.0000
vt 0.2078 -0.0000
vt 0.1714 0.1817
vt 0.0426 0.1817
vt 0.0000 0.0000
vt 0.2078 0.0000
vt 0.1651 0.1817
vt 0.0363 0.1817
vt 0.0000 0.0000
vt 0.2220 0.0000
vt 0.0641 0.1700
vt -0.0735 0.1700
vt 0.0000 0.0000
vt 0.2220 0.0000
vt 0.2955 0.1700
vt 0.1579 0.1700
vt 0.0000 0.0000
vt 0.1704 -0.0000
vt 0.0137 0.2131
vt -0.0919 0.2131
vt 0.0000 0.0000
vt 0.1704 -0.0000
vt 0.2623 0.2131
vt 0.1567 0.2131
vt 0.0000 0.0000
vt 0.1714 0.0000
vt 0.1896 0.2510
vt 0.0833 0.2510
vt 0.0000 0.0000
vt 0.1714 -0.0000
vt 0.0881 0.2510
vt -0.0182 0.2510
vt 0.0000 0.0000
vt 0.1920 0.0000
vt 0.0670 0.2462
vt -0.0521 0.2462
vt 0.0000 0.0000
vt 0.1920 0.0000
vt 0.2441 0.2462
vt 0.1250 0.2462
vt 0.0000 0.0000
vt 0.1845 0.0000
vt 0.0880 0.2750
vt -0.0263 0.2749
vt 0.0000 0.0000
vt 0.1845 0.0000
vt 0.2108 0.2749
vt 0.0964 0.2749
vt 0.0000 0.0000
vt 0.1674 -0.0000
vt 0.0429 0.2850
vt -0.0608 0.2850
vt 0.0000 0.0000
vt 0.1674 -0.0000
vt 0.2282 0.2849
vt 0.1244 0.2849
vt 0.0000 0.0000
vt 0.1558 0.0000
vt 0.3173 0.2190
vt 0.2207 0.2191
vt 0.0000 0.0000
vt 0.1558 0.0000
vt -0.0649 0.2190
vt -0.1615 0.2190
vt 0.0000 0.0000
vt 0.1938 0.0000
vt 0.3379 0.1630
vt 0.2179 0.1630
vt 0.0000 0.0000
vt 0.1937 0.0000
vt -0.0241 0.1630
vt -0.1442 0.1630
vt 0.0000 0.0000
vt 0.1620 0.0000
vt 0.0581 0.2135
vt -0.0424 0.2135
vt 0.0000 0.0000
vt 0.1620 0.0000
vt 0.2044 0.2135
vt 0.1039 0.2135
vt 0.0000 0.0000
vt 0.1934 -0.0000
vt 0.2706 0.1835
vt 0.1507 0.1835
vt 0.0000 0.0000
vt 0.1934 0.0000
vt 0.0427 0.1835
vt -0.0772 0.1835
vt 0.0000 0.0000
vt 0.2392 0.0000
vt 0.0282 0.1587
vt -0.1201 0.1587
vt 0.0000 0.0000
vt 0.2392 -0.0000
vt 0.3593 0.1587
vt 0.2110 0.1587
vt 0.0000 0.0000
vt 0.1699 0.0000
vt 0.2498 0.2210
vt 0.1445 0.2210
vt 0.0000 0.0000
vt 0.1699 -0.0000
vt 0.0254 0.2210
vt -0.0799 0.2210
vt 0.0000 0.0000
vt 0.2102 -0.0000
vt -0.0452 0.1563
vt -0.1755 0.1563
vt 0.0000 0.0000
vt 0.2102 -0.0000
vt 0.3857 0.1563
vt 0.2554 0.1563
vt 0.0000 0.0000
vt 0.1464 -0.0000
vt 0.2317 0.2642
vt 0.1410 0.2642
vt 0.0000 0.0000
vt 0.1464 0.0000
vt 0.0054 0.2642
vt -0.0853 0.2642
vt 0.0000 0.0000
vt 0.1484 0.0000
vt 0.2038 0.2541
vt 0.1118 0.2541
vt 0.0000 0.0000
vt 0.1484 -0.0000
vt 0.0366 0.2541
vt -0.0554 0.2541
vt 0.0000 0.0000
vt 0.1418 0.0000
vt 0.1297 0.2567
vt 0.0418 0.2567
vt 0.0000 0.0000
vt 0.1418 0.0000
vt 0.1001 0.2567
vt 0.0121 0.2567
vt 0.0000 0.0000
vt 0.1371 0.0000
vt 0.0853 0.2570
vt 0.0003 0.2570
vt 0.0000 0.0000
vt 0.1371 0.0000
vt 0.1368 0.2570
vt 0.0518 0.2570
vt 0.0000 0.0000
vt 0.1677 -0.0000
vt -0.0390 0.2198
vt -0.1429 0.2198
vt 0.0000 0.0000
vt 0.1677 -0.0000
vt 0.3106 0.2198
vt 0.2067 0.2198
vt 0.0000 0.0000
vt 0.1471 0.0000
vt -0.0481 0.2677
vt -0.1393 0.2677
vt 0.0000 0.0000
vt 0.1471 0.0000
vt 0.2863 0.2676
vt 0.1952 0.2677
vt 0.0000 0.0000
vt 0.1151 -0.0000
vt 0.2453 0.2820
vt 0.1739 0.2820
vt 0.0000 0.0000
vt 0.1151 -0.0000
vt -0.0588 0.2819
vt -0.1302 0.2819
vt 0.0000 0.0000
vt 0.1174 0.0000
vt 0.2413 0.2608
vt 0.1685 0.2609
vt 0.0000 0.0000
vt 0.1174 0.0000
vt -0.0511 0.2608
vt -0.1239 0.2608
vt 0.0000 0.0000
vt 0.1043 0.0000
vt 0.0646 0.2888
vt -0.0000 0.2888
vt 0.0000 0.0000
vt 0.1043 0.0000
vt 0.1044 0.2887
vt 0.0397 0.2888
vt 0.0000 0.0000
vt 0.1089 0.0000
vt 0.0345 0.2896
vt -0.0331 0.2896
vt 0.0000 0.0000
vt 0.1089 -0.0000
vt 0.1420 0.2896
vt 0.0744 0.2896
vt 0.0000 0.0000
vt 0.0654 0.0000
vt 0.0562 0.2505
vt 0.0246 0.2505
vt 0.0000 0.0000
vt 0.0654 -0.0000
vt 0.0409 0.2504
vt 0.0092 0.2504
vt 0.0000 0.0000
vt 0.0667 -0.0000
vt -0.0372 0.2408
vt -0.0695 0.2408
vt 0.0000 0.0000
vt 0.0667 0.0000
vt 0.1362 0.2408
vt 0.1039 0.2408
vt 0.0000 0.0000
vt 0.1320 0.0000
vt 0.2843 0.1421
vt 0.2205 0.1421
vt 0.0000 0.0000
vt 0.1320 0.0000
vt -0.0884 0.1421
vt -0.1523 0.1421
vt 0.0000 0.0000
vt 0.1247 0.0000
vt 0.2066 0.1483
vt 0.1463 0.1483
vt 0.0000 0.0000
vt 0.1247 -0.0000
vt -0.0215 0.1483
vt -0.0818 0.1484
vt 0.0000 0.0000
vt 0.1246 -0.0000
vt 0.1237 0.1571
vt 0.0634 0.1571
vt 0.0000 0.0000
vt 0.1246 0.0000
vt 0.0613 0.1571
vt 0.0010 0.1571
vt 0.0000 0.0000
vt 0.1288 -0.0000
vt 0.0982 0.1530
vt 0.0359 0.1530
vt 0.0000 0.0000
vt 0.1288 -0.0000
vt 0.0929 0.1530
vt 0.0306 0.1530
vt 0.0000 0.0000
vt 0.1376 0.0000
vt 0.0047 0.1432
vt -0.0619 0.1432
vt 0.0000 0.0000
vt 0.1376 0.0000
vt 0.1995 0.1432
vt 0.1329 0.1432
vt 0.0000 0.0000
vt 0.1056 -0.0000
vt -0.0263 0.1794
vt -0.0774 0.1794
vt 0.0000 0.0000
vt 0.1056 0.0000
vt 0.1830 0.1794
vt 0.1319 0.1794
vt 0.0000 0.0000
vt 0.1063 0.0000
vt 0.1216 0.2113
vt 0.0702 0.2113
vt 0.0000 0.0000
vt 0.1063 -0.0000
vt 0.0361 0.2113
vt -0.0153 0.2113
vt 0.0000 0.0000
vt 0.1191 0.0000
vt 0.0138 0.2073
vt -0.0438 0.2073
vt 0.0000 0.0000
vt 0.1191 0.0000
vt 0.1628 0.2073
vt 0.1052 0.2073
vt 0.0000 0.0000
vt 0.1144 0.0000
vt 0.0333 0.2315
vt -0.0221 0.2314
vt 0.0000 0.0000
vt 0.1144 0.0000
vt 0.1364 0.2314
vt 0.0811 0.2314
vt 0.0000 0.0000
vt 0.1038 -0.0000
vt -0.0009 0.2399
vt -0.0511 0.2399
vt 0.0000 0.0000
vt 0.1038 -0.0000
vt 0.1549 0.2398
vt 0.1047 0.2398
vt 0.0000 0.0000
vt 0.0966 -0.0000
vt 0.2324 0.1844
vt 0.1857 0.1844
vt 0.0000 0.0000
vt 0.0966 -0.0000
vt -0.0891 0.1844
vt -0.1358 0.1844
vt 0.0000 0.0000
vt 0.1201 -0.0000
vt 0.2414 0.1373
vt 0.1834 0.1373
vt 0.0000 0.0000
vt 0.1201 -0.0000
vt -0.0632 0.1373
vt -0.1213 0.1373
vt 0.0000 0.0000
vt 0.1004 0.0000
vt 0.0129 0.1797
vt -0.0357 0.1797
vt 0.0000 0.0000
vt 0.1004 -0.0000
vt 0.1361 0.1797
vt 0.0875 0.1797
vt 0.0000 0.0000
vt 0.1199 0.0000
vt 0.1848 0.1545
vt 0.1268 0.1545
vt 0.0000 0.0000
vt 0.1199 -0.0000
vt -0.0069 0.1545
vt -0.0649 0.1545
vt 0.0000 0.0000
vt 0.1483 -0.0000
vt -0.0294 0.1337
vt -0.1011 0.1337
vt 0.0000 0.0000
vt 0.1483 0.0000
vt 0.2494 0.1337
vt 0.1777 0.1337
vt 0.0000 0.0000
vt 0.1053 0.0000
vt 0.1726 0.1861
vt 0.1216 0.1861
vt 0.0000 0.0000
vt 0.1053 -0.0000
vt -0.0163 0.1861
vt -0.0673 0.1861
vt 0.0000 0.0000
vt 0.1303 -0.0000
vt -0.0848 0.1316
vt -0.1478 0.1316
vt 0.0000 0.0000
vt 0.1303 0.0000
vt 0.2781 0.1316
vt 0.2150 0.1316
vt 0.0000 0.0000
vt 0.0908 -0.0000
vt 0.1626 0.2224
vt 0.1187 0.2224
vt 0.0000 0.0000
vt 0.0908 -0.0000
vt -0.0279 0.2224
vt -0.0718 0.2224
vt 0.0000 0.0000
vt 0.0920 0.0000
vt 0.1386 0.2140
vt 0.0941 0.2140
vt 0.0000 0.0000
vt 0.0920 -0.0000
vt -0.0021 0.2140
vt -0.0466 0.2140
vt 0.0000 0.0000
vt 0.0879 0.0000
vt 0.0777 0.2161
vt 0.0352 0.2161
vt 0.0000 0.0000
vt 0.0879 0.0000
vt 0.0527 0.2161
vt 0.0102 0.2161
vt 0.0000 0.0000
vt 0.0850 -0.0000
vt 0.0414 0.2164
vt 0.0003 0.2164
vt 0.0000 0.0000
vt 0.0850 0.0000
vt 0.0847 0.2164
vt 0.0436 0.2164
vt 0.0000 0.0000
vt 0.1039 0.0000
vt -0.0700 0.1851
vt -0.1203 0.1851
vt 0.0000 0.0000
vt 0.1039 -0.0000
vt 0.2241 0.1851
vt 0.1739 0.1851
vt 0.0000 0.0000
vt 0.0912 -0.0000
vt -0.0730 0.2254
vt -0.1171 0.2254
vt 0.0000 0.0000
vt 0.0912 0.0000
vt 0.2082 0.2254
vt 0.1641 0.2254
vt 0.0000 0.0000
vt 0.0714 0.0000
vt 0.1809 0.2373
vt 0.1464 0.2373
vt 0.0000 0.0000
vt 0.0714 -0.0000
vt -0.0750 0.2373
vt -0.1095 0.2373
vt 0.0000 0.0000
vt 0.0728 0.0000
vt 0.1770 0.2196
vt 0.1418 0.2196
vt 0.0000 0.0000
vt 0.0728 0.0000
vt -0.0690 0.2195
vt -0.1042 0.2195
vt 0.0000 0.0000
vt 0.0647 0.0000
vt 0.0313 0.2431
vt 0.0000 0.2431
vt 0.0000 0.0000
vt 0.0647 -0.0000
vt 0.0647 0.2430
vt 0.0334 0.2430
vt 0.0000 0.0000
vt 0.0675 0.0000
vt 0.0049 0.2438
vt -0.0278 0.2438
vt 0.0000 0.0000
vt 0.0675 -0.0000
vt 0.0953 0.2437
vt 0.0626 0.2437
vt 0.0000 0.0000
vt 0.0317 -0.0000
vt 0.0230 0.2348
vt 0.0000 0.0000
vt 0.0317 0.0000
vt 0.0086 0.2349
vt 0.0000 0.0000
vt 0.0323 -0.0000
vt -0.0651 0.2257
vt 0.0000 0.0000
vt 0.0323 0.0000
vt 0.0974 0.2259
vt 0.0000 0.0000
vt 0.0638 -0.0000
vt 0.2066 0.1332
vt 0.0000 0.0000
vt 0.0638 0.0000
vt -0.1429 0.1334
vt 0.0000 0.0000
vt 0.0604 -0.0000
vt 0.1371 0.1390
vt 0.0000 0.0000
vt 0.0604 -0.0000
vt -0.0768 0.1392
vt 0.0000 0.0000
vt 0.0603 -0.0000
vt 0.0594 0.1473
vt 0.0000 0.0000
vt 0.0603 -0.0000
vt 0.0009 0.1475
vt 0.0000 0.0000
vt 0.0623 0.0000
vt 0.0337 0.1434
vt 0.0000 0.0000
vt 0.0623 0.0000
vt 0.0287 0.1436
vt 0.0000 0.0000
vt 0.0666 0.0000
vt -0.0580 0.1342
vt 0.0000 0.0000
vt 0.0666 -0.0000
vt 0.1247 0.1344
vt 0.0000 0.0000
vt 0.0511 -0.0000
vt -0.0725 0.1682
vt 0.0000 0.0000
vt 0.0511 -0.0000
vt 0.1237 0.1684
vt 0.0000 0.0000
vt 0.0514 -0.0000
vt 0.0658 0.1981
vt 0.0000 0.0000
vt 0.0514 0.0000
vt -0.0144 0.1983
vt 0.0000 0.0000
vt 0.0576 0.0000
vt -0.0410 0.1944
vt 0.0000 0.0000
vt 0.0576 -0.0000
vt 0.0987 0.1945
vt 0.0000 0.0000
vt 0.0553 -0.0000
vt -0.0207 0.2170
vt 0.0000 0.0000
vt 0.0553 -0.0000
vt 0.0760 0.2171
vt 0.0000 0.0000
vt 0.0502 -0.0000
vt -0.0479 0.2248
vt 0.0000 0.0000
vt 0.0502 -0.0000
vt 0.0981 0.2250
vt 0.0000 0.0000
vt 0.0467 -0.0000
vt 0.1740 0.1729
vt 0.0000 0.0000
vt 0.0467 -0.0000
vt -0.1274 0.1730
vt 0.0000 0.0000
vt 0.0581 -0.0000
vt 0.1718 0.1287
vt 0.0000 0.0000
vt 0.0581 -0.0000
vt -0.1138 0.1289
vt 0.0000 0.0000
vt 0.0486 0.0000
vt -0.0334 0.1685
vt 0.0000 0.0000
vt 0.0486 0.0000
vt 0.0821 0.1687
vt 0.0000 0.0000
vt 0.0580 0.0000
vt 0.1189 0.1449
vt 0.0000 0.0000
vt 0.0580 -0.0000
vt -0.0609 0.1450
vt 0.0000 0.0000
vt 0.0717 -0.0000
vt -0.0948 0.1253
vt 0.0000 0.0000
vt 0.0717 -0.0000
vt 0.1666 0.1255
vt 0.0000 0.0000
vt 0.0510 0.0000
vt 0.1140 0.1745
vt 0.0000 0.0000
vt 0.0510 -0.0000
vt -0.0631 0.1746
vt 0.0000 0.0000
vt 0.0631 0.0000
vt -0.1386 0.1234
vt 0.0000 0.0000
vt 0.0631 0.0000
vt 0.2016 0.1236
vt 0.0000 0.0000
vt 0.0439 0.0000
vt 0.1113 0.2085
vt 0.0000 0.0000
vt 0.0439 -0.0000
vt -0.0674 0.2087
vt 0.0000 0.0000
vt 0.0445 -0.0000
vt 0.0882 0.2006
vt 0.0000 0.0000
vt 0.0445 -0.0000
vt -0.0437 0.2007
vt 0.0000 0.0000
vt 0.0426 -0.0000
vt 0.0330 0.2026
vt 0.0000 0.0000
vt 0.0426 0.0000
vt 0.0096 0.2028
vt 0.0000 0.0000
vt 0.0411 -0.0000
vt 0.0003 0.2029
vt 0.0000 0.0000
vt 0.0411 0.0000
vt 0.0409 0.2030
vt 0.0000 0.0000
vt 0.0503 -0.0000
vt -0.1127 0.1735
vt 0.0000 0.0000
vt 0.0503 -0.0000
vt 0.1631 0.1737
vt 0.0000 0.0000
vt 0.0441 -0.0000
vt -0.1098 0.2113
vt 0.0000 0.0000
vt 0.0441 0.0000
vt 0.1539 0.2114
vt 0.0000 0.0000
vt 0.0345 0.0000
vt 0.1372 0.2225
vt 0.0000 0.0000
vt 0.0345 0.0000
vt -0.1027 0.2226
vt 0.0000 0.0000
vt 0.0352 0.0000
vt 0.1329 0.2058
vt 0.0000 0.0000
vt 0.0352 -0.0000
vt -0.0977 0.2060
vt 0.0000 0.0000
vt 0.0313 -0.0000
vt 0.0000 0.2278
vt 0.0000 0.0000
vt 0.0313 0.0000
vt 0.0313 0.2280
vt 0.0000 0.0000
vt 0.0327 0.0000
vt -0.0260 0.2285
vt 0.0000 0.0000
vt 0.0327 0.0000
vt 0.0587 0.2287
vt 0.0000 0.0000
vt 0.0946 0.0000
vt 0.0000 0.6601
vt 0.0000 0.6752
vt 0.0000 0.0000
vt 0.0946 0.0000
vt -0.0000 0.6633
vt 0.0000 0.6734
vt 0.0000 0.0000
vt 0.0946 0.0000
vt 0.0000 0.6652
vt 0.0000 0.6766
vt 0.0000 0.0000
vt 0.0946 -0.0000
vt -0.0000 0.6620
vt 0.0000 0.6784
vt 0.0000 0.0000
vt 0.0946 -0.0000
vt 0.0136 0.6724
vt 0.0136 0.6808
vt 0.0000 0.0000
vt 0.0946 0.0000
vt -0.0231 0.6544
vt -0.0228 0.6834
vt 0.0000 0.0000
vt 0.0946 0.0000
vt -0.0118 0.6527
vt -0.0118 0.6708
vt 0.0000 0.0000
vt 0.0946 -0.0000
vt 0.0228 0.6705
vt 0.0231 0.6674
vt 0.0000 0.0000
vt 0.0946 -0.0000
vt -0.0338 0.6722
vt -0.0338 0.6730
vt 0.0000 0.0000
vt 0.0946 0.0000
vt 0.1192 0.6705
vt 0.1169 0.6809
vt 0.0000 0.0000
vt 0.0946 0.0000
vt 0.0341 0.6516
vt 0.0341 0.6766
vt 0.0000 0.0000
vt 0.0946 0.0000
vt -0.1125 0.6344
vt -0.1149 0.6507
vt 0.0000 0.0000
vt 0.0946 -0.0000
vt -0.0861 0.6493
vt -0.0861 0.6628
vt 0.0000 0.0000
vt 0.0946 0.0000
vt -0.0213 0.6670
vt -0.0209 0.6801
vt 0.0000 0.0000
vt 0.0946 0.0000
vt 0.0869 0.6647
vt 0.0869 0.6779
vt 0.0000 0.0000
vt 0.0946 0.0000
vt 0.0209 0.6576
vt 0.0213 0.6709
vt 0.0000 0.0000
vt 0.0946 0.0000
vt 0.0946 0.0946
vt 0.0000 0.0946
vt 0.0000 0.0000
vt 0.0946 -0.0000
vt 0.0946 0.0946
vt 0.0000 0.0946
vt 0.0000 0.0000
vt 0.0704 0.0000
vt 0.0000 0.2334
vt 0.0000 0.2411
vt 0.0000 0.0000
vt 0.0704 -0.0000
vt 0.0008 0.2358
vt 0.0004 0.2537
vt 0.0000 0.0000
vt 0.0704 0.0000
vt 0.0000 0.2238
vt 0.0000 0.2551
vt 0.0000 0.0000
vt 0.0704 0.0000
vt 0.0008 0.2209
vt 0.0004 0.2429
vt 0.0000 0.0000
vt 0.0704 0.0000
vt -0.0413 0.2094
vt -0.0413 0.2321
vt 0.0000 0.0000
vt 0.0704 -0.0000
vt -0.0064 0.2394
vt -0.0053 0.2464
vt 0.0000 0.0000
vt 0.0704 -0.0000
vt 0.0461 0.2389
vt 0.0461 0.2569
vt 0.0000 0.0000
vt 0.0704 0.0000
vt 0.0053 0.2177
vt 0.0065 0.2495
vt 0.0000 0.0000
vt 0.0704 -0.0000
vt 0.0047 0.2093
vt 0.0047 0.2491
vt 0.0000 0.0000
vt 0.0704 0.0000
vt -0.0413 0.2089
vt -0.0380 0.2237
vt 0.0000 0.0000
vt 0.0704 0.0000
vt -0.0044 0.2492
vt -0.0044 0.2466
vt 0.0000 0.0000
vt 0.0704 0.0000
vt 0.0469 0.2393
vt 0.0502 0.2648
vt 0.0000 0.0000
vt 0.0704 0.0000
vt 0.0768 0.2230
vt 0.0768 0.2433
vt 0.0000 0.0000
vt 0.0704 -0.0000
vt -0.0250 0.2112
vt -0.0276 0.2314
vt 0.0000 0.0000
vt 0.0704 -0.0000
vt -0.0732 0.2085
vt -0.0732 0.2300
vt 0.0000 0.0000
vt 0.0704 0.0000
vt 0.0281 0.2422
vt 0.0255 0.2607
vt 0.0000 0.0000
vt 0.0704 0.0000
vt 0.0704 0.0704
vt 0.0000 0.0704
vt 0.0000 0.0000
vt 0.0704 0.0000
vt 0.0704 0.0704
vt -0.0000 0.0704
vt 0.0000 0.0000
vt 0.2560 0.0000
vt 0.2553 0.0980
vt -0.0007 0.0981
vt 0.0000 0.0000
vt 0.1836 0.0000
vt 0.1851 0.0981
vt 0.0015 0.0980
vt 0.0000 0.0000
vt 0.2077 0.0000
vt 0.2090 0.0982
vt 0.0013 0.0981
vt 0.0000 0.0000
vt 0.2200 0.0000
vt 0.2210 0.0983
vt 0.0010 0.0982
vt 0.0000 0.0000
vt 0.2424 0.0000
vt 0.2432 0.0983
vt 0.0007 0.0983
vt 0.0000 0.0000
vt 0.2482 0.0000
vt 0.2476 0.0983
vt -0.0006 0.0983
vt 0.0000 0.0000
vt 0.2555 0.0000
vt 0.2549 0.0982
vt -0.0006 0.0983
vt 0.0000 0.0000
vt 0.3203 0.0000
vt 0.3196 0.0982
vt -0.0006 0.0982
vt 0.0000 0.0000
vt 0.2060 -0.0000
vt 0.2050 0.0981
vt -0.0010 0.0982
vt 0.0000 0.0000
vt 0.2550 0.0000
vt 0.2536 0.0980
vt -0.0014 0.0981
vt 0.0000 0.0000
vt 0.1966 0.0000
vt 0.1978 0.0981
vt 0.0013 0.0980
vt 0.0000 0.0000
vt 0.1926 -0.0000
vt 0.1937 0.0981
vt 0.0011 0.0981
vt 0.0000 0.0000
vt 0.1852 -0.0000
vt 0.1861 0.0982
vt 0.0009 0.0981
vt 0.0000 0.0000
vt 0.1853 -0.0000
vt 0.1861 0.0982
vt 0.0008 0.0982
vt 0.0000 0.0000
vt 0.2041 0.0000
vt 0.2048 0.0983
vt 0.0006 0.0982
vt 0.0000 0.0000
vt 0.1714 0.0000
vt 0.1718 0.0983
vt 0.0004 0.0983
vt 0.0000 0.0000
vt 0.2702 0.0000
vt 0.2696 0.0983
vt -0.0007 0.0983
vt 0.0000 0.0000
vt 0.2674 0.0000
vt 0.2668 0.0982
vt -0.0006 0.0983
vt 0.0000 0.0000
vt 0.2873 -0.0000
vt 0.2865 0.0981
vt -0.0008 0.0982
vt 0.0000 0.0000
vt 0.2229 0.0000
vt 0.2225 0.0981
vt -0.0004 0.0981
vt 0.0000 0.0000
vt 0.2560 0.0000
vt -0.0233 0.1541
vt -0.1820 0.1541
vt 0.0000 0.0000
vt 0.2560 -0.0000
vt 0.4380 0.1541
vt 0.2792 0.1541
vt 0.0000 0.0000
vt 0.1836 0.0000
vt 0.2542 0.2864
vt 0.1404 0.2864
vt 0.0000 0.0000
vt 0.1836 0.0000
vt 0.0433 0.2865
vt -0.0705 0.2865
vt 0.0000 0.0000
vt 0.2077 -0.0000
vt 0.2248 0.2789
vt 0.0960 0.2789
vt 0.0000 0.0000
vt 0.2077 0.0000
vt 0.1118 0.2790
vt -0.0170 0.2790
vt 0.0000 0.0000
vt 0.2200 0.0000
vt 0.1824 0.2756
vt 0.0460 0.2756
vt 0.0000 0.0000
vt 0.2200 0.0000
vt 0.1741 0.2757
vt 0.0377 0.2757
vt 0.0000 0.0000
vt 0.2424 0.0000
vt 0.0715 0.2668
vt -0.0788 0.2668
vt 0.0000 0.0000
vt 0.2424 0.0000
vt 0.3212 0.2669
vt 0.1709 0.2669
vt 0.0000 0.0000
vt 0.2482 0.0000
vt 0.3874 0.2142
vt 0.2335 0.2142
vt 0.0000 0.0000
vt 0.2482 -0.0000
vt 0.0146 0.2143
vt -0.1393 0.2143
vt 0.0000 0.0000
vt 0.2555 0.0000
vt 0.1406 0.2548
vt -0.0178 0.2548
vt 0.0000 0.0000
vt 0.2555 -0.0000
vt 0.2733 0.2549
vt 0.1149 0.2549
vt 0.0000 0.0000
vt 0.3203 0.0000
vt 0.4094 0.1836
vt 0.2108 0.1835
vt 0.0000 0.0000
vt 0.3203 -0.0000
vt 0.1094 0.1836
vt -0.0891 0.1836
vt 0.0000 0.0000
vt 0.2060 0.0000
vt 0.0943 0.2013
vt -0.0334 0.2013
vt 0.0000 0.0000
vt 0.2060 -0.0000
vt 0.2393 0.2014
vt 0.1116 0.2014
vt 0.0000 0.0000
vt 0.2550 -0.0000
vt 0.0045 0.1715
vt -0.1535 0.1715
vt 0.0000 0.0000
vt 0.2550 -0.0000
vt 0.4085 0.1716
vt 0.2504 0.1716
vt 0.0000 0.0000
vt 0.1966 -0.0000
vt 0.3617 0.1861
vt 0.2398 0.1861
vt 0.0000 0.0000
vt 0.1966 -0.0000
vt -0.0432 0.1861
vt -0.1650 0.1862
vt 0.0000 0.0000
vt 0.1926 0.0000
vt 0.2864 0.1845
vt 0.1669 0.1845
vt 0.0000 0.0000
vt 0.1926 -0.0000
vt 0.0258 0.1845
vt -0.0937 0.1845
vt 0.0000 0.0000
vt 0.1852 0.0000
vt 0.1916 0.1921
vt 0.0768 0.1921
vt 0.0000 0.0000
vt 0.1852 -0.0000
vt 0.1085 0.1922
vt -0.0063 0.1922
vt 0.0000 0.0000
vt 0.1853 -0.0000
vt 0.1452 0.1898
vt 0.0303 0.1898
vt 0.0000 0.0000
vt 0.1853 0.0000
vt 0.1550 0.1899
vt 0.0401 0.1899
vt 0.0000 0.0000
vt 0.2041 0.0000
vt 0.0470 0.1770
vt -0.0796 0.1770
vt 0.0000 0.0000
vt 0.2041 -0.0000
vt 0.2837 0.1771
vt 0.1572 0.1771
vt 0.0000 0.0000
vt 0.1714 -0.0000
vt 0.0026 0.2128
vt -0.1036 0.2128
vt 0.0000 0.0000
vt 0.1714 -0.0000
vt 0.2751 0.2129
vt 0.1688 0.2129
vt 0.0000 0.0000
vt 0.2703 -0.0000
vt 0.3832 0.1651
vt 0.2156 0.1651
vt 0.0000 0.0000
vt 0.2702 0.0000
vt 0.0546 0.1652
vt -0.1129 0.1652
vt 0.0000 0.0000
vt 0.2674 -0.0000
vt 0.2983 0.1499
vt 0.1325 0.1499
vt 0.0000 0.0000
vt 0.2674 -0.0000
vt 0.1349 0.1500
vt -0.0309 0.1500
vt 0.0000 0.0000
vt 0.2873 -0.0000
vt 0.1478 0.1500
vt -0.0304 0.1500
vt 0.0000 0.0000
vt 0.2873 -0.0000
vt 0.3176 0.1501
vt 0.1395 0.1501
vt 0.0000 0.0000
vt 0.2229 0.0000
vt 0.0925 0.1997
vt -0.0456 0.1997
vt 0.0000 0.0000
vt 0.2229 -0.0000
vt 0.2685 0.1997
vt 0.1303 0.1997
vt 0.0000 0.0000
vt 0.1587 0.0000
vt -0.0765 0.1297
vt -0.1533 0.1297
vt 0.0000 0.0000
vt 0.1587 -0.0000
vt 0.3120 0.1298
vt 0.2352 0.1298
vt 0.0000 0.0000
vt 0.1138 -0.0000
vt 0.1733 0.2412
vt 0.1182 0.2412
vt 0.0000 0.0000
vt 0.1138 -0.0000
vt -0.0044 0.2412
vt -0.0595 0.2412
vt 0.0000 0.0000
vt 0.1288 -0.0000
vt 0.1432 0.2349
vt 0.0808 0.2349
vt 0.0000 0.0000
vt 0.1288 -0.0000
vt 0.0479 0.2349
vt -0.0144 0.2349
vt 0.0000 0.0000
vt 0.1364 -0.0000
vt 0.1047 0.2321
vt 0.0387 0.2321
vt 0.0000 0.0000
vt 0.1364 -0.0000
vt 0.0977 0.2321
vt 0.0317 0.2321
vt 0.0000 0.0000
vt 0.1503 0.0000
vt 0.0064 0.2247
vt -0.0663 0.2247
vt 0.0000 0.0000
vt 0.1503 0.0000
vt 0.2166 0.2247
vt 0.1439 0.2247
vt 0.0000 0.0000
vt 0.1539 -0.0000
vt 0.2711 0.1803
vt 0.1966 0.1803
vt 0.0000 0.0000
vt 0.1539 -0.0000
vt -0.0428 0.1804
vt -0.1172 0.1804
vt 0.0000 0.0000
vt 0.1584 0.0000
vt 0.0617 0.2146
vt -0.0150 0.2146
vt 0.0000 0.0000
vt 0.1584 0.0000
vt 0.1734 0.2146
vt 0.0968 0.2146
vt 0.0000 0.0000
vt 0.1986 -0.0000
vt 0.2736 0.1546
vt 0.1775 0.1546
vt 0.0000 0.0000
vt 0.1986 -0.0000
vt 0.0210 0.1546
vt -0.0750 0.1546
vt 0.0000 0.0000
vt 0.1277 -0.0000
vt 0.0337 0.1695
vt -0.0281 0.1695
vt 0.0000 0.0000
vt 0.1277 -0.0000
vt 0.1558 0.1695
vt 0.0940 0.1695
vt 0.0000 0.0000
vt 0.1581 0.0000
vt -0.0528 0.1444
vt -0.1293 0.1444
vt 0.0000 0.0000
vt 0.1581 0.0000
vt 0.2874 0.1444
vt 0.2109 0.1444
vt 0.0000 0.0000
vt 0.1219 -0.0000
vt 0.2609 0.1567
vt 0.2019 0.1567
vt 0.0000 0.0000
vt 0.1219 0.0000
vt -0.0801 0.1567
vt -0.1391 0.1567
vt 0.0000 0.0000
vt 0.1194 -0.0000
vt 0.1983 0.1553
vt 0.1406 0.1553
vt 0.0000 0.0000
vt 0.1194 -0.0000
vt -0.0212 0.1554
vt -0.0789 0.1554
vt 0.0000 0.0000
vt 0.1148 -0.0000
vt 0.1202 0.1618
vt 0.0646 0.1618
vt 0.0000 0.0000
vt 0.1148 0.0000
vt 0.0502 0.1618
vt -0.0054 0.1618
vt 0.0000 0.0000
vt 0.1149 0.0000
vt 0.0811 0.1599
vt 0.0255 0.1599
vt 0.0000 0.0000
vt 0.1149 0.0000
vt 0.0893 0.1599
vt 0.0337 0.1599
vt 0.0000 0.0000
vt 0.1266 -0.0000
vt -0.0058 0.1490
vt -0.0670 0.1490
vt 0.0000 0.0000
vt 0.1266 -0.0000
vt 0.1935 0.1490
vt 0.1323 0.1490
vt 0.0000 0.0000
vt 0.1063 0.0000
vt -0.0359 0.1792
vt -0.0873 0.1792
vt 0.0000 0.0000
vt 0.1063 0.0000
vt 0.1935 0.1792
vt 0.1421 0.1792
vt 0.0000 0.0000
vt 0.1676 0.0000
vt 0.2626 0.1390
vt 0.1816 0.1390
vt 0.0000 0.0000
vt 0.1676 -0.0000
vt -0.0140 0.1391
vt -0.0951 0.1391
vt 0.0000 0.0000
vt 0.1658 0.0000
vt 0.1918 0.1262
vt 0.1116 0.1262
vt 0.0000 0.0000
vt 0.1658 0.0000
vt 0.0542 0.1262
vt -0.0260 0.1262
vt 0.0000 0.0000
vt 0.1781 -0.0000
vt 0.0606 0.1263
vt -0.0256 0.1263
vt 0.0000 0.0000
vt 0.1781 -0.0000
vt 0.2037 0.1263
vt 0.1175 0.1263
vt 0.0000 0.0000
vt 0.1382 -0.0000
vt 0.0284 0.1682
vt -0.0384 0.1682
vt 0.0000 0.0000
vt 0.1382 -0.0000
vt 0.1766 0.1682
vt 0.1098 0.1682
vt 0.0000 0.0000
vt 0.0768 0.0000
vt -0.1437 0.1216
vt 0.0000 0.0000
vt 0.0768 -0.0000
vt 0.2205 0.1217
vt 0.0000 0.0000
vt 0.0551 0.0000
vt 0.1108 0.2261
vt 0.0000 0.0000
vt 0.0551 0.0000
vt -0.0557 0.2261
vt 0.0000 0.0000
vt 0.0623 0.0000
vt 0.0758 0.2202
vt 0.0000 0.0000
vt 0.0623 0.0000
vt -0.0135 0.2202
vt 0.0000 0.0000
vt 0.0660 0.0000
vt 0.0363 0.2176
vt 0.0000 0.0000
vt 0.0660 -0.0000
vt 0.0297 0.2176
vt 0.0000 0.0000
vt 0.0727 0.0000
vt -0.0622 0.2106
vt 0.0000 0.0000
vt 0.0727 -0.0000
vt 0.1349 0.2107
vt 0.0000 0.0000
vt 0.0744 0.0000
vt 0.1844 0.1691
vt 0.0000 0.0000
vt 0.0744 -0.0000
vt -0.1099 0.1691
vt 0.0000 0.0000
vt 0.0767 0.0000
vt -0.0141 0.2012
vt 0.0000 0.0000
vt 0.0767 -0.0000
vt 0.0907 0.2012
vt 0.0000 0.0000
vt 0.0961 0.0000
vt 0.1664 0.1449
vt 0.0000 0.0000
vt 0.0961 -0.0000
vt -0.0704 0.1449
vt 0.0000 0.0000
vt 0.0618 -0.0000
vt -0.0263 0.1589
vt 0.0000 0.0000
vt 0.0618 -0.0000
vt 0.0881 0.1589
vt 0.0000 0.0000
vt 0.0765 -0.0000
vt -0.1212 0.1354
vt 0.0000 0.0000
vt 0.0765 0.0000
vt 0.1977 0.1354
vt 0.0000 0.0000
vt 0.0590 0.0000
vt 0.1893 0.1469
vt 0.0000 0.0000
vt 0.0590 -0.0000
vt -0.1303 0.1469
vt 0.0000 0.0000
vt 0.0578 -0.0000
vt 0.1318 0.1456
vt 0.0000 0.0000
vt 0.0578 0.0000
vt -0.0740 0.1457
vt 0.0000 0.0000
vt 0.0555 -0.0000
vt 0.0606 0.1517
vt 0.0000 0.0000
vt 0.0555 0.0000
vt -0.0050 0.1517
vt 0.0000 0.0000
vt 0.0556 0.0000
vt 0.0239 0.1499
vt 0.0000 0.0000
vt 0.0556 -0.0000
vt 0.0317 0.1499
vt 0.0000 0.0000
vt 0.0612 -0.0000
vt -0.0628 0.1397
vt 0.0000 0.0000
vt 0.0612 -0.0000
vt 0.1241 0.1397
vt 0.0000 0.0000
vt 0.0514 -0.0000
vt -0.0818 0.1680
vt 0.0000 0.0000
vt 0.0514 -0.0000
vt 0.1332 0.1680
vt 0.0000 0.0000
vt 0.0811 0.0000
vt 0.1702 0.1304
vt 0.0000 0.0000
vt 0.0811 -0.0000
vt -0.0891 0.1304
vt 0.0000 0.0000
vt 0.0802 -0.0000
vt 0.1046 0.1183
vt 0.0000 0.0000
vt 0.0802 -0.0000
vt -0.0244 0.1184
vt 0.0000 0.0000
vt 0.0862 -0.0000
vt -0.0240 0.1184
vt 0.0000 0.0000
vt 0.0862 0.0000
vt 0.1101 0.1184
vt 0.0000 0.0000
vt 0.0669 0.0000
vt -0.0360 0.1576
vt 0.0000 0.0000
vt 0.0669 -0.0000
vt 0.1029 0.1577
vt 0.0000 0.0000
vt 0.1308 0.0000
vt 0.1021 0.1334
vt -0.0326 0.1291
vt 0.0000 0.0000
vt 0.1348 0.0000
vt 0.1101 0.1336
vt -0.0278 0.1302
vt 0.0000 0.0000
vt 0.1308 0.0000
vt 0.1066 0.1372
vt -0.0273 0.1338
vt 0.0000 0.0000
vt 0.1344 -0.0000
vt 0.1152 0.1396
vt -0.0237 0.1349
vt 0.0000 0.0000
vt 0.1725 -0.0000
vt 0.1803 0.1495
vt 0.0144 0.1542
vt 0.0000 0.0000
vt 0.1660 0.0000
vt 0.1694 0.1497
vt 0.0099 0.1546
vt 0.0000 0.0000
vt 0.1725 0.0000
vt 0.1739 0.1443
vt 0.0081 0.1496
vt 0.0000 0.0000
vt 0.1662 -0.0000
vt 0.1628 0.1430
vt 0.0041 0.1500
vt 0.0000 0.0000
vt 0.1331 0.0000
vt 0.1342 0.0803
vt -0.0179 0.0851
vt 0.0000 0.0000
vt 0.1540 -0.0000
vt 0.1518 0.0803
vt -0.0184 0.0850
vt 0.0000 0.0000
vt 0.1331 0.0000
vt 0.1524 0.0849
vt 0.0007 0.0836
vt 0.0000 0.0000
vt 0.1531 0.0000
vt 0.1723 0.0777
vt -0.0018 0.0821
vt 0.0000 0.0000
vt 0.0835 -0.0000
vt 0.0945 0.1494
vt 0.0190 0.1387
vt 0.0000 0.0000
vt 0.0766 0.0000
vt 0.1089 0.1460
vt 0.0381 0.1347
vt 0.0000 0.0000
vt 0.0835 0.0000
vt 0.0895 0.1604
vt 0.0128 0.1494
vt 0.0000 0.0000
vt 0.0778 0.0000
vt 0.1030 0.1577
vt 0.0322 0.1461
vt 0.0000 0.0000
vt 0.0867 -0.0000
vt 0.0773 0.1407
vt -0.0039 0.1301
vt 0.0000 0.0000
vt 0.0829 0.0000
vt 0.0935 0.1408
vt 0.0132 0.1295
vt 0.0000 0.0000
vt 0.0867 0.0000
vt 0.0710 0.1536
vt -0.0097 0.1413
vt 0.0000 0.0000
vt 0.0841 0.0000
vt 0.0943 0.1533
vt 0.0113 0.1411
vt 0.0000 0.0000
vt 0.1396 -0.0000
vt 0.1575 0.0724
vt 0.0186 0.0831
vt 0.0000 0.0000
vt 0.1426 -0.0000
vt 0.1594 0.0762
vt 0.0145 0.0839
vt 0.0000 0.0000
vt 0.1396 0.0000
vt 0.1626 0.0671
vt 0.0219 0.0776
vt 0.0000 0.0000
vt 0.1414 -0.0000
vt 0.1601 0.0695
vt 0.0160 0.0764
vt 0.0000 0.0000
vt 0.0965 -0.0000
vt 0.0800 0.0939
vt -0.0243 0.0841
vt 0.0000 0.0000
vt 0.1048 0.0000
vt 0.0976 0.0949
vt -0.0164 0.0860
vt 0.0000 0.0000
vt 0.0965 -0.0000
vt 0.0877 0.1037
vt -0.0166 0.0939
vt 0.0000 0.0000
vt 0.1047 0.0000
vt 0.1058 0.1036
vt -0.0078 0.0957
vt 0.0000 0.0000
vt 0.0625 -0.0000
vt 0.0714 0.1186
vt -0.0008 0.1228
vt 0.0000 0.0000
vt 0.0727 -0.0000
vt 0.0740 0.1188
vt -0.0083 0.1225
vt 0.0000 0.0000
vt 0.0625 0.0000
vt 0.0804 0.1147
vt 0.0084 0.1189
vt 0.0000 0.0000
vt 0.0721 -0.0000
vt 0.0832 0.1146
vt 0.0017 0.1189
vt 0.0000 0.0000
vt 0.0881 0.0000
vt 0.0721 0.0691
vt -0.0025 0.0711
vt 0.0000 0.0000
vt 0.0747 -0.0000
vt 0.0546 0.0651
vt -0.0017 0.0712
vt 0.0000 0.0000
vt 0.0881 0.0000
vt 0.0599 0.0675
vt -0.0142 0.0695
vt 0.0000 0.0000
vt 0.0741 -0.0000
vt 0.0462 0.0732
vt -0.0148 0.0727
vt 0.0000 0.0000
vt 0.0815 0.0000
vt 0.0626 0.0917
vt -0.0149 0.1032
vt 0.0000 0.0000
vt 0.0784 0.0000
vt 0.0458 0.0871
vt -0.0286 0.1003
vt 0.0000 0.0000
vt 0.0815 0.0000
vt 0.0585 0.0803
vt -0.0185 0.0918
vt 0.0000 0.0000
vt 0.0781 0.0000
vt 0.0437 0.0761
vt -0.0321 0.0885
vt 0.0000 0.0000
vt 0.0714 -0.0000
vt 0.0409 0.1038
vt -0.0309 0.0917
vt 0.0000 0.0000
vt 0.0749 0.0000
vt 0.0654 0.1074
vt -0.0136 0.0958
vt 0.0000 0.0000
vt 0.0714 -0.0000
vt 0.0453 0.1200
vt -0.0284 0.1059
vt 0.0000 0.0000
vt 0.0752 0.0000
vt 0.0710 0.1229
vt -0.0100 0.1095
vt 0.0000 0.0000
vt 0.1142 0.0000
vt 0.1071 0.0756
vt -0.0070 0.0746
vt 0.0000 0.0000
vt 0.1159 0.0000
vt 0.1097 0.0756
vt -0.0064 0.0747
vt 0.0000 0.0000
vt 0.1142 0.0000
vt 0.1101 0.0731
vt -0.0038 0.0786
vt 0.0000 0.0000
vt 0.1162 0.0000
vt 0.1126 0.0747
vt -0.0031 0.0770
vt 0.0000 0.0000
vt 0.0946 0.0000
vt 0.0836 0.1238
vt -0.0093 0.1281
vt 0.0000 0.0000
vt 0.0954 0.0000
vt 0.0795 0.1224
vt -0.0084 0.1282
vt 0.0000 0.0000
vt 0.0946 0.0000
vt 0.0824 0.1234
vt -0.0107 0.1257
vt 0.0000 0.0000
vt 0.0939 0.0000
vt 0.0797 0.1226
vt -0.0112 0.1264
vt 0.0000 0.0000
vt 0.1558 -0.0000
vt 0.1208 0.0820
vt -0.0280 0.0784
vt 0.0000 0.0000
vt 0.1546 0.0000
vt 0.1346 0.0972
vt -0.0198 0.0809
vt 0.0000 0.0000
vt 0.1558 0.0000
vt 0.1232 0.1094
vt -0.0304 0.0937
vt 0.0000 0.0000
vt 0.1544 -0.0000
vt 0.1316 0.1090
vt -0.0202 0.0972
vt 0.0000 0.0000
vt 0.1277 0.0000
vt 0.1366 0.0939
vt -0.0050 0.0898
vt 0.0000 0.0000
vt 0.1419 0.0000
vt 0.1558 0.0947
vt 0.0001 0.0899
vt 0.0000 0.0000
vt 0.1277 0.0000
vt 0.1494 0.0992
vt 0.0091 0.0943
vt 0.0000 0.0000
vt 0.1413 0.0000
vt 0.1676 0.0982
vt 0.0133 0.0948
vt 0.0000 0.0000
vt 0.0966 0.0000
vt 0.0659 0.1329
vt -0.0393 0.1186
vt 0.0000 0.0000
vt 0.1069 -0.0000
vt 0.0884 0.1332
vt -0.0283 0.1216
vt 0.0000 0.0000
vt 0.0966 0.0000
vt 0.0591 0.1485
vt -0.0387 0.1314
vt 0.0000 0.0000
vt 0.1036 -0.0000
vt 0.0990 0.1455
vt -0.0189 0.1333
vt 0.0000 0.0000
vt 0.0897 0.0000
vt 0.0741 0.0784
vt -0.0103 0.0948
vt 0.0000 0.0000
vt 0.0988 0.0000
vt 0.0808 0.0831
vt -0.0140 0.0943
vt 0.0000 0.0000
vt 0.0897 -0.0000
vt 0.0809 0.0797
vt -0.0075 0.0934
vt 0.0000 0.0000
vt 0.0898 0.0000
vt 0.0695 0.0740
vt -0.0202 0.0831
vt 0.0000 0.0000
vt 0.0924 0.0000
vt 0.0914 0.1095
vt -0.0084 0.1021
vt 0.0000 0.0000
vt 0.1003 0.0000
vt 0.1089 0.1080
vt -0.0018 0.1025
vt 0.0000 0.0000
vt 0.0924 0.0000
vt 0.0972 0.1173
vt -0.0020 0.1096
vt 0.0000 0.0000
vt 0.0997 0.0000
vt 0.1146 0.1234
vt 0.0067 0.1111
vt 0.0000 0.0000
vt 0.1004 -0.0000
vt 0.1076 0.0933
vt 0.0030 0.1105
vt 0.0000 0.0000
vt 0.1074 -0.0000
vt 0.1016 0.0945
vt -0.0116 0.1099
vt 0.0000 0.0000
vt 0.1004 0.0000
vt 0.1128 0.0792
vt 0.0077 0.0949
vt 0.0000 0.0000
vt 0.1063 0.0000
vt 0.1069 0.0800
vt -0.0063 0.0947
vt 0.0000 0.0000
vt 0.1007 0.0000
vt 0.0937 0.0888
vt -0.0065 0.0931
vt 0.0000 0.0000
vt 0.1037 -0.0000
vt 0.0970 0.0902
vt -0.0058 0.0931
vt 0.0000 0.0000
vt 0.1007 -0.0000
vt 0.0969 0.0902
vt -0.0044 0.0929
vt 0.0000 0.0000
vt 0.1024 -0.0000
vt 0.0979 0.0909
vt -0.0059 0.0918
vt 0.0000 0.0000
vt 0.1101 -0.0000
vt 0.1129 0.0814
vt 0.0087 0.0749
vt 0.0000 0.0000
vt 0.1046 0.0000
vt 0.1129 0.0811
vt 0.0135 0.0741
vt 0.0000 0.0000
vt 0.1101 0.0000
vt 0.1064 0.0889
vt 0.0026 0.0816
vt 0.0000 0.0000
vt 0.1045 0.0000
vt 0.1080 0.0889
vt 0.0082 0.0812
vt 0.0000 0.0000
vt 0.0812 0.0000
vt 0.0662 0.0900
vt -0.0144 0.0798
vt 0.0000 0.0000
vt 0.0822 0.0000
vt 0.0802 0.0928
vt -0.0049 0.0809
vt 0.0000 0.0000
vt 0.0812 0.0000
vt 0.0663 0.1031
vt -0.0157 0.0907
vt 0.0000 0.0000
vt 0.0829 0.0000
vt 0.0834 0.1025
vt -0.0000 0.0929
vt 0.0000 0.0000
vt 0.0764 -0.0000
vt 0.0810 0.0943
vt 0.0065 0.1002
vt 0.0000 0.0000
vt 0.0754 0.0000
vt 0.0750 0.0942
vt -0.0015 0.1004
vt 0.0000 0.0000
vt 0.0764 -0.0000
vt 0.0782 0.0863
vt 0.0074 0.0946
vt 0.0000 0.0000
vt 0.0780 -0.0000
vt 0.0843 0.0925
vt 0.0046 0.0970
vt 0.0000 0.0000
vt 0.1142 -0.0000
vt 0.1259 0.0866
vt 0.0231 0.0869
vt 0.0000 0.0000
vt 0.1028 -0.0000
vt 0.1140 0.0867
vt 0.0227 0.0870
vt 0.0000 0.0000
vt 0.1142 0.0000
vt 0.1144 0.0862
vt 0.0117 0.0866
vt 0.0000 0.0000
vt 0.1028 0.0000
vt 0.1027 0.0856
vt 0.0114 0.0867
vt 0.0000 0.0000
vt 0.5400 0.0000
vt 0.5400 1.5600
vt 0.0000 1.5600
vt 0.0000 0.0000
vt 1.5600 0.0000
vt 1.5600 0.5400
vt 0.0000 0.5400
vt 0.0000 0.0000
vt 1.5600 0.0000
vt 1.5600 1.0000
vt 0.0000 1.0000
vt 0.0000 0.0000
vt 1.0000 0.0000
vt 1.0000 1.5600
vt 0.0000 1.5600
vt 0.0000 0.0000
vt 1.0000 0.0000
vt 1.0000 0.5400
vt 0.0000 0.5400
vt 0.0000 0.0000
vt 0.5400 0.0000
vt 0.5400 1.0000
vt 0.0000 1.0000
vt 0.0000 0.0000
vt 0.0400 0.0000
vt 0.0400 1.4000
vt 0.0000 1.4000
vt 0.0000 0.0000
vt 1.4000 0.0000
vt 1.4000 0.0400
vt 0.0000 0.0400
vt 0.0000 0.0000
vt 1.4000 0.0000
vt 1.4000 0.8800
vt 0.0000 0.8800
vt 0.0000 0.0000
vt 0.8800 0.0000
vt 0.8800 1.4000
vt 0.0000 1.4000
vt 0.0000 0.0000
vt 0.8800 0.0000
vt 0.8800 0.0400
vt 0.0000 0.0400
vt 0.0000 0.0000
vt 0.0400 0.0000
vt 0.0400 0.8800
vt 0.0000 0.8800
vt 0.0000 0.0000
vt 0.5400 0.0000
vt 0.5400 1.5600
vt 0.0000 1.5600
vt 0.0000 0.0000
vt 1.5600 0.0000
vt 1.5600 0.5400
vt 0.0000 0.5400
vt 0.0000 0.0000
vt 1.5600 0.0000
vt 1.5600 1.0000
vt 0.0000 1.0000
vt 0.0000 0.0000
vt 1.0000 0.0000
vt 1.0000 1.5600
vt 0.0000 1.5600
vt 0.0000 0.0000
vt 1.0000 0.0000
vt 1.0000 0.5400
vt 0.0000 0.5400
vt 0.0000 0.0000
vt 0.5400 0.0000
vt 0.5400 1.0000
vt 0.0000 1.0000
vt 0.0000 0.0000
vt 0.0400 0.0000
vt 0.0400 1.4000
vt 0.0000 1.4000
vt 0.0000 0.0000
vt 1.4000 0.0000
vt 1.4000 0.0400
vt 0.0000 0.0400
vt 0.0000 0.0000
vt 1.4000 0.0000
vt 1.4000 0.8800
vt 0.0000 0.8800
vt 0.0000 0.0000
vt 0.8800 0.0000
vt 0.8800 1.4000
vt 0.0000 1.4000
vt 0.0000 0.0000
vt 0.8800 0.0000
vt 0.8800 0.0400
vt 0.0000 0.0400
vt 0.0000 0.0000
vt 0.0400 0.0000
vt 0.0400 0.8800
vt 0.0000 0.8800
usemtl concrete
f 1/1 2/2 3/3
f 1/1 3/3 4/4
f 5/5 6/6 7/7
f 5/5 7/7 8/8
f 9/9 10/10 11/11
f 9/9 11/11 12/12
f 13/13 14/14 15/15
f 13/13 15/15 16/16
f 17/17 18/18 19/19
f 17/17 19/19 20/20
f 21/21 22/22 23/23
f 21/21 23/23 24/24
f 25/25 26/26 27/27
f 25/25 27/27 28/28
f 29/29 30/30 31/31
f 29/29 31/31 32/32
f 33/33 34/34 35/35
f 33/33 35/35 36/36
f 37/37 38/38 39/39
f 37/37 39/39 40/40
f 41/41 42/42 43/43
f 41/41 43/43 44/44
f 45/45 46/46 47/47
f 45/45 47/47 48/48
f 49/49 50/50 51/51
f 49/49 51/51 52/52
f 53/53 54/54 55/55
f 53/53 55/55 56/56
f 57/57 58/58 59/59
f 57/57 59/59 60/60
f 61/61 62/62 63/63
f 61/61 63/63 64/64
f 65/65 66/66 67/67
f 65/65 67/67 68/68
f 69/69 70/70 71/71
f 69/69 71/71 72/72
f 73/73 74/74 75/75
f 73/73 75/75 76/76
f 77/77 78/78 79/79
f 77/77 79/79 80/80
f 81/81 82/82 83/83
f 81/81 83/83 84/84
f 85/85 86/86 87/87
f 85/85 87/87 88/88
f 89/89 90/90 91/91
f 89/89 91/91 92/92
f 93/93 94/94 95/95
f 93/93 95/95 96/96
f 97/97 98/98 99/99
f 97/97 99/99 100/100
f 101/101 102/102 103/103
f 101/101 103/103 104/104
f 105/105 106/106 107/107
f 105/105 107/107 108/108
f 109/109 110/110 111/111
f 109/109 111/111 112/112
f 113/113 114/114 115/115
f 113/113 115/115 116/116
f 117/117 118/118 119/119
f 117/117 119/119 120/120
f 121/121 122/122 123/123
f 121/121 123/123 124/124
f 125/125 126/126 127/127
f 125/125 127/127 128/128
f 129/129 130/130 131/131
f 129/129 131/131 132/132
f 133/133 134/134 135/135
f 133/133 135/135 136/136
f 137/137 138/138 139/139
f 137/137 139/139 140/140
f 141/141 142/142 143/143
f 141/141 143/143 144/144
f 145/145 146/146 147/147
f 145/145 147/147 148/148
f 149/149 150/150 151/151
f 149/149 151/151 152/152
f 153/153 154/154 155/155
f 153/153 155/155 156/156
f 157/157 158/158 159/159
f 157/157 159/159 160/160
f 161/161 162/162 163/163
f 161/161 163/163 164/164
f 165/165 166/166 167/167
f 165/165 167/167 168/168
f 169/169 170/170 171/171
f 169/169 171/171 172/172
f 173/173 174/174 175/175
f 173/173 175/175 176/176
f 177/177 178/178 179/179
f 177/177 179/179 180/180
f 181/181 182/182 183/183
f 181/181 183/183 184/184
f 185/185 186/186 187/187
f 185/185 187/187 188/188
f 189/189 190/190 191/191
f 189/189 191/191 192/192
f 193/193 194/194 195/195
f 193/193 195/195 196/196
f 197/197 198/198 199/199
f 197/197 199/199 200/200
f 201/201 202/202 203/203
f 201/201 203/203 204/204
f 205/205 206/206 207/207
f 205/205 207/207 208/208
f 209/209 210/210 211/211
f 209/209 211/211 212/212
f 213/213 214/214 215/215
f 213/213 215/215 216/216
f 217/217 218/218 219/219
f 217/217 219/219 220/220
f 221/221 222/222 223/223
f 221/221 223/223 224/224
f 225/225 226/226 227/227
f 225/225 227/227 228/228
f 229/229 230/230 231/231
f 229/229 231/231 232/232
f 233/233 234/234 235/235
f 233/233 235/235 236/236
f 237/237 238/238 239/239
f 237/237 239/239 240/240
f 241/241 242/242 243/243
f 241/241 243/243 244/244
f 245/245 246/246 247/247
f 245/245 247/247 248/248
f 249/249 250/250 251/251
f 249/249 251/251 252/252
f 253/253 254/254 255/255
f 253/253 255/255 256/256
f 257/257 258/258 259/259
f 257/257 259/259 260/260
f 261/261 262/262 263/263
f 261/261 263/263 264/264
f 265/265 266/266 267/267
f 265/265 267/267 268/268
f 269/269 270/270 271/271
f 269/269 271/271 272/272
f 273/273 274/274 275/275
f 273/273 275/275 276/276
f 277/277 278/278 279/279
f 277/277 279/279 280/280
f 281/281 282/282 283/283
f 281/281 283/283 284/284
f 285/285 286/286 287/287
f 285/285 287/287 288/288
f 289/289 290/290 291/291
f 289/289 291/291 292/292
f 293/293 294/294 295/295
f 293/293 295/295 296/296
f 297/297 298/298 299/299
f 297/297 299/299 300/300
f 301/301 302/302 303/303
f 301/301 303/303 304/304
f 305/305 306/306 307/307
f 305/305 307/307 308/308
f 309/309 310/310 311/311
f 309/309 311/311 312/312
f 313/313 314/314 315/315
f 313/313 315/315 316/316
f 317/317 318/318 319/319
f 317/317 319/319 320/320
f 321/321 322/322 323/323
f 321/321 323/323 324/324
f 325/325 326/326 327/327
f 325/325 327/327 328/328
f 329/329 330/330 331/331
f 329/329 331/331 332/332
f 333/333 334/334 335/335
f 333/333 335/335 336/336
f 337/337 338/338 339/339
f 337/337 339/339 340/340
f 341/341 342/342 343/343
f 341/341 343/343 344/344
f 345/345 346/346 347/347
f 345/345 347/347 348/348
f 349/349 350/350 351/351
f 349/349 351/351 352/352
f 353/353 354/354 355/355
f 353/353 355/355 356/356
f 357/357 358/358 359/359
f 357/357 359/359 360/360
f 361/361 362/362 363/363
f 361/361 363/363 364/364
f 365/365 366/366 367/367
f 365/365 367/367 368/368
f 369/369 370/370 371/371
f 369/369 371/371 372/372
f 373/373 374/374 375/375
f 373/373 375/375 376/376
f 377/377 378/378 379/379
f 377/377 379/379 380/380
f 381/381 382/382 383/383
f 381/381 383/383 384/384
f 385/385 386/386 387/387
f 385/385 387/387 388/388
f 389/389 390/390 391/391
f 389/389 391/391 392/392
f 393/393 394/394 395/395
f 393/393 395/395 396/396
f 397/397 398/398 399/399
f 397/397 399/399 400/400
f 401/401 402/402 403/403
f 401/401 403/403 404/404
f 405/405 406/406 407/407
f 405/405 407/407 408/408
f 409/409 410/410 411/411
f 409/409 411/411 412/412
f 413/413 414/414 415/415
f 413/413 415/415 416/416
f 417/417 418/418 419/419
f 417/417 419/419 420/420
f 421/421 422/422 423/423
f 421/421 423/423 424/424
f 425/425 426/426 427/427
f 425/425 427/427 428/428
f 429/429 430/430 431/431
f 429/429 431/431 432/432
f 433/433 434/434 435/435
f 433/433 435/435 436/436
f 437/437 438/438 439/439
f 437/437 439/439 440/440
f 441/441 442/442 443/443
f 441/441 443/443 444/444
f 445/445 446/446 447/447
f 445/445 447/447 448/448
f 449/449 450/450 451/451
f 449/449 451/451 452/452
f 453/453 454/454 455/455
f 453/453 455/455 456/456
f 457/457 458/458 459/459
f 457/457 459/459 460/460
f 461/461 462/462 463/463
f 461/461 463/463 464/464
f 465/465 466/466 467/467
f 465/465 467/467 468/468
f 469/469 470/470 471/471
f 469/469 471/471 472/472
f 473/473 474/474 475/475
f 473/473 475/475 476/476
f 477/477 478/478 479/479
f 477/477 479/479 480/480
f 481/481 482/482 483/483
f 481/481 483/483 484/484
f 485/485 486/486 487/487
f 485/485 487/487 488/488
f 489/489 490/490 491/491
f 489/489 491/491 492/492
f 493/493 494/494 495/495
f 493/493 495/495 496/496
f 497/497 498/498 499/499
f 497/497 499/499 500/500
f 501/501 502/502 503/503
f 501/501 503/503 504/504
f 505/505 506/506 507/507
f 505/505 507/507 508/508
f 509/509 510/510 511/511
f 509/509 511/511 512/512
f 513/513 514/514 515/515
f 513/513 515/515 516/516
f 517/517 518/518 519/519
f 517/517 519/519 520/520
f 521/521 522/522 523/523
f 521/521 523/523 524/524
f 525/525 526/526 527/527
f 525/525 527/527 528/528
f 529/529 530/530 531/531
f 529/529 531/531 532/532
f 533/533 534/534 535/535
f 533/533 535/535 536/536
f 537/537 538/538 539/539
f 537/537 539/539 540/540
f 541/541 542/542 543/543
f 541/541 543/543 544/544
f 545/545 546/546 547/547
f 545/545 547/547 548/548
f 549/549 550/550 551/551
f 549/549 551/551 552/552
f 553/553 554/554 555/555
f 553/553 555/555 556/556
f 557/557 558/558 559/559
f 557/557 559/559 560/560
f 561/561 562/562 563/563
f 561/561 563/563 564/564
f 565/565 566/566 567/567
f 565/565 567/567 568/568
f 569/569 570/570 571/571
f 569/569 571/571 572/572
f 573/573 574/574 575/575
f 573/573 575/575 576/576
f 577/577 578/578 579/579
f 577/577 579/579 580/580
f 581/581 582/582 583/583
f 581/581 583/583 584/584
f 585/585 586/586 587/587
f 585/585 587/587 588/588
f 589/589 590/590 591/591
f 589/589 591/591 592/592
f 593/593 594/594 595/595
f 593/593 595/595 596/596
f 597/597 598/598 599/599
f 597/597 599/599 600/600
f 601/601 602/602 603/603
f 601/601 603/603 604/604
f 605/605 606/606 607/607
f 605/605 607/607 608/608
f 609/609 610/610 611/611
f 609/609 611/611 612/612
f 613/613 614/614 615/615
f 613/613 615/615 616/616
f 617/617 618/618 619/619
f 617/617 619/619 620/620
f 621/621 622/622 623/623
f 621/621 623/623 624/624
f 625/625 626/626 627/627
f 625/625 627/627 628/628
f 629/629 630/630 631/631
f 629/629 631/631 632/632
f 633/633 634/634 635/635
f 633/633 635/635 636/636
f 637/637 638/638 639/639
f 637/637 639/639 640/640
f 641/641 642/642 643/643
f 641/641 643/643 644/644
f 645/645 646/646 647/647
f 645/645 647/647 648/648
f 649/649 650/650 651/651
f 649/649 651/651 652/652
f 653/653 654/654 655/655
f 653/653 655/655 656/656
f 657/657 658/658 659/659
f 657/657 659/659 660/660
f 661/661 662/662 663/663
f 661/661 663/663 664/664
f 665/665 666/666 667/667
f 665/665 667/667 668/668
f 669/669 670/670 671/671
f 669/669 671/671 672/672
f 673/673 674/674 675/675
f 673/673 675/675 676/676
f 677/677 678/678 679/679
f 677/677 679/679 680/680
f 681/681 682/682 683/683
f 681/681 683/683 684/684
f 685/685 686/686 687/687
f 685/685 687/687 688/688
f 689/689 690/690 691/691
f 689/689 691/691 692/692
f 693/693 694/694 695/695
f 693/693 695/695 696/696
f 697/697 698/698 699/699
f 697/697 699/699 700/700
f 701/701 702/702 703/703
f 701/701 703/703 704/704
f 705/705 706/706 707/707
f 705/705 707/707 708/708
f 709/709 710/710 711/711
f 709/709 711/711 712/712
f 713/713 714/714 715/715
f 713/713 715/715 716/716
f 717/717 718/718 719/719
f 717/717 719/719 720/720
f 721/721 722/722 723/723
f 721/721 723/723 724/724
f 725/725 726/726 727/727
f 725/725 727/727 728/728
f 729/729 730/730 731/731
f 729/729 731/731 732/732
f 733/733 734/734 735/735
f 733/733 735/735 736/736
f 737/737 738/738 739/739
f 737/737 739/739 740/740
f 741/741 742/742 743/743
f 741/741 743/743 744/744
f 745/745 746/746 747/747
f 745/745 747/747 748/748
f 749/749 750/750 751/751
f 749/749 751/751 752/752
f 753/753 754/754 755/755
f 753/753 755/755 756/756
f 757/757 758/758 759/759
f 757/757 759/759 760/760
f 761/761 762/762 763/763
f 761/761 763/763 764/764
f 765/765 766/766 767/767
f 765/765 767/767 768/768
f 769/769 770/770 771/771
f 769/769 771/771 772/772
f 773/773 774/774 775/775
f 773/773 775/775 776/776
f 777/777 778/778 779/779
f 777/777 779/779 780/780
f 781/781 782/782 783/783
f 781/781 783/783 784/784
f 785/785 786/786 787/787
f 785/785 787/787 788/788
f 789/789 790/790 791/791
f 789/789 791/791 792/792
f 793/793 794/794 795/795
f 793/793 795/795 796/796
f 797/797 798/798 799/799
f 797/797 799/799 800/800
f 801/801 802/802 803/803
f 801/801 803/803 804/804
f 805/805 806/806 807/807
f 805/805 807/807 808/808
f 809/809 810/810 811/811
f 809/809 811/811 812/812
f 813/813 814/814 815/815
f 813/813 815/815 816/816
f 817/817 818/818 819/819
f 817/817 819/819 820/820
f 821/821 822/822 823/823
f 821/821 823/823 824/824
f 825/825 826/826 827/827
f 825/825 827/827 828/828
f 829/829 830/830 831/831
f 829/829 831/831 832/832
f 833/833 834/834 835/835
f 833/833 835/835 836/836
f 837/837 838/838 839/839
f 837/837 839/839 840/840
f 841/841 842/842 843/843
f 841/841 843/843 844/844
f 845/845 846/846 847/847
f 845/845 847/847 848/848
f 849/849 850/850 851/851
f 849/849 851/851 852/852
f 853/853 854/854 855/855
f 853/853 855/855 856/856
f 857/857 858/858 859/859
f 857/857 859/859 860/860
f 861/861 862/862 863/863
f 861/861 863/863 864/864
f 865/865 866/866 867/867
f 865/865 867/867 868/868
f 869/869 870/870 871/871
f 869/869 871/871 872/872
f 873/873 874/874 875/875
f 873/873 875/875 876/876
f 877/877 878/878 879/879
f 877/877 879/879 880/880
f 881/881 882/882 883/883
f 881/881 883/883 884/884
f 885/885 886/886 887/887
f 885/885 887/887 888/888
f 889/889 890/890 891/891
f 889/889 891/891 892/892
f 893/893 894/894 895/895
f 893/893 895/895 896/896
f 897/897 898/898 899/899
f 897/897 899/899 900/900
f 901/901 902/902 903/903
f 901/901 903/903 904/904
f 905/905 906/906 907/907
f 905/905 907/907 908/908
f 909/909 910/910 911/911
f 909/909 911/911 912/912
f 913/913 914/914 915/915
f 913/913 915/915 916/916
f 917/917 918/918 919/919
f 917/917 919/919 920/920
f 921/921 922/922 923/923
f 921/921 923/923 924/924
f 925/925 926/926 927/927
f 925/925 927/927 928/928
f 929/929 930/930 931/931
f 929/929 931/931 932/932
f 933/933 934/934 935/935
f 933/933 935/935 936/936
f 937/937 938/938 939/939
f 937/937 939/939 940/940
f 941/941 942/942 943/943
f 941/941 943/943 944/944
f 945/945 946/946 947/947
f 945/945 947/947 948/948
f 949/949 950/950 951/951
f 949/949 951/951 952/952
f 953/953 954/954 955/955
f 953/953 955/955 956/956
f 957/957 958/958 959/959
f 957/957 959/959 960/960
f 961/961 962/962 963/963
f 961/961 963/963 964/964
f 965/965 966/966 967/967
f 965/965 967/967 968/968
f 969/969 970/970 971/971
f 969/969 971/971 972/972
f 973/973 974/974 975/975
f 973/973 975/975 976/976
f 977/977 978/978 979/979
f 977/977 979/979 980/980
f 981/981 982/982 983/983
f 981/981 983/983 984/984
f 985/985 986/986 987/987
f 985/985 987/987 988/988
f 989/989 990/990 991/991
f 989/989 991/991 992/992
f 993/993 994/994 995/995
f 993/993 995/995 996/996
f 997/997 998/998 999/999
f 997/997 999/999 1000/1000
f 1001/1001 1002/1002 1003/1003
f 1001/1001 1003/1003 1004/1004
f 1005/1005 1006/1006 1007/1007
f 1005/1005 1007/1007 1008/1008
f 1009/1009 1010/1010 1011/1011
f 1009/1009 1011/1011 1012/1012
f 1013/1013 1014/1014 1015/1015
f 1013/1013 1015/1015 1016/1016
f 1017/1017 1018/1018 1019/1019
f 1017/1017 1019/1019 1020/1020
f 1021/1021 1022/1022 1023/1023
f 1021/1021 1023/1023 1024/1024
f 1025/1025 1026/1026 1027/1027
f 1025/1025 1027/1027 1028/1028
f 1029/1029 1030/1030 1031/1031
f 1029/1029 1031/1031 1032/1032
f 1033/1033 1034/1034 1035/1035
f 1033/1033 1035/1035 1036/1036
f 1037/1037 1038/1038 1039/1039
f 1037/1037 1039/1039 1040/1040
f 1041/1041 1042/1042 1043/1043
f 1041/1041 1043/1043 1044/1044
f 1045/1045 1046/1046 1047/1047
f 1045/1045 1047/1047 1048/1048
f 1049/1049 1050/1050 1051/1051
f 1049/1049 1051/1051 1052/1052
f 1053/1053 1054/1054 1055/1055
f 1053/1053 1055/1055 1056/1056
f 1057/1057 1058/1058 1059/1059
f 1057/1057 1059/1059 1060/1060
f 1061/1061 1062/1062 1063/1063
f 1061/1061 1063/1063 1064/1064
f 1065/1065 1066/1066 1067/1067
f 1065/1065 1067/1067 1068/1068
f 1069/1069 1070/1070 1071/1071
f 1069/1069 1071/1071 1072/1072
f 1073/1073 1074/1074 1075/1075
f 1073/1073 1075/1075 1076/1076
f 1077/1077 1078/1078 1079/1079
f 1077/1077 1079/1079 1080/1080
f 1081/1081 1082/1082 1083/1083
f 1081/1081 1083/1083 1084/1084
f 1085/1085 1086/1086 1087/1087
f 1085/1085 1087/1087 1088/1088
f 1089/1089 1090/1090 1091/1091
f 1089/1089 1091/1091 1092/1092
f 1093/1093 1094/1094 1095/1095
f 1093/1093 1095/1095 1096/1096
f 1097/1097 1098/1098 1099/1099
f 1097/1097 1099/1099 1100/1100
f 1101/1101 1102/1102 1103/1103
f 1101/1101 1103/1103 1104/1104
f 1105/1105 1106/1106 1107/1107
f 1105/1105 1107/1107 1108/1108
f 1109/1109 1110/1110 1111/1111
f 1109/1109 1111/1111 1112/1112
f 1113/1113 1114/1114 1115/1115
f 1113/1113 1115/1115 1116/1116
f 1117/1117 1118/1118 1119/1119
f 1117/1117 1119/1119 1120/1120
f 1121/1121 1122/1122 1123/1123
f 1121/1121 1123/1123 1124/1124
f 1125/1125 1126/1126 1127/1127
f 1125/1125 1127/1127 1128/1128
f 1129/1129 1130/1130 1131/1131
f 1129/1129 1131/1131 1132/1132
f 1133/1133 1134/1134 1135/1135
f 1133/1133 1135/1135 1136/1136
f 1137/1137 1138/1138 1139/1139
f 1137/1137 1139/1139 1140/1140
f 1141/1141 1142/1142 1143/1143
f 1141/1141 1143/1143 1144/1144
f 1145/1145 1146/1146 1147/1147
f 1145/1145 1147/1147 1148/1148
f 1149/1149 1150/1150 1151/1151
f 1149/1149 1151/1151 1152/1152
f 1153/1153 1154/1154 1155/1155
f 1153/1153 1155/1155 1156/1156
f 1157/1157 1158/1158 1159/1159
f 1157/1157 1159/1159 1160/1160
f 1161/1161 1162/1162 1163/1163
f 1161/1161 1163/1163 1164/1164
f 1165/1165 1166/1166 1167/1167
f 1165/1165 1167/1167 1168/1168
f 1169/1169 1170/1170 1171/1171
f 1169/1169 1171/1171 1172/1172
f 1173/1173 1174/1174 1175/1175
f 1173/1173 1175/1175 1176/1176
f 1177/1177 1178/1178 1179/1179
f 1177/1177 1179/1179 1180/1180
f 1181/1181 1182/1182 1183/1183
f 1181/1181 1183/1183 1184/1184
f 1185/1185 1186/1186 1187/1187
f 1185/1185 1187/1187 1188/1188
f 1189/1189 1190/1190 1191/1191
f 1189/1189 1191/1191 1192/1192
f 1193/1193 1194/1194 1195/1195
f 1193/1193 1195/1195 1196/1196
f 1197/1197 1198/1198 1199/1199
f 1197/1197 1199/1199 1200/1200
f 1201/1201 1202/1202 1203/1203
f 1201/1201 1203/1203 1204/1204
f 1205/1205 1206/1206 1207/1207
f 1205/1205 1207/1207 1208/1208
f 1209/1209 1210/1210 1211/1211
f 1209/1209 1211/1211 1212/1212
f 1213/1213 1214/1214 1215/1215
f 1213/1213 1215/1215 1216/1216
f 1217/1217 1218/1218 1219/1219
f 1217/1217 1219/1219 1220/1220
f 1221/1221 1222/1222 1223/1223
f 1221/1221 1223/1223 1224/1224
f 1225/1225 1226/1226 1227/1227
f 1225/1225 1227/1227 1228/1228
f 1229/1229 1230/1230 1231/1231
f 1229/1229 1231/1231 1232/1232
f 1233/1233 1234/1234 1235/1235
f 1233/1233 1235/1235 1236/1236
f 1237/1237 1238/1238 1239/1239
f 1237/1237 1239/1239 1240/1240
f 1241/1241 1242/1242 1243/1243
f 1241/1241 1243/1243 1244/1244
f 1245/1245 1246/1246 1247/1247
f 1245/1245 1247/1247 1248/1248
f 1249/1249 1250/1250 1251/1251
f 1249/1249 1251/1251 1252/1252
f 1253/1253 1254/1254 1255/1255
f 1253/1253 1255/1255 1256/1256
f 1257/1257 1258/1258 1259/1259
f 1257/1257 1259/1259 1260/1260
f 1261/1261 1262/1262 1263/1263
f 1261/1261 1263/1263 1264/1264
f 1265/1265 1266/1266 1267/1267
f 1265/1265 1267/1267 1268/1268
f 1269/1269 1270/1270 1271/1271
f 1269/1269 1271/1271 1272/1272
f 1273/1273 1274/1274 1275/1275
f 1273/1273 1275/1275 1276/1276
f 1277/1277 1278/1278 1279/1279
f 1277/1277 1279/1279 1280/1280
f 1281/1281 1282/1282 1283/1283
f 1281/1281 1283/1283 1284/1284
f 1285/1285 1286/1286 1287/1287
f 1285/1285 1287/1287 1288/1288
f 1289/1289 1290/1290 1291/1291
f 1289/1289 1291/1291 1292/1292
f 1293/1293 1294/1294 1295/1295
f 1293/1293 1295/1295 1296/1296
f 1297/1297 1298/1298 1299/1299
f 1297/1297 1299/1299 1300/1300
f 1301/1301 1302/1302 1303/1303
f 1301/1301 1303/1303 1304/1304
f 1305/1305 1306/1306 1307/1307
f 1305/1305 1307/1307 1308/1308
f 1309/1309 1310/1310 1311/1311
f 1309/1309 1311/1311 1312/1312
f 1313/1313 1314/1314 1315/1315
f 1313/1313 1315/1315 1316/1316
f 1317/1317 1318/1318 1319/1319
f 1317/1317 1319/1319 1320/1320
f 1321/1321 1322/1322 1323/1323
f 1321/1321 1323/1323 1324/1324
f 1325/1325 1326/1326 1327/1327
f 1325/1325 1327/1327 1328/1328
f 1329/1329 1330/1330 1331/1331
f 1329/1329 1331/1331 1332/1332
f 1333/1333 1334/1334 1335/1335
f 1333/1333 1335/1335 1336/1336
f 1337/1337 1338/1338 1339/1339
f 1337/1337 1339/1339 1340/1340
f 1341/1341 1342/1342 1343/1343
f 1341/1341 1343/1343 1344/1344
f 1345/1345 1346/1346 1347/1347
f 1345/1345 1347/1347 1348/1348
f 1349/1349 1350/1350 1351/1351
f 1349/1349 1351/1351 1352/1352
f 1353/1353 1354/1354 1355/1355
f 1353/1353 1355/1355 1356/1356
f 1357/1357 1358/1358 1359/1359
f 1357/1357 1359/1359 1360/1360
f 1361/1361 1362/1362 1363/1363
f 1361/1361 1363/1363 1364/1364
f 1365/1365 1366/1366 1367/1367
f 1365/1365 1367/1367 1368/1368
f 1369/1369 1370/1370 1371/1371
f 1369/1369 1371/1371 1372/1372
f 1373/1373 1374/1374 1375/1375
f 1373/1373 1375/1375 1376/1376
f 1377/1377 1378/1378 1379/1379
f 1377/1377 1379/1379 1380/1380
f 1381/1381 1382/1382 1383/1383
f 1381/1381 1383/1383 1384/1384
f 1385/1385 1386/1386 1387/1387
f 1385/1385 1387/1387 1388/1388
f 1389/1389 1390/1390 1391/1391
f 1389/1389 1391/1391 1392/1392
f 1393/1393 1394/1394 1395/1395
f 1393/1393 1395/1395 1396/1396
f 1397/1397 1398/1398 1399/1399
f 1397/1397 1399/1399 1400/1400
f 1401/1401 1402/1402 1403/1403
f 1401/1401 1403/1403 1404/1404
f 1405/1405 1406/1406 1407/1407
f 1405/1405 1407/1407 1408/1408
f 1409/1409 1410/1410 1411/1411
f 1409/1409 1411/1411 1412/1412
f 1413/1413 1414/1414 1415/1415
f 1413/1413 1415/1415 1416/1416
f 1417/1417 1418/1418 1419/1419
f 1417/1417 1419/1419 1420/1420
f 1421/1421 1422/1422 1423/1423
f 1421/1421 1423/1423 1424/1424
f 1425/1425 1426/1426 1427/1427
f 1425/1425 1427/1427 1428/1428
f 1429/1429 1430/1430 1431/1431
f 1429/1429 1431/1431 1432/1432
f 1433/1433 1434/1434 1435/1435
f 1433/1433 1435/1435 1436/1436
f 1437/1437 1438/1438 1439/1439
f 1437/1437 1439/1439 1440/1440
f 1441/1441 1442/1442 1443/1443
f 1441/1441 1443/1443 1444/1444
f 1445/1445 1446/1446 1447/1447
f 1445/1445 1447/1447 1448/1448
f 1449/1449 1450/1450 1451/1451
f 1449/1449 1451/1451 1452/1452
f 1453/1453 1454/1454 1455/1455
f 1453/1453 1455/1455 1456/1456
f 1457/1457 1458/1458 1459/1459
f 1457/1457 1459/1459 1460/1460
f 1461/1461 1462/1462 1463/1463
f 1461/1461 1463/1463 1464/1464
f 1465/1465 1466/1466 1467/1467
f 1465/1465 1467/1467 1468/1468
f 1469/1469 1470/1470 1471/1471
f 1469/1469 1471/1471 1472/1472
f 1473/1473 1474/1474 1475/1475
f 1473/1473 1475/1475 1476/1476
f 1477/1477 1478/1478 1479/1479
f 1477/1477 1479/1479 1480/1480
f 1481/1481 1482/1482 1483/1483
f 1481/1481 1483/1483 1484/1484
f 1485/1485 1486/1486 1487/1487
f 1485/1485 1487/1487 1488/1488
f 1489/1489 1490/1490 1491/1491
f 1489/1489 1491/1491 1492/1492
f 1493/1493 1494/1494 1495/1495
f 1493/1493 1495/1495 1496/1496
f 1497/1497 1498/1498 1499/1499
f 1497/1497 1499/1499 1500/1500
f 1501/1501 1502/1502 1503/1503
f 1501/1501 1503/1503 1504/1504
f 1505/1505 1506/1506 1507/1507
f 1505/1505 1507/1507 1508/1508
f 1509/1509 1510/1510 1511/1511
f 1509/1509 1511/1511 1512/1512
f 1513/1513 1514/1514 1515/1515
f 1513/1513 1515/1515 1516/1516
f 1517/1517 1518/1518 1519/1519
f 1517/1517 1519/1519 1520/1520
f 1521/1521 1522/1522 1523/1523
f 1521/1521 1523/1523 1524/1524
f 1525/1525 1526/1526 1527/1527
f 1525/1525 1527/1527 1528/1528
f 1529/1529 1530/1530 1531/1531
f 1529/1529 1531/1531 1532/1532
f 1533/1533 1534/1534 1535/1535
f 1533/1533 1535/1535 1536/1536
f 1537/1537 1538/1538 1539/1539
f 1537/1537 1539/1539 1540/1540
f 1541/1541 1542/1542 1543/1543
f 1541/1541 1543/1543 1544/1544
f 1545/1545 1546/1546 1547/1547
f 1545/1545 1547/1547 1548/1548
f 1549/1549 1550/1550 1551/1551
f 1549/1549 1551/1551 1552/1552
f 1553/1553 1554/1554 1555/1555
f 1553/1553 1555/1555 1556/1556
f 1557/1557 1558/1558 1559/1559
f 1557/1557 1559/1559 1560/1560
f 1561/1561 1562/1562 1563/1563
f 1561/1561 1563/1563 1564/1564
f 1565/1565 1566/1566 1567/1567
f 1565/1565 1567/1567 1568/1568
f 1569/1569 1570/1570 1571/1571
f 1569/1569 1571/1571 1572/1572
f 1573/1573 1574/1574 1575/1575
f 1573/1573 1575/1575 1576/1576
f 1577/1577 1578/1578 1579/1579
f 1577/1577 1579/1579 1580/1580
f 1581/1581 1582/1582 1583/1583
f 1581/1581 1583/1583 1584/1584
f 1585/1585 1586/1586 1587/1587
f 1585/1585 1587/1587 1588/1588
f 1589/1589 1590/1590 1591/1591
f 1589/1589 1591/1591 1592/1592
f 1593/1593 1594/1594 1595/1595
f 1593/1593 1595/1595 1596/1596
f 1597/1597 1598/1598 1599/1599
f 1597/1597 1599/1599 1600/1600
f 1601/1601 1602/1602 1603/1603
f 1601/1601 1603/1603 1604/1604
f 1605/1605 1606/1606 1607/1607
f 1605/1605 1607/1607 1608/1608
f 1609/1609 1610/1610 1611/1611
f 1609/1609 1611/1611 1612/1612
f 1613/1613 1614/1614 1615/1615
f 1613/1613 1615/1615 1616/1616
f 1617/1617 1618/1618 1619/1619
f 1617/1617 1619/1619 1620/1620
f 1621/1621 1622/1622 1623/1623
f 1621/1621 1623/1623 1624/1624
f 1625/1625 1626/1626 1627/1627
f 1625/1625 1627/1627 1628/1628
f 1629/1629 1630/1630 1631/1631
f 1629/1629 1631/1631 1632/1632
f 1633/1633 1634/1634 1635/1635
f 1633/1633 1635/1635 1636/1636
f 1637/1637 1638/1638 1639/1639
f 1637/1637 1639/1639 1640/1640
f 1641/1641 1642/1642 1643/1643
f 1641/1641 1643/1643 1644/1644
f 1645/1645 1646/1646 1647/1647
f 1645/1645 1647/1647 1648/1648
f 1649/1649 1650/1650 1651/1651
f 1649/1649 1651/1651 1652/1652
f 1653/1653 1654/1654 1655/1655
f 1653/1653 1655/1655 1656/1656
f 1657/1657 1658/1658 1659/1659
f 1657/1657 1659/1659 1660/1660
f 1661/1661 1662/1662 1663/1663
f 1661/1661 1663/1663 1664/1664
f 1665/1665 1666/1666 1667/1667
f 1665/1665 1667/1667 1668/1668
f 1669/1669 1670/1670 1671/1671
f 1669/1669 1671/1671 1672/1672
f 1673/1673 1674/1674 1675/1675
f 1673/1673 1675/1675 1676/1676
f 1677/1677 1678/1678 1679/1679
f 1677/1677 1679/1679 1680/1680
f 1681/1681 1682/1682 1683/1683
f 1681/1681 1683/1683 1684/1684
f 1685/1685 1686/1686 1687/1687
f 1685/1685 1687/1687 1688/1688
f 1689/1689 1690/1690 1691/1691
f 1689/1689 1691/1691 1692/1692
f 1693/1693 1694/1694 1695/1695
f 1693/1693 1695/1695 1696/1696
f 1697/1697 1698/1698 1699/1699
f 1697/1697 1699/1699 1700/1700
f 1701/1701 1702/1702 1703/1703
f 1701/1701 1703/1703 1704/1704
f 1705/1705 1706/1706 1707/1707
f 1705/1705 1707/1707 1708/1708
f 1709/1709 1710/1710 1711/1711
f 1709/1709 1711/1711 1712/1712
f 1713/1713 1714/1714 1715/1715
f 1713/1713 1715/1715 1716/1716
f 1717/1717 1718/1718 1719/1719
f 1717/1717 1719/1719 1720/1720
f 1721/1721 1722/1722 1723/1723
f 1721/1721 1723/1723 1724/1724
f 1725/1725 1726/1726 1727/1727
f 1725/1725 1727/1727 1728/1728
f 1729/1729 1730/1730 1731/1731
f 1729/1729 1731/1731 1732/1732
f 1733/1733 1734/1734 1735/1735
f 1733/1733 1735/1735 1736/1736
f 1737/1737 1738/1738 1739/1739
f 1737/1737 1739/1739 1740/1740
f 1741/1741 1742/1742 1743/1743
f 1741/1741 1743/1743 1744/1744
f 1745/1745 1746/1746 1747/1747
f 1745/1745 1747/1747 1748/1748
f 1749/1749 1750/1750 1751/1751
f 1749/1749 1751/1751 1752/1752
f 1753/1753 1754/1754 1755/1755
f 1753/1753 1755/1755 1756/1756
f 1757/1757 1758/1758 1759/1759
f 1757/1757 1759/1759 1760/1760
f 1761/1761 1762/1762 1763/1763
f 1761/1761 1763/1763 1764/1764
f 1765/1765 1766/1766 1767/1767
f 1765/1765 1767/1767 1768/1768
f 1769/1769 1770/1770 1771/1771
f 1769/1769 1771/1771 1772/1772
f 1773/1773 1774/1774 1775/1775
f 1773/1773 1775/1775 1776/1776
f 1777/1777 1778/1778 1779/1779
f 1777/1777 1779/1779 1780/1780
f 1781/1781 1782/1782 1783/1783
f 1781/1781 1783/1783 1784/1784
f 1785/1785 1786/1786 1787/1787
f 1785/1785 1787/1787 1788/1788
f 1789/1789 1790/1790 1791/1791
f 1789/1789 1791/1791 1792/1792
f 1793/1793 1794/1794 1795/1795
f 1793/1793 1795/1795 1796/1796
f 1797/1797 1798/1798 1799/1799
f 1797/1797 1799/1799 1800/1800
f 1801/1801 1802/1802 1803/1803
f 1801/1801 1803/1803 1804/1804
f 1805/1805 1806/1806 1807/1807
f 1805/1805 1807/1807 1808/1808
f 1809/1809 1810/1810 1811/1811
f 1809/1809 1811/1811 1812/1812
f 1813/1813 1814/1814 1815/1815
f 1813/1813 1815/1815 1816/1816
f 1817/1817 1818/1818 1819/1819
f 1817/1817 1819/1819 1820/1820
f 1821/1821 1822/1822 1823/1823
f 1821/1821 1823/1823 1824/1824
f 1825/1825 1826/1826 1827/1827
f 1825/1825 1827/1827 1828/1828
f 1829/1829 1830/1830 1831/1831
f 1829/1829 1831/1831 1832/1832
f 1833/1833 1834/1834 1835/1835
f 1833/1833 1835/1835 1836/1836
f 1837/1837 1838/1838 1839/1839
f 1837/1837 1839/1839 1840/1840
f 1841/1841 1842/1842 1843/1843
f 1841/1841 1843/1843 1844/1844
f 1845/1845 1846/1846 1847/1847
f 1845/1845 1847/1847 1848/1848
f 1849/1849 1850/1850 1851/1851
f 1849/1849 1851/1851 1852/1852
f 1853/1853 1854/1854 1855/1855
f 1853/1853 1855/1855 1856/1856
f 1857/1857 1858/1858 1859/1859
f 1857/1857 1859/1859 1860/1860
f 1861/1861 1862/1862 1863/1863
f 1861/1861 1863/1863 1864/1864
f 1865/1865 1866/1866 1867/1867
f 1865/1865 1867/1867 1868/1868
f 1869/1869 1870/1870 1871/1871
f 1869/1869 1871/1871 1872/1872
f 1873/1873 1874/1874 1875/1875
f 1873/1873 1875/1875 1876/1876
f 1877/1877 1878/1878 1879/1879
f 1877/1877 1879/1879 1880/1880
f 1881/1881 1882/1882 1883/1883
f 1881/1881 1883/1883 1884/1884
f 1885/1885 1886/1886 1887/1887
f 1885/1885 1887/1887 1888/1888
f 1889/1889 1890/1890 1891/1891
f 1889/1889 1891/1891 1892/1892
f 1893/1893 1894/1894 1895/1895
f 1893/1893 1895/1895 1896/1896
f 1897/1897 1898/1898 1899/1899
f 1897/1897 1899/1899 1900/1900
f 1901/1901 1902/1902 1903/1903
f 1901/1901 1903/1903 1904/1904
f 1905/1905 1906/1906 1907/1907
f 1905/1905 1907/1907 1908/1908
f 1909/1909 1910/1910 1911/1911
f 1909/1909 1911/1911 1912/1912
f 1913/1913 1914/1914 1915/1915
f 1913/1913 1915/1915 1916/1916
f 1917/1917 1918/1918 1919/1919
f 1917/1917 1919/1919 1920/1920
f 1921/1921 1922/1922 1923/1923
f 1921/1921 1923/1923 1924/1924
f 1925/1925 1926/1926 1927/1927
f 1925/1925 1927/1927 1928/1928
f 1929/1929 1930/1930 1931/1931
f 1929/1929 1931/1931 1932/1932
f 1933/1933 1934/1934 1935/1935
f 1933/1933 1935/1935 1936/1936
f 1937/1937 1938/1938 1939/1939
f 1937/1937 1939/1939 1940/1940
f 1941/1941 1942/1942 1943/1943
f 1941/1941 1943/1943 1944/1944
f 1945/1945 1946/1946 1947/1947
f 1945/1945 1947/1947 1948/1948
f 1949/1949 1950/1950 1951/1951
f 1949/1949 1951/1951 1952/1952
f 1953/1953 1954/1954 1955/1955
f 1953/1953 1955/1955 1956/1956
f 1957/1957 1958/1958 1959/1959
f 1957/1957 1959/1959 1960/1960
f 1961/1961 1962/1962 1963/1963
f 1961/1961 1963/1963 1964/1964
f 1965/1965 1966/1966 1967/1967
f 1965/1965 1967/1967 1968/1968
f 1969/1969 1970/1970 1971/1971
f 1969/1969 1971/1971 1972/1972
f 1973/1973 1974/1974 1975/1975
f 1973/1973 1975/1975 1976/1976
f 1977/1977 1978/1978 1979/1979
f 1977/1977 1979/1979 1980/1980
f 1981/1981 1982/1982 1983/1983
f 1981/1981 1983/1983 1984/1984
f 1985/1985 1986/1986 1987/1987
f 1985/1985 1987/1987 1988/1988
f 1989/1989 1990/1990 1991/1991
f 1989/1989 1991/1991 1992/1992
f 1993/1993 1994/1994 1995/1995
f 1993/1993 1995/1995 1996/1996
f 1997/1997 1998/1998 1999/1999
f 1997/1997 1999/1999 2000/2000
f 2001/2001 2002/2002 2003/2003
f 2001/2001 2003/2003 2004/2004
f 2005/2005 2006/2006 2007/2007
f 2005/2005 2007/2007 2008/2008
f 2009/2009 2010/2010 2011/2011
f 2009/2009 2011/2011 2012/2012
f 2013/2013 2014/2014 2015/2015
f 2013/2013 2015/2015 2016/2016
f 2017/2017 2018/2018 2019/2019
f 2017/2017 2019/2019 2020/2020
f 2021/2021 2022/2022 2023/2023
f 2021/2021 2023/2023 2024/2024
f 2025/2025 2026/2026 2027/2027
f 2025/2025 2027/2027 2028/2028
f 2029/2029 2030/2030 2031/2031
f 2029/2029 2031/2031 2032/2032
f 2033/2033 2034/2034 2035/2035
f 2033/2033 2035/2035 2036/2036
f 2037/2037 2038/2038 2039/2039
f 2037/2037 2039/2039 2040/2040
f 2041/2041 2042/2042 2043/2043
f 2041/2041 2043/2043 2044/2044
f 2045/2045 2046/2046 2047/2047
f 2045/2045 2047/2047 2048/2048
f 2049/2049 2050/2050 2051/2051
f 2049/2049 2051/2051 2052/2052
f 2053/2053 2054/2054 2055/2055
f 2053/2053 2055/2055 2056/2056
f 2057/2057 2058/2058 2059/2059
f 2057/2057 2059/2059 2060/2060
f 2061/2061 2062/2062 2063/2063
f 2061/2061 2063/2063 2064/2064
f 2065/2065 2066/2066 2067/2067
f 2065/2065 2067/2067 2068/2068
f 2069/2069 2070/2070 2071/2071
f 2069/2069 2071/2071 2072/2072
f 2073/2073 2074/2074 2075/2075
f 2073/2073 2075/2075 2076/2076
f 2077/2077 2078/2078 2079/2079
f 2077/2077 2079/2079 2080/2080
f 2081/2081 2082/2082 2083/2083
f 2081/2081 2083/2083 2084/2084
f 2085/2085 2086/2086 2087/2087
f 2085/2085 2087/2087 2088/2088
f 2089/2089 2090/2090 2091/2091
f 2089/2089 2091/2091 2092/2092
f 2093/2093 2094/2094 2095/2095
f 2093/2093 2095/2095 2096/2096
f 2097/2097 2098/2098 2099/2099
f 2097/2097 2099/2099 2100/2100
f 2101/2101 2102/2102 2103/2103
f 2101/2101 2103/2103 2104/2104
f 2105/2105 2106/2106 2107/2107
f 2105/2105 2107/2107 2108/2108
f 2109/2109 2110/2110 2111/2111
f 2109/2109 2111/2111 2112/2112
f 3361/3361 3362/3362 3363/3363
f 3361/3361 3363/3363 3364/3364
f 3365/3365 3366/3366 3367/3367
f 3365/3365 3367/3367 3368/3368
f 3369/3369 3370/3370 3371/3371
f 3369/3369 3371/3371 3372/3372
f 3373/3373 3374/3374 3375/3375
f 3373/3373 3375/3375 3376/3376
f 3377/3377 3378/3378 3379/3379
f 3377/3377 3379/3379 3380/3380
f 3381/3381 3382/3382 3383/3383
f 3381/3381 3383/3383 3384/3384
f 3385/3385 3386/3386 3387/3387
f 3385/3385 3387/3387 3388/3388
f 3389/3389 3390/3390 3391/3391
f 3389/3389 3391/3391 3392/3392
f 3393/3393 3394/3394 3395/3395
f 3393/3393 3395/3395 3396/3396
f 3397/3397 3398/3398 3399/3399
f 3397/3397 3399/3399 3400/3400
f 3401/3401 3402/3402 3403/3403
f 3401/3401 3403/3403 3404/3404
f 3405/3405 3406/3406 3407/3407
f 3405/3405 3407/3407 3408/3408
f 3409/3409 3410/3410 3411/3411
f 3409/3409 3411/3411 3412/3412
f 3413/3413 3414/3414 3415/3415
f 3413/3413 3415/3415 3416/3416
f 3417/3417 3418/3418 3419/3419
f 3417/3417 3419/3419 3420/3420
f 3421/3421 3422/3422 3423/3423
f 3421/3421 3423/3423 3424/3424
f 3425/3425 3426/3426 3427/3427
f 3425/3425 3427/3427 3428/3428
f 3429/3429 3430/3430 3431/3431
f 3429/3429 3431/3431 3432/3432
f 3433/3433 3434/3434 3435/3435
f 3433/3433 3435/3435 3436/3436
f 3437/3437 3438/3438 3439/3439
f 3437/3437 3439/3439 3440/3440
f 3441/3441 3442/3442 3443/3443
f 3441/3441 3443/3443 3444/3444
f 3445/3445 3446/3446 3447/3447
f 3445/3445 3447/3447 3448/3448
f 3449/3449 3450/3450 3451/3451
f 3449/3449 3451/3451 3452/3452
f 3453/3453 3454/3454 3455/3455
f 3453/3453 3455/3455 3456/3456
f 3457/3457 3458/3458 3459/3459
f 3457/3457 3459/3459 3460/3460
f 3461/3461 3462/3462 3463/3463
f 3461/3461 3463/3463 3464/3464
f 3465/3465 3466/3466 3467/3467
f 3465/3465 3467/3467 3468/3468
f 3469/3469 3470/3470 3471/3471
f 3469/3469 3471/3471 3472/3472
f 3473/3473 3474/3474 3475/3475
f 3473/3473 3475/3475 3476/3476
f 3477/3477 3478/3478 3479/3479
f 3477/3477 3479/3479 3480/3480
f 3481/3481 3482/3482 3483/3483
f 3481/3481 3483/3483 3484/3484
f 3485/3485 3486/3486 3487/3487
f 3485/3485 3487/3487 3488/3488
f 3489/3489 3490/3490 3491/3491
f 3489/3489 3491/3491 3492/3492
f 3493/3493 3494/3494 3495/3495
f 3493/3493 3495/3495 3496/3496
f 3497/3497 3498/3498 3499/3499
f 3497/3497 3499/3499 3500/3500
f 3501/3501 3502/3502 3503/3503
f 3501/3501 3503/3503 3504/3504
f 3505/3505 3506/3506 3507/3507
f 3505/3505 3507/3507 3508/3508
f 3509/3509 3510/3510 3511/3511
f 3509/3509 3511/3511 3512/3512
f 3513/3513 3514/3514 3515/3515
f 3513/3513 3515/3515 3516/3516
f 3517/3517 3518/3518 3519/3519
f 3517/3517 3519/3519 3520/3520
f 3521/3521 3522/3522 3523/3523
f 3521/3521 3523/3523 3524/3524
f 3525/3525 3526/3526 3527/3527
f 3525/3525 3527/3527 3528/3528
f 3529/3529 3530/3530 3531/3531
f 3529/3529 3531/3531 3532/3532
f 3533/3533 3534/3534 3535/3535
f 3533/3533 3535/3535 3536/3536
f 3537/3537 3538/3538 3539/3539
f 3537/3537 3539/3539 3540/3540
f 3541/3541 3542/3542 3543/3543
f 3541/3541 3543/3543 3544/3544
f 3545/3545 3546/3546 3547/3547
f 3545/3545 3547/3547 3548/3548
f 3549/3549 3550/3550 3551/3551
f 3549/3549 3551/3551 3552/3552
f 3553/3553 3554/3554 3555/3555
f 3553/3553 3555/3555 3556/3556
f 3557/3557 3558/3558 3559/3559
f 3557/3557 3559/3559 3560/3560
f 3561/3561 3562/3562 3563/3563
f 3561/3561 3563/3563 3564/3564
f 3565/3565 3566/3566 3567/3567
f 3565/3565 3567/3567 3568/3568
f 3569/3569 3570/3570 3571/3571
f 3569/3569 3571/3571 3572/3572
f 3573/3573 3574/3574 3575/3575
f 3573/3573 3575/3575 3576/3576
f 3577/3577 3578/3578 3579/3579
f 3577/3577 3579/3579 3580/3580
f 3581/3581 3582/3582 3583/3583
f 3581/3581 3583/3583 3584/3584
f 3585/3585 3586/3586 3587/3587
f 3585/3585 3587/3587 3588/3588
f 3589/3589 3590/3590 3591/3591
f 3589/3589 3591/3591 3592/3592
f 3593/3593 3594/3594 3595/3595
f 3593/3593 3595/3595 3596/3596
f 3597/3597 3598/3598 3599/3599
f 3597/3597 3599/3599 3600/3600
f 3601/3601 3602/3602 3603/3603
f 3601/3601 3603/3603 3604/3604
f 3605/3605 3606/3606 3607/3607
f 3605/3605 3607/3607 3608/3608
f 3609/3609 3610/3610 3611/3611
f 3609/3609 3611/3611 3612/3612
f 3613/3613 3614/3614 3615/3615
f 3613/3613 3615/3615 3616/3616
f 3617/3617 3618/3618 3619/3619
f 3617/3617 3619/3619 3620/3620
f 3621/3621 3622/3622 3623/3623
f 3621/3621 3623/3623 3624/3624
f 3625/3625 3626/3626 3627/3627
f 3625/3625 3627/3627 3628/3628
f 3629/3629 3630/3630 3631/3631
f 3629/3629 3631/3631 3632/3632
f 3633/3633 3634/3634 3635/3635
f 3633/3633 3635/3635 3636/3636
f 3637/3637 3638/3638 3639/3639
f 3637/3637 3639/3639 3640/3640
f 3641/3641 3642/3642 3643/3643
f 3641/3641 3643/3643 3644/3644
f 3645/3645 3646/3646 3647/3647
f 3645/3645 3647/3647 3648/3648
f 3649/3649 3650/3650 3651/3651
f 3649/3649 3651/3651 3652/3652
f 3653/3653 3654/3654 3655/3655
f 3653/3653 3655/3655 3656/3656
f 3657/3657 3658/3658 3659/3659
f 3657/3657 3659/3659 3660/3660
f 3661/3661 3662/3662 3663/3663
f 3661/3661 3663/3663 3664/3664
f 3665/3665 3666/3666 3667/3667
f 3665/3665 3667/3667 3668/3668
f 3669/3669 3670/3670 3671/3671
f 3669/3669 3671/3671 3672/3672
f 3673/3673 3674/3674 3675/3675
f 3673/3673 3675/3675 3676/3676
f 3677/3677 3678/3678 3679/3679
f 3677/3677 3679/3679 3680/3680
f 3681/3681 3682/3682 3683/3683
f 3681/3681 3683/3683 3684/3684
f 3685/3685 3686/3686 3687/3687
f 3685/3685 3687/3687 3688/3688
f 3689/3689 3690/3690 3691/3691
f 3689/3689 3691/3691 3692/3692
f 3693/3693 3694/3694 3695/3695
f 3693/3693 3695/3695 3696/3696
f 3697/3697 3698/3698 3699/3699
f 3697/3697 3699/3699 3700/3700
f 3701/3701 3702/3702 3703/3703
f 3701/3701 3703/3703 3704/3704
f 3705/3705 3706/3706 3707/3707
f 3705/3705 3707/3707 3708/3708
f 3709/3709 3710/3710 3711/3711
f 3709/3709 3711/3711 3712/3712
f 3713/3713 3714/3714 3715/3715
f 3713/3713 3715/3715 3716/3716
f 3717/3717 3718/3718 3719/3719
f 3717/3717 3719/3719 3720/3720
f 3721/3721 3722/3722 3723/3723
f 3721/3721 3723/3723 3724/3724
f 3725/3725 3726/3726 3727/3727
f 3725/3725 3727/3727 3728/3728
f 3729/3729 3730/3730 3731/3731
f 3729/3729 3731/3731 3732/3732
f 3733/3733 3734/3734 3735/3735
f 3733/3733 3735/3735 3736/3736
f 3737/3737 3738/3738 3739/3739
f 3737/3737 3739/3739 3740/3740
f 3741/3741 3742/3742 3743/3743
f 3741/3741 3743/3743 3744/3744
f 3745/3745 3746/3746 3747/3747
f 3745/3745 3747/3747 3748/3748
f 3749/3749 3750/3750 3751/3751
f 3749/3749 3751/3751 3752/3752
f 3753/3753 3754/3754 3755/3755
f 3753/3753 3755/3755 3756/3756
f 3757/3757 3758/3758 3759/3759
f 3757/3757 3759/3759 3760/3760
f 3761/3761 3762/3762 3763/3763
f 3761/3761 3763/3763 3764/3764
f 3765/3765 3766/3766 3767/3767
f 3765/3765 3767/3767 3768/3768
f 3769/3769 3770/3770 3771/3771
f 3769/3769 3771/3771 3772/3772
f 3773/3773 3774/3774 3775/3775
f 3773/3773 3775/3775 3776/3776
f 3777/3777 3778/3778 3779/3779
f 3777/3777 3779/3779 3780/3780
f 3781/3781 3782/3782 3783/3783
f 3781/3781 3783/3783 3784/3784
f 3785/3785 3786/3786 3787/3787
f 3785/3785 3787/3787 3788/3788
f 3789/3789 3790/3790 3791/3791
f 3789/3789 3791/3791 3792/3792
f 3793/3793 3794/3794 3795/3795
f 3793/3793 3795/3795 3796/3796
f 3797/3797 3798/3798 3799/3799
f 3797/3797 3799/3799 3800/3800
f 3801/3801 3802/3802 3803/3803
f 3801/3801 3803/3803 3804/3804
f 3805/3805 3806/3806 3807/3807
f 3805/3805 3807/3807 3808/3808
f 3809/3809 3810/3810 3811/3811
f 3809/3809 3811/3811 3812/3812
f 3813/3813 3814/3814 3815/3815
f 3813/3813 3815/3815 3816/3816
f 3817/3817 3818/3818 3819/3819
f 3817/3817 3819/3819 3820/3820
f 3821/3821 3822/3822 3823/3823
f 3821/3821 3823/3823 3824/3824
f 3825/3825 3826/3826 3827/3827
f 3825/3825 3827/3827 3828/3828
f 3829/3829 3830/3830 3831/3831
f 3829/3829 3831/3831 3832/3832
f 3833/3833 3834/3834 3835/3835
f 3833/3833 3835/3835 3836/3836
f 3837/3837 3838/3838 3839/3839
f 3837/3837 3839/3839 3840/3840
f 3841/3841 3842/3842 3843/3843
f 3841/3841 3843/3843 3844/3844
f 3845/3845 3846/3846 3847/3847
f 3845/3845 3847/3847 3848/3848
f 3849/3849 3850/3850 3851/3851
f 3849/3849 3851/3851 3852/3852
f 3853/3853 3854/3854 3855/3855
f 3853/3853 3855/3855 3856/3856
f 3857/3857 3858/3858 3859/3859
f 3857/3857 3859/3859 3860/3860
f 3861/3861 3862/3862 3863/3863
f 3864/3864 3865/3865 3866/3866
f 3867/3867 3868/3868 3869/3869
f 3870/3870 3871/3871 3872/3872
f 3873/3873 3874/3874 3875/3875
f 3876/3876 3877/3877 3878/3878
f 3879/3879 3880/3880 3881/3881
f 3882/3882 3883/3883 3884/3884
f 3885/3885 3886/3886 3887/3887
f 3888/3888 3889/3889 3890/3890
f 3891/3891 3892/3892 3893/3893
f 3894/3894 3895/3895 3896/3896
f 3897/3897 3898/3898 3899/3899
f 3900/3900 3901/3901 3902/3902
f 3903/3903 3904/3904 3905/3905
f 3906/3906 3907/3907 3908/3908
f 3909/3909 3910/3910 3911/3911
f 3912/3912 3913/3913 3914/3914
f 3915/3915 3916/3916 3917/3917
f 3918/3918 3919/3919 3920/3920
f 3921/3921 3922/3922 3923/3923
f 3924/3924 3925/3925 3926/3926
f 3927/3927 3928/3928 3929/3929
f 3930/3930 3931/3931 3932/3932
f 3933/3933 3934/3934 3935/3935
f 3936/3936 3937/3937 3938/3938
f 3939/3939 3940/3940 3941/3941
f 3942/3942 3943/3943 3944/3944
f 3945/3945 3946/3946 3947/3947
f 3948/3948 3949/3949 3950/3950
f 3951/3951 3952/3952 3953/3953
f 3954/3954 3955/3955 3956/3956
f 3957/3957 3958/3958 3959/3959
f 3960/3960 3961/3961 3962/3962
f 3963/3963 3964/3964 3965/3965
f 3966/3966 3967/3967 3968/3968
f 3969/3969 3970/3970 3971/3971
f 3972/3972 3973/3973 3974/3974
f 3975/3975 3976/3976 3977/3977
f 3978/3978 3979/3979 3980/3980
f 3981/3981 3982/3982 3983/3983
f 3984/3984 3985/3985 3986/3986
f 3987/3987 3988/3988 3989/3989
f 3990/3990 3991/3991 3992/3992
f 3993/3993 3994/3994 3995/3995
f 3996/3996 3997/3997 3998/3998
f 3999/3999 4000/4000 4001/4001
f 4002/4002 4003/4003 4004/4004
f 4005/4005 4006/4006 4007/4007
f 4008/4008 4009/4009 4010/4010
f 4083/4083 4084/4084 4085/4085
f 4083/4083 4085/4085 4086/4086
f 4087/4087 4088/4088 4089/4089
f 4087/4087 4089/4089 4090/4090
f 4091/4091 4092/4092 4093/4093
f 4091/4091 4093/4093 4094/4094
f 4095/4095 4096/4096 4097/4097
f 4095/4095 4097/4097 4098/4098
f 4099/4099 4100/4100 4101/4101
f 4099/4099 4101/4101 4102/4102
f 4103/4103 4104/4104 4105/4105
f 4103/4103 4105/4105 4106/4106
f 4107/4107 4108/4108 4109/4109
f 4107/4107 4109/4109 4110/4110
f 4111/4111 4112/4112 4113/4113
f 4111/4111 4113/4113 4114/4114
f 4115/4115 4116/4116 4117/4117
f 4115/4115 4117/4117 4118/4118
f 4119/4119 4120/4120 4121/4121
f 4119/4119 4121/4121 4122/4122
f 4123/4123 4124/4124 4125/4125
f 4123/4123 4125/4125 4126/4126
f 4127/4127 4128/4128 4129/4129
f 4127/4127 4129/4129 4130/4130
f 4131/4131 4132/4132 4133/4133
f 4131/4131 4133/4133 4134/4134
f 4135/4135 4136/4136 4137/4137
f 4135/4135 4137/4137 4138/4138
f 4139/4139 4140/4140 4141/4141
f 4139/4139 4141/4141 4142/4142
f 4143/4143 4144/4144 4145/4145
f 4143/4143 4145/4145 4146/4146
f 4147/4147 4148/4148 4149/4149
f 4147/4147 4149/4149 4150/4150
f 4151/4151 4152/4152 4153/4153
f 4151/4151 4153/4153 4154/4154
f 4155/4155 4156/4156 4157/4157
f 4155/4155 4157/4157 4158/4158
f 4159/4159 4160/4160 4161/4161
f 4159/4159 4161/4161 4162/4162
f 4163/4163 4164/4164 4165/4165
f 4163/4163 4165/4165 4166/4166
f 4167/4167 4168/4168 4169/4169
f 4167/4167 4169/4169 4170/4170
f 4171/4171 4172/4172 4173/4173
f 4171/4171 4173/4173 4174/4174
f 4175/4175 4176/4176 4177/4177
f 4175/4175 4177/4177 4178/4178
f 4179/4179 4180/4180 4181/4181
f 4179/4179 4181/4181 4182/4182
f 4183/4183 4184/4184 4185/4185
f 4183/4183 4185/4185 4186/4186
f 4187/4187 4188/4188 4189/4189
f 4187/4187 4189/4189 4190/4190
f 4191/4191 4192/4192 4193/4193
f 4191/4191 4193/4193 4194/4194
f 4195/4195 4196/4196 4197/4197
f 4195/4195 4197/4197 4198/4198
f 4199/4199 4200/4200 4201/4201
f 4199/4199 4201/4201 4202/4202
f 4203/4203 4204/4204 4205/4205
f 4203/4203 4205/4205 4206/4206
f 4207/4207 4208/4208 4209/4209
f 4207/4207 4209/4209 4210/4210
f 4211/4211 4212/4212 4213/4213
f 4211/4211 4213/4213 4214/4214
f 4215/4215 4216/4216 4217/4217
f 4215/4215 4217/4217 4218/4218
f 4219/4219 4220/4220 4221/4221
f 4219/4219 4221/4221 4222/4222
f 4223/4223 4224/4224 4225/4225
f 4223/4223 4225/4225 4226/4226
f 4227/4227 4228/4228 4229/4229
f 4227/4227 4229/4229 4230/4230
f 4231/4231 4232/4232 4233/4233
f 4231/4231 4233/4233 4234/4234
f 4235/4235 4236/4236 4237/4237
f 4235/4235 4237/4237 4238/4238
f 4239/4239 4240/4240 4241/4241
f 4239/4239 4241/4241 4242/4242
f 4243/4243 4244/4244 4245/4245
f 4243/4243 4245/4245 4246/4246
f 4247/4247 4248/4248 4249/4249
f 4247/4247 4249/4249 4250/4250
f 4251/4251 4252/4252 4253/4253
f 4251/4251 4253/4253 4254/4254
f 4255/4255 4256/4256 4257/4257
f 4255/4255 4257/4257 4258/4258
f 4259/4259 4260/4260 4261/4261
f 4259/4259 4261/4261 4262/4262
f 4263/4263 4264/4264 4265/4265
f 4263/4263 4265/4265 4266/4266
f 4267/4267 4268/4268 4269/4269
f 4267/4267 4269/4269 4270/4270
f 4271/4271 4272/4272 4273/4273
f 4271/4271 4273/4273 4274/4274
f 4275/4275 4276/4276 4277/4277
f 4275/4275 4277/4277 4278/4278
f 4279/4279 4280/4280 4281/4281
f 4279/4279 4281/4281 4282/4282
f 4283/4283 4284/4284 4285/4285
f 4283/4283 4285/4285 4286/4286
f 4287/4287 4288/4288 4289/4289
f 4287/4287 4289/4289 4290/4290
f 4291/4291 4292/4292 4293/4293
f 4291/4291 4293/4293 4294/4294
f 4295/4295 4296/4296 4297/4297
f 4295/4295 4297/4297 4298/4298
f 4299/4299 4300/4300 4301/4301
f 4299/4299 4301/4301 4302/4302
f 4303/4303 4304/4304 4305/4305
f 4303/4303 4305/4305 4306/4306
f 4307/4307 4308/4308 4309/4309
f 4307/4307 4309/4309 4310/4310
f 4311/4311 4312/4312 4313/4313
f 4311/4311 4313/4313 4314/4314
f 4315/4315 4316/4316 4317/4317
f 4315/4315 4317/4317 4318/4318
f 4319/4319 4320/4320 4321/4321
f 4319/4319 4321/4321 4322/4322
f 4323/4323 4324/4324 4325/4325
f 4323/4323 4325/4325 4326/4326
f 4327/4327 4328/4328 4329/4329
f 4327/4327 4329/4329 4330/4330
f 4331/4331 4332/4332 4333/4333
f 4331/4331 4333/4333 4334/4334
f 4335/4335 4336/4336 4337/4337
f 4335/4335 4337/4337 4338/4338
f 4339/4339 4340/4340 4341/4341
f 4339/4339 4341/4341 4342/4342
f 4343/4343 4344/4344 4345/4345
f 4343/4343 4345/4345 4346/4346
f 4347/4347 4348/4348 4349/4349
f 4347/4347 4349/4349 4350/4350
f 4351/4351 4352/4352 4353/4353
f 4351/4351 4353/4353 4354/4354
f 4355/4355 4356/4356 4357/4357
f 4355/4355 4357/4357 4358/4358
f 4359/4359 4360/4360 4361/4361
f 4359/4359 4361/4361 4362/4362
f 4363/4363 4364/4364 4365/4365
f 4363/4363 4365/4365 4366/4366
f 4367/4367 4368/4368 4369/4369
f 4367/4367 4369/4369 4370/4370
f 4371/4371 4372/4372 4373/4373
f 4371/4371 4373/4373 4374/4374
f 4375/4375 4376/4376 4377/4377
f 4375/4375 4377/4377 4378/4378
f 4379/4379 4380/4380 4381/4381
f 4379/4379 4381/4381 4382/4382
f 4383/4383 4384/4384 4385/4385
f 4383/4383 4385/4385 4386/4386
f 4387/4387 4388/4388 4389/4389
f 4387/4387 4389/4389 4390/4390
f 4391/4391 4392/4392 4393/4393
f 4391/4391 4393/4393 4394/4394
f 4395/4395 4396/4396 4397/4397
f 4395/4395 4397/4397 4398/4398
f 4399/4399 4400/4400 4401/4401
f 4399/4399 4401/4401 4402/4402
f 4403/4403 4404/4404 4405/4405
f 4403/4403 4405/4405 4406/4406
f 4407/4407 4408/4408 4409/4409
f 4407/4407 4409/4409 4410/4410
f 4411/4411 4412/4412 4413/4413
f 4411/4411 4413/4413 4414/4414
f 4415/4415 4416/4416 4417/4417
f 4415/4415 4417/4417 4418/4418
f 4419/4419 4420/4420 4421/4421
f 4419/4419 4421/4421 4422/4422
f 4423/4423 4424/4424 4425/4425
f 4423/4423 4425/4425 4426/4426
f 4427/4427 4428/4428 4429/4429
f 4427/4427 4429/4429 4430/4430
f 4431/4431 4432/4432 4433/4433
f 4431/4431 4433/4433 4434/4434
f 4435/4435 4436/4436 4437/4437
f 4435/4435 4437/4437 4438/4438
f 4439/4439 4440/4440 4441/4441
f 4439/4439 4441/4441 4442/4442
f 4443/4443 4444/4444 4445/4445
f 4443/4443 4445/4445 4446/4446
f 4447/4447 4448/4448 4449/4449
f 4447/4447 4449/4449 4450/4450
f 4451/4451 4452/4452 4453/4453
f 4451/4451 4453/4453 4454/4454
f 4455/4455 4456/4456 4457/4457
f 4455/4455 4457/4457 4458/4458
f 4459/4459 4460/4460 4461/4461
f 4459/4459 4461/4461 4462/4462
f 4463/4463 4464/4464 4465/4465
f 4463/4463 4465/4465 4466/4466
f 4467/4467 4468/4468 4469/4469
f 4467/4467 4469/4469 4470/4470
f 4471/4471 4472/4472 4473/4473
f 4471/4471 4473/4473 4474/4474
f 4475/4475 4476/4476 4477/4477
f 4475/4475 4477/4477 4478/4478
f 4479/4479 4480/4480 4481/4481
f 4479/4479 4481/4481 4482/4482
f 4483/4483 4484/4484 4485/4485
f 4483/4483 4485/4485 4486/4486
f 4487/4487 4488/4488 4489/4489
f 4487/4487 4489/4489 4490/4490
f 4491/4491 4492/4492 4493/4493
f 4491/4491 4493/4493 4494/4494
f 4495/4495 4496/4496 4497/4497
f 4495/4495 4497/4497 4498/4498
f 4499/4499 4500/4500 4501/4501
f 4499/4499 4501/4501 4502/4502
f 4503/4503 4504/4504 4505/4505
f 4503/4503 4505/4505 4506/4506
f 4507/4507 4508/4508 4509/4509
f 4507/4507 4509/4509 4510/4510
f 4511/4511 4512/4512 4513/4513
f 4511/4511 4513/4513 4514/4514
f 4515/4515 4516/4516 4517/4517
f 4515/4515 4517/4517 4518/4518
f 4519/4519 4520/4520 4521/4521
f 4519/4519 4521/4521 4522/4522
f 4523/4523 4524/4524 4525/4525
f 4523/4523 4525/4525 4526/4526
f 4527/4527 4528/4528 4529/4529
f 4527/4527 4529/4529 4530/4530
f 4531/4531 4532/4532 4533/4533
f 4531/4531 4533/4533 4534/4534
f 4535/4535 4536/4536 4537/4537
f 4535/4535 4537/4537 4538/4538
f 4539/4539 4540/4540 4541/4541
f 4539/4539 4541/4541 4542/4542
f 4543/4543 4544/4544 4545/4545
f 4543/4543 4545/4545 4546/4546
f 4547/4547 4548/4548 4549/4549
f 4547/4547 4549/4549 4550/4550
f 4551/4551 4552/4552 4553/4553
f 4551/4551 4553/4553 4554/4554
f 4555/4555 4556/4556 4557/4557
f 4555/4555 4557/4557 4558/4558
f 4559/4559 4560/4560 4561/4561
f 4559/4559 4561/4561 4562/4562
f 4563/4563 4564/4564 4565/4565
f 4563/4563 4565/4565 4566/4566
f 4567/4567 4568/4568 4569/4569
f 4567/4567 4569/4569 4570/4570
f 4571/4571 4572/4572 4573/4573
f 4571/4571 4573/4573 4574/4574
f 4575/4575 4576/4576 4577/4577
f 4575/4575 4577/4577 4578/4578
f 4579/4579 4580/4580 4581/4581
f 4579/4579 4581/4581 4582/4582
f 4583/4583 4584/4584 4585/4585
f 4583/4583 4585/4585 4586/4586
f 4587/4587 4588/4588 4589/4589
f 4587/4587 4589/4589 4590/4590
f 4591/4591 4592/4592 4593/4593
f 4591/4591 4593/4593 4594/4594
f 4595/4595 4596/4596 4597/4597
f 4595/4595 4597/4597 4598/4598
f 4599/4599 4600/4600 4601/4601
f 4599/4599 4601/4601 4602/4602
f 4603/4603 4604/4604 4605/4605
f 4603/4603 4605/4605 4606/4606
f 4607/4607 4608/4608 4609/4609
f 4607/4607 4609/4609 4610/4610
f 4611/4611 4612/4612 4613/4613
f 4611/4611 4613/4613 4614/4614
f 4615/4615 4616/4616 4617/4617
f 4615/4615 4617/4617 4618/4618
f 4619/4619 4620/4620 4621/4621
f 4619/4619 4621/4621 4622/4622
f 4623/4623 4624/4624 4625/4625
f 4623/4623 4625/4625 4626/4626
f 4627/4627 4628/4628 4629/4629
f 4627/4627 4629/4629 4630/4630
f 4631/4631 4632/4632 4633/4633
f 4631/4631 4633/4633 4634/4634
f 4635/4635 4636/4636 4637/4637
f 4635/4635 4637/4637 4638/4638
f 4639/4639 4640/4640 4641/4641
f 4639/4639 4641/4641 4642/4642
f 4643/4643 4644/4644 4645/4645
f 4643/4643 4645/4645 4646/4646
f 4647/4647 4648/4648 4649/4649
f 4647/4647 4649/4649 4650/4650
f 4651/4651 4652/4652 4653/4653
f 4651/4651 4653/4653 4654/4654
f 4655/4655 4656/4656 4657/4657
f 4655/4655 4657/4657 4658/4658
f 4659/4659 4660/4660 4661/4661
f 4659/4659 4661/4661 4662/4662
f 4663/4663 4664/4664 4665/4665
f 4666/4666 4667/4667 4668/4668
f 4669/4669 4670/4670 4671/4671
f 4672/4672 4673/4673 4674/4674
f 4675/4675 4676/4676 4677/4677
f 4678/4678 4679/4679 4680/4680
f 4681/4681 4682/4682 4683/4683
f 4684/4684 4685/4685 4686/4686
f 4687/4687 4688/4688 4689/4689
f 4690/4690 4691/4691 4692/4692
f 4693/4693 4694/4694 4695/4695
f 4696/4696 4697/4697 4698/4698
f 4699/4699 4700/4700 4701/4701
f 4702/4702 4703/4703 4704/4704
f 4705/4705 4706/4706 4707/4707
f 4708/4708 4709/4709 4710/4710
f 4711/4711 4712/4712 4713/4713
f 4714/4714 4715/4715 4716/4716
f 4717/4717 4718/4718 4719/4719
f 4720/4720 4721/4721 4722/4722
f 4723/4723 4724/4724 4725/4725
f 4726/4726 4727/4727 4728/4728
f 4729/4729 4730/4730 4731/4731
f 4732/4732 4733/4733 4734/4734
f 4735/4735 4736/4736 4737/4737
f 4738/4738 4739/4739 4740/4740
f 4741/4741 4742/4742 4743/4743
f 4744/4744 4745/4745 4746/4746
f 4747/4747 4748/4748 4749/4749
f 4750/4750 4751/4751 4752/4752
f 4753/4753 4754/4754 4755/4755
f 4756/4756 4757/4757 4758/4758
f 4759/4759 4760/4760 4761/4761
f 4762/4762 4763/4763 4764/4764
f 4765/4765 4766/4766 4767/4767
f 4768/4768 4769/4769 4770/4770
f 4771/4771 4772/4772 4773/4773
f 4774/4774 4775/4775 4776/4776
f 4777/4777 4778/4778 4779/4779
f 4780/4780 4781/4781 4782/4782
f 4783/4783 4784/4784 4785/4785
f 4786/4786 4787/4787 4788/4788
f 4789/4789 4790/4790 4791/4791
f 4792/4792 4793/4793 4794/4794
f 4795/4795 4796/4796 4797/4797
f 4798/4798 4799/4799 4800/4800
f 4801/4801 4802/4802 4803/4803
f 4804/4804 4805/4805 4806/4806
f 4807/4807 4808/4808 4809/4809
f 4810/4810 4811/4811 4812/4812
f 4813/4813 4814/4814 4815/4815
f 4816/4816 4817/4817 4818/4818
f 4819/4819 4820/4820 4821/4821
f 4822/4822 4823/4823 4824/4824
f 4825/4825 4826/4826 4827/4827
f 4828/4828 4829/4829 4830/4830
f 4831/4831 4832/4832 4833/4833
f 4834/4834 4835/4835 4836/4836
f 4909/4909 4910/4910 4911/4911
f 4909/4909 4911/4911 4912/4912
f 4913/4913 4914/4914 4915/4915
f 4913/4913 4915/4915 4916/4916
f 4917/4917 4918/4918 4919/4919
f 4917/4917 4919/4919 4920/4920
f 4921/4921 4922/4922 4923/4923
f 4921/4921 4923/4923 4924/4924
f 4925/4925 4926/4926 4927/4927
f 4925/4925 4927/4927 4928/4928
f 4929/4929 4930/4930 4931/4931
f 4929/4929 4931/4931 4932/4932
f 4933/4933 4934/4934 4935/4935
f 4933/4933 4935/4935 4936/4936
f 4937/4937 4938/4938 4939/4939
f 4937/4937 4939/4939 4940/4940
f 4941/4941 4942/4942 4943/4943
f 4941/4941 4943/4943 4944/4944
f 4945/4945 4946/4946 4947/4947
f 4945/4945 4947/4947 4948/4948
f 4949/4949 4950/4950 4951/4951
f 4949/4949 4951/4951 4952/4952
f 4953/4953 4954/4954 4955/4955
f 4953/4953 4955/4955 4956/4956
f 4957/4957 4958/4958 4959/4959
f 4957/4957 4959/4959 4960/4960
f 4961/4961 4962/4962 4963/4963
f 4961/4961 4963/4963 4964/4964
f 4965/4965 4966/4966 4967/4967
f 4965/4965 4967/4967 4968/4968
f 4969/4969 4970/4970 4971/4971
f 4969/4969 4971/4971 4972/4972
f 4973/4973 4974/4974 4975/4975
f 4973/4973 4975/4975 4976/4976
f 4977/4977 4978/4978 4979/4979
f 4977/4977 4979/4979 4980/4980
f 4981/4981 4982/4982 4983/4983
f 4981/4981 4983/4983 4984/4984
f 4985/4985 4986/4986 4987/4987
f 4985/4985 4987/4987 4988/4988
f 4989/4989 4990/4990 4991/4991
f 4989/4989 4991/4991 4992/4992
f 4993/4993 4994/4994 4995/4995
f 4993/4993 4995/4995 4996/4996
f 4997/4997 4998/4998 4999/4999
f 4997/4997 4999/4999 5000/5000
f 5001/5001 5002/5002 5003/5003
f 5001/5001 5003/5003 5004/5004
f 5005/5005 5006/5006 5007/5007
f 5005/5005 5007/5007 5008/5008
f 5009/5009 5010/5010 5011/5011
f 5009/5009 5011/5011 5012/5012
f 5013/5013 5014/5014 5015/5015
f 5013/5013 5015/5015 5016/5016
f 5017/5017 5018/5018 5019/5019
f 5017/5017 5019/5019 5020/5020
f 5021/5021 5022/5022 5023/5023
f 5021/5021 5023/5023 5024/5024
f 5025/5025 5026/5026 5027/5027
f 5025/5025 5027/5027 5028/5028
f 5029/5029 5030/5030 5031/5031
f 5029/5029 5031/5031 5032/5032
f 5033/5033 5034/5034 5035/5035
f 5033/5033 5035/5035 5036/5036
f 5037/5037 5038/5038 5039/5039
f 5037/5037 5039/5039 5040/5040
f 5041/5041 5042/5042 5043/5043
f 5041/5041 5043/5043 5044/5044
f 5045/5045 5046/5046 5047/5047
f 5045/5045 5047/5047 5048/5048
f 5049/5049 5050/5050 5051/5051
f 5049/5049 5051/5051 5052/5052
f 5053/5053 5054/5054 5055/5055
f 5053/5053 5055/5055 5056/5056
f 5057/5057 5058/5058 5059/5059
f 5057/5057 5059/5059 5060/5060
f 5061/5061 5062/5062 5063/5063
f 5061/5061 5063/5063 5064/5064
f 5065/5065 5066/5066 5067/5067
f 5065/5065 5067/5067 5068/5068
f 5069/5069 5070/5070 5071/5071
f 5069/5069 5071/5071 5072/5072
f 5073/5073 5074/5074 5075/5075
f 5073/5073 5075/5075 5076/5076
f 5077/5077 5078/5078 5079/5079
f 5077/5077 5079/5079 5080/5080
f 5081/5081 5082/5082 5083/5083
f 5081/5081 5083/5083 5084/5084
f 5085/5085 5086/5086 5087/5087
f 5085/5085 5087/5087 5088/5088
f 5089/5089 5090/5090 5091/5091
f 5089/5089 5091/5091 5092/5092
f 5093/5093 5094/5094 5095/5095
f 5093/5093 5095/5095 5096/5096
f 5097/5097 5098/5098 5099/5099
f 5097/5097 5099/5099 5100/5100
f 5101/5101 5102/5102 5103/5103
f 5101/5101 5103/5103 5104/5104
f 5105/5105 5106/5106 5107/5107
f 5105/5105 5107/5107 5108/5108
f 5109/5109 5110/5110 5111/5111
f 5109/5109 5111/5111 5112/5112
f 5113/5113 5114/5114 5115/5115
f 5113/5113 5115/5115 5116/5116
f 5117/5117 5118/5118 5119/5119
f 5117/5117 5119/5119 5120/5120
f 5121/5121 5122/5122 5123/5123
f 5121/5121 5123/5123 5124/5124
f 5125/5125 5126/5126 5127/5127
f 5125/5125 5127/5127 5128/5128
f 5129/5129 5130/5130 5131/5131
f 5129/5129 5131/5131 5132/5132
f 5133/5133 5134/5134 5135/5135
f 5133/5133 5135/5135 5136/5136
f 5137/5137 5138/5138 5139/5139
f 5137/5137 5139/5139 5140/5140
f 5141/5141 5142/5142 5143/5143
f 5141/5141 5143/5143 5144/5144
f 5145/5145 5146/5146 5147/5147
f 5145/5145 5147/5147 5148/5148
f 5149/5149 5150/5150 5151/5151
f 5149/5149 5151/5151 5152/5152
f 5153/5153 5154/5154 5155/5155
f 5153/5153 5155/5155 5156/5156
f 5157/5157 5158/5158 5159/5159
f 5157/5157 5159/5159 5160/5160
f 5161/5161 5162/5162 5163/5163
f 5161/5161 5163/5163 5164/5164
f 5165/5165 5166/5166 5167/5167
f 5165/5165 5167/5167 5168/5168
f 5169/5169 5170/5170 5171/5171
f 5169/5169 5171/5171 5172/5172
f 5173/5173 5174/5174 5175/5175
f 5173/5173 5175/5175 5176/5176
f 5177/5177 5178/5178 5179/5179
f 5177/5177 5179/5179 5180/5180
f 5181/5181 5182/5182 5183/5183
f 5181/5181 5183/5183 5184/5184
f 5185/5185 5186/5186 5187/5187
f 5185/5185 5187/5187 5188/5188
f 5189/5189 5190/5190 5191/5191
f 5189/5189 5191/5191 5192/5192
f 5193/5193 5194/5194 5195/5195
f 5193/5193 5195/5195 5196/5196
f 5197/5197 5198/5198 5199/5199
f 5197/5197 5199/5199 5200/5200
f 5201/5201 5202/5202 5203/5203
f 5201/5201 5203/5203 5204/5204
f 5205/5205 5206/5206 5207/5207
f 5205/5205 5207/5207 5208/5208
f 5209/5209 5210/5210 5211/5211
f 5209/5209 5211/5211 5212/5212
f 5213/5213 5214/5214 5215/5215
f 5213/5213 5215/5215 5216/5216
f 5217/5217 5218/5218 5219/5219
f 5217/5217 5219/5219 5220/5220
f 5221/5221 5222/5222 5223/5223
f 5221/5221 5223/5223 5224/5224
f 5225/5225 5226/5226 5227/5227
f 5225/5225 5227/5227 5228/5228
f 5229/5229 5230/5230 5231/5231
f 5229/5229 5231/5231 5232/5232
f 5233/5233 5234/5234 5235/5235
f 5233/5233 5235/5235 5236/5236
f 5237/5237 5238/5238 5239/5239
f 5237/5237 5239/5239 5240/5240
f 5241/5241 5242/5242 5243/5243
f 5241/5241 5243/5243 5244/5244
f 5245/5245 5246/5246 5247/5247
f 5245/5245 5247/5247 5248/5248
f 5249/5249 5250/5250 5251/5251
f 5249/5249 5251/5251 5252/5252
f 5253/5253 5254/5254 5255/5255
f 5253/5253 5255/5255 5256/5256
f 5257/5257 5258/5258 5259/5259
f 5257/5257 5259/5259 5260/5260
f 5261/5261 5262/5262 5263/5263
f 5261/5261 5263/5263 5264/5264
f 5265/5265 5266/5266 5267/5267
f 5265/5265 5267/5267 5268/5268
f 5269/5269 5270/5270 5271/5271
f 5269/5269 5271/5271 5272/5272
f 5273/5273 5274/5274 5275/5275
f 5273/5273 5275/5275 5276/5276
f 5277/5277 5278/5278 5279/5279
f 5277/5277 5279/5279 5280/5280
f 5281/5281 5282/5282 5283/5283
f 5281/5281 5283/5283 5284/5284
f 5285/5285 5286/5286 5287/5287
f 5285/5285 5287/5287 5288/5288
f 5289/5289 5290/5290 5291/5291
f 5289/5289 5291/5291 5292/5292
f 5293/5293 5294/5294 5295/5295
f 5293/5293 5295/5295 5296/5296
f 5297/5297 5298/5298 5299/5299
f 5297/5297 5299/5299 5300/5300
f 5301/5301 5302/5302 5303/5303
f 5301/5301 5303/5303 5304/5304
f 5305/5305 5306/5306 5307/5307
f 5305/5305 5307/5307 5308/5308
f 5309/5309 5310/5310 5311/5311
f 5309/5309 5311/5311 5312/5312
f 5313/5313 5314/5314 5315/5315
f 5313/5313 5315/5315 5316/5316
f 5317/5317 5318/5318 5319/5319
f 5317/5317 5319/5319 5320/5320
f 5321/5321 5322/5322 5323/5323
f 5321/5321 5323/5323 5324/5324
f 5325/5325 5326/5326 5327/5327
f 5325/5325 5327/5327 5328/5328
f 5329/5329 5330/5330 5331/5331
f 5329/5329 5331/5331 5332/5332
f 5333/5333 5334/5334 5335/5335
f 5333/5333 5335/5335 5336/5336
f 5337/5337 5338/5338 5339/5339
f 5337/5337 5339/5339 5340/5340
f 5341/5341 5342/5342 5343/5343
f 5341/5341 5343/5343 5344/5344
f 5345/5345 5346/5346 5347/5347
f 5345/5345 5347/5347 5348/5348
f 5349/5349 5350/5350 5351/5351
f 5349/5349 5351/5351 5352/5352
f 5353/5353 5354/5354 5355/5355
f 5353/5353 5355/5355 5356/5356
f 5357/5357 5358/5358 5359/5359
f 5357/5357 5359/5359 5360/5360
f 5361/5361 5362/5362 5363/5363
f 5361/5361 5363/5363 5364/5364
f 5365/5365 5366/5366 5367/5367
f 5365/5365 5367/5367 5368/5368
f 5369/5369 5370/5370 5371/5371
f 5369/5369 5371/5371 5372/5372
f 5373/5373 5374/5374 5375/5375
f 5373/5373 5375/5375 5376/5376
f 5377/5377 5378/5378 5379/5379
f 5377/5377 5379/5379 5380/5380
f 5381/5381 5382/5382 5383/5383
f 5381/5381 5383/5383 5384/5384
f 5385/5385 5386/5386 5387/5387
f 5385/5385 5387/5387 5388/5388
f 5389/5389 5390/5390 5391/5391
f 5389/5389 5391/5391 5392/5392
f 5393/5393 5394/5394 5395/5395
f 5393/5393 5395/5395 5396/5396
f 5397/5397 5398/5398 5399/5399
f 5397/5397 5399/5399 5400/5400
f 5401/5401 5402/5402 5403/5403
f 5401/5401 5403/5403 5404/5404
f 5405/5405 5406/5406 5407/5407
f 5405/5405 5407/5407 5408/5408
f 5409/5409 5410/5410 5411/5411
f 5409/5409 5411/5411 5412/5412
f 5413/5413 5414/5414 5415/5415
f 5413/5413 5415/5415 5416/5416
f 5417/5417 5418/5418 5419/5419
f 5417/5417 5419/5419 5420/5420
f 5421/5421 5422/5422 5423/5423
f 5421/5421 5423/5423 5424/5424
f 5425/5425 5426/5426 5427/5427
f 5425/5425 5427/5427 5428/5428
f 5429/5429 5430/5430 5431/5431
f 5429/5429 5431/5431 5432/5432
f 5433/5433 5434/5434 5435/5435
f 5433/5433 5435/5435 5436/5436
f 5437/5437 5438/5438 5439/5439
f 5437/5437 5439/5439 5440/5440
f 5441/5441 5442/5442 5443/5443
f 5441/5441 5443/5443 5444/5444
f 5445/5445 5446/5446 5447/5447
f 5445/5445 5447/5447 5448/5448
f 5449/5449 5450/5450 5451/5451
f 5449/5449 5451/5451 5452/5452
f 5453/5453 5454/5454 5455/5455
f 5453/5453 5455/5455 5456/5456
f 5457/5457 5458/5458 5459/5459
f 5457/5457 5459/5459 5460/5460
f 5461/5461 5462/5462 5463/5463
f 5461/5461 5463/5463 5464/5464
f 5465/5465 5466/5466 5467/5467
f 5465/5465 5467/5467 5468/5468
f 5469/5469 5470/5470 5471/5471
f 5469/5469 5471/5471 5472/5472
f 5473/5473 5474/5474 5475/5475
f 5473/5473 5475/5475 5476/5476
f 5477/5477 5478/5478 5479/5479
f 5477/5477 5479/5479 5480/5480
f 5481/5481 5482/5482 5483/5483
f 5481/5481 5483/5483 5484/5484
f 5485/5485 5486/5486 5487/5487
f 5485/5485 5487/5487 5488/5488
f 5489/5489 5490/5490 5491/5491
f 5492/5492 5493/5493 5494/5494
f 5495/5495 5496/5496 5497/5497
f 5498/5498 5499/5499 5500/5500
f 5501/5501 5502/5502 5503/5503
f 5504/5504 5505/5505 5506/5506
f 5507/5507 5508/5508 5509/5509
f 5510/5510 5511/5511 5512/5512
f 5513/5513 5514/5514 5515/5515
f 5516/5516 5517/5517 5518/5518
f 5519/5519 5520/5520 5521/5521
f 5522/5522 5523/5523 5524/5524
f 5525/5525 5526/5526 5527/5527
f 5528/5528 5529/5529 5530/5530
f 5531/5531 5532/5532 5533/5533
f 5534/5534 5535/5535 5536/5536
f 5537/5537 5538/5538 5539/5539
f 5540/5540 5541/5541 5542/5542
f 5543/5543 5544/5544 5545/5545
f 5546/5546 5547/5547 5548/5548
f 5549/5549 5550/5550 5551/5551
f 5552/5552 5553/5553 5554/5554
f 5555/5555 5556/5556 5557/5557
f 5558/5558 5559/5559 5560/5560
f 5561/5561 5562/5562 5563/5563
f 5564/5564 5565/5565 5566/5566
f 5567/5567 5568/5568 5569/5569
f 5570/5570 5571/5571 5572/5572
f 5573/5573 5574/5574 5575/5575
f 5576/5576 5577/5577 5578/5578
f 5579/5579 5580/5580 5581/5581
f 5582/5582 5583/5583 5584/5584
f 5585/5585 5586/5586 5587/5587
f 5588/5588 5589/5589 5590/5590
f 5591/5591 5592/5592 5593/5593
f 5594/5594 5595/5595 5596/5596
f 5597/5597 5598/5598 5599/5599
f 5600/5600 5601/5601 5602/5602
f 5603/5603 5604/5604 5605/5605
f 5606/5606 5607/5607 5608/5608
f 5609/5609 5610/5610 5611/5611
f 5612/5612 5613/5613 5614/5614
f 5615/5615 5616/5616 5617/5617
f 5618/5618 5619/5619 5620/5620
f 5621/5621 5622/5622 5623/5623
f 5624/5624 5625/5625 5626/5626
f 5627/5627 5628/5628 5629/5629
f 5630/5630 5631/5631 5632/5632
f 5633/5633 5634/5634 5635/5635
f 5636/5636 5637/5637 5638/5638
f 5639/5639 5640/5640 5641/5641
f 5642/5642 5643/5643 5644/5644
f 5645/5645 5646/5646 5647/5647
f 5648/5648 5649/5649 5650/5650
f 5651/5651 5652/5652 5653/5653
f 5654/5654 5655/5655 5656/5656
f 5657/5657 5658/5658 5659/5659
f 5660/5660 5661/5661 5662/5662
f 5807/5807 5808/5808 5809/5809
f 5807/5807 5809/5809 5810/5810
f 5811/5811 5812/5812 5813/5813
f 5811/5811 5813/5813 5814/5814
f 5815/5815 5816/5816 5817/5817
f 5815/5815 5817/5817 5818/5818
f 5819/5819 5820/5820 5821/5821
f 5819/5819 5821/5821 5822/5822
f 5823/5823 5824/5824 5825/5825
f 5823/5823 5825/5825 5826/5826
f 5827/5827 5828/5828 5829/5829
f 5827/5827 5829/5829 5830/5830
f 5831/5831 5832/5832 5833/5833
f 5831/5831 5833/5833 5834/5834
f 5835/5835 5836/5836 5837/5837
f 5835/5835 5837/5837 5838/5838
f 5839/5839 5840/5840 5841/5841
f 5839/5839 5841/5841 5842/5842
f 5843/5843 5844/5844 5845/5845
f 5843/5843 5845/5845 5846/5846
f 5847/5847 5848/5848 5849/5849
f 5847/5847 5849/5849 5850/5850
f 5851/5851 5852/5852 5853/5853
f 5851/5851 5853/5853 5854/5854
f 5855/5855 5856/5856 5857/5857
f 5855/5855 5857/5857 5858/5858
f 5859/5859 5860/5860 5861/5861
f 5859/5859 5861/5861 5862/5862
f 5863/5863 5864/5864 5865/5865
f 5863/5863 5865/5865 5866/5866
f 5867/5867 5868/5868 5869/5869
f 5867/5867 5869/5869 5870/5870
f 5871/5871 5872/5872 5873/5873
f 5871/5871 5873/5873 5874/5874
f 5875/5875 5876/5876 5877/5877
f 5875/5875 5877/5877 5878/5878
f 5879/5879 5880/5880 5881/5881
f 5879/5879 5881/5881 5882/5882
f 5883/5883 5884/5884 5885/5885
f 5883/5883 5885/5885 5886/5886
f 5887/5887 5888/5888 5889/5889
f 5887/5887 5889/5889 5890/5890
f 5891/5891 5892/5892 5893/5893
f 5891/5891 5893/5893 5894/5894
f 5895/5895 5896/5896 5897/5897
f 5895/5895 5897/5897 5898/5898
f 5899/5899 5900/5900 5901/5901
f 5899/5899 5901/5901 5902/5902
f 5903/5903 5904/5904 5905/5905
f 5903/5903 5905/5905 5906/5906
f 5907/5907 5908/5908 5909/5909
f 5907/5907 5909/5909 5910/5910
f 5911/5911 5912/5912 5913/5913
f 5911/5911 5913/5913 5914/5914
f 5915/5915 5916/5916 5917/5917
f 5915/5915 5917/5917 5918/5918
f 5919/5919 5920/5920 5921/5921
f 5919/5919 5921/5921 5922/5922
f 5923/5923 5924/5924 5925/5925
f 5923/5923 5925/5925 5926/5926
f 5927/5927 5928/5928 5929/5929
f 5927/5927 5929/5929 5930/5930
f 5931/5931 5932/5932 5933/5933
f 5931/5931 5933/5933 5934/5934
f 5935/5935 5936/5936 5937/5937
f 5935/5935 5937/5937 5938/5938
f 5939/5939 5940/5940 5941/5941
f 5939/5939 5941/5941 5942/5942
f 5943/5943 5944/5944 5945/5945
f 5943/5943 5945/5945 5946/5946
f 5947/5947 5948/5948 5949/5949
f 5947/5947 5949/5949 5950/5950
f 5951/5951 5952/5952 5953/5953
f 5951/5951 5953/5953 5954/5954
f 5955/5955 5956/5956 5957/5957
f 5955/5955 5957/5957 5958/5958
f 5959/5959 5960/5960 5961/5961
f 5959/5959 5961/5961 5962/5962
f 5963/5963 5964/5964 5965/5965
f 5963/5963 5965/5965 5966/5966
f 5967/5967 5968/5968 5969/5969
f 5967/5967 5969/5969 5970/5970
f 5971/5971 5972/5972 5973/5973
f 5971/5971 5973/5973 5974/5974
f 5975/5975 5976/5976 5977/5977
f 5975/5975 5977/5977 5978/5978
f 5979/5979 5980/5980 5981/5981
f 5979/5979 5981/5981 5982/5982
f 5983/5983 5984/5984 5985/5985
f 5983/5983 5985/5985 5986/5986
f 5987/5987 5988/5988 5989/5989
f 5987/5987 5989/5989 5990/5990
f 5991/5991 5992/5992 5993/5993
f 5991/5991 5993/5993 5994/5994
f 5995/5995 5996/5996 5997/5997
f 5995/5995 5997/5997 5998/5998
f 5999/5999 6000/6000 6001/6001
f 5999/5999 6001/6001 6002/6002
f 6003/6003 6004/6004 6005/6005
f 6003/6003 6005/6005 6006/6006
f 6007/6007 6008/6008 6009/6009
f 6007/6007 6009/6009 6010/6010
f 6011/6011 6012/6012 6013/6013
f 6011/6011 6013/6013 6014/6014
f 6015/6015 6016/6016 6017/6017
f 6015/6015 6017/6017 6018/6018
f 6019/6019 6020/6020 6021/6021
f 6019/6019 6021/6021 6022/6022
f 6023/6023 6024/6024 6025/6025
f 6023/6023 6025/6025 6026/6026
f 6027/6027 6028/6028 6029/6029
f 6027/6027 6029/6029 6030/6030
f 6031/6031 6032/6032 6033/6033
f 6031/6031 6033/6033 6034/6034
f 6035/6035 6036/6036 6037/6037
f 6035/6035 6037/6037 6038/6038
f 6039/6039 6040/6040 6041/6041
f 6039/6039 6041/6041 6042/6042
f 6043/6043 6044/6044 6045/6045
f 6043/6043 6045/6045 6046/6046
f 6047/6047 6048/6048 6049/6049
f 6047/6047 6049/6049 6050/6050
f 6051/6051 6052/6052 6053/6053
f 6051/6051 6053/6053 6054/6054
f 6055/6055 6056/6056 6057/6057
f 6055/6055 6057/6057 6058/6058
f 6059/6059 6060/6060 6061/6061
f 6059/6059 6061/6061 6062/6062
f 6063/6063 6064/6064 6065/6065
f 6063/6063 6065/6065 6066/6066
f 6067/6067 6068/6068 6069/6069
f 6067/6067 6069/6069 6070/6070
f 6071/6071 6072/6072 6073/6073
f 6071/6071 6073/6073 6074/6074
f 6075/6075 6076/6076 6077/6077
f 6075/6075 6077/6077 6078/6078
f 6079/6079 6080/6080 6081/6081
f 6079/6079 6081/6081 6082/6082
f 6083/6083 6084/6084 6085/6085
f 6083/6083 6085/6085 6086/6086
f 6087/6087 6088/6088 6089/6089
f 6087/6087 6089/6089 6090/6090
f 6091/6091 6092/6092 6093/6093
f 6091/6091 6093/6093 6094/6094
f 6095/6095 6096/6096 6097/6097
f 6095/6095 6097/6097 6098/6098
f 6099/6099 6100/6100 6101/6101
f 6099/6099 6101/6101 6102/6102
f 6103/6103 6104/6104 6105/6105
f 6103/6103 6105/6105 6106/6106
f 6107/6107 6108/6108 6109/6109
f 6107/6107 6109/6109 6110/6110
f 6111/6111 6112/6112 6113/6113
f 6111/6111 6113/6113 6114/6114
f 6115/6115 6116/6116 6117/6117
f 6115/6115 6117/6117 6118/6118
f 6119/6119 6120/6120 6121/6121
f 6119/6119 6121/6121 6122/6122
f 6123/6123 6124/6124 6125/6125
f 6123/6123 6125/6125 6126/6126
f 6127/6127 6128/6128 6129/6129
f 6127/6127 6129/6129 6130/6130
f 6131/6131 6132/6132 6133/6133
f 6131/6131 6133/6133 6134/6134
f 6135/6135 6136/6136 6137/6137
f 6135/6135 6137/6137 6138/6138
f 6139/6139 6140/6140 6141/6141
f 6139/6139 6141/6141 6142/6142
f 6143/6143 6144/6144 6145/6145
f 6143/6143 6145/6145 6146/6146
f 6147/6147 6148/6148 6149/6149
f 6147/6147 6149/6149 6150/6150
f 6151/6151 6152/6152 6153/6153
f 6151/6151 6153/6153 6154/6154
f 6155/6155 6156/6156 6157/6157
f 6155/6155 6157/6157 6158/6158
f 6159/6159 6160/6160 6161/6161
f 6159/6159 6161/6161 6162/6162
f 6163/6163 6164/6164 6165/6165
f 6163/6163 6165/6165 6166/6166
f 6167/6167 6168/6168 6169/6169
f 6167/6167 6169/6169 6170/6170
f 6171/6171 6172/6172 6173/6173
f 6171/6171 6173/6173 6174/6174
f 6175/6175 6176/6176 6177/6177
f 6175/6175 6177/6177 6178/6178
f 6179/6179 6180/6180 6181/6181
f 6179/6179 6181/6181 6182/6182
f 6183/6183 6184/6184 6185/6185
f 6183/6183 6185/6185 6186/6186
f 6187/6187 6188/6188 6189/6189
f 6187/6187 6189/6189 6190/6190
f 6191/6191 6192/6192 6193/6193
f 6191/6191 6193/6193 6194/6194
f 6195/6195 6196/6196 6197/6197
f 6195/6195 6197/6197 6198/6198
f 6199/6199 6200/6200 6201/6201
f 6199/6199 6201/6201 6202/6202
f 6203/6203 6204/6204 6205/6205
f 6203/6203 6205/6205 6206/6206
f 6207/6207 6208/6208 6209/6209
f 6207/6207 6209/6209 6210/6210
f 6211/6211 6212/6212 6213/6213
f 6211/6211 6213/6213 6214/6214
f 6215/6215 6216/6216 6217/6217
f 6215/6215 6217/6217 6218/6218
f 6219/6219 6220/6220 6221/6221
f 6219/6219 6221/6221 6222/6222
f 6223/6223 6224/6224 6225/6225
f 6223/6223 6225/6225 6226/6226
f 6227/6227 6228/6228 6229/6229
f 6227/6227 6229/6229 6230/6230
f 6231/6231 6232/6232 6233/6233
f 6231/6231 6233/6233 6234/6234
f 6235/6235 6236/6236 6237/6237
f 6235/6235 6237/6237 6238/6238
f 6239/6239 6240/6240 6241/6241
f 6239/6239 6241/6241 6242/6242
f 6243/6243 6244/6244 6245/6245
f 6243/6243 6245/6245 6246/6246
f 6247/6247 6248/6248 6249/6249
f 6247/6247 6249/6249 6250/6250
f 6251/6251 6252/6252 6253/6253
f 6251/6251 6253/6253 6254/6254
f 6255/6255 6256/6256 6257/6257
f 6255/6255 6257/6257 6258/6258
f 6259/6259 6260/6260 6261/6261
f 6259/6259 6261/6261 6262/6262
f 6263/6263 6264/6264 6265/6265
f 6263/6263 6265/6265 6266/6266
f 6267/6267 6268/6268 6269/6269
f 6267/6267 6269/6269 6270/6270
f 6271/6271 6272/6272 6273/6273
f 6271/6271 6273/6273 6274/6274
f 6275/6275 6276/6276 6277/6277
f 6275/6275 6277/6277 6278/6278
f 6279/6279 6280/6280 6281/6281
f 6279/6279 6281/6281 6282/6282
f 6283/6283 6284/6284 6285/6285
f 6283/6283 6285/6285 6286/6286
f 6287/6287 6288/6288 6289/6289
f 6287/6287 6289/6289 6290/6290
f 6291/6291 6292/6292 6293/6293
f 6291/6291 6293/6293 6294/6294
f 6295/6295 6296/6296 6297/6297
f 6295/6295 6297/6297 6298/6298
f 6299/6299 6300/6300 6301/6301
f 6299/6299 6301/6301 6302/6302
f 6303/6303 6304/6304 6305/6305
f 6303/6303 6305/6305 6306/6306
f 6307/6307 6308/6308 6309/6309
f 6307/6307 6309/6309 6310/6310
f 6311/6311 6312/6312 6313/6313
f 6311/6311 6313/6313 6314/6314
f 6315/6315 6316/6316 6317/6317
f 6315/6315 6317/6317 6318/6318
f 6319/6319 6320/6320 6321/6321
f 6319/6319 6321/6321 6322/6322
f 6323/6323 6324/6324 6325/6325
f 6323/6323 6325/6325 6326/6326
f 6327/6327 6328/6328 6329/6329
f 6330/6330 6331/6331 6332/6332
f 6333/6333 6334/6334 6335/6335
f 6336/6336 6337/6337 6338/6338
f 6339/6339 6340/6340 6341/6341
f 6342/6342 6343/6343 6344/6344
f 6345/6345 6346/6346 6347/6347
f 6348/6348 6349/6349 6350/6350
f 6351/6351 6352/6352 6353/6353
f 6354/6354 6355/6355 6356/6356
f 6357/6357 6358/6358 6359/6359
f 6360/6360 6361/6361 6362/6362
f 6363/6363 6364/6364 6365/6365
f 6366/6366 6367/6367 6368/6368
f 6369/6369 6370/6370 6371/6371
f 6372/6372 6373/6373 6374/6374
f 6375/6375 6376/6376 6377/6377
f 6378/6378 6379/6379 6380/6380
f 6381/6381 6382/6382 6383/6383
f 6384/6384 6385/6385 6386/6386
f 6387/6387 6388/6388 6389/6389
f 6390/6390 6391/6391 6392/6392
f 6393/6393 6394/6394 6395/6395
f 6396/6396 6397/6397 6398/6398
f 6399/6399 6400/6400 6401/6401
f 6402/6402 6403/6403 6404/6404
f 6405/6405 6406/6406 6407/6407
f 6408/6408 6409/6409 6410/6410
f 6411/6411 6412/6412 6413/6413
f 6414/6414 6415/6415 6416/6416
f 6417/6417 6418/6418 6419/6419
f 6420/6420 6421/6421 6422/6422
f 6423/6423 6424/6424 6425/6425
f 6426/6426 6427/6427 6428/6428
f 6429/6429 6430/6430 6431/6431
f 6432/6432 6433/6433 6434/6434
f 6435/6435 6436/6436 6437/6437
f 6438/6438 6439/6439 6440/6440
f 6441/6441 6442/6442 6443/6443
f 6444/6444 6445/6445 6446/6446
f 6447/6447 6448/6448 6449/6449
f 6450/6450 6451/6451 6452/6452
f 6453/6453 6454/6454 6455/6455
f 6456/6456 6457/6457 6458/6458
f 6459/6459 6460/6460 6461/6461
f 6462/6462 6463/6463 6464/6464
f 6465/6465 6466/6466 6467/6467
f 6468/6468 6469/6469 6470/6470
f 6471/6471 6472/6472 6473/6473
f 6474/6474 6475/6475 6476/6476
f 6477/6477 6478/6478 6479/6479
f 6480/6480 6481/6481 6482/6482
f 6771/6771 6772/6772 6773/6773
f 6771/6771 6773/6773 6774/6774
f 6775/6775 6776/6776 6777/6777
f 6775/6775 6777/6777 6778/6778
f 6779/6779 6780/6780 6781/6781
f 6779/6779 6781/6781 6782/6782
f 6783/6783 6784/6784 6785/6785
f 6783/6783 6785/6785 6786/6786
f 6787/6787 6788/6788 6789/6789
f 6787/6787 6789/6789 6790/6790
f 6791/6791 6792/6792 6793/6793
f 6791/6791 6793/6793 6794/6794
f 6795/6795 6796/6796 6797/6797
f 6795/6795 6797/6797 6798/6798
f 6799/6799 6800/6800 6801/6801
f 6799/6799 6801/6801 6802/6802
f 6803/6803 6804/6804 6805/6805
f 6803/6803 6805/6805 6806/6806
f 6807/6807 6808/6808 6809/6809
f 6807/6807 6809/6809 6810/6810
f 6811/6811 6812/6812 6813/6813
f 6811/6811 6813/6813 6814/6814
f 6815/6815 6816/6816 6817/6817
f 6815/6815 6817/6817 6818/6818
f 6819/6819 6820/6820 6821/6821
f 6819/6819 6821/6821 6822/6822
f 6823/6823 6824/6824 6825/6825
f 6823/6823 6825/6825 6826/6826
f 6827/6827 6828/6828 6829/6829
f 6827/6827 6829/6829 6830/6830
f 6831/6831 6832/6832 6833/6833
f 6831/6831 6833/6833 6834/6834
f 6835/6835 6836/6836 6837/6837
f 6835/6835 6837/6837 6838/6838
f 6839/6839 6840/6840 6841/6841
f 6839/6839 6841/6841 6842/6842
f 6843/6843 6844/6844 6845/6845
f 6843/6843 6845/6845 6846/6846
f 6847/6847 6848/6848 6849/6849
f 6847/6847 6849/6849 6850/6850
f 6851/6851 6852/6852 6853/6853
f 6851/6851 6853/6853 6854/6854
f 6855/6855 6856/6856 6857/6857
f 6855/6855 6857/6857 6858/6858
f 6859/6859 6860/6860 6861/6861
f 6859/6859 6861/6861 6862/6862
f 6863/6863 6864/6864 6865/6865
f 6863/6863 6865/6865 6866/6866
f 6867/6867 6868/6868 6869/6869
f 6867/6867 6869/6869 6870/6870
f 6871/6871 6872/6872 6873/6873
f 6871/6871 6873/6873 6874/6874
f 6875/6875 6876/6876 6877/6877
f 6875/6875 6877/6877 6878/6878
f 6879/6879 6880/6880 6881/6881
f 6879/6879 6881/6881 6882/6882
f 6883/6883 6884/6884 6885/6885
f 6883/6883 6885/6885 6886/6886
f 6887/6887 6888/6888 6889/6889
f 6887/6887 6889/6889 6890/6890
f 6891/6891 6892/6892 6893/6893
f 6891/6891 6893/6893 6894/6894
f 6895/6895 6896/6896 6897/6897
f 6895/6895 6897/6897 6898/6898
f 6899/6899 6900/6900 6901/6901
f 6899/6899 6901/6901 6902/6902
f 6903/6903 6904/6904 6905/6905
f 6903/6903 6905/6905 6906/6906
f 6907/6907 6908/6908 6909/6909
f 6907/6907 6909/6909 6910/6910
f 6911/6911 6912/6912 6913/6913
f 6911/6911 6913/6913 6914/6914
f 6915/6915 6916/6916 6917/6917
f 6915/6915 6917/6917 6918/6918
f 6919/6919 6920/6920 6921/6921
f 6919/6919 6921/6921 6922/6922
f 6923/6923 6924/6924 6925/6925
f 6923/6923 6925/6925 6926/6926
f 6927/6927 6928/6928 6929/6929
f 6927/6927 6929/6929 6930/6930
f 6931/6931 6932/6932 6933/6933
f 6931/6931 6933/6933 6934/6934
f 6935/6935 6936/6936 6937/6937
f 6935/6935 6937/6937 6938/6938
f 6939/6939 6940/6940 6941/6941
f 6939/6939 6941/6941 6942/6942
f 6943/6943 6944/6944 6945/6945
f 6943/6943 6945/6945 6946/6946
f 6947/6947 6948/6948 6949/6949
f 6947/6947 6949/6949 6950/6950
f 6951/6951 6952/6952 6953/6953
f 6951/6951 6953/6953 6954/6954
f 6955/6955 6956/6956 6957/6957
f 6955/6955 6957/6957 6958/6958
f 6959/6959 6960/6960 6961/6961
f 6959/6959 6961/6961 6962/6962
f 6963/6963 6964/6964 6965/6965
f 6963/6963 6965/6965 6966/6966
f 6967/6967 6968/6968 6969/6969
f 6967/6967 6969/6969 6970/6970
f 6971/6971 6972/6972 6973/6973
f 6971/6971 6973/6973 6974/6974
f 6975/6975 6976/6976 6977/6977
f 6975/6975 6977/6977 6978/6978
f 6979/6979 6980/6980 6981/6981
f 6979/6979 6981/6981 6982/6982
f 6983/6983 6984/6984 6985/6985
f 6983/6983 6985/6985 6986/6986
f 6987/6987 6988/6988 6989/6989
f 6987/6987 6989/6989 6990/6990
f 6991/6991 6992/6992 6993/6993
f 6991/6991 6993/6993 6994/6994
f 6995/6995 6996/6996 6997/6997
f 6995/6995 6997/6997 6998/6998
f 6999/6999 7000/7000 7001/7001
f 6999/6999 7001/7001 7002/7002
f 7003/7003 7004/7004 7005/7005
f 7003/7003 7005/7005 7006/7006
f 7007/7007 7008/7008 7009/7009
f 7007/7007 7009/7009 7010/7010
f 7011/7011 7012/7012 7013/7013
f 7011/7011 7013/7013 7014/7014
f 7015/7015 7016/7016 7017/7017
f 7015/7015 7017/7017 7018/7018
f 7019/7019 7020/7020 7021/7021
f 7019/7019 7021/7021 7022/7022
f 7023/7023 7024/7024 7025/7025
f 7023/7023 7025/7025 7026/7026
f 7027/7027 7028/7028 7029/7029
f 7027/7027 7029/7029 7030/7030
f 7031/7031 7032/7032 7033/7033
f 7031/7031 7033/7033 7034/7034
f 7035/7035 7036/7036 7037/7037
f 7035/7035 7037/7037 7038/7038
f 7039/7039 7040/7040 7041/7041
f 7039/7039 7041/7041 7042/7042
f 7043/7043 7044/7044 7045/7045
f 7043/7043 7045/7045 7046/7046
f 7047/7047 7048/7048 7049/7049
f 7047/7047 7049/7049 7050/7050
f 7051/7051 7052/7052 7053/7053
f 7051/7051 7053/7053 7054/7054
f 7055/7055 7056/7056 7057/7057
f 7055/7055 7057/7057 7058/7058
f 7059/7059 7060/7060 7061/7061
f 7059/7059 7061/7061 7062/7062
f 7063/7063 7064/7064 7065/7065
f 7063/7063 7065/7065 7066/7066
f 7067/7067 7068/7068 7069/7069
f 7067/7067 7069/7069 7070/7070
f 7071/7071 7072/7072 7073/7073
f 7071/7071 7073/7073 7074/7074
f 7075/7075 7076/7076 7077/7077
f 7075/7075 7077/7077 7078/7078
f 7079/7079 7080/7080 7081/7081
f 7079/7079 7081/7081 7082/7082
f 7083/7083 7084/7084 7085/7085
f 7083/7083 7085/7085 7086/7086
f 7087/7087 7088/7088 7089/7089
f 7087/7087 7089/7089 7090/7090
f 7091/7091 7092/7092 7093/7093
f 7091/7091 7093/7093 7094/7094
f 7095/7095 7096/7096 7097/7097
f 7095/7095 7097/7097 7098/7098
f 7099/7099 7100/7100 7101/7101
f 7099/7099 7101/7101 7102/7102
f 7103/7103 7104/7104 7105/7105
f 7103/7103 7105/7105 7106/7106
f 7107/7107 7108/7108 7109/7109
f 7107/7107 7109/7109 7110/7110
f 7111/7111 7112/7112 7113/7113
f 7111/7111 7113/7113 7114/7114
f 7115/7115 7116/7116 7117/7117
f 7115/7115 7117/7117 7118/7118
f 7119/7119 7120/7120 7121/7121
f 7119/7119 7121/7121 7122/7122
f 7123/7123 7124/7124 7125/7125
f 7123/7123 7125/7125 7126/7126
f 7127/7127 7128/7128 7129/7129
f 7127/7127 7129/7129 7130/7130
f 7131/7131 7132/7132 7133/7133
f 7131/7131 7133/7133 7134/7134
f 7135/7135 7136/7136 7137/7137
f 7135/7135 7137/7137 7138/7138
f 7139/7139 7140/7140 7141/7141
f 7139/7139 7141/7141 7142/7142
f 7143/7143 7144/7144 7145/7145
f 7143/7143 7145/7145 7146/7146
f 7147/7147 7148/7148 7149/7149
f 7147/7147 7149/7149 7150/7150
f 7151/7151 7152/7152 7153/7153
f 7151/7151 7153/7153 7154/7154
f 7155/7155 7156/7156 7157/7157
f 7155/7155 7157/7157 7158/7158
f 7159/7159 7160/7160 7161/7161
f 7159/7159 7161/7161 7162/7162
f 7163/7163 7164/7164 7165/7165
f 7163/7163 7165/7165 7166/7166
f 7167/7167 7168/7168 7169/7169
f 7167/7167 7169/7169 7170/7170
f 7171/7171 7172/7172 7173/7173
f 7171/7171 7173/7173 7174/7174
f 7175/7175 7176/7176 7177/7177
f 7175/7175 7177/7177 7178/7178
f 7179/7179 7180/7180 7181/7181
f 7179/7179 7181/7181 7182/7182
f 7183/7183 7184/7184 7185/7185
f 7183/7183 7185/7185 7186/7186
f 7187/7187 7188/7188 7189/7189
f 7187/7187 7189/7189 7190/7190
f 7191/7191 7192/7192 7193/7193
f 7194/7194 7195/7195 7196/7196
f 7197/7197 7198/7198 7199/7199
f 7200/7200 7201/7201 7202/7202
f 7203/7203 7204/7204 7205/7205
f 7206/7206 7207/7207 7208/7208
f 7209/7209 7210/7210 7211/7211
f 7212/7212 7213/7213 7214/7214
f 7215/7215 7216/7216 7217/7217
f 7218/7218 7219/7219 7220/7220
f 7221/7221 7222/7222 7223/7223
f 7224/7224 7225/7225 7226/7226
f 7227/7227 7228/7228 7229/7229
f 7230/7230 7231/7231 7232/7232
f 7233/7233 7234/7234 7235/7235
f 7236/7236 7237/7237 7238/7238
f 7239/7239 7240/7240 7241/7241
f 7242/7242 7243/7243 7244/7244
f 7245/7245 7246/7246 7247/7247
f 7248/7248 7249/7249 7250/7250
f 7251/7251 7252/7252 7253/7253
f 7254/7254 7255/7255 7256/7256
f 7257/7257 7258/7258 7259/7259
f 7260/7260 7261/7261 7262/7262
f 7263/7263 7264/7264 7265/7265
f 7266/7266 7267/7267 7268/7268
f 7269/7269 7270/7270 7271/7271
f 7272/7272 7273/7273 7274/7274
f 7275/7275 7276/7276 7277/7277
f 7278/7278 7279/7279 7280/7280
f 7281/7281 7282/7282 7283/7283
f 7284/7284 7285/7285 7286/7286
f 7287/7287 7288/7288 7289/7289
f 7290/7290 7291/7291 7292/7292
f 7293/7293 7294/7294 7295/7295
f 7296/7296 7297/7297 7298/7298
f 7299/7299 7300/7300 7301/7301
f 7302/7302 7303/7303 7304/7304
f 7305/7305 7306/7306 7307/7307
f 7308/7308 7309/7309 7310/7310
f 7311/7311 7312/7312 7313/7313
f 7314/7314 7315/7315 7316/7316
f 7317/7317 7318/7318 7319/7319
f 7320/7320 7321/7321 7322/7322
f 7323/7323 7324/7324 7325/7325
f 7326/7326 7327/7327 7328/7328
f 7329/7329 7330/7330 7331/7331
f 7332/7332 7333/7333 7334/7334
f 7335/7335 7336/7336 7337/7337
f 7338/7338 7339/7339 7340/7340
f 7341/7341 7342/7342 7343/7343
f 7344/7344 7345/7345 7346/7346
f 7347/7347 7348/7348 7349/7349
f 7350/7350 7351/7351 7352/7352
f 7353/7353 7354/7354 7355/7355
f 7356/7356 7357/7357 7358/7358
f 7359/7359 7360/7360 7361/7361
f 7362/7362 7363/7363 7364/7364
f 7365/7365 7366/7366 7367/7367
f 7368/7368 7369/7369 7370/7370
f 7371/7371 7372/7372 7373/7373
f 7374/7374 7375/7375 7376/7376
f 7377/7377 7378/7378 7379/7379
f 7380/7380 7381/7381 7382/7382
f 7383/7383 7384/7384 7385/7385
f 7386/7386 7387/7387 7388/7388
f 7389/7389 7390/7390 7391/7391
f 7392/7392 7393/7393 7394/7394
f 7395/7395 7396/7396 7397/7397
f 7398/7398 7399/7399 7400/7400
f 7689/7689 7690/7690 7691/7691
f 7689/7689 7691/7691 7692/7692
f 7693/7693 7694/7694 7695/7695
f 7693/7693 7695/7695 7696/7696
f 7697/7697 7698/7698 7699/7699
f 7697/7697 7699/7699 7700/7700
f 7701/7701 7702/7702 7703/7703
f 7701/7701 7703/7703 7704/7704
f 7705/7705 7706/7706 7707/7707
f 7705/7705 7707/7707 7708/7708
f 7709/7709 7710/7710 7711/7711
f 7709/7709 7711/7711 7712/7712
f 7713/7713 7714/7714 7715/7715
f 7713/7713 7715/7715 7716/7716
f 7717/7717 7718/7718 7719/7719
f 7717/7717 7719/7719 7720/7720
f 7721/7721 7722/7722 7723/7723
f 7721/7721 7723/7723 7724/7724
f 7725/7725 7726/7726 7727/7727
f 7725/7725 7727/7727 7728/7728
f 7729/7729 7730/7730 7731/7731
f 7729/7729 7731/7731 7732/7732
f 7733/7733 7734/7734 7735/7735
f 7733/7733 7735/7735 7736/7736
f 7737/7737 7738/7738 7739/7739
f 7737/7737 7739/7739 7740/7740
f 7741/7741 7742/7742 7743/7743
f 7741/7741 7743/7743 7744/7744
f 7745/7745 7746/7746 7747/7747
f 7745/7745 7747/7747 7748/7748
f 7749/7749 7750/7750 7751/7751
f 7749/7749 7751/7751 7752/7752
f 7753/7753 7754/7754 7755/7755
f 7753/7753 7755/7755 7756/7756
f 7757/7757 7758/7758 7759/7759
f 7757/7757 7759/7759 7760/7760
f 7761/7761 7762/7762 7763/7763
f 7761/7761 7763/7763 7764/7764
f 7765/7765 7766/7766 7767/7767
f 7765/7765 7767/7767 7768/7768
f 7769/7769 7770/7770 7771/7771
f 7769/7769 7771/7771 7772/7772
f 7773/7773 7774/7774 7775/7775
f 7773/7773 7775/7775 7776/7776
f 7777/7777 7778/7778 7779/7779
f 7777/7777 7779/7779 7780/7780
f 7781/7781 7782/7782 7783/7783
f 7781/7781 7783/7783 7784/7784
f 7785/7785 7786/7786 7787/7787
f 7785/7785 7787/7787 7788/7788
f 7789/7789 7790/7790 7791/7791
f 7789/7789 7791/7791 7792/7792
f 7793/7793 7794/7794 7795/7795
f 7793/7793 7795/7795 7796/7796
f 7797/7797 7798/7798 7799/7799
f 7797/7797 7799/7799 7800/7800
f 7801/7801 7802/7802 7803/7803
f 7801/7801 7803/7803 7804/7804
f 7805/7805 7806/7806 7807/7807
f 7805/7805 7807/7807 7808/7808
f 7809/7809 7810/7810 7811/7811
f 7809/7809 7811/7811 7812/7812
f 7813/7813 7814/7814 7815/7815
f 7813/7813 7815/7815 7816/7816
f 7817/7817 7818/7818 7819/7819
f 7817/7817 7819/7819 7820/7820
f 7821/7821 7822/7822 7823/7823
f 7821/7821 7823/7823 7824/7824
f 7825/7825 7826/7826 7827/7827
f 7825/7825 7827/7827 7828/7828
f 7829/7829 7830/7830 7831/7831
f 7829/7829 7831/7831 7832/7832
f 7833/7833 7834/7834 7835/7835
f 7833/7833 7835/7835 7836/7836
f 7837/7837 7838/7838 7839/7839
f 7837/7837 7839/7839 7840/7840
f 7841/7841 7842/7842 7843/7843
f 7841/7841 7843/7843 7844/7844
f 7845/7845 7846/7846 7847/7847
f 7845/7845 7847/7847 7848/7848
f 7849/7849 7850/7850 7851/7851
f 7849/7849 7851/7851 7852/7852
f 7853/7853 7854/7854 7855/7855
f 7853/7853 7855/7855 7856/7856
f 7857/7857 7858/7858 7859/7859
f 7857/7857 7859/7859 7860/7860
f 7861/7861 7862/7862 7863/7863
f 7861/7861 7863/7863 7864/7864
f 7865/7865 7866/7866 7867/7867
f 7865/7865 7867/7867 7868/7868
f 7869/7869 7870/7870 7871/7871
f 7869/7869 7871/7871 7872/7872
f 7873/7873 7874/7874 7875/7875
f 7873/7873 7875/7875 7876/7876
f 7877/7877 7878/7878 7879/7879
f 7877/7877 7879/7879 7880/7880
f 7881/7881 7882/7882 7883/7883
f 7881/7881 7883/7883 7884/7884
f 7885/7885 7886/7886 7887/7887
f 7885/7885 7887/7887 7888/7888
f 7889/7889 7890/7890 7891/7891
f 7889/7889 7891/7891 7892/7892
f 7893/7893 7894/7894 7895/7895
f 7893/7893 7895/7895 7896/7896
f 7897/7897 7898/7898 7899/7899
f 7897/7897 7899/7899 7900/7900
f 7901/7901 7902/7902 7903/7903
f 7901/7901 7903/7903 7904/7904
f 7905/7905 7906/7906 7907/7907
f 7905/7905 7907/7907 7908/7908
f 7909/7909 7910/7910 7911/7911
f 7909/7909 7911/7911 7912/7912
f 7913/7913 7914/7914 7915/7915
f 7913/7913 7915/7915 7916/7916
f 7917/7917 7918/7918 7919/7919
f 7917/7917 7919/7919 7920/7920
f 7921/7921 7922/7922 7923/7923
f 7921/7921 7923/7923 7924/7924
f 7925/7925 7926/7926 7927/7927
f 7925/7925 7927/7927 7928/7928
f 7929/7929 7930/7930 7931/7931
f 7929/7929 7931/7931 7932/7932
f 7933/7933 7934/7934 7935/7935
f 7933/7933 7935/7935 7936/7936
f 7937/7937 7938/7938 7939/7939
f 7937/7937 7939/7939 7940/7940
f 7941/7941 7942/7942 7943/7943
f 7941/7941 7943/7943 7944/7944
f 7945/7945 7946/7946 7947/7947
f 7945/7945 7947/7947 7948/7948
f 7949/7949 7950/7950 7951/7951
f 7949/7949 7951/7951 7952/7952
f 7953/7953 7954/7954 7955/7955
f 7953/7953 7955/7955 7956/7956
f 7957/7957 7958/7958 7959/7959
f 7957/7957 7959/7959 7960/7960
f 7961/7961 7962/7962 7963/7963
f 7961/7961 7963/7963 7964/7964
f 7965/7965 7966/7966 7967/7967
f 7965/7965 7967/7967 7968/7968
f 7969/7969 7970/7970 7971/7971
f 7969/7969 7971/7971 7972/7972
f 7973/7973 7974/7974 7975/7975
f 7973/7973 7975/7975 7976/7976
f 7977/7977 7978/7978 7979/7979
f 7977/7977 7979/7979 7980/7980
f 7981/7981 7982/7982 7983/7983
f 7981/7981 7983/7983 7984/7984
f 7985/7985 7986/7986 7987/7987
f 7985/7985 7987/7987 7988/7988
f 7989/7989 7990/7990 7991/7991
f 7989/7989 7991/7991 7992/7992
f 7993/7993 7994/7994 7995/7995
f 7993/7993 7995/7995 7996/7996
f 7997/7997 7998/7998 7999/7999
f 7997/7997 7999/7999 8000/8000
f 8001/8001 8002/8002 8003/8003
f 8001/8001 8003/8003 8004/8004
f 8005/8005 8006/8006 8007/8007
f 8005/8005 8007/8007 8008/8008
f 8009/8009 8010/8010 8011/8011
f 8009/8009 8011/8011 8012/8012
f 8013/8013 8014/8014 8015/8015
f 8013/8013 8015/8015 8016/8016
f 8017/8017 8018/8018 8019/8019
f 8017/8017 8019/8019 8020/8020
f 8021/8021 8022/8022 8023/8023
f 8021/8021 8023/8023 8024/8024
f 8025/8025 8026/8026 8027/8027
f 8025/8025 8027/8027 8028/8028
f 8029/8029 8030/8030 8031/8031
f 8029/8029 8031/8031 8032/8032
f 8033/8033 8034/8034 8035/8035
f 8033/8033 8035/8035 8036/8036
f 8037/8037 8038/8038 8039/8039
f 8037/8037 8039/8039 8040/8040
f 8041/8041 8042/8042 8043/8043
f 8041/8041 8043/8043 8044/8044
f 8045/8045 8046/8046 8047/8047
f 8045/8045 8047/8047 8048/8048
f 8049/8049 8050/8050 8051/8051
f 8049/8049 8051/8051 8052/8052
f 8053/8053 8054/8054 8055/8055
f 8053/8053 8055/8055 8056/8056
f 8057/8057 8058/8058 8059/8059
f 8057/8057 8059/8059 8060/8060
f 8061/8061 8062/8062 8063/8063
f 8061/8061 8063/8063 8064/8064
f 8065/8065 8066/8066 8067/8067
f 8065/8065 8067/8067 8068/8068
f 8069/8069 8070/8070 8071/8071
f 8069/8069 8071/8071 8072/8072
f 8073/8073 8074/8074 8075/8075
f 8073/8073 8075/8075 8076/8076
f 8077/8077 8078/8078 8079/8079
f 8077/8077 8079/8079 8080/8080
f 8081/8081 8082/8082 8083/8083
f 8081/8081 8083/8083 8084/8084
f 8085/8085 8086/8086 8087/8087
f 8085/8085 8087/8087 8088/8088
f 8089/8089 8090/8090 8091/8091
f 8089/8089 8091/8091 8092/8092
f 8093/8093 8094/8094 8095/8095
f 8093/8093 8095/8095 8096/8096
f 8097/8097 8098/8098 8099/8099
f 8097/8097 8099/8099 8100/8100
f 8101/8101 8102/8102 8103/8103
f 8101/8101 8103/8103 8104/8104
f 8105/8105 8106/8106 8107/8107
f 8105/8105 8107/8107 8108/8108
f 8109/8109 8110/8110 8111/8111
f 8109/8109 8111/8111 8112/8112
f 8113/8113 8114/8114 8115/8115
f 8113/8113 8115/8115 8116/8116
f 8117/8117 8118/8118 8119/8119
f 8117/8117 8119/8119 8120/8120
f 8121/8121 8122/8122 8123/8123
f 8121/8121 8123/8123 8124/8124
f 8125/8125 8126/8126 8127/8127
f 8125/8125 8127/8127 8128/8128
f 8129/8129 8130/8130 8131/8131
f 8129/8129 8131/8131 8132/8132
f 8133/8133 8134/8134 8135/8135
f 8133/8133 8135/8135 8136/8136
f 8137/8137 8138/8138 8139/8139
f 8137/8137 8139/8139 8140/8140
f 8141/8141 8142/8142 8143/8143
f 8141/8141 8143/8143 8144/8144
f 8145/8145 8146/8146 8147/8147
f 8145/8145 8147/8147 8148/8148
f 8149/8149 8150/8150 8151/8151
f 8149/8149 8151/8151 8152/8152
f 8153/8153 8154/8154 8155/8155
f 8153/8153 8155/8155 8156/8156
f 8157/8157 8158/8158 8159/8159
f 8157/8157 8159/8159 8160/8160
f 8161/8161 8162/8162 8163/8163
f 8161/8161 8163/8163 8164/8164
f 8165/8165 8166/8166 8167/8167
f 8165/8165 8167/8167 8168/8168
f 8169/8169 8170/8170 8171/8171
f 8169/8169 8171/8171 8172/8172
f 8173/8173 8174/8174 8175/8175
f 8173/8173 8175/8175 8176/8176
f 8177/8177 8178/8178 8179/8179
f 8177/8177 8179/8179 8180/8180
f 8181/8181 8182/8182 8183/8183
f 8181/8181 8183/8183 8184/8184
f 8185/8185 8186/8186 8187/8187
f 8185/8185 8187/8187 8188/8188
f 8189/8189 8190/8190 8191/8191
f 8189/8189 8191/8191 8192/8192
f 8193/8193 8194/8194 8195/8195
f 8193/8193 8195/8195 8196/8196
f 8197/8197 8198/8198 8199/8199
f 8197/8197 8199/8199 8200/8200
f 8201/8201 8202/8202 8203/8203
f 8201/8201 8203/8203 8204/8204
f 8205/8205 8206/8206 8207/8207
f 8205/8205 8207/8207 8208/8208
f 8209/8209 8210/8210 8211/8211
f 8209/8209 8211/8211 8212/8212
f 8213/8213 8214/8214 8215/8215
f 8213/8213 8215/8215 8216/8216
f 8217/8217 8218/8218 8219/8219
f 8217/8217 8219/8219 8220/8220
f 8221/8221 8222/8222 8223/8223
f 8221/8221 8223/8223 8224/8224
f 8225/8225 8226/8226 8227/8227
f 8225/8225 8227/8227 8228/8228
f 8229/8229 8230/8230 8231/8231
f 8229/8229 8231/8231 8232/8232
f 8233/8233 8234/8234 8235/8235
f 8233/8233 8235/8235 8236/8236
f 8237/8237 8238/8238 8239/8239
f 8237/8237 8239/8239 8240/8240
f 8241/8241 8242/8242 8243/8243
f 8241/8241 8243/8243 8244/8244
f 8245/8245 8246/8246 8247/8247
f 8245/8245 8247/8247 8248/8248
f 8249/8249 8250/8250 8251/8251
f 8249/8249 8251/8251 8252/8252
f 8253/8253 8254/8254 8255/8255
f 8253/8253 8255/8255 8256/8256
f 8257/8257 8258/8258 8259/8259
f 8257/8257 8259/8259 8260/8260
f 8261/8261 8262/8262 8263/8263
f 8261/8261 8263/8263 8264/8264
f 8265/8265 8266/8266 8267/8267
f 8265/8265 8267/8267 8268/8268
f 8269/8269 8270/8270 8271/8271
f 8269/8269 8271/8271 8272/8272
f 8273/8273 8274/8274 8275/8275
f 8273/8273 8275/8275 8276/8276
f 8277/8277 8278/8278 8279/8279
f 8277/8277 8279/8279 8280/8280
f 8281/8281 8282/8282 8283/8283
f 8281/8281 8283/8283 8284/8284
f 8285/8285 8286/8286 8287/8287
f 8285/8285 8287/8287 8288/8288
f 8289/8289 8290/8290 8291/8291
f 8289/8289 8291/8291 8292/8292
f 8293/8293 8294/8294 8295/8295
f 8293/8293 8295/8295 8296/8296
f 8297/8297 8298/8298 8299/8299
f 8297/8297 8299/8299 8300/8300
f 8301/8301 8302/8302 8303/8303
f 8301/8301 8303/8303 8304/8304
f 8305/8305 8306/8306 8307/8307
f 8305/8305 8307/8307 8308/8308
f 8309/8309 8310/8310 8311/8311
f 8312/8312 8313/8313 8314/8314
f 8315/8315 8316/8316 8317/8317
f 8318/8318 8319/8319 8320/8320
f 8321/8321 8322/8322 8323/8323
f 8324/8324 8325/8325 8326/8326
f 8327/8327 8328/8328 8329/8329
f 8330/8330 8331/8331 8332/8332
f 8333/8333 8334/8334 8335/8335
f 8336/8336 8337/8337 8338/8338
f 8339/8339 8340/8340 8341/8341
f 8342/8342 8343/8343 8344/8344
f 8345/8345 8346/8346 8347/8347
f 8348/8348 8349/8349 8350/8350
f 8351/8351 8352/8352 8353/8353
f 8354/8354 8355/8355 8356/8356
f 8357/8357 8358/8358 8359/8359
f 8360/8360 8361/8361 8362/8362
f 8363/8363 8364/8364 8365/8365
f 8366/8366 8367/8367 8368/8368
f 8369/8369 8370/8370 8371/8371
f 8372/8372 8373/8373 8374/8374
f 8375/8375 8376/8376 8377/8377
f 8378/8378 8379/8379 8380/8380
f 8381/8381 8382/8382 8383/8383
f 8384/8384 8385/8385 8386/8386
f 8387/8387 8388/8388 8389/8389
f 8390/8390 8391/8391 8392/8392
f 8393/8393 8394/8394 8395/8395
f 8396/8396 8397/8397 8398/8398
f 8399/8399 8400/8400 8401/8401
f 8402/8402 8403/8403 8404/8404
f 8405/8405 8406/8406 8407/8407
f 8408/8408 8409/8409 8410/8410
f 8411/8411 8412/8412 8413/8413
f 8414/8414 8415/8415 8416/8416
f 8417/8417 8418/8418 8419/8419
f 8420/8420 8421/8421 8422/8422
f 8423/8423 8424/8424 8425/8425
f 8426/8426 8427/8427 8428/8428
f 8429/8429 8430/8430 8431/8431
f 8432/8432 8433/8433 8434/8434
f 8435/8435 8436/8436 8437/8437
f 8438/8438 8439/8439 8440/8440
f 8441/8441 8442/8442 8443/8443
f 8444/8444 8445/8445 8446/8446
f 8447/8447 8448/8448 8449/8449
f 8450/8450 8451/8451 8452/8452
f 8453/8453 8454/8454 8455/8455
f 8456/8456 8457/8457 8458/8458
f 8459/8459 8460/8460 8461/8461
f 8462/8462 8463/8463 8464/8464
f 8465/8465 8466/8466 8467/8467
f 8468/8468 8469/8469 8470/8470
f 8471/8471 8472/8472 8473/8473
f 8474/8474 8475/8475 8476/8476
f 8477/8477 8478/8478 8479/8479
f 8480/8480 8481/8481 8482/8482
f 8483/8483 8484/8484 8485/8485
f 8486/8486 8487/8487 8488/8488
f 8489/8489 8490/8490 8491/8491
f 8492/8492 8493/8493 8494/8494
f 8567/8567 8568/8568 8569/8569
f 8567/8567 8569/8569 8570/8570
f 8571/8571 8572/8572 8573/8573
f 8571/8571 8573/8573 8574/8574
f 8575/8575 8576/8576 8577/8577
f 8575/8575 8577/8577 8578/8578
f 8579/8579 8580/8580 8581/8581
f 8579/8579 8581/8581 8582/8582
f 8583/8583 8584/8584 8585/8585
f 8583/8583 8585/8585 8586/8586
f 8587/8587 8588/8588 8589/8589
f 8587/8587 8589/8589 8590/8590
f 8591/8591 8592/8592 8593/8593
f 8591/8591 8593/8593 8594/8594
f 8595/8595 8596/8596 8597/8597
f 8595/8595 8597/8597 8598/8598
f 8599/8599 8600/8600 8601/8601
f 8599/8599 8601/8601 8602/8602
f 8603/8603 8604/8604 8605/8605
f 8603/8603 8605/8605 8606/8606
f 8607/8607 8608/8608 8609/8609
f 8607/8607 8609/8609 8610/8610
f 8611/8611 8612/8612 8613/8613
f 8611/8611 8613/8613 8614/8614
f 8615/8615 8616/8616 8617/8617
f 8615/8615 8617/8617 8618/8618
f 8619/8619 8620/8620 8621/8621
f 8619/8619 8621/8621 8622/8622
f 8623/8623 8624/8624 8625/8625
f 8623/8623 8625/8625 8626/8626
f 8627/8627 8628/8628 8629/8629
f 8627/8627 8629/8629 8630/8630
f 8631/8631 8632/8632 8633/8633
f 8631/8631 8633/8633 8634/8634
f 8635/8635 8636/8636 8637/8637
f 8635/8635 8637/8637 8638/8638
f 8639/8639 8640/8640 8641/8641
f 8639/8639 8641/8641 8642/8642
f 8643/8643 8644/8644 8645/8645
f 8643/8643 8645/8645 8646/8646
f 8647/8647 8648/8648 8649/8649
f 8647/8647 8649/8649 8650/8650
f 8651/8651 8652/8652 8653/8653
f 8651/8651 8653/8653 8654/8654
f 8655/8655 8656/8656 8657/8657
f 8655/8655 8657/8657 8658/8658
f 8659/8659 8660/8660 8661/8661
f 8659/8659 8661/8661 8662/8662
f 8663/8663 8664/8664 8665/8665
f 8663/8663 8665/8665 8666/8666
f 8667/8667 8668/8668 8669/8669
f 8667/8667 8669/8669 8670/8670
f 8671/8671 8672/8672 8673/8673
f 8671/8671 8673/8673 8674/8674
f 8675/8675 8676/8676 8677/8677
f 8675/8675 8677/8677 8678/8678
f 8679/8679 8680/8680 8681/8681
f 8679/8679 8681/8681 8682/8682
f 8683/8683 8684/8684 8685/8685
f 8683/8683 8685/8685 8686/8686
f 8687/8687 8688/8688 8689/8689
f 8687/8687 8689/8689 8690/8690
f 8691/8691 8692/8692 8693/8693
f 8691/8691 8693/8693 8694/8694
f 8695/8695 8696/8696 8697/8697
f 8695/8695 8697/8697 8698/8698
f 8699/8699 8700/8700 8701/8701
f 8699/8699 8701/8701 8702/8702
f 8703/8703 8704/8704 8705/8705
f 8703/8703 8705/8705 8706/8706
f 8707/8707 8708/8708 8709/8709
f 8707/8707 8709/8709 8710/8710
f 8711/8711 8712/8712 8713/8713
f 8711/8711 8713/8713 8714/8714
f 8715/8715 8716/8716 8717/8717
f 8715/8715 8717/8717 8718/8718
f 8719/8719 8720/8720 8721/8721
f 8719/8719 8721/8721 8722/8722
f 8723/8723 8724/8724 8725/8725
f 8723/8723 8725/8725 8726/8726
f 8727/8727 8728/8728 8729/8729
f 8727/8727 8729/8729 8730/8730
f 8731/8731 8732/8732 8733/8733
f 8731/8731 8733/8733 8734/8734
f 8735/8735 8736/8736 8737/8737
f 8735/8735 8737/8737 8738/8738
f 8739/8739 8740/8740 8741/8741
f 8739/8739 8741/8741 8742/8742
f 8743/8743 8744/8744 8745/8745
f 8743/8743 8745/8745 8746/8746
f 8747/8747 8748/8748 8749/8749
f 8747/8747 8749/8749 8750/8750
f 8751/8751 8752/8752 8753/8753
f 8751/8751 8753/8753 8754/8754
f 8755/8755 8756/8756 8757/8757
f 8755/8755 8757/8757 8758/8758
f 8759/8759 8760/8760 8761/8761
f 8759/8759 8761/8761 8762/8762
f 8763/8763 8764/8764 8765/8765
f 8763/8763 8765/8765 8766/8766
f 8767/8767 8768/8768 8769/8769
f 8767/8767 8769/8769 8770/8770
f 8771/8771 8772/8772 8773/8773
f 8771/8771 8773/8773 8774/8774
f 8775/8775 8776/8776 8777/8777
f 8775/8775 8777/8777 8778/8778
f 8779/8779 8780/8780 8781/8781
f 8779/8779 8781/8781 8782/8782
f 8783/8783 8784/8784 8785/8785
f 8783/8783 8785/8785 8786/8786
f 8787/8787 8788/8788 8789/8789
f 8787/8787 8789/8789 8790/8790
f 8791/8791 8792/8792 8793/8793
f 8791/8791 8793/8793 8794/8794
f 8795/8795 8796/8796 8797/8797
f 8795/8795 8797/8797 8798/8798
f 8799/8799 8800/8800 8801/8801
f 8799/8799 8801/8801 8802/8802
f 8803/8803 8804/8804 8805/8805
f 8803/8803 8805/8805 8806/8806
f 8807/8807 8808/8808 8809/8809
f 8807/8807 8809/8809 8810/8810
f 8811/8811 8812/8812 8813/8813
f 8811/8811 8813/8813 8814/8814
f 8815/8815 8816/8816 8817/8817
f 8815/8815 8817/8817 8818/8818
f 8819/8819 8820/8820 8821/8821
f 8819/8819 8821/8821 8822/8822
f 8823/8823 8824/8824 8825/8825
f 8823/8823 8825/8825 8826/8826
f 8827/8827 8828/8828 8829/8829
f 8827/8827 8829/8829 8830/8830
f 8831/8831 8832/8832 8833/8833
f 8831/8831 8833/8833 8834/8834
f 8835/8835 8836/8836 8837/8837
f 8835/8835 8837/8837 8838/8838
f 8839/8839 8840/8840 8841/8841
f 8839/8839 8841/8841 8842/8842
f 8843/8843 8844/8844 8845/8845
f 8843/8843 8845/8845 8846/8846
f 8847/8847 8848/8848 8849/8849
f 8847/8847 8849/8849 8850/8850
f 8851/8851 8852/8852 8853/8853
f 8851/8851 8853/8853 8854/8854
f 8855/8855 8856/8856 8857/8857
f 8855/8855 8857/8857 8858/8858
f 8859/8859 8860/8860 8861/8861
f 8859/8859 8861/8861 8862/8862
f 8863/8863 8864/8864 8865/8865
f 8863/8863 8865/8865 8866/8866
f 8867/8867 8868/8868 8869/8869
f 8867/8867 8869/8869 8870/8870
f 8871/8871 8872/8872 8873/8873
f 8871/8871 8873/8873 8874/8874
f 8875/8875 8876/8876 8877/8877
f 8875/8875 8877/8877 8878/8878
f 8879/8879 8880/8880 8881/8881
f 8879/8879 8881/8881 8882/8882
f 8883/8883 8884/8884 8885/8885
f 8883/8883 8885/8885 8886/8886
f 8887/8887 8888/8888 8889/8889
f 8887/8887 8889/8889 8890/8890
f 8891/8891 8892/8892 8893/8893
f 8891/8891 8893/8893 8894/8894
f 8895/8895 8896/8896 8897/8897
f 8895/8895 8897/8897 8898/8898
f 8899/8899 8900/8900 8901/8901
f 8899/8899 8901/8901 8902/8902
f 8903/8903 8904/8904 8905/8905
f 8903/8903 8905/8905 8906/8906
f 8907/8907 8908/8908 8909/8909
f 8907/8907 8909/8909 8910/8910
f 8911/8911 8912/8912 8913/8913
f 8911/8911 8913/8913 8914/8914
f 8915/8915 8916/8916 8917/8917
f 8915/8915 8917/8917 8918/8918
f 8919/8919 8920/8920 8921/8921
f 8919/8919 8921/8921 8922/8922
f 8923/8923 8924/8924 8925/8925
f 8923/8923 8925/8925 8926/8926
f 8927/8927 8928/8928 8929/8929
f 8927/8927 8929/8929 8930/8930
f 8931/8931 8932/8932 8933/8933
f 8931/8931 8933/8933 8934/8934
f 8935/8935 8936/8936 8937/8937
f 8935/8935 8937/8937 8938/8938
f 8939/8939 8940/8940 8941/8941
f 8939/8939 8941/8941 8942/8942
f 8943/8943 8944/8944 8945/8945
f 8943/8943 8945/8945 8946/8946
f 8947/8947 8948/8948 8949/8949
f 8947/8947 8949/8949 8950/8950
f 8951/8951 8952/8952 8953/8953
f 8951/8951 8953/8953 8954/8954
f 8955/8955 8956/8956 8957/8957
f 8955/8955 8957/8957 8958/8958
f 8959/8959 8960/8960 8961/8961
f 8959/8959 8961/8961 8962/8962
f 8963/8963 8964/8964 8965/8965
f 8963/8963 8965/8965 8966/8966
f 8967/8967 8968/8968 8969/8969
f 8967/8967 8969/8969 8970/8970
f 8971/8971 8972/8972 8973/8973
f 8971/8971 8973/8973 8974/8974
f 8975/8975 8976/8976 8977/8977
f 8975/8975 8977/8977 8978/8978
f 8979/8979 8980/8980 8981/8981
f 8979/8979 8981/8981 8982/8982
f 8983/8983 8984/8984 8985/8985
f 8983/8983 8985/8985 8986/8986
f 8987/8987 8988/8988 8989/8989
f 8987/8987 8989/8989 8990/8990
f 8991/8991 8992/8992 8993/8993
f 8991/8991 8993/8993 8994/8994
f 8995/8995 8996/8996 8997/8997
f 8995/8995 8997/8997 8998/8998
f 8999/8999 9000/9000 9001/9001
f 8999/8999 9001/9001 9002/9002
f 9003/9003 9004/9004 9005/9005
f 9003/9003 9005/9005 9006/9006
f 9007/9007 9008/9008 9009/9009
f 9007/9007 9009/9009 9010/9010
f 9011/9011 9012/9012 9013/9013
f 9011/9011 9013/9013 9014/9014
f 9015/9015 9016/9016 9017/9017
f 9015/9015 9017/9017 9018/9018
f 9019/9019 9020/9020 9021/9021
f 9019/9019 9021/9021 9022/9022
f 9023/9023 9024/9024 9025/9025
f 9023/9023 9025/9025 9026/9026
f 9027/9027 9028/9028 9029/9029
f 9027/9027 9029/9029 9030/9030
f 9031/9031 9032/9032 9033/9033
f 9031/9031 9033/9033 9034/9034
f 9035/9035 9036/9036 9037/9037
f 9035/9035 9037/9037 9038/9038
f 9039/9039 9040/9040 9041/9041
f 9039/9039 9041/9041 9042/9042
f 9043/9043 9044/9044 9045/9045
f 9043/9043 9045/9045 9046/9046
f 9047/9047 9048/9048 9049/9049
f 9050/9050 9051/9051 9052/9052
f 9053/9053 9054/9054 9055/9055
f 9056/9056 9057/9057 9058/9058
f 9059/9059 9060/9060 9061/9061
f 9062/9062 9063/9063 9064/9064
f 9065/9065 9066/9066 9067/9067
f 9068/9068 9069/9069 9070/9070
f 9071/9071 9072/9072 9073/9073
f 9074/9074 9075/9075 9076/9076
f 9077/9077 9078/9078 9079/9079
f 9080/9080 9081/9081 9082/9082
f 9083/9083 9084/9084 9085/9085
f 9086/9086 9087/9087 9088/9088
f 9089/9089 9090/9090 9091/9091
f 9092/9092 9093/9093 9094/9094
f 9095/9095 9096/9096 9097/9097
f 9098/9098 9099/9099 9100/9100
f 9101/9101 9102/9102 9103/9103
f 9104/9104 9105/9105 9106/9106
f 9107/9107 9108/9108 9109/9109
f 9110/9110 9111/9111 9112/9112
f 9113/9113 9114/9114 9115/9115
f 9116/9116 9117/9117 9118/9118
f 9119/9119 9120/9120 9121/9121
f 9122/9122 9123/9123 9124/9124
f 9125/9125 9126/9126 9127/9127
f 9128/9128 9129/9129 9130/9130
f 9131/9131 9132/9132 9133/9133
f 9134/9134 9135/9135 9136/9136
f 9137/9137 9138/9138 9139/9139
f 9140/9140 9141/9141 9142/9142
f 9143/9143 9144/9144 9145/9145
f 9146/9146 9147/9147 9148/9148
f 9149/9149 9150/9150 9151/9151
f 9152/9152 9153/9153 9154/9154
f 9155/9155 9156/9156 9157/9157
f 9158/9158 9159/9159 9160/9160
f 9161/9161 9162/9162 9163/9163
f 9164/9164 9165/9165 9166/9166
f 9167/9167 9168/9168 9169/9169
f 9170/9170 9171/9171 9172/9172
f 9173/9173 9174/9174 9175/9175
f 9176/9176 9177/9177 9178/9178
f 9179/9179 9180/9180 9181/9181
f 9182/9182 9183/9183 9184/9184
f 9185/9185 9186/9186 9187/9187
f 9188/9188 9189/9189 9190/9190
f 9407/9407 9408/9408 9409/9409
f 9407/9407 9409/9409 9410/9410
f 9411/9411 9412/9412 9413/9413
f 9411/9411 9413/9413 9414/9414
f 9415/9415 9416/9416 9417/9417
f 9415/9415 9417/9417 9418/9418
f 9419/9419 9420/9420 9421/9421
f 9419/9419 9421/9421 9422/9422
f 9423/9423 9424/9424 9425/9425
f 9423/9423 9425/9425 9426/9426
f 9427/9427 9428/9428 9429/9429
f 9427/9427 9429/9429 9430/9430
f 9431/9431 9432/9432 9433/9433
f 9431/9431 9433/9433 9434/9434
f 9435/9435 9436/9436 9437/9437
f 9435/9435 9437/9437 9438/9438
f 9439/9439 9440/9440 9441/9441
f 9439/9439 9441/9441 9442/9442
f 9443/9443 9444/9444 9445/9445
f 9443/9443 9445/9445 9446/9446
f 9447/9447 9448/9448 9449/9449
f 9447/9447 9449/9449 9450/9450
f 9451/9451 9452/9452 9453/9453
f 9451/9451 9453/9453 9454/9454
f 9455/9455 9456/9456 9457/9457
f 9455/9455 9457/9457 9458/9458
f 9459/9459 9460/9460 9461/9461
f 9459/9459 9461/9461 9462/9462
f 9463/9463 9464/9464 9465/9465
f 9463/9463 9465/9465 9466/9466
f 9467/9467 9468/9468 9469/9469
f 9467/9467 9469/9469 9470/9470
f 9471/9471 9472/9472 9473/9473
f 9471/9471 9473/9473 9474/9474
f 9475/9475 9476/9476 9477/9477
f 9475/9475 9477/9477 9478/9478
f 9479/9479 9480/9480 9481/9481
f 9479/9479 9481/9481 9482/9482
f 9483/9483 9484/9484 9485/9485
f 9483/9483 9485/9485 9486/9486
f 9487/9487 9488/9488 9489/9489
f 9487/9487 9489/9489 9490/9490
f 9491/9491 9492/9492 9493/9493
f 9491/9491 9493/9493 9494/9494
f 9495/9495 9496/9496 9497/9497
f 9495/9495 9497/9497 9498/9498
f 9499/9499 9500/9500 9501/9501
f 9499/9499 9501/9501 9502/9502
f 9503/9503 9504/9504 9505/9505
f 9503/9503 9505/9505 9506/9506
f 9507/9507 9508/9508 9509/9509
f 9507/9507 9509/9509 9510/9510
f 9511/9511 9512/9512 9513/9513
f 9511/9511 9513/9513 9514/9514
f 9515/9515 9516/9516 9517/9517
f 9515/9515 9517/9517 9518/9518
f 9519/9519 9520/9520 9521/9521
f 9519/9519 9521/9521 9522/9522
f 9523/9523 9524/9524 9525/9525
f 9523/9523 9525/9525 9526/9526
f 9527/9527 9528/9528 9529/9529
f 9527/9527 9529/9529 9530/9530
f 9531/9531 9532/9532 9533/9533
f 9531/9531 9533/9533 9534/9534
f 9535/9535 9536/9536 9537/9537
f 9535/9535 9537/9537 9538/9538
f 9539/9539 9540/9540 9541/9541
f 9539/9539 9541/9541 9542/9542
f 9543/9543 9544/9544 9545/9545
f 9543/9543 9545/9545 9546/9546
f 9547/9547 9548/9548 9549/9549
f 9547/9547 9549/9549 9550/9550
f 9551/9551 9552/9552 9553/9553
f 9551/9551 9553/9553 9554/9554
f 9555/9555 9556/9556 9557/9557
f 9555/9555 9557/9557 9558/9558
f 9559/9559 9560/9560 9561/9561
f 9559/9559 9561/9561 9562/9562
f 9563/9563 9564/9564 9565/9565
f 9563/9563 9565/9565 9566/9566
f 9567/9567 9568/9568 9569/9569
f 9567/9567 9569/9569 9570/9570
f 9571/9571 9572/9572 9573/9573
f 9571/9571 9573/9573 9574/9574
f 9575/9575 9576/9576 9577/9577
f 9575/9575 9577/9577 9578/9578
f 9579/9579 9580/9580 9581/9581
f 9579/9579 9581/9581 9582/9582
f 9583/9583 9584/9584 9585/9585
f 9583/9583 9585/9585 9586/9586
f 9587/9587 9588/9588 9589/9589
f 9587/9587 9589/9589 9590/9590
f 9591/9591 9592/9592 9593/9593
f 9591/9591 9593/9593 9594/9594
f 9595/9595 9596/9596 9597/9597
f 9595/9595 9597/9597 9598/9598
f 9599/9599 9600/9600 9601/9601
f 9599/9599 9601/9601 9602/9602
f 9603/9603 9604/9604 9605/9605
f 9603/9603 9605/9605 9606/9606
f 9607/9607 9608/9608 9609/9609
f 9607/9607 9609/9609 9610/9610
f 9611/9611 9612/9612 9613/9613
f 9611/9611 9613/9613 9614/9614
f 9615/9615 9616/9616 9617/9617
f 9615/9615 9617/9617 9618/9618
f 9619/9619 9620/9620 9621/9621
f 9619/9619 9621/9621 9622/9622
f 9623/9623 9624/9624 9625/9625
f 9623/9623 9625/9625 9626/9626
f 9627/9627 9628/9628 9629/9629
f 9627/9627 9629/9629 9630/9630
f 9631/9631 9632/9632 9633/9633
f 9631/9631 9633/9633 9634/9634
f 9635/9635 9636/9636 9637/9637
f 9635/9635 9637/9637 9638/9638
f 9639/9639 9640/9640 9641/9641
f 9639/9639 9641/9641 9642/9642
f 9643/9643 9644/9644 9645/9645
f 9643/9643 9645/9645 9646/9646
f 9647/9647 9648/9648 9649/9649
f 9647/9647 9649/9649 9650/9650
f 9651/9651 9652/9652 9653/9653
f 9651/9651 9653/9653 9654/9654
f 9655/9655 9656/9656 9657/9657
f 9655/9655 9657/9657 9658/9658
f 9659/9659 9660/9660 9661/9661
f 9659/9659 9661/9661 9662/9662
f 9663/9663 9664/9664 9665/9665
f 9663/9663 9665/9665 9666/9666
f 9667/9667 9668/9668 9669/9669
f 9667/9667 9669/9669 9670/9670
f 9671/9671 9672/9672 9673/9673
f 9671/9671 9673/9673 9674/9674
f 9675/9675 9676/9676 9677/9677
f 9675/9675 9677/9677 9678/9678
f 9679/9679 9680/9680 9681/9681
f 9679/9679 9681/9681 9682/9682
f 9683/9683 9684/9684 9685/9685
f 9683/9683 9685/9685 9686/9686
f 9687/9687 9688/9688 9689/9689
f 9687/9687 9689/9689 9690/9690
f 9691/9691 9692/9692 9693/9693
f 9691/9691 9693/9693 9694/9694
f 9695/9695 9696/9696 9697/9697
f 9695/9695 9697/9697 9698/9698
f 9699/9699 9700/9700 9701/9701
f 9699/9699 9701/9701 9702/9702
f 9703/9703 9704/9704 9705/9705
f 9703/9703 9705/9705 9706/9706
f 9707/9707 9708/9708 9709/9709
f 9707/9707 9709/9709 9710/9710
f 9711/9711 9712/9712 9713/9713
f 9711/9711 9713/9713 9714/9714
f 9715/9715 9716/9716 9717/9717
f 9715/9715 9717/9717 9718/9718
f 9719/9719 9720/9720 9721/9721
f 9719/9719 9721/9721 9722/9722
f 9723/9723 9724/9724 9725/9725
f 9723/9723 9725/9725 9726/9726
f 9727/9727 9728/9728 9729/9729
f 9727/9727 9729/9729 9730/9730
f 9731/9731 9732/9732 9733/9733
f 9731/9731 9733/9733 9734/9734
f 9735/9735 9736/9736 9737/9737
f 9735/9735 9737/9737 9738/9738
f 9739/9739 9740/9740 9741/9741
f 9739/9739 9741/9741 9742/9742
f 9743/9743 9744/9744 9745/9745
f 9743/9743 9745/9745 9746/9746
f 9747/9747 9748/9748 9749/9749
f 9747/9747 9749/9749 9750/9750
f 9751/9751 9752/9752 9753/9753
f 9751/9751 9753/9753 9754/9754
f 9755/9755 9756/9756 9757/9757
f 9755/9755 9757/9757 9758/9758
f 9759/9759 9760/9760 9761/9761
f 9759/9759 9761/9761 9762/9762
f 9763/9763 9764/9764 9765/9765
f 9763/9763 9765/9765 9766/9766
f 9767/9767 9768/9768 9769/9769
f 9767/9767 9769/9769 9770/9770
f 9771/9771 9772/9772 9773/9773
f 9771/9771 9773/9773 9774/9774
f 9775/9775 9776/9776 9777/9777
f 9775/9775 9777/9777 9778/9778
f 9779/9779 9780/9780 9781/9781
f 9779/9779 9781/9781 9782/9782
f 9783/9783 9784/9784 9785/9785
f 9783/9783 9785/9785 9786/9786
f 9787/9787 9788/9788 9789/9789
f 9787/9787 9789/9789 9790/9790
f 9791/9791 9792/9792 9793/9793
f 9791/9791 9793/9793 9794/9794
f 9795/9795 9796/9796 9797/9797
f 9795/9795 9797/9797 9798/9798
f 9799/9799 9800/9800 9801/9801
f 9799/9799 9801/9801 9802/9802
f 9803/9803 9804/9804 9805/9805
f 9803/9803 9805/9805 9806/9806
f 9807/9807 9808/9808 9809/9809
f 9807/9807 9809/9809 9810/9810
f 9811/9811 9812/9812 9813/9813
f 9811/9811 9813/9813 9814/9814
f 9815/9815 9816/9816 9817/9817
f 9815/9815 9817/9817 9818/9818
f 9819/9819 9820/9820 9821/9821
f 9819/9819 9821/9821 9822/9822
f 9823/9823 9824/9824 9825/9825
f 9823/9823 9825/9825 9826/9826
f 9827/9827 9828/9828 9829/9829
f 9827/9827 9829/9829 9830/9830
f 9831/9831 9832/9832 9833/9833
f 9831/9831 9833/9833 9834/9834
f 9835/9835 9836/9836 9837/9837
f 9835/9835 9837/9837 9838/9838
f 9839/9839 9840/9840 9841/9841
f 9839/9839 9841/9841 9842/9842
f 9843/9843 9844/9844 9845/9845
f 9843/9843 9845/9845 9846/9846
f 9847/9847 9848/9848 9849/9849
f 9847/9847 9849/9849 9850/9850
f 9851/9851 9852/9852 9853/9853
f 9851/9851 9853/9853 9854/9854
f 9855/9855 9856/9856 9857/9857
f 9855/9855 9857/9857 9858/9858
f 9859/9859 9860/9860 9861/9861
f 9859/9859 9861/9861 9862/9862
f 9863/9863 9864/9864 9865/9865
f 9863/9863 9865/9865 9866/9866
f 9867/9867 9868/9868 9869/9869
f 9867/9867 9869/9869 9870/9870
f 9871/9871 9872/9872 9873/9873
f 9871/9871 9873/9873 9874/9874
f 9875/9875 9876/9876 9877/9877
f 9875/9875 9877/9877 9878/9878
f 9879/9879 9880/9880 9881/9881
f 9879/9879 9881/9881 9882/9882
f 9883/9883 9884/9884 9885/9885
f 9883/9883 9885/9885 9886/9886
f 9887/9887 9888/9888 9889/9889
f 9887/9887 9889/9889 9890/9890
f 9891/9891 9892/9892 9893/9893
f 9891/9891 9893/9893 9894/9894
f 9895/9895 9896/9896 9897/9897
f 9895/9895 9897/9897 9898/9898
f 9899/9899 9900/9900 9901/9901
f 9899/9899 9901/9901 9902/9902
f 9903/9903 9904/9904 9905/9905
f 9903/9903 9905/9905 9906/9906
f 9907/9907 9908/9908 9909/9909
f 9910/9910 9911/9911 9912/9912
f 9913/9913 9914/9914 9915/9915
f 9916/9916 9917/9917 9918/9918
f 9919/9919 9920/9920 9921/9921
f 9922/9922 9923/9923 9924/9924
f 9925/9925 9926/9926 9927/9927
f 9928/9928 9929/9929 9930/9930
f 9931/9931 9932/9932 9933/9933
f 9934/9934 9935/9935 9936/9936
f 9937/9937 9938/9938 9939/9939
f 9940/9940 9941/9941 9942/9942
f 9943/9943 9944/9944 9945/9945
f 9946/9946 9947/9947 9948/9948
f 9949/9949 9950/9950 9951/9951
f 9952/9952 9953/9953 9954/9954
f 9955/9955 9956/9956 9957/9957
f 9958/9958 9959/9959 9960/9960
f 9961/9961 9962/9962 9963/9963
f 9964/9964 9965/9965 9966/9966
f 9967/9967 9968/9968 9969/9969
f 9970/9970 9971/9971 9972/9972
f 9973/9973 9974/9974 9975/9975
f 9976/9976 9977/9977 9978/9978
f 9979/9979 9980/9980 9981/9981
f 9982/9982 9983/9983 9984/9984
f 9985/9985 9986/9986 9987/9987
f 9988/9988 9989/9989 9990/9990
f 9991/9991 9992/9992 9993/9993
f 9994/9994 9995/9995 9996/9996
f 9997/9997 9998/9998 9999/9999
f 10000/10000 10001/10001 10002/10002
f 10003/10003 10004/10004 10005/10005
f 10006/10006 10007/10007 10008/10008
f 10009/10009 10010/10010 10011/10011
f 10012/10012 10013/10013 10014/10014
f 10015/10015 10016/10016 10017/10017
f 10018/10018 10019/10019 10020/10020
f 10021/10021 10022/10022 10023/10023
f 10024/10024 10025/10025 10026/10026
f 10027/10027 10028/10028 10029/10029
f 10030/10030 10031/10031 10032/10032
f 10033/10033 10034/10034 10035/10035
f 10036/10036 10037/10037 10038/10038
f 10039/10039 10040/10040 10041/10041
f 10042/10042 10043/10043 10044/10044
f 10045/10045 10046/10046 10047/10047
f 10048/10048 10049/10049 10050/10050
f 10051/10051 10052/10052 10053/10053
f 10054/10054 10055/10055 10056/10056
f 10201/10201 10202/10202 10203/10203
f 10201/10201 10203/10203 10204/10204
f 10205/10205 10206/10206 10207/10207
f 10205/10205 10207/10207 10208/10208
f 10209/10209 10210/10210 10211/10211
f 10209/10209 10211/10211 10212/10212
f 10213/10213 10214/10214 10215/10215
f 10213/10213 10215/10215 10216/10216
f 10217/10217 10218/10218 10219/10219
f 10217/10217 10219/10219 10220/10220
f 10221/10221 10222/10222 10223/10223
f 10221/10221 10223/10223 10224/10224
f 10225/10225 10226/10226 10227/10227
f 10225/10225 10227/10227 10228/10228
f 10229/10229 10230/10230 10231/10231
f 10229/10229 10231/10231 10232/10232
f 10233/10233 10234/10234 10235/10235
f 10233/10233 10235/10235 10236/10236
f 10237/10237 10238/10238 10239/10239
f 10237/10237 10239/10239 10240/10240
f 10241/10241 10242/10242 10243/10243
f 10241/10241 10243/10243 10244/10244
f 10245/10245 10246/10246 10247/10247
f 10245/10245 10247/10247 10248/10248
f 10249/10249 10250/10250 10251/10251
f 10249/10249 10251/10251 10252/10252
f 10253/10253 10254/10254 10255/10255
f 10253/10253 10255/10255 10256/10256
f 10257/10257 10258/10258 10259/10259
f 10257/10257 10259/10259 10260/10260
f 10261/10261 10262/10262 10263/10263
f 10261/10261 10263/10263 10264/10264
f 10265/10265 10266/10266 10267/10267
f 10265/10265 10267/10267 10268/10268
f 10269/10269 10270/10270 10271/10271
f 10269/10269 10271/10271 10272/10272
f 10273/10273 10274/10274 10275/10275
f 10273/10273 10275/10275 10276/10276
f 10277/10277 10278/10278 10279/10279
f 10277/10277 10279/10279 10280/10280
f 10281/10281 10282/10282 10283/10283
f 10281/10281 10283/10283 10284/10284
f 10285/10285 10286/10286 10287/10287
f 10285/10285 10287/10287 10288/10288
f 10289/10289 10290/10290 10291/10291
f 10289/10289 10291/10291 10292/10292
f 10293/10293 10294/10294 10295/10295
f 10293/10293 10295/10295 10296/10296
f 10297/10297 10298/10298 10299/10299
f 10297/10297 10299/10299 10300/10300
f 10301/10301 10302/10302 10303/10303
f 10301/10301 10303/10303 10304/10304
f 10305/10305 10306/10306 10307/10307
f 10305/10305 10307/10307 10308/10308
f 10309/10309 10310/10310 10311/10311
f 10309/10309 10311/10311 10312/10312
f 10313/10313 10314/10314 10315/10315
f 10313/10313 10315/10315 10316/10316
f 10317/10317 10318/10318 10319/10319
f 10317/10317 10319/10319 10320/10320
f 10321/10321 10322/10322 10323/10323
f 10321/10321 10323/10323 10324/10324
f 10325/10325 10326/10326 10327/10327
f 10325/10325 10327/10327 10328/10328
f 10329/10329 10330/10330 10331/10331
f 10329/10329 10331/10331 10332/10332
f 10333/10333 10334/10334 10335/10335
f 10333/10333 10335/10335 10336/10336
f 10337/10337 10338/10338 10339/10339
f 10337/10337 10339/10339 10340/10340
f 10341/10341 10342/10342 10343/10343
f 10341/10341 10343/10343 10344/10344
f 10345/10345 10346/10346 10347/10347
f 10345/10345 10347/10347 10348/10348
f 10349/10349 10350/10350 10351/10351
f 10349/10349 10351/10351 10352/10352
f 10353/10353 10354/10354 10355/10355
f 10353/10353 10355/10355 10356/10356
f 10357/10357 10358/10358 10359/10359
f 10357/10357 10359/10359 10360/10360
f 10361/10361 10362/10362 10363/10363
f 10361/10361 10363/10363 10364/10364
f 10365/10365 10366/10366 10367/10367
f 10365/10365 10367/10367 10368/10368
f 10369/10369 10370/10370 10371/10371
f 10369/10369 10371/10371 10372/10372
f 10373/10373 10374/10374 10375/10375
f 10373/10373 10375/10375 10376/10376
f 10377/10377 10378/10378 10379/10379
f 10377/10377 10379/10379 10380/10380
f 10381/10381 10382/10382 10383/10383
f 10381/10381 10383/10383 10384/10384
f 10385/10385 10386/10386 10387/10387
f 10385/10385 10387/10387 10388/10388
f 10389/10389 10390/10390 10391/10391
f 10389/10389 10391/10391 10392/10392
f 10393/10393 10394/10394 10395/10395
f 10393/10393 10395/10395 10396/10396
f 10397/10397 10398/10398 10399/10399
f 10397/10397 10399/10399 10400/10400
f 10401/10401 10402/10402 10403/10403
f 10401/10401 10403/10403 10404/10404
f 10405/10405 10406/10406 10407/10407
f 10405/10405 10407/10407 10408/10408
f 10409/10409 10410/10410 10411/10411
f 10409/10409 10411/10411 10412/10412
f 10413/10413 10414/10414 10415/10415
f 10413/10413 10415/10415 10416/10416
f 10417/10417 10418/10418 10419/10419
f 10417/10417 10419/10419 10420/10420
f 10421/10421 10422/10422 10423/10423
f 10421/10421 10423/10423 10424/10424
f 10425/10425 10426/10426 10427/10427
f 10425/10425 10427/10427 10428/10428
f 10429/10429 10430/10430 10431/10431
f 10429/10429 10431/10431 10432/10432
f 10433/10433 10434/10434 10435/10435
f 10433/10433 10435/10435 10436/10436
f 10437/10437 10438/10438 10439/10439
f 10437/10437 10439/10439 10440/10440
f 10441/10441 10442/10442 10443/10443
f 10441/10441 10443/10443 10444/10444
f 10445/10445 10446/10446 10447/10447
f 10445/10445 10447/10447 10448/10448
f 10449/10449 10450/10450 10451/10451
f 10449/10449 10451/10451 10452/10452
f 10453/10453 10454/10454 10455/10455
f 10453/10453 10455/10455 10456/10456
f 10457/10457 10458/10458 10459/10459
f 10457/10457 10459/10459 10460/10460
f 10461/10461 10462/10462 10463/10463
f 10461/10461 10463/10463 10464/10464
f 10465/10465 10466/10466 10467/10467
f 10465/10465 10467/10467 10468/10468
f 10469/10469 10470/10470 10471/10471
f 10469/10469 10471/10471 10472/10472
f 10473/10473 10474/10474 10475/10475
f 10473/10473 10475/10475 10476/10476
f 10477/10477 10478/10478 10479/10479
f 10477/10477 10479/10479 10480/10480
f 10481/10481 10482/10482 10483/10483
f 10481/10481 10483/10483 10484/10484
f 10485/10485 10486/10486 10487/10487
f 10485/10485 10487/10487 10488/10488
f 10489/10489 10490/10490 10491/10491
f 10489/10489 10491/10491 10492/10492
f 10493/10493 10494/10494 10495/10495
f 10493/10493 10495/10495 10496/10496
f 10497/10497 10498/10498 10499/10499
f 10497/10497 10499/10499 10500/10500
f 10501/10501 10502/10502 10503/10503
f 10501/10501 10503/10503 10504/10504
f 10505/10505 10506/10506 10507/10507
f 10505/10505 10507/10507 10508/10508
f 10509/10509 10510/10510 10511/10511
f 10509/10509 10511/10511 10512/10512
f 10513/10513 10514/10514 10515/10515
f 10513/10513 10515/10515 10516/10516
f 10517/10517 10518/10518 10519/10519
f 10517/10517 10519/10519 10520/10520
f 10521/10521 10522/10522 10523/10523
f 10521/10521 10523/10523 10524/10524
f 10525/10525 10526/10526 10527/10527
f 10525/10525 10527/10527 10528/10528
f 10529/10529 10530/10530 10531/10531
f 10529/10529 10531/10531 10532/10532
f 10533/10533 10534/10534 10535/10535
f 10533/10533 10535/10535 10536/10536
f 10537/10537 10538/10538 10539/10539
f 10537/10537 10539/10539 10540/10540
f 10541/10541 10542/10542 10543/10543
f 10541/10541 10543/10543 10544/10544
f 10545/10545 10546/10546 10547/10547
f 10545/10545 10547/10547 10548/10548
f 10549/10549 10550/10550 10551/10551
f 10549/10549 10551/10551 10552/10552
f 10553/10553 10554/10554 10555/10555
f 10553/10553 10555/10555 10556/10556
f 10557/10557 10558/10558 10559/10559
f 10557/10557 10559/10559 10560/10560
f 10561/10561 10562/10562 10563/10563
f 10561/10561 10563/10563 10564/10564
f 10565/10565 10566/10566 10567/10567
f 10565/10565 10567/10567 10568/10568
f 10569/10569 10570/10570 10571/10571
f 10569/10569 10571/10571 10572/10572
f 10573/10573 10574/10574 10575/10575
f 10573/10573 10575/10575 10576/10576
f 10577/10577 10578/10578 10579/10579
f 10577/10577 10579/10579 10580/10580
f 10581/10581 10582/10582 10583/10583
f 10581/10581 10583/10583 10584/10584
f 10585/10585 10586/10586 10587/10587
f 10585/10585 10587/10587 10588/10588
f 10589/10589 10590/10590 10591/10591
f 10589/10589 10591/10591 10592/10592
f 10593/10593 10594/10594 10595/10595
f 10593/10593 10595/10595 10596/10596
f 10597/10597 10598/10598 10599/10599
f 10597/10597 10599/10599 10600/10600
f 10601/10601 10602/10602 10603/10603
f 10601/10601 10603/10603 10604/10604
f 10605/10605 10606/10606 10607/10607
f 10605/10605 10607/10607 10608/10608
f 10609/10609 10610/10610 10611/10611
f 10609/10609 10611/10611 10612/10612
f 10613/10613 10614/10614 10615/10615
f 10613/10613 10615/10615 10616/10616
f 10617/10617 10618/10618 10619/10619
f 10617/10617 10619/10619 10620/10620
f 10621/10621 10622/10622 10623/10623
f 10621/10621 10623/10623 10624/10624
f 10625/10625 10626/10626 10627/10627
f 10625/10625 10627/10627 10628/10628
f 10629/10629 10630/10630 10631/10631
f 10629/10629 10631/10631 10632/10632
f 10633/10633 10634/10634 10635/10635
f 10633/10633 10635/10635 10636/10636
f 10637/10637 10638/10638 10639/10639
f 10637/10637 10639/10639 10640/10640
f 10641/10641 10642/10642 10643/10643
f 10641/10641 10643/10643 10644/10644
f 10645/10645 10646/10646 10647/10647
f 10645/10645 10647/10647 10648/10648
f 10649/10649 10650/10650 10651/10651
f 10649/10649 10651/10651 10652/10652
f 10653/10653 10654/10654 10655/10655
f 10653/10653 10655/10655 10656/10656
f 10657/10657 10658/10658 10659/10659
f 10657/10657 10659/10659 10660/10660
f 10661/10661 10662/10662 10663/10663
f 10661/10661 10663/10663 10664/10664
f 10665/10665 10666/10666 10667/10667
f 10665/10665 10667/10667 10668/10668
f 10669/10669 10670/10670 10671/10671
f 10669/10669 10671/10671 10672/10672
f 10673/10673 10674/10674 10675/10675
f 10673/10673 10675/10675 10676/10676
f 10677/10677 10678/10678 10679/10679
f 10677/10677 10679/10679 10680/10680
f 10681/10681 10682/10682 10683/10683
f 10681/10681 10683/10683 10684/10684
f 10685/10685 10686/10686 10687/10687
f 10685/10685 10687/10687 10688/10688
f 10689/10689 10690/10690 10691/10691
f 10689/10689 10691/10691 10692/10692
f 10693/10693 10694/10694 10695/10695
f 10693/10693 10695/10695 10696/10696
f 10697/10697 10698/10698 10699/10699
f 10697/10697 10699/10699 10700/10700
f 10701/10701 10702/10702 10703/10703
f 10701/10701 10703/10703 10704/10704
f 10705/10705 10706/10706 10707/10707
f 10705/10705 10707/10707 10708/10708
f 10709/10709 10710/10710 10711/10711
f 10709/10709 10711/10711 10712/10712
f 10713/10713 10714/10714 10715/10715
f 10713/10713 10715/10715 10716/10716
f 10717/10717 10718/10718 10719/10719
f 10717/10717 10719/10719 10720/10720
f 10721/10721 10722/10722 10723/10723
f 10721/10721 10723/10723 10724/10724
f 10725/10725 10726/10726 10727/10727
f 10725/10725 10727/10727 10728/10728
f 10729/10729 10730/10730 10731/10731
f 10729/10729 10731/10731 10732/10732
f 10733/10733 10734/10734 10735/10735
f 10733/10733 10735/10735 10736/10736
f 10737/10737 10738/10738 10739/10739
f 10737/10737 10739/10739 10740/10740
f 10741/10741 10742/10742 10743/10743
f 10741/10741 10743/10743 10744/10744
f 10745/10745 10746/10746 10747/10747
f 10745/10745 10747/10747 10748/10748
f 10749/10749 10750/10750 10751/10751
f 10749/10749 10751/10751 10752/10752
f 10753/10753 10754/10754 10755/10755
f 10753/10753 10755/10755 10756/10756
f 10757/10757 10758/10758 10759/10759
f 10757/10757 10759/10759 10760/10760
f 10761/10761 10762/10762 10763/10763
f 10761/10761 10763/10763 10764/10764
f 10765/10765 10766/10766 10767/10767
f 10765/10765 10767/10767 10768/10768
f 10769/10769 10770/10770 10771/10771
f 10769/10769 10771/10771 10772/10772
f 10773/10773 10774/10774 10775/10775
f 10773/10773 10775/10775 10776/10776
f 10777/10777 10778/10778 10779/10779
f 10777/10777 10779/10779 10780/10780
f 10781/10781 10782/10782 10783/10783
f 10784/10784 10785/10785 10786/10786
f 10787/10787 10788/10788 10789/10789
f 10790/10790 10791/10791 10792/10792
f 10793/10793 10794/10794 10795/10795
f 10796/10796 10797/10797 10798/10798
f 10799/10799 10800/10800 10801/10801
f 10802/10802 10803/10803 10804/10804
f 10805/10805 10806/10806 10807/10807
f 10808/10808 10809/10809 10810/10810
f 10811/10811 10812/10812 10813/10813
f 10814/10814 10815/10815 10816/10816
f 10817/10817 10818/10818 10819/10819
f 10820/10820 10821/10821 10822/10822
f 10823/10823 10824/10824 10825/10825
f 10826/10826 10827/10827 10828/10828
f 10829/10829 10830/10830 10831/10831
f 10832/10832 10833/10833 10834/10834
f 10835/10835 10836/10836 10837/10837
f 10838/10838 10839/10839 10840/10840
f 10841/10841 10842/10842 10843/10843
f 10844/10844 10845/10845 10846/10846
f 10847/10847 10848/10848 10849/10849
f 10850/10850 10851/10851 10852/10852
f 10853/10853 10854/10854 10855/10855
f 10856/10856 10857/10857 10858/10858
f 10859/10859 10860/10860 10861/10861
f 10862/10862 10863/10863 10864/10864
f 10865/10865 10866/10866 10867/10867
f 10868/10868 10869/10869 10870/10870
f 10871/10871 10872/10872 10873/10873
f 10874/10874 10875/10875 10876/10876
f 10877/10877 10878/10878 10879/10879
f 10880/10880 10881/10881 10882/10882
f 10883/10883 10884/10884 10885/10885
f 10886/10886 10887/10887 10888/10888
f 10889/10889 10890/10890 10891/10891
f 10892/10892 10893/10893 10894/10894
f 10895/10895 10896/10896 10897/10897
f 10898/10898 10899/10899 10900/10900
f 10901/10901 10902/10902 10903/10903
f 10904/10904 10905/10905 10906/10906
f 10907/10907 10908/10908 10909/10909
f 10910/10910 10911/10911 10912/10912
f 10913/10913 10914/10914 10915/10915
f 10916/10916 10917/10917 10918/10918
f 10919/10919 10920/10920 10921/10921
f 10922/10922 10923/10923 10924/10924
f 10925/10925 10926/10926 10927/10927
f 10928/10928 10929/10929 10930/10930
f 10931/10931 10932/10932 10933/10933
f 10934/10934 10935/10935 10936/10936
f 10937/10937 10938/10938 10939/10939
f 10940/10940 10941/10941 10942/10942
f 10943/10943 10944/10944 10945/10945
f 10946/10946 10947/10947 10948/10948
f 10949/10949 10950/10950 10951/10951
f 10952/10952 10953/10953 10954/10954
f 11099/11099 11100/11100 11101/11101
f 11099/11099 11101/11101 11102/11102
f 11103/11103 11104/11104 11105/11105
f 11103/11103 11105/11105 11106/11106
f 11107/11107 11108/11108 11109/11109
f 11107/11107 11109/11109 11110/11110
f 11111/11111 11112/11112 11113/11113
f 11111/11111 11113/11113 11114/11114
f 11115/11115 11116/11116 11117/11117
f 11115/11115 11117/11117 11118/11118
f 11119/11119 11120/11120 11121/11121
f 11119/11119 11121/11121 11122/11122
f 11123/11123 11124/11124 11125/11125
f 11123/11123 11125/11125 11126/11126
f 11127/11127 11128/11128 11129/11129
f 11127/11127 11129/11129 11130/11130
f 11131/11131 11132/11132 11133/11133
f 11131/11131 11133/11133 11134/11134
f 11135/11135 11136/11136 11137/11137
f 11135/11135 11137/11137 11138/11138
f 11139/11139 11140/11140 11141/11141
f 11139/11139 11141/11141 11142/11142
f 11143/11143 11144/11144 11145/11145
f 11143/11143 11145/11145 11146/11146
f 11147/11147 11148/11148 11149/11149
f 11147/11147 11149/11149 11150/11150
f 11151/11151 11152/11152 11153/11153
f 11151/11151 11153/11153 11154/11154
f 11155/11155 11156/11156 11157/11157
f 11155/11155 11157/11157 11158/11158
f 11159/11159 11160/11160 11161/11161
f 11159/11159 11161/11161 11162/11162
f 11163/11163 11164/11164 11165/11165
f 11163/11163 11165/11165 11166/11166
f 11167/11167 11168/11168 11169/11169
f 11167/11167 11169/11169 11170/11170
f 11171/11171 11172/11172 11173/11173
f 11171/11171 11173/11173 11174/11174
f 11175/11175 11176/11176 11177/11177
f 11175/11175 11177/11177 11178/11178
f 11179/11179 11180/11180 11181/11181
f 11179/11179 11181/11181 11182/11182
f 11183/11183 11184/11184 11185/11185
f 11183/11183 11185/11185 11186/11186
f 11187/11187 11188/11188 11189/11189
f 11187/11187 11189/11189 11190/11190
f 11191/11191 11192/11192 11193/11193
f 11191/11191 11193/11193 11194/11194
f 11195/11195 11196/11196 11197/11197
f 11195/11195 11197/11197 11198/11198
f 11199/11199 11200/11200 11201/11201
f 11199/11199 11201/11201 11202/11202
f 11203/11203 11204/11204 11205/11205
f 11203/11203 11205/11205 11206/11206
f 11207/11207 11208/11208 11209/11209
f 11207/11207 11209/11209 11210/11210
f 11211/11211 11212/11212 11213/11213
f 11211/11211 11213/11213 11214/11214
f 11215/11215 11216/11216 11217/11217
f 11215/11215 11217/11217 11218/11218
f 11219/11219 11220/11220 11221/11221
f 11219/11219 11221/11221 11222/11222
f 11223/11223 11224/11224 11225/11225
f 11223/11223 11225/11225 11226/11226
f 11227/11227 11228/11228 11229/11229
f 11227/11227 11229/11229 11230/11230
f 11231/11231 11232/11232 11233/11233
f 11231/11231 11233/11233 11234/11234
f 11235/11235 11236/11236 11237/11237
f 11235/11235 11237/11237 11238/11238
f 11239/11239 11240/11240 11241/11241
f 11239/11239 11241/11241 11242/11242
f 11243/11243 11244/11244 11245/11245
f 11243/11243 11245/11245 11246/11246
f 11247/11247 11248/11248 11249/11249
f 11247/11247 11249/11249 11250/11250
f 11251/11251 11252/11252 11253/11253
f 11251/11251 11253/11253 11254/11254
f 11255/11255 11256/11256 11257/11257
f 11255/11255 11257/11257 11258/11258
f 11259/11259 11260/11260 11261/11261
f 11259/11259 11261/11261 11262/11262
f 11263/11263 11264/11264 11265/11265
f 11263/11263 11265/11265 11266/11266
f 11267/11267 11268/11268 11269/11269
f 11267/11267 11269/11269 11270/11270
f 11271/11271 11272/11272 11273/11273
f 11271/11271 11273/11273 11274/11274
f 11275/11275 11276/11276 11277/11277
f 11275/11275 11277/11277 11278/11278
f 11279/11279 11280/11280 11281/11281
f 11279/11279 11281/11281 11282/11282
f 11283/11283 11284/11284 11285/11285
f 11283/11283 11285/11285 11286/11286
f 11287/11287 11288/11288 11289/11289
f 11287/11287 11289/11289 11290/11290
f 11291/11291 11292/11292 11293/11293
f 11291/11291 11293/11293 11294/11294
f 11295/11295 11296/11296 11297/11297
f 11295/11295 11297/11297 11298/11298
f 11299/11299 11300/11300 11301/11301
f 11299/11299 11301/11301 11302/11302
f 11303/11303 11304/11304 11305/11305
f 11303/11303 11305/11305 11306/11306
f 11307/11307 11308/11308 11309/11309
f 11307/11307 11309/11309 11310/11310
f 11311/11311 11312/11312 11313/11313
f 11311/11311 11313/11313 11314/11314
f 11315/11315 11316/11316 11317/11317
f 11315/11315 11317/11317 11318/11318
f 11319/11319 11320/11320 11321/11321
f 11319/11319 11321/11321 11322/11322
f 11323/11323 11324/11324 11325/11325
f 11323/11323 11325/11325 11326/11326
f 11327/11327 11328/11328 11329/11329
f 11327/11327 11329/11329 11330/11330
f 11331/11331 11332/11332 11333/11333
f 11331/11331 11333/11333 11334/11334
f 11335/11335 11336/11336 11337/11337
f 11335/11335 11337/11337 11338/11338
f 11339/11339 11340/11340 11341/11341
f 11339/11339 11341/11341 11342/11342
f 11343/11343 11344/11344 11345/11345
f 11343/11343 11345/11345 11346/11346
f 11347/11347 11348/11348 11349/11349
f 11347/11347 11349/11349 11350/11350
f 11351/11351 11352/11352 11353/11353
f 11351/11351 11353/11353 11354/11354
f 11355/11355 11356/11356 11357/11357
f 11355/11355 11357/11357 11358/11358
f 11359/11359 11360/11360 11361/11361
f 11359/11359 11361/11361 11362/11362
f 11363/11363 11364/11364 11365/11365
f 11363/11363 11365/11365 11366/11366
f 11367/11367 11368/11368 11369/11369
f 11367/11367 11369/11369 11370/11370
f 11371/11371 11372/11372 11373/11373
f 11371/11371 11373/11373 11374/11374
f 11375/11375 11376/11376 11377/11377
f 11375/11375 11377/11377 11378/11378
f 11379/11379 11380/11380 11381/11381
f 11379/11379 11381/11381 11382/11382
f 11383/11383 11384/11384 11385/11385
f 11383/11383 11385/11385 11386/11386
f 11387/11387 11388/11388 11389/11389
f 11387/11387 11389/11389 11390/11390
f 11391/11391 11392/11392 11393/11393
f 11391/11391 11393/11393 11394/11394
f 11395/11395 11396/11396 11397/11397
f 11395/11395 11397/11397 11398/11398
f 11399/11399 11400/11400 11401/11401
f 11399/11399 11401/11401 11402/11402
f 11403/11403 11404/11404 11405/11405
f 11403/11403 11405/11405 11406/11406
f 11407/11407 11408/11408 11409/11409
f 11407/11407 11409/11409 11410/11410
f 11411/11411 11412/11412 11413/11413
f 11411/11411 11413/11413 11414/11414
f 11415/11415 11416/11416 11417/11417
f 11415/11415 11417/11417 11418/11418
f 11419/11419 11420/11420 11421/11421
f 11419/11419 11421/11421 11422/11422
f 11423/11423 11424/11424 11425/11425
f 11423/11423 11425/11425 11426/11426
f 11427/11427 11428/11428 11429/11429
f 11427/11427 11429/11429 11430/11430
f 11431/11431 11432/11432 11433/11433
f 11431/11431 11433/11433 11434/11434
f 11435/11435 11436/11436 11437/11437
f 11435/11435 11437/11437 11438/11438
f 11439/11439 11440/11440 11441/11441
f 11439/11439 11441/11441 11442/11442
f 11443/11443 11444/11444 11445/11445
f 11443/11443 11445/11445 11446/11446
f 11447/11447 11448/11448 11449/11449
f 11447/11447 11449/11449 11450/11450
f 11451/11451 11452/11452 11453/11453
f 11451/11451 11453/11453 11454/11454
f 11455/11455 11456/11456 11457/11457
f 11455/11455 11457/11457 11458/11458
f 11459/11459 11460/11460 11461/11461
f 11459/11459 11461/11461 11462/11462
f 11463/11463 11464/11464 11465/11465
f 11463/11463 11465/11465 11466/11466
f 11467/11467 11468/11468 11469/11469
f 11467/11467 11469/11469 11470/11470
f 11471/11471 11472/11472 11473/11473
f 11471/11471 11473/11473 11474/11474
f 11475/11475 11476/11476 11477/11477
f 11475/11475 11477/11477 11478/11478
f 11479/11479 11480/11480 11481/11481
f 11479/11479 11481/11481 11482/11482
f 11483/11483 11484/11484 11485/11485
f 11483/11483 11485/11485 11486/11486
f 11487/11487 11488/11488 11489/11489
f 11487/11487 11489/11489 11490/11490
f 11491/11491 11492/11492 11493/11493
f 11491/11491 11493/11493 11494/11494
f 11495/11495 11496/11496 11497/11497
f 11495/11495 11497/11497 11498/11498
f 11499/11499 11500/11500 11501/11501
f 11499/11499 11501/11501 11502/11502
f 11503/11503 11504/11504 11505/11505
f 11503/11503 11505/11505 11506/11506
f 11507/11507 11508/11508 11509/11509
f 11507/11507 11509/11509 11510/11510
f 11511/11511 11512/11512 11513/11513
f 11511/11511 11513/11513 11514/11514
f 11515/11515 11516/11516 11517/11517
f 11515/11515 11517/11517 11518/11518
f 11519/11519 11520/11520 11521/11521
f 11519/11519 11521/11521 11522/11522
f 11523/11523 11524/11524 11525/11525
f 11523/11523 11525/11525 11526/11526
f 11527/11527 11528/11528 11529/11529
f 11527/11527 11529/11529 11530/11530
f 11531/11531 11532/11532 11533/11533
f 11531/11531 11533/11533 11534/11534
f 11535/11535 11536/11536 11537/11537
f 11535/11535 11537/11537 11538/11538
f 11539/11539 11540/11540 11541/11541
f 11539/11539 11541/11541 11542/11542
f 11543/11543 11544/11544 11545/11545
f 11543/11543 11545/11545 11546/11546
f 11547/11547 11548/11548 11549/11549
f 11547/11547 11549/11549 11550/11550
f 11551/11551 11552/11552 11553/11553
f 11551/11551 11553/11553 11554/11554
f 11555/11555 11556/11556 11557/11557
f 11555/11555 11557/11557 11558/11558
f 11559/11559 11560/11560 11561/11561
f 11559/11559 11561/11561 11562/11562
f 11563/11563 11564/11564 11565/11565
f 11563/11563 11565/11565 11566/11566
f 11567/11567 11568/11568 11569/11569
f 11567/11567 11569/11569 11570/11570
f 11571/11571 11572/11572 11573/11573
f 11571/11571 11573/11573 11574/11574
f 11575/11575 11576/11576 11577/11577
f 11575/11575 11577/11577 11578/11578
f 11579/11579 11580/11580 11581/11581
f 11579/11579 11581/11581 11582/11582
f 11583/11583 11584/11584 11585/11585
f 11583/11583 11585/11585 11586/11586
f 11587/11587 11588/11588 11589/11589
f 11587/11587 11589/11589 11590/11590
f 11591/11591 11592/11592 11593/11593
f 11591/11591 11593/11593 11594/11594
f 11595/11595 11596/11596 11597/11597
f 11595/11595 11597/11597 11598/11598
f 11599/11599 11600/11600 11601/11601
f 11599/11599 11601/11601 11602/11602
f 11603/11603 11604/11604 11605/11605
f 11603/11603 11605/11605 11606/11606
f 11607/11607 11608/11608 11609/11609
f 11607/11607 11609/11609 11610/11610
f 11611/11611 11612/11612 11613/11613
f 11611/11611 11613/11613 11614/11614
f 11615/11615 11616/11616 11617/11617
f 11615/11615 11617/11617 11618/11618
f 11619/11619 11620/11620 11621/11621
f 11619/11619 11621/11621 11622/11622
f 11623/11623 11624/11624 11625/11625
f 11623/11623 11625/11625 11626/11626
f 11627/11627 11628/11628 11629/11629
f 11627/11627 11629/11629 11630/11630
f 11631/11631 11632/11632 11633/11633
f 11631/11631 11633/11633 11634/11634
f 11635/11635 11636/11636 11637/11637
f 11635/11635 11637/11637 11638/11638
f 11639/11639 11640/11640 11641/11641
f 11639/11639 11641/11641 11642/11642
f 11643/11643 11644/11644 11645/11645
f 11643/11643 11645/11645 11646/11646
f 11647/11647 11648/11648 11649/11649
f 11647/11647 11649/11649 11650/11650
f 11651/11651 11652/11652 11653/11653
f 11651/11651 11653/11653 11654/11654
f 11655/11655 11656/11656 11657/11657
f 11655/11655 11657/11657 11658/11658
f 11659/11659 11660/11660 11661/11661
f 11659/11659 11661/11661 11662/11662
f 11663/11663 11664/11664 11665/11665
f 11663/11663 11665/11665 11666/11666
f 11667/11667 11668/11668 11669/11669
f 11667/11667 11669/11669 11670/11670
f 11671/11671 11672/11672 11673/11673
f 11671/11671 11673/11673 11674/11674
f 11675/11675 11676/11676 11677/11677
f 11675/11675 11677/11677 11678/11678
f 11679/11679 11680/11680 11681/11681
f 11679/11679 11681/11681 11682/11682
f 11683/11683 11684/11684 11685/11685
f 11683/11683 11685/11685 11686/11686
f 11687/11687 11688/11688 11689/11689
f 11687/11687 11689/11689 11690/11690
f 11691/11691 11692/11692 11693/11693
f 11691/11691 11693/11693 11694/11694
f 11695/11695 11696/11696 11697/11697
f 11695/11695 11697/11697 11698/11698
f 11699/11699 11700/11700 11701/11701
f 11699/11699 11701/11701 11702/11702
f 11703/11703 11704/11704 11705/11705
f 11703/11703 11705/11705 11706/11706
f 11707/11707 11708/11708 11709/11709
f 11707/11707 11709/11709 11710/11710
f 11711/11711 11712/11712 11713/11713
f 11711/11711 11713/11713 11714/11714
f 11715/11715 11716/11716 11717/11717
f 11715/11715 11717/11717 11718/11718
f 11719/11719 11720/11720 11721/11721
f 11719/11719 11721/11721 11722/11722
f 11723/11723 11724/11724 11725/11725
f 11723/11723 11725/11725 11726/11726
f 11727/11727 11728/11728 11729/11729
f 11727/11727 11729/11729 11730/11730
f 11731/11731 11732/11732 11733/11733
f 11731/11731 11733/11733 11734/11734
f 11735/11735 11736/11736 11737/11737
f 11735/11735 11737/11737 11738/11738
f 11739/11739 11740/11740 11741/11741
f 11739/11739 11741/11741 11742/11742
f 11743/11743 11744/11744 11745/11745
f 11743/11743 11745/11745 11746/11746
f 11747/11747 11748/11748 11749/11749
f 11747/11747 11749/11749 11750/11750
f 11751/11751 11752/11752 11753/11753
f 11751/11751 11753/11753 11754/11754
f 11755/11755 11756/11756 11757/11757
f 11755/11755 11757/11757 11758/11758
f 11759/11759 11760/11760 11761/11761
f 11759/11759 11761/11761 11762/11762
f 11763/11763 11764/11764 11765/11765
f 11763/11763 11765/11765 11766/11766
f 11767/11767 11768/11768 11769/11769
f 11767/11767 11769/11769 11770/11770
f 11771/11771 11772/11772 11773/11773
f 11771/11771 11773/11773 11774/11774
f 11775/11775 11776/11776 11777/11777
f 11775/11775 11777/11777 11778/11778
f 11779/11779 11780/11780 11781/11781
f 11782/11782 11783/11783 11784/11784
f 11785/11785 11786/11786 11787/11787
f 11788/11788 11789/11789 11790/11790
f 11791/11791 11792/11792 11793/11793
f 11794/11794 11795/11795 11796/11796
f 11797/11797 11798/11798 11799/11799
f 11800/11800 11801/11801 11802/11802
f 11803/11803 11804/11804 11805/11805
f 11806/11806 11807/11807 11808/11808
f 11809/11809 11810/11810 11811/11811
f 11812/11812 11813/11813 11814/11814
f 11815/11815 11816/11816 11817/11817
f 11818/11818 11819/11819 11820/11820
f 11821/11821 11822/11822 11823/11823
f 11824/11824 11825/11825 11826/11826
f 11827/11827 11828/11828 11829/11829
f 11830/11830 11831/11831 11832/11832
f 11833/11833 11834/11834 11835/11835
f 11836/11836 11837/11837 11838/11838
f 11839/11839 11840/11840 11841/11841
f 11842/11842 11843/11843 11844/11844
f 11845/11845 11846/11846 11847/11847
f 11848/11848 11849/11849 11850/11850
f 11851/11851 11852/11852 11853/11853
f 11854/11854 11855/11855 11856/11856
f 11857/11857 11858/11858 11859/11859
f 11860/11860 11861/11861 11862/11862
f 11863/11863 11864/11864 11865/11865
f 11866/11866 11867/11867 11868/11868
f 11869/11869 11870/11870 11871/11871
f 11872/11872 11873/11873 11874/11874
f 11875/11875 11876/11876 11877/11877
f 11878/11878 11879/11879 11880/11880
f 11881/11881 11882/11882 11883/11883
f 11884/11884 11885/11885 11886/11886
f 11887/11887 11888/11888 11889/11889
f 11890/11890 11891/11891 11892/11892
f 11893/11893 11894/11894 11895/11895
f 11896/11896 11897/11897 11898/11898
f 11899/11899 11900/11900 11901/11901
f 11902/11902 11903/11903 11904/11904
f 11905/11905 11906/11906 11907/11907
f 11908/11908 11909/11909 11910/11910
f 11911/11911 11912/11912 11913/11913
f 11914/11914 11915/11915 11916/11916
f 11917/11917 11918/11918 11919/11919
f 11920/11920 11921/11921 11922/11922
f 11923/11923 11924/11924 11925/11925
f 11926/11926 11927/11927 11928/11928
f 11929/11929 11930/11930 11931/11931
f 11932/11932 11933/11933 11934/11934
f 11935/11935 11936/11936 11937/11937
f 11938/11938 11939/11939 11940/11940
f 11941/11941 11942/11942 11943/11943
f 11944/11944 11945/11945 11946/11946
f 11947/11947 11948/11948 11949/11949
f 11950/11950 11951/11951 11952/11952
f 11953/11953 11954/11954 11955/11955
f 11956/11956 11957/11957 11958/11958
f 11959/11959 11960/11960 11961/11961
f 11962/11962 11963/11963 11964/11964
f 11965/11965 11966/11966 11967/11967
f 11968/11968 11969/11969 11970/11970
f 11971/11971 11972/11972 11973/11973
f 11974/11974 11975/11975 11976/11976
f 11977/11977 11978/11978 11979/11979
f 11980/11980 11981/11981 11982/11982
f 12055/12055 12056/12056 12057/12057
f 12055/12055 12057/12057 12058/12058
f 12059/12059 12060/12060 12061/12061
f 12059/12059 12061/12061 12062/12062
f 12063/12063 12064/12064 12065/12065
f 12063/12063 12065/12065 12066/12066
f 12067/12067 12068/12068 12069/12069
f 12067/12067 12069/12069 12070/12070
f 12071/12071 12072/12072 12073/12073
f 12071/12071 12073/12073 12074/12074
f 12075/12075 12076/12076 12077/12077
f 12075/12075 12077/12077 12078/12078
f 12079/12079 12080/12080 12081/12081
f 12079/12079 12081/12081 12082/12082
f 12083/12083 12084/12084 12085/12085
f 12083/12083 12085/12085 12086/12086
f 12087/12087 12088/12088 12089/12089
f 12087/12087 12089/12089 12090/12090
f 12091/12091 12092/12092 12093/12093
f 12091/12091 12093/12093 12094/12094
f 12095/12095 12096/12096 12097/12097
f 12095/12095 12097/12097 12098/12098
f 12099/12099 12100/12100 12101/12101
f 12099/12099 12101/12101 12102/12102
f 12103/12103 12104/12104 12105/12105
f 12103/12103 12105/12105 12106/12106
f 12107/12107 12108/12108 12109/12109
f 12107/12107 12109/12109 12110/12110
f 12111/12111 12112/12112 12113/12113
f 12111/12111 12113/12113 12114/12114
f 12115/12115 12116/12116 12117/12117
f 12115/12115 12117/12117 12118/12118
f 12119/12119 12120/12120 12121/12121
f 12119/12119 12121/12121 12122/12122
f 12123/12123 12124/12124 12125/12125
f 12123/12123 12125/12125 12126/12126
f 12127/12127 12128/12128 12129/12129
f 12127/12127 12129/12129 12130/12130
f 12131/12131 12132/12132 12133/12133
f 12131/12131 12133/12133 12134/12134
f 12135/12135 12136/12136 12137/12137
f 12135/12135 12137/12137 12138/12138
f 12139/12139 12140/12140 12141/12141
f 12139/12139 12141/12141 12142/12142
f 12143/12143 12144/12144 12145/12145
f 12143/12143 12145/12145 12146/12146
f 12147/12147 12148/12148 12149/12149
f 12147/12147 12149/12149 12150/12150
f 12151/12151 12152/12152 12153/12153
f 12151/12151 12153/12153 12154/12154
f 12155/12155 12156/12156 12157/12157
f 12155/12155 12157/12157 12158/12158
f 12159/12159 12160/12160 12161/12161
f 12159/12159 12161/12161 12162/12162
f 12163/12163 12164/12164 12165/12165
f 12163/12163 12165/12165 12166/12166
f 12167/12167 12168/12168 12169/12169
f 12167/12167 12169/12169 12170/12170
f 12171/12171 12172/12172 12173/12173
f 12171/12171 12173/12173 12174/12174
f 12175/12175 12176/12176 12177/12177
f 12175/12175 12177/12177 12178/12178
f 12179/12179 12180/12180 12181/12181
f 12179/12179 12181/12181 12182/12182
f 12183/12183 12184/12184 12185/12185
f 12183/12183 12185/12185 12186/12186
f 12187/12187 12188/12188 12189/12189
f 12187/12187 12189/12189 12190/12190
f 12191/12191 12192/12192 12193/12193
f 12191/12191 12193/12193 12194/12194
f 12195/12195 12196/12196 12197/12197
f 12195/12195 12197/12197 12198/12198
f 12199/12199 12200/12200 12201/12201
f 12199/12199 12201/12201 12202/12202
f 12203/12203 12204/12204 12205/12205
f 12203/12203 12205/12205 12206/12206
f 12207/12207 12208/12208 12209/12209
f 12207/12207 12209/12209 12210/12210
f 12211/12211 12212/12212 12213/12213
f 12211/12211 12213/12213 12214/12214
f 12215/12215 12216/12216 12217/12217
f 12215/12215 12217/12217 12218/12218
f 12219/12219 12220/12220 12221/12221
f 12219/12219 12221/12221 12222/12222
f 12223/12223 12224/12224 12225/12225
f 12223/12223 12225/12225 12226/12226
f 12227/12227 12228/12228 12229/12229
f 12227/12227 12229/12229 12230/12230
f 12231/12231 12232/12232 12233/12233
f 12231/12231 12233/12233 12234/12234
f 12235/12235 12236/12236 12237/12237
f 12235/12235 12237/12237 12238/12238
f 12239/12239 12240/12240 12241/12241
f 12239/12239 12241/12241 12242/12242
f 12243/12243 12244/12244 12245/12245
f 12243/12243 12245/12245 12246/12246
f 12247/12247 12248/12248 12249/12249
f 12247/12247 12249/12249 12250/12250
f 12251/12251 12252/12252 12253/12253
f 12251/12251 12253/12253 12254/12254
f 12255/12255 12256/12256 12257/12257
f 12255/12255 12257/12257 12258/12258
f 12259/12259 12260/12260 12261/12261
f 12259/12259 12261/12261 12262/12262
f 12263/12263 12264/12264 12265/12265
f 12263/12263 12265/12265 12266/12266
f 12267/12267 12268/12268 12269/12269
f 12267/12267 12269/12269 12270/12270
f 12271/12271 12272/12272 12273/12273
f 12271/12271 12273/12273 12274/12274
f 12275/12275 12276/12276 12277/12277
f 12275/12275 12277/12277 12278/12278
f 12279/12279 12280/12280 12281/12281
f 12279/12279 12281/12281 12282/12282
f 12283/12283 12284/12284 12285/12285
f 12283/12283 12285/12285 12286/12286
f 12287/12287 12288/12288 12289/12289
f 12287/12287 12289/12289 12290/12290
f 12291/12291 12292/12292 12293/12293
f 12291/12291 12293/12293 12294/12294
f 12295/12295 12296/12296 12297/12297
f 12295/12295 12297/12297 12298/12298
f 12299/12299 12300/12300 12301/12301
f 12299/12299 12301/12301 12302/12302
f 12303/12303 12304/12304 12305/12305
f 12303/12303 12305/12305 12306/12306
f 12307/12307 12308/12308 12309/12309
f 12307/12307 12309/12309 12310/12310
f 12311/12311 12312/12312 12313/12313
f 12311/12311 12313/12313 12314/12314
f 12315/12315 12316/12316 12317/12317
f 12315/12315 12317/12317 12318/12318
f 12319/12319 12320/12320 12321/12321
f 12319/12319 12321/12321 12322/12322
f 12323/12323 12324/12324 12325/12325
f 12323/12323 12325/12325 12326/12326
f 12327/12327 12328/12328 12329/12329
f 12327/12327 12329/12329 12330/12330
f 12331/12331 12332/12332 12333/12333
f 12331/12331 12333/12333 12334/12334
f 12335/12335 12336/12336 12337/12337
f 12335/12335 12337/12337 12338/12338
f 12339/12339 12340/12340 12341/12341
f 12339/12339 12341/12341 12342/12342
f 12343/12343 12344/12344 12345/12345
f 12343/12343 12345/12345 12346/12346
f 12347/12347 12348/12348 12349/12349
f 12347/12347 12349/12349 12350/12350
f 12351/12351 12352/12352 12353/12353
f 12351/12351 12353/12353 12354/12354
f 12355/12355 12356/12356 12357/12357
f 12355/12355 12357/12357 12358/12358
f 12359/12359 12360/12360 12361/12361
f 12359/12359 12361/12361 12362/12362
f 12363/12363 12364/12364 12365/12365
f 12363/12363 12365/12365 12366/12366
f 12367/12367 12368/12368 12369/12369
f 12367/12367 12369/12369 12370/12370
f 12371/12371 12372/12372 12373/12373
f 12371/12371 12373/12373 12374/12374
f 12375/12375 12376/12376 12377/12377
f 12375/12375 12377/12377 12378/12378
f 12379/12379 12380/12380 12381/12381
f 12379/12379 12381/12381 12382/12382
f 12383/12383 12384/12384 12385/12385
f 12383/12383 12385/12385 12386/12386
f 12387/12387 12388/12388 12389/12389
f 12387/12387 12389/12389 12390/12390
f 12391/12391 12392/12392 12393/12393
f 12391/12391 12393/12393 12394/12394
f 12395/12395 12396/12396 12397/12397
f 12395/12395 12397/12397 12398/12398
f 12399/12399 12400/12400 12401/12401
f 12399/12399 12401/12401 12402/12402
f 12403/12403 12404/12404 12405/12405
f 12403/12403 12405/12405 12406/12406
f 12407/12407 12408/12408 12409/12409
f 12407/12407 12409/12409 12410/12410
f 12411/12411 12412/12412 12413/12413
f 12411/12411 12413/12413 12414/12414
f 12415/12415 12416/12416 12417/12417
f 12415/12415 12417/12417 12418/12418
f 12419/12419 12420/12420 12421/12421
f 12419/12419 12421/12421 12422/12422
f 12423/12423 12424/12424 12425/12425
f 12423/12423 12425/12425 12426/12426
f 12427/12427 12428/12428 12429/12429
f 12427/12427 12429/12429 12430/12430
f 12431/12431 12432/12432 12433/12433
f 12431/12431 12433/12433 12434/12434
f 12435/12435 12436/12436 12437/12437
f 12435/12435 12437/12437 12438/12438
f 12439/12439 12440/12440 12441/12441
f 12439/12439 12441/12441 12442/12442
f 12443/12443 12444/12444 12445/12445
f 12443/12443 12445/12445 12446/12446
f 12447/12447 12448/12448 12449/12449
f 12447/12447 12449/12449 12450/12450
f 12451/12451 12452/12452 12453/12453
f 12451/12451 12453/12453 12454/12454
f 12455/12455 12456/12456 12457/12457
f 12455/12455 12457/12457 12458/12458
f 12459/12459 12460/12460 12461/12461
f 12459/12459 12461/12461 12462/12462
f 12463/12463 12464/12464 12465/12465
f 12463/12463 12465/12465 12466/12466
f 12467/12467 12468/12468 12469/12469
f 12467/12467 12469/12469 12470/12470
f 12471/12471 12472/12472 12473/12473
f 12471/12471 12473/12473 12474/12474
f 12475/12475 12476/12476 12477/12477
f 12475/12475 12477/12477 12478/12478
f 12479/12479 12480/12480 12481/12481
f 12479/12479 12481/12481 12482/12482
f 12483/12483 12484/12484 12485/12485
f 12483/12483 12485/12485 12486/12486
f 12487/12487 12488/12488 12489/12489
f 12487/12487 12489/12489 12490/12490
f 12491/12491 12492/12492 12493/12493
f 12491/12491 12493/12493 12494/12494
f 12495/12495 12496/12496 12497/12497
f 12495/12495 12497/12497 12498/12498
f 12499/12499 12500/12500 12501/12501
f 12499/12499 12501/12501 12502/12502
f 12503/12503 12504/12504 12505/12505
f 12503/12503 12505/12505 12506/12506
f 12507/12507 12508/12508 12509/12509
f 12507/12507 12509/12509 12510/12510
f 12511/12511 12512/12512 12513/12513
f 12511/12511 12513/12513 12514/12514
f 12515/12515 12516/12516 12517/12517
f 12515/12515 12517/12517 12518/12518
f 12519/12519 12520/12520 12521/12521
f 12519/12519 12521/12521 12522/12522
f 12523/12523 12524/12524 12525/12525
f 12523/12523 12525/12525 12526/12526
f 12527/12527 12528/12528 12529/12529
f 12527/12527 12529/12529 12530/12530
f 12531/12531 12532/12532 12533/12533
f 12531/12531 12533/12533 12534/12534
f 12535/12535 12536/12536 12537/12537
f 12535/12535 12537/12537 12538/12538
f 12539/12539 12540/12540 12541/12541
f 12539/12539 12541/12541 12542/12542
f 12543/12543 12544/12544 12545/12545
f 12543/12543 12545/12545 12546/12546
f 12547/12547 12548/12548 12549/12549
f 12547/12547 12549/12549 12550/12550
f 12551/12551 12552/12552 12553/12553
f 12551/12551 12553/12553 12554/12554
f 12555/12555 12556/12556 12557/12557
f 12555/12555 12557/12557 12558/12558
f 12559/12559 12560/12560 12561/12561
f 12559/12559 12561/12561 12562/12562
f 12563/12563 12564/12564 12565/12565
f 12563/12563 12565/12565 12566/12566
f 12567/12567 12568/12568 12569/12569
f 12567/12567 12569/12569 12570/12570
f 12571/12571 12572/12572 12573/12573
f 12571/12571 12573/12573 12574/12574
f 12575/12575 12576/12576 12577/12577
f 12575/12575 12577/12577 12578/12578
f 12579/12579 12580/12580 12581/12581
f 12579/12579 12581/12581 12582/12582
f 12583/12583 12584/12584 12585/12585
f 12583/12583 12585/12585 12586/12586
f 12587/12587 12588/12588 12589/12589
f 12587/12587 12589/12589 12590/12590
f 12591/12591 12592/12592 12593/12593
f 12591/12591 12593/12593 12594/12594
f 12595/12595 12596/12596 12597/12597
f 12595/12595 12597/12597 12598/12598
f 12599/12599 12600/12600 12601/12601
f 12599/12599 12601/12601 12602/12602
f 12603/12603 12604/12604 12605/12605
f 12603/12603 12605/12605 12606/12606
f 12607/12607 12608/12608 12609/12609
f 12607/12607 12609/12609 12610/12610
f 12611/12611 12612/12612 12613/12613
f 12611/12611 12613/12613 12614/12614
f 12615/12615 12616/12616 12617/12617
f 12615/12615 12617/12617 12618/12618
f 12619/12619 12620/12620 12621/12621
f 12619/12619 12621/12621 12622/12622
f 12623/12623 12624/12624 12625/12625
f 12623/12623 12625/12625 12626/12626
f 12627/12627 12628/12628 12629/12629
f 12627/12627 12629/12629 12630/12630
f 12631/12631 12632/12632 12633/12633
f 12631/12631 12633/12633 12634/12634
f 12635/12635 12636/12636 12637/12637
f 12635/12635 12637/12637 12638/12638
f 12639/12639 12640/12640 12641/12641
f 12639/12639 12641/12641 12642/12642
f 12643/12643 12644/12644 12645/12645
f 12643/12643 12645/12645 12646/12646
f 12647/12647 12648/12648 12649/12649
f 12647/12647 12649/12649 12650/12650
f 12651/12651 12652/12652 12653/12653
f 12651/12651 12653/12653 12654/12654
f 12655/12655 12656/12656 12657/12657
f 12655/12655 12657/12657 12658/12658
f 12659/12659 12660/12660 12661/12661
f 12659/12659 12661/12661 12662/12662
f 12663/12663 12664/12664 12665/12665
f 12663/12663 12665/12665 12666/12666
f 12667/12667 12668/12668 12669/12669
f 12667/12667 12669/12669 12670/12670
f 12671/12671 12672/12672 12673/12673
f 12671/12671 12673/12673 12674/12674
f 12675/12675 12676/12676 12677/12677
f 12675/12675 12677/12677 12678/12678
f 12679/12679 12680/12680 12681/12681
f 12679/12679 12681/12681 12682/12682
f 12683/12683 12684/12684 12685/12685
f 12683/12683 12685/12685 12686/12686
f 12687/12687 12688/12688 12689/12689
f 12687/12687 12689/12689 12690/12690
f 12691/12691 12692/12692 12693/12693
f 12691/12691 12693/12693 12694/12694
f 12695/12695 12696/12696 12697/12697
f 12695/12695 12697/12697 12698/12698
f 12699/12699 12700/12700 12701/12701
f 12699/12699 12701/12701 12702/12702
f 12703/12703 12704/12704 12705/12705
f 12703/12703 12705/12705 12706/12706
f 12707/12707 12708/12708 12709/12709
f 12707/12707 12709/12709 12710/12710
f 12711/12711 12712/12712 12713/12713
f 12711/12711 12713/12713 12714/12714
f 12715/12715 12716/12716 12717/12717
f 12718/12718 12719/12719 12720/12720
f 12721/12721 12722/12722 12723/12723
f 12724/12724 12725/12725 12726/12726
f 12727/12727 12728/12728 12729/12729
f 12730/12730 12731/12731 12732/12732
f 12733/12733 12734/12734 12735/12735
f 12736/12736 12737/12737 12738/12738
f 12739/12739 12740/12740 12741/12741
f 12742/12742 12743/12743 12744/12744
f 12745/12745 12746/12746 12747/12747
f 12748/12748 12749/12749 12750/12750
f 12751/12751 12752/12752 12753/12753
f 12754/12754 12755/12755 12756/12756
f 12757/12757 12758/12758 12759/12759
f 12760/12760 12761/12761 12762/12762
f 12763/12763 12764/12764 12765/12765
f 12766/12766 12767/12767 12768/12768
f 12769/12769 12770/12770 12771/12771
f 12772/12772 12773/12773 12774/12774
f 12775/12775 12776/12776 12777/12777
f 12778/12778 12779/12779 12780/12780
f 12781/12781 12782/12782 12783/12783
f 12784/12784 12785/12785 12786/12786
f 12787/12787 12788/12788 12789/12789
f 12790/12790 12791/12791 12792/12792
f 12793/12793 12794/12794 12795/12795
f 12796/12796 12797/12797 12798/12798
f 12799/12799 12800/12800 12801/12801
f 12802/12802 12803/12803 12804/12804
f 12805/12805 12806/12806 12807/12807
f 12808/12808 12809/12809 12810/12810
f 12811/12811 12812/12812 12813/12813
f 12814/12814 12815/12815 12816/12816
f 12817/12817 12818/12818 12819/12819
f 12820/12820 12821/12821 12822/12822
f 12823/12823 12824/12824 12825/12825
f 12826/12826 12827/12827 12828/12828
f 12829/12829 12830/12830 12831/12831
f 12832/12832 12833/12833 12834/12834
f 12835/12835 12836/12836 12837/12837
f 12838/12838 12839/12839 12840/12840
f 12841/12841 12842/12842 12843/12843
f 12844/12844 12845/12845 12846/12846
f 12847/12847 12848/12848 12849/12849
f 12850/12850 12851/12851 12852/12852
f 12853/12853 12854/12854 12855/12855
f 12856/12856 12857/12857 12858/12858
f 12859/12859 12860/12860 12861/12861
f 12862/12862 12863/12863 12864/12864
f 12865/12865 12866/12866 12867/12867
f 12868/12868 12869/12869 12870/12870
f 12871/12871 12872/12872 12873/12873
f 12874/12874 12875/12875 12876/12876
f 12877/12877 12878/12878 12879/12879
f 12880/12880 12881/12881 12882/12882
f 12883/12883 12884/12884 12885/12885
f 12886/12886 12887/12887 12888/12888
f 12889/12889 12890/12890 12891/12891
f 12892/12892 12893/12893 12894/12894
f 12895/12895 12896/12896 12897/12897
f 12898/12898 12899/12899 12900/12900
f 12901/12901 12902/12902 12903/12903
f 12904/12904 12905/12905 12906/12906
f 12907/12907 12908/12908 12909/12909
f 12910/12910 12911/12911 12912/12912
f 13129/13129 13130/13130 13131/13131
f 13129/13129 13131/13131 13132/13132
f 13133/13133 13134/13134 13135/13135
f 13133/13133 13135/13135 13136/13136
f 13137/13137 13138/13138 13139/13139
f 13137/13137 13139/13139 13140/13140
f 13141/13141 13142/13142 13143/13143
f 13141/13141 13143/13143 13144/13144
f 13145/13145 13146/13146 13147/13147
f 13145/13145 13147/13147 13148/13148
f 13149/13149 13150/13150 13151/13151
f 13149/13149 13151/13151 13152/13152
f 13153/13153 13154/13154 13155/13155
f 13153/13153 13155/13155 13156/13156
f 13157/13157 13158/13158 13159/13159
f 13157/13157 13159/13159 13160/13160
f 13161/13161 13162/13162 13163/13163
f 13161/13161 13163/13163 13164/13164
f 13165/13165 13166/13166 13167/13167
f 13165/13165 13167/13167 13168/13168
f 13169/13169 13170/13170 13171/13171
f 13169/13169 13171/13171 13172/13172
f 13173/13173 13174/13174 13175/13175
f 13173/13173 13175/13175 13176/13176
f 13177/13177 13178/13178 13179/13179
f 13177/13177 13179/13179 13180/13180
f 13181/13181 13182/13182 13183/13183
f 13181/13181 13183/13183 13184/13184
f 13185/13185 13186/13186 13187/13187
f 13185/13185 13187/13187 13188/13188
f 13189/13189 13190/13190 13191/13191
f 13189/13189 13191/13191 13192/13192
f 13193/13193 13194/13194 13195/13195
f 13193/13193 13195/13195 13196/13196
f 13197/13197 13198/13198 13199/13199
f 13197/13197 13199/13199 13200/13200
f 13201/13201 13202/13202 13203/13203
f 13201/13201 13203/13203 13204/13204
f 13205/13205 13206/13206 13207/13207
f 13205/13205 13207/13207 13208/13208
f 13209/13209 13210/13210 13211/13211
f 13209/13209 13211/13211 13212/13212
f 13213/13213 13214/13214 13215/13215
f 13213/13213 13215/13215 13216/13216
f 13217/13217 13218/13218 13219/13219
f 13217/13217 13219/13219 13220/13220
f 13221/13221 13222/13222 13223/13223
f 13221/13221 13223/13223 13224/13224
f 13225/13225 13226/13226 13227/13227
f 13225/13225 13227/13227 13228/13228
f 13229/13229 13230/13230 13231/13231
f 13229/13229 13231/13231 13232/13232
f 13233/13233 13234/13234 13235/13235
f 13233/13233 13235/13235 13236/13236
f 13237/13237 13238/13238 13239/13239
f 13237/13237 13239/13239 13240/13240
f 13241/13241 13242/13242 13243/13243
f 13241/13241 13243/13243 13244/13244
f 13245/13245 13246/13246 13247/13247
f 13245/13245 13247/13247 13248/13248
f 13249/13249 13250/13250 13251/13251
f 13249/13249 13251/13251 13252/13252
f 13253/13253 13254/13254 13255/13255
f 13253/13253 13255/13255 13256/13256
f 13257/13257 13258/13258 13259/13259
f 13257/13257 13259/13259 13260/13260
f 13261/13261 13262/13262 13263/13263
f 13261/13261 13263/13263 13264/13264
f 13265/13265 13266/13266 13267/13267
f 13265/13265 13267/13267 13268/13268
f 13269/13269 13270/13270 13271/13271
f 13269/13269 13271/13271 13272/13272
f 13273/13273 13274/13274 13275/13275
f 13273/13273 13275/13275 13276/13276
f 13277/13277 13278/13278 13279/13279
f 13277/13277 13279/13279 13280/13280
f 13281/13281 13282/13282 13283/13283
f 13281/13281 13283/13283 13284/13284
f 13285/13285 13286/13286 13287/13287
f 13285/13285 13287/13287 13288/13288
f 13289/13289 13290/13290 13291/13291
f 13289/13289 13291/13291 13292/13292
f 13293/13293 13294/13294 13295/13295
f 13293/13293 13295/13295 13296/13296
f 13297/13297 13298/13298 13299/13299
f 13297/13297 13299/13299 13300/13300
f 13301/13301 13302/13302 13303/13303
f 13301/13301 13303/13303 13304/13304
f 13305/13305 13306/13306 13307/13307
f 13305/13305 13307/13307 13308/13308
f 13309/13309 13310/13310 13311/13311
f 13309/13309 13311/13311 13312/13312
f 13313/13313 13314/13314 13315/13315
f 13313/13313 13315/13315 13316/13316
f 13317/13317 13318/13318 13319/13319
f 13317/13317 13319/13319 13320/13320
f 13321/13321 13322/13322 13323/13323
f 13321/13321 13323/13323 13324/13324
f 13325/13325 13326/13326 13327/13327
f 13325/13325 13327/13327 13328/13328
f 13329/13329 13330/13330 13331/13331
f 13329/13329 13331/13331 13332/13332
f 13333/13333 13334/13334 13335/13335
f 13333/13333 13335/13335 13336/13336
f 13337/13337 13338/13338 13339/13339
f 13337/13337 13339/13339 13340/13340
f 13341/13341 13342/13342 13343/13343
f 13341/13341 13343/13343 13344/13344
f 13345/13345 13346/13346 13347/13347
f 13345/13345 13347/13347 13348/13348
f 13349/13349 13350/13350 13351/13351
f 13349/13349 13351/13351 13352/13352
f 13353/13353 13354/13354 13355/13355
f 13353/13353 13355/13355 13356/13356
f 13357/13357 13358/13358 13359/13359
f 13357/13357 13359/13359 13360/13360
f 13361/13361 13362/13362 13363/13363
f 13361/13361 13363/13363 13364/13364
f 13365/13365 13366/13366 13367/13367
f 13365/13365 13367/13367 13368/13368
f 13369/13369 13370/13370 13371/13371
f 13369/13369 13371/13371 13372/13372
f 13373/13373 13374/13374 13375/13375
f 13373/13373 13375/13375 13376/13376
f 13377/13377 13378/13378 13379/13379
f 13377/13377 13379/13379 13380/13380
f 13381/13381 13382/13382 13383/13383
f 13381/13381 13383/13383 13384/13384
f 13385/13385 13386/13386 13387/13387
f 13385/13385 13387/13387 13388/13388
f 13389/13389 13390/13390 13391/13391
f 13389/13389 13391/13391 13392/13392
f 13393/13393 13394/13394 13395/13395
f 13393/13393 13395/13395 13396/13396
f 13397/13397 13398/13398 13399/13399
f 13397/13397 13399/13399 13400/13400
f 13401/13401 13402/13402 13403/13403
f 13401/13401 13403/13403 13404/13404
f 13405/13405 13406/13406 13407/13407
f 13405/13405 13407/13407 13408/13408
f 13409/13409 13410/13410 13411/13411
f 13409/13409 13411/13411 13412/13412
f 13413/13413 13414/13414 13415/13415
f 13413/13413 13415/13415 13416/13416
f 13417/13417 13418/13418 13419/13419
f 13417/13417 13419/13419 13420/13420
f 13421/13421 13422/13422 13423/13423
f 13421/13421 13423/13423 13424/13424
f 13425/13425 13426/13426 13427/13427
f 13425/13425 13427/13427 13428/13428
f 13429/13429 13430/13430 13431/13431
f 13429/13429 13431/13431 13432/13432
f 13433/13433 13434/13434 13435/13435
f 13433/13433 13435/13435 13436/13436
f 13437/13437 13438/13438 13439/13439
f 13437/13437 13439/13439 13440/13440
f 13441/13441 13442/13442 13443/13443
f 13441/13441 13443/13443 13444/13444
f 13445/13445 13446/13446 13447/13447
f 13445/13445 13447/13447 13448/13448
f 13449/13449 13450/13450 13451/13451
f 13449/13449 13451/13451 13452/13452
f 13453/13453 13454/13454 13455/13455
f 13453/13453 13455/13455 13456/13456
f 13457/13457 13458/13458 13459/13459
f 13457/13457 13459/13459 13460/13460
f 13461/13461 13462/13462 13463/13463
f 13461/13461 13463/13463 13464/13464
f 13465/13465 13466/13466 13467/13467
f 13465/13465 13467/13467 13468/13468
f 13469/13469 13470/13470 13471/13471
f 13469/13469 13471/13471 13472/13472
f 13473/13473 13474/13474 13475/13475
f 13473/13473 13475/13475 13476/13476
f 13477/13477 13478/13478 13479/13479
f 13477/13477 13479/13479 13480/13480
f 13481/13481 13482/13482 13483/13483
f 13481/13481 13483/13483 13484/13484
f 13485/13485 13486/13486 13487/13487
f 13485/13485 13487/13487 13488/13488
f 13489/13489 13490/13490 13491/13491
f 13489/13489 13491/13491 13492/13492
f 13493/13493 13494/13494 13495/13495
f 13493/13493 13495/13495 13496/13496
f 13497/13497 13498/13498 13499/13499
f 13497/13497 13499/13499 13500/13500
f 13501/13501 13502/13502 13503/13503
f 13501/13501 13503/13503 13504/13504
f 13505/13505 13506/13506 13507/13507
f 13505/13505 13507/13507 13508/13508
f 13509/13509 13510/13510 13511/13511
f 13509/13509 13511/13511 13512/13512
f 13513/13513 13514/13514 13515/13515
f 13513/13513 13515/13515 13516/13516
f 13517/13517 13518/13518 13519/13519
f 13517/13517 13519/13519 13520/13520
f 13521/13521 13522/13522 13523/13523
f 13521/13521 13523/13523 13524/13524
f 13525/13525 13526/13526 13527/13527
f 13525/13525 13527/13527 13528/13528
f 13529/13529 13530/13530 13531/13531
f 13529/13529 13531/13531 13532/13532
f 13533/13533 13534/13534 13535/13535
f 13533/13533 13535/13535 13536/13536
f 13537/13537 13538/13538 13539/13539
f 13537/13537 13539/13539 13540/13540
f 13541/13541 13542/13542 13543/13543
f 13541/13541 13543/13543 13544/13544
f 13545/13545 13546/13546 13547/13547
f 13545/13545 13547/13547 13548/13548
f 13549/13549 13550/13550 13551/13551
f 13549/13549 13551/13551 13552/13552
f 13553/13553 13554/13554 13555/13555
f 13553/13553 13555/13555 13556/13556
f 13557/13557 13558/13558 13559/13559
f 13557/13557 13559/13559 13560/13560
f 13561/13561 13562/13562 13563/13563
f 13561/13561 13563/13563 13564/13564
f 13565/13565 13566/13566 13567/13567
f 13565/13565 13567/13567 13568/13568
f 13569/13569 13570/13570 13571/13571
f 13569/13569 13571/13571 13572/13572
f 13573/13573 13574/13574 13575/13575
f 13573/13573 13575/13575 13576/13576
f 13577/13577 13578/13578 13579/13579
f 13577/13577 13579/13579 13580/13580
f 13581/13581 13582/13582 13583/13583
f 13581/13581 13583/13583 13584/13584
f 13585/13585 13586/13586 13587/13587
f 13585/13585 13587/13587 13588/13588
f 13589/13589 13590/13590 13591/13591
f 13589/13589 13591/13591 13592/13592
f 13593/13593 13594/13594 13595/13595
f 13593/13593 13595/13595 13596/13596
f 13597/13597 13598/13598 13599/13599
f 13597/13597 13599/13599 13600/13600
f 13601/13601 13602/13602 13603/13603
f 13601/13601 13603/13603 13604/13604
f 13605/13605 13606/13606 13607/13607
f 13605/13605 13607/13607 13608/13608
f 13609/13609 13610/13610 13611/13611
f 13612/13612 13613/13613 13614/13614
f 13615/13615 13616/13616 13617/13617
f 13618/13618 13619/13619 13620/13620
f 13621/13621 13622/13622 13623/13623
f 13624/13624 13625/13625 13626/13626
f 13627/13627 13628/13628 13629/13629
f 13630/13630 13631/13631 13632/13632
f 13633/13633 13634/13634 13635/13635
f 13636/13636 13637/13637 13638/13638
f 13639/13639 13640/13640 13641/13641
f 13642/13642 13643/13643 13644/13644
f 13645/13645 13646/13646 13647/13647
f 13648/13648 13649/13649 13650/13650
f 13651/13651 13652/13652 13653/13653
f 13654/13654 13655/13655 13656/13656
f 13657/13657 13658/13658 13659/13659
f 13660/13660 13661/13661 13662/13662
f 13663/13663 13664/13664 13665/13665
f 13666/13666 13667/13667 13668/13668
f 13669/13669 13670/13670 13671/13671
f 13672/13672 13673/13673 13674/13674
f 13675/13675 13676/13676 13677/13677
f 13678/13678 13679/13679 13680/13680
f 13681/13681 13682/13682 13683/13683
f 13684/13684 13685/13685 13686/13686
f 13687/13687 13688/13688 13689/13689
f 13690/13690 13691/13691 13692/13692
f 13693/13693 13694/13694 13695/13695
f 13696/13696 13697/13697 13698/13698
f 13699/13699 13700/13700 13701/13701
f 13702/13702 13703/13703 13704/13704
f 13705/13705 13706/13706 13707/13707
f 13708/13708 13709/13709 13710/13710
f 13711/13711 13712/13712 13713/13713
f 13714/13714 13715/13715 13716/13716
f 13717/13717 13718/13718 13719/13719
f 13720/13720 13721/13721 13722/13722
f 13723/13723 13724/13724 13725/13725
f 13726/13726 13727/13727 13728/13728
f 13729/13729 13730/13730 13731/13731
f 13732/13732 13733/13733 13734/13734
f 13735/13735 13736/13736 13737/13737
f 13738/13738 13739/13739 13740/13740
f 13741/13741 13742/13742 13743/13743
f 13744/13744 13745/13745 13746/13746
f 13747/13747 13748/13748 13749/13749
f 13750/13750 13751/13751 13752/13752
f 13753/13753 13754/13754 13755/13755
f 13753/13753 13755/13755 13756/13756
f 13757/13757 13758/13758 13759/13759
f 13757/13757 13759/13759 13760/13760
f 13761/13761 13762/13762 13763/13763
f 13761/13761 13763/13763 13764/13764
f 13765/13765 13766/13766 13767/13767
f 13765/13765 13767/13767 13768/13768
f 13769/13769 13770/13770 13771/13771
f 13769/13769 13771/13771 13772/13772
f 13773/13773 13774/13774 13775/13775
f 13773/13773 13775/13775 13776/13776
f 13777/13777 13778/13778 13779/13779
f 13777/13777 13779/13779 13780/13780
f 13781/13781 13782/13782 13783/13783
f 13781/13781 13783/13783 13784/13784
f 13785/13785 13786/13786 13787/13787
f 13785/13785 13787/13787 13788/13788
f 13789/13789 13790/13790 13791/13791
f 13789/13789 13791/13791 13792/13792
f 13793/13793 13794/13794 13795/13795
f 13793/13793 13795/13795 13796/13796
f 13797/13797 13798/13798 13799/13799
f 13797/13797 13799/13799 13800/13800
f 13801/13801 13802/13802 13803/13803
f 13801/13801 13803/13803 13804/13804
f 13805/13805 13806/13806 13807/13807
f 13805/13805 13807/13807 13808/13808
f 13809/13809 13810/13810 13811/13811
f 13809/13809 13811/13811 13812/13812
f 13813/13813 13814/13814 13815/13815
f 13813/13813 13815/13815 13816/13816
f 13817/13817 13818/13818 13819/13819
f 13817/13817 13819/13819 13820/13820
f 13821/13821 13822/13822 13823/13823
f 13821/13821 13823/13823 13824/13824
f 13825/13825 13826/13826 13827/13827
f 13825/13825 13827/13827 13828/13828
f 13829/13829 13830/13830 13831/13831
f 13829/13829 13831/13831 13832/13832
f 13833/13833 13834/13834 13835/13835
f 13833/13833 13835/13835 13836/13836
f 13837/13837 13838/13838 13839/13839
f 13837/13837 13839/13839 13840/13840
f 13841/13841 13842/13842 13843/13843
f 13841/13841 13843/13843 13844/13844
f 13845/13845 13846/13846 13847/13847
f 13845/13845 13847/13847 13848/13848
f 13849/13849 13850/13850 13851/13851
f 13849/13849 13851/13851 13852/13852
f 13853/13853 13854/13854 13855/13855
f 13853/13853 13855/13855 13856/13856
f 13857/13857 13858/13858 13859/13859
f 13857/13857 13859/13859 13860/13860
f 13861/13861 13862/13862 13863/13863
f 13861/13861 13863/13863 13864/13864
f 13865/13865 13866/13866 13867/13867
f 13865/13865 13867/13867 13868/13868
f 13869/13869 13870/13870 13871/13871
f 13869/13869 13871/13871 13872/13872
f 13873/13873 13874/13874 13875/13875
f 13873/13873 13875/13875 13876/13876
f 13877/13877 13878/13878 13879/13879
f 13877/13877 13879/13879 13880/13880
f 13881/13881 13882/13882 13883/13883
f 13881/13881 13883/13883 13884/13884
f 13885/13885 13886/13886 13887/13887
f 13885/13885 13887/13887 13888/13888
f 13889/13889 13890/13890 13891/13891
f 13889/13889 13891/13891 13892/13892
f 13893/13893 13894/13894 13895/13895
f 13893/13893 13895/13895 13896/13896
f 13897/13897 13898/13898 13899/13899
f 13897/13897 13899/13899 13900/13900
f 13901/13901 13902/13902 13903/13903
f 13901/13901 13903/13903 13904/13904
f 13905/13905 13906/13906 13907/13907
f 13905/13905 13907/13907 13908/13908
f 13909/13909 13910/13910 13911/13911
f 13909/13909 13911/13911 13912/13912
f 13913/13913 13914/13914 13915/13915
f 13913/13913 13915/13915 13916/13916
f 13917/13917 13918/13918 13919/13919
f 13917/13917 13919/13919 13920/13920
f 13921/13921 13922/13922 13923/13923
f 13921/13921 13923/13923 13924/13924
f 13925/13925 13926/13926 13927/13927
f 13925/13925 13927/13927 13928/13928
f 13929/13929 13930/13930 13931/13931
f 13929/13929 13931/13931 13932/13932
f 13933/13933 13934/13934 13935/13935
f 13933/13933 13935/13935 13936/13936
f 13937/13937 13938/13938 13939/13939
f 13937/13937 13939/13939 13940/13940
f 13941/13941 13942/13942 13943/13943
f 13941/13941 13943/13943 13944/13944
f 13945/13945 13946/13946 13947/13947
f 13945/13945 13947/13947 13948/13948
f 13949/13949 13950/13950 13951/13951
f 13949/13949 13951/13951 13952/13952
f 13953/13953 13954/13954 13955/13955
f 13953/13953 13955/13955 13956/13956
f 13957/13957 13958/13958 13959/13959
f 13957/13957 13959/13959 13960/13960
f 13961/13961 13962/13962 13963/13963
f 13961/13961 13963/13963 13964/13964
f 13965/13965 13966/13966 13967/13967
f 13965/13965 13967/13967 13968/13968
f 13969/13969 13970/13970 13971/13971
f 13969/13969 13971/13971 13972/13972
f 13973/13973 13974/13974 13975/13975
f 13973/13973 13975/13975 13976/13976
f 13977/13977 13978/13978 13979/13979
f 13977/13977 13979/13979 13980/13980
f 13981/13981 13982/13982 13983/13983
f 13981/13981 13983/13983 13984/13984
f 13985/13985 13986/13986 13987/13987
f 13985/13985 13987/13987 13988/13988
f 13989/13989 13990/13990 13991/13991
f 13989/13989 13991/13991 13992/13992
f 13993/13993 13994/13994 13995/13995
f 13996/13996 13997/13997 13998/13998
f 13999/13999 14000/14000 14001/14001
f 14002/14002 14003/14003 14004/14004
f 14005/14005 14006/14006 14007/14007
f 14008/14008 14009/14009 14010/14010
f 14011/14011 14012/14012 14013/14013
f 14014/14014 14015/14015 14016/14016
f 14017/14017 14018/14018 14019/14019
f 14020/14020 14021/14021 14022/14022
f 14023/14023 14024/14024 14025/14025
f 14026/14026 14027/14027 14028/14028
f 14029/14029 14030/14030 14031/14031
f 14032/14032 14033/14033 14034/14034
f 14035/14035 14036/14036 14037/14037
f 14038/14038 14039/14039 14040/14040
f 14041/14041 14042/14042 14043/14043
f 14044/14044 14045/14045 14046/14046
f 14047/14047 14048/14048 14049/14049
f 14050/14050 14051/14051 14052/14052
f 14053/14053 14054/14054 14055/14055
f 14056/14056 14057/14057 14058/14058
f 14059/14059 14060/14060 14061/14061
f 14062/14062 14063/14063 14064/14064
f 14065/14065 14066/14066 14067/14067
f 14068/14068 14069/14069 14070/14070
f 14071/14071 14072/14072 14073/14073
f 14074/14074 14075/14075 14076/14076
f 14077/14077 14078/14078 14079/14079
f 14080/14080 14081/14081 14082/14082
f 14083/14083 14084/14084 14085/14085
f 14086/14086 14087/14087 14088/14088
f 14089/14089 14090/14090 14091/14091
f 14092/14092 14093/14093 14094/14094
f 14095/14095 14096/14096 14097/14097
f 14098/14098 14099/14099 14100/14100
f 14101/14101 14102/14102 14103/14103
f 14104/14104 14105/14105 14106/14106
f 14107/14107 14108/14108 14109/14109
f 14110/14110 14111/14111 14112/14112
f 14113/14113 14114/14114 14115/14115
f 14113/14113 14115/14115 14116/14116
f 14117/14117 14118/14118 14119/14119
f 14117/14117 14119/14119 14120/14120
f 14121/14121 14122/14122 14123/14123
f 14121/14121 14123/14123 14124/14124
f 14125/14125 14126/14126 14127/14127
f 14125/14125 14127/14127 14128/14128
f 14129/14129 14130/14130 14131/14131
f 14129/14129 14131/14131 14132/14132
f 14133/14133 14134/14134 14135/14135
f 14133/14133 14135/14135 14136/14136
f 14137/14137 14138/14138 14139/14139
f 14137/14137 14139/14139 14140/14140
f 14141/14141 14142/14142 14143/14143
f 14141/14141 14143/14143 14144/14144
f 14145/14145 14146/14146 14147/14147
f 14145/14145 14147/14147 14148/14148
f 14149/14149 14150/14150 14151/14151
f 14149/14149 14151/14151 14152/14152
f 14153/14153 14154/14154 14155/14155
f 14153/14153 14155/14155 14156/14156
f 14157/14157 14158/14158 14159/14159
f 14157/14157 14159/14159 14160/14160
f 14161/14161 14162/14162 14163/14163
f 14161/14161 14163/14163 14164/14164
f 14165/14165 14166/14166 14167/14167
f 14165/14165 14167/14167 14168/14168
f 14169/14169 14170/14170 14171/14171
f 14169/14169 14171/14171 14172/14172
f 14173/14173 14174/14174 14175/14175
f 14173/14173 14175/14175 14176/14176
f 14177/14177 14178/14178 14179/14179
f 14177/14177 14179/14179 14180/14180
f 14181/14181 14182/14182 14183/14183
f 14181/14181 14183/14183 14184/14184
f 14185/14185 14186/14186 14187/14187
f 14185/14185 14187/14187 14188/14188
f 14189/14189 14190/14190 14191/14191
f 14189/14189 14191/14191 14192/14192
f 14193/14193 14194/14194 14195/14195
f 14193/14193 14195/14195 14196/14196
f 14197/14197 14198/14198 14199/14199
f 14197/14197 14199/14199 14200/14200
f 14201/14201 14202/14202 14203/14203
f 14201/14201 14203/14203 14204/14204
f 14205/14205 14206/14206 14207/14207
f 14205/14205 14207/14207 14208/14208
f 14209/14209 14210/14210 14211/14211
f 14209/14209 14211/14211 14212/14212
f 14213/14213 14214/14214 14215/14215
f 14213/14213 14215/14215 14216/14216
f 14217/14217 14218/14218 14219/14219
f 14217/14217 14219/14219 14220/14220
f 14221/14221 14222/14222 14223/14223
f 14221/14221 14223/14223 14224/14224
f 14225/14225 14226/14226 14227/14227
f 14225/14225 14227/14227 14228/14228
f 14229/14229 14230/14230 14231/14231
f 14229/14229 14231/14231 14232/14232
f 14233/14233 14234/14234 14235/14235
f 14233/14233 14235/14235 14236/14236
f 14237/14237 14238/14238 14239/14239
f 14237/14237 14239/14239 14240/14240
f 14241/14241 14242/14242 14243/14243
f 14241/14241 14243/14243 14244/14244
f 14245/14245 14246/14246 14247/14247
f 14245/14245 14247/14247 14248/14248
f 14249/14249 14250/14250 14251/14251
f 14249/14249 14251/14251 14252/14252
f 14253/14253 14254/14254 14255/14255
f 14253/14253 14255/14255 14256/14256
f 14257/14257 14258/14258 14259/14259
f 14257/14257 14259/14259 14260/14260
f 14261/14261 14262/14262 14263/14263
f 14261/14261 14263/14263 14264/14264
f 14265/14265 14266/14266 14267/14267
f 14265/14265 14267/14267 14268/14268
f 14269/14269 14270/14270 14271/14271
f 14269/14269 14271/14271 14272/14272
f 14273/14273 14274/14274 14275/14275
f 14273/14273 14275/14275 14276/14276
f 14277/14277 14278/14278 14279/14279
f 14277/14277 14279/14279 14280/14280
f 14281/14281 14282/14282 14283/14283
f 14281/14281 14283/14283 14284/14284
f 14285/14285 14286/14286 14287/14287
f 14285/14285 14287/14287 14288/14288
f 14289/14289 14290/14290 14291/14291
f 14289/14289 14291/14291 14292/14292
f 14293/14293 14294/14294 14295/14295
f 14293/14293 14295/14295 14296/14296
f 14297/14297 14298/14298 14299/14299
f 14297/14297 14299/14299 14300/14300
f 14301/14301 14302/14302 14303/14303
f 14301/14301 14303/14303 14304/14304
f 14305/14305 14306/14306 14307/14307
f 14305/14305 14307/14307 14308/14308
f 14309/14309 14310/14310 14311/14311
f 14309/14309 14311/14311 14312/14312
f 14313/14313 14314/14314 14315/14315
f 14313/14313 14315/14315 14316/14316
f 14317/14317 14318/14318 14319/14319
f 14317/14317 14319/14319 14320/14320
f 14321/14321 14322/14322 14323/14323
f 14321/14321 14323/14323 14324/14324
f 14325/14325 14326/14326 14327/14327
f 14325/14325 14327/14327 14328/14328
f 14329/14329 14330/14330 14331/14331
f 14329/14329 14331/14331 14332/14332
f 14333/14333 14334/14334 14335/14335
f 14333/14333 14335/14335 14336/14336
f 14337/14337 14338/14338 14339/14339
f 14337/14337 14339/14339 14340/14340
f 14341/14341 14342/14342 14343/14343
f 14341/14341 14343/14343 14344/14344
f 14345/14345 14346/14346 14347/14347
f 14345/14345 14347/14347 14348/14348
f 14349/14349 14350/14350 14351/14351
f 14349/14349 14351/14351 14352/14352
f 14353/14353 14354/14354 14355/14355
f 14353/14353 14355/14355 14356/14356
f 14357/14357 14358/14358 14359/14359
f 14357/14357 14359/14359 14360/14360
f 14361/14361 14362/14362 14363/14363
f 14361/14361 14363/14363 14364/14364
f 14365/14365 14366/14366 14367/14367
f 14365/14365 14367/14367 14368/14368
f 14369/14369 14370/14370 14371/14371
f 14369/14369 14371/14371 14372/14372
f 14373/14373 14374/14374 14375/14375
f 14373/14373 14375/14375 14376/14376
f 14377/14377 14378/14378 14379/14379
f 14377/14377 14379/14379 14380/14380
f 14381/14381 14382/14382 14383/14383
f 14381/14381 14383/14383 14384/14384
f 14385/14385 14386/14386 14387/14387
f 14385/14385 14387/14387 14388/14388
f 14389/14389 14390/14390 14391/14391
f 14389/14389 14391/14391 14392/14392
f 14393/14393 14394/14394 14395/14395
f 14393/14393 14395/14395 14396/14396
f 14397/14397 14398/14398 14399/14399
f 14397/14397 14399/14399 14400/14400
f 14401/14401 14402/14402 14403/14403
f 14401/14401 14403/14403 14404/14404
f 14405/14405 14406/14406 14407/14407
f 14405/14405 14407/14407 14408/14408
f 14409/14409 14410/14410 14411/14411
f 14409/14409 14411/14411 14412/14412
f 14413/14413 14414/14414 14415/14415
f 14413/14413 14415/14415 14416/14416
f 14417/14417 14418/14418 14419/14419
f 14417/14417 14419/14419 14420/14420
f 14421/14421 14422/14422 14423/14423
f 14421/14421 14423/14423 14424/14424
f 14425/14425 14426/14426 14427/14427
f 14425/14425 14427/14427 14428/14428
f 14429/14429 14430/14430 14431/14431
f 14429/14429 14431/14431 14432/14432
f 14433/14433 14434/14434 14435/14435
f 14433/14433 14435/14435 14436/14436
f 14437/14437 14438/14438 14439/14439
f 14437/14437 14439/14439 14440/14440
f 14441/14441 14442/14442 14443/14443
f 14441/14441 14443/14443 14444/14444
f 14445/14445 14446/14446 14447/14447
f 14445/14445 14447/14447 14448/14448
f 14449/14449 14450/14450 14451/14451
f 14449/14449 14451/14451 14452/14452
f 14453/14453 14454/14454 14455/14455
f 14453/14453 14455/14455 14456/14456
f 14457/14457 14458/14458 14459/14459
f 14457/14457 14459/14459 14460/14460
f 14461/14461 14462/14462 14463/14463
f 14461/14461 14463/14463 14464/14464
f 14465/14465 14466/14466 14467/14467
f 14465/14465 14467/14467 14468/14468
f 14469/14469 14470/14470 14471/14471
f 14469/14469 14471/14471 14472/14472
f 14473/14473 14474/14474 14475/14475
f 14473/14473 14475/14475 14476/14476
f 14477/14477 14478/14478 14479/14479
f 14477/14477 14479/14479 14480/14480
f 14481/14481 14482/14482 14483/14483
f 14481/14481 14483/14483 14484/14484
f 14485/14485 14486/14486 14487/14487
f 14485/14485 14487/14487 14488/14488
f 14489/14489 14490/14490 14491/14491
f 14489/14489 14491/14491 14492/14492
f 14493/14493 14494/14494 14495/14495
f 14493/14493 14495/14495 14496/14496
f 14497/14497 14498/14498 14499/14499
f 14497/14497 14499/14499 14500/14500
f 14501/14501 14502/14502 14503/14503
f 14501/14501 14503/14503 14504/14504
f 14505/14505 14506/14506 14507/14507
f 14505/14505 14507/14507 14508/14508
f 14509/14509 14510/14510 14511/14511
f 14509/14509 14511/14511 14512/14512
f 14513/14513 14514/14514 14515/14515
f 14513/14513 14515/14515 14516/14516
f 14517/14517 14518/14518 14519/14519
f 14517/14517 14519/14519 14520/14520
f 14521/14521 14522/14522 14523/14523
f 14521/14521 14523/14523 14524/14524
f 14525/14525 14526/14526 14527/14527
f 14525/14525 14527/14527 14528/14528
f 14529/14529 14530/14530 14531/14531
f 14529/14529 14531/14531 14532/14532
f 14533/14533 14534/14534 14535/14535
f 14533/14533 14535/14535 14536/14536
f 14537/14537 14538/14538 14539/14539
f 14537/14537 14539/14539 14540/14540
f 14541/14541 14542/14542 14543/14543
f 14541/14541 14543/14543 14544/14544
f 14545/14545 14546/14546 14547/14547
f 14545/14545 14547/14547 14548/14548
f 14549/14549 14550/14550 14551/14551
f 14549/14549 14551/14551 14552/14552
f 14553/14553 14554/14554 14555/14555
f 14553/14553 14555/14555 14556/14556
f 14557/14557 14558/14558 14559/14559
f 14557/14557 14559/14559 14560/14560
f 14561/14561 14562/14562 14563/14563
f 14561/14561 14563/14563 14564/14564
f 14565/14565 14566/14566 14567/14567
f 14565/14565 14567/14567 14568/14568
f 14569/14569 14570/14570 14571/14571
f 14569/14569 14571/14571 14572/14572
f 14573/14573 14574/14574 14575/14575
f 14573/14573 14575/14575 14576/14576
f 14577/14577 14578/14578 14579/14579
f 14577/14577 14579/14579 14580/14580
f 14581/14581 14582/14582 14583/14583
f 14581/14581 14583/14583 14584/14584
f 14585/14585 14586/14586 14587/14587
f 14585/14585 14587/14587 14588/14588
f 14589/14589 14590/14590 14591/14591
f 14589/14589 14591/14591 14592/14592
f 14593/14593 14594/14594 14595/14595
f 14593/14593 14595/14595 14596/14596
f 14597/14597 14598/14598 14599/14599
f 14597/14597 14599/14599 14600/14600
f 14601/14601 14602/14602 14603/14603
f 14601/14601 14603/14603 14604/14604
f 14605/14605 14606/14606 14607/14607
f 14605/14605 14607/14607 14608/14608
f 14609/14609 14610/14610 14611/14611
f 14609/14609 14611/14611 14612/14612
f 14613/14613 14614/14614 14615/14615
f 14613/14613 14615/14615 14616/14616
f 14617/14617 14618/14618 14619/14619
f 14617/14617 14619/14619 14620/14620
f 14621/14621 14622/14622 14623/14623
f 14621/14621 14623/14623 14624/14624
f 14625/14625 14626/14626 14627/14627
f 14625/14625 14627/14627 14628/14628
f 14629/14629 14630/14630 14631/14631
f 14629/14629 14631/14631 14632/14632
f 14633/14633 14634/14634 14635/14635
f 14633/14633 14635/14635 14636/14636
f 14637/14637 14638/14638 14639/14639
f 14637/14637 14639/14639 14640/14640
f 14641/14641 14642/14642 14643/14643
f 14641/14641 14643/14643 14644/14644
f 14645/14645 14646/14646 14647/14647
f 14645/14645 14647/14647 14648/14648
f 14649/14649 14650/14650 14651/14651
f 14649/14649 14651/14651 14652/14652
f 14653/14653 14654/14654 14655/14655
f 14653/14653 14655/14655 14656/14656
f 14657/14657 14658/14658 14659/14659
f 14657/14657 14659/14659 14660/14660
f 14661/14661 14662/14662 14663/14663
f 14661/14661 14663/14663 14664/14664
f 14665/14665 14666/14666 14667/14667
f 14665/14665 14667/14667 14668/14668
f 14669/14669 14670/14670 14671/14671
f 14669/14669 14671/14671 14672/14672
f 14673/14673 14674/14674 14675/14675
f 14673/14673 14675/14675 14676/14676
f 14677/14677 14678/14678 14679/14679
f 14677/14677 14679/14679 14680/14680
f 14681/14681 14682/14682 14683/14683
f 14681/14681 14683/14683 14684/14684
f 14685/14685 14686/14686 14687/14687
f 14685/14685 14687/14687 14688/14688
f 14689/14689 14690/14690 14691/14691
f 14689/14689 14691/14691 14692/14692
f 14693/14693 14694/14694 14695/14695
f 14696/14696 14697/14697 14698/14698
f 14699/14699 14700/14700 14701/14701
f 14702/14702 14703/14703 14704/14704
f 14705/14705 14706/14706 14707/14707
f 14708/14708 14709/14709 14710/14710
f 14711/14711 14712/14712 14713/14713
f 14714/14714 14715/14715 14716/14716
f 14717/14717 14718/14718 14719/14719
f 14720/14720 14721/14721 14722/14722
f 14723/14723 14724/14724 14725/14725
f 14726/14726 14727/14727 14728/14728
f 14729/14729 14730/14730 14731/14731
f 14732/14732 14733/14733 14734/14734
f 14735/14735 14736/14736 14737/14737
f 14738/14738 14739/14739 14740/14740
f 14741/14741 14742/14742 14743/14743
f 14744/14744 14745/14745 14746/14746
f 14747/14747 14748/14748 14749/14749
f 14750/14750 14751/14751 14752/14752
f 14753/14753 14754/14754 14755/14755
f 14756/14756 14757/14757 14758/14758
f 14759/14759 14760/14760 14761/14761
f 14762/14762 14763/14763 14764/14764
f 14765/14765 14766/14766 14767/14767
f 14768/14768 14769/14769 14770/14770
f 14771/14771 14772/14772 14773/14773
f 14774/14774 14775/14775 14776/14776
f 14777/14777 14778/14778 14779/14779
f 14780/14780 14781/14781 14782/14782
f 14783/14783 14784/14784 14785/14785
f 14786/14786 14787/14787 14788/14788
f 14789/14789 14790/14790 14791/14791
f 14792/14792 14793/14793 14794/14794
f 14795/14795 14796/14796 14797/14797
f 14798/14798 14799/14799 14800/14800
f 14801/14801 14802/14802 14803/14803
f 14804/14804 14805/14805 14806/14806
f 14807/14807 14808/14808 14809/14809
f 14810/14810 14811/14811 14812/14812
f 14813/14813 14814/14814 14815/14815
f 14816/14816 14817/14817 14818/14818
f 14819/14819 14820/14820 14821/14821
f 14822/14822 14823/14823 14824/14824
f 14825/14825 14826/14826 14827/14827
f 14828/14828 14829/14829 14830/14830
f 14831/14831 14832/14832 14833/14833
f 14834/14834 14835/14835 14836/14836
f 14837/14837 14838/14838 14839/14839
f 14840/14840 14841/14841 14842/14842
f 14843/14843 14844/14844 14845/14845
f 14846/14846 14847/14847 14848/14848
f 14849/14849 14850/14850 14851/14851
f 14852/14852 14853/14853 14854/14854
f 14855/14855 14856/14856 14857/14857
f 14858/14858 14859/14859 14860/14860
f 14861/14861 14862/14862 14863/14863
f 14864/14864 14865/14865 14866/14866
f 15011/15011 15012/15012 15013/15013
f 15011/15011 15013/15013 15014/15014
f 15015/15015 15016/15016 15017/15017
f 15015/15015 15017/15017 15018/15018
f 15019/15019 15020/15020 15021/15021
f 15019/15019 15021/15021 15022/15022
f 15023/15023 15024/15024 15025/15025
f 15023/15023 15025/15025 15026/15026
f 15027/15027 15028/15028 15029/15029
f 15027/15027 15029/15029 15030/15030
f 15031/15031 15032/15032 15033/15033
f 15031/15031 15033/15033 15034/15034
f 15035/15035 15036/15036 15037/15037
f 15035/15035 15037/15037 15038/15038
f 15039/15039 15040/15040 15041/15041
f 15039/15039 15041/15041 15042/15042
f 15043/15043 15044/15044 15045/15045
f 15043/15043 15045/15045 15046/15046
f 15047/15047 15048/15048 15049/15049
f 15047/15047 15049/15049 15050/15050
f 15051/15051 15052/15052 15053/15053
f 15051/15051 15053/15053 15054/15054
f 15055/15055 15056/15056 15057/15057
f 15055/15055 15057/15057 15058/15058
f 15059/15059 15060/15060 15061/15061
f 15059/15059 15061/15061 15062/15062
f 15063/15063 15064/15064 15065/15065
f 15063/15063 15065/15065 15066/15066
f 15067/15067 15068/15068 15069/15069
f 15067/15067 15069/15069 15070/15070
f 15071/15071 15072/15072 15073/15073
f 15071/15071 15073/15073 15074/15074
f 15075/15075 15076/15076 15077/15077
f 15075/15075 15077/15077 15078/15078
f 15079/15079 15080/15080 15081/15081
f 15079/15079 15081/15081 15082/15082
f 15083/15083 15084/15084 15085/15085
f 15083/15083 15085/15085 15086/15086
f 15087/15087 15088/15088 15089/15089
f 15087/15087 15089/15089 15090/15090
f 15091/15091 15092/15092 15093/15093
f 15091/15091 15093/15093 15094/15094
f 15095/15095 15096/15096 15097/15097
f 15095/15095 15097/15097 15098/15098
f 15099/15099 15100/15100 15101/15101
f 15099/15099 15101/15101 15102/15102
f 15103/15103 15104/15104 15105/15105
f 15103/15103 15105/15105 15106/15106
f 15107/15107 15108/15108 15109/15109
f 15107/15107 15109/15109 15110/15110
f 15111/15111 15112/15112 15113/15113
f 15111/15111 15113/15113 15114/15114
f 15115/15115 15116/15116 15117/15117
f 15115/15115 15117/15117 15118/15118
f 15119/15119 15120/15120 15121/15121
f 15119/15119 15121/15121 15122/15122
f 15123/15123 15124/15124 15125/15125
f 15123/15123 15125/15125 15126/15126
f 15127/15127 15128/15128 15129/15129
f 15127/15127 15129/15129 15130/15130
f 15131/15131 15132/15132 15133/15133
f 15131/15131 15133/15133 15134/15134
f 15135/15135 15136/15136 15137/15137
f 15135/15135 15137/15137 15138/15138
f 15139/15139 15140/15140 15141/15141
f 15139/15139 15141/15141 15142/15142
f 15143/15143 15144/15144 15145/15145
f 15143/15143 15145/15145 15146/15146
f 15147/15147 15148/15148 15149/15149
f 15147/15147 15149/15149 15150/15150
f 15151/15151 15152/15152 15153/15153
f 15151/15151 15153/15153 15154/15154
f 15155/15155 15156/15156 15157/15157
f 15155/15155 15157/15157 15158/15158
f 15159/15159 15160/15160 15161/15161
f 15159/15159 15161/15161 15162/15162
f 15163/15163 15164/15164 15165/15165
f 15163/15163 15165/15165 15166/15166
f 15167/15167 15168/15168 15169/15169
f 15167/15167 15169/15169 15170/15170
f 15171/15171 15172/15172 15173/15173
f 15171/15171 15173/15173 15174/15174
f 15175/15175 15176/15176 15177/15177
f 15175/15175 15177/15177 15178/15178
f 15179/15179 15180/15180 15181/15181
f 15179/15179 15181/15181 15182/15182
f 15183/15183 15184/15184 15185/15185
f 15183/15183 15185/15185 15186/15186
f 15187/15187 15188/15188 15189/15189
f 15187/15187 15189/15189 15190/15190
f 15191/15191 15192/15192 15193/15193
f 15191/15191 15193/15193 15194/15194
f 15195/15195 15196/15196 15197/15197
f 15195/15195 15197/15197 15198/15198
f 15199/15199 15200/15200 15201/15201
f 15199/15199 15201/15201 15202/15202
f 15203/15203 15204/15204 15205/15205
f 15203/15203 15205/15205 15206/15206
f 15207/15207 15208/15208 15209/15209
f 15207/15207 15209/15209 15210/15210
f 15211/15211 15212/15212 15213/15213
f 15211/15211 15213/15213 15214/15214
f 15215/15215 15216/15216 15217/15217
f 15215/15215 15217/15217 15218/15218
f 15219/15219 15220/15220 15221/15221
f 15219/15219 15221/15221 15222/15222
f 15223/15223 15224/15224 15225/15225
f 15223/15223 15225/15225 15226/15226
f 15227/15227 15228/15228 15229/15229
f 15227/15227 15229/15229 15230/15230
f 15231/15231 15232/15232 15233/15233
f 15231/15231 15233/15233 15234/15234
f 15235/15235 15236/15236 15237/15237
f 15235/15235 15237/15237 15238/15238
f 15239/15239 15240/15240 15241/15241
f 15239/15239 15241/15241 15242/15242
f 15243/15243 15244/15244 15245/15245
f 15243/15243 15245/15245 15246/15246
f 15247/15247 15248/15248 15249/15249
f 15247/15247 15249/15249 15250/15250
f 15251/15251 15252/15252 15253/15253
f 15251/15251 15253/15253 15254/15254
f 15255/15255 15256/15256 15257/15257
f 15255/15255 15257/15257 15258/15258
f 15259/15259 15260/15260 15261/15261
f 15259/15259 15261/15261 15262/15262
f 15263/15263 15264/15264 15265/15265
f 15263/15263 15265/15265 15266/15266
f 15267/15267 15268/15268 15269/15269
f 15267/15267 15269/15269 15270/15270
f 15271/15271 15272/15272 15273/15273
f 15271/15271 15273/15273 15274/15274
f 15275/15275 15276/15276 15277/15277
f 15275/15275 15277/15277 15278/15278
f 15279/15279 15280/15280 15281/15281
f 15279/15279 15281/15281 15282/15282
f 15283/15283 15284/15284 15285/15285
f 15283/15283 15285/15285 15286/15286
f 15287/15287 15288/15288 15289/15289
f 15287/15287 15289/15289 15290/15290
f 15291/15291 15292/15292 15293/15293
f 15291/15291 15293/15293 15294/15294
f 15295/15295 15296/15296 15297/15297
f 15295/15295 15297/15297 15298/15298
f 15299/15299 15300/15300 15301/15301
f 15299/15299 15301/15301 15302/15302
f 15303/15303 15304/15304 15305/15305
f 15303/15303 15305/15305 15306/15306
f 15307/15307 15308/15308 15309/15309
f 15307/15307 15309/15309 15310/15310
f 15311/15311 15312/15312 15313/15313
f 15311/15311 15313/15313 15314/15314
f 15315/15315 15316/15316 15317/15317
f 15315/15315 15317/15317 15318/15318
f 15319/15319 15320/15320 15321/15321
f 15319/15319 15321/15321 15322/15322
f 15323/15323 15324/15324 15325/15325
f 15323/15323 15325/15325 15326/15326
f 15327/15327 15328/15328 15329/15329
f 15327/15327 15329/15329 15330/15330
f 15331/15331 15332/15332 15333/15333
f 15331/15331 15333/15333 15334/15334
f 15335/15335 15336/15336 15337/15337
f 15335/15335 15337/15337 15338/15338
f 15339/15339 15340/15340 15341/15341
f 15339/15339 15341/15341 15342/15342
f 15343/15343 15344/15344 15345/15345
f 15343/15343 15345/15345 15346/15346
f 15347/15347 15348/15348 15349/15349
f 15347/15347 15349/15349 15350/15350
f 15351/15351 15352/15352 15353/15353
f 15351/15351 15353/15353 15354/15354
f 15355/15355 15356/15356 15357/15357
f 15355/15355 15357/15357 15358/15358
f 15359/15359 15360/15360 15361/15361
f 15359/15359 15361/15361 15362/15362
f 15363/15363 15364/15364 15365/15365
f 15363/15363 15365/15365 15366/15366
f 15367/15367 15368/15368 15369/15369
f 15367/15367 15369/15369 15370/15370
f 15371/15371 15372/15372 15373/15373
f 15371/15371 15373/15373 15374/15374
f 15375/15375 15376/15376 15377/15377
f 15375/15375 15377/15377 15378/15378
f 15379/15379 15380/15380 15381/15381
f 15379/15379 15381/15381 15382/15382
f 15383/15383 15384/15384 15385/15385
f 15383/15383 15385/15385 15386/15386
f 15387/15387 15388/15388 15389/15389
f 15387/15387 15389/15389 15390/15390
f 15391/15391 15392/15392 15393/15393
f 15391/15391 15393/15393 15394/15394
f 15395/15395 15396/15396 15397/15397
f 15395/15395 15397/15397 15398/15398
f 15399/15399 15400/15400 15401/15401
f 15399/15399 15401/15401 15402/15402
f 15403/15403 15404/15404 15405/15405
f 15403/15403 15405/15405 15406/15406
f 15407/15407 15408/15408 15409/15409
f 15407/15407 15409/15409 15410/15410
f 15411/15411 15412/15412 15413/15413
f 15414/15414 15415/15415 15416/15416
f 15417/15417 15418/15418 15419/15419
f 15420/15420 15421/15421 15422/15422
f 15423/15423 15424/15424 15425/15425
f 15426/15426 15427/15427 15428/15428
f 15429/15429 15430/15430 15431/15431
f 15432/15432 15433/15433 15434/15434
f 15435/15435 15436/15436 15437/15437
f 15438/15438 15439/15439 15440/15440
f 15441/15441 15442/15442 15443/15443
f 15444/15444 15445/15445 15446/15446
f 15447/15447 15448/15448 15449/15449
f 15450/15450 15451/15451 15452/15452
f 15453/15453 15454/15454 15455/15455
f 15456/15456 15457/15457 15458/15458
f 15459/15459 15460/15460 15461/15461
f 15462/15462 15463/15463 15464/15464
f 15465/15465 15466/15466 15467/15467
f 15468/15468 15469/15469 15470/15470
f 15471/15471 15472/15472 15473/15473
f 15474/15474 15475/15475 15476/15476
f 15477/15477 15478/15478 15479/15479
f 15480/15480 15481/15481 15482/15482
f 15483/15483 15484/15484 15485/15485
f 15486/15486 15487/15487 15488/15488
f 15489/15489 15490/15490 15491/15491
f 15492/15492 15493/15493 15494/15494
f 15495/15495 15496/15496 15497/15497
f 15498/15498 15499/15499 15500/15500
f 15501/15501 15502/15502 15503/15503
f 15504/15504 15505/15505 15506/15506
f 15507/15507 15508/15508 15509/15509
f 15510/15510 15511/15511 15512/15512
f 15513/15513 15514/15514 15515/15515
f 15516/15516 15517/15517 15518/15518
f 15519/15519 15520/15520 15521/15521
f 15522/15522 15523/15523 15524/15524
f 15525/15525 15526/15526 15527/15527
f 15528/15528 15529/15529 15530/15530
f 15531/15531 15532/15532 15533/15533
f 15531/15531 15533/15533 15534/15534
f 15535/15535 15536/15536 15537/15537
f 15535/15535 15537/15537 15538/15538
f 15539/15539 15540/15540 15541/15541
f 15539/15539 15541/15541 15542/15542
f 15543/15543 15544/15544 15545/15545
f 15543/15543 15545/15545 15546/15546
f 15547/15547 15548/15548 15549/15549
f 15547/15547 15549/15549 15550/15550
f 15551/15551 15552/15552 15553/15553
f 15551/15551 15553/15553 15554/15554
f 15555/15555 15556/15556 15557/15557
f 15555/15555 15557/15557 15558/15558
f 15559/15559 15560/15560 15561/15561
f 15559/15559 15561/15561 15562/15562
f 15563/15563 15564/15564 15565/15565
f 15563/15563 15565/15565 15566/15566
f 15567/15567 15568/15568 15569/15569
f 15567/15567 15569/15569 15570/15570
f 15571/15571 15572/15572 15573/15573
f 15571/15571 15573/15573 15574/15574
f 15575/15575 15576/15576 15577/15577
f 15575/15575 15577/15577 15578/15578
f 15579/15579 15580/15580 15581/15581
f 15579/15579 15581/15581 15582/15582
f 15583/15583 15584/15584 15585/15585
f 15583/15583 15585/15585 15586/15586
f 15587/15587 15588/15588 15589/15589
f 15587/15587 15589/15589 15590/15590
f 15591/15591 15592/15592 15593/15593
f 15591/15591 15593/15593 15594/15594
f 15595/15595 15596/15596 15597/15597
f 15595/15595 15597/15597 15598/15598
f 15599/15599 15600/15600 15601/15601
f 15599/15599 15601/15601 15602/15602
f 15603/15603 15604/15604 15605/15605
f 15603/15603 15605/15605 15606/15606
f 15607/15607 15608/15608 15609/15609
f 15607/15607 15609/15609 15610/15610
f 15611/15611 15612/15612 15613/15613
f 15611/15611 15613/15613 15614/15614
f 15615/15615 15616/15616 15617/15617
f 15615/15615 15617/15617 15618/15618
f 15619/15619 15620/15620 15621/15621
f 15619/15619 15621/15621 15622/15622
f 15623/15623 15624/15624 15625/15625
f 15623/15623 15625/15625 15626/15626
f 15627/15627 15628/15628 15629/15629
f 15627/15627 15629/15629 15630/15630
f 15631/15631 15632/15632 15633/15633
f 15631/15631 15633/15633 15634/15634
f 15635/15635 15636/15636 15637/15637
f 15635/15635 15637/15637 15638/15638
f 15639/15639 15640/15640 15641/15641
f 15639/15639 15641/15641 15642/15642
f 15643/15643 15644/15644 15645/15645
f 15643/15643 15645/15645 15646/15646
f 15647/15647 15648/15648 15649/15649
f 15647/15647 15649/15649 15650/15650
f 15651/15651 15652/15652 15653/15653
f 15651/15651 15653/15653 15654/15654
f 15655/15655 15656/15656 15657/15657
f 15655/15655 15657/15657 15658/15658
f 15659/15659 15660/15660 15661/15661
f 15659/15659 15661/15661 15662/15662
f 15663/15663 15664/15664 15665/15665
f 15663/15663 15665/15665 15666/15666
f 15667/15667 15668/15668 15669/15669
f 15667/15667 15669/15669 15670/15670
f 15671/15671 15672/15672 15673/15673
f 15671/15671 15673/15673 15674/15674
f 15675/15675 15676/15676 15677/15677
f 15675/15675 15677/15677 15678/15678
f 15679/15679 15680/15680 15681/15681
f 15679/15679 15681/15681 15682/15682
f 15683/15683 15684/15684 15685/15685
f 15683/15683 15685/15685 15686/15686
f 15687/15687 15688/15688 15689/15689
f 15687/15687 15689/15689 15690/15690
f 15691/15691 15692/15692 15693/15693
f 15691/15691 15693/15693 15694/15694
f 15695/15695 15696/15696 15697/15697
f 15695/15695 15697/15697 15698/15698
f 15699/15699 15700/15700 15701/15701
f 15699/15699 15701/15701 15702/15702
f 15703/15703 15704/15704 15705/15705
f 15703/15703 15705/15705 15706/15706
f 15707/15707 15708/15708 15709/15709
f 15707/15707 15709/15709 15710/15710
f 15711/15711 15712/15712 15713/15713
f 15711/15711 15713/15713 15714/15714
f 15715/15715 15716/15716 15717/15717
f 15715/15715 15717/15717 15718/15718
f 15719/15719 15720/15720 15721/15721
f 15719/15719 15721/15721 15722/15722
f 15723/15723 15724/15724 15725/15725
f 15723/15723 15725/15725 15726/15726
f 15727/15727 15728/15728 15729/15729
f 15727/15727 15729/15729 15730/15730
f 15731/15731 15732/15732 15733/15733
f 15731/15731 15733/15733 15734/15734
f 15735/15735 15736/15736 15737/15737
f 15735/15735 15737/15737 15738/15738
f 15739/15739 15740/15740 15741/15741
f 15739/15739 15741/15741 15742/15742
f 15743/15743 15744/15744 15745/15745
f 15743/15743 15745/15745 15746/15746
f 15747/15747 15748/15748 15749/15749
f 15747/15747 15749/15749 15750/15750
f 15751/15751 15752/15752 15753/15753
f 15751/15751 15753/15753 15754/15754
f 15755/15755 15756/15756 15757/15757
f 15755/15755 15757/15757 15758/15758
f 15759/15759 15760/15760 15761/15761
f 15759/15759 15761/15761 15762/15762
f 15763/15763 15764/15764 15765/15765
f 15763/15763 15765/15765 15766/15766
f 15767/15767 15768/15768 15769/15769
f 15767/15767 15769/15769 15770/15770
f 15771/15771 15772/15772 15773/15773
f 15771/15771 15773/15773 15774/15774
f 15775/15775 15776/15776 15777/15777
f 15775/15775 15777/15777 15778/15778
f 15779/15779 15780/15780 15781/15781
f 15779/15779 15781/15781 15782/15782
f 15783/15783 15784/15784 15785/15785
f 15783/15783 15785/15785 15786/15786
f 15787/15787 15788/15788 15789/15789
f 15787/15787 15789/15789 15790/15790
f 15791/15791 15792/15792 15793/15793
f 15791/15791 15793/15793 15794/15794
f 15795/15795 15796/15796 15797/15797
f 15795/15795 15797/15797 15798/15798
f 15799/15799 15800/15800 15801/15801
f 15799/15799 15801/15801 15802/15802
f 15803/15803 15804/15804 15805/15805
f 15803/15803 15805/15805 15806/15806
f 15807/15807 15808/15808 15809/15809
f 15807/15807 15809/15809 15810/15810
f 15811/15811 15812/15812 15813/15813
f 15811/15811 15813/15813 15814/15814
f 15815/15815 15816/15816 15817/15817
f 15815/15815 15817/15817 15818/15818
f 15819/15819 15820/15820 15821/15821
f 15819/15819 15821/15821 15822/15822
f 15823/15823 15824/15824 15825/15825
f 15823/15823 15825/15825 15826/15826
f 15827/15827 15828/15828 15829/15829
f 15827/15827 15829/15829 15830/15830
f 15831/15831 15832/15832 15833/15833
f 15831/15831 15833/15833 15834/15834
f 15835/15835 15836/15836 15837/15837
f 15835/15835 15837/15837 15838/15838
f 15839/15839 15840/15840 15841/15841
f 15839/15839 15841/15841 15842/15842
f 15843/15843 15844/15844 15845/15845
f 15843/15843 15845/15845 15846/15846
f 15847/15847 15848/15848 15849/15849
f 15847/15847 15849/15849 15850/15850
f 15851/15851 15852/15852 15853/15853
f 15851/15851 15853/15853 15854/15854
f 15855/15855 15856/15856 15857/15857
f 15855/15855 15857/15857 15858/15858
f 15859/15859 15860/15860 15861/15861
f 15859/15859 15861/15861 15862/15862
f 15863/15863 15864/15864 15865/15865
f 15863/15863 15865/15865 15866/15866
f 15867/15867 15868/15868 15869/15869
f 15867/15867 15869/15869 15870/15870
f 15871/15871 15872/15872 15873/15873
f 15871/15871 15873/15873 15874/15874
f 15875/15875 15876/15876 15877/15877
f 15875/15875 15877/15877 15878/15878
f 15879/15879 15880/15880 15881/15881
f 15879/15879 15881/15881 15882/15882
f 15883/15883 15884/15884 15885/15885
f 15883/15883 15885/15885 15886/15886
f 15887/15887 15888/15888 15889/15889
f 15887/15887 15889/15889 15890/15890
f 15891/15891 15892/15892 15893/15893
f 15891/15891 15893/15893 15894/15894
f 15895/15895 15896/15896 15897/15897
f 15895/15895 15897/15897 15898/15898
f 15899/15899 15900/15900 15901/15901
f 15899/15899 15901/15901 15902/15902
f 15903/15903 15904/15904 15905/15905
f 15903/15903 15905/15905 15906/15906
f 15907/15907 15908/15908 15909/15909
f 15907/15907 15909/15909 15910/15910
f 15911/15911 15912/15912 15913/15913
f 15911/15911 15913/15913 15914/15914
usemtl masonry
f 2113/2113 2114/2114 2115/2115
f 2113/2113 2115/2115 2116/2116
f 2117/2117 2118/2118 2119/2119
f 2117/2117 2119/2119 2120/2120
f 2121/2121 2122/2122 2123/2123
f 2121/2121 2123/2123 2124/2124
f 2125/2125 2126/2126 2127/2127
f 2125/2125 2127/2127 2128/2128
f 2129/2129 2130/2130 2131/2131
f 2129/2129 2131/2131 2132/2132
f 2133/2133 2134/2134 2135/2135
f 2133/2133 2135/2135 2136/2136
f 2137/2137 2138/2138 2139/2139
f 2137/2137 2139/2139 2140/2140
f 2141/2141 2142/2142 2143/2143
f 2141/2141 2143/2143 2144/2144
f 2145/2145 2146/2146 2147/2147
f 2145/2145 2147/2147 2148/2148
f 2149/2149 2150/2150 2151/2151
f 2149/2149 2151/2151 2152/2152
f 2153/2153 2154/2154 2155/2155
f 2153/2153 2155/2155 2156/2156
f 2157/2157 2158/2158 2159/2159
f 2157/2157 2159/2159 2160/2160
f 2161/2161 2162/2162 2163/2163
f 2161/2161 2163/2163 2164/2164
f 2165/2165 2166/2166 2167/2167
f 2165/2165 2167/2167 2168/2168
f 2169/2169 2170/2170 2171/2171
f 2169/2169 2171/2171 2172/2172
f 2173/2173 2174/2174 2175/2175
f 2173/2173 2175/2175 2176/2176
f 2177/2177 2178/2178 2179/2179
f 2177/2177 2179/2179 2180/2180
f 2181/2181 2182/2182 2183/2183
f 2181/2181 2183/2183 2184/2184
f 2185/2185 2186/2186 2187/2187
f 2185/2185 2187/2187 2188/2188
f 2189/2189 2190/2190 2191/2191
f 2189/2189 2191/2191 2192/2192
f 2193/2193 2194/2194 2195/2195
f 2193/2193 2195/2195 2196/2196
f 2197/2197 2198/2198 2199/2199
f 2197/2197 2199/2199 2200/2200
f 2201/2201 2202/2202 2203/2203
f 2201/2201 2203/2203 2204/2204
f 2205/2205 2206/2206 2207/2207
f 2205/2205 2207/2207 2208/2208
f 2209/2209 2210/2210 2211/2211
f 2209/2209 2211/2211 2212/2212
f 2213/2213 2214/2214 2215/2215
f 2213/2213 2215/2215 2216/2216
f 2217/2217 2218/2218 2219/2219
f 2217/2217 2219/2219 2220/2220
f 2221/2221 2222/2222 2223/2223
f 2221/2221 2223/2223 2224/2224
f 2225/2225 2226/2226 2227/2227
f 2225/2225 2227/2227 2228/2228
f 2229/2229 2230/2230 2231/2231
f 2229/2229 2231/2231 2232/2232
f 2233/2233 2234/2234 2235/2235
f 2233/2233 2235/2235 2236/2236
f 2237/2237 2238/2238 2239/2239
f 2237/2237 2239/2239 2240/2240
f 2241/2241 2242/2242 2243/2243
f 2241/2241 2243/2243 2244/2244
f 2245/2245 2246/2246 2247/2247
f 2245/2245 2247/2247 2248/2248
f 2249/2249 2250/2250 2251/2251
f 2249/2249 2251/2251 2252/2252
f 2253/2253 2254/2254 2255/2255
f 2253/2253 2255/2255 2256/2256
f 2257/2257 2258/2258 2259/2259
f 2257/2257 2259/2259 2260/2260
f 2261/2261 2262/2262 2263/2263
f 2261/2261 2263/2263 2264/2264
f 2265/2265 2266/2266 2267/2267
f 2265/2265 2267/2267 2268/2268
f 2269/2269 2270/2270 2271/2271
f 2269/2269 2271/2271 2272/2272
f 2273/2273 2274/2274 2275/2275
f 2273/2273 2275/2275 2276/2276
f 2277/2277 2278/2278 2279/2279
f 2277/2277 2279/2279 2280/2280
f 2281/2281 2282/2282 2283/2283
f 2281/2281 2283/2283 2284/2284
f 2285/2285 2286/2286 2287/2287
f 2285/2285 2287/2287 2288/2288
f 2289/2289 2290/2290 2291/2291
f 2289/2289 2291/2291 2292/2292
f 2293/2293 2294/2294 2295/2295
f 2293/2293 2295/2295 2296/2296
f 2297/2297 2298/2298 2299/2299
f 2297/2297 2299/2299 2300/2300
f 2301/2301 2302/2302 2303/2303
f 2301/2301 2303/2303 2304/2304
f 2305/2305 2306/2306 2307/2307
f 2305/2305 2307/2307 2308/2308
f 2309/2309 2310/2310 2311/2311
f 2309/2309 2311/2311 2312/2312
f 2313/2313 2314/2314 2315/2315
f 2313/2313 2315/2315 2316/2316
f 2317/2317 2318/2318 2319/2319
f 2317/2317 2319/2319 2320/2320
f 2321/2321 2322/2322 2323/2323
f 2321/2321 2323/2323 2324/2324
f 2325/2325 2326/2326 2327/2327
f 2325/2325 2327/2327 2328/2328
f 2329/2329 2330/2330 2331/2331
f 2329/2329 2331/2331 2332/2332
f 2333/2333 2334/2334 2335/2335
f 2333/2333 2335/2335 2336/2336
f 2337/2337 2338/2338 2339/2339
f 2337/2337 2339/2339 2340/2340
f 2341/2341 2342/2342 2343/2343
f 2341/2341 2343/2343 2344/2344
f 2345/2345 2346/2346 2347/2347
f 2345/2345 2347/2347 2348/2348
f 2349/2349 2350/2350 2351/2351
f 2349/2349 2351/2351 2352/2352
f 2353/2353 2354/2354 2355/2355
f 2353/2353 2355/2355 2356/2356
f 2357/2357 2358/2358 2359/2359
f 2357/2357 2359/2359 2360/2360
f 2361/2361 2362/2362 2363/2363
f 2361/2361 2363/2363 2364/2364
f 2365/2365 2366/2366 2367/2367
f 2365/2365 2367/2367 2368/2368
f 2369/2369 2370/2370 2371/2371
f 2369/2369 2371/2371 2372/2372
f 2373/2373 2374/2374 2375/2375
f 2373/2373 2375/2375 2376/2376
f 2377/2377 2378/2378 2379/2379
f 2377/2377 2379/2379 2380/2380
f 2381/2381 2382/2382 2383/2383
f 2381/2381 2383/2383 2384/2384
f 2385/2385 2386/2386 2387/2387
f 2385/2385 2387/2387 2388/2388
f 2389/2389 2390/2390 2391/2391
f 2389/2389 2391/2391 2392/2392
f 2393/2393 2394/2394 2395/2395
f 2393/2393 2395/2395 2396/2396
f 2397/2397 2398/2398 2399/2399
f 2397/2397 2399/2399 2400/2400
f 2401/2401 2402/2402 2403/2403
f 2401/2401 2403/2403 2404/2404
f 2405/2405 2406/2406 2407/2407
f 2405/2405 2407/2407 2408/2408
f 2409/2409 2410/2410 2411/2411
f 2409/2409 2411/2411 2412/2412
f 2413/2413 2414/2414 2415/2415
f 2413/2413 2415/2415 2416/2416
f 2417/2417 2418/2418 2419/2419
f 2417/2417 2419/2419 2420/2420
f 2421/2421 2422/2422 2423/2423
f 2421/2421 2423/2423 2424/2424
f 2425/2425 2426/2426 2427/2427
f 2425/2425 2427/2427 2428/2428
f 2429/2429 2430/2430 2431/2431
f 2429/2429 2431/2431 2432/2432
f 2433/2433 2434/2434 2435/2435
f 2433/2433 2435/2435 2436/2436
f 2437/2437 2438/2438 2439/2439
f 2437/2437 2439/2439 2440/2440
f 2441/2441 2442/2442 2443/2443
f 2441/2441 2443/2443 2444/2444
f 2445/2445 2446/2446 2447/2447
f 2445/2445 2447/2447 2448/2448
f 2449/2449 2450/2450 2451/2451
f 2449/2449 2451/2451 2452/2452
f 2453/2453 2454/2454 2455/2455
f 2453/2453 2455/2455 2456/2456
f 2457/2457 2458/2458 2459/2459
f 2457/2457 2459/2459 2460/2460
f 2461/2461 2462/2462 2463/2463
f 2461/2461 2463/2463 2464/2464
f 2465/2465 2466/2466 2467/2467
f 2465/2465 2467/2467 2468/2468
f 2469/2469 2470/2470 2471/2471
f 2469/2469 2471/2471 2472/2472
f 2473/2473 2474/2474 2475/2475
f 2473/2473 2475/2475 2476/2476
f 2477/2477 2478/2478 2479/2479
f 2477/2477 2479/2479 2480/2480
f 2481/2481 2482/2482 2483/2483
f 2481/2481 2483/2483 2484/2484
f 2485/2485 2486/2486 2487/2487
f 2485/2485 2487/2487 2488/2488
f 2489/2489 2490/2490 2491/2491
f 2489/2489 2491/2491 2492/2492
f 2493/2493 2494/2494 2495/2495
f 2493/2493 2495/2495 2496/2496
f 2497/2497 2498/2498 2499/2499
f 2497/2497 2499/2499 2500/2500
f 2501/2501 2502/2502 2503/2503
f 2501/2501 2503/2503 2504/2504
f 2505/2505 2506/2506 2507/2507
f 2505/2505 2507/2507 2508/2508
f 2509/2509 2510/2510 2511/2511
f 2509/2509 2511/2511 2512/2512
f 2513/2513 2514/2514 2515/2515
f 2513/2513 2515/2515 2516/2516
f 2517/2517 2518/2518 2519/2519
f 2517/2517 2519/2519 2520/2520
f 2521/2521 2522/2522 2523/2523
f 2521/2521 2523/2523 2524/2524
f 2525/2525 2526/2526 2527/2527
f 2525/2525 2527/2527 2528/2528
f 2529/2529 2530/2530 2531/2531
f 2529/2529 2531/2531 2532/2532
f 2533/2533 2534/2534 2535/2535
f 2533/2533 2535/2535 2536/2536
f 2537/2537 2538/2538 2539/2539
f 2537/2537 2539/2539 2540/2540
f 2541/2541 2542/2542 2543/2543
f 2541/2541 2543/2543 2544/2544
f 2545/2545 2546/2546 2547/2547
f 2545/2545 2547/2547 2548/2548
f 2549/2549 2550/2550 2551/2551
f 2549/2549 2551/2551 2552/2552
f 2553/2553 2554/2554 2555/2555
f 2553/2553 2555/2555 2556/2556
f 2557/2557 2558/2558 2559/2559
f 2557/2557 2559/2559 2560/2560
f 2561/2561 2562/2562 2563/2563
f 2561/2561 2563/2563 2564/2564
f 2565/2565 2566/2566 2567/2567
f 2565/2565 2567/2567 2568/2568
f 2569/2569 2570/2570 2571/2571
f 2569/2569 2571/2571 2572/2572
f 2573/2573 2574/2574 2575/2575
f 2573/2573 2575/2575 2576/2576
f 2577/2577 2578/2578 2579/2579
f 2577/2577 2579/2579 2580/2580
f 2581/2581 2582/2582 2583/2583
f 2581/2581 2583/2583 2584/2584
f 2585/2585 2586/2586 2587/2587
f 2585/2585 2587/2587 2588/2588
f 2589/2589 2590/2590 2591/2591
f 2589/2589 2591/2591 2592/2592
f 2593/2593 2594/2594 2595/2595
f 2593/2593 2595/2595 2596/2596
f 2597/2597 2598/2598 2599/2599
f 2597/2597 2599/2599 2600/2600
f 2601/2601 2602/2602 2603/2603
f 2601/2601 2603/2603 2604/2604
f 2605/2605 2606/2606 2607/2607
f 2605/2605 2607/2607 2608/2608
f 2609/2609 2610/2610 2611/2611
f 2609/2609 2611/2611 2612/2612
f 2613/2613 2614/2614 2615/2615
f 2613/2613 2615/2615 2616/2616
f 2617/2617 2618/2618 2619/2619
f 2617/2617 2619/2619 2620/2620
f 2621/2621 2622/2622 2623/2623
f 2621/2621 2623/2623 2624/2624
f 2625/2625 2626/2626 2627/2627
f 2625/2625 2627/2627 2628/2628
f 2629/2629 2630/2630 2631/2631
f 2629/2629 2631/2631 2632/2632
f 2633/2633 2634/2634 2635/2635
f 2633/2633 2635/2635 2636/2636
f 2637/2637 2638/2638 2639/2639
f 2637/2637 2639/2639 2640/2640
f 2641/2641 2642/2642 2643/2643
f 2641/2641 2643/2643 2644/2644
f 2645/2645 2646/2646 2647/2647
f 2645/2645 2647/2647 2648/2648
f 2649/2649 2650/2650 2651/2651
f 2649/2649 2651/2651 2652/2652
f 2653/2653 2654/2654 2655/2655
f 2653/2653 2655/2655 2656/2656
f 2657/2657 2658/2658 2659/2659
f 2657/2657 2659/2659 2660/2660
f 2661/2661 2662/2662 2663/2663
f 2661/2661 2663/2663 2664/2664
f 2665/2665 2666/2666 2667/2667
f 2665/2665 2667/2667 2668/2668
f 2669/2669 2670/2670 2671/2671
f 2669/2669 2671/2671 2672/2672
f 2673/2673 2674/2674 2675/2675
f 2673/2673 2675/2675 2676/2676
f 2677/2677 2678/2678 2679/2679
f 2677/2677 2679/2679 2680/2680
f 2681/2681 2682/2682 2683/2683
f 2681/2681 2683/2683 2684/2684
f 2685/2685 2686/2686 2687/2687
f 2685/2685 2687/2687 2688/2688
f 2689/2689 2690/2690 2691/2691
f 2689/2689 2691/2691 2692/2692
f 2693/2693 2694/2694 2695/2695
f 2693/2693 2695/2695 2696/2696
f 2697/2697 2698/2698 2699/2699
f 2697/2697 2699/2699 2700/2700
f 2701/2701 2702/2702 2703/2703
f 2701/2701 2703/2703 2704/2704
f 2705/2705 2706/2706 2707/2707
f 2705/2705 2707/2707 2708/2708
f 2709/2709 2710/2710 2711/2711
f 2709/2709 2711/2711 2712/2712
f 2713/2713 2714/2714 2715/2715
f 2713/2713 2715/2715 2716/2716
f 2717/2717 2718/2718 2719/2719
f 2717/2717 2719/2719 2720/2720
f 2721/2721 2722/2722 2723/2723
f 2721/2721 2723/2723 2724/2724
f 2725/2725 2726/2726 2727/2727
f 2725/2725 2727/2727 2728/2728
f 2729/2729 2730/2730 2731/2731
f 2729/2729 2731/2731 2732/2732
f 2733/2733 2734/2734 2735/2735
f 2733/2733 2735/2735 2736/2736
f 2737/2737 2738/2738 2739/2739
f 2737/2737 2739/2739 2740/2740
f 2741/2741 2742/2742 2743/2743
f 2741/2741 2743/2743 2744/2744
f 2745/2745 2746/2746 2747/2747
f 2745/2745 2747/2747 2748/2748
f 2749/2749 2750/2750 2751/2751
f 2749/2749 2751/2751 2752/2752
f 2753/2753 2754/2754 2755/2755
f 2753/2753 2755/2755 2756/2756
f 2757/2757 2758/2758 2759/2759
f 2757/2757 2759/2759 2760/2760
f 2761/2761 2762/2762 2763/2763
f 2761/2761 2763/2763 2764/2764
f 2765/2765 2766/2766 2767/2767
f 2765/2765 2767/2767 2768/2768
f 2769/2769 2770/2770 2771/2771
f 2769/2769 2771/2771 2772/2772
f 2773/2773 2774/2774 2775/2775
f 2773/2773 2775/2775 2776/2776
f 2777/2777 2778/2778 2779/2779
f 2777/2777 2779/2779 2780/2780
f 2781/2781 2782/2782 2783/2783
f 2781/2781 2783/2783 2784/2784
f 2785/2785 2786/2786 2787/2787
f 2785/2785 2787/2787 2788/2788
f 2789/2789 2790/2790 2791/2791
f 2789/2789 2791/2791 2792/2792
f 2793/2793 2794/2794 2795/2795
f 2793/2793 2795/2795 2796/2796
f 2797/2797 2798/2798 2799/2799
f 2797/2797 2799/2799 2800/2800
f 2801/2801 2802/2802 2803/2803
f 2801/2801 2803/2803 2804/2804
f 2805/2805 2806/2806 2807/2807
f 2805/2805 2807/2807 2808/2808
f 2809/2809 2810/2810 2811/2811
f 2809/2809 2811/2811 2812/2812
f 2813/2813 2814/2814 2815/2815
f 2813/2813 2815/2815 2816/2816
f 2817/2817 2818/2818 2819/2819
f 2817/2817 2819/2819 2820/2820
f 2821/2821 2822/2822 2823/2823
f 2821/2821 2823/2823 2824/2824
f 2825/2825 2826/2826 2827/2827
f 2825/2825 2827/2827 2828/2828
f 2829/2829 2830/2830 2831/2831
f 2829/2829 2831/2831 2832/2832
f 2833/2833 2834/2834 2835/2835
f 2833/2833 2835/2835 2836/2836
f 2837/2837 2838/2838 2839/2839
f 2837/2837 2839/2839 2840/2840
f 2841/2841 2842/2842 2843/2843
f 2841/2841 2843/2843 2844/2844
f 2845/2845 2846/2846 2847/2847
f 2845/2845 2847/2847 2848/2848
f 2849/2849 2850/2850 2851/2851
f 2849/2849 2851/2851 2852/2852
f 2853/2853 2854/2854 2855/2855
f 2853/2853 2855/2855 2856/2856
f 2857/2857 2858/2858 2859/2859
f 2857/2857 2859/2859 2860/2860
f 2861/2861 2862/2862 2863/2863
f 2861/2861 2863/2863 2864/2864
f 2865/2865 2866/2866 2867/2867
f 2865/2865 2867/2867 2868/2868
f 2869/2869 2870/2870 2871/2871
f 2869/2869 2871/2871 2872/2872
f 2873/2873 2874/2874 2875/2875
f 2873/2873 2875/2875 2876/2876
f 2877/2877 2878/2878 2879/2879
f 2877/2877 2879/2879 2880/2880
f 2881/2881 2882/2882 2883/2883
f 2881/2881 2883/2883 2884/2884
f 2885/2885 2886/2886 2887/2887
f 2885/2885 2887/2887 2888/2888
f 2889/2889 2890/2890 2891/2891
f 2889/2889 2891/2891 2892/2892
f 2893/2893 2894/2894 2895/2895
f 2893/2893 2895/2895 2896/2896
f 2897/2897 2898/2898 2899/2899
f 2897/2897 2899/2899 2900/2900
f 2901/2901 2902/2902 2903/2903
f 2901/2901 2903/2903 2904/2904
f 2905/2905 2906/2906 2907/2907
f 2905/2905 2907/2907 2908/2908
f 2909/2909 2910/2910 2911/2911
f 2909/2909 2911/2911 2912/2912
f 2913/2913 2914/2914 2915/2915
f 2913/2913 2915/2915 2916/2916
f 2917/2917 2918/2918 2919/2919
f 2917/2917 2919/2919 2920/2920
f 2921/2921 2922/2922 2923/2923
f 2921/2921 2923/2923 2924/2924
f 2925/2925 2926/2926 2927/2927
f 2925/2925 2927/2927 2928/2928
f 2929/2929 2930/2930 2931/2931
f 2929/2929 2931/2931 2932/2932
f 2933/2933 2934/2934 2935/2935
f 2933/2933 2935/2935 2936/2936
f 2937/2937 2938/2938 2939/2939
f 2937/2937 2939/2939 2940/2940
f 2941/2941 2942/2942 2943/2943
f 2941/2941 2943/2943 2944/2944
f 2945/2945 2946/2946 2947/2947
f 2945/2945 2947/2947 2948/2948
f 2949/2949 2950/2950 2951/2951
f 2949/2949 2951/2951 2952/2952
f 2953/2953 2954/2954 2955/2955
f 2953/2953 2955/2955 2956/2956
f 2957/2957 2958/2958 2959/2959
f 2957/2957 2959/2959 2960/2960
f 2961/2961 2962/2962 2963/2963
f 2961/2961 2963/2963 2964/2964
f 2965/2965 2966/2966 2967/2967
f 2965/2965 2967/2967 2968/2968
f 2969/2969 2970/2970 2971/2971
f 2969/2969 2971/2971 2972/2972
f 2973/2973 2974/2974 2975/2975
f 2973/2973 2975/2975 2976/2976
f 2977/2977 2978/2978 2979/2979
f 2977/2977 2979/2979 2980/2980
f 2981/2981 2982/2982 2983/2983
f 2981/2981 2983/2983 2984/2984
f 2985/2985 2986/2986 2987/2987
f 2985/2985 2987/2987 2988/2988
f 2989/2989 2990/2990 2991/2991
f 2989/2989 2991/2991 2992/2992
f 2993/2993 2994/2994 2995/2995
f 2993/2993 2995/2995 2996/2996
f 2997/2997 2998/2998 2999/2999
f 2997/2997 2999/2999 3000/3000
f 3001/3001 3002/3002 3003/3003
f 3001/3001 3003/3003 3004/3004
f 3005/3005 3006/3006 3007/3007
f 3005/3005 3007/3007 3008/3008
f 3009/3009 3010/3010 3011/3011
f 3009/3009 3011/3011 3012/3012
f 3013/3013 3014/3014 3015/3015
f 3013/3013 3015/3015 3016/3016
f 3017/3017 3018/3018 3019/3019
f 3017/3017 3019/3019 3020/3020
f 3021/3021 3022/3022 3023/3023
f 3021/3021 3023/3023 3024/3024
f 3025/3025 3026/3026 3027/3027
f 3025/3025 3027/3027 3028/3028
f 3029/3029 3030/3030 3031/3031
f 3029/3029 3031/3031 3032/3032
f 3033/3033 3034/3034 3035/3035
f 3033/3033 3035/3035 3036/3036
f 3037/3037 3038/3038 3039/3039
f 3037/3037 3039/3039 3040/3040
f 3041/3041 3042/3042 3043/3043
f 3041/3041 3043/3043 3044/3044
f 3045/3045 3046/3046 3047/3047
f 3045/3045 3047/3047 3048/3048
f 3049/3049 3050/3050 3051/3051
f 3049/3049 3051/3051 3052/3052
f 3053/3053 3054/3054 3055/3055
f 3053/3053 3055/3055 3056/3056
f 3057/3057 3058/3058 3059/3059
f 3057/3057 3059/3059 3060/3060
f 3061/3061 3062/3062 3063/3063
f 3061/3061 3063/3063 3064/3064
f 3065/3065 3066/3066 3067/3067
f 3065/3065 3067/3067 3068/3068
f 3069/3069 3070/3070 3071/3071
f 3069/3069 3071/3071 3072/3072
f 3073/3073 3074/3074 3075/3075
f 3073/3073 3075/3075 3076/3076
f 3077/3077 3078/3078 3079/3079
f 3077/3077 3079/3079 3080/3080
f 3081/3081 3082/3082 3083/3083
f 3081/3081 3083/3083 3084/3084
f 3085/3085 3086/3086 3087/3087
f 3085/3085 3087/3087 3088/3088
f 3089/3089 3090/3090 3091/3091
f 3089/3089 3091/3091 3092/3092
f 3093/3093 3094/3094 3095/3095
f 3093/3093 3095/3095 3096/3096
f 3097/3097 3098/3098 3099/3099
f 3097/3097 3099/3099 3100/3100
f 3101/3101 3102/3102 3103/3103
f 3101/3101 3103/3103 3104/3104
f 3105/3105 3106/3106 3107/3107
f 3105/3105 3107/3107 3108/3108
f 3109/3109 3110/3110 3111/3111
f 3109/3109 3111/3111 3112/3112
f 3113/3113 3114/3114 3115/3115
f 3113/3113 3115/3115 3116/3116
f 3117/3117 3118/3118 3119/3119
f 3117/3117 3119/3119 3120/3120
f 3121/3121 3122/3122 3123/3123
f 3121/3121 3123/3123 3124/3124
f 3125/3125 3126/3126 3127/3127
f 3125/3125 3127/3127 3128/3128
f 3129/3129 3130/3130 3131/3131
f 3129/3129 3131/3131 3132/3132
f 3133/3133 3134/3134 3135/3135
f 3133/3133 3135/3135 3136/3136
f 3137/3137 3138/3138 3139/3139
f 3137/3137 3139/3139 3140/3140
f 3141/3141 3142/3142 3143/3143
f 3141/3141 3143/3143 3144/3144
f 3145/3145 3146/3146 3147/3147
f 3145/3145 3147/3147 3148/3148
f 3149/3149 3150/3150 3151/3151
f 3149/3149 3151/3151 3152/3152
f 3153/3153 3154/3154 3155/3155
f 3153/3153 3155/3155 3156/3156
f 3157/3157 3158/3158 3159/3159
f 3157/3157 3159/3159 3160/3160
f 3161/3161 3162/3162 3163/3163
f 3161/3161 3163/3163 3164/3164
f 3165/3165 3166/3166 3167/3167
f 3165/3165 3167/3167 3168/3168
f 3169/3169 3170/3170 3171/3171
f 3169/3169 3171/3171 3172/3172
f 3173/3173 3174/3174 3175/3175
f 3173/3173 3175/3175 3176/3176
f 3177/3177 3178/3178 3179/3179
f 3177/3177 3179/3179 3180/3180
f 3181/3181 3182/3182 3183/3183
f 3181/3181 3183/3183 3184/3184
f 3185/3185 3186/3186 3187/3187
f 3185/3185 3187/3187 3188/3188
f 3189/3189 3190/3190 3191/3191
f 3189/3189 3191/3191 3192/3192
f 3193/3193 3194/3194 3195/3195
f 3193/3193 3195/3195 3196/3196
f 3197/3197 3198/3198 3199/3199
f 3197/3197 3199/3199 3200/3200
f 3201/3201 3202/3202 3203/3203
f 3201/3201 3203/3203 3204/3204
f 3205/3205 3206/3206 3207/3207
f 3205/3205 3207/3207 3208/3208
f 3209/3209 3210/3210 3211/3211
f 3209/3209 3211/3211 3212/3212
f 3213/3213 3214/3214 3215/3215
f 3213/3213 3215/3215 3216/3216
f 3217/3217 3218/3218 3219/3219
f 3217/3217 3219/3219 3220/3220
f 3221/3221 3222/3222 3223/3223
f 3221/3221 3223/3223 3224/3224
f 3225/3225 3226/3226 3227/3227
f 3225/3225 3227/3227 3228/3228
f 3229/3229 3230/3230 3231/3231
f 3229/3229 3231/3231 3232/3232
f 3233/3233 3234/3234 3235/3235
f 3233/3233 3235/3235 3236/3236
f 3237/3237 3238/3238 3239/3239
f 3237/3237 3239/3239 3240/3240
f 3241/3241 3242/3242 3243/3243
f 3241/3241 3243/3243 3244/3244
f 3245/3245 3246/3246 3247/3247
f 3245/3245 3247/3247 3248/3248
f 3249/3249 3250/3250 3251/3251
f 3249/3249 3251/3251 3252/3252
f 3253/3253 3254/3254 3255/3255
f 3253/3253 3255/3255 3256/3256
f 3257/3257 3258/3258 3259/3259
f 3257/3257 3259/3259 3260/3260
f 3261/3261 3262/3262 3263/3263
f 3261/3261 3263/3263 3264/3264
f 3265/3265 3266/3266 3267/3267
f 3265/3265 3267/3267 3268/3268
f 3269/3269 3270/3270 3271/3271
f 3269/3269 3271/3271 3272/3272
f 3273/3273 3274/3274 3275/3275
f 3273/3273 3275/3275 3276/3276
f 3277/3277 3278/3278 3279/3279
f 3277/3277 3279/3279 3280/3280
f 3281/3281 3282/3282 3283/3283
f 3281/3281 3283/3283 3284/3284
f 3285/3285 3286/3286 3287/3287
f 3285/3285 3287/3287 3288/3288
f 3289/3289 3290/3290 3291/3291
f 3289/3289 3291/3291 3292/3292
f 3293/3293 3294/3294 3295/3295
f 3293/3293 3295/3295 3296/3296
f 3297/3297 3298/3298 3299/3299
f 3297/3297 3299/3299 3300/3300
f 3301/3301 3302/3302 3303/3303
f 3301/3301 3303/3303 3304/3304
f 3305/3305 3306/3306 3307/3307
f 3305/3305 3307/3307 3308/3308
f 3309/3309 3310/3310 3311/3311
f 3309/3309 3311/3311 3312/3312
f 3313/3313 3314/3314 3315/3315
f 3313/3313 3315/3315 3316/3316
f 3317/3317 3318/3318 3319/3319
f 3317/3317 3319/3319 3320/3320
f 3321/3321 3322/3322 3323/3323
f 3321/3321 3323/3323 3324/3324
f 3325/3325 3326/3326 3327/3327
f 3325/3325 3327/3327 3328/3328
f 3329/3329 3330/3330 3331/3331
f 3329/3329 3331/3331 3332/3332
f 3333/3333 3334/3334 3335/3335
f 3333/3333 3335/3335 3336/3336
f 3337/3337 3338/3338 3339/3339
f 3337/3337 3339/3339 3340/3340
f 3341/3341 3342/3342 3343/3343
f 3341/3341 3343/3343 3344/3344
f 3345/3345 3346/3346 3347/3347
f 3345/3345 3347/3347 3348/3348
f 3349/3349 3350/3350 3351/3351
f 3349/3349 3351/3351 3352/3352
f 3353/3353 3354/3354 3355/3355
f 3353/3353 3355/3355 3356/3356
f 3357/3357 3358/3358 3359/3359
f 3357/3357 3359/3359 3360/3360
usemtl rebar
f 4011/4011 4012/4012 4013/4013
f 4011/4011 4013/4013 4014/4014
f 4015/4015 4016/4016 4017/4017
f 4015/4015 4017/4017 4018/4018
f 4019/4019 4020/4020 4021/4021
f 4019/4019 4021/4021 4022/4022
f 4023/4023 4024/4024 4025/4025
f 4023/4023 4025/4025 4026/4026
f 4027/4027 4028/4028 4029/4029
f 4027/4027 4029/4029 4030/4030
f 4031/4031 4032/4032 4033/4033
f 4031/4031 4033/4033 4034/4034
f 4035/4035 4036/4036 4037/4037
f 4035/4035 4037/4037 4038/4038
f 4039/4039 4040/4040 4041/4041
f 4039/4039 4041/4041 4042/4042
f 4043/4043 4044/4044 4045/4045
f 4043/4043 4045/4045 4046/4046
f 4047/4047 4048/4048 4049/4049
f 4047/4047 4049/4049 4050/4050
f 4051/4051 4052/4052 4053/4053
f 4051/4051 4053/4053 4054/4054
f 4055/4055 4056/4056 4057/4057
f 4055/4055 4057/4057 4058/4058
f 4059/4059 4060/4060 4061/4061
f 4059/4059 4061/4061 4062/4062
f 4063/4063 4064/4064 4065/4065
f 4063/4063 4065/4065 4066/4066
f 4067/4067 4068/4068 4069/4069
f 4067/4067 4069/4069 4070/4070
f 4071/4071 4072/4072 4073/4073
f 4071/4071 4073/4073 4074/4074
f 4075/4075 4076/4076 4077/4077
f 4075/4075 4077/4077 4078/4078
f 4079/4079 4080/4080 4081/4081
f 4079/4079 4081/4081 4082/4082
f 4837/4837 4838/4838 4839/4839
f 4837/4837 4839/4839 4840/4840
f 4841/4841 4842/4842 4843/4843
f 4841/4841 4843/4843 4844/4844
f 4845/4845 4846/4846 4847/4847
f 4845/4845 4847/4847 4848/4848
f 4849/4849 4850/4850 4851/4851
f 4849/4849 4851/4851 4852/4852
f 4853/4853 4854/4854 4855/4855
f 4853/4853 4855/4855 4856/4856
f 4857/4857 4858/4858 4859/4859
f 4857/4857 4859/4859 4860/4860
f 4861/4861 4862/4862 4863/4863
f 4861/4861 4863/4863 4864/4864
f 4865/4865 4866/4866 4867/4867
f 4865/4865 4867/4867 4868/4868
f 4869/4869 4870/4870 4871/4871
f 4869/4869 4871/4871 4872/4872
f 4873/4873 4874/4874 4875/4875
f 4873/4873 4875/4875 4876/4876
f 4877/4877 4878/4878 4879/4879
f 4877/4877 4879/4879 4880/4880
f 4881/4881 4882/4882 4883/4883
f 4881/4881 4883/4883 4884/4884
f 4885/4885 4886/4886 4887/4887
f 4885/4885 4887/4887 4888/4888
f 4889/4889 4890/4890 4891/4891
f 4889/4889 4891/4891 4892/4892
f 4893/4893 4894/4894 4895/4895
f 4893/4893 4895/4895 4896/4896
f 4897/4897 4898/4898 4899/4899
f 4897/4897 4899/4899 4900/4900
f 4901/4901 4902/4902 4903/4903
f 4901/4901 4903/4903 4904/4904
f 4905/4905 4906/4906 4907/4907
f 4905/4905 4907/4907 4908/4908
f 5663/5663 5664/5664 5665/5665
f 5663/5663 5665/5665 5666/5666
f 5667/5667 5668/5668 5669/5669
f 5667/5667 5669/5669 5670/5670
f 5671/5671 5672/5672 5673/5673
f 5671/5671 5673/5673 5674/5674
f 5675/5675 5676/5676 5677/5677
f 5675/5675 5677/5677 5678/5678
f 5679/5679 5680/5680 5681/5681
f 5679/5679 5681/5681 5682/5682
f 5683/5683 5684/5684 5685/5685
f 5683/5683 5685/5685 5686/5686
f 5687/5687 5688/5688 5689/5689
f 5687/5687 5689/5689 5690/5690
f 5691/5691 5692/5692 5693/5693
f 5691/5691 5693/5693 5694/5694
f 5695/5695 5696/5696 5697/5697
f 5695/5695 5697/5697 5698/5698
f 5699/5699 5700/5700 5701/5701
f 5699/5699 5701/5701 5702/5702
f 5703/5703 5704/5704 5705/5705
f 5703/5703 5705/5705 5706/5706
f 5707/5707 5708/5708 5709/5709
f 5707/5707 5709/5709 5710/5710
f 5711/5711 5712/5712 5713/5713
f 5711/5711 5713/5713 5714/5714
f 5715/5715 5716/5716 5717/5717
f 5715/5715 5717/5717 5718/5718
f 5719/5719 5720/5720 5721/5721
f 5719/5719 5721/5721 5722/5722
f 5723/5723 5724/5724 5725/5725
f 5723/5723 5725/5725 5726/5726
f 5727/5727 5728/5728 5729/5729
f 5727/5727 5729/5729 5730/5730
f 5731/5731 5732/5732 5733/5733
f 5731/5731 5733/5733 5734/5734
f 5735/5735 5736/5736 5737/5737
f 5735/5735 5737/5737 5738/5738
f 5739/5739 5740/5740 5741/5741
f 5739/5739 5741/5741 5742/5742
f 5743/5743 5744/5744 5745/5745
f 5743/5743 5745/5745 5746/5746
f 5747/5747 5748/5748 5749/5749
f 5747/5747 5749/5749 5750/5750
f 5751/5751 5752/5752 5753/5753
f 5751/5751 5753/5753 5754/5754
f 5755/5755 5756/5756 5757/5757
f 5755/5755 5757/5757 5758/5758
f 5759/5759 5760/5760 5761/5761
f 5759/5759 5761/5761 5762/5762
f 5763/5763 5764/5764 5765/5765
f 5763/5763 5765/5765 5766/5766
f 5767/5767 5768/5768 5769/5769
f 5767/5767 5769/5769 5770/5770
f 5771/5771 5772/5772 5773/5773
f 5771/5771 5773/5773 5774/5774
f 5775/5775 5776/5776 5777/5777
f 5775/5775 5777/5777 5778/5778
f 5779/5779 5780/5780 5781/5781
f 5779/5779 5781/5781 5782/5782
f 5783/5783 5784/5784 5785/5785
f 5783/5783 5785/5785 5786/5786
f 5787/5787 5788/5788 5789/5789
f 5787/5787 5789/5789 5790/5790
f 5791/5791 5792/5792 5793/5793
f 5791/5791 5793/5793 5794/5794
f 5795/5795 5796/5796 5797/5797
f 5795/5795 5797/5797 5798/5798
f 5799/5799 5800/5800 5801/5801
f 5799/5799 5801/5801 5802/5802
f 5803/5803 5804/5804 5805/5805
f 5803/5803 5805/5805 5806/5806
f 6483/6483 6484/6484 6485/6485
f 6483/6483 6485/6485 6486/6486
f 6487/6487 6488/6488 6489/6489
f 6487/6487 6489/6489 6490/6490
f 6491/6491 6492/6492 6493/6493
f 6491/6491 6493/6493 6494/6494
f 6495/6495 6496/6496 6497/6497
f 6495/6495 6497/6497 6498/6498
f 6499/6499 6500/6500 6501/6501
f 6499/6499 6501/6501 6502/6502
f 6503/6503 6504/6504 6505/6505
f 6503/6503 6505/6505 6506/6506
f 6507/6507 6508/6508 6509/6509
f 6507/6507 6509/6509 6510/6510
f 6511/6511 6512/6512 6513/6513
f 6511/6511 6513/6513 6514/6514
f 6515/6515 6516/6516 6517/6517
f 6515/6515 6517/6517 6518/6518
f 6519/6519 6520/6520 6521/6521
f 6519/6519 6521/6521 6522/6522
f 6523/6523 6524/6524 6525/6525
f 6523/6523 6525/6525 6526/6526
f 6527/6527 6528/6528 6529/6529
f 6527/6527 6529/6529 6530/6530
f 6531/6531 6532/6532 6533/6533
f 6531/6531 6533/6533 6534/6534
f 6535/6535 6536/6536 6537/6537
f 6535/6535 6537/6537 6538/6538
f 6539/6539 6540/6540 6541/6541
f 6539/6539 6541/6541 6542/6542
f 6543/6543 6544/6544 6545/6545
f 6543/6543 6545/6545 6546/6546
f 6547/6547 6548/6548 6549/6549
f 6547/6547 6549/6549 6550/6550
f 6551/6551 6552/6552 6553/6553
f 6551/6551 6553/6553 6554/6554
f 6555/6555 6556/6556 6557/6557
f 6555/6555 6557/6557 6558/6558
f 6559/6559 6560/6560 6561/6561
f 6559/6559 6561/6561 6562/6562
f 6563/6563 6564/6564 6565/6565
f 6563/6563 6565/6565 6566/6566
f 6567/6567 6568/6568 6569/6569
f 6567/6567 6569/6569 6570/6570
f 6571/6571 6572/6572 6573/6573
f 6571/6571 6573/6573 6574/6574
f 6575/6575 6576/6576 6577/6577
f 6575/6575 6577/6577 6578/6578
f 6579/6579 6580/6580 6581/6581
f 6579/6579 6581/6581 6582/6582
f 6583/6583 6584/6584 6585/6585
f 6583/6583 6585/6585 6586/6586
f 6587/6587 6588/6588 6589/6589
f 6587/6587 6589/6589 6590/6590
f 6591/6591 6592/6592 6593/6593
f 6591/6591 6593/6593 6594/6594
f 6595/6595 6596/6596 6597/6597
f 6595/6595 6597/6597 6598/6598
f 6599/6599 6600/6600 6601/6601
f 6599/6599 6601/6601 6602/6602
f 6603/6603 6604/6604 6605/6605
f 6603/6603 6605/6605 6606/6606
f 6607/6607 6608/6608 6609/6609
f 6607/6607 6609/6609 6610/6610
f 6611/6611 6612/6612 6613/6613
f 6611/6611 6613/6613 6614/6614
f 6615/6615 6616/6616 6617/6617
f 6615/6615 6617/6617 6618/6618
f 6619/6619 6620/6620 6621/6621
f 6619/6619 6621/6621 6622/6622
f 6623/6623 6624/6624 6625/6625
f 6623/6623 6625/6625 6626/6626
f 6627/6627 6628/6628 6629/6629
f 6627/6627 6629/6629 6630/6630
f 6631/6631 6632/6632 6633/6633
f 6631/6631 6633/6633 6634/6634
f 6635/6635 6636/6636 6637/6637
f 6635/6635 6637/6637 6638/6638
f 6639/6639 6640/6640 6641/6641
f 6639/6639 6641/6641 6642/6642
f 6643/6643 6644/6644 6645/6645
f 6643/6643 6645/6645 6646/6646
f 6647/6647 6648/6648 6649/6649
f 6647/6647 6649/6649 6650/6650
f 6651/6651 6652/6652 6653/6653
f 6651/6651 6653/6653 6654/6654
f 6655/6655 6656/6656 6657/6657
f 6655/6655 6657/6657 6658/6658
f 6659/6659 6660/6660 6661/6661
f 6659/6659 6661/6661 6662/6662
f 6663/6663 6664/6664 6665/6665
f 6663/6663 6665/6665 6666/6666
f 6667/6667 6668/6668 6669/6669
f 6667/6667 6669/6669 6670/6670
f 6671/6671 6672/6672 6673/6673
f 6671/6671 6673/6673 6674/6674
f 6675/6675 6676/6676 6677/6677
f 6675/6675 6677/6677 6678/6678
f 6679/6679 6680/6680 6681/6681
f 6679/6679 6681/6681 6682/6682
f 6683/6683 6684/6684 6685/6685
f 6683/6683 6685/6685 6686/6686
f 6687/6687 6688/6688 6689/6689
f 6687/6687 6689/6689 6690/6690
f 6691/6691 6692/6692 6693/6693
f 6691/6691 6693/6693 6694/6694
f 6695/6695 6696/6696 6697/6697
f 6695/6695 6697/6697 6698/6698
f 6699/6699 6700/6700 6701/6701
f 6699/6699 6701/6701 6702/6702
f 6703/6703 6704/6704 6705/6705
f 6703/6703 6705/6705 6706/6706
f 6707/6707 6708/6708 6709/6709
f 6707/6707 6709/6709 6710/6710
f 6711/6711 6712/6712 6713/6713
f 6711/6711 6713/6713 6714/6714
f 6715/6715 6716/6716 6717/6717
f 6715/6715 6717/6717 6718/6718
f 6719/6719 6720/6720 6721/6721
f 6719/6719 6721/6721 6722/6722
f 6723/6723 6724/6724 6725/6725
f 6723/6723 6725/6725 6726/6726
f 6727/6727 6728/6728 6729/6729
f 6727/6727 6729/6729 6730/6730
f 6731/6731 6732/6732 6733/6733
f 6731/6731 6733/6733 6734/6734
f 6735/6735 6736/6736 6737/6737
f 6735/6735 6737/6737 6738/6738
f 6739/6739 6740/6740 6741/6741
f 6739/6739 6741/6741 6742/6742
f 6743/6743 6744/6744 6745/6745
f 6743/6743 6745/6745 6746/6746
f 6747/6747 6748/6748 6749/6749
f 6747/6747 6749/6749 6750/6750
f 6751/6751 6752/6752 6753/6753
f 6751/6751 6753/6753 6754/6754
f 6755/6755 6756/6756 6757/6757
f 6755/6755 6757/6757 6758/6758
f 6759/6759 6760/6760 6761/6761
f 6759/6759 6761/6761 6762/6762
f 6763/6763 6764/6764 6765/6765
f 6763/6763 6765/6765 6766/6766
f 6767/6767 6768/6768 6769/6769
f 6767/6767 6769/6769 6770/6770
f 7401/7401 7402/7402 7403/7403
f 7401/7401 7403/7403 7404/7404
f 7405/7405 7406/7406 7407/7407
f 7405/7405 7407/7407 7408/7408
f 7409/7409 7410/7410 7411/7411
f 7409/7409 7411/7411 7412/7412
f 7413/7413 7414/7414 7415/7415
f 7413/7413 7415/7415 7416/7416
f 7417/7417 7418/7418 7419/7419
f 7417/7417 7419/7419 7420/7420
f 7421/7421 7422/7422 7423/7423
f 7421/7421 7423/7423 7424/7424
f 7425/7425 7426/7426 7427/7427
f 7425/7425 7427/7427 7428/7428
f 7429/7429 7430/7430 7431/7431
f 7429/7429 7431/7431 7432/7432
f 7433/7433 7434/7434 7435/7435
f 7433/7433 7435/7435 7436/7436
f 7437/7437 7438/7438 7439/7439
f 7437/7437 7439/7439 7440/7440
f 7441/7441 7442/7442 7443/7443
f 7441/7441 7443/7443 7444/7444
f 7445/7445 7446/7446 7447/7447
f 7445/7445 7447/7447 7448/7448
f 7449/7449 7450/7450 7451/7451
f 7449/7449 7451/7451 7452/7452
f 7453/7453 7454/7454 7455/7455
f 7453/7453 7455/7455 7456/7456
f 7457/7457 7458/7458 7459/7459
f 7457/7457 7459/7459 7460/7460
f 7461/7461 7462/7462 7463/7463
f 7461/7461 7463/7463 7464/7464
f 7465/7465 7466/7466 7467/7467
f 7465/7465 7467/7467 7468/7468
f 7469/7469 7470/7470 7471/7471
f 7469/7469 7471/7471 7472/7472
f 7473/7473 7474/7474 7475/7475
f 7473/7473 7475/7475 7476/7476
f 7477/7477 7478/7478 7479/7479
f 7477/7477 7479/7479 7480/7480
f 7481/7481 7482/7482 7483/7483
f 7481/7481 7483/7483 7484/7484
f 7485/7485 7486/7486 7487/7487
f 7485/7485 7487/7487 7488/7488
f 7489/7489 7490/7490 7491/7491
f 7489/7489 7491/7491 7492/7492
f 7493/7493 7494/7494 7495/7495
f 7493/7493 7495/7495 7496/7496
f 7497/7497 7498/7498 7499/7499
f 7497/7497 7499/7499 7500/7500
f 7501/7501 7502/7502 7503/7503
f 7501/7501 7503/7503 7504/7504
f 7505/7505 7506/7506 7507/7507
f 7505/7505 7507/7507 7508/7508
f 7509/7509 7510/7510 7511/7511
f 7509/7509 7511/7511 7512/7512
f 7513/7513 7514/7514 7515/7515
f 7513/7513 7515/7515 7516/7516
f 7517/7517 7518/7518 7519/7519
f 7517/7517 7519/7519 7520/7520
f 7521/7521 7522/7522 7523/7523
f 7521/7521 7523/7523 7524/7524
f 7525/7525 7526/7526 7527/7527
f 7525/7525 7527/7527 7528/7528
f 7529/7529 7530/7530 7531/7531
f 7529/7529 7531/7531 7532/7532
f 7533/7533 7534/7534 7535/7535
f 7533/7533 7535/7535 7536/7536
f 7537/7537 7538/7538 7539/7539
f 7537/7537 7539/7539 7540/7540
f 7541/7541 7542/7542 7543/7543
f 7541/7541 7543/7543 7544/7544
f 7545/7545 7546/7546 7547/7547
f 7545/7545 7547/7547 7548/7548
f 7549/7549 7550/7550 7551/7551
f 7549/7549 7551/7551 7552/7552
f 7553/7553 7554/7554 7555/7555
f 7553/7553 7555/7555 7556/7556
f 7557/7557 7558/7558 7559/7559
f 7557/7557 7559/7559 7560/7560
f 7561/7561 7562/7562 7563/7563
f 7561/7561 7563/7563 7564/7564
f 7565/7565 7566/7566 7567/7567
f 7565/7565 7567/7567 7568/7568
f 7569/7569 7570/7570 7571/7571
f 7569/7569 7571/7571 7572/7572
f 7573/7573 7574/7574 7575/7575
f 7573/7573 7575/7575 7576/7576
f 7577/7577 7578/7578 7579/7579
f 7577/7577 7579/7579 7580/7580
f 7581/7581 7582/7582 7583/7583
f 7581/7581 7583/7583 7584/7584
f 7585/7585 7586/7586 7587/7587
f 7585/7585 7587/7587 7588/7588
f 7589/7589 7590/7590 7591/7591
f 7589/7589 7591/7591 7592/7592
f 7593/7593 7594/7594 7595/7595
f 7593/7593 7595/7595 7596/7596
f 7597/7597 7598/7598 7599/7599
f 7597/7597 7599/7599 7600/7600
f 7601/7601 7602/7602 7603/7603
f 7601/7601 7603/7603 7604/7604
f 7605/7605 7606/7606 7607/7607
f 7605/7605 7607/7607 7608/7608
f 7609/7609 7610/7610 7611/7611
f 7609/7609 7611/7611 7612/7612
f 7613/7613 7614/7614 7615/7615
f 7613/7613 7615/7615 7616/7616
f 7617/7617 7618/7618 7619/7619
f 7617/7617 7619/7619 7620/7620
f 7621/7621 7622/7622 7623/7623
f 7621/7621 7623/7623 7624/7624
f 7625/7625 7626/7626 7627/7627
f 7625/7625 7627/7627 7628/7628
f 7629/7629 7630/7630 7631/7631
f 7629/7629 7631/7631 7632/7632
f 7633/7633 7634/7634 7635/7635
f 7633/7633 7635/7635 7636/7636
f 7637/7637 7638/7638 7639/7639
f 7637/7637 7639/7639 7640/7640
f 7641/7641 7642/7642 7643/7643
f 7641/7641 7643/7643 7644/7644
f 7645/7645 7646/7646 7647/7647
f 7645/7645 7647/7647 7648/7648
f 7649/7649 7650/7650 7651/7651
f 7649/7649 7651/7651 7652/7652
f 7653/7653 7654/7654 7655/7655
f 7653/7653 7655/7655 7656/7656
f 7657/7657 7658/7658 7659/7659
f 7657/7657 7659/7659 7660/7660
f 7661/7661 7662/7662 7663/7663
f 7661/7661 7663/7663 7664/7664
f 7665/7665 7666/7666 7667/7667
f 7665/7665 7667/7667 7668/7668
f 7669/7669 7670/7670 7671/7671
f 7669/7669 7671/7671 7672/7672
f 7673/7673 7674/7674 7675/7675
f 7673/7673 7675/7675 7676/7676
f 7677/7677 7678/7678 7679/7679
f 7677/7677 7679/7679 7680/7680
f 7681/7681 7682/7682 7683/7683
f 7681/7681 7683/7683 7684/7684
f 7685/7685 7686/7686 7687/7687
f 7685/7685 7687/7687 7688/7688
f 8495/8495 8496/8496 8497/8497
f 8495/8495 8497/8497 8498/8498
f 8499/8499 8500/8500 8501/8501
f 8499/8499 8501/8501 8502/8502
f 8503/8503 8504/8504 8505/8505
f 8503/8503 8505/8505 8506/8506
f 8507/8507 8508/8508 8509/8509
f 8507/8507 8509/8509 8510/8510
f 8511/8511 8512/8512 8513/8513
f 8511/8511 8513/8513 8514/8514
f 8515/8515 8516/8516 8517/8517
f 8515/8515 8517/8517 8518/8518
f 8519/8519 8520/8520 8521/8521
f 8519/8519 8521/8521 8522/8522
f 8523/8523 8524/8524 8525/8525
f 8523/8523 8525/8525 8526/8526
f 8527/8527 8528/8528 8529/8529
f 8527/8527 8529/8529 8530/8530
f 8531/8531 8532/8532 8533/8533
f 8531/8531 8533/8533 8534/8534
f 8535/8535 8536/8536 8537/8537
f 8535/8535 8537/8537 8538/8538
f 8539/8539 8540/8540 8541/8541
f 8539/8539 8541/8541 8542/8542
f 8543/8543 8544/8544 8545/8545
f 8543/8543 8545/8545 8546/8546
f 8547/8547 8548/8548 8549/8549
f 8547/8547 8549/8549 8550/8550
f 8551/8551 8552/8552 8553/8553
f 8551/8551 8553/8553 8554/8554
f 8555/8555 8556/8556 8557/8557
f 8555/8555 8557/8557 8558/8558
f 8559/8559 8560/8560 8561/8561
f 8559/8559 8561/8561 8562/8562
f 8563/8563 8564/8564 8565/8565
f 8563/8563 8565/8565 8566/8566
f 9191/9191 9192/9192 9193/9193
f 9191/9191 9193/9193 9194/9194
f 9195/9195 9196/9196 9197/9197
f 9195/9195 9197/9197 9198/9198
f 9199/9199 9200/9200 9201/9201
f 9199/9199 9201/9201 9202/9202
f 9203/9203 9204/9204 9205/9205
f 9203/9203 9205/9205 9206/9206
f 9207/9207 9208/9208 9209/9209
f 9207/9207 9209/9209 9210/9210
f 9211/9211 9212/9212 9213/9213
f 9211/9211 9213/9213 9214/9214
f 9215/9215 9216/9216 9217/9217
f 9215/9215 9217/9217 9218/9218
f 9219/9219 9220/9220 9221/9221
f 9219/9219 9221/9221 9222/9222
f 9223/9223 9224/9224 9225/9225
f 9223/9223 9225/9225 9226/9226
f 9227/9227 9228/9228 9229/9229
f 9227/9227 9229/9229 9230/9230
f 9231/9231 9232/9232 9233/9233
f 9231/9231 9233/9233 9234/9234
f 9235/9235 9236/9236 9237/9237
f 9235/9235 9237/9237 9238/9238
f 9239/9239 9240/9240 9241/9241
f 9239/9239 9241/9241 9242/9242
f 9243/9243 9244/9244 9245/9245
f 9243/9243 9245/9245 9246/9246
f 9247/9247 9248/9248 9249/9249
f 9247/9247 9249/9249 9250/9250
f 9251/9251 9252/9252 9253/9253
f 9251/9251 9253/9253 9254/9254
f 9255/9255 9256/9256 9257/9257
f 9255/9255 9257/9257 9258/9258
f 9259/9259 9260/9260 9261/9261
f 9259/9259 9261/9261 9262/9262
f 9263/9263 9264/9264 9265/9265
f 9263/9263 9265/9265 9266/9266
f 9267/9267 9268/9268 9269/9269
f 9267/9267 9269/9269 9270/9270
f 9271/9271 9272/9272 9273/9273
f 9271/9271 9273/9273 9274/9274
f 9275/9275 9276/9276 9277/9277
f 9275/9275 9277/9277 9278/9278
f 9279/9279 9280/9280 9281/9281
f 9279/9279 9281/9281 9282/9282
f 9283/9283 9284/9284 9285/9285
f 9283/9283 9285/9285 9286/9286
f 9287/9287 9288/9288 9289/9289
f 9287/9287 9289/9289 9290/9290
f 9291/9291 9292/9292 9293/9293
f 9291/9291 9293/9293 9294/9294
f 9295/9295 9296/9296 9297/9297
f 9295/9295 9297/9297 9298/9298
f 9299/9299 9300/9300 9301/9301
f 9299/9299 9301/9301 9302/9302
f 9303/9303 9304/9304 9305/9305
f 9303/9303 9305/9305 9306/9306
f 9307/9307 9308/9308 9309/9309
f 9307/9307 9309/9309 9310/9310
f 9311/9311 9312/9312 9313/9313
f 9311/9311 9313/9313 9314/9314
f 9315/9315 9316/9316 9317/9317
f 9315/9315 9317/9317 9318/9318
f 9319/9319 9320/9320 9321/9321
f 9319/9319 9321/9321 9322/9322
f 9323/9323 9324/9324 9325/9325
f 9323/9323 9325/9325 9326/9326
f 9327/9327 9328/9328 9329/9329
f 9327/9327 9329/9329 9330/9330
f 9331/9331 9332/9332 9333/9333
f 9331/9331 9333/9333 9334/9334
f 9335/9335 9336/9336 9337/9337
f 9335/9335 9337/9337 9338/9338
f 9339/9339 9340/9340 9341/9341
f 9339/9339 9341/9341 9342/9342
f 9343/9343 9344/9344 9345/9345
f 9343/9343 9345/9345 9346/9346
f 9347/9347 9348/9348 9349/9349
f 9347/9347 9349/9349 9350/9350
f 9351/9351 9352/9352 9353/9353
f 9351/9351 9353/9353 9354/9354
f 9355/9355 9356/9356 9357/9357
f 9355/9355 9357/9357 9358/9358
f 9359/9359 9360/9360 9361/9361
f 9359/9359 9361/9361 9362/9362
f 9363/9363 9364/9364 9365/9365
f 9363/9363 9365/9365 9366/9366
f 9367/9367 9368/9368 9369/9369
f 9367/9367 9369/9369 9370/9370
f 9371/9371 9372/9372 9373/9373
f 9371/9371 9373/9373 9374/9374
f 9375/9375 9376/9376 9377/9377
f 9375/9375 9377/9377 9378/9378
f 9379/9379 9380/9380 9381/9381
f 9379/9379 9381/9381 9382/9382
f 9383/9383 9384/9384 9385/9385
f 9383/9383 9385/9385 9386/9386
f 9387/9387 9388/9388 9389/9389
f 9387/9387 9389/9389 9390/9390
f 9391/9391 9392/9392 9393/9393
f 9391/9391 9393/9393 9394/9394
f 9395/9395 9396/9396 9397/9397
f 9395/9395 9397/9397 9398/9398
f 9399/9399 9400/9400 9401/9401
f 9399/9399 9401/9401 9402/9402
f 9403/9403 9404/9404 9405/9405
f 9403/9403 9405/9405 9406/9406
f 10057/10057 10058/10058 10059/10059
f 10057/10057 10059/10059 10060/10060
f 10061/10061 10062/10062 10063/10063
f 10061/10061 10063/10063 10064/10064
f 10065/10065 10066/10066 10067/10067
f 10065/10065 10067/10067 10068/10068
f 10069/10069 10070/10070 10071/10071
f 10069/10069 10071/10071 10072/10072
f 10073/10073 10074/10074 10075/10075
f 10073/10073 10075/10075 10076/10076
f 10077/10077 10078/10078 10079/10079
f 10077/10077 10079/10079 10080/10080
f 10081/10081 10082/10082 10083/10083
f 10081/10081 10083/10083 10084/10084
f 10085/10085 10086/10086 10087/10087
f 10085/10085 10087/10087 10088/10088
f 10089/10089 10090/10090 10091/10091
f 10089/10089 10091/10091 10092/10092
f 10093/10093 10094/10094 10095/10095
f 10093/10093 10095/10095 10096/10096
f 10097/10097 10098/10098 10099/10099
f 10097/10097 10099/10099 10100/10100
f 10101/10101 10102/10102 10103/10103
f 10101/10101 10103/10103 10104/10104
f 10105/10105 10106/10106 10107/10107
f 10105/10105 10107/10107 10108/10108
f 10109/10109 10110/10110 10111/10111
f 10109/10109 10111/10111 10112/10112
f 10113/10113 10114/10114 10115/10115
f 10113/10113 10115/10115 10116/10116
f 10117/10117 10118/10118 10119/10119
f 10117/10117 10119/10119 10120/10120
f 10121/10121 10122/10122 10123/10123
f 10121/10121 10123/10123 10124/10124
f 10125/10125 10126/10126 10127/10127
f 10125/10125 10127/10127 10128/10128
f 10129/10129 10130/10130 10131/10131
f 10129/10129 10131/10131 10132/10132
f 10133/10133 10134/10134 10135/10135
f 10133/10133 10135/10135 10136/10136
f 10137/10137 10138/10138 10139/10139
f 10137/10137 10139/10139 10140/10140
f 10141/10141 10142/10142 10143/10143
f 10141/10141 10143/10143 10144/10144
f 10145/10145 10146/10146 10147/10147
f 10145/10145 10147/10147 10148/10148
f 10149/10149 10150/10150 10151/10151
f 10149/10149 10151/10151 10152/10152
f 10153/10153 10154/10154 10155/10155
f 10153/10153 10155/10155 10156/10156
f 10157/10157 10158/10158 10159/10159
f 10157/10157 10159/10159 10160/10160
f 10161/10161 10162/10162 10163/10163
f 10161/10161 10163/10163 10164/10164
f 10165/10165 10166/10166 10167/10167
f 10165/10165 10167/10167 10168/10168
f 10169/10169 10170/10170 10171/10171
f 10169/10169 10171/10171 10172/10172
f 10173/10173 10174/10174 10175/10175
f 10173/10173 10175/10175 10176/10176
f 10177/10177 10178/10178 10179/10179
f 10177/10177 10179/10179 10180/10180
f 10181/10181 10182/10182 10183/10183
f 10181/10181 10183/10183 10184/10184
f 10185/10185 10186/10186 10187/10187
f 10185/10185 10187/10187 10188/10188
f 10189/10189 10190/10190 10191/10191
f 10189/10189 10191/10191 10192/10192
f 10193/10193 10194/10194 10195/10195
f 10193/10193 10195/10195 10196/10196
f 10197/10197 10198/10198 10199/10199
f 10197/10197 10199/10199 10200/10200
f 10955/10955 10956/10956 10957/10957
f 10955/10955 10957/10957 10958/10958
f 10959/10959 10960/10960 10961/10961
f 10959/10959 10961/10961 10962/10962
f 10963/10963 10964/10964 10965/10965
f 10963/10963 10965/10965 10966/10966
f 10967/10967 10968/10968 10969/10969
f 10967/10967 10969/10969 10970/10970
f 10971/10971 10972/10972 10973/10973
f 10971/10971 10973/10973 10974/10974
f 10975/10975 10976/10976 10977/10977
f 10975/10975 10977/10977 10978/10978
f 10979/10979 10980/10980 10981/10981
f 10979/10979 10981/10981 10982/10982
f 10983/10983 10984/10984 10985/10985
f 10983/10983 10985/10985 10986/10986
f 10987/10987 10988/10988 10989/10989
f 10987/10987 10989/10989 10990/10990
f 10991/10991 10992/10992 10993/10993
f 10991/10991 10993/10993 10994/10994
f 10995/10995 10996/10996 10997/10997
f 10995/10995 10997/10997 10998/10998
f 10999/10999 11000/11000 11001/11001
f 10999/10999 11001/11001 11002/11002
f 11003/11003 11004/11004 11005/11005
f 11003/11003 11005/11005 11006/11006
f 11007/11007 11008/11008 11009/11009
f 11007/11007 11009/11009 11010/11010
f 11011/11011 11012/11012 11013/11013
f 11011/11011 11013/11013 11014/11014
f 11015/11015 11016/11016 11017/11017
f 11015/11015 11017/11017 11018/11018
f 11019/11019 11020/11020 11021/11021
f 11019/11019 11021/11021 11022/11022
f 11023/11023 11024/11024 11025/11025
f 11023/11023 11025/11025 11026/11026
f 11027/11027 11028/11028 11029/11029
f 11027/11027 11029/11029 11030/11030
f 11031/11031 11032/11032 11033/11033
f 11031/11031 11033/11033 11034/11034
f 11035/11035 11036/11036 11037/11037
f 11035/11035 11037/11037 11038/11038
f 11039/11039 11040/11040 11041/11041
f 11039/11039 11041/11041 11042/11042
f 11043/11043 11044/11044 11045/11045
f 11043/11043 11045/11045 11046/11046
f 11047/11047 11048/11048 11049/11049
f 11047/11047 11049/11049 11050/11050
f 11051/11051 11052/11052 11053/11053
f 11051/11051 11053/11053 11054/11054
f 11055/11055 11056/11056 11057/11057
f 11055/11055 11057/11057 11058/11058
f 11059/11059 11060/11060 11061/11061
f 11059/11059 11061/11061 11062/11062
f 11063/11063 11064/11064 11065/11065
f 11063/11063 11065/11065 11066/11066
f 11067/11067 11068/11068 11069/11069
f 11067/11067 11069/11069 11070/11070
f 11071/11071 11072/11072 11073/11073
f 11071/11071 11073/11073 11074/11074
f 11075/11075 11076/11076 11077/11077
f 11075/11075 11077/11077 11078/11078
f 11079/11079 11080/11080 11081/11081
f 11079/11079 11081/11081 11082/11082
f 11083/11083 11084/11084 11085/11085
f 11083/11083 11085/11085 11086/11086
f 11087/11087 11088/11088 11089/11089
f 11087/11087 11089/11089 11090/11090
f 11091/11091 11092/11092 11093/11093
f 11091/11091 11093/11093 11094/11094
f 11095/11095 11096/11096 11097/11097
f 11095/11095 11097/11097 11098/11098
f 11983/11983 11984/11984 11985/11985
f 11983/11983 11985/11985 11986/11986
f 11987/11987 11988/11988 11989/11989
f 11987/11987 11989/11989 11990/11990
f 11991/11991 11992/11992 11993/11993
f 11991/11991 11993/11993 11994/11994
f 11995/11995 11996/11996 11997/11997
f 11995/11995 11997/11997 11998/11998
f 11999/11999 12000/12000 12001/12001
f 11999/11999 12001/12001 12002/12002
f 12003/12003 12004/12004 12005/12005
f 12003/12003 12005/12005 12006/12006
f 12007/12007 12008/12008 12009/12009
f 12007/12007 12009/12009 12010/12010
f 12011/12011 12012/12012 12013/12013
f 12011/12011 12013/12013 12014/12014
f 12015/12015 12016/12016 12017/12017
f 12015/12015 12017/12017 12018/12018
f 12019/12019 12020/12020 12021/12021
f 12019/12019 12021/12021 12022/12022
f 12023/12023 12024/12024 12025/12025
f 12023/12023 12025/12025 12026/12026
f 12027/12027 12028/12028 12029/12029
f 12027/12027 12029/12029 12030/12030
f 12031/12031 12032/12032 12033/12033
f 12031/12031 12033/12033 12034/12034
f 12035/12035 12036/12036 12037/12037
f 12035/12035 12037/12037 12038/12038
f 12039/12039 12040/12040 12041/12041
f 12039/12039 12041/12041 12042/12042
f 12043/12043 12044/12044 12045/12045
f 12043/12043 12045/12045 12046/12046
f 12047/12047 12048/12048 12049/12049
f 12047/12047 12049/12049 12050/12050
f 12051/12051 12052/12052 12053/12053
f 12051/12051 12053/12053 12054/12054
f 12913/12913 12914/12914 12915/12915
f 12913/12913 12915/12915 12916/12916
f 12917/12917 12918/12918 12919/12919
f 12917/12917 12919/12919 12920/12920
f 12921/12921 12922/12922 12923/12923
f 12921/12921 12923/12923 12924/12924
f 12925/12925 12926/12926 12927/12927
f 12925/12925 12927/12927 12928/12928
f 12929/12929 12930/12930 12931/12931
f 12929/12929 12931/12931 12932/12932
f 12933/12933 12934/12934 12935/12935
f 12933/12933 12935/12935 12936/12936
f 12937/12937 12938/12938 12939/12939
f 12937/12937 12939/12939 12940/12940
f 12941/12941 12942/12942 12943/12943
f 12941/12941 12943/12943 12944/12944
f 12945/12945 12946/12946 12947/12947
f 12945/12945 12947/12947 12948/12948
f 12949/12949 12950/12950 12951/12951
f 12949/12949 12951/12951 12952/12952
f 12953/12953 12954/12954 12955/12955
f 12953/12953 12955/12955 12956/12956
f 12957/12957 12958/12958 12959/12959
f 12957/12957 12959/12959 12960/12960
f 12961/12961 12962/12962 12963/12963
f 12961/12961 12963/12963 12964/12964
f 12965/12965 12966/12966 12967/12967
f 12965/12965 12967/12967 12968/12968
f 12969/12969 12970/12970 12971/12971
f 12969/12969 12971/12971 12972/12972
f 12973/12973 12974/12974 12975/12975
f 12973/12973 12975/12975 12976/12976
f 12977/12977 12978/12978 12979/12979
f 12977/12977 12979/12979 12980/12980
f 12981/12981 12982/12982 12983/12983
f 12981/12981 12983/12983 12984/12984
f 12985/12985 12986/12986 12987/12987
f 12985/12985 12987/12987 12988/12988
f 12989/12989 12990/12990 12991/12991
f 12989/12989 12991/12991 12992/12992
f 12993/12993 12994/12994 12995/12995
f 12993/12993 12995/12995 12996/12996
f 12997/12997 12998/12998 12999/12999
f 12997/12997 12999/12999 13000/13000
f 13001/13001 13002/13002 13003/13003
f 13001/13001 13003/13003 13004/13004
f 13005/13005 13006/13006 13007/13007
f 13005/13005 13007/13007 13008/13008
f 13009/13009 13010/13010 13011/13011
f 13009/13009 13011/13011 13012/13012
f 13013/13013 13014/13014 13015/13015
f 13013/13013 13015/13015 13016/13016
f 13017/13017 13018/13018 13019/13019
f 13017/13017 13019/13019 13020/13020
f 13021/13021 13022/13022 13023/13023
f 13021/13021 13023/13023 13024/13024
f 13025/13025 13026/13026 13027/13027
f 13025/13025 13027/13027 13028/13028
f 13029/13029 13030/13030 13031/13031
f 13029/13029 13031/13031 13032/13032
f 13033/13033 13034/13034 13035/13035
f 13033/13033 13035/13035 13036/13036
f 13037/13037 13038/13038 13039/13039
f 13037/13037 13039/13039 13040/13040
f 13041/13041 13042/13042 13043/13043
f 13041/13041 13043/13043 13044/13044
f 13045/13045 13046/13046 13047/13047
f 13045/13045 13047/13047 13048/13048
f 13049/13049 13050/13050 13051/13051
f 13049/13049 13051/13051 13052/13052
f 13053/13053 13054/13054 13055/13055
f 13053/13053 13055/13055 13056/13056
f 13057/13057 13058/13058 13059/13059
f 13057/13057 13059/13059 13060/13060
f 13061/13061 13062/13062 13063/13063
f 13061/13061 13063/13063 13064/13064
f 13065/13065 13066/13066 13067/13067
f 13065/13065 13067/13067 13068/13068
f 13069/13069 13070/13070 13071/13071
f 13069/13069 13071/13071 13072/13072
f 13073/13073 13074/13074 13075/13075
f 13073/13073 13075/13075 13076/13076
f 13077/13077 13078/13078 13079/13079
f 13077/13077 13079/13079 13080/13080
f 13081/13081 13082/13082 13083/13083
f 13081/13081 13083/13083 13084/13084
f 13085/13085 13086/13086 13087/13087
f 13085/13085 13087/13087 13088/13088
f 13089/13089 13090/13090 13091/13091
f 13089/13089 13091/13091 13092/13092
f 13093/13093 13094/13094 13095/13095
f 13093/13093 13095/13095 13096/13096
f 13097/13097 13098/13098 13099/13099
f 13097/13097 13099/13099 13100/13100
f 13101/13101 13102/13102 13103/13103
f 13101/13101 13103/13103 13104/13104
f 13105/13105 13106/13106 13107/13107
f 13105/13105 13107/13107 13108/13108
f 13109/13109 13110/13110 13111/13111
f 13109/13109 13111/13111 13112/13112
f 13113/13113 13114/13114 13115/13115
f 13113/13113 13115/13115 13116/13116
f 13117/13117 13118/13118 13119/13119
f 13117/13117 13119/13119 13120/13120
f 13121/13121 13122/13122 13123/13123
f 13121/13121 13123/13123 13124/13124
f 13125/13125 13126/13126 13127/13127
f 13125/13125 13127/13127 13128/13128
f 14867/14867 14868/14868 14869/14869
f 14867/14867 14869/14869 14870/14870
f 14871/14871 14872/14872 14873/14873
f 14871/14871 14873/14873 14874/14874
f 14875/14875 14876/14876 14877/14877
f 14875/14875 14877/14877 14878/14878
f 14879/14879 14880/14880 14881/14881
f 14879/14879 14881/14881 14882/14882
f 14883/14883 14884/14884 14885/14885
f 14883/14883 14885/14885 14886/14886
f 14887/14887 14888/14888 14889/14889
f 14887/14887 14889/14889 14890/14890
f 14891/14891 14892/14892 14893/14893
f 14891/14891 14893/14893 14894/14894
f 14895/14895 14896/14896 14897/14897
f 14895/14895 14897/14897 14898/14898
f 14899/14899 14900/14900 14901/14901
f 14899/14899 14901/14901 14902/14902
f 14903/14903 14904/14904 14905/14905
f 14903/14903 14905/14905 14906/14906
f 14907/14907 14908/14908 14909/14909
f 14907/14907 14909/14909 14910/14910
f 14911/14911 14912/14912 14913/14913
f 14911/14911 14913/14913 14914/14914
f 14915/14915 14916/14916 14917/14917
f 14915/14915 14917/14917 14918/14918
f 14919/14919 14920/14920 14921/14921
f 14919/14919 14921/14921 14922/14922
f 14923/14923 14924/14924 14925/14925
f 14923/14923 14925/14925 14926/14926
f 14927/14927 14928/14928 14929/14929
f 14927/14927 14929/14929 14930/14930
f 14931/14931 14932/14932 14933/14933
f 14931/14931 14933/14933 14934/14934
f 14935/14935 14936/14936 14937/14937
f 14935/14935 14937/14937 14938/14938
f 14939/14939 14940/14940 14941/14941
f 14939/14939 14941/14941 14942/14942
f 14943/14943 14944/14944 14945/14945
f 14943/14943 14945/14945 14946/14946
f 14947/14947 14948/14948 14949/14949
f 14947/14947 14949/14949 14950/14950
f 14951/14951 14952/14952 14953/14953
f 14951/14951 14953/14953 14954/14954
f 14955/14955 14956/14956 14957/14957
f 14955/14955 14957/14957 14958/14958
f 14959/14959 14960/14960 14961/14961
f 14959/14959 14961/14961 14962/14962
f 14963/14963 14964/14964 14965/14965
f 14963/14963 14965/14965 14966/14966
f 14967/14967 14968/14968 14969/14969
f 14967/14967 14969/14969 14970/14970
f 14971/14971 14972/14972 14973/14973
f 14971/14971 14973/14973 14974/14974
f 14975/14975 14976/14976 14977/14977
f 14975/14975 14977/14977 14978/14978
f 14979/14979 14980/14980 14981/14981
f 14979/14979 14981/14981 14982/14982
f 14983/14983 14984/14984 14985/14985
f 14983/14983 14985/14985 14986/14986
f 14987/14987 14988/14988 14989/14989
f 14987/14987 14989/14989 14990/14990
f 14991/14991 14992/14992 14993/14993
f 14991/14991 14993/14993 14994/14994
f 14995/14995 14996/14996 14997/14997
f 14995/14995 14997/14997 14998/14998
f 14999/14999 15000/15000 15001/15001
f 14999/14999 15001/15001 15002/15002
f 15003/15003 15004/15004 15005/15005
f 15003/15003 15005/15005 15006/15006
f 15007/15007 15008/15008 15009/15009
f 15007/15007 15009/15009 15010/15010
usemtl wood
f 15915/15915 15916/15916 15917/15917
f 15915/15915 15917/15917 15918/15918
f 15919/15919 15920/15920 15921/15921
f 15919/15919 15921/15921 15922/15922
f 15923/15923 15924/15924 15925/15925
f 15923/15923 15925/15925 15926/15926
f 15927/15927 15928/15928 15929/15929
f 15927/15927 15929/15929 15930/15930
f 15931/15931 15932/15932 15933/15933
f 15931/15931 15933/15933 15934/15934
f 15935/15935 15936/15936 15937/15937
f 15935/15935 15937/15937 15938/15938
f 15939/15939 15940/15940 15941/15941
f 15939/15939 15941/15941 15942/15942
f 15943/15943 15944/15944 15945/15945
f 15943/15943 15945/15945 15946/15946
f 15947/15947 15948/15948 15949/15949
f 15947/15947 15949/15949 15950/15950
f 15951/15951 15952/15952 15953/15953
f 15951/15951 15953/15953 15954/15954
f 15955/15955 15956/15956 15957/15957
f 15955/15955 15957/15957 15958/15958
f 15959/15959 15960/15960 15961/15961
f 15959/15959 15961/15961 15962/15962
f 15963/15963 15964/15964 15965/15965
f 15963/15963 15965/15965 15966/15966
f 15967/15967 15968/15968 15969/15969
f 15967/15967 15969/15969 15970/15970
f 15971/15971 15972/15972 15973/15973
f 15971/15971 15973/15973 15974/15974
f 15975/15975 15976/15976 15977/15977
f 15975/15975 15977/15977 15978/15978
f 15979/15979 15980/15980 15981/15981
f 15979/15979 15981/15981 15982/15982
f 15983/15983 15984/15984 15985/15985
f 15983/15983 15985/15985 15986/15986
f 15987/15987 15988/15988 15989/15989
f 15987/15987 15989/15989 15990/15990
f 15991/15991 15992/15992 15993/15993
f 15991/15991 15993/15993 15994/15994
f 15995/15995 15996/15996 15997/15997
f 15995/15995 15997/15997 15998/15998
f 15999/15999 16000/16000 16001/16001
f 15999/15999 16001/16001 16002/16002
f 16003/16003 16004/16004 16005/16005
f 16003/16003 16005/16005 16006/16006
f 16007/16007 16008/16008 16009/16009
f 16007/16007 16009/16009 16010/16010
