# P_med_4 (Sightline generated, CENTIMETRES, +Z up)
v 204.25 149.26 29.24
v 219.10 155.30 29.63
v 212.92 165.26 39.42
v 194.97 159.10 34.27
v 194.97 159.10 34.27
v 212.92 165.26 39.42
v 206.43 176.37 46.43
v 185.71 168.86 39.47
v 219.10 155.30 29.63
v 234.05 160.98 30.88
v 230.62 172.35 42.32
v 212.92 165.26 39.42
v 212.92 165.26 39.42
v 230.62 172.35 42.32
v 226.96 184.61 51.64
v 206.43 176.37 46.43
v 200.68 159.82 2.85
v 197.07 173.56 4.34
v 215.85 175.75 6.36
v 218.72 162.18 3.73
v 218.72 162.18 3.73
v 215.85 175.75 6.36
v 234.32 177.85 11.85
v 236.61 164.49 6.17
v 197.07 173.56 4.34
v 193.70 187.37 3.00
v 213.12 189.37 7.39
v 215.85 175.75 6.36
v 215.85 175.75 6.36
v 213.12 189.37 7.39
v 232.17 191.25 16.09
v 234.32 177.85 11.85
v 204.25 149.26 29.24
v 195.48 159.48 34.46
v 196.15 166.38 18.65
v 200.26 152.69 15.60
v 200.26 152.69 15.60
v 196.15 166.38 18.65
v 197.47 173.83 2.98
v 200.68 159.82 2.85
v 195.48 159.48 34.46
v 185.71 168.86 39.47
v 190.93 179.15 21.48
v 196.15 166.38 18.65
v 196.15 166.38 18.65
v 190.93 179.15 21.48
v 193.70 187.37 3.00
v 197.47 173.83 2.98
v 234.05 160.98 30.88
v 236.04 162.87 18.62
v 232.89 175.42 26.25
v 231.84 173.05 41.43
v 231.84 173.05 41.43
v 232.89 175.42 26.25
v 228.78 187.79 33.76
v 226.96 184.61 51.64
v 236.04 162.87 18.62
v 236.61 164.49 6.17
v 234.51 177.90 11.15
v 232.89 175.42 26.25
v 232.89 175.42 26.25
v 234.51 177.90 11.15
v 232.17 191.25 16.09
v 228.78 187.79 33.76
v 204.25 149.26 29.24
v 203.14 152.94 15.31
v 219.10 158.15 17.06
v 218.36 157.00 30.92
v 218.36 157.00 30.92
v 219.10 158.15 17.06
v 235.53 162.25 18.30
v 234.05 160.98 30.88
v 203.14 152.94 15.31
v 200.68 159.82 2.85
v 218.69 162.05 4.46
v 219.10 158.15 17.06
v 219.10 158.15 17.06
v 218.69 162.05 4.46
v 236.61 164.49 6.17
v 235.53 162.25 18.30
v 185.71 168.86 39.47
v 206.02 177.37 45.81
v 209.77 182.74 27.44
v 189.84 177.84 21.13
v 189.84 177.84 21.13
v 209.77 182.74 27.44
v 212.64 189.90 9.78
v 193.70 187.37 3.00
v 206.02 177.37 45.81
v 226.96 184.61 51.64
v 228.34 190.39 34.84
v 209.77 182.74 27.44
v 209.77 182.74 27.44
v 228.34 190.39 34.84
v 232.17 191.25 16.09
v 212.64 189.90 9.78
v 218.94 -329.09 25.91
v 205.06 -295.50 34.57
v 183.01 -311.99 12.65
v 200.40 -344.90 6.15
v 200.40 -344.90 6.15
v 183.01 -311.99 12.65
v 164.09 -326.13 -13.91
v 182.48 -360.25 -14.52
v 205.06 -295.50 34.57
v 191.97 -261.31 42.05
v 167.99 -277.29 15.62
v 183.01 -311.99 12.65
v 183.01 -311.99 12.65
v 167.99 -277.29 15.62
v 145.43 -292.21 -12.91
v 164.09 -326.13 -13.91
v 266.97 -316.74 -13.27
v 233.54 -318.70 -43.03
v 217.90 -285.00 -40.46
v 248.99 -277.17 -14.23
v 248.99 -277.17 -14.23
v 217.90 -285.00 -40.46
v 200.74 -251.97 -36.26
v 230.72 -237.73 -14.89
v 233.54 -318.70 -43.03
v 202.41 -319.67 -75.23
v 185.65 -293.35 -65.43
v 217.90 -285.00 -40.46
v 217.90 -285.00 -40.46
v 185.65 -293.35 -65.43
v 169.21 -266.88 -55.98
v 200.74 -251.97 -36.26
v 218.94 -329.09 25.91
v 199.51 -342.31 4.96
v 217.50 -331.05 -19.40
v 242.04 -321.12 5.76
v 242.04 -321.12 5.76
v 217.50 -331.05 -19.40
v 232.10 -313.13 -45.83
v 266.97 -316.74 -13.27
v 199.51 -342.31 4.96
v 182.48 -360.25 -14.52
v 194.54 -344.05 -43.60
v 217.50 -331.05 -19.40
v 217.50 -331.05 -19.40
v 194.54 -344.05 -43.60
v 202.41 -319.67 -75.23
v 232.10 -313.13 -45.83
v 191.97 -261.31 42.05
v 210.49 -248.19 13.56
v 187.51 -269.51 -10.32
v 170.01 -278.81 14.62
v 170.01 -278.81 14.62
v 187.51 -269.51 -10.32
v 155.85 -277.25 -34.49
v 145.43 -292.21 -12.91
v 210.49 -248.19 13.56
v 230.72 -237.73 -14.89
v 202.06 -255.58 -35.36
v 187.51 -269.51 -10.32
v 187.51 -269.51 -10.32
v 202.06 -255.58 -35.36
v 169.21 -266.88 -55.98
v 155.85 -277.25 -34.49
v 218.94 -329.09 25.91
v 243.02 -322.91 6.40
v 226.99 -286.24 9.75
v 207.21 -295.03 36.19
v 207.21 -295.03 36.19
v 226.99 -286.24 9.75
v 211.65 -249.49 13.96
v 191.97 -261.31 42.05
v 243.02 -322.91 6.40
v 266.97 -316.74 -13.27
v 251.20 -277.00 -11.12
v 226.99 -286.24 9.75
v 226.99 -286.24 9.75
v 251.20 -277.00 -11.12
v 230.72 -237.73 -14.89
v 211.65 -249.49 13.96
v 182.48 -360.25 -14.52
v 162.09 -327.21 -14.98
v 174.43 -309.99 -39.96
v 196.92 -337.59 -41.83
v 196.92 -337.59 -41.83
v 174.43 -309.99 -39.96
v 190.28 -290.91 -62.56
v 202.41 -319.67 -75.23
v 162.09 -327.21 -14.98
v 145.43 -292.21 -12.91
v 157.82 -279.28 -34.10
v 174.43 -309.99 -39.96
v 174.43 -309.99 -39.96
v 157.82 -279.28 -34.10
v 169.21 -266.88 -55.98
v 190.28 -290.91 -62.56
v 199.47 -6.71 138.29
v 201.86 14.42 137.53
v 170.34 20.46 140.21
v 172.12 -3.68 142.24
v 172.12 -3.68 142.24
v 170.34 20.46 140.21
v 139.02 26.82 145.19
v 144.44 -1.17 142.46
v 201.86 14.42 137.53
v 203.84 34.92 132.21
v 168.99 45.27 143.04
v 170.34 20.46 140.21
v 170.34 20.46 140.21
v 168.99 45.27 143.04
v 133.92 55.28 151.41
v 139.02 26.82 145.19
v 194.44 -4.00 90.71
v 163.90 3.03 98.09
v 166.90 22.14 94.57
v 198.54 15.06 92.19
v 198.54 15.06 92.19
v 166.90 22.14 94.57
v 170.86 40.78 95.53
v 202.49 34.18 92.96
v 163.90 3.03 98.09
v 133.33 10.07 105.36
v 135.04 29.33 95.96
v 166.90 22.14 94.57
v 166.90 22.14 94.57
v 135.04 29.33 95.96
v 137.57 48.17 90.41
v 170.86 40.78 95.53
v 199.47 -6.71 138.29
v 171.82 -5.20 140.31
v 167.85 -1.14 119.17
v 196.72 -7.61 114.39
v 196.72 -7.61 114.39
v 167.85 -1.14 119.17
v 163.92 3.34 98.05
v 194.44 -4.00 90.71
v 171.82 -5.20 140.31
v 144.44 -1.17 142.46
v 138.70 2.69 123.83
v 167.85 -1.14 119.17
v 167.85 -1.14 119.17
v 138.70 2.69 123.83
v 133.33 10.07 105.36
v 163.92 3.34 98.05
v 203.84 34.92 132.21
v 204.29 38.51 112.47
v 169.50 43.29 116.75
v 169.07 45.78 141.79
v 169.07 45.78 141.79
v 169.50 43.29 116.75
v 135.65 51.40 120.92
v 133.92 55.28 151.41
v 204.29 38.51 112.47
v 202.49 34.18 92.96
v 170.74 43.68 91.62
v 169.50 43.29 116.75
v 169.50 43.29 116.75
v 170.74 43.68 91.62
v 137.57 48.17 90.41
v 135.65 51.40 120.92
v 199.47 -6.71 138.29
v 195.41 -5.16 114.67
v 202.92 14.25 113.22
v 200.50 14.25 135.38
v 200.50 14.25 135.38
v 202.92 14.25 113.22
v 205.75 34.24 112.29
v 203.84 34.92 132.21
v 195.41 -5.16 114.67
v 194.44 -4.00 90.71
v 196.37 15.35 92.07
v 202.92 14.25 113.22
v 202.92 14.25 113.22
v 196.37 15.35 92.07
v 202.49 34.18 92.96
v 205.75 34.24 112.29
v 144.44 -1.17 142.46
v 138.07 26.81 147.19
v 133.39 27.21 123.32
v 137.11 4.06 124.32
v 137.11 4.06 124.32
v 133.39 27.21 123.32
v 139.27 29.97 97.00
v 133.33 10.07 105.36
v 138.07 26.81 147.19
v 133.92 55.28 151.41
v 135.32 51.63 121.01
v 133.39 27.21 123.32
v 133.39 27.21 123.32
v 135.32 51.63 121.01
v 137.57 48.17 90.41
v 139.27 29.97 97.00
v -237.84 143.71 74.96
v -226.54 171.10 71.52
v -206.22 156.50 65.50
v -216.49 129.39 63.98
v -216.49 129.39 63.98
v -206.22 156.50 65.50
v -186.96 142.21 57.08
v -195.30 115.12 52.61
v -226.54 171.10 71.52
v -213.80 198.08 71.36
v -195.47 183.47 68.15
v -206.22 156.50 65.50
v -206.22 156.50 65.50
v -195.47 183.47 68.15
v -178.64 169.30 61.52
v -186.96 142.21 57.08
v -229.27 135.29 115.13
v -208.00 127.01 104.90
v -200.49 154.76 107.04
v -222.59 162.14 109.86
v -222.59 162.14 109.86
v -200.49 154.76 107.04
v -196.31 182.52 103.14
v -214.52 188.99 107.09
v -208.00 127.01 104.90
v -188.04 118.74 92.29
v -181.90 147.39 97.86
v -200.49 154.76 107.04
v -200.49 154.76 107.04
v -181.90 147.39 97.86
v -174.67 176.03 105.40
v -196.31 182.52 103.14
v -237.84 143.71 74.96
v -217.89 127.54 63.67
v -213.02 127.63 83.71
v -232.60 140.86 95.13
v -232.60 140.86 95.13
v -213.02 127.63 83.71
v -208.48 127.27 103.72
v -229.27 135.29 115.13
v -217.89 127.54 63.67
v -195.30 115.12 52.61
v -190.98 117.92 72.51
v -213.02 127.63 83.71
v -213.02 127.63 83.71
v -190.98 117.92 72.51
v -188.04 118.74 92.29
v -208.48 127.27 103.72
v -213.80 198.08 71.36
v -213.74 194.00 89.35
v -197.09 181.22 85.83
v -195.46 184.54 66.67
v -195.46 184.54 66.67
v -197.09 181.22 85.83
v -176.11 173.28 83.63
v -178.64 169.30 61.52
v -213.74 194.00 89.35
v -214.52 188.99 107.09
v -194.13 183.04 106.39
v -197.09 181.22 85.83
v -197.09 181.22 85.83
v -194.13 183.04 106.39
v -174.67 176.03 105.40
v -176.11 173.28 83.63
v -237.84 143.71 74.96
v -233.60 139.52 95.06
v -222.25 165.77 91.64
v -224.60 170.33 72.78
v -224.60 170.33 72.78
v -222.25 165.77 91.64
v -215.83 194.31 89.75
v -213.80 198.08 71.36
v -233.60 139.52 95.06
v -229.27 135.29 115.13
v -218.78 160.70 110.15
v -222.25 165.77 91.64
v -222.25 165.77 91.64
v -218.78 160.70 110.15
v -214.52 188.99 107.09
v -215.83 194.31 89.75
v -195.30 115.12 52.61
v -188.73 142.71 57.34
v -183.94 144.74 77.92
v -188.71 116.10 71.98
v -188.71 116.10 71.98
v -183.94 144.74 77.92
v -182.12 147.60 98.96
v -188.04 118.74 92.29
v -188.73 142.71 57.34
v -178.64 169.30 61.52
v -174.38 172.02 83.10
v -183.94 144.74 77.92
v -183.94 144.74 77.92
v -174.38 172.02 83.10
v -174.67 176.03 105.40
v -182.12 147.60 98.96
v 306.73 -13.93 -17.94
v 297.13 -5.93 11.67
v 277.94 -23.59 10.58
v 286.87 -31.09 -19.17
v 286.87 -31.09 -19.17
v 277.94 -23.59 10.58
v 259.71 -42.58 10.34
v 265.54 -46.23 -21.67
v 297.13 -5.93 11.67
v 284.67 5.99 38.81
v 267.93 -14.62 39.41
v 277.94 -23.59 10.58
v 277.94 -23.59 10.58
v 267.93 -14.62 39.41
v 252.80 -37.43 41.41
v 259.71 -42.58 10.34
v 276.84 15.86 -29.18
v 261.30 0.85 -28.06
v 253.67 4.60 1.48
v 270.30 24.06 3.17
v 270.30 24.06 3.17
v 253.67 4.60 1.48
v 248.99 5.55 31.94
v 268.01 28.21 36.84
v 261.30 0.85 -28.06
v 246.64 -15.02 -26.67
v 240.16 -17.84 0.76
v 253.67 4.60 1.48
v 253.67 4.60 1.48
v 240.16 -17.84 0.76
v 229.43 -16.60 26.87
v 248.99 5.55 31.94
v 306.73 -13.93 -17.94
v 286.72 -30.51 -22.48
v 274.00 -14.87 -24.13
v 291.68 1.05 -23.06
v 291.68 1.05 -23.06
v 274.00 -14.87 -24.13
v 261.49 0.61 -26.74
v 276.84 15.86 -29.18
v 286.72 -30.51 -22.48
v 265.54 -46.23 -21.67
v 256.38 -30.84 -25.49
v 274.00 -14.87 -24.13
v 274.00 -14.87 -24.13
v 256.38 -30.84 -25.49
v 246.64 -15.02 -26.67
v 261.49 0.61 -26.74
v 284.67 5.99 38.81
v 276.33 17.16 38.71
v 258.67 -4.74 38.99
v 268.77 -15.86 38.22
v 268.77 -15.86 38.22
v 258.67 -4.74 38.99
v 241.09 -26.95 35.01
v 252.80 -37.43 41.41
v 276.33 17.16 38.71
v 268.01 28.21 36.84
v 248.72 5.79 31.72
v 258.67 -4.74 38.99
v 258.67 -4.74 38.99
v 248.72 5.79 31.72
v 229.43 -16.60 26.87
v 241.09 -26.95 35.01
v 306.73 -13.93 -17.94
v 292.77 1.96 -23.53
v 284.55 9.53 7.15
v 294.44 -5.25 10.39
v 294.44 -5.25 10.39
v 284.55 9.53 7.15
v 277.05 17.81 37.85
v 284.67 5.99 38.81
v 292.77 1.96 -23.53
v 276.84 15.86 -29.18
v 271.09 20.68 3.79
v 284.55 9.53 7.15
v 284.55 9.53 7.15
v 271.09 20.68 3.79
v 268.01 28.21 36.84
v 277.05 17.81 37.85
v 265.54 -46.23 -21.67
v 259.43 -41.67 9.90
v 247.12 -29.74 4.81
v 255.53 -30.97 -24.24
v 255.53 -30.97 -24.24
v 247.12 -29.74 4.81
v 236.80 -16.58 -0.04
v 246.64 -15.02 -26.67
v 259.43 -41.67 9.90
v 252.80 -37.43 41.41
v 241.72 -26.64 34.21
v 247.12 -29.74 4.81
v 247.12 -29.74 4.81
v 241.72 -26.64 34.21
v 229.43 -16.60 26.87
v 236.80 -16.58 -0.04
v 60.66 -71.01 35.67
v 64.36 -75.02 56.42
v 86.94 -72.31 50.87
v 82.42 -69.82 32.38
v 82.42 -69.82 32.38
v 86.94 -72.31 50.87
v 109.38 -67.44 45.83
v 104.05 -66.60 29.56
v 64.36 -75.02 56.42
v 68.14 -80.19 76.88
v 91.62 -77.00 68.84
v 86.94 -72.31 50.87
v 86.94 -72.31 50.87
v 91.62 -77.00 68.84
v 115.05 -73.27 60.93
v 109.38 -67.44 45.83
v 67.53 -102.62 34.49
v 85.42 -93.67 31.16
v 91.16 -101.17 41.60
v 71.01 -106.00 46.41
v 71.01 -106.00 46.41
v 91.16 -101.17 41.60
v 96.72 -108.16 52.32
v 75.33 -111.82 57.04
v 85.42 -93.67 31.16
v 103.80 -86.14 27.08
v 110.05 -92.72 38.71
v 91.16 -101.17 41.60
v 91.16 -101.17 41.60
v 110.05 -92.72 38.71
v 117.45 -102.58 48.60
v 96.72 -108.16 52.32
v 60.66 -71.01 35.67
v 82.45 -68.81 33.31
v 84.06 -81.60 32.07
v 64.24 -86.82 36.08
v 64.24 -86.82 36.08
v 84.06 -81.60 32.07
v 85.81 -94.39 31.79
v 67.53 -102.62 34.49
v 82.45 -68.81 33.31
v 104.05 -66.60 29.56
v 103.84 -76.37 27.76
v 84.06 -81.60 32.07
v 84.06 -81.60 32.07
v 103.84 -76.37 27.76
v 103.80 -86.14 27.08
v 85.81 -94.39 31.79
v 68.14 -80.19 76.88
v 71.54 -95.75 66.48
v 94.91 -93.13 63.04
v 91.63 -76.77 68.99
v 91.63 -76.77 68.99
v 94.91 -93.13 63.04
v 115.72 -87.26 53.51
v 115.05 -73.27 60.93
v 71.54 -95.75 66.48
v 75.33 -111.82 57.04
v 96.40 -107.22 52.85
v 94.91 -93.13 63.04
v 94.91 -93.13 63.04
v 96.40 -107.22 52.85
v 117.45 -102.58 48.60
v 115.72 -87.26 53.51
v 60.66 -71.01 35.67
v 65.91 -86.41 34.84
v 66.39 -91.75 51.22
v 62.38 -76.05 56.55
v 62.38 -76.05 56.55
v 66.39 -91.75 51.22
v 69.18 -96.57 67.30
v 68.14 -80.19 76.88
v 65.91 -86.41 34.84
v 67.53 -102.62 34.49
v 69.70 -107.60 46.00
v 66.39 -91.75 51.22
v 66.39 -91.75 51.22
v 69.70 -107.60 46.00
v 75.33 -111.82 57.04
v 69.18 -96.57 67.30
v 104.05 -66.60 29.56
v 108.00 -69.98 45.78
v 109.79 -82.16 41.64
v 105.64 -76.32 27.73
v 105.64 -76.32 27.73
v 109.79 -82.16 41.64
v 113.06 -94.29 37.00
v 103.80 -86.14 27.08
v 108.00 -69.98 45.78
v 115.05 -73.27 60.93
v 115.07 -87.96 55.17
v 109.79 -82.16 41.64
v 109.79 -82.16 41.64
v 115.07 -87.96 55.17
v 117.45 -102.58 48.60
v 113.06 -94.29 37.00
v -232.98 218.82 12.77
v -253.92 210.96 6.92
v -248.46 192.48 -0.10
v -230.10 197.29 7.56
v -230.10 197.29 7.56
v -248.46 192.48 -0.10
v -242.69 174.84 -9.35
v -226.66 177.24 -1.69
v -253.92 210.96 6.92
v -274.87 203.05 1.18
v -266.97 187.27 -6.64
v -248.46 192.48 -0.10
v -248.46 192.48 -0.10
v -266.97 187.27 -6.64
v -259.15 171.28 -13.86
v -242.69 174.84 -9.35
v -229.68 231.08 -16.65
v -225.14 213.46 -23.26
v -244.76 208.90 -33.67
v -251.63 225.76 -21.82
v -251.63 225.76 -21.82
v -244.76 208.90 -33.67
v -265.97 200.92 -37.55
v -272.51 222.77 -31.43
v -225.14 213.46 -23.26
v -220.06 197.03 -32.14
v -239.06 189.52 -40.71
v -244.76 208.90 -33.67
v -244.76 208.90 -33.67
v -239.06 189.52 -40.71
v -258.20 181.71 -48.71
v -265.97 200.92 -37.55
v -232.98 218.82 12.77
v -226.95 198.31 5.98
v -229.65 205.82 -9.78
v -231.90 224.90 -2.03
v -231.90 224.90 -2.03
v -229.65 205.82 -9.78
v -224.57 214.09 -24.35
v -229.68 231.08 -16.65
v -226.95 198.31 5.98
v -226.66 177.24 -1.69
v -221.58 187.31 -16.64
v -229.65 205.82 -9.78
v -229.65 205.82 -9.78
v -221.58 187.31 -16.64
v -220.06 197.03 -32.14
v -224.57 214.09 -24.35
v -274.87 203.05 1.18
v -274.15 212.75 -15.26
v -264.74 195.22 -22.79
v -264.57 188.04 -5.64
v -264.57 188.04 -5.64
v -264.74 195.22 -22.79
v -256.96 177.11 -30.79
v -259.15 171.28 -13.86
v -274.15 212.75 -15.26
v -272.51 222.77 -31.43
v -265.78 202.09 -40.20
v -264.74 195.22 -22.79
v -264.74 195.22 -22.79
v -265.78 202.09 -40.20
v -258.20 181.71 -48.71
v -256.96 177.11 -30.79
v -232.98 218.82 12.77
v -231.85 226.04 -1.54
v -253.70 221.43 -7.62
v -254.08 211.26 7.09
v -254.08 211.26 7.09
v -253.70 221.43 -7.62
v -274.24 214.08 -14.70
v -274.87 203.05 1.18
v -231.85 226.04 -1.54
v -229.68 231.08 -16.65
v -251.33 227.41 -23.86
v -253.70 221.43 -7.62
v -253.70 221.43 -7.62
v -251.33 227.41 -23.86
v -272.51 222.77 -31.43
v -274.24 214.08 -14.70
v -226.66 177.24 -1.69
v -242.70 173.73 -8.08
v -240.60 180.77 -24.69
v -222.68 185.41 -17.89
v -222.68 185.41 -17.89
v -240.60 180.77 -24.69
v -239.04 189.15 -40.55
v -220.06 197.03 -32.14
v -242.70 173.73 -8.08
v -259.15 171.28 -13.86
v -258.47 175.97 -31.59
v -240.60 180.77 -24.69
v -240.60 180.77 -24.69
v -258.47 175.97 -31.59
v -258.20 181.71 -48.71
v -239.04 189.15 -40.55
v -241.36 -112.03 -90.86
v -229.77 -113.62 -73.30
v -234.85 -124.99 -71.00
v -249.42 -124.35 -86.87
v -249.42 -124.35 -86.87
v -234.85 -124.99 -71.00
v -240.11 -136.19 -68.54
v -258.13 -135.97 -82.22
v -229.77 -113.62 -73.30
v -215.21 -118.38 -58.78
v -219.22 -126.79 -56.24
v -234.85 -124.99 -71.00
v -234.85 -124.99 -71.00
v -219.22 -126.79 -56.24
v -222.57 -135.90 -54.37
v -240.11 -136.19 -68.54
v -263.18 -95.35 -72.55
v -265.25 -103.34 -64.94
v -247.55 -107.63 -51.09
v -243.90 -96.72 -60.29
v -243.90 -96.72 -60.29
v -247.55 -107.63 -51.09
v -230.40 -111.13 -36.41
v -225.84 -96.38 -46.23
v -265.25 -103.34 -64.94
v -266.50 -112.48 -58.54
v -250.94 -118.89 -42.26
v -247.55 -107.63 -51.09
v -247.55 -107.63 -51.09
v -250.94 -118.89 -42.26
v -235.16 -125.60 -26.30
v -230.40 -111.13 -36.41
v -241.36 -112.03 -90.86
v -250.07 -123.93 -86.99
v -256.59 -114.10 -75.07
v -253.51 -103.44 -83.41
v -253.51 -103.44 -83.41
v -256.59 -114.10 -75.07
v -265.28 -103.83 -66.15
v -263.18 -95.35 -72.55
v -250.07 -123.93 -86.99
v -258.13 -135.97 -82.22
v -262.50 -124.19 -70.64
v -256.59 -114.10 -75.07
v -256.59 -114.10 -75.07
v -262.50 -124.19 -70.64
v -266.50 -112.48 -58.54
v -265.28 -103.83 -66.15
v -215.21 -118.38 -58.78
v -220.91 -107.33 -52.92
v -223.65 -119.22 -45.27
v -217.71 -127.31 -55.28
v -217.71 -127.31 -55.28
v -223.65 -119.22 -45.27
v -227.84 -130.90 -39.20
v -222.57 -135.90 -54.37
v -220.91 -107.33 -52.92
v -225.84 -96.38 -46.23
v -230.45 -111.00 -36.21
v -223.65 -119.22 -45.27
v -223.65 -119.22 -45.27
v -230.45 -111.00 -36.21
v -235.16 -125.60 -26.30
v -227.84 -130.90 -39.20
v -241.36 -112.03 -90.86
v -252.39 -103.91 -81.65
v -237.21 -107.01 -66.73
v -228.66 -115.89 -74.65
v -228.66 -115.89 -74.65
v -237.21 -107.01 -66.73
v -220.26 -106.91 -52.62
v -215.21 -118.38 -58.78
v -252.39 -103.91 -81.65
v -263.18 -95.35 -72.55
v -244.84 -96.46 -59.24
v -237.21 -107.01 -66.73
v -237.21 -107.01 -66.73
v -244.84 -96.46 -59.24
v -225.84 -96.38 -46.23
v -220.26 -106.91 -52.62
v -258.13 -135.97 -82.22
v -240.77 -136.62 -67.76
v -244.74 -126.09 -56.45
v -263.46 -126.11 -68.91
v -263.46 -126.11 -68.91
v -244.74 -126.09 -56.45
v -251.32 -119.84 -41.80
v -266.50 -112.48 -58.54
v -240.77 -136.62 -67.76
v -222.57 -135.90 -54.37
v -229.09 -131.13 -40.04
v -244.74 -126.09 -56.45
v -244.74 -126.09 -56.45
v -229.09 -131.13 -40.04
v -235.16 -125.60 -26.30
v -251.32 -119.84 -41.80
v -83.87 321.37 27.81
v -50.86 324.19 24.73
v -44.75 292.74 22.05
v -77.45 290.55 22.48
v -77.45 290.55 22.48
v -44.75 292.74 22.05
v -38.58 261.10 20.57
v -70.99 259.60 17.98
v -50.86 324.19 24.73
v -17.67 326.44 25.51
v -11.99 294.74 22.86
v -44.75 292.74 22.05
v -44.75 292.74 22.05
v -11.99 294.74 22.86
v -6.34 263.15 19.53
v -38.58 261.10 20.57
v -84.89 324.14 60.73
v -76.24 293.72 61.16
v -41.94 296.31 55.50
v -48.72 329.31 52.14
v -48.72 329.31 52.14
v -41.94 296.31 55.50
v -7.67 298.90 49.68
v -11.67 334.74 49.55
v -76.24 293.72 61.16
v -67.69 263.27 60.85
v -35.33 263.27 57.74
v -41.94 296.31 55.50
v -41.94 296.31 55.50
v -35.33 263.27 57.74
v -3.81 263.01 48.94
v -7.67 298.90 49.68
v -83.87 321.37 27.81
v -76.77 290.62 22.90
v -74.66 292.55 41.87
v -81.49 323.35 44.31
v -81.49 323.35 44.31
v -74.66 292.55 41.87
v -76.88 293.58 60.78
v -84.89 324.14 60.73
v -76.77 290.62 22.90
v -70.99 259.60 17.98
v -67.74 261.77 39.44
v -74.66 292.55 41.87
v -74.66 292.55 41.87
v -67.74 261.77 39.44
v -67.69 263.27 60.85
v -76.88 293.58 60.78
v -17.67 326.44 25.51
v -13.69 330.80 37.22
v -12.65 296.25 36.78
v -13.97 294.38 23.16
v -13.97 294.38 23.16
v -12.65 296.25 36.78
v -3.32 263.45 33.67
v -6.34 263.15 19.53
v -13.69 330.80 37.22
v -11.67 334.74 49.55
v -8.68 298.68 49.55
v -12.65 296.25 36.78
v -12.65 296.25 36.78
v -8.68 298.68 49.55
v -3.81 263.01 48.94
v -3.32 263.45 33.67
v -83.87 321.37 27.81
v -84.62 325.76 44.01
v -49.48 326.06 40.95
v -50.95 326.12 26.47
v -50.95 326.12 26.47
v -49.48 326.06 40.95
v -14.57 329.31 37.64
v -17.67 326.44 25.51
v -84.62 325.76 44.01
v -84.89 324.14 60.73
v -48.21 328.52 55.22
v -49.48 326.06 40.95
v -49.48 326.06 40.95
v -48.21 328.52 55.22
v -11.67 334.74 49.55
v -14.57 329.31 37.64
v -70.99 259.60 17.98
v -38.64 261.00 18.79
v -37.20 262.24 36.83
v -69.38 262.26 39.35
v -69.38 262.26 39.35
v -37.20 262.24 36.83
v -35.87 265.46 54.71
v -67.69 263.27 60.85
v -38.64 261.00 18.79
v -6.34 263.15 19.53
v -5.00 261.60 34.36
v -37.20 262.24 36.83
v -37.20 262.24 36.83
v -5.00 261.60 34.36
v -3.81 263.01 48.94
v -35.87 265.46 54.71
v -101.23 314.46 -83.18
v -96.18 317.44 -63.97
v -73.11 328.39 -73.57
v -80.77 329.12 -91.37
v -80.77 329.12 -91.37
v -73.11 328.39 -73.57
v -53.05 343.79 -83.04
v -59.75 342.95 -99.58
v -96.18 317.44 -63.97
v -91.03 320.28 -44.77
v -69.95 334.31 -55.59
v -73.11 328.39 -73.57
v -73.11 328.39 -73.57
v -69.95 334.31 -55.59
v -47.40 346.17 -66.47
v -53.05 343.79 -83.04
v -94.46 284.20 -90.84
v -72.21 302.07 -100.10
v -60.89 300.98 -83.24
v -81.74 283.33 -71.31
v -81.74 283.33 -71.31
v -60.89 300.98 -83.24
v -48.21 297.71 -67.14
v -70.73 285.20 -50.84
v -72.21 302.07 -100.10
v -49.34 318.94 -109.71
v -37.56 314.65 -96.55
v -60.89 300.98 -83.24
v -60.89 300.98 -83.24
v -37.56 314.65 -96.55
v -25.47 309.88 -83.55
v -48.21 297.71 -67.14
v -101.23 314.46 -83.18
v -79.44 328.41 -89.25
v -75.95 315.07 -95.32
v -97.31 299.18 -85.93
v -97.31 299.18 -85.93
v -75.95 315.07 -95.32
v -72.18 301.65 -100.84
v -94.46 284.20 -90.84
v -79.44 328.41 -89.25
v -59.75 342.95 -99.58
v -55.06 331.10 -105.69
v -75.95 315.07 -95.32
v -75.95 315.07 -95.32
v -55.06 331.10 -105.69
v -49.34 318.94 -109.71
v -72.18 301.65 -100.84
v -91.03 320.28 -44.77
v -80.76 302.76 -47.53
v -58.82 315.35 -61.78
v -69.71 333.13 -56.72
v -69.71 333.13 -56.72
v -58.82 315.35 -61.78
v -36.56 328.00 -75.29
v -47.40 346.17 -66.47
v -80.76 302.76 -47.53
v -70.73 285.20 -50.84
v -49.04 297.36 -69.29
v -58.82 315.35 -61.78
v -58.82 315.35 -61.78
v -49.04 297.36 -69.29
v -25.47 309.88 -83.55
v -36.56 328.00 -75.29
v -101.23 314.46 -83.18
v -97.80 299.34 -87.02
v -90.35 300.74 -67.10
v -95.17 317.66 -64.27
v -95.17 317.66 -64.27
v -90.35 300.74 -67.10
v -81.80 302.46 -47.52
v -91.03 320.28 -44.77
v -97.80 299.34 -87.02
v -94.46 284.20 -90.84
v -82.56 284.71 -70.85
v -90.35 300.74 -67.10
v -90.35 300.74 -67.10
v -82.56 284.71 -70.85
v -70.73 285.20 -50.84
v -81.80 302.46 -47.52
v -59.75 342.95 -99.58
v -53.97 344.32 -82.85
v -44.09 330.35 -90.43
v -55.12 330.59 -104.40
v -55.12 330.59 -104.40
v -44.09 330.35 -90.43
v -38.47 313.76 -96.17
v -49.34 318.94 -109.71
v -53.97 344.32 -82.85
v -47.40 346.17 -66.47
v -37.99 327.07 -74.34
v -44.09 330.35 -90.43
v -44.09 330.35 -90.43
v -37.99 327.07 -74.34
v -25.47 309.88 -83.55
v -38.47 313.76 -96.17
v 52.47 -163.26 80.84
v 39.31 -168.53 83.13
v 49.28 -178.01 108.04
v 64.75 -171.02 105.16
v 64.75 -171.02 105.16
v 49.28 -178.01 108.04
v 59.16 -187.23 133.09
v 77.39 -179.85 128.94
v 39.31 -168.53 83.13
v 26.28 -174.24 85.19
v 33.69 -184.66 111.09
v 49.28 -178.01 108.04
v 49.28 -178.01 108.04
v 33.69 -184.66 111.09
v 41.26 -195.58 136.73
v 59.16 -187.23 133.09
v 69.09 -204.27 64.90
v 76.44 -215.22 87.13
v 59.01 -218.35 91.91
v 49.96 -204.39 73.09
v 49.96 -204.39 73.09
v 59.01 -218.35 91.91
v 41.58 -221.50 96.67
v 30.71 -208.73 79.64
v 76.44 -215.22 87.13
v 83.92 -222.51 110.78
v 68.14 -229.79 111.70
v 59.01 -218.35 91.91
v 59.01 -218.35 91.91
v 68.14 -229.79 111.70
v 52.50 -232.62 114.34
v 41.58 -221.50 96.67
v 52.47 -163.26 80.84
v 65.01 -171.51 104.86
v 72.01 -191.78 95.93
v 60.02 -184.16 73.12
v 60.02 -184.16 73.12
v 72.01 -191.78 95.93
v 75.37 -213.99 88.22
v 69.09 -204.27 64.90
v 65.01 -171.51 104.86
v 77.39 -179.85 128.94
v 81.44 -200.75 119.60
v 72.01 -191.78 95.93
v 72.01 -191.78 95.93
v 81.44 -200.75 119.60
v 83.92 -222.51 110.78
v 75.37 -213.99 88.22
v 26.28 -174.24 85.19
v 30.36 -191.18 82.00
v 37.32 -202.85 104.06
v 35.35 -184.65 110.61
v 35.35 -184.65 110.61
v 37.32 -202.85 104.06
v 45.52 -214.32 125.84
v 41.26 -195.58 136.73
v 30.36 -191.18 82.00
v 30.71 -208.73 79.64
v 44.22 -220.24 96.41
v 37.32 -202.85 104.06
v 37.32 -202.85 104.06
v 44.22 -220.24 96.41
v 52.50 -232.62 114.34
v 45.52 -214.32 125.84
v 52.47 -163.26 80.84
v 61.53 -184.49 75.52
v 45.17 -188.14 79.53
v 39.51 -168.88 83.48
v 39.51 -168.88 83.48
v 45.17 -188.14 79.53
v 28.73 -191.71 83.24
v 26.28 -174.24 85.19
v 61.53 -184.49 75.52
v 69.09 -204.27 64.90
v 50.22 -206.81 73.42
v 45.17 -188.14 79.53
v 45.17 -188.14 79.53
v 50.22 -206.81 73.42
v 30.71 -208.73 79.64
v 28.73 -191.71 83.24
v 77.39 -179.85 128.94
v 59.92 -188.30 134.43
v 64.47 -208.32 124.55
v 79.97 -200.51 118.04
v 79.97 -200.51 118.04
v 64.47 -208.32 124.55
v 68.63 -227.97 113.67
v 83.92 -222.51 110.78
v 59.92 -188.30 134.43
v 41.26 -195.58 136.73
v 47.41 -214.61 126.93
v 64.47 -208.32 124.55
v 64.47 -208.32 124.55
v 47.41 -214.61 126.93
v 52.50 -232.62 114.34
v 68.63 -227.97 113.67
v 29.67 -173.63 142.34
v 45.16 -165.21 131.38
v 38.88 -179.03 118.19
v 26.22 -188.61 132.34
v 26.22 -188.61 132.34
v 38.88 -179.03 118.19
v 33.22 -193.18 105.39
v 24.94 -204.76 123.74
v 45.16 -165.21 131.38
v 56.07 -154.33 117.47
v 50.57 -168.92 103.41
v 38.88 -179.03 118.19
v 38.88 -179.03 118.19
v 50.57 -168.92 103.41
v 41.89 -181.80 87.29
v 33.22 -193.18 105.39
v 63.28 -185.83 146.91
v 61.20 -206.68 138.74
v 66.47 -193.35 121.21
v 71.43 -174.74 132.35
v 71.43 -174.74 132.35
v 66.47 -193.35 121.21
v 75.15 -181.28 104.59
v 79.28 -163.55 117.71
v 61.20 -206.68 138.74
v 53.48 -225.45 129.06
v 61.40 -211.92 110.04
v 66.47 -193.35 121.21
v 66.47 -193.35 121.21
v 61.40 -211.92 110.04
v 66.75 -197.44 90.33
v 75.15 -181.28 104.59
v 29.67 -173.63 142.34
v 26.89 -189.87 134.28
v 42.16 -198.52 137.54
v 46.32 -179.98 145.07
v 46.32 -179.98 145.07
v 42.16 -198.52 137.54
v 58.44 -205.54 137.81
v 63.28 -185.83 146.91
v 26.89 -189.87 134.28
v 24.94 -204.76 123.74
v 39.71 -214.29 124.91
v 42.16 -198.52 137.54
v 42.16 -198.52 137.54
v 39.71 -214.29 124.91
v 53.48 -225.45 129.06
v 58.44 -205.54 137.81
v 56.07 -154.33 117.47
v 67.85 -158.51 117.11
v 61.68 -172.62 101.37
v 49.01 -168.00 102.31
v 49.01 -168.00 102.31
v 61.68 -172.62 101.37
v 54.76 -188.54 87.62
v 41.89 -181.80 87.29
v 67.85 -158.51 117.11
v 79.28 -163.55 117.71
v 72.55 -181.63 105.27
v 61.68 -172.62 101.37
v 61.68 -172.62 101.37
v 72.55 -181.63 105.27
v 66.75 -197.44 90.33
v 54.76 -188.54 87.62
v 29.67 -173.63 142.34
v 46.79 -178.34 146.03
v 56.82 -170.46 129.96
v 43.26 -162.27 131.64
v 43.26 -162.27 131.64
v 56.82 -170.46 129.96
v 67.63 -159.16 117.37
v 56.07 -154.33 117.47
v 46.79 -178.34 146.03
v 63.28 -185.83 146.91
v 71.48 -173.81 133.20
v 56.82 -170.46 129.96
v 56.82 -170.46 129.96
v 71.48 -173.81 133.20
v 79.28 -163.55 117.71
v 67.63 -159.16 117.37
v 24.94 -204.76 123.74
v 33.26 -193.56 105.27
v 46.09 -203.58 106.53
v 39.66 -214.30 127.12
v 39.66 -214.30 127.12
v 46.09 -203.58 106.53
v 59.89 -211.86 109.33
v 53.48 -225.45 129.06
v 33.26 -193.56 105.27
v 41.89 -181.80 87.29
v 54.57 -189.18 89.20
v 46.09 -203.58 106.53
v 46.09 -203.58 106.53
v 54.57 -189.18 89.20
v 66.75 -197.44 90.33
v 59.89 -211.86 109.33
v 259.18 176.34 -38.58
v 268.05 156.94 -33.80
v 257.48 151.43 -42.24
v 248.10 171.37 -43.26
v 248.10 171.37 -43.26
v 257.48 151.43 -42.24
v 245.28 145.83 -46.40
v 236.78 166.39 -47.30
v 268.05 156.94 -33.80
v 278.12 137.60 -32.21
v 265.72 131.42 -38.24
v 257.48 151.43 -42.24
v 257.48 151.43 -42.24
v 265.72 131.42 -38.24
v 254.11 125.28 -46.34
v 245.28 145.83 -46.40
v 243.40 172.48 -7.87
v 235.40 166.63 -16.90
v 248.58 145.80 -19.95
v 256.12 151.27 -10.57
v 256.12 151.27 -10.57
v 248.58 145.80 -19.95
v 258.72 122.47 -18.31
v 269.10 130.27 -13.66
v 235.40 166.63 -16.90
v 226.85 160.33 -25.07
v 238.84 138.51 -25.92
v 248.58 145.80 -19.95
v 248.58 145.80 -19.95
v 238.84 138.51 -25.92
v 250.32 116.29 -25.99
v 258.72 122.47 -18.31
v 259.18 176.34 -38.58
v 247.88 171.60 -42.96
v 241.93 167.96 -29.63
v 251.17 174.69 -23.25
v 251.17 174.69 -23.25
v 241.93 167.96 -29.63
v 234.58 167.72 -16.58
v 243.40 172.48 -7.87
v 247.88 171.60 -42.96
v 236.78 166.39 -47.30
v 231.85 163.27 -36.18
v 241.93 167.96 -29.63
v 241.93 167.96 -29.63
v 231.85 163.27 -36.18
v 226.85 160.33 -25.07
v 234.58 167.72 -16.58
v 278.12 137.60 -32.21
v 274.28 132.77 -23.07
v 262.98 127.24 -29.57
v 266.07 131.52 -39.27
v 266.07 131.52 -39.27
v 262.98 127.24 -29.57
v 252.90 119.59 -36.30
v 254.11 125.28 -46.34
v 274.28 132.77 -23.07
v 269.10 130.27 -13.66
v 259.79 123.14 -19.84
v 262.98 127.24 -29.57
v 262.98 127.24 -29.57
v 259.79 123.14 -19.84
v 250.32 116.29 -25.99
v 252.90 119.59 -36.30
v 259.18 176.34 -38.58
v 253.16 175.51 -22.12
v 262.73 154.34 -22.92
v 268.48 156.87 -35.49
v 268.48 156.87 -35.49
v 262.73 154.34 -22.92
v 275.48 135.03 -21.83
v 278.12 137.60 -32.21
v 253.16 175.51 -22.12
v 243.40 172.48 -7.87
v 255.62 151.01 -11.13
v 262.73 154.34 -22.92
v 262.73 154.34 -22.92
v 255.62 151.01 -11.13
v 269.10 130.27 -13.66
v 275.48 135.03 -21.83
v 236.78 166.39 -47.30
v 246.08 146.12 -46.46
v 240.24 141.30 -37.18
v 233.80 164.22 -35.06
v 233.80 164.22 -35.06
v 240.24 141.30 -37.18
v 239.29 138.61 -25.13
v 226.85 160.33 -25.07
v 246.08 146.12 -46.46
v 254.11 125.28 -46.34
v 251.85 120.63 -36.38
v 240.24 141.30 -37.18
v 240.24 141.30 -37.18
v 251.85 120.63 -36.38
v 250.32 116.29 -25.99
v 239.29 138.61 -25.13
v 239.64 0.20 -39.74
v 226.91 -0.45 -40.40
v 226.75 -10.02 -41.22
v 238.08 -9.42 -41.04
v 238.08 -9.42 -41.04
v 226.75 -10.02 -41.22
v 226.57 -19.61 -41.85
v 236.51 -19.08 -42.09
v 226.91 -0.45 -40.40
v 214.18 -1.12 -40.94
v 215.42 -10.61 -41.49
v 226.75 -10.02 -41.22
v 226.75 -10.02 -41.22
v 215.42 -10.61 -41.49
v 216.57 -20.33 -40.00
v 226.57 -19.61 -41.85
v 237.07 -0.27 -53.19
v 237.30 -10.05 -50.91
v 226.42 -11.23 -50.42
v 225.42 -1.41 -54.09
v 225.42 -1.41 -54.09
v 226.42 -11.23 -50.42
v 215.56 -12.88 -52.40
v 213.76 -2.17 -52.99
v 237.30 -10.05 -50.91
v 237.53 -19.98 -49.41
v 227.44 -21.51 -49.12
v 226.42 -11.23 -50.42
v 226.42 -11.23 -50.42
v 227.44 -21.51 -49.12
v 217.35 -23.27 -50.11
v 215.56 -12.88 -52.40
v 239.64 0.20 -39.74
v 237.91 -9.41 -40.88
v 237.82 -9.80 -46.13
v 238.19 -0.01 -46.43
v 238.19 -0.01 -46.43
v 237.82 -9.80 -46.13
v 237.26 -10.12 -51.29
v 237.07 -0.27 -53.19
v 237.91 -9.41 -40.88
v 236.51 -19.08 -42.09
v 236.81 -19.50 -45.72
v 237.82 -9.80 -46.13
v 237.82 -9.80 -46.13
v 236.81 -19.50 -45.72
v 237.53 -19.98 -49.41
v 237.26 -10.12 -51.29
v 214.18 -1.12 -40.94
v 213.77 -1.67 -46.96
v 215.38 -11.73 -46.01
v 215.80 -10.67 -40.49
v 215.80 -10.67 -40.49
v 215.38 -11.73 -46.01
v 216.84 -21.82 -45.05
v 216.57 -20.33 -40.00
v 213.77 -1.67 -46.96
v 213.76 -2.17 -52.99
v 216.31 -12.63 -51.59
v 215.38 -11.73 -46.01
v 215.38 -11.73 -46.01
v 216.31 -12.63 -51.59
v 217.35 -23.27 -50.11
v 216.84 -21.82 -45.05
v 239.64 0.20 -39.74
v 238.35 0.14 -46.47
v 226.15 -0.68 -46.72
v 226.90 -0.32 -40.34
v 226.90 -0.32 -40.34
v 226.15 -0.68 -46.72
v 213.97 -1.63 -46.97
v 214.18 -1.12 -40.94
v 238.35 0.14 -46.47
v 237.07 -0.27 -53.19
v 225.39 -0.63 -53.10
v 226.15 -0.68 -46.72
v 226.15 -0.68 -46.72
v 225.39 -0.63 -53.10
v 213.76 -2.17 -52.99
v 213.97 -1.63 -46.97
v 236.51 -19.08 -42.09
v 226.51 -19.28 -41.10
v 226.95 -20.15 -45.47
v 237.06 -20.09 -45.68
v 237.06 -20.09 -45.68
v 226.95 -20.15 -45.47
v 227.47 -21.99 -49.72
v 237.53 -19.98 -49.41
v 226.51 -19.28 -41.10
v 216.57 -20.33 -40.00
v 216.97 -21.87 -45.05
v 226.95 -20.15 -45.47
v 226.95 -20.15 -45.47
v 216.97 -21.87 -45.05
v 217.35 -23.27 -50.11
v 227.47 -21.99 -49.72
v 314.23 -82.28 -35.48
v 322.09 -76.08 -20.79
v 321.37 -96.26 -6.02
v 311.48 -100.58 -18.16
v 311.48 -100.58 -18.16
v 321.37 -96.26 -6.02
v 317.63 -115.07 9.89
v 310.16 -119.55 -1.39
v 322.09 -76.08 -20.79
v 330.77 -70.25 -6.41
v 326.92 -89.96 7.76
v 321.37 -96.26 -6.02
v 321.37 -96.26 -6.02
v 326.92 -89.96 7.76
v 324.98 -110.54 21.21
v 317.63 -115.07 9.89
v 285.67 -62.37 -17.64
v 283.43 -81.91 -4.21
v 293.48 -79.91 7.61
v 294.24 -59.33 -7.49
v 294.24 -59.33 -7.49
v 293.48 -79.91 7.61
v 300.54 -76.50 21.38
v 302.28 -56.05 3.03
v 283.43 -81.91 -4.21
v 283.45 -102.52 7.74
v 288.96 -98.71 25.17
v 293.48 -79.91 7.61
v 293.48 -79.91 7.61
v 288.96 -98.71 25.17
v 298.72 -96.90 39.79
v 300.54 -76.50 21.38
v 314.23 -82.28 -35.48
v 311.40 -101.44 -19.11
v 300.24 -90.43 -10.11
v 299.61 -72.55 -26.85
v 299.61 -72.55 -26.85
v 300.24 -90.43 -10.11
v 285.01 -82.14 -4.57
v 285.67 -62.37 -17.64
v 311.40 -101.44 -19.11
v 310.16 -119.55 -1.39
v 295.49 -111.92 2.05
v 300.24 -90.43 -10.11
v 300.24 -90.43 -10.11
v 295.49 -111.92 2.05
v 283.45 -102.52 7.74
v 285.01 -82.14 -4.57
v 330.77 -70.25 -6.41
v 315.94 -63.71 -2.62
v 313.70 -83.90 13.62
v 327.17 -91.07 6.27
v 327.17 -91.07 6.27
v 313.70 -83.90 13.62
v 311.68 -103.88 30.24
v 324.98 -110.54 21.21
v 315.94 -63.71 -2.62
v 302.28 -56.05 3.03
v 301.09 -75.91 22.36
v 313.70 -83.90 13.62
v 313.70 -83.90 13.62
v 301.09 -75.91 22.36
v 298.72 -96.90 39.79
v 311.68 -103.88 30.24
v 314.23 -82.28 -35.48
v 300.07 -71.96 -26.78
v 307.54 -69.89 -12.84
v 322.86 -75.16 -21.60
v 322.86 -75.16 -21.60
v 307.54 -69.89 -12.84
v 316.10 -64.48 -0.90
v 330.77 -70.25 -6.41
v 300.07 -71.96 -26.78
v 285.67 -62.37 -17.64
v 294.35 -58.05 -8.00
v 307.54 -69.89 -12.84
v 307.54 -69.89 -12.84
v 294.35 -58.05 -8.00
v 302.28 -56.05 3.03
v 316.10 -64.48 -0.90
v 310.16 -119.55 -1.39
v 316.92 -116.63 10.97
v 305.09 -105.52 15.60
v 297.18 -110.13 2.57
v 297.18 -110.13 2.57
v 305.09 -105.52 15.60
v 291.97 -97.56 22.33
v 283.45 -102.52 7.74
v 316.92 -116.63 10.97
v 324.98 -110.54 21.21
v 311.56 -104.43 30.97
v 305.09 -105.52 15.60
v 305.09 -105.52 15.60
v 311.56 -104.43 30.97
v 298.72 -96.90 39.79
v 291.97 -97.56 22.33
v 198.67 39.82 -44.70
v 204.34 54.50 -34.68
v 229.92 63.09 -55.81
v 230.29 40.88 -60.31
v 230.29 40.88 -60.31
v 229.92 63.09 -55.81
v 259.06 66.86 -70.30
v 261.58 42.38 -76.55
v 204.34 54.50 -34.68
v 208.59 71.09 -27.30
v 232.43 81.40 -45.93
v 229.92 63.09 -55.81
v 229.92 63.09 -55.81
v 232.43 81.40 -45.93
v 256.39 91.57 -64.36
v 259.06 66.86 -70.30
v 227.05 32.95 -7.41
v 253.99 29.20 -19.71
v 256.41 49.43 -9.47
v 227.05 48.63 0.19
v 227.05 48.63 0.19
v 256.41 49.43 -9.47
v 256.57 71.95 -4.88
v 226.29 65.07 5.90
v 253.99 29.20 -19.71
v 280.89 25.49 -32.10
v 284.44 51.58 -22.45
v 256.41 49.43 -9.47
v 256.41 49.43 -9.47
v 284.44 51.58 -22.45
v 285.91 79.76 -17.98
v 256.57 71.95 -4.88
v 198.67 39.82 -44.70
v 230.18 42.42 -60.42
v 242.06 35.45 -40.14
v 212.95 38.73 -25.69
v 212.95 38.73 -25.69
v 242.06 35.45 -40.14
v 254.02 30.51 -19.56
v 227.05 32.95 -7.41
v 230.18 42.42 -60.42
v 261.58 42.38 -76.55
v 271.18 32.57 -54.54
v 242.06 35.45 -40.14
v 242.06 35.45 -40.14
v 271.18 32.57 -54.54
v 280.89 25.49 -32.10
v 254.02 30.51 -19.56
v 208.59 71.09 -27.30
v 217.41 68.23 -10.66
v 243.87 78.97 -25.33
v 232.60 80.76 -45.99
v 232.60 80.76 -45.99
v 243.87 78.97 -25.33
v 271.20 85.39 -41.25
v 256.39 91.57 -64.36
v 217.41 68.23 -10.66
v 226.29 65.07 5.90
v 256.53 70.28 -6.66
v 243.87 78.97 -25.33
v 243.87 78.97 -25.33
v 256.53 70.28 -6.66
v 285.91 79.76 -17.98
v 271.20 85.39 -41.25
v 198.67 39.82 -44.70
v 211.39 36.24 -24.96
v 213.47 52.07 -17.13
v 204.51 55.54 -36.65
v 204.51 55.54 -36.65
v 213.47 52.07 -17.13
v 215.57 67.90 -9.31
v 208.59 71.09 -27.30
v 211.39 36.24 -24.96
v 227.05 32.95 -7.41
v 228.26 49.16 -1.94
v 213.47 52.07 -17.13
v 213.47 52.07 -17.13
v 228.26 49.16 -1.94
v 226.29 65.07 5.90
v 215.57 67.90 -9.31
v 261.58 42.38 -76.55
v 259.21 67.02 -70.54
v 274.10 60.36 -48.80
v 269.64 33.62 -53.75
v 269.64 33.62 -53.75
v 274.10 60.36 -48.80
v 282.68 52.48 -24.78
v 280.89 25.49 -32.10
v 259.21 67.02 -70.54
v 256.39 91.57 -64.36
v 272.08 85.85 -41.51
v 274.10 60.36 -48.80
v 274.10 60.36 -48.80
v 272.08 85.85 -41.51
v 285.91 79.76 -17.98
v 282.68 52.48 -24.78
v -241.46 172.72 48.31
v -232.15 172.25 56.58
v -228.05 173.82 49.69
v -237.74 175.76 43.30
v -237.74 175.76 43.30
v -228.05 173.82 49.69
v -223.87 174.99 42.68
v -233.78 177.53 37.88
v -232.15 172.25 56.58
v -222.71 171.15 64.64
v -218.45 172.40 56.25
v -228.05 173.82 49.69
v -228.05 173.82 49.69
v -218.45 172.40 56.25
v -213.97 172.47 47.48
v -223.87 174.99 42.68
v -244.90 160.42 45.20
v -240.09 164.22 39.96
v -230.34 161.99 45.83
v -234.63 160.05 52.13
v -234.63 160.05 52.13
v -230.34 161.99 45.83
v -220.57 159.64 51.64
v -224.02 157.56 58.03
v -240.09 164.22 39.96
v -235.16 167.24 34.34
v -226.28 165.34 40.21
v -230.34 161.99 45.83
v -230.34 161.99 45.83
v -226.28 165.34 40.21
v -217.10 161.54 45.17
v -220.57 159.64 51.64
v -241.46 172.72 48.31
v -236.87 174.81 43.51
v -239.80 169.89 40.90
v -243.00 166.50 46.86
v -243.00 166.50 46.86
v -239.80 169.89 40.90
v -241.01 164.24 39.24
v -244.90 160.42 45.20
v -236.87 174.81 43.51
v -233.78 177.53 37.88
v -233.95 172.17 36.39
v -239.80 169.89 40.90
v -239.80 169.89 40.90
v -233.95 172.17 36.39
v -235.16 167.24 34.34
v -241.01 164.24 39.24
v -222.71 171.15 64.64
v -223.15 164.28 61.45
v -218.98 165.52 54.06
v -218.48 171.86 55.99
v -218.48 171.86 55.99
v -218.98 165.52 54.06
v -215.67 167.05 46.25
v -213.97 172.47 47.48
v -223.15 164.28 61.45
v -224.02 157.56 58.03
v -220.79 159.63 51.49
v -218.98 165.52 54.06
v -218.98 165.52 54.06
v -220.79 159.63 51.49
v -217.10 161.54 45.17
v -215.67 167.05 46.25
v -241.46 172.72 48.31
v -243.32 166.57 46.92
v -233.67 165.46 54.49
v -231.81 171.94 56.16
v -231.81 171.94 56.16
v -233.67 165.46 54.49
v -223.07 164.36 61.00
v -222.71 171.15 64.64
v -243.32 166.57 46.92
v -244.90 160.42 45.20
v -233.97 159.00 51.05
v -233.67 165.46 54.49
v -233.67 165.46 54.49
v -233.97 159.00 51.05
v -224.02 157.56 58.03
v -223.07 164.36 61.00
v -233.78 177.53 37.88
v -223.87 175.00 42.67
v -225.13 169.63 41.45
v -234.27 172.48 35.76
v -234.27 172.48 35.76
v -225.13 169.63 41.45
v -226.10 164.40 39.69
v -235.16 167.24 34.34
v -223.87 175.00 42.67
v -213.97 172.47 47.48
v -215.49 167.02 46.26
v -225.13 169.63 41.45
v -225.13 169.63 41.45
v -215.49 167.02 46.26
v -217.10 161.54 45.17
v -226.10 164.40 39.69
v 208.74 -38.78 132.72
v 213.85 -13.12 134.88
v 188.46 -11.23 129.19
v 184.06 -38.07 128.11
v 184.06 -38.07 128.11
v 188.46 -11.23 129.19
v 163.08 -9.32 123.40
v 159.04 -37.75 126.11
v 213.85 -13.12 134.88
v 218.33 11.83 141.66
v 193.01 15.78 129.13
v 188.46 -11.23 129.19
v 188.46 -11.23 129.19
v 193.01 15.78 129.13
v 167.60 19.64 117.17
v 163.08 -9.32 123.40
v 219.85 -51.64 107.55
v 193.77 -44.31 98.76
v 196.93 -14.23 101.55
v 224.36 -18.46 108.40
v 224.36 -18.46 108.40
v 196.93 -14.23 101.55
v 201.29 15.96 100.42
v 228.02 14.63 112.06
v 193.77 -44.31 98.76
v 167.11 -37.03 91.90
v 170.36 -9.92 91.87
v 196.93 -14.23 101.55
v 196.93 -14.23 101.55
v 170.36 -9.92 91.87
v 173.47 17.18 92.32
v 201.29 15.96 100.42
v 208.74 -38.78 132.72
v 183.97 -37.30 128.96
v 188.80 -39.91 113.91
v 214.24 -45.86 120.45
v 214.24 -45.86 120.45
v 188.80 -39.91 113.91
v 193.67 -42.10 98.67
v 219.85 -51.64 107.55
v 183.97 -37.30 128.96
v 159.04 -37.75 126.11
v 163.13 -36.67 108.66
v 188.80 -39.91 113.91
v 188.80 -39.91 113.91
v 163.13 -36.67 108.66
v 167.11 -37.03 91.90
v 193.67 -42.10 98.67
v 218.33 11.83 141.66
v 223.13 12.77 126.80
v 196.97 17.01 115.95
v 192.96 15.63 129.40
v 192.96 15.63 129.40
v 196.97 17.01 115.95
v 170.43 17.21 104.59
v 167.60 19.64 117.17
v 223.13 12.77 126.80
v 228.02 14.63 112.06
v 200.73 15.71 102.16
v 196.97 17.01 115.95
v 196.97 17.01 115.95
v 200.73 15.71 102.16
v 173.47 17.18 92.32
v 170.43 17.21 104.59
v 208.74 -38.78 132.72
v 214.48 -45.26 120.25
v 218.81 -16.01 123.54
v 212.77 -13.25 136.74
v 212.77 -13.25 136.74
v 218.81 -16.01 123.54
v 223.80 13.05 127.23
v 218.33 11.83 141.66
v 214.48 -45.26 120.25
v 219.85 -51.64 107.55
v 224.56 -18.69 110.17
v 218.81 -16.01 123.54
v 218.81 -16.01 123.54
v 224.56 -18.69 110.17
v 228.02 14.63 112.06
v 223.80 13.05 127.23
v 159.04 -37.75 126.11
v 163.93 -9.12 121.78
v 168.88 -9.72 107.36
v 161.83 -37.25 108.71
v 161.83 -37.25 108.71
v 168.88 -9.72 107.36
v 170.46 -9.94 92.15
v 167.11 -37.03 91.90
v 163.93 -9.12 121.78
v 167.60 19.64 117.17
v 169.28 18.56 104.45
v 168.88 -9.72 107.36
v 168.88 -9.72 107.36
v 169.28 18.56 104.45
v 173.47 17.18 92.32
v 170.46 -9.94 92.15
v -118.27 -333.33 -15.40
v -112.92 -323.66 -25.43
v -126.04 -314.59 -23.08
v -131.96 -324.17 -13.82
v -131.96 -324.17 -13.82
v -126.04 -314.59 -23.08
v -139.02 -305.37 -20.50
v -145.07 -314.36 -11.34
v -112.92 -323.66 -25.43
v -107.83 -314.25 -35.84
v -120.83 -305.79 -33.42
v -126.04 -314.59 -23.08
v -126.04 -314.59 -23.08
v -120.83 -305.79 -33.42
v -132.75 -296.15 -29.34
v -139.02 -305.37 -20.50
v -131.01 -344.39 -36.49
v -145.74 -338.33 -32.84
v -139.73 -326.42 -41.82
v -124.66 -334.31 -44.77
v -124.66 -334.31 -44.77
v -139.73 -326.42 -41.82
v -131.75 -312.65 -47.79
v -119.82 -325.67 -55.37
v -145.74 -338.33 -32.84
v -158.87 -330.76 -26.73
v -151.28 -315.20 -33.47
v -139.73 -326.42 -41.82
v -139.73 -326.42 -41.82
v -151.28 -315.20 -33.47
v -145.87 -301.71 -43.56
v -131.75 -312.65 -47.79
v -118.27 -333.33 -15.40
v -131.34 -323.28 -13.87
v -137.68 -329.62 -23.44
v -124.36 -338.39 -26.36
v -124.36 -338.39 -26.36
v -137.68 -329.62 -23.44
v -145.19 -338.01 -31.24
v -131.01 -344.39 -36.49
v -131.34 -323.28 -13.87
v -145.07 -314.36 -11.34
v -152.00 -322.61 -18.99
v -137.68 -329.62 -23.44
v -137.68 -329.62 -23.44
v -152.00 -322.61 -18.99
v -158.87 -330.76 -26.73
v -145.19 -338.01 -31.24
v -107.83 -314.25 -35.84
v -114.22 -320.75 -44.91
v -126.43 -309.16 -41.28
v -119.93 -304.46 -33.25
v -119.93 -304.46 -33.25
v -126.43 -309.16 -41.28
v -139.03 -298.36 -36.96
v -132.75 -296.15 -29.34
v -114.22 -320.75 -44.91
v -119.82 -325.67 -55.37
v -133.22 -314.44 -48.79
v -126.43 -309.16 -41.28
v -126.43 -309.16 -41.28
v -133.22 -314.44 -48.79
v -145.87 -301.71 -43.56
v -139.03 -298.36 -36.96
v -118.27 -333.33 -15.40
v -125.07 -338.53 -25.86
v -118.91 -329.66 -35.84
v -114.44 -322.73 -25.34
v -114.44 -322.73 -25.34
v -118.91 -329.66 -35.84
v -113.24 -320.41 -45.73
v -107.83 -314.25 -35.84
v -125.07 -338.53 -25.86
v -131.01 -344.39 -36.49
v -126.61 -334.11 -45.69
v -118.91 -329.66 -35.84
v -118.91 -329.66 -35.84
v -126.61 -334.11 -45.69
v -119.82 -325.67 -55.37
v -113.24 -320.41 -45.73
v -145.07 -314.36 -11.34
v -140.41 -304.12 -20.21
v -145.39 -310.94 -27.77
v -150.40 -323.76 -19.17
v -150.40 -323.76 -19.17
v -145.39 -310.94 -27.77
v -154.16 -314.87 -34.99
v -158.87 -330.76 -26.73
v -140.41 -304.12 -20.21
v -132.75 -296.15 -29.34
v -138.98 -299.18 -36.48
v -145.39 -310.94 -27.77
v -145.39 -310.94 -27.77
v -138.98 -299.18 -36.48
v -145.87 -301.71 -43.56
v -154.16 -314.87 -34.99
v 32.54 157.08 69.95
v 44.99 184.15 46.32
v 90.96 160.61 42.35
v 77.31 129.65 63.47
v 77.31 129.65 63.47
v 90.96 160.61 42.35
v 136.72 136.81 37.96
v 122.50 102.76 57.79
v 44.99 184.15 46.32
v 56.91 210.57 21.71
v 102.35 188.76 16.96
v 90.96 160.61 42.35
v 90.96 160.61 42.35
v 102.35 188.76 16.96
v 148.66 168.05 13.86
v 136.72 136.81 37.96
v 42.05 178.22 105.83
v 90.09 154.65 96.17
v 102.11 186.61 73.10
v 53.16 208.05 85.16
v 53.16 208.05 85.16
v 102.11 186.61 73.10
v 115.95 220.42 53.63
v 64.00 237.61 63.96
v 90.09 154.65 96.17
v 136.39 129.30 83.07
v 150.64 164.75 60.24
v 102.11 186.61 73.10
v 102.11 186.61 73.10
v 150.64 164.75 60.24
v 166.76 202.09 41.08
v 115.95 220.42 53.63
v 32.54 157.08 69.95
v 77.67 130.22 63.65
v 82.80 140.71 79.97
v 35.84 164.78 89.96
v 35.84 164.78 89.96
v 82.80 140.71 79.97
v 89.44 154.20 94.13
v 42.05 178.22 105.83
v 77.67 130.22 63.65
v 122.50 102.76 57.79
v 129.32 115.78 70.61
v 82.80 140.71 79.97
v 82.80 140.71 79.97
v 129.32 115.78 70.61
v 136.39 129.30 83.07
v 89.44 154.20 94.13
v 56.91 210.57 21.71
v 61.26 226.06 41.44
v 109.87 206.53 33.77
v 101.62 186.40 19.84
v 101.62 186.40 19.84
v 109.87 206.53 33.77
v 157.06 183.45 28.62
v 148.66 168.05 13.86
v 61.26 226.06 41.44
v 64.00 237.61 63.96
v 115.09 219.12 53.04
v 109.87 206.53 33.77
v 109.87 206.53 33.77
v 115.09 219.12 53.04
v 166.76 202.09 41.08
v 157.06 183.45 28.62
v 32.54 157.08 69.95
v 37.07 167.75 87.89
v 48.09 196.22 65.36
v 45.31 183.56 45.83
v 45.31 183.56 45.83
v 48.09 196.22 65.36
v 62.68 223.08 42.84
v 56.91 210.57 21.71
v 37.07 167.75 87.89
v 42.05 178.22 105.83
v 50.14 209.22 84.89
v 48.09 196.22 65.36
v 48.09 196.22 65.36
v 50.14 209.22 84.89
v 64.00 237.61 63.96
v 62.68 223.08 42.84
v 122.50 102.76 57.79
v 133.86 136.18 35.96
v 140.16 152.09 49.21
v 125.97 117.60 70.69
v 125.97 117.60 70.69
v 140.16 152.09 49.21
v 151.62 165.68 62.07
v 136.39 129.30 83.07
v 133.86 136.18 35.96
v 148.66 168.05 13.86
v 159.31 184.34 27.35
v 140.16 152.09 49.21
v 140.16 152.09 49.21
v 159.31 184.34 27.35
v 166.76 202.09 41.08
v 151.62 165.68 62.07
v 136.53 280.03 -8.31
v 133.52 274.78 -14.13
v 116.33 285.58 -14.35
v 119.48 290.69 -10.06
v 119.48 290.69 -10.06
v 116.33 285.58 -14.35
v 99.20 296.46 -14.66
v 102.34 301.22 -11.64
v 133.52 274.78 -14.13
v 130.66 269.73 -20.19
v 113.28 280.61 -18.81
v 116.33 285.58 -14.35
v 116.33 285.58 -14.35
v 113.28 280.61 -18.81
v 95.78 291.31 -17.21
v 99.20 296.46 -14.66
v 136.26 274.25 -2.57
v 117.51 284.32 -2.66
v 113.75 280.31 -8.04
v 132.06 270.02 -8.12
v 132.06 270.02 -8.12
v 113.75 280.31 -8.04
v 110.22 276.73 -13.96
v 127.75 265.58 -13.41
v 117.51 284.32 -2.66
v 98.67 294.24 -2.56
v 95.54 290.78 -8.19
v 113.75 280.31 -8.04
v 113.75 280.31 -8.04
v 95.54 290.78 -8.19
v 92.24 287.01 -13.44
v 110.22 276.73 -13.96
v 136.53 280.03 -8.31
v 119.19 290.16 -10.45
v 118.54 287.61 -6.09
v 136.43 277.21 -5.37
v 136.43 277.21 -5.37
v 118.54 287.61 -6.09
v 117.22 283.77 -3.06
v 136.26 274.25 -2.57
v 119.19 290.16 -10.45
v 102.34 301.22 -11.64
v 100.36 297.46 -7.37
v 118.54 287.61 -6.09
v 118.54 287.61 -6.09
v 100.36 297.46 -7.37
v 98.67 294.24 -2.56
v 117.22 283.77 -3.06
v 130.66 269.73 -20.19
v 129.26 267.75 -16.72
v 111.40 278.12 -16.33
v 113.04 280.27 -18.93
v 113.04 280.27 -18.93
v 111.40 278.12 -16.33
v 93.86 288.95 -15.52
v 95.78 291.31 -17.21
v 129.26 267.75 -16.72
v 127.75 265.58 -13.41
v 110.02 276.34 -13.39
v 111.40 278.12 -16.33
v 111.40 278.12 -16.33
v 110.02 276.34 -13.39
v 92.24 287.01 -13.44
v 93.86 288.95 -15.52
v 136.53 280.03 -8.31
v 136.03 277.25 -5.35
v 133.13 272.30 -11.20
v 133.16 275.01 -14.14
v 133.16 275.01 -14.14
v 133.13 272.30 -11.20
v 129.66 267.52 -16.91
v 130.66 269.73 -20.19
v 136.03 277.25 -5.35
v 136.26 274.25 -2.57
v 132.29 269.83 -8.06
v 133.13 272.30 -11.20
v 133.13 272.30 -11.20
v 132.29 269.83 -8.06
v 127.75 265.58 -13.41
v 129.66 267.52 -16.91
v 102.34 301.22 -11.64
v 99.22 296.16 -14.44
v 97.30 293.42 -11.22
v 100.76 297.57 -7.12
v 100.76 297.57 -7.12
v 97.30 293.42 -11.22
v 96.07 290.24 -8.05
v 98.67 294.24 -2.56
v 99.22 296.16 -14.44
v 95.78 291.31 -17.21
v 94.61 288.79 -15.37
v 97.30 293.42 -11.22
v 97.30 293.42 -11.22
v 94.61 288.79 -15.37
v 92.24 287.01 -13.44
v 96.07 290.24 -8.05
v 125.26 291.70 4.92
v 126.60 288.28 0.67
v 110.49 288.31 -4.68
v 109.46 292.13 -0.96
v 109.46 292.13 -0.96
v 110.49 288.31 -4.68
v 94.21 287.80 -9.67
v 93.98 293.59 -7.51
v 126.60 288.28 0.67
v 128.04 285.18 -3.80
v 111.26 283.66 -7.85
v 110.49 288.31 -4.68
v 110.49 288.31 -4.68
v 111.26 283.66 -7.85
v 94.61 282.56 -12.18
v 94.21 287.80 -9.67
v 123.73 288.36 14.03
v 107.25 289.72 7.87
v 108.41 284.95 4.40
v 123.20 282.20 11.21
v 123.20 282.20 11.21
v 108.41 284.95 4.40
v 108.86 279.23 2.53
v 123.29 276.88 6.98
v 107.25 289.72 7.87
v 90.96 291.33 1.27
v 92.61 286.35 -0.14
v 108.41 284.95 4.40
v 108.41 284.95 4.40
v 92.61 286.35 -0.14
v 94.31 281.41 -1.64
v 108.86 279.23 2.53
v 125.26 291.70 4.92
v 109.60 292.86 -1.22
v 108.43 291.89 3.41
v 124.54 289.47 9.28
v 124.54 289.47 9.28
v 108.43 291.89 3.41
v 107.37 289.52 7.54
v 123.73 288.36 14.03
v 109.60 292.86 -1.22
v 93.98 293.59 -7.51
v 92.44 292.81 -2.99
v 108.43 291.89 3.41
v 108.43 291.89 3.41
v 92.44 292.81 -2.99
v 90.96 291.33 1.27
v 107.37 289.52 7.54
v 128.04 285.18 -3.80
v 125.57 281.42 1.85
v 110.00 281.77 -2.48
v 111.24 284.22 -7.75
v 111.24 284.22 -7.75
v 110.00 281.77 -2.48
v 94.45 282.04 -6.87
v 94.61 282.56 -12.18
v 125.57 281.42 1.85
v 123.29 276.88 6.98
v 108.88 278.82 2.45
v 110.00 281.77 -2.48
v 110.00 281.77 -2.48
v 108.88 278.82 2.45
v 94.31 281.41 -1.64
v 94.45 282.04 -6.87
v 125.26 291.70 4.92
v 124.07 289.97 9.38
v 125.25 285.55 5.57
v 126.05 288.36 0.43
v 126.05 288.36 0.43
v 125.25 285.55 5.57
v 126.09 281.09 1.69
v 128.04 285.18 -3.80
v 124.07 289.97 9.38
v 123.73 288.36 14.03
v 123.63 282.64 10.53
v 125.25 285.55 5.57
v 125.25 285.55 5.57
v 123.63 282.64 10.53
v 123.29 276.88 6.98
v 126.09 281.09 1.69
v 93.98 293.59 -7.51
v 94.14 288.08 -9.90
v 93.06 287.25 -5.14
v 92.87 292.43 -2.99
v 92.87 292.43 -2.99
v 93.06 287.25 -5.14
v 93.15 286.33 -0.02
v 90.96 291.33 1.27
v 94.14 288.08 -9.90
v 94.61 282.56 -12.18
v 93.60 282.05 -7.18
v 93.06 287.25 -5.14
v 93.06 287.25 -5.14
v 93.60 282.05 -7.18
v 94.31 281.41 -1.64
v 93.15 286.33 -0.02
v 251.39 50.64 55.52
v 244.44 54.39 55.32
v 252.68 73.09 55.10
v 258.32 68.71 54.98
v 258.32 68.71 54.98
v 252.68 73.09 55.10
v 260.98 91.75 54.09
v 265.25 86.79 54.48
v 244.44 54.39 55.32
v 237.54 58.10 54.20
v 247.15 77.38 53.63
v 252.68 73.09 55.10
v 252.68 73.09 55.10
v 247.15 77.38 53.63
v 256.66 96.74 54.40
v 260.98 91.75 54.09
v 251.78 51.78 67.89
v 259.76 69.12 65.57
v 253.97 72.18 66.83
v 246.45 54.24 68.47
v 246.45 54.24 68.47
v 253.97 72.18 66.83
v 248.12 75.18 67.45
v 241.06 56.64 68.34
v 259.76 69.12 65.57
v 267.76 86.47 63.46
v 261.53 90.16 65.76
v 253.97 72.18 66.83
v 253.97 72.18 66.83
v 261.53 90.16 65.76
v 255.22 93.76 67.02
v 248.12 75.18 67.45
v 251.39 50.64 55.52
v 257.39 69.07 54.99
v 258.40 69.17 60.33
v 251.79 51.13 61.70
v 251.79 51.13 61.70
v 258.40 69.17 60.33
v 260.48 68.85 65.68
v 251.78 51.78 67.89
v 257.39 69.07 54.99
v 265.25 86.79 54.48
v 265.57 86.99 58.96
v 258.40 69.17 60.33
v 258.40 69.17 60.33
v 265.57 86.99 58.96
v 267.76 86.47 63.46
v 260.48 68.85 65.68
v 237.54 58.10 54.20
v 239.75 57.15 61.14
v 247.66 76.29 60.98
v 247.18 77.38 54.28
v 247.18 77.38 54.28
v 247.66 76.29 60.98
v 255.71 95.36 60.78
v 256.66 96.74 54.40
v 239.75 57.15 61.14
v 241.06 56.64 68.34
v 247.63 75.45 67.83
v 247.66 76.29 60.98
v 247.66 76.29 60.98
v 247.63 75.45 67.83
v 255.22 93.76 67.02
v 255.71 95.36 60.78
v 251.39 50.64 55.52
v 251.27 50.64 61.77
v 245.23 53.90 61.53
v 244.45 54.33 54.86
v 244.45 54.33 54.86
v 245.23 53.90 61.53
v 239.13 57.06 61.30
v 237.54 58.10 54.20
v 251.27 50.64 61.77
v 251.78 51.78 67.89
v 245.94 53.34 68.21
v 245.23 53.90 61.53
v 245.23 53.90 61.53
v 245.94 53.34 68.21
v 241.06 56.64 68.34
v 239.13 57.06 61.30
v 265.25 86.79 54.48
v 260.74 91.58 54.49
v 261.41 91.10 59.79
v 266.34 86.49 59.01
v 266.34 86.49 59.01
v 261.41 91.10 59.79
v 261.90 90.47 65.14
v 267.76 86.47 63.46
v 260.74 91.58 54.49
v 256.66 96.74 54.40
v 255.75 95.08 60.76
v 261.41 91.10 59.79
v 261.41 91.10 59.79
v 255.75 95.08 60.76
v 255.22 93.76 67.02
v 261.90 90.47 65.14
v 253.89 53.78 63.23
v 244.28 58.38 63.04
v 252.67 74.06 63.66
v 261.73 68.94 64.40
v 261.73 68.94 64.40
v 252.67 74.06 63.66
v 261.01 89.70 64.98
v 269.57 84.11 65.37
v 244.28 58.38 63.04
v 234.69 63.00 62.57
v 243.55 79.13 63.88
v 252.67 74.06 63.66
v 252.67 74.06 63.66
v 243.55 79.13 63.88
v 252.45 95.28 64.70
v 261.01 89.70 64.98
v 254.04 56.57 71.39
v 261.58 69.86 71.93
v 252.44 74.45 70.70
v 244.69 60.44 71.65
v 244.69 60.44 71.65
v 252.44 74.45 70.70
v 243.29 79.04 69.90
v 235.36 64.32 71.12
v 261.58 69.86 71.93
v 269.12 83.15 72.29
v 260.16 88.44 71.23
v 252.44 74.45 70.70
v 252.44 74.45 70.70
v 260.16 88.44 71.23
v 251.21 93.74 69.47
v 243.29 79.04 69.90
v 253.89 53.78 63.23
v 261.82 68.90 64.32
v 262.09 69.18 68.14
v 253.40 55.48 67.22
v 253.40 55.48 67.22
v 262.09 69.18 68.14
v 261.34 69.99 71.80
v 254.04 56.57 71.39
v 261.82 68.90 64.32
v 269.57 84.11 65.37
v 269.10 83.76 68.79
v 262.09 69.18 68.14
v 262.09 69.18 68.14
v 269.10 83.76 68.79
v 269.12 83.15 72.29
v 261.34 69.99 71.80
v 234.69 63.00 62.57
v 234.50 63.95 66.84
v 242.97 79.34 66.96
v 243.00 79.46 63.63
v 243.00 79.46 63.63
v 242.97 79.34 66.96
v 251.96 94.44 67.08
v 252.45 95.28 64.70
v 234.50 63.95 66.84
v 235.36 64.32 71.12
v 243.23 79.06 70.29
v 242.97 79.34 66.96
v 242.97 79.34 66.96
v 243.23 79.06 70.29
v 251.21 93.74 69.47
v 251.96 94.44 67.08
v 253.89 53.78 63.23
v 253.95 55.14 67.32
v 244.60 59.63 67.01
v 244.23 58.27 62.94
v 244.23 58.27 62.94
v 244.60 59.63 67.01
v 235.15 63.91 66.76
v 234.69 63.00 62.57
v 253.95 55.14 67.32
v 254.04 56.57 71.39
v 244.65 60.34 71.29
v 244.60 59.63 67.01
v 244.60 59.63 67.01
v 244.65 60.34 71.29
v 235.36 64.32 71.12
v 235.15 63.91 66.76
v 269.57 84.11 65.37
v 260.81 89.39 64.98
v 260.37 88.73 67.89
v 269.14 83.30 68.77
v 269.14 83.30 68.77
v 260.37 88.73 67.89
v 260.33 88.69 70.92
v 269.12 83.15 72.29
v 260.81 89.39 64.98
v 252.45 95.28 64.70
v 251.94 94.69 67.11
v 260.37 88.73 67.89
v 260.37 88.73 67.89
v 251.94 94.69 67.11
v 251.21 93.74 69.47
v 260.33 88.69 70.92
v 255.76 57.64 69.92
v 248.75 64.31 70.06
v 257.89 72.77 70.76
v 264.47 67.17 70.30
v 264.47 67.17 70.30
v 257.89 72.77 70.76
v 267.02 81.23 71.36
v 273.19 76.69 70.29
v 248.75 64.31 70.06
v 241.74 70.98 70.00
v 251.30 78.38 70.80
v 257.89 72.77 70.76
v 257.89 72.77 70.76
v 251.30 78.38 70.80
v 260.86 85.77 72.29
v 267.02 81.23 71.36
v 255.70 60.07 81.48
v 265.21 69.30 80.63
v 258.87 76.12 79.97
v 249.57 67.74 80.70
v 249.57 67.74 80.70
v 258.87 76.12 79.97
v 252.54 82.89 78.70
v 243.44 75.40 79.73
v 265.21 69.30 80.63
v 274.70 78.59 80.57
v 268.15 84.54 79.69
v 258.87 76.12 79.97
v 258.87 76.12 79.97
v 268.15 84.54 79.69
v 261.58 90.54 79.49
v 252.54 82.89 78.70
v 255.76 57.64 69.92
v 264.90 66.78 70.19
v 265.07 68.03 75.61
v 256.14 58.49 75.78
v 256.14 58.49 75.78
v 265.07 68.03 75.61
v 265.72 68.85 81.13
v 255.70 60.07 81.48
v 264.90 66.78 70.19
v 273.19 76.69 70.29
v 273.56 77.99 75.35
v 265.07 68.03 75.61
v 265.07 68.03 75.61
v 273.56 77.99 75.35
v 274.70 78.59 80.57
v 265.72 68.85 81.13
v 241.74 70.98 70.00
v 242.71 73.04 74.92
v 251.83 80.78 75.34
v 251.53 78.06 71.24
v 251.53 78.06 71.24
v 251.83 80.78 75.34
v 261.31 88.03 75.93
v 260.86 85.77 72.29
v 242.71 73.04 74.92
v 243.44 75.40 79.73
v 252.44 83.07 79.58
v 251.83 80.78 75.34
v 251.83 80.78 75.34
v 252.44 83.07 79.58
v 261.58 90.54 79.49
v 261.31 88.03 75.93
v 255.76 57.64 69.92
v 255.44 58.55 75.77
v 249.31 66.18 75.25
v 248.36 63.90 70.05
v 248.36 63.90 70.05
v 249.31 66.18 75.25
v 242.93 73.54 74.79
v 241.74 70.98 70.00
v 255.44 58.55 75.77
v 255.70 60.07 81.48
v 249.35 67.50 80.65
v 249.31 66.18 75.25
v 249.31 66.18 75.25
v 249.35 67.50 80.65
v 243.44 75.40 79.73
v 242.93 73.54 74.79
v 273.19 76.69 70.29
v 266.93 81.10 71.32
v 267.83 83.27 75.55
v 273.91 77.59 75.44
v 273.91 77.59 75.44
v 267.83 83.27 75.55
v 268.36 84.89 79.94
v 274.70 78.59 80.57
v 266.93 81.10 71.32
v 260.86 85.77 72.29
v 260.78 87.52 76.07
v 267.83 83.27 75.55
v 267.83 83.27 75.55
v 260.78 87.52 76.07
v 261.58 90.54 79.49
v 268.36 84.89 79.94
v -249.62 93.46 38.94
v -242.96 92.08 31.34
v -253.67 105.36 21.85
v -259.94 106.19 29.17
v -259.94 106.19 29.17
v -253.67 105.36 21.85
v -264.71 118.21 12.17
v -270.32 118.86 19.37
v -242.96 92.08 31.34
v -236.85 90.02 23.44
v -248.25 103.46 14.05
v -253.67 105.36 21.85
v -253.67 105.36 21.85
v -248.25 103.46 14.05
v -259.53 117.03 4.73
v -264.71 118.21 12.17
v -254.47 84.72 32.77
v -264.61 96.54 25.96
v -259.20 95.01 18.88
v -247.93 83.12 26.85
v -247.93 83.12 26.85
v -259.20 95.01 18.88
v -253.81 93.46 11.80
v -241.16 81.85 21.11
v -264.61 96.54 25.96
v -275.19 107.76 18.79
v -270.87 106.35 10.60
v -259.20 95.01 18.88
v -259.20 95.01 18.88
v -270.87 106.35 10.60
v -266.30 105.28 2.61
v -253.81 93.46 11.80
v -249.62 93.46 38.94
v -259.63 106.19 28.84
v -261.95 101.24 27.05
v -251.37 89.15 35.23
v -251.37 89.15 35.23
v -261.95 101.24 27.05
v -264.88 96.23 25.83
v -254.47 84.72 32.77
v -259.63 106.19 28.84
v -270.32 118.86 19.37
v -272.33 113.36 18.69
v -261.95 101.24 27.05
v -261.95 101.24 27.05
v -272.33 113.36 18.69
v -275.19 107.76 18.79
v -264.88 96.23 25.83
v -236.85 90.02 23.44
v -239.08 85.95 22.38
v -251.24 98.58 13.36
v -247.97 103.50 13.78
v -247.97 103.50 13.78
v -251.24 98.58 13.36
v -263.45 111.22 4.42
v -259.53 117.03 4.73
v -239.08 85.95 22.38
v -241.16 81.85 21.11
v -253.72 93.56 11.85
v -251.24 98.58 13.36
v -251.24 98.58 13.36
v -253.72 93.56 11.85
v -266.30 105.28 2.61
v -263.45 111.22 4.42
v -249.62 93.46 38.94
v -251.97 88.98 35.94
v -245.40 87.35 29.20
v -242.93 91.33 31.53
v -242.93 91.33 31.53
v -245.40 87.35 29.20
v -238.85 85.72 22.46
v -236.85 90.02 23.44
v -251.97 88.98 35.94
v -254.47 84.72 32.77
v -247.52 82.89 27.27
v -245.40 87.35 29.20
v -245.40 87.35 29.20
v -247.52 82.89 27.27
v -241.16 81.85 21.11
v -238.85 85.72 22.46
v -270.32 118.86 19.37
v -265.49 118.22 11.60
v -268.27 112.44 11.03
v -272.68 113.28 19.14
v -272.68 113.28 19.14
v -268.27 112.44 11.03
v -270.21 106.27 11.13
v -275.19 107.76 18.79
v -265.49 118.22 11.60
v -259.53 117.03 4.73
v -262.73 111.07 3.82
v -268.27 112.44 11.03
v -268.27 112.44 11.03
v -262.73 111.07 3.82
v -266.30 105.28 2.61
v -270.21 106.27 11.13
v -250.49 91.44 22.30
v -247.41 92.77 13.34
v -258.68 103.98 7.14
v -261.26 103.17 14.65
v -261.26 103.17 14.65
v -258.68 103.98 7.14
v -269.32 115.93 1.20
v -271.67 115.29 7.14
v -247.41 92.77 13.34
v -245.15 93.15 4.04
v -256.52 104.33 -0.54
v -258.68 103.98 7.14
v -258.68 103.98 7.14
v -256.52 104.33 -0.54
v -268.28 115.07 -5.27
v -269.32 115.93 1.20
v -255.65 83.11 17.67
v -265.88 94.29 10.92
v -263.59 94.91 3.23
v -252.63 84.00 9.03
v -252.63 84.00 9.03
v -263.59 94.91 3.23
v -262.04 94.75 -4.67
v -250.98 83.42 -0.00
v -265.88 94.29 10.92
v -275.90 105.70 4.23
v -273.89 106.54 -2.38
v -263.59 94.91 3.23
v -263.59 94.91 3.23
v -273.89 106.54 -2.38
v -273.25 105.90 -9.38
v -262.04 94.75 -4.67
v -250.49 91.44 22.30
v -260.74 103.40 14.29
v -263.31 98.90 12.69
v -252.83 87.30 19.67
v -252.83 87.30 19.67
v -263.31 98.90 12.69
v -265.96 94.39 11.19
v -255.65 83.11 17.67
v -260.74 103.40 14.29
v -271.67 115.29 7.14
v -273.15 110.55 4.88
v -263.31 98.90 12.69
v -263.31 98.90 12.69
v -273.15 110.55 4.88
v -275.90 105.70 4.23
v -265.96 94.39 11.19
v -245.15 93.15 4.04
v -248.23 88.25 2.33
v -259.64 99.34 -2.22
v -256.70 104.11 -0.64
v -256.70 104.11 -0.64
v -259.64 99.34 -2.22
v -270.39 110.57 -8.07
v -268.28 115.07 -5.27
v -248.23 88.25 2.33
v -250.98 83.42 -0.00
v -262.58 94.56 -3.78
v -259.64 99.34 -2.22
v -259.64 99.34 -2.22
v -262.58 94.56 -3.78
v -273.25 105.90 -9.38
v -270.39 110.57 -8.07
v -250.49 91.44 22.30
v -253.03 87.25 19.99
v -251.38 88.38 10.82
v -247.81 92.29 13.17
v -247.81 92.29 13.17
v -251.38 88.38 10.82
v -247.82 88.10 2.08
v -245.15 93.15 4.04
v -253.03 87.25 19.99
v -255.65 83.11 17.67
v -252.85 82.92 8.93
v -251.38 88.38 10.82
v -251.38 88.38 10.82
v -252.85 82.92 8.93
v -250.98 83.42 -0.00
v -247.82 88.10 2.08
v -271.67 115.29 7.14
v -269.09 114.72 1.18
v -272.60 110.67 -0.91
v -273.75 110.48 5.69
v -273.75 110.48 5.69
v -272.60 110.67 -0.91
v -275.23 106.14 -2.76
v -275.90 105.70 4.23
v -269.09 114.72 1.18
v -268.28 115.07 -5.27
v -270.67 110.44 -7.30
v -272.60 110.67 -0.91
v -272.60 110.67 -0.91
v -270.67 110.44 -7.30
v -273.25 105.90 -9.38
v -275.23 106.14 -2.76
v 132.99 -30.97 -7.00
v 124.95 -30.94 -5.68
v 122.95 -36.21 -16.35
v 131.31 -36.22 -17.06
v 131.31 -36.22 -17.06
v 122.95 -36.21 -16.35
v 120.88 -40.80 -27.35
v 129.59 -41.11 -27.30
v 124.95 -30.94 -5.68
v 116.92 -31.03 -4.29
v 114.59 -36.25 -15.61
v 122.95 -36.21 -16.35
v 122.95 -36.21 -16.35
v 114.59 -36.25 -15.61
v 112.32 -42.25 -26.55
v 120.88 -40.80 -27.35
v 128.25 -16.77 -12.16
v 126.64 -24.62 -22.22
v 118.47 -25.60 -21.41
v 120.43 -20.02 -11.34
v 120.43 -20.02 -11.34
v 118.47 -25.60 -21.41
v 111.40 -28.84 -19.27
v 112.65 -23.36 -10.46
v 126.64 -24.62 -22.22
v 124.31 -31.00 -33.16
v 116.93 -32.04 -30.98
v 118.47 -25.60 -21.41
v 118.47 -25.60 -21.41
v 116.93 -32.04 -30.98
v 109.63 -33.24 -28.71
v 111.40 -28.84 -19.27
v 132.99 -30.97 -7.00
v 131.32 -36.03 -17.16
v 128.40 -30.05 -19.79
v 129.70 -24.08 -9.32
v 129.70 -24.08 -9.32
v 128.40 -30.05 -19.79
v 127.12 -23.69 -22.89
v 128.25 -16.77 -12.16
v 131.32 -36.03 -17.16
v 129.59 -41.11 -27.30
v 127.36 -35.96 -30.34
v 128.40 -30.05 -19.79
v 128.40 -30.05 -19.79
v 127.36 -35.96 -30.34
v 124.31 -31.00 -33.16
v 127.12 -23.69 -22.89
v 116.92 -31.03 -4.29
v 114.36 -27.32 -7.23
v 113.21 -32.38 -17.62
v 114.17 -36.77 -15.27
v 114.17 -36.77 -15.27
v 113.21 -32.38 -17.62
v 110.55 -37.86 -27.48
v 112.32 -42.25 -26.55
v 114.36 -27.32 -7.23
v 112.65 -23.36 -10.46
v 112.00 -28.06 -19.88
v 113.21 -32.38 -17.62
v 113.21 -32.38 -17.62
v 112.00 -28.06 -19.88
v 109.63 -33.24 -28.71
v 110.55 -37.86 -27.48
v 132.99 -30.97 -7.00
v 130.49 -24.22 -10.41
v 122.70 -25.54 -8.49
v 124.87 -31.23 -6.20
v 124.87 -31.23 -6.20
v 122.70 -25.54 -8.49
v 114.81 -27.15 -7.26
v 116.92 -31.03 -4.29
v 130.49 -24.22 -10.41
v 128.25 -16.77 -12.16
v 120.53 -19.86 -10.82
v 122.70 -25.54 -8.49
v 122.70 -25.54 -8.49
v 120.53 -19.86 -10.82
v 112.65 -23.36 -10.46
v 114.81 -27.15 -7.26
v 129.59 -41.11 -27.30
v 120.95 -41.78 -27.09
v 118.96 -37.22 -29.48
v 126.95 -36.42 -30.86
v 126.95 -36.42 -30.86
v 118.96 -37.22 -29.48
v 116.97 -32.61 -31.78
v 124.31 -31.00 -33.16
v 120.95 -41.78 -27.09
v 112.32 -42.25 -26.55
v 110.98 -37.86 -27.82
v 118.96 -37.22 -29.48
v 118.96 -37.22 -29.48
v 110.98 -37.86 -27.82
v 109.63 -33.24 -28.71
v 116.97 -32.61 -31.78
v 128.90 -12.25 3.95
v 122.49 -13.51 3.00
v 129.71 -18.76 -8.88
v 136.10 -15.44 -7.81
v 136.10 -15.44 -7.81
v 129.71 -18.76 -8.88
v 136.77 -23.37 -21.06
v 143.50 -19.39 -19.21
v 122.49 -13.51 3.00
v 116.41 -16.07 2.66
v 123.32 -22.07 -9.96
v 129.71 -18.76 -8.88
v 129.71 -18.76 -8.88
v 123.32 -22.07 -9.96
v 129.89 -26.77 -23.19
v 136.77 -23.37 -21.06
v 126.35 -3.86 3.21
v 132.31 -8.18 -9.01
v 126.89 -11.61 -11.13
v 119.88 -6.05 0.87
v 119.88 -6.05 0.87
v 126.89 -11.61 -11.13
v 121.24 -14.20 -13.69
v 113.74 -9.41 -0.87
v 132.31 -8.18 -9.01
v 138.42 -13.10 -20.92
v 133.67 -16.36 -23.55
v 126.89 -11.61 -11.13
v 126.89 -11.61 -11.13
v 133.67 -16.36 -23.55
v 128.93 -19.71 -26.14
v 121.24 -14.20 -13.69
v 128.90 -12.25 3.95
v 135.83 -15.95 -7.82
v 133.73 -12.35 -8.54
v 127.82 -7.98 3.68
v 127.82 -7.98 3.68
v 133.73 -12.35 -8.54
v 132.47 -8.45 -8.81
v 126.35 -3.86 3.21
v 135.83 -15.95 -7.82
v 143.50 -19.39 -19.21
v 141.59 -16.03 -19.74
v 133.73 -12.35 -8.54
v 133.73 -12.35 -8.54
v 141.59 -16.03 -19.74
v 138.42 -13.10 -20.92
v 132.47 -8.45 -8.81
v 116.41 -16.07 2.66
v 115.69 -12.40 1.08
v 122.20 -18.01 -11.90
v 123.06 -21.47 -10.29
v 123.06 -21.47 -10.29
v 122.20 -18.01 -11.90
v 129.51 -23.18 -24.63
v 129.89 -26.77 -23.19
v 115.69 -12.40 1.08
v 113.74 -9.41 -0.87
v 121.32 -14.57 -13.51
v 122.20 -18.01 -11.90
v 122.20 -18.01 -11.90
v 121.32 -14.57 -13.51
v 128.93 -19.71 -26.14
v 129.51 -23.18 -24.63
v 128.90 -12.25 3.95
v 127.61 -8.05 3.64
v 121.36 -10.40 2.12
v 122.71 -14.18 2.84
v 122.71 -14.18 2.84
v 121.36 -10.40 2.12
v 115.04 -12.73 1.18
v 116.41 -16.07 2.66
v 127.61 -8.05 3.64
v 126.35 -3.86 3.21
v 119.98 -6.61 1.70
v 121.36 -10.40 2.12
v 121.36 -10.40 2.12
v 119.98 -6.61 1.70
v 113.74 -9.41 -0.87
v 115.04 -12.73 1.18
v 143.50 -19.39 -19.21
v 136.82 -23.09 -21.60
v 135.24 -19.75 -22.55
v 141.18 -16.26 -20.77
v 141.18 -16.26 -20.77
v 135.24 -19.75 -22.55
v 133.68 -16.41 -23.53
v 138.42 -13.10 -20.92
v 136.82 -23.09 -21.60
v 129.89 -26.77 -23.19
v 129.40 -23.24 -24.61
v 135.24 -19.75 -22.55
v 135.24 -19.75 -22.55
v 129.40 -23.24 -24.61
v 128.93 -19.71 -26.14
v 133.68 -16.41 -23.53
v 234.34 140.47 -21.69
v 232.01 146.06 -20.68
v 241.11 154.76 -22.12
v 244.73 148.26 -23.12
v 244.73 148.26 -23.12
v 241.11 154.76 -22.12
v 250.41 163.33 -22.64
v 255.24 155.97 -24.02
v 232.01 146.06 -20.68
v 229.81 151.56 -19.05
v 237.55 161.23 -20.83
v 241.11 154.76 -22.12
v 241.11 154.76 -22.12
v 237.55 161.23 -20.83
v 245.13 170.99 -23.29
v 250.41 163.33 -22.64
v 237.88 140.51 -8.81
v 248.37 149.35 -10.04
v 244.48 153.55 -9.18
v 235.26 144.40 -7.62
v 235.26 144.40 -7.62
v 244.48 153.55 -9.18
v 240.45 157.84 -9.05
v 232.56 148.33 -6.75
v 248.37 149.35 -10.04
v 258.86 158.18 -11.22
v 253.45 162.85 -11.98
v 244.48 153.55 -9.18
v 244.48 153.55 -9.18
v 253.45 162.85 -11.98
v 248.43 167.29 -10.88
v 240.45 157.84 -9.05
v 234.34 140.47 -21.69
v 244.50 148.63 -22.78
v 246.40 149.04 -16.39
v 236.49 139.96 -15.35
v 236.49 139.96 -15.35
v 246.40 149.04 -16.39
v 248.41 149.29 -10.02
v 237.88 140.51 -8.81
v 244.50 148.63 -22.78
v 255.24 155.97 -24.02
v 257.00 157.15 -17.61
v 246.40 149.04 -16.39
v 246.40 149.04 -16.39
v 257.00 157.15 -17.61
v 258.86 158.18 -11.22
v 248.41 149.29 -10.02
v 229.81 151.56 -19.05
v 230.85 150.25 -12.75
v 239.00 159.53 -15.00
v 236.76 161.91 -20.84
v 236.76 161.91 -20.84
v 239.00 159.53 -15.00
v 246.40 169.48 -16.91
v 245.13 170.99 -23.29
v 230.85 150.25 -12.75
v 232.56 148.33 -6.75
v 240.42 157.88 -8.78
v 239.00 159.53 -15.00
v 239.00 159.53 -15.00
v 240.42 157.88 -8.78
v 248.43 167.29 -10.88
v 246.40 169.48 -16.91
v 234.34 140.47 -21.69
v 236.90 140.86 -15.47
v 234.57 145.66 -14.33
v 231.46 145.72 -20.20
v 231.46 145.72 -20.20
v 234.57 145.66 -14.33
v 231.60 150.14 -13.02
v 229.81 151.56 -19.05
v 236.90 140.86 -15.47
v 237.88 140.51 -8.81
v 236.15 144.86 -8.03
v 234.57 145.66 -14.33
v 234.57 145.66 -14.33
v 236.15 144.86 -8.03
v 232.56 148.33 -6.75
v 231.60 150.14 -13.02
v 255.24 155.97 -24.02
v 250.42 163.65 -23.75
v 251.23 162.64 -17.08
v 257.87 157.65 -17.95
v 257.87 157.65 -17.95
v 251.23 162.64 -17.08
v 253.32 162.51 -10.92
v 258.86 158.18 -11.22
v 250.42 163.65 -23.75
v 245.13 170.99 -23.29
v 246.36 168.85 -16.92
v 251.23 162.64 -17.08
v 251.23 162.64 -17.08
v 246.36 168.85 -16.92
v 248.43 167.29 -10.88
v 253.32 162.51 -10.92
v 234.08 144.38 -11.52
v 228.86 148.35 -9.54
v 236.02 156.79 -10.84
v 242.27 152.79 -11.95
v 242.27 152.79 -11.95
v 236.02 156.79 -10.84
v 242.81 165.46 -13.24
v 250.18 161.37 -13.25
v 228.86 148.35 -9.54
v 223.91 152.15 -6.73
v 229.71 160.84 -9.89
v 236.02 156.79 -10.84
v 236.02 156.79 -10.84
v 229.71 160.84 -9.89
v 235.82 169.32 -12.03
v 242.81 165.46 -13.24
v 236.73 143.27 -1.00
v 243.04 152.83 -0.94
v 238.68 157.80 -0.83
v 233.08 147.56 1.04
v 233.08 147.56 1.04
v 238.68 157.80 -0.83
v 235.01 162.36 1.88
v 229.24 151.97 2.37
v 243.04 152.83 -0.94
v 249.24 162.46 -1.34
v 244.72 167.78 -1.06
v 238.68 157.80 -0.83
v 238.68 157.80 -0.83
v 244.72 167.78 -1.06
v 240.44 172.96 0.11
v 235.01 162.36 1.88
v 234.08 144.38 -11.52
v 241.62 153.38 -12.20
v 241.91 153.51 -6.55
v 234.90 144.32 -6.08
v 234.90 144.32 -6.08
v 241.91 153.51 -6.55
v 242.56 153.28 -1.02
v 236.73 143.27 -1.00
v 241.62 153.38 -12.20
v 250.18 161.37 -13.25
v 249.01 162.60 -7.05
v 241.91 153.51 -6.55
v 241.91 153.51 -6.55
v 249.01 162.60 -7.05
v 249.24 162.46 -1.34
v 242.56 153.28 -1.02
v 223.91 152.15 -6.73
v 226.61 152.03 -2.20
v 232.14 161.78 -3.94
v 229.90 160.71 -9.40
v 229.90 160.71 -9.40
v 232.14 161.78 -3.94
v 238.22 171.06 -6.01
v 235.82 169.32 -12.03
v 226.61 152.03 -2.20
v 229.24 151.97 2.37
v 234.81 162.49 1.26
v 232.14 161.78 -3.94
v 232.14 161.78 -3.94
v 234.81 162.49 1.26
v 240.44 172.96 0.11
v 238.22 171.06 -6.01
v 234.08 144.38 -11.52
v 236.00 144.64 -6.32
v 230.88 147.78 -4.21
v 228.92 148.15 -9.12
v 228.92 148.15 -9.12
v 230.88 147.78 -4.21
v 226.51 151.97 -2.17
v 223.91 152.15 -6.73
v 236.00 144.64 -6.32
v 236.73 143.27 -1.00
v 232.39 146.80 0.75
v 230.88 147.78 -4.21
v 230.88 147.78 -4.21
v 232.39 146.80 0.75
v 229.24 151.97 2.37
v 226.51 151.97 -2.17
v 250.18 161.37 -13.25
v 242.96 165.27 -12.64
v 243.99 166.64 -6.63
v 249.40 161.35 -7.27
v 249.40 161.35 -7.27
v 243.99 166.64 -6.63
v 244.65 167.35 -0.60
v 249.24 162.46 -1.34
v 242.96 165.27 -12.64
v 235.82 169.32 -12.03
v 237.82 170.57 -5.93
v 243.99 166.64 -6.63
v 243.99 166.64 -6.63
v 237.82 170.57 -5.93
v 240.44 172.96 0.11
v 244.65 167.35 -0.60
v 235.03 135.17 0.47
v 229.45 139.77 0.56
v 241.90 157.51 -3.26
v 247.74 152.81 -4.65
v 247.74 152.81 -4.65
v 241.90 157.51 -3.26
v 254.32 175.21 -7.27
v 260.63 170.61 -8.69
v 229.45 139.77 0.56
v 223.91 144.41 0.90
v 235.80 161.97 -3.46
v 241.90 157.51 -3.26
v 241.90 157.51 -3.26
v 235.80 161.97 -3.46
v 247.70 179.53 -7.79
v 254.32 175.21 -7.27
v 236.19 137.71 9.44
v 248.81 154.43 6.93
v 242.58 159.22 8.85
v 229.63 142.56 10.94
v 229.63 142.56 10.94
v 242.58 159.22 8.85
v 236.19 164.04 10.11
v 223.10 147.41 12.66
v 248.81 154.43 6.93
v 261.60 171.11 5.18
v 255.51 175.88 6.68
v 242.58 159.22 8.85
v 242.58 159.22 8.85
v 255.51 175.88 6.68
v 249.10 180.70 6.70
v 236.19 164.04 10.11
v 235.03 135.17 0.47
v 247.97 152.79 -4.10
v 248.45 153.59 1.61
v 235.37 136.61 4.94
v 235.37 136.61 4.94
v 248.45 153.59 1.61
v 249.24 154.17 7.33
v 236.19 137.71 9.44
v 247.97 152.79 -4.10
v 260.63 170.61 -8.69
v 261.56 170.55 -1.72
v 248.45 153.59 1.61
v 248.45 153.59 1.61
v 261.56 170.55 -1.72
v 261.60 171.11 5.18
v 249.24 154.17 7.33
v 223.91 144.41 0.90
v 223.29 146.05 6.73
v 236.17 162.88 3.16
v 235.78 161.99 -3.45
v 235.78 161.99 -3.45
v 236.17 162.88 3.16
v 247.83 180.47 -0.68
v 247.70 179.53 -7.79
v 223.29 146.05 6.73
v 223.10 147.41 12.66
v 236.26 163.96 9.71
v 236.17 162.88 3.16
v 236.17 162.88 3.16
v 236.26 163.96 9.71
v 249.10 180.70 6.70
v 247.83 180.47 -0.68
v 235.03 135.17 0.47
v 235.63 136.45 4.95
v 229.66 141.30 5.82
v 229.94 140.37 0.46
v 229.94 140.37 0.46
v 229.66 141.30 5.82
v 223.78 146.24 6.65
v 223.91 144.41 0.90
v 235.63 136.45 4.95
v 236.19 137.71 9.44
v 230.12 143.14 10.82
v 229.66 141.30 5.82
v 229.66 141.30 5.82
v 230.12 143.14 10.82
v 223.10 147.41 12.66
v 223.78 146.24 6.65
v 260.63 170.61 -8.69
v 254.00 174.84 -8.22
v 255.31 176.31 -1.22
v 260.71 170.27 -1.71
v 260.71 170.27 -1.71
v 255.31 176.31 -1.22
v 254.79 175.09 6.01
v 261.60 171.11 5.18
v 254.00 174.84 -8.22
v 247.70 179.53 -7.79
v 248.11 179.70 -0.51
v 255.31 176.31 -1.22
v 255.31 176.31 -1.22
v 248.11 179.70 -0.51
v 249.10 180.70 6.70
v 254.79 175.09 6.01
v -146.82 161.74 17.26
v -151.86 164.49 20.86
v -164.59 160.98 5.70
v -160.47 158.89 2.83
v -160.47 158.89 2.83
v -164.59 160.98 5.70
v -177.29 157.62 -9.52
v -174.16 155.72 -11.50
v -151.86 164.49 20.86
v -157.11 165.59 25.01
v -168.91 161.42 9.11
v -164.59 160.98 5.70
v -164.59 160.98 5.70
v -168.91 161.42 9.11
v -180.51 158.80 -7.30
v -177.29 157.62 -9.52
v -145.61 172.48 14.35
v -159.29 168.29 -0.36
v -164.17 169.20 3.13
v -150.79 173.26 18.62
v -150.79 173.26 18.62
v -164.17 169.20 3.13
v -169.01 169.65 6.71
v -155.87 173.09 23.06
v -159.29 168.29 -0.36
v -172.96 164.13 -15.08
v -177.45 164.04 -12.15
v -164.17 169.20 3.13
v -164.17 169.20 3.13
v -177.45 164.04 -12.15
v -182.13 165.93 -9.59
v -169.01 169.65 6.71
v -146.82 161.74 17.26
v -160.40 158.70 2.80
v -159.95 163.54 1.31
v -146.04 167.05 15.65
v -146.04 167.05 15.65
v -159.95 163.54 1.31
v -159.29 168.31 -0.36
v -145.61 172.48 14.35
v -160.40 158.70 2.80
v -174.16 155.72 -11.50
v -173.11 159.77 -13.68
v -159.95 163.54 1.31
v -159.95 163.54 1.31
v -173.11 159.77 -13.68
v -172.96 164.13 -15.08
v -159.29 168.31 -0.36
v -157.11 165.59 25.01
v -157.30 169.61 24.57
v -169.43 166.03 8.14
v -169.02 162.27 8.99
v -169.02 162.27 8.99
v -169.43 166.03 8.14
v -181.81 162.53 -8.12
v -180.51 158.80 -7.30
v -157.30 169.61 24.57
v -155.87 173.09 23.06
v -169.29 169.61 6.93
v -169.43 166.03 8.14
v -169.43 166.03 8.14
v -169.29 169.61 6.93
v -182.13 165.93 -9.59
v -181.81 162.53 -8.12
v -146.82 161.74 17.26
v -145.99 167.16 16.08
v -151.16 168.27 20.16
v -151.57 163.75 21.62
v -151.57 163.75 21.62
v -151.16 168.27 20.16
v -156.30 169.38 24.27
v -157.11 165.59 25.01
v -145.99 167.16 16.08
v -145.61 172.48 14.35
v -150.69 172.80 18.78
v -151.16 168.27 20.16
v -151.16 168.27 20.16
v -150.69 172.80 18.78
v -155.87 173.09 23.06
v -156.30 169.38 24.27
v -174.16 155.72 -11.50
v -177.25 157.29 -9.30
v -177.70 161.05 -11.18
v -173.16 160.08 -12.80
v -173.16 160.08 -12.80
v -177.70 161.05 -11.18
v -177.88 164.90 -12.74
v -172.96 164.13 -15.08
v -177.25 157.29 -9.30
v -180.51 158.80 -7.30
v -181.22 162.40 -8.31
v -177.70 161.05 -11.18
v -177.70 161.05 -11.18
v -181.22 162.40 -8.31
v -182.13 165.93 -9.59
v -177.88 164.90 -12.74
v -134.80 160.44 2.14
v -137.36 164.46 8.18
v -155.49 164.36 0.92
v -152.37 160.24 -5.88
v -152.37 160.24 -5.88
v -155.49 164.36 0.92
v -173.46 164.95 -6.67
v -169.79 160.72 -14.23
v -137.36 164.46 8.18
v -140.14 167.58 14.65
v -158.78 167.72 8.08
v -155.49 164.36 0.92
v -155.49 164.36 0.92
v -158.78 167.72 8.08
v -177.16 168.98 0.98
v -173.46 164.95 -6.67
v -135.62 171.87 -4.63
v -151.94 173.03 -10.90
v -154.30 176.64 -2.40
v -137.18 175.57 5.09
v -137.18 175.57 5.09
v -154.30 176.64 -2.40
v -157.05 178.23 6.66
v -139.00 177.89 15.18
v -151.94 173.03 -10.90
v -168.14 174.83 -17.34
v -171.78 175.87 -9.38
v -154.30 176.64 -2.40
v -154.30 176.64 -2.40
v -171.78 175.87 -9.38
v -175.08 178.59 -1.88
v -157.05 178.23 6.66
v -134.80 160.44 2.14
v -152.13 160.38 -6.40
v -152.15 167.04 -8.39
v -135.45 166.45 -0.73
v -135.45 166.45 -0.73
v -152.15 167.04 -8.39
v -151.81 173.27 -11.14
v -135.62 171.87 -4.63
v -152.13 160.38 -6.40
v -169.79 160.72 -14.23
v -168.90 167.70 -15.93
v -152.15 167.04 -8.39
v -152.15 167.04 -8.39
v -168.90 167.70 -15.93
v -168.14 174.83 -17.34
v -151.81 173.27 -11.14
v -140.14 167.58 14.65
v -139.26 172.75 14.08
v -157.72 173.27 6.88
v -158.46 168.29 7.29
v -158.46 168.29 7.29
v -157.72 173.27 6.88
v -176.19 173.78 -0.25
v -177.16 168.98 0.98
v -139.26 172.75 14.08
v -139.00 177.89 15.18
v -156.76 178.25 5.89
v -157.72 173.27 6.88
v -157.72 173.27 6.88
v -156.76 178.25 5.89
v -175.08 178.59 -1.88
v -176.19 173.78 -0.25
v -134.80 160.44 2.14
v -135.55 166.07 -1.35
v -137.77 169.35 6.72
v -137.00 164.13 8.53
v -137.00 164.13 8.53
v -137.77 169.35 6.72
v -140.40 172.54 14.68
v -140.14 167.58 14.65
v -135.55 166.07 -1.35
v -135.62 171.87 -4.63
v -137.27 174.89 5.29
v -137.77 169.35 6.72
v -137.77 169.35 6.72
v -137.27 174.89 5.29
v -139.00 177.89 15.18
v -140.40 172.54 14.68
v -169.79 160.72 -14.23
v -174.09 164.86 -6.92
v -172.85 170.78 -8.27
v -168.62 167.77 -15.62
v -168.62 167.77 -15.62
v -172.85 170.78 -8.27
v -171.61 176.71 -9.61
v -168.14 174.83 -17.34
v -174.09 164.86 -6.92
v -177.16 168.98 0.98
v -176.33 173.79 -0.55
v -172.85 170.78 -8.27
v -172.85 170.78 -8.27
v -176.33 173.79 -0.55
v -175.08 178.59 -1.88
v -171.61 176.71 -9.61
v 107.35 -167.05 -33.18
v 109.97 -169.17 -40.49
v 93.08 -168.38 -44.09
v 92.26 -167.63 -36.65
v 92.26 -167.63 -36.65
v 93.08 -168.38 -44.09
v 76.22 -169.21 -47.30
v 77.20 -169.30 -39.85
v 109.97 -169.17 -40.49
v 112.58 -170.54 -47.98
v 93.90 -169.31 -51.49
v 93.08 -168.38 -44.09
v 93.08 -168.38 -44.09
v 93.90 -169.31 -51.49
v 75.25 -169.23 -54.72
v 76.22 -169.21 -47.30
v 112.38 -180.16 -30.60
v 91.87 -178.82 -33.51
v 93.11 -181.41 -42.62
v 113.08 -181.01 -40.16
v 113.08 -181.01 -40.16
v 93.11 -181.41 -42.62
v 94.35 -183.89 -51.75
v 113.73 -182.49 -49.65
v 91.87 -178.82 -33.51
v 71.39 -177.22 -36.44
v 73.15 -181.61 -45.11
v 93.11 -181.41 -42.62
v 93.11 -181.41 -42.62
v 73.15 -181.61 -45.11
v 74.90 -186.05 -53.77
v 94.35 -183.89 -51.75
v 107.35 -167.05 -33.18
v 92.12 -168.10 -35.83
v 91.92 -173.36 -34.33
v 109.88 -173.62 -31.96
v 109.88 -173.62 -31.96
v 91.92 -173.36 -34.33
v 91.84 -178.67 -33.35
v 112.38 -180.16 -30.60
v 92.12 -168.10 -35.83
v 77.20 -169.30 -39.85
v 74.34 -173.28 -38.33
v 91.92 -173.36 -34.33
v 91.92 -173.36 -34.33
v 74.34 -173.28 -38.33
v 71.39 -177.22 -36.44
v 91.84 -178.67 -33.35
v 112.58 -170.54 -47.98
v 112.97 -176.66 -47.85
v 94.27 -176.95 -52.34
v 93.76 -170.01 -50.52
v 93.76 -170.01 -50.52
v 94.27 -176.95 -52.34
v 75.18 -177.55 -54.79
v 75.25 -169.23 -54.72
v 112.97 -176.66 -47.85
v 113.73 -182.49 -49.65
v 94.43 -184.18 -52.30
v 94.27 -176.95 -52.34
v 94.27 -176.95 -52.34
v 94.43 -184.18 -52.30
v 74.90 -186.05 -53.77
v 75.18 -177.55 -54.79
v 107.35 -167.05 -33.18
v 110.33 -173.40 -31.77
v 110.85 -175.34 -40.52
v 110.29 -168.65 -40.50
v 110.29 -168.65 -40.50
v 110.85 -175.34 -40.52
v 113.80 -176.23 -48.65
v 112.58 -170.54 -47.98
v 110.33 -173.40 -31.77
v 112.38 -180.16 -30.60
v 112.23 -181.68 -40.33
v 110.85 -175.34 -40.52
v 110.85 -175.34 -40.52
v 112.23 -181.68 -40.33
v 113.73 -182.49 -49.65
v 113.80 -176.23 -48.65
v 77.20 -169.30 -39.85
v 75.59 -168.76 -47.20
v 74.74 -175.49 -46.20
v 74.75 -173.62 -38.21
v 74.75 -173.62 -38.21
v 74.74 -175.49 -46.20
v 73.79 -182.15 -45.19
v 71.39 -177.22 -36.44
v 75.59 -168.76 -47.20
v 75.25 -169.23 -54.72
v 75.85 -178.26 -54.35
v 74.74 -175.49 -46.20
v 74.74 -175.49 -46.20
v 75.85 -178.26 -54.35
v 74.90 -186.05 -53.77
v 73.79 -182.15 -45.19
v -33.42 -381.02 -38.89
v -33.80 -376.95 -30.30
v -31.61 -388.07 -24.00
v -31.60 -392.71 -33.45
v -31.60 -392.71 -33.45
v -31.61 -388.07 -24.00
v -30.59 -399.37 -17.67
v -29.80 -404.40 -28.02
v -33.80 -376.95 -30.30
v -34.14 -372.86 -21.70
v -32.69 -383.59 -14.52
v -31.61 -388.07 -24.00
v -31.61 -388.07 -24.00
v -32.69 -383.59 -14.52
v -31.21 -394.31 -7.33
v -30.59 -399.37 -17.67
v -37.77 -381.85 -38.32
v -39.37 -393.96 -32.43
v -40.51 -389.05 -24.35
v -39.36 -376.60 -30.62
v -39.36 -376.60 -30.62
v -40.51 -389.05 -24.35
v -42.51 -384.13 -16.52
v -41.97 -371.34 -23.22
v -39.37 -393.96 -32.43
v -41.47 -406.06 -26.67
v -41.43 -401.50 -18.01
v -40.51 -389.05 -24.35
v -40.51 -389.05 -24.35
v -41.43 -401.50 -18.01
v -41.68 -396.93 -9.43
v -42.51 -384.13 -16.52
v -33.42 -381.02 -38.89
v -31.60 -392.62 -33.26
v -35.62 -393.41 -33.14
v -35.59 -381.35 -38.43
v -35.59 -381.35 -38.43
v -35.62 -393.41 -33.14
v -39.62 -393.92 -32.43
v -37.77 -381.85 -38.32
v -31.60 -392.62 -33.26
v -29.80 -404.40 -28.02
v -35.66 -405.53 -27.98
v -35.62 -393.41 -33.14
v -35.62 -393.41 -33.14
v -35.66 -405.53 -27.98
v -41.47 -406.06 -26.67
v -39.62 -393.92 -32.43
v -34.14 -372.86 -21.70
v -38.09 -371.74 -21.91
v -37.23 -384.12 -15.82
v -32.66 -383.72 -14.72
v -32.66 -383.72 -14.72
v -37.23 -384.12 -15.82
v -36.45 -395.56 -8.30
v -31.21 -394.31 -7.33
v -38.09 -371.74 -21.91
v -41.97 -371.34 -23.22
v -41.83 -384.07 -16.22
v -37.23 -384.12 -15.82
v -37.23 -384.12 -15.82
v -41.83 -384.07 -16.22
v -41.68 -396.93 -9.43
v -36.45 -395.56 -8.30
v -33.42 -381.02 -38.89
v -35.54 -381.65 -38.51
v -36.90 -376.46 -30.69
v -33.82 -376.81 -30.37
v -33.82 -376.81 -30.37
v -36.90 -376.46 -30.69
v -38.05 -372.14 -22.44
v -34.14 -372.86 -21.70
v -35.54 -381.65 -38.51
v -37.77 -381.85 -38.32
v -39.79 -376.90 -30.62
v -36.90 -376.46 -30.69
v -36.90 -376.46 -30.69
v -39.79 -376.90 -30.62
v -41.97 -371.34 -23.22
v -38.05 -372.14 -22.44
v -29.80 -404.40 -28.02
v -30.52 -399.26 -17.72
v -36.10 -400.14 -18.00
v -35.62 -405.32 -27.30
v -35.62 -405.32 -27.30
v -36.10 -400.14 -18.00
v -41.58 -401.49 -18.06
v -41.47 -406.06 -26.67
v -30.52 -399.26 -17.72
v -31.21 -394.31 -7.33
v -36.46 -395.56 -8.41
v -36.10 -400.14 -18.00
v -36.10 -400.14 -18.00
v -36.46 -395.56 -8.41
v -41.68 -396.93 -9.43
v -41.58 -401.49 -18.06
v -39.02 -383.30 -59.44
v -38.54 -378.90 -56.09
v -37.52 -390.64 -42.46
v -38.58 -395.78 -45.94
v -38.58 -395.78 -45.94
v -37.52 -390.64 -42.46
v -38.22 -402.15 -28.56
v -37.92 -408.29 -32.49
v -38.54 -378.90 -56.09
v -36.82 -374.66 -52.94
v -37.04 -385.41 -38.89
v -37.52 -390.64 -42.46
v -37.52 -390.64 -42.46
v -37.04 -385.41 -38.89
v -37.31 -396.16 -24.83
v -38.22 -402.15 -28.56
v -45.90 -382.70 -59.95
v -46.63 -394.80 -47.79
v -47.12 -390.60 -43.57
v -46.46 -378.16 -56.97
v -46.46 -378.16 -56.97
v -47.12 -390.60 -43.57
v -47.77 -386.39 -39.37
v -46.41 -373.61 -53.94
v -46.63 -394.80 -47.79
v -47.33 -406.90 -35.63
v -47.79 -403.03 -30.18
v -47.12 -390.60 -43.57
v -47.12 -390.60 -43.57
v -47.79 -403.03 -30.18
v -48.61 -399.17 -24.75
v -47.77 -386.39 -39.37
v -39.02 -383.30 -59.44
v -38.47 -395.46 -45.65
v -42.54 -395.25 -46.83
v -42.46 -383.18 -59.86
v -42.46 -383.18 -59.86
v -42.54 -395.25 -46.83
v -46.61 -394.78 -47.77
v -45.90 -382.70 -59.95
v -38.47 -395.46 -45.65
v -37.92 -408.29 -32.49
v -42.63 -407.92 -34.36
v -42.54 -395.25 -46.83
v -42.54 -395.25 -46.83
v -42.63 -407.92 -34.36
v -47.33 -406.90 -35.63
v -46.61 -394.78 -47.77
v -36.82 -374.66 -52.94
v -41.63 -374.67 -53.85
v -42.29 -386.05 -39.23
v -37.06 -385.24 -38.75
v -37.06 -385.24 -38.75
v -42.29 -386.05 -39.23
v -42.98 -398.21 -25.21
v -37.31 -396.16 -24.83
v -41.63 -374.67 -53.85
v -46.41 -373.61 -53.94
v -47.52 -386.63 -39.53
v -42.29 -386.05 -39.23
v -42.29 -386.05 -39.23
v -47.52 -386.63 -39.53
v -48.61 -399.17 -24.75
v -42.98 -398.21 -25.21
v -39.02 -383.30 -59.44
v -42.49 -383.13 -59.51
v -42.08 -378.80 -56.24
v -37.95 -379.12 -55.99
v -37.95 -379.12 -55.99
v -42.08 -378.80 -56.24
v -41.67 -374.42 -53.04
v -36.82 -374.66 -52.94
v -42.49 -383.13 -59.51
v -45.90 -382.70 -59.95
v -46.19 -378.32 -56.71
v -42.08 -378.80 -56.24
v -42.08 -378.80 -56.24
v -46.19 -378.32 -56.71
v -46.41 -373.61 -53.94
v -41.67 -374.42 -53.04
v -37.92 -408.29 -32.49
v -37.64 -402.26 -28.60
v -42.73 -402.54 -29.57
v -42.84 -407.90 -33.56
v -42.84 -407.90 -33.56
v -42.73 -402.54 -29.57
v -48.12 -403.25 -29.85
v -47.33 -406.90 -35.63
v -37.64 -402.26 -28.60
v -37.31 -396.16 -24.83
v -43.03 -397.77 -24.63
v -42.73 -402.54 -29.57
v -42.73 -402.54 -29.57
v -43.03 -397.77 -24.63
v -48.61 -399.17 -24.75
v -48.12 -403.25 -29.85
v -223.02 -222.56 30.87
v -192.65 -208.25 35.04
v -188.46 -221.80 48.20
v -218.82 -236.12 44.05
v -192.65 -208.25 35.04
v -167.34 -199.29 35.82
v -163.14 -212.84 48.97
v -188.46 -221.80 48.20
v -167.34 -199.29 35.82
v -140.51 -200.14 26.70
v -136.31 -213.69 39.86
v -163.14 -212.84 48.97
v -140.51 -200.14 26.70
v -115.92 -187.05 32.07
v -111.72 -200.59 45.23
v -136.31 -213.69 39.86
v -115.92 -187.05 32.07
v -90.28 -179.09 32.27
v -86.09 -192.64 45.44
v -111.72 -200.59 45.23
v -90.28 -179.09 32.27
v -76.31 -154.78 52.36
v -72.11 -168.32 65.52
v -86.09 -192.64 45.44
v -76.31 -154.78 52.36
v -80.03 -127.46 81.27
v -75.83 -141.00 94.42
v -72.11 -168.32 65.52
v -80.03 -127.46 81.27
v -72.10 -100.28 107.23
v -67.90 -113.82 120.39
v -75.83 -141.00 94.42
v -72.10 -100.28 107.23
v -65.30 -72.66 134.66
v -61.10 -86.22 147.83
v -67.90 -113.82 120.39
v -65.30 -72.66 134.66
v -56.41 -42.63 164.81
v -52.20 -56.23 178.01
v -61.10 -86.22 147.83
v -56.41 -42.63 164.81
v -77.55 -44.21 169.63
v -73.34 -57.80 182.82
v -52.20 -56.23 178.01
v -77.55 -44.21 169.63
v -113.30 -67.03 155.77
v -109.10 -80.59 168.94
v -73.34 -57.80 182.82
v -113.30 -67.03 155.77
v -134.52 -72.08 157.08
v -130.32 -85.64 170.25
v -109.10 -80.59 168.94
v -134.52 -72.08 157.08
v -155.88 -73.08 162.99
v -151.68 -86.64 176.16
v -130.32 -85.64 170.25
v -155.88 -73.08 162.99
v -176.41 -85.64 156.11
v -172.21 -99.19 169.27
v -151.68 -86.64 176.16
v -176.41 -85.64 156.11
v -201.79 -84.79 165.63
v -197.59 -98.35 178.80
v -172.21 -99.19 169.27
v -201.79 -84.79 165.63
v -221.50 -100.26 155.59
v -217.30 -113.81 168.75
v -197.59 -98.35 178.80
v -221.50 -100.26 155.59
v -229.60 -126.04 130.80
v -225.40 -139.58 143.96
v -217.30 -113.81 168.75
v -229.60 -126.04 130.80
v -252.37 -150.93 112.54
v -248.17 -164.48 125.70
v -225.40 -139.58 143.96
v -252.37 -150.93 112.54
v -240.86 -169.93 89.08
v -236.67 -183.47 102.23
v -248.17 -164.48 125.70
v -240.86 -169.93 89.08
v -256.05 -193.93 69.99
v -251.85 -207.49 83.16
v -236.67 -183.47 102.23
v -256.05 -193.93 69.99
v -269.68 -218.74 50.05
v -265.48 -232.31 63.23
v -251.85 -207.49 83.16
v -269.68 -218.74 50.05
v -265.65 -230.05 37.66
v -261.45 -243.63 50.85
v -265.48 -232.31 63.23
v -265.65 -230.05 37.66
v -258.83 -239.48 26.28
v -254.63 -253.07 39.48
v -261.45 -243.63 50.85
v -258.83 -239.48 26.28
v -223.02 -222.56 30.87
v -218.82 -236.12 44.05
v -254.63 -253.07 39.48
v -218.82 -236.12 44.05
v -188.46 -221.80 48.20
v -174.74 -196.46 68.80
v -193.60 -205.23 66.13
v -192.65 -208.25 35.04
v -223.02 -222.56 30.87
v -197.68 -192.04 53.32
v -178.82 -183.27 55.99
v -188.46 -221.80 48.20
v -163.14 -212.84 48.97
v -159.03 -190.94 69.33
v -174.74 -196.46 68.80
v -167.34 -199.29 35.82
v -192.65 -208.25 35.04
v -178.82 -183.27 55.99
v -163.11 -177.75 56.52
v -163.14 -212.84 48.97
v -136.31 -213.69 39.86
v -142.40 -191.43 63.64
v -159.03 -190.94 69.33
v -140.51 -200.14 26.70
v -167.34 -199.29 35.82
v -163.11 -177.75 56.52
v -146.49 -178.24 50.83
v -136.31 -213.69 39.86
v -111.72 -200.59 45.23
v -127.15 -183.35 67.00
v -142.40 -191.43 63.64
v -115.92 -187.05 32.07
v -140.51 -200.14 26.70
v -146.49 -178.24 50.83
v -131.23 -170.16 54.19
v -111.72 -200.59 45.23
v -86.09 -192.64 45.44
v -111.26 -178.39 67.11
v -127.15 -183.35 67.00
v -90.28 -179.09 32.27
v -115.92 -187.05 32.07
v -131.23 -170.16 54.19
v -115.35 -165.20 54.30
v -86.09 -192.64 45.44
v -72.11 -168.32 65.52
v -102.58 -163.37 79.61
v -111.26 -178.39 67.11
v -76.31 -154.78 52.36
v -90.28 -179.09 32.27
v -115.35 -165.20 54.30
v -106.67 -150.19 66.80
v -72.11 -168.32 65.52
v -75.83 -141.00 94.42
v -104.87 -146.48 97.58
v -102.58 -163.37 79.61
v -80.03 -127.46 81.27
v -76.31 -154.78 52.36
v -106.67 -150.19 66.80
v -108.96 -133.29 84.77
v -75.83 -141.00 94.42
v -67.90 -113.82 120.39
v -99.98 -129.57 113.62
v -104.87 -146.48 97.58
v -72.10 -100.28 107.23
v -80.03 -127.46 81.27
v -108.96 -133.29 84.77
v -104.06 -116.38 100.81
v -67.90 -113.82 120.39
v -61.10 -86.22 147.83
v -95.80 -112.32 130.51
v -99.98 -129.57 113.62
v -65.30 -72.66 134.66
v -72.10 -100.28 107.23
v -104.06 -116.38 100.81
v -99.88 -99.13 117.69
v -61.10 -86.22 147.83
v -52.20 -56.23 178.01
v -90.35 -93.49 148.99
v -95.80 -112.32 130.51
v -56.41 -42.63 164.81
v -65.30 -72.66 134.66
v -99.88 -99.13 117.69
v -94.44 -80.28 136.16
v -52.20 -56.23 178.01
v -73.34 -57.80 182.82
v -103.45 -94.50 152.00
v -90.35 -93.49 148.99
v -77.55 -44.21 169.63
v -56.41 -42.63 164.81
v -94.44 -80.28 136.16
v -107.54 -81.29 139.18
v -73.34 -57.80 182.82
v -109.10 -80.59 168.94
v -125.56 -108.83 143.60
v -103.45 -94.50 152.00
v -113.30 -67.03 155.77
v -77.55 -44.21 169.63
v -107.54 -81.29 139.18
v -129.65 -95.64 130.78
v -109.10 -80.59 168.94
v -130.32 -85.64 170.25
v -138.71 -111.99 144.43
v -125.56 -108.83 143.60
v -134.52 -72.08 157.08
v -113.30 -67.03 155.77
v -129.65 -95.64 130.78
v -142.79 -98.80 131.62
v -130.32 -85.64 170.25
v -151.68 -86.64 176.16
v -151.95 -112.60 148.08
v -138.71 -111.99 144.43
v -155.88 -73.08 162.99
v -134.52 -72.08 157.08
v -142.79 -98.80 131.62
v -156.04 -99.40 135.27
v -151.68 -86.64 176.16
v -172.21 -99.19 169.27
v -164.67 -120.44 143.87
v -151.95 -112.60 148.08
v -176.41 -85.64 156.11
v -155.88 -73.08 162.99
v -156.04 -99.40 135.27
v -168.75 -107.25 131.06
v -172.21 -99.19 169.27
v -197.59 -98.35 178.80
v -180.42 -119.85 149.72
v -164.67 -120.44 143.87
v -201.79 -84.79 165.63
v -176.41 -85.64 156.11
v -168.75 -107.25 131.06
v -184.51 -106.66 136.90
v -197.59 -98.35 178.80
v -217.30 -113.81 168.75
v -192.62 -129.48 143.53
v -180.42 -119.85 149.72
v -221.50 -100.26 155.59
v -201.79 -84.79 165.63
v -184.51 -106.66 136.90
v -196.71 -116.29 130.72
v -217.30 -113.81 168.75
v -225.40 -139.58 143.96
v -197.62 -145.55 128.25
v -192.62 -129.48 143.53
v -229.60 -126.04 130.80
v -221.50 -100.26 155.59
v -196.71 -116.29 130.72
v -201.71 -132.37 115.44
v -225.40 -139.58 143.96
v -248.17 -164.48 125.70
v -211.74 -160.98 116.92
v -197.62 -145.55 128.25
v -252.37 -150.93 112.54
v -229.60 -126.04 130.80
v -201.71 -132.37 115.44
v -215.83 -147.79 104.11
v -248.17 -164.48 125.70
v -236.67 -183.47 102.23
v -204.60 -172.78 102.39
v -211.74 -160.98 116.92
v -240.86 -169.93 89.08
v -252.37 -150.93 112.54
v -215.83 -147.79 104.11
v -208.69 -159.60 89.58
v -236.67 -183.47 102.23
v -251.85 -207.49 83.16
v -214.04 -187.58 90.48
v -204.60 -172.78 102.39
v -256.05 -193.93 69.99
v -240.86 -169.93 89.08
v -208.69 -159.60 89.58
v -218.13 -174.39 77.67
v -251.85 -207.49 83.16
v -265.48 -232.31 63.23
v -222.53 -202.83 77.98
v -214.04 -187.58 90.48
v -269.68 -218.74 50.05
v -256.05 -193.93 69.99
v -218.13 -174.39 77.67
v -226.62 -189.63 65.16
v -265.48 -232.31 63.23
v -261.45 -243.63 50.85
v -220.06 -209.78 70.25
v -222.53 -202.83 77.98
v -265.65 -230.05 37.66
v -269.68 -218.74 50.05
v -226.62 -189.63 65.16
v -224.14 -196.58 57.43
v -261.45 -243.63 50.85
v -254.63 -253.07 39.48
v -215.84 -215.58 63.14
v -220.06 -209.78 70.25
v -258.83 -239.48 26.28
v -265.65 -230.05 37.66
v -224.14 -196.58 57.43
v -219.93 -202.37 50.32
v -254.63 -253.07 39.48
v -218.82 -236.12 44.05
v -193.60 -205.23 66.13
v -215.84 -215.58 63.14
v -223.02 -222.56 30.87
v -258.83 -239.48 26.28
v -219.93 -202.37 50.32
v -197.68 -192.04 53.32
v -193.60 -205.23 66.13
v -174.74 -196.46 68.80
v -163.12 -175.31 86.34
v -172.26 -179.51 85.01
v -178.82 -183.27 55.99
v -197.68 -192.04 53.32
v -176.24 -166.66 72.53
v -167.10 -162.46 73.86
v -174.74 -196.46 68.80
v -159.03 -190.94 69.33
v -155.52 -172.66 86.61
v -163.12 -175.31 86.34
v -163.11 -177.75 56.52
v -178.82 -183.27 55.99
v -167.10 -162.46 73.86
v -159.50 -159.81 74.13
v -159.03 -190.94 69.33
v -142.40 -191.43 63.64
v -147.48 -172.88 83.85
v -155.52 -172.66 86.61
v -146.49 -178.24 50.83
v -163.11 -177.75 56.52
v -159.50 -159.81 74.13
v -151.46 -160.03 71.37
v -142.40 -191.43 63.64
v -127.15 -183.35 67.00
v -140.09 -168.98 85.49
v -147.48 -172.88 83.85
v -131.23 -170.16 54.19
v -146.49 -178.24 50.83
v -151.46 -160.03 71.37
v -144.07 -156.13 73.01
v -127.15 -183.35 67.00
v -111.26 -178.39 67.11
v -132.41 -166.57 85.53
v -140.09 -168.98 85.49
v -115.35 -165.20 54.30
v -131.23 -170.16 54.19
v -144.07 -156.13 73.01
v -136.39 -153.72 73.05
v -111.26 -178.39 67.11
v -102.58 -163.37 79.61
v -128.20 -159.33 91.60
v -132.41 -166.57 85.53
v -106.67 -150.19 66.80
v -115.35 -165.20 54.30
v -136.39 -153.72 73.05
v -132.18 -146.48 79.12
v -102.58 -163.37 79.61
v -104.87 -146.48 97.58
v -129.30 -151.17 100.31
v -128.20 -159.33 91.60
v -108.96 -133.29 84.77
v -106.67 -150.19 66.80
v -132.18 -146.48 79.12
v -133.28 -138.32 87.84
v -104.87 -146.48 97.58
v -99.98 -129.57 113.62
v -126.94 -142.97 108.05
v -129.30 -151.17 100.31
v -104.06 -116.38 100.81
v -108.96 -133.29 84.77
v -133.28 -138.32 87.84
v -130.92 -130.12 95.57
v -99.98 -129.57 113.62
v -95.80 -112.32 130.51
v -124.94 -134.57 116.17
v -126.94 -142.97 108.05
v -99.88 -99.13 117.69
v -104.06 -116.38 100.81
v -130.92 -130.12 95.57
v -128.92 -121.72 103.69
v -95.80 -112.32 130.51
v -90.35 -93.49 148.99
v -122.33 -125.36 125.02
v -124.94 -134.57 116.17
v -94.44 -80.28 136.16
v -99.88 -99.13 117.69
v -128.92 -121.72 103.69
v -126.31 -112.50 112.53
v -90.35 -93.49 148.99
v -103.45 -94.50 152.00
v -128.67 -125.86 126.49
v -122.33 -125.36 125.02
v -107.54 -81.29 139.18
v -94.44 -80.28 136.16
v -126.31 -112.50 112.53
v -132.65 -113.00 114.01
v -103.45 -94.50 152.00
v -125.56 -108.83 143.60
v -139.34 -132.88 122.50
v -128.67 -125.86 126.49
v -129.65 -95.64 130.78
v -107.54 -81.29 139.18
v -132.65 -113.00 114.01
v -143.32 -120.03 110.02
v -125.56 -108.83 143.60
v -138.71 -111.99 144.43
v -145.70 -134.42 122.92
v -139.34 -132.88 122.50
v -142.79 -98.80 131.62
v -129.65 -95.64 130.78
v -143.32 -120.03 110.02
v -149.68 -121.57 110.44
v -138.71 -111.99 144.43
v -151.95 -112.60 148.08
v -152.11 -134.71 124.68
v -145.70 -134.42 122.92
v -156.04 -99.40 135.27
v -142.79 -98.80 131.62
v -149.68 -121.57 110.44
v -156.09 -121.85 112.20
v -151.95 -112.60 148.08
v -164.67 -120.44 143.87
v -158.25 -138.52 122.67
v -152.11 -134.71 124.68
v -168.75 -107.25 131.06
v -156.04 -99.40 135.27
v -156.09 -121.85 112.20
v -162.23 -125.67 110.19
v -164.67 -120.44 143.87
v -180.42 -119.85 149.72
v -165.88 -138.21 125.47
v -158.25 -138.52 122.67
v -184.51 -106.66 136.90
v -168.75 -107.25 131.06
v -162.23 -125.67 110.19
v -169.86 -125.36 112.99
v -180.42 -119.85 149.72
v -192.62 -129.48 143.53
v -171.78 -142.89 122.50
v -165.88 -138.21 125.47
v -196.71 -116.29 130.72
v -184.51 -106.66 136.90
v -169.86 -125.36 112.99
v -175.76 -130.04 110.01
v -192.62 -129.48 143.53
v -197.62 -145.55 128.25
v -174.19 -150.71 115.14
v -171.78 -142.89 122.50
v -201.71 -132.37 115.44
v -196.71 -116.29 130.72
v -175.76 -130.04 110.01
v -178.17 -137.86 102.66
v -197.62 -145.55 128.25
v -211.74 -160.98 116.92
v -181.02 -158.17 109.65
v -174.19 -150.71 115.14
v -215.83 -147.79 104.11
v -201.71 -132.37 115.44
v -178.17 -137.86 102.66
v -185.00 -145.32 97.17
v -211.74 -160.98 116.92
v -204.60 -172.78 102.39
v -177.56 -163.89 102.63
v -181.02 -158.17 109.65
v -208.69 -159.60 89.58
v -215.83 -147.79 104.11
v -185.00 -145.32 97.17
v -181.54 -151.04 90.15
v -204.60 -172.78 102.39
v -214.04 -187.58 90.48
v -182.14 -171.01 96.83
v -177.56 -163.89 102.63
v -218.13 -174.39 77.67
v -208.69 -159.60 89.58
v -181.54 -151.04 90.15
v -186.12 -158.16 84.35
v -214.04 -187.58 90.48
v -222.53 -202.83 77.98
v -186.27 -178.33 90.73
v -182.14 -171.01 96.83
v -226.62 -189.63 65.16
v -218.13 -174.39 77.67
v -186.12 -158.16 84.35
v -190.25 -165.48 78.25
v -222.53 -202.83 77.98
v -220.06 -209.78 70.25
v -185.08 -181.67 86.96
v -186.27 -178.33 90.73
v -224.14 -196.58 57.43
v -226.62 -189.63 65.16
v -190.25 -165.48 78.25
v -189.06 -168.82 74.48
v -220.06 -209.78 70.25
v -215.84 -215.58 63.14
v -183.05 -184.45 83.50
v -185.08 -181.67 86.96
v -219.93 -202.37 50.32
v -224.14 -196.58 57.43
v -189.06 -168.82 74.48
v -187.03 -171.60 71.01
v -215.84 -215.58 63.14
v -193.60 -205.23 66.13
v -172.26 -179.51 85.01
v -183.05 -184.45 83.50
v -197.68 -192.04 53.32
v -219.93 -202.37 50.32
v -187.03 -171.60 71.01
v -176.24 -166.66 72.53
v -172.26 -179.51 85.01
v -163.12 -175.31 86.34
v -152.19 -155.64 102.94
v -167.10 -162.46 73.86
v -176.24 -166.66 72.53
v -156.42 -141.98 89.68
v -163.12 -175.31 86.34
v -155.52 -172.66 86.61
v -152.19 -155.64 102.94
v -159.50 -159.81 74.13
v -167.10 -162.46 73.86
v -156.42 -141.98 89.68
v -155.52 -172.66 86.61
v -147.48 -172.88 83.85
v -152.19 -155.64 102.94
v -151.46 -160.03 71.37
v -159.50 -159.81 74.13
v -156.42 -141.98 89.68
v -147.48 -172.88 83.85
v -140.09 -168.98 85.49
v -152.19 -155.64 102.94
v -144.07 -156.13 73.01
v -151.46 -160.03 71.37
v -156.42 -141.98 89.68
v -140.09 -168.98 85.49
v -132.41 -166.57 85.53
v -152.19 -155.64 102.94
v -136.39 -153.72 73.05
v -144.07 -156.13 73.01
v -156.42 -141.98 89.68
v -132.41 -166.57 85.53
v -128.20 -159.33 91.60
v -152.19 -155.64 102.94
v -132.18 -146.48 79.12
v -136.39 -153.72 73.05
v -156.42 -141.98 89.68
v -128.20 -159.33 91.60
v -129.30 -151.17 100.31
v -152.19 -155.64 102.94
v -133.28 -138.32 87.84
v -132.18 -146.48 79.12
v -156.42 -141.98 89.68
v -129.30 -151.17 100.31
v -126.94 -142.97 108.05
v -152.19 -155.64 102.94
v -130.92 -130.12 95.57
v -133.28 -138.32 87.84
v -156.42 -141.98 89.68
v -126.94 -142.97 108.05
v -124.94 -134.57 116.17
v -152.19 -155.64 102.94
v -128.92 -121.72 103.69
v -130.92 -130.12 95.57
v -156.42 -141.98 89.68
v -124.94 -134.57 116.17
v -122.33 -125.36 125.02
v -152.19 -155.64 102.94
v -126.31 -112.50 112.53
v -128.92 -121.72 103.69
v -156.42 -141.98 89.68
v -122.33 -125.36 125.02
v -128.67 -125.86 126.49
v -152.19 -155.64 102.94
v -132.65 -113.00 114.01
v -126.31 -112.50 112.53
v -156.42 -141.98 89.68
v -128.67 -125.86 126.49
v -139.34 -132.88 122.50
v -152.19 -155.64 102.94
v -143.32 -120.03 110.02
v -132.65 -113.00 114.01
v -156.42 -141.98 89.68
v -139.34 -132.88 122.50
v -145.70 -134.42 122.92
v -152.19 -155.64 102.94
v -149.68 -121.57 110.44
v -143.32 -120.03 110.02
v -156.42 -141.98 89.68
v -145.70 -134.42 122.92
v -152.11 -134.71 124.68
v -152.19 -155.64 102.94
v -156.09 -121.85 112.20
v -149.68 -121.57 110.44
v -156.42 -141.98 89.68
v -152.11 -134.71 124.68
v -158.25 -138.52 122.67
v -152.19 -155.64 102.94
v -162.23 -125.67 110.19
v -156.09 -121.85 112.20
v -156.42 -141.98 89.68
v -158.25 -138.52 122.67
v -165.88 -138.21 125.47
v -152.19 -155.64 102.94
v -169.86 -125.36 112.99
v -162.23 -125.67 110.19
v -156.42 -141.98 89.68
v -165.88 -138.21 125.47
v -171.78 -142.89 122.50
v -152.19 -155.64 102.94
v -175.76 -130.04 110.01
v -169.86 -125.36 112.99
v -156.42 -141.98 89.68
v -171.78 -142.89 122.50
v -174.19 -150.71 115.14
v -152.19 -155.64 102.94
v -178.17 -137.86 102.66
v -175.76 -130.04 110.01
v -156.42 -141.98 89.68
v -174.19 -150.71 115.14
v -181.02 -158.17 109.65
v -152.19 -155.64 102.94
v -185.00 -145.32 97.17
v -178.17 -137.86 102.66
v -156.42 -141.98 89.68
v -181.02 -158.17 109.65
v -177.56 -163.89 102.63
v -152.19 -155.64 102.94
v -181.54 -151.04 90.15
v -185.00 -145.32 97.17
v -156.42 -141.98 89.68
v -177.56 -163.89 102.63
v -182.14 -171.01 96.83
v -152.19 -155.64 102.94
v -186.12 -158.16 84.35
v -181.54 -151.04 90.15
v -156.42 -141.98 89.68
v -182.14 -171.01 96.83
v -186.27 -178.33 90.73
v -152.19 -155.64 102.94
v -190.25 -165.48 78.25
v -186.12 -158.16 84.35
v -156.42 -141.98 89.68
v -186.27 -178.33 90.73
v -185.08 -181.67 86.96
v -152.19 -155.64 102.94
v -189.06 -168.82 74.48
v -190.25 -165.48 78.25
v -156.42 -141.98 89.68
v -185.08 -181.67 86.96
v -183.05 -184.45 83.50
v -152.19 -155.64 102.94
v -187.03 -171.60 71.01
v -189.06 -168.82 74.48
v -156.42 -141.98 89.68
v -183.05 -184.45 83.50
v -172.26 -179.51 85.01
v -152.19 -155.64 102.94
v -176.24 -166.66 72.53
v -187.03 -171.60 71.01
v -156.42 -141.98 89.68
v 290.80 -26.10 -1.21
v 295.96 -10.44 13.07
v 301.94 -24.22 26.51
v 296.78 -39.87 12.23
v 295.96 -10.44 13.07
v 268.88 12.46 48.68
v 274.86 -1.32 62.13
v 301.94 -24.22 26.51
v 268.88 12.46 48.68
v 248.73 36.66 82.17
v 254.71 22.88 95.61
v 274.86 -1.32 62.13
v 248.73 36.66 82.17
v 223.97 58.20 114.49
v 229.94 44.44 127.92
v 254.71 22.88 95.61
v 223.97 58.20 114.49
v 188.12 55.82 127.40
v 194.09 42.06 140.82
v 229.94 44.44 127.92
v 188.12 55.82 127.40
v 156.27 63.37 148.53
v 162.24 49.63 161.94
v 194.09 42.06 140.82
v 156.27 63.37 148.53
v 109.81 56.07 161.35
v 115.78 42.33 174.76
v 162.24 49.63 161.94
v 109.81 56.07 161.35
v 64.76 39.91 165.14
v 70.73 26.16 178.55
v 115.78 42.33 174.76
v 64.76 39.91 165.14
v 17.75 25.72 172.02
v 23.72 11.97 185.43
v 70.73 26.16 178.55
v 17.75 25.72 172.02
v 32.19 6.33 146.50
v 38.17 -7.44 159.93
v 23.72 11.97 185.43
v 32.19 6.33 146.50
v 44.54 -12.21 122.51
v 50.52 -25.97 135.94
v 38.17 -7.44 159.93
v 44.54 -12.21 122.51
v 60.15 -29.98 97.54
v 66.13 -43.75 110.98
v 50.52 -25.97 135.94
v 60.15 -29.98 97.54
v 52.14 -55.51 75.18
v 58.12 -69.28 88.62
v 66.13 -43.75 110.98
v 52.14 -55.51 75.18
v 76.80 -69.55 49.36
v 82.78 -83.32 62.79
v 58.12 -69.28 88.62
v 76.80 -69.55 49.36
v 93.84 -82.85 27.62
v 99.82 -96.61 41.05
v 82.78 -83.32 62.79
v 93.84 -82.85 27.62
v 101.91 -106.70 -1.31
v 107.88 -120.45 12.11
v 99.82 -96.61 41.05
v 101.91 -106.70 -1.31
v 120.48 -100.73 -3.61
v 126.45 -114.48 9.81
v 107.88 -120.45 12.11
v 120.48 -100.73 -3.61
v 137.72 -98.32 -9.04
v 143.69 -112.07 4.37
v 126.45 -114.48 9.81
v 137.72 -98.32 -9.04
v 155.36 -93.78 -12.34
v 161.32 -107.53 1.07
v 143.69 -112.07 4.37
v 155.36 -93.78 -12.34
v 172.81 -89.87 -16.18
v 178.78 -103.61 -2.77
v 161.32 -107.53 1.07
v 172.81 -89.87 -16.18
v 189.88 -85.52 -19.35
v 195.85 -99.26 -5.94
v 178.78 -103.61 -2.77
v 189.88 -85.52 -19.35
v 223.21 -99.56 -49.73
v 229.17 -113.29 -36.34
v 195.85 -99.26 -5.94
v 223.21 -99.56 -49.73
v 229.92 -71.78 -22.81
v 235.89 -85.52 -9.40
v 229.17 -113.29 -36.34
v 229.92 -71.78 -22.81
v 255.04 -59.24 -20.67
v 261.01 -72.99 -7.25
v 235.89 -85.52 -9.40
v 255.04 -59.24 -20.67
v 257.30 -39.21 -0.35
v 263.28 -52.98 13.08
v 261.01 -72.99 -7.25
v 257.30 -39.21 -0.35
v 290.80 -26.10 -1.21
v 296.78 -39.87 12.23
v 263.28 -52.98 13.08
v 296.78 -39.87 12.23
v 301.94 -24.22 26.51
v 245.74 -26.34 48.81
v 242.56 -36.10 40.01
v 295.96 -10.44 13.07
v 290.80 -26.10 -1.21
v 236.68 -22.55 26.78
v 239.86 -12.78 35.58
v 301.94 -24.22 26.51
v 274.86 -1.32 62.13
v 228.95 -12.13 70.88
v 245.74 -26.34 48.81
v 268.88 12.46 48.68
v 295.96 -10.44 13.07
v 239.86 -12.78 35.58
v 223.06 1.43 57.65
v 274.86 -1.32 62.13
v 254.71 22.88 95.61
v 216.46 2.85 91.67
v 228.95 -12.13 70.88
v 248.73 36.66 82.17
v 268.88 12.46 48.68
v 223.06 1.43 57.65
v 210.58 16.40 78.44
v 254.71 22.88 95.61
v 229.94 44.44 127.92
v 201.15 16.13 111.78
v 216.46 2.85 91.67
v 223.97 58.20 114.49
v 248.73 36.66 82.17
v 210.58 16.40 78.44
v 195.26 29.68 98.56
v 229.94 44.44 127.92
v 194.09 42.06 140.82
v 178.94 14.59 119.85
v 201.15 16.13 111.78
v 188.12 55.82 127.40
v 223.97 58.20 114.49
v 195.26 29.68 98.56
v 173.06 28.13 106.63
v 194.09 42.06 140.82
v 162.24 49.63 161.94
v 159.24 19.19 133.02
v 178.94 14.59 119.85
v 156.27 63.37 148.53
v 188.12 55.82 127.40
v 173.06 28.13 106.63
v 153.36 32.73 119.81
v 162.24 49.63 161.94
v 115.78 42.33 174.76
v 130.45 14.63 141.01
v 159.24 19.19 133.02
v 109.81 56.07 161.35
v 156.27 63.37 148.53
v 153.36 32.73 119.81
v 124.57 28.17 127.80
v 115.78 42.33 174.76
v 70.73 26.16 178.55
v 102.50 4.64 143.33
v 130.45 14.63 141.01
v 64.76 39.91 165.14
v 109.81 56.07 161.35
v 124.57 28.17 127.80
v 96.62 18.18 130.11
v 70.73 26.16 178.55
v 23.72 11.97 185.43
v 73.33 -4.11 147.54
v 102.50 4.64 143.33
v 17.75 25.72 172.02
v 64.76 39.91 165.14
v 96.62 18.18 130.11
v 67.45 9.44 134.32
v 23.72 11.97 185.43
v 38.17 -7.44 159.93
v 82.25 -16.05 131.65
v 73.33 -4.11 147.54
v 32.19 6.33 146.50
v 17.75 25.72 172.02
v 67.45 9.44 134.32
v 76.37 -2.50 118.42
v 38.17 -7.44 159.93
v 50.52 -25.97 135.94
v 89.89 -27.49 116.72
v 82.25 -16.05 131.65
v 44.54 -12.21 122.51
v 32.19 6.33 146.50
v 76.37 -2.50 118.42
v 84.00 -13.94 103.50
v 50.52 -25.97 135.94
v 66.13 -43.75 110.98
v 99.56 -38.49 101.22
v 89.89 -27.49 116.72
v 60.15 -29.98 97.54
v 44.54 -12.21 122.51
v 84.00 -13.94 103.50
v 93.67 -24.94 88.00
v 66.13 -43.75 110.98
v 58.12 -69.28 88.62
v 94.58 -54.30 87.34
v 99.56 -38.49 101.22
v 52.14 -55.51 75.18
v 60.15 -29.98 97.54
v 93.67 -24.94 88.00
v 88.69 -40.74 74.11
v 58.12 -69.28 88.62
v 82.78 -83.32 62.79
v 109.89 -63.05 71.37
v 94.58 -54.30 87.34
v 76.80 -69.55 49.36
v 52.14 -55.51 75.18
v 88.69 -40.74 74.11
v 104.01 -49.50 58.15
v 82.78 -83.32 62.79
v 99.82 -96.61 41.05
v 120.48 -71.35 57.95
v 109.89 -63.05 71.37
v 93.84 -82.85 27.62
v 76.80 -69.55 49.36
v 104.01 -49.50 58.15
v 114.60 -57.80 44.73
v 99.82 -96.61 41.05
v 107.88 -120.45 12.11
v 125.52 -86.23 40.10
v 120.48 -71.35 57.95
v 101.91 -106.70 -1.31
v 93.84 -82.85 27.62
v 114.60 -57.80 44.73
v 119.64 -72.69 26.88
v 107.88 -120.45 12.11
v 126.45 -114.48 9.81
v 137.04 -82.54 38.69
v 125.52 -86.23 40.10
v 120.48 -100.73 -3.61
v 101.91 -106.70 -1.31
v 119.64 -72.69 26.88
v 131.16 -69.00 25.48
v 126.45 -114.48 9.81
v 143.69 -112.07 4.37
v 147.74 -81.07 35.35
v 137.04 -82.54 38.69
v 137.72 -98.32 -9.04
v 120.48 -100.73 -3.61
v 131.16 -69.00 25.48
v 141.86 -67.53 22.13
v 143.69 -112.07 4.37
v 161.32 -107.53 1.07
v 158.68 -78.27 33.31
v 147.74 -81.07 35.35
v 155.36 -93.78 -12.34
v 137.72 -98.32 -9.04
v 141.86 -67.53 22.13
v 152.80 -64.73 20.10
v 161.32 -107.53 1.07
v 178.78 -103.61 -2.77
v 169.51 -75.85 30.94
v 158.68 -78.27 33.31
v 172.81 -89.87 -16.18
v 155.36 -93.78 -12.34
v 152.80 -64.73 20.10
v 163.63 -62.31 17.72
v 178.78 -103.61 -2.77
v 195.85 -99.26 -5.94
v 180.09 -73.16 28.98
v 169.51 -75.85 30.94
v 189.88 -85.52 -19.35
v 172.81 -89.87 -16.18
v 163.63 -62.31 17.72
v 174.21 -59.62 15.76
v 195.85 -99.26 -5.94
v 229.17 -113.29 -36.34
v 200.81 -81.98 10.25
v 180.09 -73.16 28.98
v 223.21 -99.56 -49.73
v 189.88 -85.52 -19.35
v 174.21 -59.62 15.76
v 194.93 -68.45 -2.95
v 229.17 -113.29 -36.34
v 235.89 -85.52 -9.40
v 204.90 -64.61 26.80
v 200.81 -81.98 10.25
v 229.92 -71.78 -22.81
v 223.21 -99.56 -49.73
v 194.93 -68.45 -2.95
v 199.02 -51.07 13.59
v 235.89 -85.52 -9.40
v 261.01 -72.99 -7.25
v 220.45 -56.79 28.09
v 204.90 -64.61 26.80
v 255.04 -59.24 -20.67
v 229.92 -71.78 -22.81
v 199.02 -51.07 13.59
v 214.57 -43.24 14.87
v 261.01 -72.99 -7.25
v 263.28 -52.98 13.08
v 221.82 -44.29 40.60
v 220.45 -56.79 28.09
v 257.30 -39.21 -0.35
v 255.04 -59.24 -20.67
v 214.57 -43.24 14.87
v 215.94 -30.74 27.38
v 263.28 -52.98 13.08
v 296.78 -39.87 12.23
v 242.56 -36.10 40.01
v 221.82 -44.29 40.60
v 290.80 -26.10 -1.21
v 257.30 -39.21 -0.35
v 215.94 -30.74 27.38
v 236.68 -22.55 26.78
v 242.56 -36.10 40.01
v 245.74 -26.34 48.81
v 198.45 -28.21 67.67
v 196.93 -32.96 63.44
v 239.86 -12.78 35.58
v 236.68 -22.55 26.78
v 191.14 -19.62 50.42
v 192.66 -14.88 54.66
v 245.74 -26.34 48.81
v 228.95 -12.13 70.88
v 190.32 -21.33 78.35
v 198.45 -28.21 67.67
v 223.06 1.43 57.65
v 239.86 -12.78 35.58
v 192.66 -14.88 54.66
v 184.54 -8.00 65.33
v 228.95 -12.13 70.88
v 216.46 2.85 91.67
v 184.29 -14.10 88.42
v 190.32 -21.33 78.35
v 210.58 16.40 78.44
v 223.06 1.43 57.65
v 184.54 -8.00 65.33
v 178.50 -0.76 75.40
v 216.46 2.85 91.67
v 201.15 16.13 111.78
v 176.89 -7.71 98.18
v 184.29 -14.10 88.42
v 195.26 29.68 98.56
v 210.58 16.40 78.44
v 178.50 -0.76 75.40
v 171.10 5.63 85.17
v 201.15 16.13 111.78
v 178.94 14.59 119.85
v 166.16 -8.48 102.11
v 176.89 -7.71 98.18
v 173.06 28.13 106.63
v 195.26 29.68 98.56
v 171.10 5.63 85.17
v 160.37 4.85 89.10
v 178.94 14.59 119.85
v 159.24 19.19 133.02
v 156.64 -6.29 108.52
v 166.16 -8.48 102.11
v 153.36 32.73 119.81
v 173.06 28.13 106.63
v 160.37 4.85 89.10
v 150.85 7.05 95.51
v 159.24 19.19 133.02
v 130.45 14.63 141.01
v 142.72 -8.51 112.40
v 156.64 -6.29 108.52
v 124.57 28.17 127.80
v 153.36 32.73 119.81
v 150.85 7.05 95.51
v 136.93 4.82 99.40
v 130.45 14.63 141.01
v 102.50 4.64 143.33
v 129.19 -13.33 113.51
v 142.72 -8.51 112.40
v 96.62 18.18 130.11
v 124.57 28.17 127.80
v 136.93 4.82 99.40
v 123.40 0.00 100.50
v 102.50 4.64 143.33
v 73.33 -4.11 147.54
v 115.07 -17.54 115.53
v 129.19 -13.33 113.51
v 67.45 9.44 134.32
v 96.62 18.18 130.11
v 123.40 0.00 100.50
v 109.28 -4.21 102.52
v 73.33 -4.11 147.54
v 82.25 -16.05 131.65
v 119.37 -23.28 107.80
v 115.07 -17.54 115.53
v 76.37 -2.50 118.42
v 67.45 9.44 134.32
v 109.28 -4.21 102.52
v 113.58 -9.95 94.79
v 82.25 -16.05 131.65
v 89.89 -27.49 116.72
v 123.05 -28.80 100.56
v 119.37 -23.28 107.80
v 84.00 -13.94 103.50
v 76.37 -2.50 118.42
v 113.58 -9.95 94.79
v 117.26 -15.46 87.55
v 89.89 -27.49 116.72
v 99.56 -38.49 101.22
v 127.73 -34.11 93.05
v 123.05 -28.80 100.56
v 93.67 -24.94 88.00
v 84.00 -13.94 103.50
v 117.26 -15.46 87.55
v 121.94 -20.78 80.04
v 99.56 -38.49 101.22
v 94.58 -54.30 87.34
v 125.31 -41.75 86.32
v 127.73 -34.11 93.05
v 88.69 -40.74 74.11
v 93.67 -24.94 88.00
v 121.94 -20.78 80.04
v 119.52 -28.41 73.31
v 94.58 -54.30 87.34
v 109.89 -63.05 71.37
v 132.73 -46.00 78.62
v 125.31 -41.75 86.32
v 104.01 -49.50 58.15
v 88.69 -40.74 74.11
v 119.52 -28.41 73.31
v 126.94 -32.67 65.61
v 109.89 -63.05 71.37
v 120.48 -71.35 57.95
v 137.86 -50.04 72.15
v 132.73 -46.00 78.62
v 114.60 -57.80 44.73
v 104.01 -49.50 58.15
v 126.94 -32.67 65.61
v 132.08 -36.71 59.13
v 120.48 -71.35 57.95
v 125.52 -86.23 40.10
v 140.32 -57.28 63.55
v 137.86 -50.04 72.15
v 119.64 -72.69 26.88
v 114.60 -57.80 44.73
v 132.08 -36.71 59.13
v 134.53 -43.95 50.54
v 125.52 -86.23 40.10
v 137.04 -82.54 38.69
v 145.90 -55.51 62.87
v 140.32 -57.28 63.55
v 131.16 -69.00 25.48
v 119.64 -72.69 26.88
v 134.53 -43.95 50.54
v 140.11 -42.18 49.86
v 137.04 -82.54 38.69
v 147.74 -81.07 35.35
v 151.08 -54.81 61.27
v 145.90 -55.51 62.87
v 141.86 -67.53 22.13
v 131.16 -69.00 25.48
v 140.11 -42.18 49.86
v 145.29 -41.47 48.26
v 147.74 -81.07 35.35
v 158.68 -78.27 33.31
v 156.38 -53.45 60.29
v 151.08 -54.81 61.27
v 152.80 -64.73 20.10
v 141.86 -67.53 22.13
v 145.29 -41.47 48.26
v 150.59 -40.12 47.28
v 158.68 -78.27 33.31
v 169.51 -75.85 30.94
v 161.62 -52.29 59.14
v 156.38 -53.45 60.29
v 163.63 -62.31 17.72
v 152.80 -64.73 20.10
v 150.59 -40.12 47.28
v 155.83 -38.96 46.13
v 169.51 -75.85 30.94
v 180.09 -73.16 28.98
v 166.74 -50.99 58.19
v 161.62 -52.29 59.14
v 174.21 -59.62 15.76
v 163.63 -62.31 17.72
v 155.83 -38.96 46.13
v 160.95 -37.66 45.18
v 180.09 -73.16 28.98
v 200.81 -81.98 10.25
v 176.79 -55.31 49.18
v 166.74 -50.99 58.19
v 194.93 -68.45 -2.95
v 174.21 -59.62 15.76
v 160.95 -37.66 45.18
v 171.00 -41.98 36.18
v 200.81 -81.98 10.25
v 204.90 -64.61 26.80
v 178.74 -46.84 57.13
v 176.79 -55.31 49.18
v 199.02 -51.07 13.59
v 194.93 -68.45 -2.95
v 171.00 -41.98 36.18
v 172.95 -33.51 44.12
v 204.90 -64.61 26.80
v 220.45 -56.79 28.09
v 186.25 -43.03 57.73
v 178.74 -46.84 57.13
v 214.57 -43.24 14.87
v 199.02 -51.07 13.59
v 172.95 -33.51 44.12
v 180.47 -29.70 44.72
v 220.45 -56.79 28.09
v 221.82 -44.29 40.60
v 186.90 -36.95 63.75
v 186.25 -43.03 57.73
v 215.94 -30.74 27.38
v 214.57 -43.24 14.87
v 180.47 -29.70 44.72
v 181.11 -23.62 50.74
v 221.82 -44.29 40.60
v 242.56 -36.10 40.01
v 196.93 -32.96 63.44
v 186.90 -36.95 63.75
v 236.68 -22.55 26.78
v 215.94 -30.74 27.38
v 181.11 -23.62 50.74
v 191.14 -19.62 50.42
v 196.93 -32.96 63.44
v 198.45 -28.21 67.67
v 154.15 -30.04 85.43
v 192.66 -14.88 54.66
v 191.14 -19.62 50.42
v 148.04 -15.96 71.69
v 198.45 -28.21 67.67
v 190.32 -21.33 78.35
v 154.15 -30.04 85.43
v 184.54 -8.00 65.33
v 192.66 -14.88 54.66
v 148.04 -15.96 71.69
v 190.32 -21.33 78.35
v 184.29 -14.10 88.42
v 154.15 -30.04 85.43
v 178.50 -0.76 75.40
v 184.54 -8.00 65.33
v 148.04 -15.96 71.69
v 184.29 -14.10 88.42
v 176.89 -7.71 98.18
v 154.15 -30.04 85.43
v 171.10 5.63 85.17
v 178.50 -0.76 75.40
v 148.04 -15.96 71.69
v 176.89 -7.71 98.18
v 166.16 -8.48 102.11
v 154.15 -30.04 85.43
v 160.37 4.85 89.10
v 171.10 5.63 85.17
v 148.04 -15.96 71.69
v 166.16 -8.48 102.11
v 156.64 -6.29 108.52
v 154.15 -30.04 85.43
v 150.85 7.05 95.51
v 160.37 4.85 89.10
v 148.04 -15.96 71.69
v 156.64 -6.29 108.52
v 142.72 -8.51 112.40
v 154.15 -30.04 85.43
v 136.93 4.82 99.40
v 150.85 7.05 95.51
v 148.04 -15.96 71.69
v 142.72 -8.51 112.40
v 129.19 -13.33 113.51
v 154.15 -30.04 85.43
v 123.40 0.00 100.50
v 136.93 4.82 99.40
v 148.04 -15.96 71.69
v 129.19 -13.33 113.51
v 115.07 -17.54 115.53
v 154.15 -30.04 85.43
v 109.28 -4.21 102.52
v 123.40 0.00 100.50
v 148.04 -15.96 71.69
v 115.07 -17.54 115.53
v 119.37 -23.28 107.80
v 154.15 -30.04 85.43
v 113.58 -9.95 94.79
v 109.28 -4.21 102.52
v 148.04 -15.96 71.69
v 119.37 -23.28 107.80
v 123.05 -28.80 100.56
v 154.15 -30.04 85.43
v 117.26 -15.46 87.55
v 113.58 -9.95 94.79
v 148.04 -15.96 71.69
v 123.05 -28.80 100.56
v 127.73 -34.11 93.05
v 154.15 -30.04 85.43
v 121.94 -20.78 80.04
v 117.26 -15.46 87.55
v 148.04 -15.96 71.69
v 127.73 -34.11 93.05
v 125.31 -41.75 86.32
v 154.15 -30.04 85.43
v 119.52 -28.41 73.31
v 121.94 -20.78 80.04
v 148.04 -15.96 71.69
v 125.31 -41.75 86.32
v 132.73 -46.00 78.62
v 154.15 -30.04 85.43
v 126.94 -32.67 65.61
v 119.52 -28.41 73.31
v 148.04 -15.96 71.69
v 132.73 -46.00 78.62
v 137.86 -50.04 72.15
v 154.15 -30.04 85.43
v 132.08 -36.71 59.13
v 126.94 -32.67 65.61
v 148.04 -15.96 71.69
v 137.86 -50.04 72.15
v 140.32 -57.28 63.55
v 154.15 -30.04 85.43
v 134.53 -43.95 50.54
v 132.08 -36.71 59.13
v 148.04 -15.96 71.69
v 140.32 -57.28 63.55
v 145.90 -55.51 62.87
v 154.15 -30.04 85.43
v 140.11 -42.18 49.86
v 134.53 -43.95 50.54
v 148.04 -15.96 71.69
v 145.90 -55.51 62.87
v 151.08 -54.81 61.27
v 154.15 -30.04 85.43
v 145.29 -41.47 48.26
v 140.11 -42.18 49.86
v 148.04 -15.96 71.69
v 151.08 -54.81 61.27
v 156.38 -53.45 60.29
v 154.15 -30.04 85.43
v 150.59 -40.12 47.28
v 145.29 -41.47 48.26
v 148.04 -15.96 71.69
v 156.38 -53.45 60.29
v 161.62 -52.29 59.14
v 154.15 -30.04 85.43
v 155.83 -38.96 46.13
v 150.59 -40.12 47.28
v 148.04 -15.96 71.69
v 161.62 -52.29 59.14
v 166.74 -50.99 58.19
v 154.15 -30.04 85.43
v 160.95 -37.66 45.18
v 155.83 -38.96 46.13
v 148.04 -15.96 71.69
v 166.74 -50.99 58.19
v 176.79 -55.31 49.18
v 154.15 -30.04 85.43
v 171.00 -41.98 36.18
v 160.95 -37.66 45.18
v 148.04 -15.96 71.69
v 176.79 -55.31 49.18
v 178.74 -46.84 57.13
v 154.15 -30.04 85.43
v 172.95 -33.51 44.12
v 171.00 -41.98 36.18
v 148.04 -15.96 71.69
v 178.74 -46.84 57.13
v 186.25 -43.03 57.73
v 154.15 -30.04 85.43
v 180.47 -29.70 44.72
v 172.95 -33.51 44.12
v 148.04 -15.96 71.69
v 186.25 -43.03 57.73
v 186.90 -36.95 63.75
v 154.15 -30.04 85.43
v 181.11 -23.62 50.74
v 180.47 -29.70 44.72
v 148.04 -15.96 71.69
v 186.90 -36.95 63.75
v 196.93 -32.96 63.44
v 154.15 -30.04 85.43
v 191.14 -19.62 50.42
v 181.11 -23.62 50.74
v 148.04 -15.96 71.69
v 273.97 3.12 60.00
v 273.48 0.74 57.78
v 290.85 7.23 51.86
v 289.83 9.47 49.68
v 273.48 0.74 57.78
v 272.00 2.90 55.79
v 290.21 4.84 49.70
v 290.85 7.23 51.86
v 272.00 2.90 55.79
v 272.49 5.28 58.01
v 289.19 7.08 47.52
v 290.21 4.84 49.70
v 272.49 5.28 58.01
v 273.97 3.12 60.00
v 289.83 9.47 49.68
v 289.19 7.08 47.52
v 289.83 9.47 49.68
v 290.85 7.23 51.86
v 308.74 8.20 43.99
v 307.71 5.79 42.00
v 290.85 7.23 51.86
v 290.21 4.84 49.70
v 309.36 5.98 46.34
v 308.74 8.20 43.99
v 290.21 4.84 49.70
v 289.19 7.08 47.52
v 308.33 3.58 44.35
v 309.36 5.98 46.34
v 289.19 7.08 47.52
v 289.83 9.47 49.68
v 307.71 5.79 42.00
v 308.33 3.58 44.35
v 307.71 5.79 42.00
v 308.74 8.20 43.99
v 325.66 2.72 33.92
v 325.18 0.77 36.52
v 308.74 8.20 43.99
v 309.36 5.98 46.34
v 326.69 5.13 35.91
v 325.66 2.72 33.92
v 309.36 5.98 46.34
v 308.33 3.58 44.35
v 326.21 3.17 38.51
v 326.69 5.13 35.91
v 308.33 3.58 44.35
v 307.71 5.79 42.00
v 325.18 0.77 36.52
v 326.21 3.17 38.51
v 325.18 0.77 36.52
v 325.66 2.72 33.92
v 341.05 -8.12 41.60
v 341.81 -5.63 43.61
v 325.66 2.72 33.92
v 326.69 5.13 35.91
v 342.66 -6.63 39.15
v 341.05 -8.12 41.60
v 326.69 5.13 35.91
v 326.21 3.17 38.51
v 343.41 -4.14 41.16
v 342.66 -6.63 39.15
v 326.21 3.17 38.51
v 325.18 0.77 36.52
v 341.81 -5.63 43.61
v 343.41 -4.14 41.16
v 272.49 5.28 58.01
v 272.00 2.90 55.79
v 273.48 0.74 57.78
v 273.97 3.12 60.00
v 341.81 -5.63 43.61
v 341.05 -8.12 41.60
v 342.66 -6.63 39.15
v 343.41 -4.14 41.16
v 293.27 -28.89 3.87
v 291.70 -31.52 1.87
v 307.72 -31.58 -3.86
v 308.16 -29.54 -6.87
v 291.70 -31.52 1.87
v 290.83 -29.06 -0.69
v 306.07 -34.17 -5.85
v 307.72 -31.58 -3.86
v 290.83 -29.06 -0.69
v 292.39 -26.42 1.31
v 306.51 -32.14 -8.86
v 306.07 -34.17 -5.85
v 292.39 -26.42 1.31
v 293.27 -28.89 3.87
v 308.16 -29.54 -6.87
v 306.51 -32.14 -8.86
v 308.16 -29.54 -6.87
v 307.72 -31.58 -3.86
v 322.01 -41.11 -4.20
v 320.12 -43.58 -6.14
v 307.72 -31.58 -3.86
v 306.07 -34.17 -5.85
v 320.22 -42.13 -1.17
v 322.01 -41.11 -4.20
v 306.07 -34.17 -5.85
v 306.51 -32.14 -8.86
v 318.33 -44.59 -3.11
v 320.22 -42.13 -1.17
v 306.51 -32.14 -8.86
v 308.16 -29.54 -6.87
v 320.12 -43.58 -6.14
v 318.33 -44.59 -3.11
v 320.12 -43.58 -6.14
v 322.01 -41.11 -4.20
v 330.96 -55.78 -2.52
v 329.30 -56.91 0.54
v 322.01 -41.11 -4.20
v 320.22 -42.13 -1.17
v 333.48 -54.04 -0.51
v 330.96 -55.78 -2.52
v 320.22 -42.13 -1.17
v 318.33 -44.59 -3.11
v 331.82 -55.17 2.55
v 333.48 -54.04 -0.51
v 318.33 -44.59 -3.11
v 320.12 -43.58 -6.14
v 329.30 -56.91 0.54
v 331.82 -55.17 2.55
v 329.30 -56.91 0.54
v 330.96 -55.78 -2.52
v 336.94 -71.76 -3.08
v 339.85 -70.72 -1.12
v 330.96 -55.78 -2.52
v 333.48 -54.04 -0.51
v 338.43 -70.27 -6.08
v 336.94 -71.76 -3.08
v 333.48 -54.04 -0.51
v 331.82 -55.17 2.55
v 341.34 -69.23 -4.12
v 338.43 -70.27 -6.08
v 331.82 -55.17 2.55
v 329.30 -56.91 0.54
v 339.85 -70.72 -1.12
v 341.34 -69.23 -4.12
v 292.39 -26.42 1.31
v 290.83 -29.06 -0.69
v 291.70 -31.52 1.87
v 293.27 -28.89 3.87
v 339.85 -70.72 -1.12
v 336.94 -71.76 -3.08
v 338.43 -70.27 -6.08
v 341.34 -69.23 -4.12
v 127.27 -113.71 8.36
v 125.13 -113.20 9.83
v 115.98 -134.09 -0.86
v 115.26 -132.20 -2.56
v 125.13 -113.20 9.83
v 124.12 -111.76 7.86
v 114.34 -133.09 0.95
v 115.98 -134.09 -0.86
v 124.12 -111.76 7.86
v 126.25 -112.27 6.39
v 113.62 -131.20 -0.75
v 114.34 -133.09 0.95
v 126.25 -112.27 6.39
v 127.27 -113.71 8.36
v 115.26 -132.20 -2.56
v 113.62 -131.20 -0.75
v 115.26 -132.20 -2.56
v 115.98 -134.09 -0.86
v 92.89 -138.96 -9.19
v 91.65 -137.69 -7.24
v 115.98 -134.09 -0.86
v 114.34 -133.09 0.95
v 93.04 -141.12 -7.68
v 92.89 -138.96 -9.19
v 114.34 -133.09 0.95
v 113.62 -131.20 -0.75
v 91.79 -139.85 -5.73
v 93.04 -141.12 -7.68
v 113.62 -131.20 -0.75
v 115.26 -132.20 -2.56
v 91.65 -137.69 -7.24
v 91.79 -139.85 -5.73
v 91.65 -137.69 -7.24
v 92.89 -138.96 -9.19
v 71.58 -145.99 -17.97
v 71.26 -148.27 -16.68
v 92.89 -138.96 -9.19
v 93.04 -141.12 -7.68
v 73.01 -147.23 -19.81
v 71.58 -145.99 -17.97
v 93.04 -141.12 -7.68
v 91.79 -139.85 -5.73
v 72.69 -149.51 -18.52
v 73.01 -147.23 -19.81
v 91.79 -139.85 -5.73
v 91.65 -137.69 -7.24
v 71.26 -148.27 -16.68
v 72.69 -149.51 -18.52
v 71.26 -148.27 -16.68
v 71.58 -145.99 -17.97
v 51.40 -148.64 -31.18
v 52.79 -149.89 -33.04
v 71.58 -145.99 -17.97
v 73.01 -147.23 -19.81
v 52.11 -146.32 -32.20
v 51.40 -148.64 -31.18
v 73.01 -147.23 -19.81
v 72.69 -149.51 -18.52
v 53.50 -147.56 -34.07
v 52.11 -146.32 -32.20
v 72.69 -149.51 -18.52
v 71.26 -148.27 -16.68
v 52.79 -149.89 -33.04
v 53.50 -147.56 -34.07
v 126.25 -112.27 6.39
v 124.12 -111.76 7.86
v 125.13 -113.20 9.83
v 127.27 -113.71 8.36
v 52.79 -149.89 -33.04
v 51.40 -148.64 -31.18
v 52.11 -146.32 -32.20
v 53.50 -147.56 -34.07
v 56.28 -61.33 78.96
v 55.22 -59.06 81.75
v 51.09 -72.88 86.36
v 47.89 -72.14 84.55
v 55.22 -59.06 81.75
v 51.87 -58.61 80.12
v 50.01 -70.65 89.18
v 51.09 -72.88 86.36
v 51.87 -58.61 80.12
v 52.93 -60.88 77.32
v 46.81 -69.92 87.37
v 50.01 -70.65 89.18
v 52.93 -60.88 77.32
v 56.28 -61.33 78.96
v 47.89 -72.14 84.55
v 46.81 -69.92 87.37
v 47.89 -72.14 84.55
v 51.09 -72.88 86.36
v 40.61 -83.08 90.15
v 39.33 -81.24 93.16
v 51.09 -72.88 86.36
v 50.01 -70.65 89.18
v 43.82 -83.79 91.95
v 40.61 -83.08 90.15
v 50.01 -70.65 89.18
v 46.81 -69.92 87.37
v 42.54 -81.96 94.96
v 43.82 -83.79 91.95
v 46.81 -69.92 87.37
v 47.89 -72.14 84.55
v 39.33 -81.24 93.16
v 42.54 -81.96 94.96
v 39.33 -81.24 93.16
v 40.61 -83.08 90.15
v 35.40 -95.19 97.88
v 38.88 -95.06 99.28
v 40.61 -83.08 90.15
v 43.82 -83.79 91.95
v 36.75 -96.58 94.67
v 35.40 -95.19 97.88
v 43.82 -83.79 91.95
v 42.54 -81.96 94.96
v 40.23 -96.45 96.07
v 36.75 -96.58 94.67
v 42.54 -81.96 94.96
v 39.33 -81.24 93.16
v 38.88 -95.06 99.28
v 40.23 -96.45 96.07
v 38.88 -95.06 99.28
v 35.40 -95.19 97.88
v 39.51 -108.10 104.96
v 40.87 -109.44 101.73
v 35.40 -95.19 97.88
v 36.75 -96.58 94.67
v 36.02 -108.78 103.78
v 39.51 -108.10 104.96
v 36.75 -96.58 94.67
v 40.23 -96.45 96.07
v 37.37 -110.12 100.54
v 36.02 -108.78 103.78
v 40.23 -96.45 96.07
v 38.88 -95.06 99.28
v 40.87 -109.44 101.73
v 37.37 -110.12 100.54
v 52.93 -60.88 77.32
v 51.87 -58.61 80.12
v 55.22 -59.06 81.75
v 56.28 -61.33 78.96
v 40.87 -109.44 101.73
v 39.51 -108.10 104.96
v 36.02 -108.78 103.78
v 37.37 -110.12 100.54
v 359.12 -44.19 22.74
v 346.98 -31.38 35.44
v 351.10 -41.59 49.09
v 363.25 -54.41 36.40
v 346.98 -31.38 35.44
v 344.02 -19.34 44.82
v 348.14 -29.54 58.46
v 351.10 -41.59 49.09
v 344.02 -19.34 44.82
v 341.16 -6.73 54.67
v 345.28 -16.93 68.29
v 348.14 -29.54 58.46
v 341.16 -6.73 54.67
v 331.44 4.19 65.69
v 335.56 -6.01 79.31
v 345.28 -16.93 68.29
v 331.44 4.19 65.69
v 314.44 10.25 75.73
v 318.57 0.05 89.36
v 335.56 -6.01 79.31
v 314.44 10.25 75.73
v 304.81 27.03 91.31
v 308.93 16.82 104.94
v 318.57 0.05 89.36
v 304.81 27.03 91.31
v 268.89 27.04 103.38
v 273.02 16.82 117.03
v 308.93 16.82 104.94
v 268.89 27.04 103.38
v 239.54 35.46 119.61
v 243.68 25.22 133.29
v 273.02 16.82 117.03
v 239.54 35.46 119.61
v 203.31 53.26 145.79
v 207.46 43.00 159.50
v 243.68 25.22 133.29
v 203.31 53.26 145.79
v 175.56 47.90 150.66
v 179.71 37.63 164.38
v 207.46 43.00 159.50
v 175.56 47.90 150.66
v 157.11 32.70 144.23
v 161.25 22.44 157.93
v 179.71 37.63 164.38
v 157.11 32.70 144.23
v 132.32 22.64 143.75
v 136.46 12.39 157.45
v 161.25 22.44 157.93
v 132.32 22.64 143.75
v 122.70 6.80 133.68
v 126.84 -3.44 147.36
v 136.46 12.39 157.45
v 122.70 6.80 133.68
v 69.24 1.84 145.28
v 73.37 -8.39 158.94
v 126.84 -3.44 147.36
v 69.24 1.84 145.28
v 102.07 -22.05 116.15
v 106.20 -32.26 129.79
v 73.37 -8.39 158.94
v 102.07 -22.05 116.15
v 110.54 -41.67 97.98
v 114.66 -51.86 111.60
v 106.20 -32.26 129.79
v 110.54 -41.67 97.98
v 113.12 -62.95 80.42
v 117.23 -73.13 94.02
v 114.66 -51.86 111.60
v 113.12 -62.95 80.42
v 97.59 -95.23 59.17
v 101.70 -105.39 72.74
v 117.23 -73.13 94.02
v 97.59 -95.23 59.17
v 132.87 -98.48 47.83
v 136.99 -108.66 61.43
v 101.70 -105.39 72.74
v 132.87 -98.48 47.83
v 183.73 -82.60 46.50
v 187.85 -92.81 60.14
v 136.99 -108.66 61.43
v 183.73 -82.60 46.50
v 200.93 -95.72 32.21
v 205.06 -105.94 45.86
v 187.85 -92.81 60.14
v 200.93 -95.72 32.21
v 226.83 -96.03 25.03
v 230.97 -106.26 38.70
v 205.06 -105.94 45.86
v 226.83 -96.03 25.03
v 249.76 -95.50 19.15
v 253.90 -105.75 32.84
v 230.97 -106.26 38.70
v 249.76 -95.50 19.15
v 276.29 -107.55 3.41
v 280.44 -117.81 17.12
v 253.90 -105.75 32.84
v 276.29 -107.55 3.41
v 300.32 -110.80 -5.45
v 304.47 -121.07 8.28
v 280.44 -117.81 17.12
v 300.32 -110.80 -5.45
v 312.00 -103.00 -3.39
v 316.15 -113.27 10.33
v 304.47 -121.07 8.28
v 312.00 -103.00 -3.39
v 321.59 -93.03 0.66
v 325.74 -103.30 14.37
v 316.15 -113.27 10.33
v 321.59 -93.03 0.66
v 331.99 -83.89 3.87
v 336.13 -94.15 17.57
v 325.74 -103.30 14.37
v 331.99 -83.89 3.87
v 342.22 -74.69 7.10
v 346.37 -84.94 20.79
v 336.13 -94.15 17.57
v 342.22 -74.69 7.10
v 346.69 -63.61 13.30
v 350.82 -73.85 26.98
v 346.37 -84.94 20.79
v 346.69 -63.61 13.30
v 365.44 -56.99 12.04
v 369.57 -67.22 25.71
v 350.82 -73.85 26.98
v 365.44 -56.99 12.04
v 359.12 -44.19 22.74
v 363.25 -54.41 36.40
v 369.57 -67.22 25.71
v 363.25 -54.41 36.40
v 351.10 -41.59 49.09
v 308.76 -40.20 63.44
v 316.27 -48.08 55.49
v 346.98 -31.38 35.44
v 359.12 -44.19 22.74
v 312.08 -37.70 41.63
v 304.57 -29.82 49.58
v 351.10 -41.59 49.09
v 348.14 -29.54 58.46
v 306.95 -32.78 69.33
v 308.76 -40.20 63.44
v 344.02 -19.34 44.82
v 346.98 -31.38 35.44
v 304.57 -29.82 49.58
v 302.76 -22.41 55.48
v 348.14 -29.54 58.46
v 345.28 -16.93 68.29
v 305.20 -25.01 75.50
v 306.95 -32.78 69.33
v 341.16 -6.73 54.67
v 344.02 -19.34 44.82
v 302.76 -22.41 55.48
v 301.01 -14.64 61.64
v 345.28 -16.93 68.29
v 335.56 -6.01 79.31
v 299.17 -18.25 82.34
v 305.20 -25.01 75.50
v 331.44 4.19 65.69
v 341.16 -6.73 54.67
v 301.01 -14.64 61.64
v 294.98 -7.88 68.49
v 335.56 -6.01 79.31
v 318.57 0.05 89.36
v 288.62 -14.46 88.52
v 299.17 -18.25 82.34
v 314.44 10.25 75.73
v 331.44 4.19 65.69
v 294.98 -7.88 68.49
v 284.43 -4.09 74.66
v 318.57 0.05 89.36
v 308.93 16.82 104.94
v 282.64 -4.04 98.16
v 288.62 -14.46 88.52
v 304.81 27.03 91.31
v 314.44 10.25 75.73
v 284.43 -4.09 74.66
v 278.45 6.33 84.31
v 308.93 16.82 104.94
v 273.02 16.82 117.03
v 260.33 -3.91 105.48
v 282.64 -4.04 98.16
v 268.89 27.04 103.38
v 304.81 27.03 91.31
v 278.45 6.33 84.31
v 256.14 6.46 91.62
v 273.02 16.82 117.03
v 243.68 25.22 133.29
v 242.09 1.41 115.41
v 260.33 -3.91 105.48
v 239.54 35.46 119.61
v 268.89 27.04 103.38
v 256.14 6.46 91.62
v 237.89 11.80 101.54
v 243.68 25.22 133.29
v 207.46 43.00 159.50
v 219.55 12.64 131.38
v 242.09 1.41 115.41
v 203.31 53.26 145.79
v 239.54 35.46 119.61
v 237.89 11.80 101.54
v 215.35 23.04 117.50
v 207.46 43.00 159.50
v 179.71 37.63 164.38
v 202.32 9.37 134.33
v 219.55 12.64 131.38
v 175.56 47.90 150.66
v 203.31 53.26 145.79
v 215.35 23.04 117.50
v 198.12 19.76 120.44
v 179.71 37.63 164.38
v 161.25 22.44 157.93
v 190.91 -0.12 130.43
v 202.32 9.37 134.33
v 157.11 32.70 144.23
v 175.56 47.90 150.66
v 198.12 19.76 120.44
v 186.71 10.27 116.55
v 161.25 22.44 157.93
v 136.46 12.39 157.45
v 175.56 -6.40 130.20
v 190.91 -0.12 130.43
v 132.32 22.64 143.75
v 157.11 32.70 144.23
v 186.71 10.27 116.55
v 171.36 3.99 116.32
v 136.46 12.39 157.45
v 126.84 -3.44 147.36
v 169.64 -16.34 124.10
v 175.56 -6.40 130.20
v 122.70 6.80 133.68
v 132.32 22.64 143.75
v 171.36 3.99 116.32
v 165.44 -5.95 110.23
v 126.84 -3.44 147.36
v 73.37 -8.39 158.94
v 136.53 -19.50 131.41
v 169.64 -16.34 124.10
v 69.24 1.84 145.28
v 122.70 6.80 133.68
v 165.44 -5.95 110.23
v 132.33 -9.12 117.54
v 73.37 -8.39 158.94
v 106.20 -32.26 129.79
v 156.94 -34.44 113.53
v 136.53 -19.50 131.41
v 102.07 -22.05 116.15
v 69.24 1.84 145.28
v 132.33 -9.12 117.54
v 152.75 -24.07 99.67
v 106.20 -32.26 129.79
v 114.66 -51.86 111.60
v 162.23 -46.70 102.39
v 156.94 -34.44 113.53
v 110.54 -41.67 97.98
v 102.07 -22.05 116.15
v 152.75 -24.07 99.67
v 158.04 -36.33 88.54
v 114.66 -51.86 111.60
v 117.23 -73.13 94.02
v 163.86 -59.98 91.62
v 162.23 -46.70 102.39
v 113.12 -62.95 80.42
v 110.54 -41.67 97.98
v 158.04 -36.33 88.54
v 159.67 -49.62 77.77
v 117.23 -73.13 94.02
v 101.70 -105.39 72.74
v 154.31 -80.18 78.68
v 163.86 -59.98 91.62
v 97.59 -95.23 59.17
v 113.12 -62.95 80.42
v 159.67 -49.62 77.77
v 150.12 -69.82 64.85
v 101.70 -105.39 72.74
v 136.99 -108.66 61.43
v 176.11 -82.01 71.41
v 154.31 -80.18 78.68
v 132.87 -98.48 47.83
v 97.59 -95.23 59.17
v 150.12 -69.82 64.85
v 171.92 -71.65 57.57
v 136.99 -108.66 61.43
v 187.85 -92.81 60.14
v 207.55 -71.95 70.29
v 176.11 -82.01 71.41
v 183.73 -82.60 46.50
v 132.87 -98.48 47.83
v 171.92 -71.65 57.57
v 203.36 -61.57 56.44
v 187.85 -92.81 60.14
v 205.06 -105.94 45.86
v 218.18 -80.01 61.33
v 207.55 -71.95 70.29
v 200.93 -95.72 32.21
v 183.73 -82.60 46.50
v 203.36 -61.57 56.44
v 213.99 -69.63 47.47
v 205.06 -105.94 45.86
v 230.97 -106.26 38.70
v 234.21 -80.11 56.76
v 218.18 -80.01 61.33
v 226.83 -96.03 25.03
v 200.93 -95.72 32.21
v 213.99 -69.63 47.47
v 230.01 -69.73 42.89
v 230.97 -106.26 38.70
v 253.90 -105.75 32.84
v 248.40 -79.72 53.03
v 234.21 -80.11 56.76
v 249.76 -95.50 19.15
v 226.83 -96.03 25.03
v 230.01 -69.73 42.89
v 244.20 -69.33 39.15
v 253.90 -105.75 32.84
v 280.44 -117.81 17.12
v 264.79 -87.05 43.10
v 248.40 -79.72 53.03
v 276.29 -107.55 3.41
v 249.76 -95.50 19.15
v 244.20 -69.33 39.15
v 260.59 -76.66 29.21
v 280.44 -117.81 17.12
v 304.47 -121.07 8.28
v 279.66 -88.98 37.49
v 264.79 -87.05 43.10
v 300.32 -110.80 -5.45
v 276.29 -107.55 3.41
v 260.59 -76.66 29.21
v 275.45 -78.59 23.60
v 304.47 -121.07 8.28
v 316.15 -113.27 10.33
v 286.91 -84.17 38.80
v 279.66 -88.98 37.49
v 312.00 -103.00 -3.39
v 300.32 -110.80 -5.45
v 275.45 -78.59 23.60
v 282.71 -73.78 24.91
v 316.15 -113.27 10.33
v 325.74 -103.30 14.37
v 292.87 -78.04 41.38
v 286.91 -84.17 38.80
v 321.59 -93.03 0.66
v 312.00 -103.00 -3.39
v 282.71 -73.78 24.91
v 288.67 -67.65 27.49
v 325.74 -103.30 14.37
v 336.13 -94.15 17.57
v 299.34 -72.43 43.43
v 292.87 -78.04 41.38
v 331.99 -83.89 3.87
v 321.59 -93.03 0.66
v 288.67 -67.65 27.49
v 295.14 -62.04 29.55
v 336.13 -94.15 17.57
v 346.37 -84.94 20.79
v 305.71 -66.78 45.51
v 299.34 -72.43 43.43
v 342.22 -74.69 7.10
v 331.99 -83.89 3.87
v 295.14 -62.04 29.55
v 301.51 -56.39 31.63
v 346.37 -84.94 20.79
v 350.82 -73.85 26.98
v 308.51 -59.99 49.46
v 305.71 -66.78 45.51
v 346.69 -63.61 13.30
v 342.22 -74.69 7.10
v 301.51 -56.39 31.63
v 304.31 -49.60 35.58
v 350.82 -73.85 26.98
v 369.57 -67.22 25.71
v 320.16 -55.93 48.75
v 308.51 -59.99 49.46
v 365.44 -56.99 12.04
v 346.69 -63.61 13.30
v 304.31 -49.60 35.58
v 315.96 -45.55 34.88
v 369.57 -67.22 25.71
v 363.25 -54.41 36.40
v 316.27 -48.08 55.49
v 320.16 -55.93 48.75
v 359.12 -44.19 22.74
v 365.44 -56.99 12.04
v 315.96 -45.55 34.88
v 312.08 -37.70 41.63
v 316.27 -48.08 55.49
v 308.76 -40.20 63.44
v 273.08 -38.93 75.42
v 276.70 -42.72 71.54
v 304.57 -29.82 49.58
v 312.08 -37.70 41.63
v 272.59 -32.56 57.97
v 268.97 -28.77 61.85
v 308.76 -40.20 63.44
v 306.95 -32.78 69.33
v 272.21 -35.37 78.30
v 273.08 -38.93 75.42
v 302.76 -22.41 55.48
v 304.57 -29.82 49.58
v 268.97 -28.77 61.85
v 268.10 -25.21 64.73
v 306.95 -32.78 69.33
v 305.20 -25.01 75.50
v 271.37 -31.63 81.31
v 272.21 -35.37 78.30
v 301.01 -14.64 61.64
v 302.76 -22.41 55.48
v 268.10 -25.21 64.73
v 267.27 -21.47 67.74
v 305.20 -25.01 75.50
v 299.17 -18.25 82.34
v 268.46 -28.36 84.63
v 271.37 -31.63 81.31
v 294.98 -7.88 68.49
v 301.01 -14.64 61.64
v 267.27 -21.47 67.74
v 264.35 -18.20 71.06
v 299.17 -18.25 82.34
v 288.62 -14.46 88.52
v 263.34 -26.51 87.60
v 268.46 -28.36 84.63
v 284.43 -4.09 74.66
v 294.98 -7.88 68.49
v 264.35 -18.20 71.06
v 259.24 -16.35 74.03
v 288.62 -14.46 88.52
v 282.64 -4.04 98.16
v 260.45 -21.47 92.26
v 263.34 -26.51 87.60
v 278.45 6.33 84.31
v 284.43 -4.09 74.66
v 259.24 -16.35 74.03
v 256.34 -11.31 78.69
v 282.64 -4.04 98.16
v 260.33 -3.91 105.48
v 249.63 -21.35 95.73
v 260.45 -21.47 92.26
v 256.14 6.46 91.62
v 278.45 6.33 84.31
v 256.34 -11.31 78.69
v 245.52 -11.19 82.15
v 260.33 -3.91 105.48
v 242.09 1.41 115.41
v 240.78 -18.73 100.47
v 249.63 -21.35 95.73
v 237.89 11.80 101.54
v 256.14 6.46 91.62
v 245.52 -11.19 82.15
v 236.68 -8.56 86.89
v 242.09 1.41 115.41
v 219.55 12.64 131.38
v 229.84 -13.21 108.08
v 240.78 -18.73 100.47
v 215.35 23.04 117.50
v 237.89 11.80 101.54
v 236.68 -8.56 86.89
v 225.74 -3.04 94.50
v 219.55 12.64 131.38
v 202.32 9.37 134.33
v 221.50 -14.77 109.48
v 229.84 -13.21 108.08
v 198.12 19.76 120.44
v 215.35 23.04 117.50
v 225.74 -3.04 94.50
v 217.39 -4.61 95.90
v 202.32 9.37 134.33
v 190.91 -0.12 130.43
v 215.99 -19.39 107.63
v 221.50 -14.77 109.48
v 186.71 10.27 116.55
v 198.12 19.76 120.44
v 217.39 -4.61 95.90
v 211.88 -9.23 94.05
v 190.91 -0.12 130.43
v 175.56 -6.40 130.20
v 208.57 -22.45 107.54
v 215.99 -19.39 107.63
v 171.36 3.99 116.32
v 186.71 10.27 116.55
v 211.88 -9.23 94.05
v 204.46 -12.29 93.97
v 175.56 -6.40 130.20
v 169.64 -16.34 124.10
v 205.73 -27.31 104.66
v 208.57 -22.45 107.54
v 165.44 -5.95 110.23
v 171.36 3.99 116.32
v 204.46 -12.29 93.97
v 201.62 -17.14 91.09
v 169.64 -16.34 124.10
v 136.53 -19.50 131.41
v 189.72 -28.88 108.25
v 205.73 -27.31 104.66
v 132.33 -9.12 117.54
v 165.44 -5.95 110.23
v 201.62 -17.14 91.09
v 185.61 -18.72 94.68
v 136.53 -19.50 131.41
v 156.94 -34.44 113.53
v 199.62 -36.17 99.68
v 189.72 -28.88 108.25
v 152.75 -24.07 99.67
v 132.33 -9.12 117.54
v 185.61 -18.72 94.68
v 195.51 -26.01 86.11
v 156.94 -34.44 113.53
v 162.23 -46.70 102.39
v 202.19 -42.14 94.34
v 199.62 -36.17 99.68
v 158.04 -36.33 88.54
v 152.75 -24.07 99.67
v 195.51 -26.01 86.11
v 198.09 -31.98 80.77
v 162.23 -46.70 102.39
v 163.86 -59.98 91.62
v 203.00 -48.60 89.18
v 202.19 -42.14 94.34
v 159.67 -49.62 77.77
v 158.04 -36.33 88.54
v 198.09 -31.98 80.77
v 198.90 -38.45 75.61
v 163.86 -59.98 91.62
v 154.31 -80.18 78.68
v 198.41 -58.45 83.03
v 203.00 -48.60 89.18
v 150.12 -69.82 64.85
v 159.67 -49.62 77.77
v 198.90 -38.45 75.61
v 194.31 -48.30 69.46
v 154.31 -80.18 78.68
v 176.11 -82.01 71.41
v 208.93 -59.26 79.41
v 198.41 -58.45 83.03
v 171.92 -71.65 57.57
v 150.12 -69.82 64.85
v 194.31 -48.30 69.46
v 204.82 -49.11 65.84
v 176.11 -82.01 71.41
v 207.55 -71.95 70.29
v 224.10 -54.30 78.74
v 208.93 -59.26 79.41
v 203.36 -61.57 56.44
v 171.92 -71.65 57.57
v 204.82 -49.11 65.84
v 220.00 -44.14 65.16
v 207.55 -71.95 70.29
v 218.18 -80.01 61.33
v 229.23 -58.16 74.36
v 224.10 -54.30 78.74
v 213.99 -69.63 47.47
v 203.36 -61.57 56.44
v 220.00 -44.14 65.16
v 225.13 -48.00 60.78
v 218.18 -80.01 61.33
v 234.21 -80.11 56.76
v 236.97 -58.17 72.09
v 229.23 -58.16 74.36
v 230.01 -69.73 42.89
v 213.99 -69.63 47.47
v 225.13 -48.00 60.78
v 232.87 -48.01 58.52
v 234.21 -80.11 56.76
v 248.40 -79.72 53.03
v 243.83 -57.95 70.25
v 236.97 -58.17 72.09
v 244.20 -69.33 39.15
v 230.01 -69.73 42.89
v 232.87 -48.01 58.52
v 239.72 -47.79 56.67
v 248.40 -79.72 53.03
v 264.79 -87.05 43.10
v 251.73 -61.44 65.36
v 243.83 -57.95 70.25
v 260.59 -76.66 29.21
v 244.20 -69.33 39.15
v 239.72 -47.79 56.67
v 247.63 -51.28 51.78
v 264.79 -87.05 43.10
v 279.66 -88.98 37.49
v 258.91 -62.34 62.60
v 251.73 -61.44 65.36
v 275.45 -78.59 23.60
v 260.59 -76.66 29.21
v 247.63 -51.28 51.78
v 254.80 -52.18 49.02
v 279.66 -88.98 37.49
v 286.91 -84.17 38.80
v 262.43 -60.03 63.24
v 258.91 -62.34 62.60
v 282.71 -73.78 24.91
v 275.45 -78.59 23.60
v 254.80 -52.18 49.02
v 258.32 -49.86 49.67
v 286.91 -84.17 38.80
v 292.87 -78.04 41.38
v 265.32 -57.08 64.52
v 262.43 -60.03 63.24
v 288.67 -67.65 27.49
v 282.71 -73.78 24.91
v 258.32 -49.86 49.67
v 261.21 -46.92 50.95
v 292.87 -78.04 41.38
v 299.34 -72.43 43.43
v 268.46 -54.39 65.55
v 265.32 -57.08 64.52
v 295.14 -62.04 29.55
v 288.67 -67.65 27.49
v 261.21 -46.92 50.95
v 264.35 -44.22 51.97
v 299.34 -72.43 43.43
v 305.71 -66.78 45.51
v 271.55 -51.68 66.59
v 268.46 -54.39 65.55
v 301.51 -56.39 31.63
v 295.14 -62.04 29.55
v 264.35 -44.22 51.97
v 267.45 -41.52 53.01
v 305.71 -66.78 45.51
v 308.51 -59.99 49.46
v 272.92 -48.43 68.54
v 271.55 -51.68 66.59
v 304.31 -49.60 35.58
v 301.51 -56.39 31.63
v 267.45 -41.52 53.01
v 268.81 -38.26 54.96
v 308.51 -59.99 49.46
v 320.16 -55.93 48.75
v 278.57 -46.49 68.23
v 272.92 -48.43 68.54
v 315.96 -45.55 34.88
v 304.31 -49.60 35.58
v 268.81 -38.26 54.96
v 274.46 -36.33 54.66
v 320.16 -55.93 48.75
v 316.27 -48.08 55.49
v 276.70 -42.72 71.54
v 278.57 -46.49 68.23
v 312.08 -37.70 41.63
v 315.96 -45.55 34.88
v 274.46 -36.33 54.66
v 272.59 -32.56 57.97
v 276.70 -42.72 71.54
v 273.08 -38.93 75.42
v 239.59 -37.68 86.56
v 268.97 -28.77 61.85
v 272.59 -32.56 57.97
v 235.39 -27.28 72.66
v 273.08 -38.93 75.42
v 272.21 -35.37 78.30
v 239.59 -37.68 86.56
v 268.10 -25.21 64.73
v 268.97 -28.77 61.85
v 235.39 -27.28 72.66
v 272.21 -35.37 78.30
v 271.37 -31.63 81.31
v 239.59 -37.68 86.56
v 267.27 -21.47 67.74
v 268.10 -25.21 64.73
v 235.39 -27.28 72.66
v 271.37 -31.63 81.31
v 268.46 -28.36 84.63
v 239.59 -37.68 86.56
v 264.35 -18.20 71.06
v 267.27 -21.47 67.74
v 235.39 -27.28 72.66
v 268.46 -28.36 84.63
v 263.34 -26.51 87.60
v 239.59 -37.68 86.56
v 259.24 -16.35 74.03
v 264.35 -18.20 71.06
v 235.39 -27.28 72.66
v 263.34 -26.51 87.60
v 260.45 -21.47 92.26
v 239.59 -37.68 86.56
v 256.34 -11.31 78.69
v 259.24 -16.35 74.03
v 235.39 -27.28 72.66
v 260.45 -21.47 92.26
v 249.63 -21.35 95.73
v 239.59 -37.68 86.56
v 245.52 -11.19 82.15
v 256.34 -11.31 78.69
v 235.39 -27.28 72.66
v 249.63 -21.35 95.73
v 240.78 -18.73 100.47
v 239.59 -37.68 86.56
v 236.68 -8.56 86.89
v 245.52 -11.19 82.15
v 235.39 -27.28 72.66
v 240.78 -18.73 100.47
v 229.84 -13.21 108.08
v 239.59 -37.68 86.56
v 225.74 -3.04 94.50
v 236.68 -8.56 86.89
v 235.39 -27.28 72.66
v 229.84 -13.21 108.08
v 221.50 -14.77 109.48
v 239.59 -37.68 86.56
v 217.39 -4.61 95.90
v 225.74 -3.04 94.50
v 235.39 -27.28 72.66
v 221.50 -14.77 109.48
v 215.99 -19.39 107.63
v 239.59 -37.68 86.56
v 211.88 -9.23 94.05
v 217.39 -4.61 95.90
v 235.39 -27.28 72.66
v 215.99 -19.39 107.63
v 208.57 -22.45 107.54
v 239.59 -37.68 86.56
v 204.46 -12.29 93.97
v 211.88 -9.23 94.05
v 235.39 -27.28 72.66
v 208.57 -22.45 107.54
v 205.73 -27.31 104.66
v 239.59 -37.68 86.56
v 201.62 -17.14 91.09
v 204.46 -12.29 93.97
v 235.39 -27.28 72.66
v 205.73 -27.31 104.66
v 189.72 -28.88 108.25
v 239.59 -37.68 86.56
v 185.61 -18.72 94.68
v 201.62 -17.14 91.09
v 235.39 -27.28 72.66
v 189.72 -28.88 108.25
v 199.62 -36.17 99.68
v 239.59 -37.68 86.56
v 195.51 -26.01 86.11
v 185.61 -18.72 94.68
v 235.39 -27.28 72.66
v 199.62 -36.17 99.68
v 202.19 -42.14 94.34
v 239.59 -37.68 86.56
v 198.09 -31.98 80.77
v 195.51 -26.01 86.11
v 235.39 -27.28 72.66
v 202.19 -42.14 94.34
v 203.00 -48.60 89.18
v 239.59 -37.68 86.56
v 198.90 -38.45 75.61
v 198.09 -31.98 80.77
v 235.39 -27.28 72.66
v 203.00 -48.60 89.18
v 198.41 -58.45 83.03
v 239.59 -37.68 86.56
v 194.31 -48.30 69.46
v 198.90 -38.45 75.61
v 235.39 -27.28 72.66
v 198.41 -58.45 83.03
v 208.93 -59.26 79.41
v 239.59 -37.68 86.56
v 204.82 -49.11 65.84
v 194.31 -48.30 69.46
v 235.39 -27.28 72.66
v 208.93 -59.26 79.41
v 224.10 -54.30 78.74
v 239.59 -37.68 86.56
v 220.00 -44.14 65.16
v 204.82 -49.11 65.84
v 235.39 -27.28 72.66
v 224.10 -54.30 78.74
v 229.23 -58.16 74.36
v 239.59 -37.68 86.56
v 225.13 -48.00 60.78
v 220.00 -44.14 65.16
v 235.39 -27.28 72.66
v 229.23 -58.16 74.36
v 236.97 -58.17 72.09
v 239.59 -37.68 86.56
v 232.87 -48.01 58.52
v 225.13 -48.00 60.78
v 235.39 -27.28 72.66
v 236.97 -58.17 72.09
v 243.83 -57.95 70.25
v 239.59 -37.68 86.56
v 239.72 -47.79 56.67
v 232.87 -48.01 58.52
v 235.39 -27.28 72.66
v 243.83 -57.95 70.25
v 251.73 -61.44 65.36
v 239.59 -37.68 86.56
v 247.63 -51.28 51.78
v 239.72 -47.79 56.67
v 235.39 -27.28 72.66
v 251.73 -61.44 65.36
v 258.91 -62.34 62.60
v 239.59 -37.68 86.56
v 254.80 -52.18 49.02
v 247.63 -51.28 51.78
v 235.39 -27.28 72.66
v 258.91 -62.34 62.60
v 262.43 -60.03 63.24
v 239.59 -37.68 86.56
v 258.32 -49.86 49.67
v 254.80 -52.18 49.02
v 235.39 -27.28 72.66
v 262.43 -60.03 63.24
v 265.32 -57.08 64.52
v 239.59 -37.68 86.56
v 261.21 -46.92 50.95
v 258.32 -49.86 49.67
v 235.39 -27.28 72.66
v 265.32 -57.08 64.52
v 268.46 -54.39 65.55
v 239.59 -37.68 86.56
v 264.35 -44.22 51.97
v 261.21 -46.92 50.95
v 235.39 -27.28 72.66
v 268.46 -54.39 65.55
v 271.55 -51.68 66.59
v 239.59 -37.68 86.56
v 267.45 -41.52 53.01
v 264.35 -44.22 51.97
v 235.39 -27.28 72.66
v 271.55 -51.68 66.59
v 272.92 -48.43 68.54
v 239.59 -37.68 86.56
v 268.81 -38.26 54.96
v 267.45 -41.52 53.01
v 235.39 -27.28 72.66
v 272.92 -48.43 68.54
v 278.57 -46.49 68.23
v 239.59 -37.68 86.56
v 274.46 -36.33 54.66
v 268.81 -38.26 54.96
v 235.39 -27.28 72.66
v 278.57 -46.49 68.23
v 276.70 -42.72 71.54
v 239.59 -37.68 86.56
v 272.59 -32.56 57.97
v 274.46 -36.33 54.66
v 235.39 -27.28 72.66
v -24.71 -164.99 140.13
v -23.54 -190.67 145.77
v -25.69 -187.70 160.89
v -26.86 -162.02 155.24
v -23.54 -190.67 145.77
v -16.35 -214.10 151.27
v -18.50 -211.14 166.38
v -25.69 -187.70 160.89
v -16.35 -214.10 151.27
v -2.11 -214.46 152.85
v -4.25 -211.49 167.96
v -18.50 -211.14 166.38
v -2.11 -214.46 152.85
v 13.38 -212.59 154.20
v 11.23 -209.63 169.29
v -4.25 -211.49 167.96
v 13.38 -212.59 154.20
v 29.01 -207.52 155.06
v 26.87 -204.56 170.13
v 11.23 -209.63 169.29
v 29.01 -207.52 155.06
v 39.47 -218.12 158.09
v 37.33 -215.16 173.15
v 26.87 -204.56 170.13
v 39.47 -218.12 158.09
v 54.01 -223.16 160.56
v 51.87 -220.21 175.61
v 37.33 -215.16 173.15
v 54.01 -223.16 160.56
v 66.25 -211.53 160.11
v 64.11 -208.58 175.16
v 51.87 -220.21 175.61
v 66.25 -211.53 160.11
v 79.65 -213.54 162.04
v 77.51 -210.59 177.08
v 64.11 -208.58 175.16
v 79.65 -213.54 162.04
v 99.71 -201.40 162.68
v 97.57 -198.45 177.72
v 77.51 -210.59 177.08
v 99.71 -201.40 162.68
v 120.83 -187.73 163.43
v 118.69 -184.77 178.48
v 97.57 -198.45 177.72
v 120.83 -187.73 163.43
v 133.21 -170.54 162.58
v 131.06 -167.58 177.66
v 118.69 -184.77 178.48
v 133.21 -170.54 162.58
v 157.88 -156.63 164.21
v 155.73 -153.67 179.31
v 131.06 -167.58 177.66
v 157.88 -156.63 164.21
v 124.65 -138.71 156.11
v 122.50 -135.74 171.21
v 155.73 -153.67 179.31
v 124.65 -138.71 156.11
v 94.14 -123.03 148.40
v 92.00 -120.07 163.49
v 122.50 -135.74 171.21
v 94.14 -123.03 148.40
v 68.92 -105.09 140.69
v 66.77 -102.13 155.77
v 92.00 -120.07 163.49
v 68.92 -105.09 140.69
v 42.16 -87.87 132.46
v 40.02 -84.91 147.51
v 66.77 -102.13 155.77
v 42.16 -87.87 132.46
v 27.14 -92.91 131.16
v 25.00 -89.96 146.20
v 40.02 -84.91 147.51
v 27.14 -92.91 131.16
v 3.91 -88.44 126.32
v 1.77 -85.50 141.35
v 25.00 -89.96 146.20
v 3.91 -88.44 126.32
v -0.06 -108.09 130.47
v -2.20 -105.14 145.52
v 1.77 -85.50 141.35
v -0.06 -108.09 130.47
v -4.45 -119.76 132.57
v -6.59 -116.80 147.64
v -2.20 -105.14 145.52
v -4.45 -119.76 132.57
v -39.88 -116.28 126.61
v -42.02 -113.33 141.67
v -6.59 -116.80 147.64
v -39.88 -116.28 126.61
v -35.05 -140.93 133.30
v -37.19 -137.97 148.39
v -42.02 -113.33 141.67
v -35.05 -140.93 133.30
v -24.71 -164.99 140.13
v -26.86 -162.02 155.24
v -37.19 -137.97 148.39
v -26.86 -162.02 155.24
v -25.69 -187.70 160.89
v 2.79 -172.56 161.16
v 2.05 -156.62 157.75
v -23.54 -190.67 145.77
v -24.71 -164.99 140.13
v 4.33 -159.76 141.74
v 5.06 -175.70 145.14
v -25.69 -187.70 160.89
v -18.50 -211.14 166.38
v 7.24 -187.08 164.59
v 2.79 -172.56 161.16
v -16.35 -214.10 151.27
v -23.54 -190.67 145.77
v 5.06 -175.70 145.14
v 9.52 -190.23 148.57
v -18.50 -211.14 166.38
v -4.25 -211.49 167.96
v 16.06 -187.28 165.68
v 7.24 -187.08 164.59
v -2.11 -214.46 152.85
v -16.35 -214.10 151.27
v 9.52 -190.23 148.57
v 18.33 -190.43 149.67
v -4.25 -211.49 167.96
v 11.23 -209.63 169.29
v 25.64 -186.11 166.62
v 16.06 -187.28 165.68
v 13.38 -212.59 154.20
v -2.11 -214.46 152.85
v 18.33 -190.43 149.67
v 27.92 -189.25 150.61
v 11.23 -209.63 169.29
v 26.87 -204.56 170.13
v 35.33 -182.95 167.23
v 25.64 -186.11 166.62
v 29.01 -207.52 155.06
v 13.38 -212.59 154.20
v 27.92 -189.25 150.61
v 37.60 -186.09 151.23
v 26.87 -204.56 170.13
v 37.33 -215.16 173.15
v 41.80 -189.49 169.22
v 35.33 -182.95 167.23
v 39.47 -218.12 158.09
v 29.01 -207.52 155.06
v 37.60 -186.09 151.23
v 44.07 -192.63 153.23
v 37.33 -215.16 173.15
v 51.87 -220.21 175.61
v 50.79 -192.60 170.88
v 41.80 -189.49 169.22
v 54.01 -223.16 160.56
v 39.47 -218.12 158.09
v 44.07 -192.63 153.23
v 53.06 -195.74 154.89
v 51.87 -220.21 175.61
v 64.11 -208.58 175.16
v 58.38 -185.39 170.58
v 50.79 -192.60 170.88
v 66.25 -211.53 160.11
v 54.01 -223.16 160.56
v 53.06 -195.74 154.89
v 60.66 -188.53 154.59
v 64.11 -208.58 175.16
v 77.51 -210.59 177.08
v 66.68 -186.62 171.85
v 58.38 -185.39 170.58
v 79.65 -213.54 162.04
v 66.25 -211.53 160.11
v 60.66 -188.53 154.59
v 68.95 -189.76 155.87
v 77.51 -210.59 177.08
v 97.57 -198.45 177.72
v 79.12 -179.10 172.21
v 66.68 -186.62 171.85
v 99.71 -201.40 162.68
v 79.65 -213.54 162.04
v 68.95 -189.76 155.87
v 81.39 -182.24 156.23
v 97.57 -198.45 177.72
v 118.69 -184.77 178.48
v 92.23 -170.64 172.59
v 79.12 -179.10 172.21
v 120.83 -187.73 163.43
v 99.71 -201.40 162.68
v 81.39 -182.24 156.23
v 94.50 -173.78 156.59
v 118.69 -184.77 178.48
v 131.06 -167.58 177.66
v 99.93 -160.01 171.90
v 92.23 -170.64 172.59
v 133.21 -170.54 162.58
v 120.83 -187.73 163.43
v 94.50 -173.78 156.59
v 102.20 -163.16 155.90
v 131.06 -167.58 177.66
v 155.73 -153.67 179.31
v 115.25 -151.43 172.73
v 99.93 -160.01 171.90
v 157.88 -156.63 164.21
v 133.21 -170.54 162.58
v 102.20 -163.16 155.90
v 117.52 -154.57 156.72
v 155.73 -153.67 179.31
v 122.50 -135.74 171.21
v 94.65 -140.32 167.68
v 115.25 -151.43 172.73
v 124.65 -138.71 156.11
v 157.88 -156.63 164.21
v 117.52 -154.57 156.72
v 96.93 -143.46 151.66
v 122.50 -135.74 171.21
v 92.00 -120.07 163.49
v 75.73 -130.59 162.96
v 94.65 -140.32 167.68
v 94.14 -123.03 148.40
v 124.65 -138.71 156.11
v 96.93 -143.46 151.66
v 78.00 -133.73 146.95
v 92.00 -120.07 163.49
v 66.77 -102.13 155.77
v 60.07 -119.44 158.31
v 75.73 -130.59 162.96
v 68.92 -105.09 140.69
v 94.14 -123.03 148.40
v 78.00 -133.73 146.95
v 62.34 -122.58 142.31
v 66.77 -102.13 155.77
v 40.02 -84.91 147.51
v 43.45 -108.72 153.43
v 60.07 -119.44 158.31
v 42.16 -87.87 132.46
v 68.92 -105.09 140.69
v 62.34 -122.58 142.31
v 45.72 -111.86 137.43
v 40.02 -84.91 147.51
v 25.00 -89.96 146.20
v 34.13 -111.84 152.65
v 43.45 -108.72 153.43
v 27.14 -92.91 131.16
v 42.16 -87.87 132.46
v 45.72 -111.86 137.43
v 36.41 -114.98 136.66
v 25.00 -89.96 146.20
v 1.77 -85.50 141.35
v 19.71 -109.05 149.79
v 34.13 -111.84 152.65
v 3.91 -88.44 126.32
v 27.14 -92.91 131.16
v 36.41 -114.98 136.66
v 21.98 -112.18 133.81
v 1.77 -85.50 141.35
v -2.20 -105.14 145.52
v 17.27 -121.26 152.18
v 19.71 -109.05 149.79
v -0.06 -108.09 130.47
v 3.91 -88.44 126.32
v 21.98 -112.18 133.81
v 19.55 -124.40 136.19
v -2.20 -105.14 145.52
v -6.59 -116.80 147.64
v 14.56 -128.51 153.39
v 17.27 -121.26 152.18
v -4.45 -119.76 132.57
v -0.06 -108.09 130.47
v 19.55 -124.40 136.19
v 16.84 -131.65 137.40
v -6.59 -116.80 147.64
v -42.02 -113.33 141.67
v -7.41 -126.35 149.75
v 14.56 -128.51 153.39
v -39.88 -116.28 126.61
v -4.45 -119.76 132.57
v 16.84 -131.65 137.40
v -5.13 -129.49 133.76
v -42.02 -113.33 141.67
v -37.19 -137.97 148.39
v -4.38 -141.68 153.65
v -7.41 -126.35 149.75
v -35.05 -140.93 133.30
v -39.88 -116.28 126.61
v -5.13 -129.49 133.76
v -2.10 -144.82 137.64
v -37.19 -137.97 148.39
v -26.86 -162.02 155.24
v 2.05 -156.62 157.75
v -4.38 -141.68 153.65
v -24.71 -164.99 140.13
v -35.05 -140.93 133.30
v -2.10 -144.82 137.64
v 4.33 -159.76 141.74
v 2.05 -156.62 157.75
v 2.79 -172.56 161.16
v 26.73 -159.76 161.66
v 26.37 -152.03 160.05
v 5.06 -175.70 145.14
v 4.33 -159.76 141.74
v 28.67 -155.21 143.86
v 29.03 -162.93 145.46
v 2.79 -172.56 161.16
v 7.24 -187.08 164.59
v 28.88 -166.78 163.33
v 26.73 -159.76 161.66
v 9.52 -190.23 148.57
v 5.06 -175.70 145.14
v 29.03 -162.93 145.46
v 31.19 -169.96 147.14
v 7.24 -187.08 164.59
v 16.06 -187.28 165.68
v 33.14 -166.87 163.91
v 28.88 -166.78 163.33
v 18.33 -190.43 149.67
v 9.52 -190.23 148.57
v 31.19 -169.96 147.14
v 35.44 -170.05 147.71
v 16.06 -187.28 165.68
v 25.64 -186.11 166.62
v 37.77 -166.29 164.41
v 33.14 -166.87 163.91
v 27.92 -189.25 150.61
v 18.33 -190.43 149.67
v 35.44 -170.05 147.71
v 40.08 -169.47 148.22
v 25.64 -186.11 166.62
v 35.33 -182.95 167.23
v 42.45 -164.75 164.74
v 37.77 -166.29 164.41
v 37.60 -186.09 151.23
v 27.92 -189.25 150.61
v 40.08 -169.47 148.22
v 44.76 -167.93 148.55
v 35.33 -182.95 167.23
v 41.80 -189.49 169.22
v 45.58 -167.91 165.75
v 42.45 -164.75 164.74
v 44.07 -192.63 153.23
v 37.60 -186.09 151.23
v 44.76 -167.93 148.55
v 47.88 -171.09 149.56
v 41.80 -189.49 169.22
v 50.79 -192.60 170.88
v 49.92 -169.40 166.61
v 45.58 -167.91 165.75
v 53.06 -195.74 154.89
v 44.07 -192.63 153.23
v 47.88 -171.09 149.56
v 52.22 -172.58 150.42
v 50.79 -192.60 170.88
v 58.38 -185.39 170.58
v 53.60 -165.92 166.45
v 49.92 -169.40 166.61
v 60.66 -188.53 154.59
v 53.06 -195.74 154.89
v 52.22 -172.58 150.42
v 55.90 -169.10 150.27
v 58.38 -185.39 170.58
v 66.68 -186.62 171.85
v 57.61 -166.51 167.10
v 53.60 -165.92 166.45
v 68.95 -189.76 155.87
v 60.66 -188.53 154.59
v 55.90 -169.10 150.27
v 59.91 -169.68 150.92
v 66.68 -186.62 171.85
v 79.12 -179.10 172.21
v 63.63 -162.87 167.26
v 57.61 -166.51 167.10
v 81.39 -182.24 156.23
v 68.95 -189.76 155.87
v 59.91 -169.68 150.92
v 65.93 -166.05 151.08
v 79.12 -179.10 172.21
v 92.23 -170.64 172.59
v 69.98 -158.79 167.40
v 63.63 -162.87 167.26
v 94.50 -173.78 156.59
v 81.39 -182.24 156.23
v 65.93 -166.05 151.08
v 72.28 -161.96 151.22
v 92.23 -170.64 172.59
v 99.93 -160.01 171.90
v 73.71 -153.66 167.00
v 69.98 -158.79 167.40
v 102.20 -163.16 155.90
v 94.50 -173.78 156.59
v 72.28 -161.96 151.22
v 76.01 -156.84 150.81
v 99.93 -160.01 171.90
v 115.25 -151.43 172.73
v 81.14 -149.52 167.32
v 73.71 -153.66 167.00
v 117.52 -154.57 156.72
v 102.20 -163.16 155.90
v 76.01 -156.84 150.81
v 83.44 -152.70 151.13
v 115.25 -151.43 172.73
v 94.65 -140.32 167.68
v 71.17 -144.15 164.86
v 81.14 -149.52 167.32
v 96.93 -143.46 151.66
v 117.52 -154.57 156.72
v 83.44 -152.70 151.13
v 73.47 -147.32 148.67
v 94.65 -140.32 167.68
v 75.73 -130.59 162.96
v 62.01 -139.43 162.61
v 71.17 -144.15 164.86
v 78.00 -133.73 146.95
v 96.93 -143.46 151.66
v 73.47 -147.32 148.67
v 64.31 -142.61 146.42
v 75.73 -130.59 162.96
v 60.07 -119.44 158.31
v 54.43 -134.03 160.41
v 62.01 -139.43 162.61
v 62.34 -122.58 142.31
v 78.00 -133.73 146.95
v 64.31 -142.61 146.42
v 56.73 -137.20 144.22
v 60.07 -119.44 158.31
v 43.45 -108.72 153.43
v 46.37 -128.82 158.15
v 54.43 -134.03 160.41
v 45.72 -111.86 137.43
v 62.34 -122.58 142.31
v 56.73 -137.20 144.22
v 48.67 -132.00 141.96
v 43.45 -108.72 153.43
v 34.13 -111.84 152.65
v 41.86 -130.33 157.79
v 46.37 -128.82 158.15
v 36.41 -114.98 136.66
v 45.72 -111.86 137.43
v 48.67 -132.00 141.96
v 44.16 -133.50 141.60
v 34.13 -111.84 152.65
v 19.71 -109.05 149.79
v 34.87 -128.96 156.47
v 41.86 -130.33 157.79
v 21.98 -112.18 133.81
v 36.41 -114.98 136.66
v 44.16 -133.50 141.60
v 37.18 -132.14 140.28
v 19.71 -109.05 149.79
v 17.27 -121.26 152.18
v 33.71 -134.89 157.54
v 34.87 -128.96 156.47
v 19.55 -124.40 136.19
v 21.98 -112.18 133.81
v 37.18 -132.14 140.28
v 36.01 -138.07 141.36
v 17.27 -121.26 152.18
v 14.56 -128.51 153.39
v 32.40 -138.41 158.09
v 33.71 -134.89 157.54
v 16.84 -131.65 137.40
v 19.55 -124.40 136.19
v 36.01 -138.07 141.36
v 34.70 -141.58 141.90
v 14.56 -128.51 153.39
v -7.41 -126.35 149.75
v 21.77 -137.35 156.35
v 32.40 -138.41 158.09
v -5.13 -129.49 133.76
v 16.84 -131.65 137.40
v 34.70 -141.58 141.90
v 24.07 -140.53 140.16
v -7.41 -126.35 149.75
v -4.38 -141.68 153.65
v 23.25 -144.79 158.12
v 21.77 -137.35 156.35
v -2.10 -144.82 137.64
v -5.13 -129.49 133.76
v 24.07 -140.53 140.16
v 25.55 -147.97 141.94
v -4.38 -141.68 153.65
v 2.05 -156.62 157.75
v 26.37 -152.03 160.05
v 23.25 -144.79 158.12
v 4.33 -159.76 141.74
v -2.10 -144.82 137.64
v 25.55 -147.97 141.94
v 28.67 -155.21 143.86
v 26.37 -152.03 160.05
v 26.73 -159.76 161.66
v 49.14 -147.71 162.36
v 29.03 -162.93 145.46
v 28.67 -155.21 143.86
v 51.45 -150.89 146.14
v 26.73 -159.76 161.66
v 28.88 -166.78 163.33
v 49.14 -147.71 162.36
v 31.19 -169.96 147.14
v 29.03 -162.93 145.46
v 51.45 -150.89 146.14
v 28.88 -166.78 163.33
v 33.14 -166.87 163.91
v 49.14 -147.71 162.36
v 35.44 -170.05 147.71
v 31.19 -169.96 147.14
v 51.45 -150.89 146.14
v 33.14 -166.87 163.91
v 37.77 -166.29 164.41
v 49.14 -147.71 162.36
v 40.08 -169.47 148.22
v 35.44 -170.05 147.71
v 51.45 -150.89 146.14
v 37.77 -166.29 164.41
v 42.45 -164.75 164.74
v 49.14 -147.71 162.36
v 44.76 -167.93 148.55
v 40.08 -169.47 148.22
v 51.45 -150.89 146.14
v 42.45 -164.75 164.74
v 45.58 -167.91 165.75
v 49.14 -147.71 162.36
v 47.88 -171.09 149.56
v 44.76 -167.93 148.55
v 51.45 -150.89 146.14
v 45.58 -167.91 165.75
v 49.92 -169.40 166.61
v 49.14 -147.71 162.36
v 52.22 -172.58 150.42
v 47.88 -171.09 149.56
v 51.45 -150.89 146.14
v 49.92 -169.40 166.61
v 53.60 -165.92 166.45
v 49.14 -147.71 162.36
v 55.90 -169.10 150.27
v 52.22 -172.58 150.42
v 51.45 -150.89 146.14
v 53.60 -165.92 166.45
v 57.61 -166.51 167.10
v 49.14 -147.71 162.36
v 59.91 -169.68 150.92
v 55.90 -169.10 150.27
v 51.45 -150.89 146.14
v 57.61 -166.51 167.10
v 63.63 -162.87 167.26
v 49.14 -147.71 162.36
v 65.93 -166.05 151.08
v 59.91 -169.68 150.92
v 51.45 -150.89 146.14
v 63.63 -162.87 167.26
v 69.98 -158.79 167.40
v 49.14 -147.71 162.36
v 72.28 -161.96 151.22
v 65.93 -166.05 151.08
v 51.45 -150.89 146.14
v 69.98 -158.79 167.40
v 73.71 -153.66 167.00
v 49.14 -147.71 162.36
v 76.01 -156.84 150.81
v 72.28 -161.96 151.22
v 51.45 -150.89 146.14
v 73.71 -153.66 167.00
v 81.14 -149.52 167.32
v 49.14 -147.71 162.36
v 83.44 -152.70 151.13
v 76.01 -156.84 150.81
v 51.45 -150.89 146.14
v 81.14 -149.52 167.32
v 71.17 -144.15 164.86
v 49.14 -147.71 162.36
v 73.47 -147.32 148.67
v 83.44 -152.70 151.13
v 51.45 -150.89 146.14
v 71.17 -144.15 164.86
v 62.01 -139.43 162.61
v 49.14 -147.71 162.36
v 64.31 -142.61 146.42
v 73.47 -147.32 148.67
v 51.45 -150.89 146.14
v 62.01 -139.43 162.61
v 54.43 -134.03 160.41
v 49.14 -147.71 162.36
v 56.73 -137.20 144.22
v 64.31 -142.61 146.42
v 51.45 -150.89 146.14
v 54.43 -134.03 160.41
v 46.37 -128.82 158.15
v 49.14 -147.71 162.36
v 48.67 -132.00 141.96
v 56.73 -137.20 144.22
v 51.45 -150.89 146.14
v 46.37 -128.82 158.15
v 41.86 -130.33 157.79
v 49.14 -147.71 162.36
v 44.16 -133.50 141.60
v 48.67 -132.00 141.96
v 51.45 -150.89 146.14
v 41.86 -130.33 157.79
v 34.87 -128.96 156.47
v 49.14 -147.71 162.36
v 37.18 -132.14 140.28
v 44.16 -133.50 141.60
v 51.45 -150.89 146.14
v 34.87 -128.96 156.47
v 33.71 -134.89 157.54
v 49.14 -147.71 162.36
v 36.01 -138.07 141.36
v 37.18 -132.14 140.28
v 51.45 -150.89 146.14
v 33.71 -134.89 157.54
v 32.40 -138.41 158.09
v 49.14 -147.71 162.36
v 34.70 -141.58 141.90
v 36.01 -138.07 141.36
v 51.45 -150.89 146.14
v 32.40 -138.41 158.09
v 21.77 -137.35 156.35
v 49.14 -147.71 162.36
v 24.07 -140.53 140.16
v 34.70 -141.58 141.90
v 51.45 -150.89 146.14
v 21.77 -137.35 156.35
v 23.25 -144.79 158.12
v 49.14 -147.71 162.36
v 25.55 -147.97 141.94
v 24.07 -140.53 140.16
v 51.45 -150.89 146.14
v 23.25 -144.79 158.12
v 26.37 -152.03 160.05
v 49.14 -147.71 162.36
v 28.67 -155.21 143.86
v 25.55 -147.97 141.94
v 51.45 -150.89 146.14
v -129.09 349.17 41.07
v -157.42 348.76 51.72
v -151.63 361.02 67.74
v -123.30 361.43 57.08
v -157.42 348.76 51.72
v -176.76 338.55 66.67
v -170.96 350.81 82.69
v -151.63 361.02 67.74
v -176.76 338.55 66.67
v -169.79 312.47 84.02
v -164.00 324.73 100.03
v -170.96 350.81 82.69
v -169.79 312.47 84.02
v -162.02 286.02 101.51
v -156.23 298.28 117.53
v -164.00 324.73 100.03
v -162.02 286.02 101.51
v -159.84 259.83 121.17
v -154.05 272.09 137.20
v -156.23 298.28 117.53
v -159.84 259.83 121.17
v -145.44 233.94 136.01
v -139.64 246.21 152.04
v -154.05 272.09 137.20
v -145.44 233.94 136.01
v -143.42 204.68 158.60
v -137.62 216.96 174.64
v -139.64 246.21 152.04
v -143.42 204.68 158.60
v -127.33 185.73 167.47
v -121.52 198.01 183.52
v -137.62 216.96 174.64
v -127.33 185.73 167.47
v -100.50 201.50 144.33
v -94.71 213.77 160.35
v -121.52 198.01 183.52
v -100.50 201.50 144.33
v -112.81 158.06 184.14
v -107.00 170.35 200.21
v -94.71 213.77 160.35
v -112.81 158.06 184.14
v -91.74 170.08 166.08
v -85.94 182.35 182.13
v -107.00 170.35 200.21
v -91.74 170.08 166.08
v -83.56 146.82 181.69
v -77.75 159.11 197.75
v -85.94 182.35 182.13
v -83.56 146.82 181.69
v -70.78 119.36 199.06
v -64.97 131.66 215.14
v -77.75 159.11 197.75
v -70.78 119.36 199.06
v -54.66 134.58 180.33
v -48.86 146.87 196.38
v -64.97 131.66 215.14
v -54.66 134.58 180.33
v -37.29 109.82 193.72
v -31.48 122.11 209.79
v -48.86 146.87 196.38
v -37.29 109.82 193.72
v -31.07 174.89 139.11
v -25.28 187.14 155.13
v -31.48 122.11 209.79
v -31.07 174.89 139.11
v -4.70 164.01 137.94
v 1.09 176.27 153.96
v -25.28 187.14 155.13
v -4.70 164.01 137.94
v 5.37 185.56 117.41
v 11.16 197.81 133.42
v 1.09 176.27 153.96
v 5.37 185.56 117.41
v 43.19 179.64 108.55
v 48.98 191.90 124.57
v 11.16 197.81 133.42
v 43.19 179.64 108.55
v 48.37 201.34 90.10
v 54.16 213.60 106.11
v 48.98 191.90 124.57
v 48.37 201.34 90.10
v 76.17 209.64 74.34
v 81.96 221.91 90.37
v 54.16 213.60 106.11
v 76.17 209.64 74.34
v 85.04 224.87 59.96
v 90.83 237.14 76.00
v 81.96 221.91 90.37
v 85.04 224.87 59.96
v 65.60 257.61 42.02
v 71.40 269.88 58.06
v 90.83 237.14 76.00
v 65.60 257.61 42.02
v 32.38 290.52 28.71
v 38.18 302.79 44.74
v 71.40 269.88 58.06
v 32.38 290.52 28.71
v 7.66 325.05 11.61
v 13.46 337.33 27.65
v 38.18 302.79 44.74
v 7.66 325.05 11.61
v -21.54 353.14 0.87
v -15.74 365.42 16.92
v 13.46 337.33 27.65
v -21.54 353.14 0.87
v -46.33 390.09 -17.56
v -40.52 402.39 -1.50
v -15.74 365.42 16.92
v -46.33 390.09 -17.56
v -68.32 380.73 -3.44
v -62.52 393.00 12.61
v -40.52 402.39 -1.50
v -68.32 380.73 -3.44
v -84.92 352.50 22.92
v -79.13 364.76 38.94
v -62.52 393.00 12.61
v -84.92 352.50 22.92
v -113.40 366.44 22.62
v -107.61 378.70 38.65
v -79.13 364.76 38.94
v -113.40 366.44 22.62
v -129.09 349.17 41.07
v -123.30 361.43 57.08
v -107.61 378.70 38.65
v -123.30 361.43 57.08
v -151.63 361.02 67.74
v -114.42 326.86 79.88
v -96.86 327.12 73.29
v -157.42 348.76 51.72
v -129.09 349.17 41.07
v -102.60 314.97 57.41
v -120.16 314.71 64.00
v -151.63 361.02 67.74
v -170.96 350.81 82.69
v -126.42 320.51 89.13
v -114.42 326.86 79.88
v -176.76 338.55 66.67
v -157.42 348.76 51.72
v -120.16 314.71 64.00
v -132.16 308.36 73.25
v -170.96 350.81 82.69
v -164.00 324.73 100.03
v -122.09 304.35 99.90
v -126.42 320.51 89.13
v -169.79 312.47 84.02
v -176.76 338.55 66.67
v -132.16 308.36 73.25
v -127.84 292.20 84.02
v -164.00 324.73 100.03
v -156.23 298.28 117.53
v -117.28 287.95 110.74
v -122.09 304.35 99.90
v -162.02 286.02 101.51
v -169.79 312.47 84.02
v -127.84 292.20 84.02
v -123.02 275.80 94.86
v -156.23 298.28 117.53
v -154.05 272.09 137.20
v -115.95 271.66 122.87
v -117.28 287.95 110.74
v -159.84 259.83 121.17
v -162.02 286.02 101.51
v -123.02 275.80 94.86
v -121.69 259.51 106.99
v -154.05 272.09 137.20
v -139.64 246.21 152.04
v -107.03 255.59 132.04
v -115.95 271.66 122.87
v -145.44 233.94 136.01
v -159.84 259.83 121.17
v -121.69 259.51 106.99
v -112.77 243.44 116.16
v -139.64 246.21 152.04
v -137.62 216.96 174.64
v -105.82 237.36 145.93
v -107.03 255.59 132.04
v -143.42 204.68 158.60
v -145.44 233.94 136.01
v -112.77 243.44 116.16
v -111.57 225.20 130.04
v -137.62 216.96 174.64
v -121.52 198.01 183.52
v -95.85 225.59 151.40
v -105.82 237.36 145.93
v -127.33 185.73 167.47
v -143.42 204.68 158.60
v -111.57 225.20 130.04
v -101.60 213.43 135.51
v -121.52 198.01 183.52
v -94.71 213.77 160.35
v -79.16 235.51 137.23
v -95.85 225.59 151.40
v -100.50 201.50 144.33
v -127.33 185.73 167.47
v -101.60 213.43 135.51
v -84.90 223.35 121.35
v -94.71 213.77 160.35
v -107.00 170.35 200.21
v -86.89 208.36 161.64
v -79.16 235.51 137.23
v -112.81 158.06 184.14
v -100.50 201.50 144.33
v -84.90 223.35 121.35
v -92.63 196.20 145.75
v -107.00 170.35 200.21
v -85.94 182.35 182.13
v -73.77 215.93 150.61
v -86.89 208.36 161.64
v -91.74 170.08 166.08
v -112.81 158.06 184.14
v -92.63 196.20 145.75
v -79.51 203.78 134.72
v -85.94 182.35 182.13
v -77.75 159.11 197.75
v -68.73 201.44 160.18
v -73.77 215.93 150.61
v -83.56 146.82 181.69
v -91.74 170.08 166.08
v -79.51 203.78 134.72
v -74.48 189.28 144.29
v -77.75 159.11 197.75
v -64.97 131.66 215.14
v -60.85 184.32 170.83
v -68.73 201.44 160.18
v -70.78 119.36 199.06
v -83.56 146.82 181.69
v -74.48 189.28 144.29
v -66.60 172.15 154.93
v -64.97 131.66 215.14
v -48.86 146.87 196.38
v -50.80 193.88 159.37
v -60.85 184.32 170.83
v -54.66 134.58 180.33
v -70.78 119.36 199.06
v -66.60 172.15 154.93
v -56.55 181.72 143.49
v -48.86 146.87 196.38
v -31.48 122.11 209.79
v -40.06 178.45 167.58
v -50.80 193.88 159.37
v -37.29 109.82 193.72
v -54.66 134.58 180.33
v -56.55 181.72 143.49
v -45.81 166.29 151.69
v -31.48 122.11 209.79
v -25.28 187.14 155.13
v -36.09 219.05 134.06
v -40.06 178.45 167.58
v -31.07 174.89 139.11
v -37.29 109.82 193.72
v -45.81 166.29 151.69
v -41.83 206.90 118.18
v -25.28 187.14 155.13
v 1.09 176.27 153.96
v -19.74 212.30 133.33
v -36.09 219.05 134.06
v -4.70 164.01 137.94
v -31.07 174.89 139.11
v -41.83 206.90 118.18
v -25.48 200.15 117.45
v 1.09 176.27 153.96
v 11.16 197.81 133.42
v -13.48 225.71 120.65
v -19.74 212.30 133.33
v 5.37 185.56 117.41
v -4.70 164.01 137.94
v -25.48 200.15 117.45
v -19.22 213.56 104.78
v 11.16 197.81 133.42
v 48.98 191.90 124.57
v 9.96 222.01 115.12
v -13.48 225.71 120.65
v 43.19 179.64 108.55
v 5.37 185.56 117.41
v -19.22 213.56 104.78
v 4.22 209.86 99.25
v 48.98 191.90 124.57
v 54.16 213.60 106.11
v 13.17 235.46 103.68
v 9.96 222.01 115.12
v 48.37 201.34 90.10
v 43.19 179.64 108.55
v 4.22 209.86 99.25
v 7.43 223.31 87.80
v 54.16 213.60 106.11
v 81.96 221.91 90.37
v 30.37 240.54 93.82
v 13.17 235.46 103.68
v 76.17 209.64 74.34
v 48.37 201.34 90.10
v 7.43 223.31 87.80
v 24.63 228.39 77.94
v 81.96 221.91 90.37
v 90.83 237.14 76.00
v 35.85 249.93 84.85
v 30.37 240.54 93.82
v 85.04 224.87 59.96
v 76.17 209.64 74.34
v 24.63 228.39 77.94
v 30.10 237.78 68.96
v 90.83 237.14 76.00
v 71.40 269.88 58.06
v 23.80 270.22 73.71
v 35.85 249.93 84.85
v 65.60 257.61 42.02
v 85.04 224.87 59.96
v 30.10 237.78 68.96
v 18.05 258.07 57.83
v 71.40 269.88 58.06
v 38.18 302.79 44.74
v 3.21 290.64 65.48
v 23.80 270.22 73.71
v 32.38 290.52 28.71
v 65.60 257.61 42.02
v 18.05 258.07 57.83
v -2.54 278.49 49.59
v 38.18 302.79 44.74
v 13.46 337.33 27.65
v -12.14 312.01 54.83
v 3.21 290.64 65.48
v 7.66 325.05 11.61
v 32.38 290.52 28.71
v -2.54 278.49 49.59
v -17.89 299.86 38.94
v 13.46 337.33 27.65
v -15.74 365.42 16.92
v -30.25 329.41 48.14
v -12.14 312.01 54.83
v -21.54 353.14 0.87
v 7.66 325.05 11.61
v -17.89 299.86 38.94
v -36.00 317.25 32.25
v -15.74 365.42 16.92
v -40.52 402.39 -1.50
v -45.66 352.23 36.60
v -30.25 329.41 48.14
v -46.33 390.09 -17.56
v -21.54 353.14 0.87
v -36.00 317.25 32.25
v -51.41 340.07 20.71
v -40.52 402.39 -1.50
v -62.52 393.00 12.61
v -59.25 346.52 45.49
v -45.66 352.23 36.60
v -68.32 380.73 -3.44
v -46.33 390.09 -17.56
v -51.41 340.07 20.71
v -65.00 334.37 29.60
v -62.52 393.00 12.61
v -79.13 364.76 38.94
v -69.49 329.15 61.99
v -59.25 346.52 45.49
v -84.92 352.50 22.92
v -68.32 380.73 -3.44
v -65.00 334.37 29.60
v -75.23 317.00 46.11
v -79.13 364.76 38.94
v -107.61 378.70 38.65
v -87.15 337.78 61.80
v -69.49 329.15 61.99
v -113.40 366.44 22.62
v -84.92 352.50 22.92
v -75.23 317.00 46.11
v -92.89 325.63 45.92
v -107.61 378.70 38.65
v -123.30 361.43 57.08
v -96.86 327.12 73.29
v -87.15 337.78 61.80
v -129.09 349.17 41.07
v -113.40 366.44 22.62
v -92.89 325.63 45.92
v -102.60 314.97 57.41
v -96.86 327.12 73.29
v -114.42 326.86 79.88
v -83.05 298.18 90.22
v -74.55 298.31 87.04
v -120.16 314.71 64.00
v -102.60 314.97 57.41
v -80.10 286.55 71.67
v -88.60 286.42 74.86
v -114.42 326.86 79.88
v -126.42 320.51 89.13
v -88.86 295.10 94.69
v -83.05 298.18 90.22
v -132.16 308.36 73.25
v -120.16 314.71 64.00
v -88.60 286.42 74.86
v -94.41 283.34 79.33
v -126.42 320.51 89.13
v -122.09 304.35 99.90
v -86.76 287.29 99.91
v -88.86 295.10 94.69
v -127.84 292.20 84.02
v -132.16 308.36 73.25
v -94.41 283.34 79.33
v -92.32 275.53 84.54
v -122.09 304.35 99.90
v -117.28 287.95 110.74
v -84.43 279.35 105.15
v -86.76 287.29 99.91
v -123.02 275.80 94.86
v -127.84 292.20 84.02
v -92.32 275.53 84.54
v -89.99 267.59 89.78
v -117.28 287.95 110.74
v -115.95 271.66 122.87
v -83.80 271.45 111.00
v -84.43 279.35 105.15
v -121.69 259.51 106.99
v -123.02 275.80 94.86
v -89.99 267.59 89.78
v -89.35 259.69 95.63
v -115.95 271.66 122.87
v -107.03 255.59 132.04
v -79.49 263.66 115.42
v -83.80 271.45 111.00
v -112.77 243.44 116.16
v -121.69 259.51 106.99
v -89.35 259.69 95.63
v -85.04 251.90 100.05
v -107.03 255.59 132.04
v -105.82 237.36 145.93
v -78.92 254.80 122.08
v -79.49 263.66 115.42
v -111.57 225.20 130.04
v -112.77 243.44 116.16
v -85.04 251.90 100.05
v -84.48 243.04 106.72
v -105.82 237.36 145.93
v -95.85 225.59 151.40
v -74.10 249.10 124.72
v -78.92 254.80 122.08
v -101.60 213.43 135.51
v -111.57 225.20 130.04
v -84.48 243.04 106.72
v -79.66 237.34 109.35
v -95.85 225.59 151.40
v -79.16 235.51 137.23
v -66.00 253.95 117.94
v -74.10 249.10 124.72
v -84.90 223.35 121.35
v -101.60 213.43 135.51
v -79.66 237.34 109.35
v -71.55 242.20 102.58
v -79.16 235.51 137.23
v -86.89 208.36 161.64
v -69.78 240.72 129.63
v -66.00 253.95 117.94
v -92.63 196.20 145.75
v -84.90 223.35 121.35
v -71.55 242.20 102.58
v -75.34 228.96 114.26
v -86.89 208.36 161.64
v -73.77 215.93 150.61
v -63.41 244.44 124.37
v -69.78 240.72 129.63
v -79.51 203.78 134.72
v -92.63 196.20 145.75
v -75.34 228.96 114.26
v -68.96 232.69 109.00
v -73.77 215.93 150.61
v -68.73 201.44 160.18
v -60.98 237.40 128.96
v -63.41 244.44 124.37
v -74.48 189.28 144.29
v -79.51 203.78 134.72
v -68.96 232.69 109.00
v -66.54 225.64 113.59
v -68.73 201.44 160.18
v -60.85 184.32 170.83
v -57.19 229.07 134.05
v -60.98 237.40 128.96
v -66.60 172.15 154.93
v -74.48 189.28 144.29
v -66.54 225.64 113.59
v -62.75 217.31 118.68
v -60.85 184.32 170.83
v -50.80 193.88 159.37
v -52.30 233.75 128.58
v -57.19 229.07 134.05
v -56.55 181.72 143.49
v -66.60 172.15 154.93
v -62.75 217.31 118.68
v -57.86 221.99 113.21
v -50.80 193.88 159.37
v -40.06 178.45 167.58
v -47.12 226.25 132.51
v -52.30 233.75 128.58
v -45.81 166.29 151.69
v -56.55 181.72 143.49
v -57.86 221.99 113.21
v -52.68 214.49 117.14
v -40.06 178.45 167.58
v -36.09 219.05 134.06
v -45.15 246.01 116.44
v -47.12 226.25 132.51
v -41.83 206.90 118.18
v -45.81 166.29 151.69
v -52.68 214.49 117.14
v -50.70 234.26 101.07
v -36.09 219.05 134.06
v -19.74 212.30 133.33
v -37.24 242.75 116.08
v -45.15 246.01 116.44
v -25.48 200.15 117.45
v -41.83 206.90 118.18
v -50.70 234.26 101.07
v -42.79 230.99 100.72
v -19.74 212.30 133.33
v -13.48 225.71 120.65
v -34.20 249.25 109.97
v -37.24 242.75 116.08
v -19.22 213.56 104.78
v -25.48 200.15 117.45
v -42.79 230.99 100.72
v -39.75 237.49 94.61
v -13.48 225.71 120.65
v 9.96 222.01 115.12
v -22.86 247.45 107.28
v -34.20 249.25 109.97
v 4.22 209.86 99.25
v -19.22 213.56 104.78
v -39.75 237.49 94.61
v -28.42 235.69 91.91
v 9.96 222.01 115.12
v 13.17 235.46 103.68
v -21.31 253.95 101.74
v -22.86 247.45 107.28
v 7.43 223.31 87.80
v 4.22 209.86 99.25
v -28.42 235.69 91.91
v -26.87 242.20 86.37
v 13.17 235.46 103.68
v 30.37 240.54 93.82
v -13.00 256.38 96.93
v -21.31 253.95 101.74
v 24.63 228.39 77.94
v 7.43 223.31 87.80
v -26.87 242.20 86.37
v -18.56 244.63 81.57
v 30.37 240.54 93.82
v 35.85 249.93 84.85
v -10.36 260.91 92.56
v -13.00 256.38 96.93
v 30.10 237.78 68.96
v 24.63 228.39 77.94
v -18.56 244.63 81.57
v -15.92 249.15 77.20
v 35.85 249.93 84.85
v 23.80 270.22 73.71
v -16.19 270.72 87.17
v -10.36 260.91 92.56
v 18.05 258.07 57.83
v 30.10 237.78 68.96
v -15.92 249.15 77.20
v -21.75 258.96 71.80
v 23.80 270.22 73.71
v 3.21 290.64 65.48
v -26.15 280.61 83.19
v -16.19 270.72 87.17
v -2.54 278.49 49.59
v 18.05 258.07 57.83
v -21.75 258.96 71.80
v -31.71 268.85 67.83
v 3.21 290.64 65.48
v -12.14 312.01 54.83
v -33.59 290.93 78.02
v -26.15 280.61 83.19
v -17.89 299.86 38.94
v -2.54 278.49 49.59
v -31.71 268.85 67.83
v -39.15 279.17 62.65
v -12.14 312.01 54.83
v -30.25 329.41 48.14
v -42.36 299.34 74.77
v -33.59 290.93 78.02
v -36.00 317.25 32.25
v -17.89 299.86 38.94
v -39.15 279.17 62.65
v -47.91 287.58 59.40
v -30.25 329.41 48.14
v -45.66 352.23 36.60
v -49.83 310.34 69.14
v -42.36 299.34 74.77
v -51.41 340.07 20.71
v -36.00 317.25 32.25
v -47.91 287.58 59.40
v -55.39 298.58 53.77
v -45.66 352.23 36.60
v -59.25 346.52 45.49
v -56.39 307.63 73.49
v -49.83 310.34 69.14
v -65.00 334.37 29.60
v -51.41 340.07 20.71
v -55.39 298.58 53.77
v -61.94 295.87 58.13
v -59.25 346.52 45.49
v -69.49 329.15 61.99
v -61.31 299.27 81.55
v -56.39 307.63 73.49
v -75.23 317.00 46.11
v -65.00 334.37 29.60
v -61.94 295.87 58.13
v -66.87 287.52 66.18
v -69.49 329.15 61.99
v -87.15 337.78 61.80
v -69.86 303.45 81.45
v -61.31 299.27 81.55
v -92.89 325.63 45.92
v -75.23 317.00 46.11
v -66.87 287.52 66.18
v -75.42 291.69 66.09
v -87.15 337.78 61.80
v -96.86 327.12 73.29
v -74.55 298.31 87.04
v -69.86 303.45 81.45
v -102.60 314.97 57.41
v -92.89 325.63 45.92
v -75.42 291.69 66.09
v -80.10 286.55 71.67
v -74.55 298.31 87.04
v -83.05 298.18 90.22
v -53.60 271.36 100.01
v -88.60 286.42 74.86
v -80.10 286.55 71.67
v -59.53 258.82 83.62
v -83.05 298.18 90.22
v -88.86 295.10 94.69
v -53.60 271.36 100.01
v -94.41 283.34 79.33
v -88.60 286.42 74.86
v -59.53 258.82 83.62
v -88.86 295.10 94.69
v -86.76 287.29 99.91
v -53.60 271.36 100.01
v -92.32 275.53 84.54
v -94.41 283.34 79.33
v -59.53 258.82 83.62
v -86.76 287.29 99.91
v -84.43 279.35 105.15
v -53.60 271.36 100.01
v -89.99 267.59 89.78
v -92.32 275.53 84.54
v -59.53 258.82 83.62
v -84.43 279.35 105.15
v -83.80 271.45 111.00
v -53.60 271.36 100.01
v -89.35 259.69 95.63
v -89.99 267.59 89.78
v -59.53 258.82 83.62
v -83.80 271.45 111.00
v -79.49 263.66 115.42
v -53.60 271.36 100.01
v -85.04 251.90 100.05
v -89.35 259.69 95.63
v -59.53 258.82 83.62
v -79.49 263.66 115.42
v -78.92 254.80 122.08
v -53.60 271.36 100.01
v -84.48 243.04 106.72
v -85.04 251.90 100.05
v -59.53 258.82 83.62
v -78.92 254.80 122.08
v -74.10 249.10 124.72
v -53.60 271.36 100.01
v -79.66 237.34 109.35
v -84.48 243.04 106.72
v -59.53 258.82 83.62
v -74.10 249.10 124.72
v -66.00 253.95 117.94
v -53.60 271.36 100.01
v -71.55 242.20 102.58
v -79.66 237.34 109.35
v -59.53 258.82 83.62
v -66.00 253.95 117.94
v -69.78 240.72 129.63
v -53.60 271.36 100.01
v -75.34 228.96 114.26
v -71.55 242.20 102.58
v -59.53 258.82 83.62
v -69.78 240.72 129.63
v -63.41 244.44 124.37
v -53.60 271.36 100.01
v -68.96 232.69 109.00
v -75.34 228.96 114.26
v -59.53 258.82 83.62
v -63.41 244.44 124.37
v -60.98 237.40 128.96
v -53.60 271.36 100.01
v -66.54 225.64 113.59
v -68.96 232.69 109.00
v -59.53 258.82 83.62
v -60.98 237.40 128.96
v -57.19 229.07 134.05
v -53.60 271.36 100.01
v -62.75 217.31 118.68
v -66.54 225.64 113.59
v -59.53 258.82 83.62
v -57.19 229.07 134.05
v -52.30 233.75 128.58
v -53.60 271.36 100.01
v -57.86 221.99 113.21
v -62.75 217.31 118.68
v -59.53 258.82 83.62
v -52.30 233.75 128.58
v -47.12 226.25 132.51
v -53.60 271.36 100.01
v -52.68 214.49 117.14
v -57.86 221.99 113.21
v -59.53 258.82 83.62
v -47.12 226.25 132.51
v -45.15 246.01 116.44
v -53.60 271.36 100.01
v -50.70 234.26 101.07
v -52.68 214.49 117.14
v -59.53 258.82 83.62
v -45.15 246.01 116.44
v -37.24 242.75 116.08
v -53.60 271.36 100.01
v -42.79 230.99 100.72
v -50.70 234.26 101.07
v -59.53 258.82 83.62
v -37.24 242.75 116.08
v -34.20 249.25 109.97
v -53.60 271.36 100.01
v -39.75 237.49 94.61
v -42.79 230.99 100.72
v -59.53 258.82 83.62
v -34.20 249.25 109.97
v -22.86 247.45 107.28
v -53.60 271.36 100.01
v -28.42 235.69 91.91
v -39.75 237.49 94.61
v -59.53 258.82 83.62
v -22.86 247.45 107.28
v -21.31 253.95 101.74
v -53.60 271.36 100.01
v -26.87 242.20 86.37
v -28.42 235.69 91.91
v -59.53 258.82 83.62
v -21.31 253.95 101.74
v -13.00 256.38 96.93
v -53.60 271.36 100.01
v -18.56 244.63 81.57
v -26.87 242.20 86.37
v -59.53 258.82 83.62
v -13.00 256.38 96.93
v -10.36 260.91 92.56
v -53.60 271.36 100.01
v -15.92 249.15 77.20
v -18.56 244.63 81.57
v -59.53 258.82 83.62
v -10.36 260.91 92.56
v -16.19 270.72 87.17
v -53.60 271.36 100.01
v -21.75 258.96 71.80
v -15.92 249.15 77.20
v -59.53 258.82 83.62
v -16.19 270.72 87.17
v -26.15 280.61 83.19
v -53.60 271.36 100.01
v -31.71 268.85 67.83
v -21.75 258.96 71.80
v -59.53 258.82 83.62
v -26.15 280.61 83.19
v -33.59 290.93 78.02
v -53.60 271.36 100.01
v -39.15 279.17 62.65
v -31.71 268.85 67.83
v -59.53 258.82 83.62
v -33.59 290.93 78.02
v -42.36 299.34 74.77
v -53.60 271.36 100.01
v -47.91 287.58 59.40
v -39.15 279.17 62.65
v -59.53 258.82 83.62
v -42.36 299.34 74.77
v -49.83 310.34 69.14
v -53.60 271.36 100.01
v -55.39 298.58 53.77
v -47.91 287.58 59.40
v -59.53 258.82 83.62
v -49.83 310.34 69.14
v -56.39 307.63 73.49
v -53.60 271.36 100.01
v -61.94 295.87 58.13
v -55.39 298.58 53.77
v -59.53 258.82 83.62
v -56.39 307.63 73.49
v -61.31 299.27 81.55
v -53.60 271.36 100.01
v -66.87 287.52 66.18
v -61.94 295.87 58.13
v -59.53 258.82 83.62
v -61.31 299.27 81.55
v -69.86 303.45 81.45
v -53.60 271.36 100.01
v -75.42 291.69 66.09
v -66.87 287.52 66.18
v -59.53 258.82 83.62
v -69.86 303.45 81.45
v -74.55 298.31 87.04
v -53.60 271.36 100.01
v -80.10 286.55 71.67
v -75.42 291.69 66.09
v -59.53 258.82 83.62
v 86.79 231.52 66.38
v 86.67 229.42 68.04
v 102.51 235.74 72.95
v 103.74 234.22 71.12
v 86.67 229.42 68.04
v 87.85 227.89 66.18
v 102.58 233.70 74.69
v 102.51 235.74 72.95
v 87.85 227.89 66.18
v 87.98 229.99 64.53
v 103.82 232.18 72.86
v 102.58 233.70 74.69
v 87.98 229.99 64.53
v 86.79 231.52 66.38
v 103.74 234.22 71.12
v 103.82 232.18 72.86
v 103.74 234.22 71.12
v 102.51 235.74 72.95
v 118.97 241.09 76.22
v 119.43 239.22 78.09
v 102.51 235.74 72.95
v 102.58 233.70 74.69
v 117.74 242.61 78.06
v 118.97 241.09 76.22
v 102.58 233.70 74.69
v 103.82 232.18 72.86
v 118.21 240.74 79.92
v 117.74 242.61 78.06
v 103.82 232.18 72.86
v 103.74 234.22 71.12
v 119.43 239.22 78.09
v 118.21 240.74 79.92
v 119.43 239.22 78.09
v 118.97 241.09 76.22
v 135.25 247.94 80.70
v 134.01 249.45 82.53
v 118.97 241.09 76.22
v 117.74 242.61 78.06
v 133.89 249.18 78.74
v 135.25 247.94 80.70
v 117.74 242.61 78.06
v 118.21 240.74 79.92
v 132.64 250.69 80.58
v 133.89 249.18 78.74
v 118.21 240.74 79.92
v 119.43 239.22 78.09
v 134.01 249.45 82.53
v 132.64 250.69 80.58
v 134.01 249.45 82.53
v 135.25 247.94 80.70
v 143.16 264.21 77.51
v 141.24 264.78 75.73
v 135.25 247.94 80.70
v 133.89 249.18 78.74
v 144.45 262.78 75.65
v 143.16 264.21 77.51
v 133.89 249.18 78.74
v 132.64 250.69 80.58
v 142.53 263.35 73.87
v 144.45 262.78 75.65
v 132.64 250.69 80.58
v 134.01 249.45 82.53
v 141.24 264.78 75.73
v 142.53 263.35 73.87
v 87.98 229.99 64.53
v 87.85 227.89 66.18
v 86.67 229.42 68.04
v 86.79 231.52 66.38
v 141.24 264.78 75.73
v 143.16 264.21 77.51
v 144.45 262.78 75.65
v 142.53 263.35 73.87
v -34.47 111.78 196.05
v -37.55 111.16 197.64
v -28.52 90.66 199.46
v -30.10 90.45 196.32
v -37.55 111.16 197.64
v -38.97 110.26 194.54
v -31.38 89.28 200.99
v -28.52 90.66 199.46
v -38.97 110.26 194.54
v -35.89 110.88 192.95
v -32.95 89.07 197.84
v -31.38 89.28 200.99
v -35.89 110.88 192.95
v -34.47 111.78 196.05
v -30.10 90.45 196.32
v -32.95 89.07 197.84
v -30.10 90.45 196.32
v -28.52 90.66 199.46
v -20.51 73.37 187.80
v -22.95 71.23 189.17
v -28.52 90.66 199.46
v -31.38 89.28 200.99
v -18.47 72.86 190.63
v -20.51 73.37 187.80
v -31.38 89.28 200.99
v -32.95 89.07 197.84
v -20.91 70.72 192.00
v -18.47 72.86 190.63
v -32.95 89.07 197.84
v -30.10 90.45 196.32
v -22.95 71.23 189.17
v -20.91 70.72 192.00
v -22.95 71.23 189.17
v -20.51 73.37 187.80
v -13.99 54.67 177.97
v -11.96 54.16 180.80
v -20.51 73.37 187.80
v -18.47 72.86 190.63
v -11.31 56.26 176.32
v -13.99 54.67 177.97
v -18.47 72.86 190.63
v -20.91 70.72 192.00
v -9.28 55.75 179.15
v -11.31 56.26 176.32
v -20.91 70.72 192.00
v -22.95 71.23 189.17
v -11.96 54.16 180.80
v -9.28 55.75 179.15
v -11.96 54.16 180.80
v -13.99 54.67 177.97
v -8.34 33.20 176.17
v -5.50 34.11 174.29
v -13.99 54.67 177.97
v -11.31 56.26 176.32
v -10.34 33.50 173.29
v -8.34 33.20 176.17
v -11.31 56.26 176.32
v -9.28 55.75 179.15
v -7.50 34.41 171.41
v -10.34 33.50 173.29
v -9.28 55.75 179.15
v -11.96 54.16 180.80
v -5.50 34.11 174.29
v -7.50 34.41 171.41
v -35.89 110.88 192.95
v -38.97 110.26 194.54
v -37.55 111.16 197.64
v -34.47 111.78 196.05
v -5.50 34.11 174.29
v -8.34 33.20 176.17
v -10.34 33.50 173.29
v -7.50 34.41 171.41
v -81.55 147.39 184.49
v -84.36 148.56 184.61
v -89.56 128.03 186.72
v -89.82 127.71 183.71
v -84.36 148.56 184.61
v -84.59 148.31 181.58
v -92.52 128.69 186.91
v -89.56 128.03 186.72
v -84.59 148.31 181.58
v -81.79 147.14 181.47
v -92.78 128.37 183.89
v -92.52 128.69 186.91
v -81.79 147.14 181.47
v -81.55 147.39 184.49
v -89.82 127.71 183.71
v -92.78 128.37 183.89
v -89.82 127.71 183.71
v -89.56 128.03 186.72
v -90.43 106.64 186.50
v -93.45 106.81 186.75
v -89.56 128.03 186.72
v -92.52 128.69 186.91
v -90.15 107.22 189.47
v -90.43 106.64 186.50
v -92.52 128.69 186.91
v -92.78 128.37 183.89
v -93.18 107.39 189.72
v -90.15 107.22 189.47
v -92.78 128.37 183.89
v -89.82 127.71 183.71
v -93.45 106.81 186.75
v -93.18 107.39 189.72
v -93.45 106.81 186.75
v -90.43 106.64 186.50
v -94.49 86.30 192.28
v -94.21 87.17 195.18
v -90.43 106.64 186.50
v -90.15 107.22 189.47
v -91.52 85.64 192.19
v -94.49 86.30 192.28
v -90.15 107.22 189.47
v -93.18 107.39 189.72
v -91.24 86.52 195.09
v -91.52 85.64 192.19
v -93.18 107.39 189.72
v -93.45 106.81 186.75
v -94.21 87.17 195.18
v -91.24 86.52 195.09
v -94.21 87.17 195.18
v -94.49 86.30 192.28
v -101.36 68.62 202.22
v -98.51 67.54 202.27
v -94.49 86.30 192.28
v -91.52 85.64 192.19
v -101.67 67.65 199.35
v -101.36 68.62 202.22
v -91.52 85.64 192.19
v -91.24 86.52 195.09
v -98.83 66.58 199.40
v -101.67 67.65 199.35
v -91.24 86.52 195.09
v -94.21 87.17 195.18
v -98.51 67.54 202.27
v -98.83 66.58 199.40
v -81.79 147.14 181.47
v -84.59 148.31 181.58
v -84.36 148.56 184.61
v -81.55 147.39 184.49
v -98.51 67.54 202.27
v -101.36 68.62 202.22
v -101.67 67.65 199.35
v -98.83 66.58 199.40
v -165.40 318.54 93.51
v -166.02 320.50 92.23
v -179.28 329.00 116.18
v -180.93 327.70 114.98
v -166.02 320.50 92.23
v -168.04 319.39 91.50
v -180.14 331.03 115.18
v -179.28 329.00 116.18
v -168.04 319.39 91.50
v -167.43 317.43 92.78
v -181.79 329.73 113.98
v -180.14 331.03 115.18
v -167.43 317.43 92.78
v -165.40 318.54 93.51
v -180.93 327.70 114.98
v -181.79 329.73 113.98
v -180.93 327.70 114.98
v -179.28 329.00 116.18
v -201.52 323.06 133.45
v -202.90 325.03 133.23
v -179.28 329.00 116.18
v -180.14 331.03 115.18
v -199.81 324.39 134.54
v -201.52 323.06 133.45
v -180.14 331.03 115.18
v -181.79 329.73 113.98
v -201.20 326.35 134.31
v -199.81 324.39 134.54
v -181.79 329.73 113.98
v -180.93 327.70 114.98
v -202.90 325.03 133.23
v -201.20 326.35 134.31
v -202.90 325.03 133.23
v -201.52 323.06 133.45
v -204.01 319.63 161.52
v -202.05 321.03 161.74
v -201.52 323.06 133.45
v -199.81 324.39 134.54
v -202.64 317.66 161.85
v -204.01 319.63 161.52
v -199.81 324.39 134.54
v -201.20 326.35 134.31
v -200.68 319.07 162.06
v -202.64 317.66 161.85
v -201.20 326.35 134.31
v -202.90 325.03 133.23
v -202.05 321.03 161.74
v -200.68 319.07 162.06
v -202.05 321.03 161.74
v -204.01 319.63 161.52
v -209.18 329.56 187.49
v -207.95 327.71 188.44
v -204.01 319.63 161.52
v -202.64 317.66 161.85
v -211.17 328.19 187.39
v -209.18 329.56 187.49
v -202.64 317.66 161.85
v -200.68 319.07 162.06
v -209.95 326.34 188.34
v -211.17 328.19 187.39
v -200.68 319.07 162.06
v -202.05 321.03 161.74
v -207.95 327.71 188.44
v -209.95 326.34 188.34
v -167.43 317.43 92.78
v -168.04 319.39 91.50
v -166.02 320.50 92.23
v -165.40 318.54 93.51
v -207.95 327.71 188.44
v -209.18 329.56 187.49
v -211.17 328.19 187.39
v -209.95 326.34 188.34
v -328.42 -25.30 131.76
v -320.28 -27.68 126.64
v -311.18 -36.52 145.45
v -319.31 -34.15 150.57
v -320.28 -27.68 126.64
v -313.08 -30.73 121.71
v -303.98 -39.58 140.52
v -311.18 -36.52 145.45
v -313.08 -30.73 121.71
v -306.40 -34.40 116.78
v -297.30 -43.25 135.59
v -303.98 -39.58 140.52
v -306.40 -34.40 116.78
v -295.37 -32.18 112.17
v -286.26 -41.03 130.97
v -297.30 -43.25 135.59
v -295.37 -32.18 112.17
v -290.71 -38.55 107.09
v -281.61 -47.40 125.90
v -286.26 -41.03 130.97
v -290.71 -38.55 107.09
v -283.50 -41.21 102.32
v -274.40 -50.06 121.13
v -281.61 -47.40 125.90
v -283.50 -41.21 102.32
v -277.67 -47.54 96.67
v -268.56 -56.39 115.49
v -274.40 -50.06 121.13
v -277.67 -47.54 96.67
v -250.04 -26.43 92.00
v -240.95 -35.27 110.78
v -268.56 -56.39 115.49
v -250.04 -26.43 92.00
v -223.22 -16.19 83.31
v -214.13 -25.02 102.08
v -240.95 -35.27 110.78
v -223.22 -16.19 83.31
v -196.19 -1.80 76.69
v -187.11 -10.63 95.46
v -214.13 -25.02 102.08
v -196.19 -1.80 76.69
v -150.11 7.94 59.03
v -141.03 -0.89 77.80
v -187.11 -10.63 95.46
v -150.11 7.94 59.03
v -157.65 23.23 70.06
v -148.57 14.40 88.83
v -141.03 -0.89 77.80
v -157.65 23.23 70.06
v -190.58 34.85 91.43
v -181.49 26.02 110.21
v -148.57 14.40 88.83
v -190.58 34.85 91.43
v -151.58 51.11 80.98
v -142.48 42.27 99.77
v -181.49 26.02 110.21
v -151.58 51.11 80.98
v -159.28 62.54 90.36
v -150.18 53.70 109.16
v -142.48 42.27 99.77
v -159.28 62.54 90.36
v -178.89 65.93 101.27
v -169.79 57.09 120.06
v -150.18 53.70 109.16
v -178.89 65.93 101.27
v -164.28 84.98 104.17
v -155.17 76.13 122.98
v -169.79 57.09 120.06
v -164.28 84.98 104.17
v -175.33 91.89 112.86
v -166.23 83.04 131.67
v -155.17 76.13 122.98
v -175.33 91.89 112.86
v -193.91 90.86 120.94
v -184.81 82.02 139.75
v -166.23 83.04 131.67
v -193.91 90.86 120.94
v -197.05 106.23 130.32
v -187.94 97.38 149.14
v -184.81 82.02 139.75
v -197.05 106.23 130.32
v -213.80 102.15 135.97
v -204.70 93.30 154.77
v -187.94 97.38 149.14
v -213.80 102.15 135.97
v -226.23 99.86 140.58
v -217.13 91.02 159.38
v -204.70 93.30 154.77
v -226.23 99.86 140.58
v -237.45 96.49 144.10
v -228.36 87.64 162.90
v -217.13 91.02 159.38
v -237.45 96.49 144.10
v -251.06 92.05 148.26
v -241.97 83.21 167.04
v -228.36 87.64 162.90
v -251.06 92.05 148.26
v -264.13 76.10 146.56
v -255.04 67.27 165.34
v -241.97 83.21 167.04
v -264.13 76.10 146.56
v -278.30 67.29 149.05
v -269.22 58.46 167.82
v -255.04 67.27 165.34
v -278.30 67.29 149.05
v -299.73 61.54 156.59
v -290.64 52.71 175.36
v -269.22 58.46 167.82
v -299.73 61.54 156.59
v -308.40 47.33 154.13
v -299.31 38.50 172.90
v -290.64 52.71 175.36
v -308.40 47.33 154.13
v -325.83 36.57 157.69
v -316.74 27.74 176.46
v -299.31 38.50 172.90
v -325.83 36.57 157.69
v -349.97 26.82 165.19
v -340.88 17.99 183.97
v -316.74 27.74 176.46
v -349.97 26.82 165.19
v -304.80 22.80 141.12
v -295.71 13.97 159.89
v -340.88 17.99 183.97
v -304.80 22.80 141.12
v -315.56 13.68 142.32
v -306.47 4.84 161.10
v -295.71 13.97 159.89
v -315.56 13.68 142.32
v -321.54 3.97 140.98
v -312.45 -4.86 159.77
v -306.47 4.84 161.10
v -321.54 3.97 140.98
v -317.28 -1.98 136.24
v -308.18 -10.82 155.03
v -312.45 -4.86 159.77
v -317.28 -1.98 136.24
v -334.92 -20.42 137.11
v -325.82 -29.27 155.92
v -308.18 -10.82 155.03
v -334.92 -20.42 137.11
v -328.42 -25.30 131.76
v -319.31 -34.15 150.57
v -325.82 -29.27 155.92
v -319.31 -34.15 150.57
v -311.18 -36.52 145.45
v -284.20 -13.83 141.77
v -289.25 -12.35 144.93
v -320.28 -27.68 126.64
v -328.42 -25.30 131.76
v -298.31 -3.55 126.22
v -293.26 -5.03 123.06
v -311.18 -36.52 145.45
v -303.98 -39.58 140.52
v -279.74 -15.73 138.71
v -284.20 -13.83 141.77
v -313.08 -30.73 121.71
v -320.28 -27.68 126.64
v -293.26 -5.03 123.06
v -288.79 -6.93 120.00
v -303.98 -39.58 140.52
v -297.30 -43.25 135.59
v -275.60 -18.00 135.65
v -279.74 -15.73 138.71
v -306.40 -34.40 116.78
v -313.08 -30.73 121.71
v -288.79 -6.93 120.00
v -284.65 -9.20 116.94
v -297.30 -43.25 135.59
v -286.26 -41.03 130.97
v -268.73 -16.65 132.84
v -275.60 -18.00 135.65
v -295.37 -32.18 112.17
v -306.40 -34.40 116.78
v -284.65 -9.20 116.94
v -277.78 -7.85 114.13
v -286.26 -41.03 130.97
v -281.61 -47.40 125.90
v -265.86 -20.58 129.67
v -268.73 -16.65 132.84
v -290.71 -38.55 107.09
v -295.37 -32.18 112.17
v -277.78 -7.85 114.13
v -274.91 -11.78 110.96
v -281.61 -47.40 125.90
v -274.40 -50.06 121.13
v -261.39 -22.24 126.72
v -265.86 -20.58 129.67
v -283.50 -41.21 102.32
v -290.71 -38.55 107.09
v -274.91 -11.78 110.96
v -270.44 -13.43 108.01
v -274.40 -50.06 121.13
v -268.56 -56.39 115.49
v -257.78 -26.15 123.19
v -261.39 -22.24 126.72
v -277.67 -47.54 96.67
v -283.50 -41.21 102.32
v -270.44 -13.43 108.01
v -266.83 -17.35 104.48
v -268.56 -56.39 115.49
v -240.95 -35.27 110.78
v -240.56 -13.15 120.48
v -257.78 -26.15 123.19
v -250.04 -26.43 92.00
v -277.67 -47.54 96.67
v -266.83 -17.35 104.48
v -249.61 -4.35 101.78
v -240.95 -35.27 110.78
v -214.13 -25.02 102.08
v -223.89 -6.84 115.17
v -240.56 -13.15 120.48
v -223.22 -16.19 83.31
v -250.04 -26.43 92.00
v -249.61 -4.35 101.78
v -232.94 1.96 96.48
v -214.13 -25.02 102.08
v -187.11 -10.63 95.46
v -207.11 2.06 111.12
v -223.89 -6.84 115.17
v -196.19 -1.80 76.69
v -223.22 -16.19 83.31
v -232.94 1.96 96.48
v -216.16 10.85 92.43
v -187.11 -10.63 95.46
v -141.03 -0.89 77.80
v -178.55 8.11 100.16
v -207.11 2.06 111.12
v -150.11 7.94 59.03
v -196.19 -1.80 76.69
v -216.16 10.85 92.43
v -187.60 16.90 81.47
v -141.03 -0.89 77.80
v -148.57 14.40 88.83
v -183.24 17.60 106.97
v -178.55 8.11 100.16
v -157.65 23.23 70.06
v -150.11 7.94 59.03
v -187.60 16.90 81.47
v -192.28 26.39 88.27
v -148.57 14.40 88.83
v -181.49 26.02 110.21
v -203.65 24.80 120.23
v -183.24 17.60 106.97
v -190.58 34.85 91.43
v -157.65 23.23 70.06
v -192.28 26.39 88.27
v -212.69 33.59 101.53
v -181.49 26.02 110.21
v -142.48 42.27 99.77
v -179.52 34.93 113.63
v -203.65 24.80 120.23
v -151.58 51.11 80.98
v -190.58 34.85 91.43
v -212.69 33.59 101.53
v -188.58 43.73 94.93
v -142.48 42.27 99.77
v -150.18 53.70 109.16
v -184.32 42.04 119.40
v -179.52 34.93 113.63
v -159.28 62.54 90.36
v -151.58 51.11 80.98
v -188.58 43.73 94.93
v -193.37 50.84 100.70
v -150.18 53.70 109.16
v -169.79 57.09 120.06
v -196.46 44.13 126.19
v -184.32 42.04 119.40
v -178.89 65.93 101.27
v -159.28 62.54 90.36
v -193.37 50.84 100.70
v -205.52 52.93 107.49
v -169.79 57.09 120.06
v -155.17 76.13 122.98
v -187.48 56.01 127.83
v -196.46 44.13 126.19
v -164.28 84.98 104.17
v -178.89 65.93 101.27
v -205.52 52.93 107.49
v -196.54 64.82 109.12
v -155.17 76.13 122.98
v -166.23 83.04 131.67
v -194.34 60.31 133.21
v -187.48 56.01 127.83
v -175.33 91.89 112.86
v -164.28 84.98 104.17
v -196.54 64.82 109.12
v -203.40 69.11 114.50
v -166.23 83.04 131.67
v -184.81 82.02 139.75
v -205.83 59.64 138.28
v -194.34 60.31 133.21
v -193.91 90.86 120.94
v -175.33 91.89 112.86
v -203.40 69.11 114.50
v -214.88 68.44 119.58
v -184.81 82.02 139.75
v -187.94 97.38 149.14
v -207.82 69.21 144.00
v -205.83 59.64 138.28
v -197.05 106.23 130.32
v -193.91 90.86 120.94
v -214.88 68.44 119.58
v -216.88 78.01 125.29
v -187.94 97.38 149.14
v -204.70 93.30 154.77
v -218.17 66.64 147.58
v -207.82 69.21 144.00
v -213.80 102.15 135.97
v -197.05 106.23 130.32
v -216.88 78.01 125.29
v -227.22 75.44 128.88
v -204.70 93.30 154.77
v -217.13 91.02 159.38
v -225.85 65.20 150.49
v -218.17 66.64 147.58
v -226.23 99.86 140.58
v -213.80 102.15 135.97
v -227.22 75.44 128.88
v -234.90 74.00 131.79
v -217.13 91.02 159.38
v -228.36 87.64 162.90
v -232.78 63.09 152.73
v -225.85 65.20 150.49
v -237.45 96.49 144.10
v -226.23 99.86 140.58
v -234.90 74.00 131.79
v -241.84 71.88 134.03
v -228.36 87.64 162.90
v -241.97 83.21 167.04
v -241.20 60.31 155.36
v -232.78 63.09 152.73
v -251.06 92.05 148.26
v -237.45 96.49 144.10
v -241.84 71.88 134.03
v -250.25 69.11 136.66
v -241.97 83.21 167.04
v -255.04 67.27 165.34
v -249.26 50.39 154.39
v -241.20 60.31 155.36
v -264.13 76.10 146.56
v -251.06 92.05 148.26
v -250.25 69.11 136.66
v -258.31 59.18 135.69
v -255.04 67.27 165.34
v -269.22 58.46 167.82
v -258.03 44.91 155.96
v -249.26 50.39 154.39
v -278.30 67.29 149.05
v -264.13 76.10 146.56
v -258.31 59.18 135.69
v -267.08 53.70 137.27
v -269.22 58.46 167.82
v -290.64 52.71 175.36
v -271.30 41.33 160.66
v -258.03 44.91 155.96
v -299.73 61.54 156.59
v -278.30 67.29 149.05
v -267.08 53.70 137.27
v -280.35 50.12 141.96
v -290.64 52.71 175.36
v -299.31 38.50 172.90
v -276.68 32.52 159.13
v -271.30 41.33 160.66
v -308.40 47.33 154.13
v -299.73 61.54 156.59
v -280.35 50.12 141.96
v -285.73 41.32 140.43
v -299.31 38.50 172.90
v -316.74 27.74 176.46
v -287.50 25.86 161.31
v -276.68 32.52 159.13
v -325.83 36.57 157.69
v -308.40 47.33 154.13
v -285.73 41.32 140.43
v -296.55 34.66 142.61
v -316.74 27.74 176.46
v -340.88 17.99 183.97
v -302.50 19.85 165.89
v -287.50 25.86 161.31
v -349.97 26.82 165.19
v -325.83 36.57 157.69
v -296.55 34.66 142.61
v -311.55 28.65 147.20
v -340.88 17.99 183.97
v -295.71 13.97 159.89
v -274.47 17.33 151.02
v -302.50 19.85 165.89
v -304.80 22.80 141.12
v -349.97 26.82 165.19
v -311.55 28.65 147.20
v -283.52 26.13 132.32
v -295.71 13.97 159.89
v -306.47 4.84 161.10
v -281.16 11.70 151.72
v -274.47 17.33 151.02
v -315.56 13.68 142.32
v -304.80 22.80 141.12
v -283.52 26.13 132.32
v -290.21 20.49 133.02
v -306.47 4.84 161.10
v -312.45 -4.86 159.77
v -284.89 5.71 150.84
v -281.16 11.70 151.72
v -321.54 3.97 140.98
v -315.56 13.68 142.32
v -290.21 20.49 133.02
v -293.95 14.50 132.14
v -312.45 -4.86 159.77
v -308.18 -10.82 155.03
v -282.26 2.02 147.88
v -284.89 5.71 150.84
v -317.28 -1.98 136.24
v -321.54 3.97 140.98
v -293.95 14.50 132.14
v -291.31 10.82 129.18
v -308.18 -10.82 155.03
v -325.82 -29.27 155.92
v -293.27 -9.33 148.27
v -282.26 2.02 147.88
v -334.92 -20.42 137.11
v -317.28 -1.98 136.24
v -291.31 10.82 129.18
v -302.33 -0.53 129.56
v -325.82 -29.27 155.92
v -319.31 -34.15 150.57
v -289.25 -12.35 144.93
v -293.27 -9.33 148.27
v -328.42 -25.30 131.76
v -334.92 -20.42 137.11
v -302.33 -0.53 129.56
v -298.31 -3.55 126.22
v -289.25 -12.35 144.93
v -284.20 -13.83 141.77
v -261.33 5.12 138.99
v -263.77 5.84 140.52
v -293.26 -5.03 123.06
v -298.31 -3.55 126.22
v -272.42 14.25 122.65
v -269.97 13.53 121.13
v -284.20 -13.83 141.77
v -279.74 -15.73 138.71
v -259.17 4.21 137.52
v -261.33 5.12 138.99
v -288.79 -6.93 120.00
v -293.26 -5.03 123.06
v -269.97 13.53 121.13
v -267.81 12.61 119.65
v -279.74 -15.73 138.71
v -275.60 -18.00 135.65
v -257.16 3.11 136.03
v -259.17 4.21 137.52
v -284.65 -9.20 116.94
v -288.79 -6.93 120.00
v -267.81 12.61 119.65
v -265.81 11.52 118.16
v -275.60 -18.00 135.65
v -268.73 -16.65 132.84
v -253.83 3.75 134.69
v -257.16 3.11 136.03
v -277.78 -7.85 114.13
v -284.65 -9.20 116.94
v -265.81 11.52 118.16
v -262.48 12.16 116.83
v -268.73 -16.65 132.84
v -265.86 -20.58 129.67
v -252.45 1.85 133.15
v -253.83 3.75 134.69
v -274.91 -11.78 110.96
v -277.78 -7.85 114.13
v -262.48 12.16 116.83
v -261.10 10.26 115.28
v -265.86 -20.58 129.67
v -261.39 -22.24 126.72
v -250.28 1.05 131.72
v -252.45 1.85 133.15
v -270.44 -13.43 108.01
v -274.91 -11.78 110.96
v -261.10 10.26 115.28
v -258.93 9.46 113.85
v -261.39 -22.24 126.72
v -257.78 -26.15 123.19
v -248.54 -0.83 130.00
v -250.28 1.05 131.72
v -266.83 -17.35 104.48
v -270.44 -13.43 108.01
v -258.93 9.46 113.85
v -257.19 7.57 112.14
v -257.78 -26.15 123.19
v -240.56 -13.15 120.48
v -240.17 5.41 128.78
v -248.54 -0.83 130.00
v -249.61 -4.35 101.78
v -266.83 -17.35 104.48
v -257.19 7.57 112.14
v -248.82 13.82 110.91
v -240.56 -13.15 120.48
v -223.89 -6.84 115.17
v -232.09 8.45 126.25
v -240.17 5.41 128.78
v -232.94 1.96 96.48
v -249.61 -4.35 101.78
v -248.82 13.82 110.91
v -240.73 16.86 108.38
v -223.89 -6.84 115.17
v -207.11 2.06 111.12
v -223.96 12.75 124.30
v -232.09 8.45 126.25
v -216.16 10.85 92.43
v -232.94 1.96 96.48
v -240.73 16.86 108.38
v -232.60 21.15 106.44
v -207.11 2.06 111.12
v -178.55 8.11 100.16
v -210.14 15.68 119.00
v -223.96 12.75 124.30
v -187.60 16.90 81.47
v -216.16 10.85 92.43
v -232.60 21.15 106.44
v -218.78 24.08 101.13
v -178.55 8.11 100.16
v -183.24 17.60 106.97
v -212.41 20.27 122.28
v -210.14 15.68 119.00
v -192.28 26.39 88.27
v -187.60 16.90 81.47
v -218.78 24.08 101.13
v -221.06 28.68 104.41
v -183.24 17.60 106.97
v -203.65 24.80 120.23
v -222.29 23.76 128.70
v -212.41 20.27 122.28
v -212.69 33.59 101.53
v -192.28 26.39 88.27
v -221.06 28.68 104.41
v -230.93 32.16 110.83
v -203.65 24.80 120.23
v -179.52 34.93 113.63
v -210.64 28.69 125.45
v -222.29 23.76 128.70
v -188.58 43.73 94.93
v -212.69 33.59 101.53
v -230.93 32.16 110.83
v -219.29 37.09 107.58
v -179.52 34.93 113.63
v -184.32 42.04 119.40
v -212.97 32.13 128.22
v -210.64 28.69 125.45
v -193.37 50.84 100.70
v -188.58 43.73 94.93
v -219.29 37.09 107.58
v -221.62 40.54 110.36
v -184.32 42.04 119.40
v -196.46 44.13 126.19
v -218.84 33.14 131.52
v -212.97 32.13 128.22
v -205.52 52.93 107.49
v -193.37 50.84 100.70
v -221.62 40.54 110.36
v -227.49 41.55 113.65
v -196.46 44.13 126.19
v -187.48 56.01 127.83
v -214.53 38.92 132.25
v -218.84 33.14 131.52
v -196.54 64.82 109.12
v -205.52 52.93 107.49
v -227.49 41.55 113.65
v -223.18 47.33 114.38
v -187.48 56.01 127.83
v -194.34 60.31 133.21
v -217.85 41.00 134.84
v -214.53 38.92 132.25
v -203.40 69.11 114.50
v -196.54 64.82 109.12
v -223.18 47.33 114.38
v -226.50 49.41 116.97
v -194.34 60.31 133.21
v -205.83 59.64 138.28
v -223.39 40.67 137.33
v -217.85 41.00 134.84
v -214.88 68.44 119.58
v -203.40 69.11 114.50
v -226.50 49.41 116.97
v -232.04 49.07 119.46
v -205.83 59.64 138.28
v -207.82 69.21 144.00
v -224.38 45.32 140.05
v -223.39 40.67 137.33
v -216.88 78.01 125.29
v -214.88 68.44 119.58
v -232.04 49.07 119.46
v -233.03 53.72 122.18
v -207.82 69.21 144.00
v -218.17 66.64 147.58
v -229.37 44.06 141.82
v -224.38 45.32 140.05
v -227.22 75.44 128.88
v -216.88 78.01 125.29
v -233.03 53.72 122.18
v -238.02 52.46 123.95
v -218.17 66.64 147.58
v -225.85 65.20 150.49
v -233.07 43.35 143.25
v -229.37 44.06 141.82
v -234.90 74.00 131.79
v -227.22 75.44 128.88
v -238.02 52.46 123.95
v -241.72 51.75 125.38
v -225.85 65.20 150.49
v -232.78 63.09 152.73
v -236.42 42.32 144.36
v -233.07 43.35 143.25
v -241.84 71.88 134.03
v -234.90 74.00 131.79
v -241.72 51.75 125.38
v -245.07 50.72 126.49
v -232.78 63.09 152.73
v -241.20 60.31 155.36
v -240.48 40.96 145.65
v -236.42 42.32 144.36
v -250.25 69.11 136.66
v -241.84 71.88 134.03
v -245.07 50.72 126.49
v -249.12 49.37 127.78
v -241.20 60.31 155.36
v -249.26 50.39 154.39
v -244.36 36.14 145.22
v -240.48 40.96 145.65
v -258.31 59.18 135.69
v -250.25 69.11 136.66
v -249.12 49.37 127.78
v -253.01 44.55 127.35
v -249.26 50.39 154.39
v -258.03 44.91 155.96
v -248.60 33.48 145.99
v -244.36 36.14 145.22
v -267.08 53.70 137.27
v -258.31 59.18 135.69
v -253.01 44.55 127.35
v -257.24 41.89 128.13
v -258.03 44.91 155.96
v -271.30 41.33 160.66
v -255.02 31.75 148.27
v -248.60 33.48 145.99
v -280.35 50.12 141.96
v -267.08 53.70 137.27
v -257.24 41.89 128.13
v -263.66 40.15 130.41
v -271.30 41.33 160.66
v -276.68 32.52 159.13
v -257.62 27.49 147.53
v -255.02 31.75 148.27
v -285.73 41.32 140.43
v -280.35 50.12 141.96
v -263.66 40.15 130.41
v -266.27 35.89 129.67
v -276.68 32.52 159.13
v -287.50 25.86 161.31
v -262.86 24.27 148.57
v -257.62 27.49 147.53
v -296.55 34.66 142.61
v -285.73 41.32 140.43
v -266.27 35.89 129.67
v -271.51 32.68 130.71
v -287.50 25.86 161.31
v -302.50 19.85 165.89
v -270.13 21.38 150.77
v -262.86 24.27 148.57
v -311.55 28.65 147.20
v -296.55 34.66 142.61
v -271.51 32.68 130.71
v -278.78 29.78 132.90
v -302.50 19.85 165.89
v -274.47 17.33 151.02
v -256.56 20.15 143.59
v -270.13 21.38 150.77
v -283.52 26.13 132.32
v -311.55 28.65 147.20
v -278.78 29.78 132.90
v -265.21 28.55 125.73
v -274.47 17.33 151.02
v -281.16 11.70 151.72
v -259.81 17.43 143.91
v -256.56 20.15 143.59
v -290.21 20.49 133.02
v -283.52 26.13 132.32
v -265.21 28.55 125.73
v -268.46 25.84 126.04
v -281.16 11.70 151.72
v -284.89 5.71 150.84
v -261.62 14.54 143.46
v -259.81 17.43 143.91
v -293.95 14.50 132.14
v -290.21 20.49 133.02
v -268.46 25.84 126.04
v -270.27 22.95 125.59
v -284.89 5.71 150.84
v -282.26 2.02 147.88
v -260.35 12.76 142.02
v -261.62 14.54 143.46
v -291.31 10.82 129.18
v -293.95 14.50 132.14
v -270.27 22.95 125.59
v -269.00 21.17 124.15
v -282.26 2.02 147.88
v -293.27 -9.33 148.27
v -265.72 7.30 142.14
v -260.35 12.76 142.02
v -302.33 -0.53 129.56
v -291.31 10.82 129.18
v -269.00 21.17 124.15
v -274.36 15.71 124.27
v -293.27 -9.33 148.27
v -289.25 -12.35 144.93
v -263.77 5.84 140.52
v -265.72 7.30 142.14
v -298.31 -3.55 126.22
v -302.33 -0.53 129.56
v -274.36 15.71 124.27
v -272.42 14.25 122.65
v -263.77 5.84 140.52
v -261.33 5.12 138.99
v -239.75 22.77 136.66
v -269.97 13.53 121.13
v -272.42 14.25 122.65
v -248.99 31.75 117.57
v -261.33 5.12 138.99
v -259.17 4.21 137.52
v -239.75 22.77 136.66
v -267.81 12.61 119.65
v -269.97 13.53 121.13
v -248.99 31.75 117.57
v -259.17 4.21 137.52
v -257.16 3.11 136.03
v -239.75 22.77 136.66
v -265.81 11.52 118.16
v -267.81 12.61 119.65
v -248.99 31.75 117.57
v -257.16 3.11 136.03
v -253.83 3.75 134.69
v -239.75 22.77 136.66
v -262.48 12.16 116.83
v -265.81 11.52 118.16
v -248.99 31.75 117.57
v -253.83 3.75 134.69
v -252.45 1.85 133.15
v -239.75 22.77 136.66
v -261.10 10.26 115.28
v -262.48 12.16 116.83
v -248.99 31.75 117.57
v -252.45 1.85 133.15
v -250.28 1.05 131.72
v -239.75 22.77 136.66
v -258.93 9.46 113.85
v -261.10 10.26 115.28
v -248.99 31.75 117.57
v -250.28 1.05 131.72
v -248.54 -0.83 130.00
v -239.75 22.77 136.66
v -257.19 7.57 112.14
v -258.93 9.46 113.85
v -248.99 31.75 117.57
v -248.54 -0.83 130.00
v -240.17 5.41 128.78
v -239.75 22.77 136.66
v -248.82 13.82 110.91
v -257.19 7.57 112.14
v -248.99 31.75 117.57
v -240.17 5.41 128.78
v -232.09 8.45 126.25
v -239.75 22.77 136.66
v -240.73 16.86 108.38
v -248.82 13.82 110.91
v -248.99 31.75 117.57
v -232.09 8.45 126.25
v -223.96 12.75 124.30
v -239.75 22.77 136.66
v -232.60 21.15 106.44
v -240.73 16.86 108.38
v -248.99 31.75 117.57
v -223.96 12.75 124.30
v -210.14 15.68 119.00
v -239.75 22.77 136.66
v -218.78 24.08 101.13
v -232.60 21.15 106.44
v -248.99 31.75 117.57
v -210.14 15.68 119.00
v -212.41 20.27 122.28
v -239.75 22.77 136.66
v -221.06 28.68 104.41
v -218.78 24.08 101.13
v -248.99 31.75 117.57
v -212.41 20.27 122.28
v -222.29 23.76 128.70
v -239.75 22.77 136.66
v -230.93 32.16 110.83
v -221.06 28.68 104.41
v -248.99 31.75 117.57
v -222.29 23.76 128.70
v -210.64 28.69 125.45
v -239.75 22.77 136.66
v -219.29 37.09 107.58
v -230.93 32.16 110.83
v -248.99 31.75 117.57
v -210.64 28.69 125.45
v -212.97 32.13 128.22
v -239.75 22.77 136.66
v -221.62 40.54 110.36
v -219.29 37.09 107.58
v -248.99 31.75 117.57
v -212.97 32.13 128.22
v -218.84 33.14 131.52
v -239.75 22.77 136.66
v -227.49 41.55 113.65
v -221.62 40.54 110.36
v -248.99 31.75 117.57
v -218.84 33.14 131.52
v -214.53 38.92 132.25
v -239.75 22.77 136.66
v -223.18 47.33 114.38
v -227.49 41.55 113.65
v -248.99 31.75 117.57
v -214.53 38.92 132.25
v -217.85 41.00 134.84
v -239.75 22.77 136.66
v -226.50 49.41 116.97
v -223.18 47.33 114.38
v -248.99 31.75 117.57
v -217.85 41.00 134.84
v -223.39 40.67 137.33
v -239.75 22.77 136.66
v -232.04 49.07 119.46
v -226.50 49.41 116.97
v -248.99 31.75 117.57
v -223.39 40.67 137.33
v -224.38 45.32 140.05
v -239.75 22.77 136.66
v -233.03 53.72 122.18
v -232.04 49.07 119.46
v -248.99 31.75 117.57
v -224.38 45.32 140.05
v -229.37 44.06 141.82
v -239.75 22.77 136.66
v -238.02 52.46 123.95
v -233.03 53.72 122.18
v -248.99 31.75 117.57
v -229.37 44.06 141.82
v -233.07 43.35 143.25
v -239.75 22.77 136.66
v -241.72 51.75 125.38
v -238.02 52.46 123.95
v -248.99 31.75 117.57
v -233.07 43.35 143.25
v -236.42 42.32 144.36
v -239.75 22.77 136.66
v -245.07 50.72 126.49
v -241.72 51.75 125.38
v -248.99 31.75 117.57
v -236.42 42.32 144.36
v -240.48 40.96 145.65
v -239.75 22.77 136.66
v -249.12 49.37 127.78
v -245.07 50.72 126.49
v -248.99 31.75 117.57
v -240.48 40.96 145.65
v -244.36 36.14 145.22
v -239.75 22.77 136.66
v -253.01 44.55 127.35
v -249.12 49.37 127.78
v -248.99 31.75 117.57
v -244.36 36.14 145.22
v -248.60 33.48 145.99
v -239.75 22.77 136.66
v -257.24 41.89 128.13
v -253.01 44.55 127.35
v -248.99 31.75 117.57
v -248.60 33.48 145.99
v -255.02 31.75 148.27
v -239.75 22.77 136.66
v -263.66 40.15 130.41
v -257.24 41.89 128.13
v -248.99 31.75 117.57
v -255.02 31.75 148.27
v -257.62 27.49 147.53
v -239.75 22.77 136.66
v -266.27 35.89 129.67
v -263.66 40.15 130.41
v -248.99 31.75 117.57
v -257.62 27.49 147.53
v -262.86 24.27 148.57
v -239.75 22.77 136.66
v -271.51 32.68 130.71
v -266.27 35.89 129.67
v -248.99 31.75 117.57
v -262.86 24.27 148.57
v -270.13 21.38 150.77
v -239.75 22.77 136.66
v -278.78 29.78 132.90
v -271.51 32.68 130.71
v -248.99 31.75 117.57
v -270.13 21.38 150.77
v -256.56 20.15 143.59
v -239.75 22.77 136.66
v -265.21 28.55 125.73
v -278.78 29.78 132.90
v -248.99 31.75 117.57
v -256.56 20.15 143.59
v -259.81 17.43 143.91
v -239.75 22.77 136.66
v -268.46 25.84 126.04
v -265.21 28.55 125.73
v -248.99 31.75 117.57
v -259.81 17.43 143.91
v -261.62 14.54 143.46
v -239.75 22.77 136.66
v -270.27 22.95 125.59
v -268.46 25.84 126.04
v -248.99 31.75 117.57
v -261.62 14.54 143.46
v -260.35 12.76 142.02
v -239.75 22.77 136.66
v -269.00 21.17 124.15
v -270.27 22.95 125.59
v -248.99 31.75 117.57
v -260.35 12.76 142.02
v -265.72 7.30 142.14
v -239.75 22.77 136.66
v -274.36 15.71 124.27
v -269.00 21.17 124.15
v -248.99 31.75 117.57
v -265.72 7.30 142.14
v -263.77 5.84 140.52
v -239.75 22.77 136.66
v -272.42 14.25 122.65
v -274.36 15.71 124.27
v -248.99 31.75 117.57
v -192.10 100.23 143.64
v -190.16 99.38 142.30
v -182.91 109.73 150.85
v -182.87 111.87 149.55
v -190.16 99.38 142.30
v -190.59 101.14 140.57
v -180.67 109.12 149.91
v -182.91 109.73 150.85
v -190.59 101.14 140.57
v -192.52 101.99 141.91
v -180.63 111.25 148.60
v -180.67 109.12 149.91
v -192.52 101.99 141.91
v -192.10 100.23 143.64
v -182.87 111.87 149.55
v -180.63 111.25 148.60
v -182.87 111.87 149.55
v -182.91 109.73 150.85
v -179.19 115.53 164.58
v -176.82 115.07 163.90
v -182.91 109.73 150.85
v -180.67 109.12 149.91
v -179.47 113.12 165.21
v -179.19 115.53 164.58
v -180.67 109.12 149.91
v -180.63 111.25 148.60
v -177.11 112.66 164.53
v -179.47 113.12 165.21
v -180.63 111.25 148.60
v -182.87 111.87 149.55
v -176.82 115.07 163.90
v -177.11 112.66 164.53
v -176.82 115.07 163.90
v -179.19 115.53 164.58
v -170.92 117.82 177.95
v -171.16 115.45 178.71
v -179.19 115.53 164.58
v -179.47 113.12 165.21
v -173.19 118.35 178.87
v -170.92 117.82 177.95
v -179.47 113.12 165.21
v -177.11 112.66 164.53
v -173.43 115.97 179.63
v -173.19 118.35 178.87
v -177.11 112.66 164.53
v -176.82 115.07 163.90
v -171.16 115.45 178.71
v -173.43 115.97 179.63
v -171.16 115.45 178.71
v -170.92 117.82 177.95
v -164.18 120.16 192.00
v -166.42 120.70 192.98
v -170.92 117.82 177.95
v -173.19 118.35 178.87
v -164.02 122.48 191.09
v -164.18 120.16 192.00
v -173.19 118.35 178.87
v -173.43 115.97 179.63
v -166.26 123.03 192.07
v -164.02 122.48 191.09
v -173.43 115.97 179.63
v -171.16 115.45 178.71
v -166.42 120.70 192.98
v -166.26 123.03 192.07
v -192.52 101.99 141.91
v -190.59 101.14 140.57
v -190.16 99.38 142.30
v -192.10 100.23 143.64
v -166.42 120.70 192.98
v -164.18 120.16 192.00
v -164.02 122.48 191.09
v -166.26 123.03 192.07
v 15.92 342.73 -4.20
v 1.58 376.18 -9.31
v 11.98 382.90 7.12
v 26.32 349.45 12.25
v 1.58 376.18 -9.31
v -17.61 354.52 11.47
v -7.21 361.24 27.90
v 11.98 382.90 7.12
v -17.61 354.52 11.47
v -33.46 317.05 37.09
v -23.06 323.77 53.53
v -7.21 361.24 27.90
v -33.46 317.05 37.09
v -58.39 303.30 59.03
v -47.99 310.03 75.47
v -23.06 323.77 53.53
v -58.39 303.30 59.03
v -72.65 269.21 82.93
v -62.24 275.95 99.39
v -47.99 310.03 75.47
v -72.65 269.21 82.93
v -98.08 244.91 110.66
v -87.64 251.66 127.16
v -62.24 275.95 99.39
v -98.08 244.91 110.66
v -103.44 213.80 127.71
v -93.00 220.56 144.23
v -87.64 251.66 127.16
v -103.44 213.80 127.71
v -100.90 181.57 139.68
v -90.45 188.33 156.20
v -93.00 220.56 144.23
v -100.90 181.57 139.68
v -79.62 149.10 138.46
v -69.18 155.85 154.96
v -90.45 188.33 156.20
v -79.62 149.10 138.46
v -65.41 111.07 144.53
v -54.98 117.81 161.02
v -69.18 155.85 154.96
v -65.41 111.07 144.53
v -44.60 80.61 142.84
v -34.18 87.35 159.31
v -54.98 117.81 161.02
v -44.60 80.61 142.84
v -27.22 42.06 146.86
v -16.81 48.79 163.32
v -34.18 87.35 159.31
v -27.22 42.06 146.86
v -5.02 83.87 114.92
v 5.38 90.60 131.36
v -16.81 48.79 163.32
v -5.02 83.87 114.92
v 10.74 92.41 101.17
v 21.14 99.13 117.60
v 5.38 90.60 131.36
v 10.74 92.41 101.17
v 39.29 42.89 102.81
v 49.68 49.61 119.23
v 21.14 99.13 117.60
v 39.29 42.89 102.81
v 58.64 70.62 79.64
v 69.04 77.34 96.07
v 49.68 49.61 119.23
v 58.64 70.62 79.64
v 77.97 88.52 60.75
v 88.37 95.25 77.20
v 69.04 77.34 96.07
v 77.97 88.52 60.75
v 76.09 125.63 47.21
v 86.50 132.36 63.67
v 88.37 95.25 77.20
v 76.09 125.63 47.21
v 104.36 125.80 30.46
v 114.79 132.54 46.94
v 86.50 132.36 63.67
v 104.36 125.80 30.46
v 93.90 160.77 22.81
v 104.32 167.51 39.29
v 114.79 132.54 46.94
v 93.90 160.77 22.81
v 76.16 199.43 17.87
v 86.58 206.17 34.35
v 104.32 167.51 39.29
v 76.16 199.43 17.87
v 57.49 234.48 14.90
v 67.90 241.21 31.36
v 86.58 206.17 34.35
v 57.49 234.48 14.90
v 45.64 272.92 6.45
v 56.06 279.66 22.90
v 67.90 241.21 31.36
v 45.64 272.92 6.45
v 30.46 307.68 1.40
v 40.87 314.41 17.85
v 56.06 279.66 22.90
v 30.46 307.68 1.40
v 15.92 342.73 -4.20
v 26.32 349.45 12.25
v 40.87 314.41 17.85
v 26.32 349.45 12.25
v 11.98 382.90 7.12
v 13.05 316.74 33.79
v 21.90 295.97 36.88
v 1.58 376.18 -9.31
v 15.92 342.73 -4.20
v 11.75 289.41 20.84
v 2.91 310.18 17.74
v 11.98 382.90 7.12
v -7.21 361.24 27.90
v 1.18 303.32 46.70
v 13.05 316.74 33.79
v -17.61 354.52 11.47
v 1.58 376.18 -9.31
v 2.91 310.18 17.74
v -8.97 296.76 30.66
v -7.21 361.24 27.90
v -23.06 323.77 53.53
v -8.67 280.08 62.55
v 1.18 303.32 46.70
v -33.46 317.05 37.09
v -17.61 354.52 11.47
v -8.97 296.76 30.66
v -18.82 273.51 46.51
v -23.06 323.77 53.53
v -47.99 310.03 75.47
v -24.18 271.52 76.07
v -8.67 280.08 62.55
v -58.39 303.30 59.03
v -33.46 317.05 37.09
v -18.82 273.51 46.51
v -34.33 264.96 60.03
v -47.99 310.03 75.47
v -62.24 275.95 99.39
v -33.11 250.33 90.76
v -24.18 271.52 76.07
v -72.65 269.21 82.93
v -58.39 303.30 59.03
v -34.33 264.96 60.03
v -43.26 243.76 74.70
v -62.24 275.95 99.39
v -87.64 251.66 127.16
v -49.02 235.16 107.71
v -33.11 250.33 90.76
v -98.08 244.91 110.66
v -72.65 269.21 82.93
v -43.26 243.76 74.70
v -59.19 228.59 91.64
v -87.64 251.66 127.16
v -93.00 220.56 144.23
v -52.44 215.82 118.15
v -49.02 235.16 107.71
v -103.44 213.80 127.71
v -98.08 244.91 110.66
v -59.19 228.59 91.64
v -62.60 209.25 102.07
v -93.00 220.56 144.23
v -90.45 188.33 156.20
v -50.89 195.81 125.51
v -52.44 215.82 118.15
v -100.90 181.57 139.68
v -103.44 213.80 127.71
v -62.60 209.25 102.07
v -61.06 189.24 109.43
v -90.45 188.33 156.20
v -69.18 155.85 154.96
v -37.61 175.74 124.90
v -50.89 195.81 125.51
v -79.62 149.10 138.46
v -100.90 181.57 139.68
v -61.06 189.24 109.43
v -47.77 169.17 108.84
v -69.18 155.85 154.96
v -54.98 117.81 161.02
v -28.75 152.19 128.74
v -37.61 175.74 124.90
v -65.41 111.07 144.53
v -79.62 149.10 138.46
v -47.77 169.17 108.84
v -38.91 145.62 112.67
v -54.98 117.81 161.02
v -34.18 87.35 159.31
v -15.76 133.37 127.83
v -28.75 152.19 128.74
v -44.60 80.61 142.84
v -65.41 111.07 144.53
v -38.91 145.62 112.67
v -25.92 126.80 111.77
v -34.18 87.35 159.31
v -16.81 48.79 163.32
v -4.92 109.51 130.43
v -15.76 133.37 127.83
v -27.22 42.06 146.86
v -44.60 80.61 142.84
v -25.92 126.80 111.77
v -15.07 102.94 114.38
v -16.81 48.79 163.32
v 5.38 90.60 131.36
v 8.92 135.48 110.74
v -4.92 109.51 130.43
v -5.02 83.87 114.92
v -27.22 42.06 146.86
v -15.07 102.94 114.38
v -1.23 128.92 94.69
v 5.38 90.60 131.36
v 21.14 99.13 117.60
v 18.72 140.79 102.25
v 8.92 135.48 110.74
v 10.74 92.41 101.17
v -5.02 83.87 114.92
v -1.23 128.92 94.69
v 8.57 134.22 86.21
v 21.14 99.13 117.60
v 49.68 49.61 119.23
v 36.47 110.12 103.35
v 18.72 140.79 102.25
v 39.29 42.89 102.81
v 10.74 92.41 101.17
v 8.57 134.22 86.21
v 26.32 103.56 87.31
v 49.68 49.61 119.23
v 69.04 77.34 96.07
v 48.43 127.29 88.93
v 36.47 110.12 103.35
v 58.64 70.62 79.64
v 39.29 42.89 102.81
v 26.32 103.56 87.31
v 38.28 120.72 72.88
v 69.04 77.34 96.07
v 88.37 95.25 77.20
v 60.35 138.35 77.12
v 48.43 127.29 88.93
v 77.97 88.52 60.75
v 58.64 70.62 79.64
v 38.28 120.72 72.88
v 50.20 131.78 61.08
v 88.37 95.25 77.20
v 86.50 132.36 63.67
v 59.15 161.33 68.66
v 60.35 138.35 77.12
v 76.09 125.63 47.21
v 77.97 88.52 60.75
v 50.20 131.78 61.08
v 48.99 154.76 52.61
v 86.50 132.36 63.67
v 114.79 132.54 46.94
v 76.56 161.37 58.11
v 59.15 161.33 68.66
v 104.36 125.80 30.46
v 76.09 125.63 47.21
v 48.99 154.76 52.61
v 66.40 154.80 42.05
v 114.79 132.54 46.94
v 104.32 167.51 39.29
v 70.07 183.04 53.36
v 76.56 161.37 58.11
v 93.90 160.77 22.81
v 104.36 125.80 30.46
v 66.40 154.80 42.05
v 59.91 176.47 37.30
v 104.32 167.51 39.29
v 86.58 206.17 34.35
v 59.11 207.03 50.34
v 70.07 183.04 53.36
v 76.16 199.43 17.87
v 93.90 160.77 22.81
v 59.91 176.47 37.30
v 48.95 200.47 34.29
v 86.58 206.17 34.35
v 67.90 241.21 31.36
v 47.57 228.79 48.56
v 59.11 207.03 50.34
v 57.49 234.48 14.90
v 76.16 199.43 17.87
v 48.95 200.47 34.29
v 37.41 222.22 32.51
v 67.90 241.21 31.36
v 56.06 279.66 22.90
v 40.25 252.64 43.35
v 47.57 228.79 48.56
v 45.64 272.92 6.45
v 57.49 234.48 14.90
v 37.41 222.22 32.51
v 30.09 246.07 27.30
v 56.06 279.66 22.90
v 40.87 314.41 17.85
v 30.87 274.22 40.29
v 40.25 252.64 43.35
v 30.46 307.68 1.40
v 45.64 272.92 6.45
v 30.09 246.07 27.30
v 20.72 267.65 24.24
v 40.87 314.41 17.85
v 26.32 349.45 12.25
v 21.90 295.97 36.88
v 30.87 274.22 40.29
v 15.92 342.73 -4.20
v 30.46 307.68 1.40
v 20.72 267.65 24.24
v 11.75 289.41 20.84
v 21.90 295.97 36.88
v 13.05 316.74 33.79
v 13.92 261.00 56.17
v 18.18 250.93 57.64
v 2.91 310.18 17.74
v 11.75 289.41 20.84
v 8.15 244.44 41.78
v 3.89 254.51 40.31
v 13.05 316.74 33.79
v 1.18 303.32 46.70
v 8.18 254.51 62.44
v 13.92 261.00 56.17
v -8.97 296.76 30.66
v 2.91 310.18 17.74
v 3.89 254.51 40.31
v -1.85 248.02 46.57
v 1.18 303.32 46.70
v -8.67 280.08 62.55
v 3.41 243.26 70.09
v 8.18 254.51 62.44
v -18.82 273.51 46.51
v -8.97 296.76 30.66
v -1.85 248.02 46.57
v -6.63 236.77 54.22
v -8.67 280.08 62.55
v -24.18 271.52 76.07
v -4.12 239.10 76.60
v 3.41 243.26 70.09
v -34.33 264.96 60.03
v -18.82 273.51 46.51
v -6.63 236.77 54.22
v -14.16 232.61 60.73
v -24.18 271.52 76.07
v -33.11 250.33 90.76
v -8.47 228.82 83.64
v -4.12 239.10 76.60
v -43.26 243.76 74.70
v -34.33 264.96 60.03
v -14.16 232.61 60.73
v -18.51 222.33 67.78
v -33.11 250.33 90.76
v -49.02 235.16 107.71
v -16.25 221.44 91.74
v -8.47 228.82 83.64
v -59.19 228.59 91.64
v -43.26 243.76 74.70
v -18.51 222.33 67.78
v -26.28 214.95 75.87
v -49.02 235.16 107.71
v -52.44 215.82 118.15
v -17.93 212.06 96.73
v -16.25 221.44 91.74
v -62.60 209.25 102.07
v -59.19 228.59 91.64
v -26.28 214.95 75.87
v -27.97 205.57 80.86
v -52.44 215.82 118.15
v -50.89 195.81 125.51
v -17.20 202.37 100.27
v -17.93 212.06 96.73
v -61.06 189.24 109.43
v -62.60 209.25 102.07
v -27.97 205.57 80.86
v -27.24 195.87 84.40
v -50.89 195.81 125.51
v -37.61 175.74 124.90
v -10.73 192.68 100.04
v -17.20 202.37 100.27
v -47.77 169.17 108.84
v -61.06 189.24 109.43
v -27.24 195.87 84.40
v -20.77 186.19 84.17
v -37.61 175.74 124.90
v -28.75 152.19 128.74
v -6.43 181.30 101.93
v -10.73 192.68 100.04
v -38.91 145.62 112.67
v -47.77 169.17 108.84
v -20.77 186.19 84.17
v -16.47 174.81 86.06
v -28.75 152.19 128.74
v -15.76 133.37 127.83
v -0.10 172.21 101.55
v -6.43 181.30 101.93
v -25.92 126.80 111.77
v -38.91 145.62 112.67
v -16.47 174.81 86.06
v -10.14 165.72 85.68
v -15.76 133.37 127.83
v -4.92 109.51 130.43
v 5.17 160.69 102.86
v -0.10 172.21 101.55
v -15.07 102.94 114.38
v -25.92 126.80 111.77
v -10.14 165.72 85.68
v -4.86 154.20 86.99
v -4.92 109.51 130.43
v 8.92 135.48 110.74
v 11.90 173.28 93.38
v 5.17 160.69 102.86
v -1.23 128.92 94.69
v -15.07 102.94 114.38
v -4.86 154.20 86.99
v 1.86 166.79 77.51
v 8.92 135.48 110.74
v 18.72 140.79 102.25
v 16.65 175.85 89.29
v 11.90 173.28 93.38
v 8.57 134.22 86.21
v -1.23 128.92 94.69
v 1.86 166.79 77.51
v 6.62 169.36 73.43
v 18.72 140.79 102.25
v 36.47 110.12 103.35
v 25.26 161.03 89.86
v 16.65 175.85 89.29
v 26.32 103.56 87.31
v 8.57 134.22 86.21
v 6.62 169.36 73.43
v 15.23 154.54 73.99
v 36.47 110.12 103.35
v 48.43 127.29 88.93
v 31.04 169.32 82.85
v 25.26 161.03 89.86
v 38.28 120.72 72.88
v 26.32 103.56 87.31
v 15.23 154.54 73.99
v 21.00 162.83 66.99
v 48.43 127.29 88.93
v 60.35 138.35 77.12
v 36.78 174.66 77.10
v 31.04 169.32 82.85
v 50.20 131.78 61.08
v 38.28 120.72 72.88
v 21.00 162.83 66.99
v 26.74 168.17 61.23
v 60.35 138.35 77.12
v 59.15 161.33 68.66
v 36.18 185.77 72.98
v 36.78 174.66 77.10
v 48.99 154.76 52.61
v 50.20 131.78 61.08
v 26.74 168.17 61.23
v 26.14 179.28 57.11
v 59.15 161.33 68.66
v 76.56 161.37 58.11
v 44.56 185.75 67.79
v 36.18 185.77 72.98
v 66.40 154.80 42.05
v 48.99 154.76 52.61
v 26.14 179.28 57.11
v 34.52 179.26 51.92
v 76.56 161.37 58.11
v 70.07 183.04 53.36
v 41.42 196.24 65.49
v 44.56 185.75 67.79
v 59.91 176.47 37.30
v 66.40 154.80 42.05
v 34.52 179.26 51.92
v 31.38 189.75 49.62
v 70.07 183.04 53.36
v 59.11 207.03 50.34
v 36.12 207.86 64.06
v 41.42 196.24 65.49
v 48.95 200.47 34.29
v 59.91 176.47 37.30
v 31.38 189.75 49.62
v 26.09 201.37 48.19
v 59.11 207.03 50.34
v 47.57 228.79 48.56
v 30.56 218.40 63.22
v 36.12 207.86 64.06
v 37.41 222.22 32.51
v 48.95 200.47 34.29
v 26.09 201.37 48.19
v 20.52 211.91 47.36
v 47.57 228.79 48.56
v 40.25 252.64 43.35
v 27.02 229.94 60.72
v 30.56 218.40 63.22
v 30.09 246.07 27.30
v 37.41 222.22 32.51
v 20.52 211.91 47.36
v 16.99 223.45 44.85
v 40.25 252.64 43.35
v 30.87 274.22 40.29
v 22.51 240.40 59.26
v 27.02 229.94 60.72
v 20.72 267.65 24.24
v 30.09 246.07 27.30
v 16.99 223.45 44.85
v 12.47 233.91 43.39
v 30.87 274.22 40.29
v 21.90 295.97 36.88
v 18.18 250.93 57.64
v 22.51 240.40 59.26
v 11.75 289.41 20.84
v 20.72 267.65 24.24
v 12.47 233.91 43.39
v 8.15 244.44 41.78
v 18.18 250.93 57.64
v 13.92 261.00 56.17
v 14.70 208.71 77.11
v 3.89 254.51 40.31
v 8.15 244.44 41.78
v 4.06 201.84 60.30
v 13.92 261.00 56.17
v 8.18 254.51 62.44
v 14.70 208.71 77.11
v -1.85 248.02 46.57
v 3.89 254.51 40.31
v 4.06 201.84 60.30
v 8.18 254.51 62.44
v 3.41 243.26 70.09
v 14.70 208.71 77.11
v -6.63 236.77 54.22
v -1.85 248.02 46.57
v 4.06 201.84 60.30
v 3.41 243.26 70.09
v -4.12 239.10 76.60
v 14.70 208.71 77.11
v -14.16 232.61 60.73
v -6.63 236.77 54.22
v 4.06 201.84 60.30
v -4.12 239.10 76.60
v -8.47 228.82 83.64
v 14.70 208.71 77.11
v -18.51 222.33 67.78
v -14.16 232.61 60.73
v 4.06 201.84 60.30
v -8.47 228.82 83.64
v -16.25 221.44 91.74
v 14.70 208.71 77.11
v -26.28 214.95 75.87
v -18.51 222.33 67.78
v 4.06 201.84 60.30
v -16.25 221.44 91.74
v -17.93 212.06 96.73
v 14.70 208.71 77.11
v -27.97 205.57 80.86
v -26.28 214.95 75.87
v 4.06 201.84 60.30
v -17.93 212.06 96.73
v -17.20 202.37 100.27
v 14.70 208.71 77.11
v -27.24 195.87 84.40
v -27.97 205.57 80.86
v 4.06 201.84 60.30
v -17.20 202.37 100.27
v -10.73 192.68 100.04
v 14.70 208.71 77.11
v -20.77 186.19 84.17
v -27.24 195.87 84.40
v 4.06 201.84 60.30
v -10.73 192.68 100.04
v -6.43 181.30 101.93
v 14.70 208.71 77.11
v -16.47 174.81 86.06
v -20.77 186.19 84.17
v 4.06 201.84 60.30
v -6.43 181.30 101.93
v -0.10 172.21 101.55
v 14.70 208.71 77.11
v -10.14 165.72 85.68
v -16.47 174.81 86.06
v 4.06 201.84 60.30
v -0.10 172.21 101.55
v 5.17 160.69 102.86
v 14.70 208.71 77.11
v -4.86 154.20 86.99
v -10.14 165.72 85.68
v 4.06 201.84 60.30
v 5.17 160.69 102.86
v 11.90 173.28 93.38
v 14.70 208.71 77.11
v 1.86 166.79 77.51
v -4.86 154.20 86.99
v 4.06 201.84 60.30
v 11.90 173.28 93.38
v 16.65 175.85 89.29
v 14.70 208.71 77.11
v 6.62 169.36 73.43
v 1.86 166.79 77.51
v 4.06 201.84 60.30
v 16.65 175.85 89.29
v 25.26 161.03 89.86
v 14.70 208.71 77.11
v 15.23 154.54 73.99
v 6.62 169.36 73.43
v 4.06 201.84 60.30
v 25.26 161.03 89.86
v 31.04 169.32 82.85
v 14.70 208.71 77.11
v 21.00 162.83 66.99
v 15.23 154.54 73.99
v 4.06 201.84 60.30
v 31.04 169.32 82.85
v 36.78 174.66 77.10
v 14.70 208.71 77.11
v 26.74 168.17 61.23
v 21.00 162.83 66.99
v 4.06 201.84 60.30
v 36.78 174.66 77.10
v 36.18 185.77 72.98
v 14.70 208.71 77.11
v 26.14 179.28 57.11
v 26.74 168.17 61.23
v 4.06 201.84 60.30
v 36.18 185.77 72.98
v 44.56 185.75 67.79
v 14.70 208.71 77.11
v 34.52 179.26 51.92
v 26.14 179.28 57.11
v 4.06 201.84 60.30
v 44.56 185.75 67.79
v 41.42 196.24 65.49
v 14.70 208.71 77.11
v 31.38 189.75 49.62
v 34.52 179.26 51.92
v 4.06 201.84 60.30
v 41.42 196.24 65.49
v 36.12 207.86 64.06
v 14.70 208.71 77.11
v 26.09 201.37 48.19
v 31.38 189.75 49.62
v 4.06 201.84 60.30
v 36.12 207.86 64.06
v 30.56 218.40 63.22
v 14.70 208.71 77.11
v 20.52 211.91 47.36
v 26.09 201.37 48.19
v 4.06 201.84 60.30
v 30.56 218.40 63.22
v 27.02 229.94 60.72
v 14.70 208.71 77.11
v 16.99 223.45 44.85
v 20.52 211.91 47.36
v 4.06 201.84 60.30
v 27.02 229.94 60.72
v 22.51 240.40 59.26
v 14.70 208.71 77.11
v 12.47 233.91 43.39
v 16.99 223.45 44.85
v 4.06 201.84 60.30
v 22.51 240.40 59.26
v 18.18 250.93 57.64
v 14.70 208.71 77.11
v 8.15 244.44 41.78
v 12.47 233.91 43.39
v 4.06 201.84 60.30
v -29.31 320.06 46.21
v -26.99 320.18 44.69
v -31.53 346.49 44.82
v -33.04 346.29 42.49
v -26.99 320.18 44.69
v -28.49 319.93 42.37
v -29.23 346.79 43.30
v -31.53 346.49 44.82
v -28.49 319.93 42.37
v -30.81 319.82 43.89
v -30.74 346.59 40.98
v -29.23 346.79 43.30
v -30.81 319.82 43.89
v -29.31 320.06 46.21
v -33.04 346.29 42.49
v -30.74 346.59 40.98
v -33.04 346.29 42.49
v -31.53 346.49 44.82
v -37.65 372.40 43.88
v -35.36 372.73 42.36
v -31.53 346.49 44.82
v -29.23 346.79 43.30
v -36.18 372.82 46.19
v -37.65 372.40 43.88
v -29.23 346.79 43.30
v -30.74 346.59 40.98
v -33.89 373.15 44.67
v -36.18 372.82 46.19
v -30.74 346.59 40.98
v -33.04 346.29 42.49
v -35.36 372.73 42.36
v -33.89 373.15 44.67
v -35.36 372.73 42.36
v -37.65 372.40 43.88
v -40.41 398.38 37.78
v -39.07 399.34 40.01
v -37.65 372.40 43.88
v -36.18 372.82 46.19
v -42.61 397.78 39.35
v -40.41 398.38 37.78
v -36.18 372.82 46.19
v -33.89 373.15 44.67
v -41.27 398.73 41.59
v -42.61 397.78 39.35
v -33.89 373.15 44.67
v -35.36 372.73 42.36
v -39.07 399.34 40.01
v -41.27 398.73 41.59
v -39.07 399.34 40.01
v -40.41 398.38 37.78
v -53.57 421.76 35.78
v -55.58 420.76 37.41
v -40.41 398.38 37.78
v -42.61 397.78 39.35
v -54.77 420.57 33.58
v -53.57 421.76 35.78
v -42.61 397.78 39.35
v -41.27 398.73 41.59
v -56.78 419.57 35.21
v -54.77 420.57 33.58
v -41.27 398.73 41.59
v -39.07 399.34 40.01
v -55.58 420.76 37.41
v -56.78 419.57 35.21
v -30.81 319.82 43.89
v -28.49 319.93 42.37
v -26.99 320.18 44.69
v -29.31 320.06 46.21
v -55.58 420.76 37.41
v -53.57 421.76 35.78
v -54.77 420.57 33.58
v -56.78 419.57 35.21
v 47.85 276.13 12.64
v 50.23 273.85 12.06
v 60.46 291.20 4.76
v 59.80 291.33 1.49
v 50.23 273.85 12.06
v 48.97 273.30 9.01
v 62.49 288.60 4.25
v 60.46 291.20 4.76
v 48.97 273.30 9.01
v 46.60 275.58 9.58
v 61.83 288.72 0.98
v 62.49 288.60 4.25
v 46.60 275.58 9.58
v 47.85 276.13 12.64
v 59.80 291.33 1.49
v 61.83 288.72 0.98
v 59.80 291.33 1.49
v 60.46 291.20 4.76
v 78.79 301.87 4.06
v 80.50 299.03 3.60
v 60.46 291.20 4.76
v 62.49 288.60 4.25
v 78.96 301.44 7.37
v 78.79 301.87 4.06
v 62.49 288.60 4.25
v 61.83 288.72 0.98
v 80.67 298.60 6.91
v 78.96 301.44 7.37
v 61.83 288.72 0.98
v 59.80 291.33 1.49
v 80.50 299.03 3.60
v 80.67 298.60 6.91
v 80.50 299.03 3.60
v 78.79 301.87 4.06
v 97.93 310.31 1.97
v 98.74 310.28 5.22
v 78.79 301.87 4.06
v 78.96 301.44 7.37
v 96.56 313.34 2.35
v 97.93 310.31 1.97
v 78.96 301.44 7.37
v 80.67 298.60 6.91
v 97.37 313.30 5.59
v 96.56 313.34 2.35
v 80.67 298.60 6.91
v 80.50 299.03 3.60
v 98.74 310.28 5.22
v 97.37 313.30 5.59
v 98.74 310.28 5.22
v 97.93 310.31 1.97
v 117.81 316.55 -2.09
v 116.86 319.74 -1.82
v 97.93 310.31 1.97
v 96.56 313.34 2.35
v 116.64 316.47 -5.22
v 117.81 316.55 -2.09
v 96.56 313.34 2.35
v 97.37 313.30 5.59
v 115.69 319.66 -4.95
v 116.64 316.47 -5.22
v 97.37 313.30 5.59
v 98.74 310.28 5.22
v 116.86 319.74 -1.82
v 115.69 319.66 -4.95
v 46.60 275.58 9.58
v 48.97 273.30 9.01
v 50.23 273.85 12.06
v 47.85 276.13 12.64
v 116.86 319.74 -1.82
v 117.81 316.55 -2.09
v 116.64 316.47 -5.22
v 115.69 319.66 -4.95
v -74.60 150.46 144.67
v -76.17 153.16 144.55
v -83.68 145.73 156.26
v -85.33 144.67 153.82
v -76.17 153.16 144.55
v -78.16 151.92 142.48
v -85.31 148.40 156.21
v -83.68 145.73 156.26
v -78.16 151.92 142.48
v -76.60 149.21 142.60
v -86.96 147.34 153.77
v -85.31 148.40 156.21
v -76.60 149.21 142.60
v -74.60 150.46 144.67
v -85.33 144.67 153.82
v -86.96 147.34 153.77
v -85.33 144.67 153.82
v -83.68 145.73 156.26
v -96.29 137.47 161.04
v -97.89 140.15 160.96
v -83.68 145.73 156.26
v -85.31 148.40 156.21
v -95.06 138.29 163.80
v -96.29 137.47 161.04
v -85.31 148.40 156.21
v -86.96 147.34 153.77
v -96.66 140.97 163.72
v -95.06 138.29 163.80
v -86.96 147.34 153.77
v -85.33 144.67 153.82
v -97.89 140.15 160.96
v -96.66 140.97 163.72
v -97.89 140.15 160.96
v -96.29 137.47 161.04
v -110.33 133.83 168.24
v -108.72 134.86 170.72
v -96.29 137.47 161.04
v -95.06 138.29 163.80
v -108.40 131.37 168.03
v -110.33 133.83 168.24
v -95.06 138.29 163.80
v -96.66 140.97 163.72
v -106.80 132.40 170.51
v -108.40 131.37 168.03
v -96.66 140.97 163.72
v -97.89 140.15 160.96
v -108.72 134.86 170.72
v -106.80 132.40 170.51
v -108.72 134.86 170.72
v -110.33 133.83 168.24
v -114.31 125.61 181.53
v -112.04 123.54 180.92
v -110.33 133.83 168.24
v -108.40 131.37 168.03
v -116.14 124.22 179.41
v -114.31 125.61 181.53
v -108.40 131.37 168.03
v -106.80 132.40 170.51
v -113.87 122.16 178.80
v -116.14 124.22 179.41
v -106.80 132.40 170.51
v -108.72 134.86 170.72
v -112.04 123.54 180.92
v -113.87 122.16 178.80
v -76.60 149.21 142.60
v -78.16 151.92 142.48
v -76.17 153.16 144.55
v -74.60 150.46 144.67
v -112.04 123.54 180.92
v -114.31 125.61 181.53
v -116.14 124.22 179.41
v -113.87 122.16 178.80
v 3.97 379.09 -2.65
v 6.48 377.48 -3.57
v 14.77 399.83 -9.62
v 13.73 399.91 -12.57
v 6.48 377.48 -3.57
v 5.23 377.17 -6.41
v 17.22 398.13 -10.53
v 14.77 399.83 -9.62
v 5.23 377.17 -6.41
v 2.73 378.79 -5.49
v 16.18 398.21 -13.47
v 17.22 398.13 -10.53
v 2.73 378.79 -5.49
v 3.97 379.09 -2.65
v 13.73 399.91 -12.57
v 16.18 398.21 -13.47
v 13.73 399.91 -12.57
v 14.77 399.83 -9.62
v 28.30 419.72 -13.34
v 30.64 417.86 -14.21
v 14.77 399.83 -9.62
v 17.22 398.13 -10.53
v 29.40 419.75 -10.43
v 28.30 419.72 -13.34
v 17.22 398.13 -10.53
v 16.18 398.21 -13.47
v 31.75 417.89 -11.30
v 29.40 419.75 -10.43
v 16.18 398.21 -13.47
v 13.73 399.91 -12.57
v 30.64 417.86 -14.21
v 31.75 417.89 -11.30
v 30.64 417.86 -14.21
v 28.30 419.72 -13.34
v 42.78 436.55 -23.97
v 43.87 436.56 -21.05
v 28.30 419.72 -13.34
v 29.40 419.75 -10.43
v 40.75 438.80 -23.21
v 42.78 436.55 -23.97
v 29.40 419.75 -10.43
v 31.75 417.89 -11.30
v 41.85 438.81 -20.29
v 40.75 438.80 -23.21
v 31.75 417.89 -11.30
v 30.64 417.86 -14.21
v 43.87 436.56 -21.05
v 41.85 438.81 -20.29
v 43.87 436.56 -21.05
v 42.78 436.55 -23.97
v 63.35 450.50 -23.29
v 61.63 453.02 -22.64
v 42.78 436.55 -23.97
v 40.75 438.80 -23.21
v 62.74 450.86 -26.32
v 63.35 450.50 -23.29
v 40.75 438.80 -23.21
v 41.85 438.81 -20.29
v 61.01 453.37 -25.68
v 62.74 450.86 -26.32
v 41.85 438.81 -20.29
v 43.87 436.56 -21.05
v 61.63 453.02 -22.64
v 61.01 453.37 -25.68
v 2.73 378.79 -5.49
v 5.23 377.17 -6.41
v 6.48 377.48 -3.57
v 3.97 379.09 -2.65
v 61.63 453.02 -22.64
v 63.35 450.50 -23.29
v 62.74 450.86 -26.32
v 61.01 453.37 -25.68
v 84.72 -8.49 181.59
v 49.84 -3.81 176.86
v 48.34 0.90 191.52
v 83.22 -3.78 196.25
v 49.84 -3.81 176.86
v 15.04 1.05 172.55
v 13.54 5.77 187.23
v 48.34 0.90 191.52
v 15.04 1.05 172.55
v -20.78 6.96 168.33
v -22.28 11.70 183.05
v 13.54 5.77 187.23
v -20.78 6.96 168.33
v -21.00 -16.37 175.21
v -22.50 -11.64 189.92
v -22.28 11.70 183.05
v -21.00 -16.37 175.21
v -45.84 -28.53 176.97
v -47.34 -23.80 191.69
v -22.50 -11.64 189.92
v -45.84 -28.53 176.97
v -48.02 -48.11 182.36
v -49.53 -43.38 197.06
v -47.34 -23.80 191.69
v -48.02 -48.11 182.36
v -66.61 -67.57 186.29
v -68.12 -62.85 200.98
v -49.53 -43.38 197.06
v -66.61 -67.57 186.29
v -78.37 -87.53 190.71
v -79.87 -82.81 205.38
v -68.12 -62.85 200.98
v -78.37 -87.53 190.71
v -83.89 -105.03 194.89
v -85.39 -100.33 209.53
v -79.87 -82.81 205.38
v -83.89 -105.03 194.89
v -51.59 -110.93 199.67
v -53.09 -106.22 214.30
v -85.39 -100.33 209.53
v -51.59 -110.93 199.67
v -24.63 -119.21 204.97
v -26.12 -114.51 219.60
v -53.09 -106.22 214.30
v -24.63 -119.21 204.97
v 2.74 -126.85 210.52
v 1.24 -122.14 225.16
v -26.12 -114.51 219.60
v 2.74 -126.85 210.52
v 29.39 -137.31 217.25
v 27.89 -132.60 231.90
v 1.24 -122.14 225.16
v 29.39 -137.31 217.25
v 57.00 -144.10 223.37
v 55.49 -139.38 238.05
v 27.89 -132.60 231.90
v 57.00 -144.10 223.37
v 76.83 -118.80 217.93
v 75.32 -114.07 232.63
v 55.49 -139.38 238.05
v 76.83 -118.80 217.93
v 98.68 -94.89 212.90
v 97.17 -90.16 227.61
v 75.32 -114.07 232.63
v 98.68 -94.89 212.90
v 106.22 -65.13 203.57
v 104.71 -60.40 218.27
v 97.17 -90.16 227.61
v 106.22 -65.13 203.57
v 135.00 -42.48 199.16
v 133.50 -37.75 213.85
v 104.71 -60.40 218.27
v 135.00 -42.48 199.16
v 160.65 -15.92 192.52
v 159.15 -11.20 207.19
v 133.50 -37.75 213.85
v 160.65 -15.92 192.52
v 120.19 -12.85 186.75
v 118.68 -8.14 201.41
v 159.15 -11.20 207.19
v 120.19 -12.85 186.75
v 84.72 -8.49 181.59
v 83.22 -3.78 196.25
v 118.68 -8.14 201.41
v 83.22 -3.78 196.25
v 48.34 0.90 191.52
v 45.33 -16.00 196.76
v 66.95 -18.88 199.77
v 49.84 -3.81 176.86
v 84.72 -8.49 181.59
v 68.47 -23.67 184.86
v 46.85 -20.79 181.86
v 48.34 0.90 191.52
v 13.54 5.77 187.23
v 23.77 -13.04 193.93
v 45.33 -16.00 196.76
v 15.04 1.05 172.55
v 49.84 -3.81 176.86
v 46.85 -20.79 181.86
v 25.30 -17.83 179.01
v 13.54 5.77 187.23
v -22.28 11.70 183.05
v 1.59 -9.46 191.04
v 23.77 -13.04 193.93
v -20.78 6.96 168.33
v 15.04 1.05 172.55
v 25.30 -17.83 179.01
v 3.12 -14.26 176.11
v -22.28 11.70 183.05
v -22.50 -11.64 189.92
v 1.44 -23.89 195.43
v 1.59 -9.46 191.04
v -21.00 -16.37 175.21
v -20.78 6.96 168.33
v 3.12 -14.26 176.11
v 2.97 -28.68 180.50
v -22.50 -11.64 189.92
v -47.34 -23.80 191.69
v -13.95 -31.45 196.44
v 1.44 -23.89 195.43
v -45.84 -28.53 176.97
v -21.00 -16.37 175.21
v 2.97 -28.68 180.50
v -12.42 -36.25 181.51
v -47.34 -23.80 191.69
v -49.53 -43.38 197.06
v -15.32 -43.54 199.91
v -13.95 -31.45 196.44
v -48.02 -48.11 182.36
v -45.84 -28.53 176.97
v -12.42 -36.25 181.51
v -13.79 -48.34 184.99
v -49.53 -43.38 197.06
v -68.12 -62.85 200.98
v -26.86 -55.58 202.44
v -15.32 -43.54 199.91
v -66.61 -67.57 186.29
v -48.02 -48.11 182.36
v -13.79 -48.34 184.99
v -25.33 -60.38 187.52
v -68.12 -62.85 200.98
v -79.87 -82.81 205.38
v -34.16 -67.91 205.34
v -26.86 -55.58 202.44
v -78.37 -87.53 190.71
v -66.61 -67.57 186.29
v -25.33 -60.38 187.52
v -32.63 -72.70 190.43
v -79.87 -82.81 205.38
v -85.39 -100.33 209.53
v -37.60 -78.70 208.10
v -34.16 -67.91 205.34
v -83.89 -105.03 194.89
v -78.37 -87.53 190.71
v -32.63 -72.70 190.43
v -36.08 -83.49 193.20
v -85.39 -100.33 209.53
v -53.09 -106.22 214.30
v -17.59 -82.33 211.15
v -37.60 -78.70 208.10
v -51.59 -110.93 199.67
v -83.89 -105.03 194.89
v -36.08 -83.49 193.20
v -16.06 -87.12 196.26
v -53.09 -106.22 214.30
v -26.12 -114.51 219.60
v -0.87 -87.46 214.46
v -17.59 -82.33 211.15
v -24.63 -119.21 204.97
v -51.59 -110.93 199.67
v -16.06 -87.12 196.26
v 0.66 -92.25 199.57
v -26.12 -114.51 219.60
v 1.24 -122.14 225.16
v 16.10 -92.21 217.85
v -0.87 -87.46 214.46
v 2.74 -126.85 210.52
v -24.63 -119.21 204.97
v 0.66 -92.25 199.57
v 17.63 -97.00 202.95
v 1.24 -122.14 225.16
v 27.89 -132.60 231.90
v 32.64 -98.74 221.89
v 16.10 -92.21 217.85
v 29.39 -137.31 217.25
v 2.74 -126.85 210.52
v 17.63 -97.00 202.95
v 34.17 -103.53 206.99
v 27.89 -132.60 231.90
v 55.49 -139.38 238.05
v 49.78 -103.02 225.46
v 32.64 -98.74 221.89
v 57.00 -144.10 223.37
v 29.39 -137.31 217.25
v 34.17 -103.53 206.99
v 51.31 -107.82 210.55
v 55.49 -139.38 238.05
v 75.32 -114.07 232.63
v 62.09 -87.38 221.96
v 49.78 -103.02 225.46
v 76.83 -118.80 217.93
v 57.00 -144.10 223.37
v 51.31 -107.82 210.55
v 63.61 -92.17 207.03
v 75.32 -114.07 232.63
v 97.17 -90.16 227.61
v 75.64 -72.58 218.75
v 62.09 -87.38 221.96
v 98.68 -94.89 212.90
v 76.83 -118.80 217.93
v 63.61 -92.17 207.03
v 77.17 -77.38 203.83
v 97.17 -90.16 227.61
v 104.71 -60.40 218.27
v 80.31 -54.09 213.08
v 75.64 -72.58 218.75
v 106.22 -65.13 203.57
v 98.68 -94.89 212.90
v 77.17 -77.38 203.83
v 81.84 -58.89 198.16
v 104.71 -60.40 218.27
v 133.50 -37.75 213.85
v 98.15 -40.04 210.36
v 80.31 -54.09 213.08
v 135.00 -42.48 199.16
v 106.22 -65.13 203.57
v 81.84 -58.89 198.16
v 99.68 -44.84 195.44
v 133.50 -37.75 213.85
v 159.15 -11.20 207.19
v 114.04 -23.53 206.39
v 98.15 -40.04 210.36
v 160.65 -15.92 192.52
v 135.00 -42.48 199.16
v 99.68 -44.84 195.44
v 115.56 -28.33 191.47
v 159.15 -11.20 207.19
v 118.68 -8.14 201.41
v 88.94 -21.59 202.94
v 114.04 -23.53 206.39
v 120.19 -12.85 186.75
v 160.65 -15.92 192.52
v 115.56 -28.33 191.47
v 90.46 -26.38 188.03
v 118.68 -8.14 201.41
v 83.22 -3.78 196.25
v 66.95 -18.88 199.77
v 88.94 -21.59 202.94
v 84.72 -8.49 181.59
v 120.19 -12.85 186.75
v 90.46 -26.38 188.03
v 68.47 -23.67 184.86
v 66.95 -18.88 199.77
v 45.33 -16.00 196.76
v 42.79 -30.24 201.14
v 53.25 -31.63 202.62
v 46.85 -20.79 181.86
v 68.47 -23.67 184.86
v 54.78 -36.42 187.71
v 44.32 -35.03 186.23
v 45.33 -16.00 196.76
v 23.77 -13.04 193.93
v 32.37 -28.83 199.69
v 42.79 -30.24 201.14
v 25.30 -17.83 179.01
v 46.85 -20.79 181.86
v 44.32 -35.03 186.23
v 33.90 -33.63 184.78
v 23.77 -13.04 193.93
v 1.59 -9.46 191.04
v 21.65 -27.14 198.17
v 32.37 -28.83 199.69
v 3.12 -14.26 176.11
v 25.30 -17.83 179.01
v 33.90 -33.63 184.78
v 23.18 -31.93 183.26
v 1.59 -9.46 191.04
v 1.44 -23.89 195.43
v 21.57 -34.10 200.35
v 21.65 -27.14 198.17
v 2.97 -28.68 180.50
v 3.12 -14.26 176.11
v 23.18 -31.93 183.26
v 23.10 -38.90 185.44
v 1.44 -23.89 195.43
v -13.95 -31.45 196.44
v 14.13 -37.77 200.80
v 21.57 -34.10 200.35
v -12.42 -36.25 181.51
v 2.97 -28.68 180.50
v 23.10 -38.90 185.44
v 15.66 -42.57 185.89
v -13.95 -31.45 196.44
v -15.32 -43.54 199.91
v 13.46 -43.61 202.55
v 14.13 -37.77 200.80
v -13.79 -48.34 184.99
v -12.42 -36.25 181.51
v 15.66 -42.57 185.89
v 14.99 -48.40 187.63
v -15.32 -43.54 199.91
v -26.86 -55.58 202.44
v 7.87 -49.42 203.81
v 13.46 -43.61 202.55
v -25.33 -60.38 187.52
v -13.79 -48.34 184.99
v 14.99 -48.40 187.63
v 9.40 -54.21 188.89
v -26.86 -55.58 202.44
v -34.16 -67.91 205.34
v 4.33 -55.36 205.28
v 7.87 -49.42 203.81
v -32.63 -72.70 190.43
v -25.33 -60.38 187.52
v 9.40 -54.21 188.89
v 5.86 -60.15 190.37
v -34.16 -67.91 205.34
v -37.60 -78.70 208.10
v 2.66 -60.56 206.70
v 4.33 -55.36 205.28
v -36.08 -83.49 193.20
v -32.63 -72.70 190.43
v 5.86 -60.15 190.37
v 4.19 -65.35 191.79
v -37.60 -78.70 208.10
v -17.59 -82.33 211.15
v 12.34 -62.30 208.21
v 2.66 -60.56 206.70
v -16.06 -87.12 196.26
v -36.08 -83.49 193.20
v 4.19 -65.35 191.79
v 13.87 -67.09 193.30
v -17.59 -82.33 211.15
v -0.87 -87.46 214.46
v 20.43 -64.78 209.82
v 12.34 -62.30 208.21
v 0.66 -92.25 199.57
v -16.06 -87.12 196.26
v 13.87 -67.09 193.30
v 21.96 -69.57 194.92
v -0.87 -87.46 214.46
v 16.10 -92.21 217.85
v 28.64 -67.09 211.43
v 20.43 -64.78 209.82
v 17.63 -97.00 202.95
v 0.66 -92.25 199.57
v 21.96 -69.57 194.92
v 30.17 -71.88 196.53
v 16.10 -92.21 217.85
v 32.64 -98.74 221.89
v 36.65 -70.27 213.33
v 28.64 -67.09 211.43
v 34.17 -103.53 206.99
v 17.63 -97.00 202.95
v 30.17 -71.88 196.53
v 38.18 -75.06 198.42
v 32.64 -98.74 221.89
v 49.78 -103.02 225.46
v 44.95 -72.37 214.96
v 36.65 -70.27 213.33
v 51.31 -107.82 210.55
v 34.17 -103.53 206.99
v 38.18 -75.06 198.42
v 46.48 -77.16 200.05
v 49.78 -103.02 225.46
v 62.09 -87.38 221.96
v 50.92 -64.82 213.21
v 44.95 -72.37 214.96
v 63.61 -92.17 207.03
v 51.31 -107.82 210.55
v 46.48 -77.16 200.05
v 52.44 -69.61 198.29
v 62.09 -87.38 221.96
v 75.64 -72.58 218.75
v 57.48 -57.67 211.62
v 50.92 -64.82 213.21
v 77.17 -77.38 203.83
v 63.61 -92.17 207.03
v 52.44 -69.61 198.29
v 59.01 -62.47 196.71
v 75.64 -72.58 218.75
v 80.31 -54.09 213.08
v 59.73 -48.71 208.92
v 57.48 -57.67 211.62
v 81.84 -58.89 198.16
v 77.17 -77.38 203.83
v 59.01 -62.47 196.71
v 61.26 -53.50 194.01
v 80.31 -54.09 213.08
v 98.15 -40.04 210.36
v 68.37 -41.91 207.61
v 59.73 -48.71 208.92
v 99.68 -44.84 195.44
v 81.84 -58.89 198.16
v 61.26 -53.50 194.01
v 69.89 -46.70 192.70
v 98.15 -40.04 210.36
v 114.04 -23.53 206.39
v 76.05 -33.90 205.76
v 68.37 -41.91 207.61
v 115.56 -28.33 191.47
v 99.68 -44.84 195.44
v 69.89 -46.70 192.70
v 77.57 -38.69 190.85
v 114.04 -23.53 206.39
v 88.94 -21.59 202.94
v 63.89 -32.94 204.15
v 76.05 -33.90 205.76
v 90.46 -26.38 188.03
v 115.56 -28.33 191.47
v 77.57 -38.69 190.85
v 65.42 -37.73 189.24
v 88.94 -21.59 202.94
v 66.95 -18.88 199.77
v 53.25 -31.63 202.62
v 63.89 -32.94 204.15
v 68.47 -23.67 184.86
v 90.46 -26.38 188.03
v 65.42 -37.73 189.24
v 54.78 -36.42 187.71
v 53.25 -31.63 202.62
v 42.79 -30.24 201.14
v 40.42 -43.61 205.21
v 44.32 -35.03 186.23
v 54.78 -36.42 187.71
v 42.01 -48.58 189.74
v 42.79 -30.24 201.14
v 32.37 -28.83 199.69
v 40.42 -43.61 205.21
v 33.90 -33.63 184.78
v 44.32 -35.03 186.23
v 42.01 -48.58 189.74
v 32.37 -28.83 199.69
v 21.65 -27.14 198.17
v 40.42 -43.61 205.21
v 23.18 -31.93 183.26
v 33.90 -33.63 184.78
v 42.01 -48.58 189.74
v 21.65 -27.14 198.17
v 21.57 -34.10 200.35
v 40.42 -43.61 205.21
v 23.10 -38.90 185.44
v 23.18 -31.93 183.26
v 42.01 -48.58 189.74
v 21.57 -34.10 200.35
v 14.13 -37.77 200.80
v 40.42 -43.61 205.21
v 15.66 -42.57 185.89
v 23.10 -38.90 185.44
v 42.01 -48.58 189.74
v 14.13 -37.77 200.80
v 13.46 -43.61 202.55
v 40.42 -43.61 205.21
v 14.99 -48.40 187.63
v 15.66 -42.57 185.89
v 42.01 -48.58 189.74
v 13.46 -43.61 202.55
v 7.87 -49.42 203.81
v 40.42 -43.61 205.21
v 9.40 -54.21 188.89
v 14.99 -48.40 187.63
v 42.01 -48.58 189.74
v 7.87 -49.42 203.81
v 4.33 -55.36 205.28
v 40.42 -43.61 205.21
v 5.86 -60.15 190.37
v 9.40 -54.21 188.89
v 42.01 -48.58 189.74
v 4.33 -55.36 205.28
v 2.66 -60.56 206.70
v 40.42 -43.61 205.21
v 4.19 -65.35 191.79
v 5.86 -60.15 190.37
v 42.01 -48.58 189.74
v 2.66 -60.56 206.70
v 12.34 -62.30 208.21
v 40.42 -43.61 205.21
v 13.87 -67.09 193.30
v 4.19 -65.35 191.79
v 42.01 -48.58 189.74
v 12.34 -62.30 208.21
v 20.43 -64.78 209.82
v 40.42 -43.61 205.21
v 21.96 -69.57 194.92
v 13.87 -67.09 193.30
v 42.01 -48.58 189.74
v 20.43 -64.78 209.82
v 28.64 -67.09 211.43
v 40.42 -43.61 205.21
v 30.17 -71.88 196.53
v 21.96 -69.57 194.92
v 42.01 -48.58 189.74
v 28.64 -67.09 211.43
v 36.65 -70.27 213.33
v 40.42 -43.61 205.21
v 38.18 -75.06 198.42
v 30.17 -71.88 196.53
v 42.01 -48.58 189.74
v 36.65 -70.27 213.33
v 44.95 -72.37 214.96
v 40.42 -43.61 205.21
v 46.48 -77.16 200.05
v 38.18 -75.06 198.42
v 42.01 -48.58 189.74
v 44.95 -72.37 214.96
v 50.92 -64.82 213.21
v 40.42 -43.61 205.21
v 52.44 -69.61 198.29
v 46.48 -77.16 200.05
v 42.01 -48.58 189.74
v 50.92 -64.82 213.21
v 57.48 -57.67 211.62
v 40.42 -43.61 205.21
v 59.01 -62.47 196.71
v 52.44 -69.61 198.29
v 42.01 -48.58 189.74
v 57.48 -57.67 211.62
v 59.73 -48.71 208.92
v 40.42 -43.61 205.21
v 61.26 -53.50 194.01
v 59.01 -62.47 196.71
v 42.01 -48.58 189.74
v 59.73 -48.71 208.92
v 68.37 -41.91 207.61
v 40.42 -43.61 205.21
v 69.89 -46.70 192.70
v 61.26 -53.50 194.01
v 42.01 -48.58 189.74
v 68.37 -41.91 207.61
v 76.05 -33.90 205.76
v 40.42 -43.61 205.21
v 77.57 -38.69 190.85
v 69.89 -46.70 192.70
v 42.01 -48.58 189.74
v 76.05 -33.90 205.76
v 63.89 -32.94 204.15
v 40.42 -43.61 205.21
v 65.42 -37.73 189.24
v 77.57 -38.69 190.85
v 42.01 -48.58 189.74
v 63.89 -32.94 204.15
v 53.25 -31.63 202.62
v 40.42 -43.61 205.21
v 54.78 -36.42 187.71
v 65.42 -37.73 189.24
v 42.01 -48.58 189.74
v -21.87 7.22 172.74
v -20.84 9.49 172.12
v -30.12 10.11 169.66
v -29.14 9.08 167.52
v -20.84 9.49 172.12
v -20.29 8.59 169.78
v -29.10 12.38 169.03
v -30.12 10.11 169.66
v -20.29 8.59 169.78
v -21.31 6.33 170.40
v -28.12 11.35 166.89
v -29.10 12.38 169.03
v -21.31 6.33 170.40
v -21.87 7.22 172.74
v -29.14 9.08 167.52
v -28.12 11.35 166.89
v -29.14 9.08 167.52
v -30.12 10.11 169.66
v -35.82 10.44 161.75
v -34.75 12.69 161.15
v -30.12 10.11 169.66
v -29.10 12.38 169.03
v -37.01 11.53 163.75
v -35.82 10.44 161.75
v -29.10 12.38 169.03
v -28.12 11.35 166.89
v -35.94 13.79 163.15
v -37.01 11.53 163.75
v -28.12 11.35 166.89
v -29.14 9.08 167.52
v -34.75 12.69 161.15
v -35.94 13.79 163.15
v -34.75 12.69 161.15
v -35.82 10.44 161.75
v -42.12 15.20 156.46
v -43.07 16.23 158.62
v -35.82 10.44 161.75
v -37.01 11.53 163.75
v -43.34 13.00 156.97
v -42.12 15.20 156.46
v -37.01 11.53 163.75
v -35.94 13.79 163.15
v -44.29 14.03 159.13
v -43.34 13.00 156.97
v -35.94 13.79 163.15
v -34.75 12.69 161.15
v -43.07 16.23 158.62
v -44.29 14.03 159.13
v -43.07 16.23 158.62
v -42.12 15.20 156.46
v -50.10 19.53 154.17
v -51.40 17.36 154.62
v -42.12 15.20 156.46
v -43.34 13.00 156.97
v -49.19 18.52 151.99
v -50.10 19.53 154.17
v -43.34 13.00 156.97
v -44.29 14.03 159.13
v -50.49 16.36 152.44
v -49.19 18.52 151.99
v -44.29 14.03 159.13
v -43.07 16.23 158.62
v -51.40 17.36 154.62
v -50.49 16.36 152.44
v -21.31 6.33 170.40
v -20.29 8.59 169.78
v -20.84 9.49 172.12
v -21.87 7.22 172.74
v -51.40 17.36 154.62
v -50.10 19.53 154.17
v -49.19 18.52 151.99
v -50.49 16.36 152.44
v -191.42 -299.81 48.20
v -184.08 -332.21 38.45
v -190.04 -337.85 54.60
v -197.40 -305.45 64.37
v -184.08 -332.21 38.45
v -143.73 -310.59 62.14
v -149.70 -316.24 78.32
v -190.04 -337.85 54.60
v -143.73 -310.59 62.14
v -105.70 -299.64 80.45
v -111.68 -305.29 96.64
v -149.70 -316.24 78.32
v -105.70 -299.64 80.45
v -65.26 -287.74 99.66
v -71.24 -293.38 115.85
v -111.68 -305.29 96.64
v -65.26 -287.74 99.66
v -27.38 -270.13 119.74
v -33.36 -275.77 135.93
v -71.24 -293.38 115.85
v -27.38 -270.13 119.74
v -26.68 -219.91 138.37
v -32.66 -225.56 154.58
v -33.36 -275.77 135.93
v -26.68 -219.91 138.37
v -18.15 -172.18 158.18
v -24.14 -177.84 174.39
v -32.66 -225.56 154.58
v -18.15 -172.18 158.18
v -14.42 -122.96 176.17
v -20.40 -128.61 192.37
v -24.14 -177.84 174.39
v -14.42 -122.96 176.17
v -12.47 -76.07 192.14
v -18.44 -81.71 208.31
v -20.40 -128.61 192.37
v -12.47 -76.07 192.14
v -54.99 -63.31 181.24
v -60.97 -68.96 197.42
v -18.44 -81.71 208.31
v -54.99 -63.31 181.24
v -100.22 -55.91 167.30
v -106.19 -61.56 183.48
v -60.97 -68.96 197.42
v -100.22 -55.91 167.30
v -143.98 -42.51 155.36
v -149.96 -48.15 171.54
v -106.19 -61.56 183.48
v -143.98 -42.51 155.36
v -188.30 -31.12 142.19
v -194.26 -36.75 158.34
v -149.96 -48.15 171.54
v -188.30 -31.12 142.19
v -190.81 -69.55 129.17
v -196.79 -75.19 145.36
v -194.26 -36.75 158.34
v -190.81 -69.55 129.17
v -177.94 -126.39 115.51
v -183.93 -132.05 131.74
v -196.79 -75.19 145.36
v -177.94 -126.39 115.51
v -181.94 -161.43 102.11
v -187.93 -167.09 118.34
v -183.93 -132.05 131.74
v -181.94 -161.43 102.11
v -181.01 -200.71 88.74
v -187.00 -206.37 104.97
v -187.93 -167.09 118.34
v -181.01 -200.71 88.74
v -191.82 -251.68 66.15
v -197.81 -257.33 82.36
v -187.00 -206.37 104.97
v -191.82 -251.68 66.15
v -191.42 -299.81 48.20
v -197.40 -305.45 64.37
v -197.81 -257.33 82.36
v -197.40 -305.45 64.37
v -190.04 -337.85 54.60
v -166.72 -280.40 85.59
v -171.20 -260.24 91.43
v -184.08 -332.21 38.45
v -191.42 -299.81 48.20
v -164.99 -254.38 74.63
v -160.52 -274.55 68.80
v -190.04 -337.85 54.60
v -149.70 -316.24 78.32
v -141.62 -266.92 100.06
v -166.72 -280.40 85.59
v -143.73 -310.59 62.14
v -184.08 -332.21 38.45
v -160.52 -274.55 68.80
v -135.41 -261.06 83.26
v -149.70 -316.24 78.32
v -111.68 -305.29 96.64
v -118.01 -260.10 111.33
v -141.62 -266.92 100.06
v -105.70 -299.64 80.45
v -143.73 -310.59 62.14
v -135.41 -261.06 83.26
v -111.81 -254.24 94.52
v -111.68 -305.29 96.64
v -71.24 -293.38 115.85
v -92.93 -252.71 123.22
v -118.01 -260.10 111.33
v -65.26 -287.74 99.66
v -105.70 -299.64 80.45
v -111.81 -254.24 94.52
v -86.73 -246.85 106.41
v -71.24 -293.38 115.85
v -33.36 -275.77 135.93
v -69.45 -241.80 135.67
v -92.93 -252.71 123.22
v -27.38 -270.13 119.74
v -65.26 -287.74 99.66
v -86.73 -246.85 106.41
v -63.25 -235.94 118.87
v -33.36 -275.77 135.93
v -32.66 -225.56 154.58
v -68.96 -210.61 147.07
v -69.45 -241.80 135.67
v -26.68 -219.91 138.37
v -27.38 -270.13 119.74
v -63.25 -235.94 118.87
v -62.75 -204.74 130.26
v -32.66 -225.56 154.58
v -24.14 -177.84 174.39
v -63.67 -181.02 159.35
v -68.96 -210.61 147.07
v -18.15 -172.18 158.18
v -26.68 -219.91 138.37
v -62.75 -204.74 130.26
v -57.46 -175.16 142.54
v -24.14 -177.84 174.39
v -20.40 -128.61 192.37
v -61.39 -150.53 170.61
v -63.67 -181.02 159.35
v -14.42 -122.96 176.17
v -18.15 -172.18 158.18
v -57.46 -175.16 142.54
v -55.19 -144.67 153.80
v -20.40 -128.61 192.37
v -18.44 -81.71 208.31
v -60.26 -121.53 180.70
v -61.39 -150.53 170.61
v -12.47 -76.07 192.14
v -14.42 -122.96 176.17
v -55.19 -144.67 153.80
v -54.05 -115.68 163.91
v -18.44 -81.71 208.31
v -60.97 -68.96 197.42
v -86.60 -113.60 173.88
v -60.26 -121.53 180.70
v -54.99 -63.31 181.24
v -12.47 -76.07 192.14
v -54.05 -115.68 163.91
v -80.40 -107.74 157.08
v -60.97 -68.96 197.42
v -106.19 -61.56 183.48
v -114.62 -109.00 165.21
v -86.60 -113.60 173.88
v -100.22 -55.91 167.30
v -54.99 -63.31 181.24
v -80.40 -107.74 157.08
v -108.42 -103.14 148.41
v -106.19 -61.56 183.48
v -149.96 -48.15 171.54
v -141.79 -100.72 157.89
v -114.62 -109.00 165.21
v -143.98 -42.51 155.36
v -100.22 -55.91 167.30
v -108.42 -103.14 148.41
v -135.59 -94.86 141.09
v -149.96 -48.15 171.54
v -194.26 -36.75 158.34
v -169.32 -93.71 149.86
v -141.79 -100.72 157.89
v -188.30 -31.12 142.19
v -143.98 -42.51 155.36
v -135.59 -94.86 141.09
v -163.12 -87.85 133.07
v -194.26 -36.75 158.34
v -196.79 -75.19 145.36
v -170.79 -117.45 141.56
v -169.32 -93.71 149.86
v -190.81 -69.55 129.17
v -188.30 -31.12 142.19
v -163.12 -87.85 133.07
v -164.59 -111.59 124.75
v -196.79 -75.19 145.36
v -183.93 -132.05 131.74
v -162.71 -152.61 132.83
v -170.79 -117.45 141.56
v -177.94 -126.39 115.51
v -190.81 -69.55 129.17
v -164.59 -111.59 124.75
v -156.50 -146.74 116.02
v -183.93 -132.05 131.74
v -187.93 -167.09 118.34
v -165.17 -174.31 124.47
v -162.71 -152.61 132.83
v -181.94 -161.43 102.11
v -177.94 -126.39 115.51
v -156.50 -146.74 116.02
v -158.96 -168.44 107.66
v -187.93 -167.09 118.34
v -187.00 -206.37 104.97
v -164.60 -198.66 116.18
v -165.17 -174.31 124.47
v -181.01 -200.71 88.74
v -181.94 -161.43 102.11
v -158.96 -168.44 107.66
v -158.39 -192.80 99.37
v -187.00 -206.37 104.97
v -197.81 -257.33 82.36
v -171.36 -230.32 102.32
v -164.60 -198.66 116.18
v -191.82 -251.68 66.15
v -181.01 -200.71 88.74
v -158.39 -192.80 99.37
v -165.15 -224.45 85.51
v -197.81 -257.33 82.36
v -197.40 -305.45 64.37
v -171.20 -260.24 91.43
v -171.36 -230.32 102.32
v -191.42 -299.81 48.20
v -191.82 -251.68 66.15
v -165.15 -224.45 85.51
v -164.99 -254.38 74.63
v -171.20 -260.24 91.43
v -166.72 -280.40 85.59
v -146.83 -231.79 111.01
v -148.96 -222.00 113.74
v -160.52 -274.55 68.80
v -164.99 -254.38 74.63
v -142.57 -215.96 96.42
v -140.43 -225.75 93.69
v -166.72 -280.40 85.59
v -141.62 -266.92 100.06
v -134.65 -225.23 117.91
v -146.83 -231.79 111.01
v -135.41 -261.06 83.26
v -160.52 -274.55 68.80
v -140.43 -225.75 93.69
v -128.25 -219.19 100.59
v -141.62 -266.92 100.06
v -118.01 -260.10 111.33
v -123.21 -221.92 123.33
v -134.65 -225.23 117.91
v -111.81 -254.24 94.52
v -135.41 -261.06 83.26
v -128.25 -219.19 100.59
v -116.82 -215.88 106.01
v -118.01 -260.10 111.33
v -92.93 -252.71 123.22
v -111.07 -218.34 129.07
v -123.21 -221.92 123.33
v -86.73 -246.85 106.41
v -111.81 -254.24 94.52
v -116.82 -215.88 106.01
v -104.67 -212.30 111.75
v -92.93 -252.71 123.22
v -69.45 -241.80 135.67
v -99.71 -213.06 135.11
v -111.07 -218.34 129.07
v -63.25 -235.94 118.87
v -86.73 -246.85 106.41
v -104.67 -212.30 111.75
v -93.32 -207.02 117.78
v -69.45 -241.80 135.67
v -68.96 -210.61 147.07
v -99.45 -197.95 140.55
v -99.71 -213.06 135.11
v -62.75 -204.74 130.26
v -63.25 -235.94 118.87
v -93.32 -207.02 117.78
v -93.05 -191.91 123.23
v -68.96 -210.61 147.07
v -63.67 -181.02 159.35
v -96.89 -183.63 146.49
v -99.45 -197.95 140.55
v -57.46 -175.16 142.54
v -62.75 -204.74 130.26
v -93.05 -191.91 123.23
v -90.49 -177.59 129.17
v -63.67 -181.02 159.35
v -61.39 -150.53 170.61
v -95.80 -168.89 151.98
v -96.89 -183.63 146.49
v -55.19 -144.67 153.80
v -57.46 -175.16 142.54
v -90.49 -177.59 129.17
v -89.41 -162.85 134.66
v -61.39 -150.53 170.61
v -60.26 -121.53 180.70
v -95.29 -154.89 156.96
v -95.80 -168.89 151.98
v -54.05 -115.68 163.91
v -55.19 -144.67 153.80
v -89.41 -162.85 134.66
v -88.89 -148.85 139.63
v -60.26 -121.53 180.70
v -86.60 -113.60 173.88
v -108.02 -151.05 153.63
v -95.29 -154.89 156.96
v -80.40 -107.74 157.08
v -54.05 -115.68 163.91
v -88.89 -148.85 139.63
v -101.63 -145.00 136.31
v -86.60 -113.60 173.88
v -114.62 -109.00 165.21
v -121.58 -148.81 149.42
v -108.02 -151.05 153.63
v -108.42 -103.14 148.41
v -80.40 -107.74 157.08
v -101.63 -145.00 136.31
v -115.18 -142.77 132.09
v -114.62 -109.00 165.21
v -141.79 -100.72 157.89
v -134.74 -144.82 145.91
v -121.58 -148.81 149.42
v -135.59 -94.86 141.09
v -108.42 -103.14 148.41
v -115.18 -142.77 132.09
v -128.34 -138.78 128.59
v -141.79 -100.72 157.89
v -169.32 -93.71 149.86
v -148.08 -141.45 142.09
v -134.74 -144.82 145.91
v -163.12 -87.85 133.07
v -135.59 -94.86 141.09
v -128.34 -138.78 128.59
v -141.68 -135.41 124.77
v -169.32 -93.71 149.86
v -170.79 -117.45 141.56
v -148.75 -152.90 137.96
v -148.08 -141.45 142.09
v -164.59 -111.59 124.75
v -163.12 -87.85 133.07
v -141.68 -135.41 124.77
v -142.35 -146.86 120.64
v -170.79 -117.45 141.56
v -162.71 -152.61 132.83
v -144.80 -169.87 133.63
v -148.75 -152.90 137.96
v -156.50 -146.74 116.02
v -164.59 -111.59 124.75
v -142.35 -146.86 120.64
v -138.40 -163.83 116.31
v -162.71 -152.61 132.83
v -165.17 -174.31 124.47
v -145.99 -180.37 129.57
v -144.80 -169.87 133.63
v -158.96 -168.44 107.66
v -156.50 -146.74 116.02
v -138.40 -163.83 116.31
v -139.59 -174.32 112.24
v -165.17 -174.31 124.47
v -164.60 -198.66 116.18
v -145.71 -192.15 125.56
v -145.99 -180.37 129.57
v -158.39 -192.80 99.37
v -158.96 -168.44 107.66
v -139.59 -174.32 112.24
v -139.31 -186.11 108.23
v -164.60 -198.66 116.18
v -171.36 -230.32 102.32
v -149.00 -207.49 118.91
v -145.71 -192.15 125.56
v -165.15 -224.45 85.51
v -158.39 -192.80 99.37
v -139.31 -186.11 108.23
v -142.60 -201.45 101.59
v -171.36 -230.32 102.32
v -171.20 -260.24 91.43
v -148.96 -222.00 113.74
v -149.00 -207.49 118.91
v -164.99 -254.38 74.63
v -165.15 -224.45 85.51
v -142.60 -201.45 101.59
v -142.57 -215.96 96.42
v -148.96 -222.00 113.74
v -146.83 -231.79 111.01
v -127.97 -186.02 134.28
v -140.43 -225.75 93.69
v -142.57 -215.96 96.42
v -121.53 -179.94 116.84
v -146.83 -231.79 111.01
v -134.65 -225.23 117.91
v -127.97 -186.02 134.28
v -128.25 -219.19 100.59
v -140.43 -225.75 93.69
v -121.53 -179.94 116.84
v -134.65 -225.23 117.91
v -123.21 -221.92 123.33
v -127.97 -186.02 134.28
v -116.82 -215.88 106.01
v -128.25 -219.19 100.59
v -121.53 -179.94 116.84
v -123.21 -221.92 123.33
v -111.07 -218.34 129.07
v -127.97 -186.02 134.28
v -104.67 -212.30 111.75
v -116.82 -215.88 106.01
v -121.53 -179.94 116.84
v -111.07 -218.34 129.07
v -99.71 -213.06 135.11
v -127.97 -186.02 134.28
v -93.32 -207.02 117.78
v -104.67 -212.30 111.75
v -121.53 -179.94 116.84
v -99.71 -213.06 135.11
v -99.45 -197.95 140.55
v -127.97 -186.02 134.28
v -93.05 -191.91 123.23
v -93.32 -207.02 117.78
v -121.53 -179.94 116.84
v -99.45 -197.95 140.55
v -96.89 -183.63 146.49
v -127.97 -186.02 134.28
v -90.49 -177.59 129.17
v -93.05 -191.91 123.23
v -121.53 -179.94 116.84
v -96.89 -183.63 146.49
v -95.80 -168.89 151.98
v -127.97 -186.02 134.28
v -89.41 -162.85 134.66
v -90.49 -177.59 129.17
v -121.53 -179.94 116.84
v -95.80 -168.89 151.98
v -95.29 -154.89 156.96
v -127.97 -186.02 134.28
v -88.89 -148.85 139.63
v -89.41 -162.85 134.66
v -121.53 -179.94 116.84
v -95.29 -154.89 156.96
v -108.02 -151.05 153.63
v -127.97 -186.02 134.28
v -101.63 -145.00 136.31
v -88.89 -148.85 139.63
v -121.53 -179.94 116.84
v -108.02 -151.05 153.63
v -121.58 -148.81 149.42
v -127.97 -186.02 134.28
v -115.18 -142.77 132.09
v -101.63 -145.00 136.31
v -121.53 -179.94 116.84
v -121.58 -148.81 149.42
v -134.74 -144.82 145.91
v -127.97 -186.02 134.28
v -128.34 -138.78 128.59
v -115.18 -142.77 132.09
v -121.53 -179.94 116.84
v -134.74 -144.82 145.91
v -148.08 -141.45 142.09
v -127.97 -186.02 134.28
v -141.68 -135.41 124.77
v -128.34 -138.78 128.59
v -121.53 -179.94 116.84
v -148.08 -141.45 142.09
v -148.75 -152.90 137.96
v -127.97 -186.02 134.28
v -142.35 -146.86 120.64
v -141.68 -135.41 124.77
v -121.53 -179.94 116.84
v -148.75 -152.90 137.96
v -144.80 -169.87 133.63
v -127.97 -186.02 134.28
v -138.40 -163.83 116.31
v -142.35 -146.86 120.64
v -121.53 -179.94 116.84
v -144.80 -169.87 133.63
v -145.99 -180.37 129.57
v -127.97 -186.02 134.28
v -139.59 -174.32 112.24
v -138.40 -163.83 116.31
v -121.53 -179.94 116.84
v -145.99 -180.37 129.57
v -145.71 -192.15 125.56
v -127.97 -186.02 134.28
v -139.31 -186.11 108.23
v -139.59 -174.32 112.24
v -121.53 -179.94 116.84
v -145.71 -192.15 125.56
v -149.00 -207.49 118.91
v -127.97 -186.02 134.28
v -142.60 -201.45 101.59
v -139.31 -186.11 108.23
v -121.53 -179.94 116.84
v -149.00 -207.49 118.91
v -148.96 -222.00 113.74
v -127.97 -186.02 134.28
v -142.57 -215.96 96.42
v -142.60 -201.45 101.59
v -121.53 -179.94 116.84
v -147.09 -315.60 73.28
v -148.87 -313.61 73.32
v -156.03 -323.41 65.26
v -154.90 -322.36 63.08
v -148.87 -313.61 73.32
v -147.78 -312.59 71.10
v -157.81 -321.42 65.30
v -156.03 -323.41 65.26
v -147.78 -312.59 71.10
v -146.00 -314.58 71.06
v -156.67 -320.36 63.12
v -157.81 -321.42 65.30
v -146.00 -314.58 71.06
v -147.09 -315.60 73.28
v -154.90 -322.36 63.08
v -156.67 -320.36 63.12
v -154.90 -322.36 63.08
v -156.03 -323.41 65.26
v -163.62 -329.93 54.51
v -165.11 -327.73 54.80
v -156.03 -323.41 65.26
v -157.81 -321.42 65.30
v -164.92 -331.08 56.54
v -163.62 -329.93 54.51
v -157.81 -321.42 65.30
v -156.67 -320.36 63.12
v -166.41 -328.88 56.83
v -164.92 -331.08 56.54
v -156.67 -320.36 63.12
v -154.90 -322.36 63.08
v -165.11 -327.73 54.80
v -166.41 -328.88 56.83
v -165.11 -327.73 54.80
v -163.62 -329.93 54.51
v -175.40 -330.65 45.32
v -176.59 -331.73 47.45
v -163.62 -329.93 54.51
v -164.92 -331.08 56.54
v -174.02 -332.91 44.94
v -175.40 -330.65 45.32
v -164.92 -331.08 56.54
v -166.41 -328.88 56.83
v -175.21 -334.00 47.07
v -174.02 -332.91 44.94
v -166.41 -328.88 56.83
v -165.11 -327.73 54.80
v -176.59 -331.73 47.45
v -175.21 -334.00 47.07
v -176.59 -331.73 47.45
v -175.40 -330.65 45.32
v -186.95 -338.59 40.45
v -185.37 -340.74 40.24
v -175.40 -330.65 45.32
v -174.02 -332.91 44.94
v -186.00 -337.66 38.13
v -186.95 -338.59 40.45
v -174.02 -332.91 44.94
v -175.21 -334.00 47.07
v -184.42 -339.81 37.92
v -186.00 -337.66 38.13
v -175.21 -334.00 47.07
v -176.59 -331.73 47.45
v -185.37 -340.74 40.24
v -184.42 -339.81 37.92
v -146.00 -314.58 71.06
v -147.78 -312.59 71.10
v -148.87 -313.61 73.32
v -147.09 -315.60 73.28
v -185.37 -340.74 40.24
v -186.95 -338.59 40.45
v -186.00 -337.66 38.13
v -184.42 -339.81 37.92
v -31.33 -273.40 133.19
v -33.40 -275.11 131.82
v -18.72 -292.93 138.48
v -17.74 -291.97 135.79
v -33.40 -275.11 131.82
v -31.91 -274.85 129.22
v -20.51 -294.93 137.11
v -18.72 -292.93 138.48
v -31.91 -274.85 129.22
v -29.84 -273.14 130.58
v -19.53 -293.98 134.43
v -20.51 -294.93 137.11
v -29.84 -273.14 130.58
v -31.33 -273.40 133.19
v -17.74 -291.97 135.79
v -19.53 -293.98 134.43
v -17.74 -291.97 135.79
v -18.72 -292.93 138.48
v 2.27 -302.56 131.84
v 0.87 -304.87 130.51
v -18.72 -292.93 138.48
v -20.51 -294.93 137.11
v 1.96 -303.91 134.51
v 2.27 -302.56 131.84
v -20.51 -294.93 137.11
v -19.53 -293.98 134.43
v 0.56 -306.22 133.18
v 1.96 -303.91 134.51
v -19.53 -293.98 134.43
v -17.74 -291.97 135.79
v 0.87 -304.87 130.51
v 0.56 -306.22 133.18
v 0.87 -304.87 130.51
v 2.27 -302.56 131.84
v 21.90 -315.56 128.41
v 21.22 -316.70 131.11
v 2.27 -302.56 131.84
v 1.96 -303.91 134.51
v 23.54 -313.40 129.73
v 21.90 -315.56 128.41
v 1.96 -303.91 134.51
v 0.56 -306.22 133.18
v 22.85 -314.54 132.43
v 23.54 -313.40 129.73
v 0.56 -306.22 133.18
v 0.87 -304.87 130.51
v 21.22 -316.70 131.11
v 22.85 -314.54 132.43
v 21.22 -316.70 131.11
v 21.90 -315.56 128.41
v 37.66 -333.14 131.26
v 39.57 -331.21 132.56
v 21.90 -315.56 128.41
v 23.54 -313.40 129.73
v 38.59 -332.23 128.54
v 37.66 -333.14 131.26
v 23.54 -313.40 129.73
v 22.85 -314.54 132.43
v 40.50 -330.31 129.84
v 38.59 -332.23 128.54
v 22.85 -314.54 132.43
v 21.22 -316.70 131.11
v 39.57 -331.21 132.56
v 40.50 -330.31 129.84
v -29.84 -273.14 130.58
v -31.91 -274.85 129.22
v -33.40 -275.11 131.82
v -31.33 -273.40 133.19
v 39.57 -331.21 132.56
v 37.66 -333.14 131.26
v 38.59 -332.23 128.54
v 40.50 -330.31 129.84
v -118.70 17.03 157.80
v -111.40 -0.15 153.26
v -116.63 -5.92 169.10
v -123.94 11.25 173.66
v -111.40 -0.15 153.26
v -121.71 -16.08 143.97
v -126.95 -21.85 159.82
v -116.63 -5.92 169.10
v -121.71 -16.08 143.97
v -108.67 -30.72 142.10
v -113.90 -36.48 157.92
v -126.95 -21.85 159.82
v -108.67 -30.72 142.10
v -111.00 -47.19 134.85
v -116.22 -52.96 150.66
v -113.90 -36.48 157.92
v -111.00 -47.19 134.85
v -84.40 -66.87 135.43
v -89.62 -72.62 151.22
v -116.22 -52.96 150.66
v -84.40 -66.87 135.43
v -50.06 -87.57 138.72
v -55.27 -93.32 154.50
v -89.62 -72.62 151.22
v -50.06 -87.57 138.72
v -12.16 -99.22 147.50
v -17.38 -104.98 163.29
v -55.27 -93.32 154.50
v -12.16 -99.22 147.50
v 24.16 -117.00 154.17
v 18.93 -122.76 169.98
v -17.38 -104.98 163.29
v 24.16 -117.00 154.17
v 38.19 -101.56 165.18
v 32.96 -107.33 181.01
v 18.93 -122.76 169.98
v 38.19 -101.56 165.18
v 52.31 -88.55 175.24
v 47.08 -94.32 191.09
v 32.96 -107.33 181.01
v 52.31 -88.55 175.24
v 68.96 -78.54 185.13
v 63.72 -84.32 201.00
v 47.08 -94.32 191.09
v 68.96 -78.54 185.13
v 84.63 -67.43 195.01
v 79.38 -73.22 210.89
v 63.72 -84.32 201.00
v 84.63 -67.43 195.01
v 93.14 -53.53 203.03
v 87.89 -59.32 218.92
v 79.38 -73.22 210.89
v 93.14 -53.53 203.03
v 101.08 -33.02 212.96
v 95.83 -38.81 228.84
v 87.89 -59.32 218.92
v 101.08 -33.02 212.96
v 92.42 -6.06 218.67
v 87.18 -11.83 234.52
v 95.83 -38.81 228.84
v 92.42 -6.06 218.67
v 77.93 19.11 221.72
v 72.70 13.34 237.54
v 87.18 -11.83 234.52
v 77.93 19.11 221.72
v 56.48 36.20 219.89
v 51.26 30.44 235.68
v 72.70 13.34 237.54
v 56.48 36.20 219.89
v 43.83 54.69 221.76
v 38.61 48.94 237.54
v 51.26 30.44 235.68
v 43.83 54.69 221.76
v 16.80 63.78 215.96
v 11.59 58.03 231.74
v 38.61 48.94 237.54
v 16.80 63.78 215.96
v -10.10 72.12 210.33
v -15.32 66.37 226.11
v 11.59 58.03 231.74
v -10.10 72.12 210.33
v -34.53 69.79 202.06
v -39.75 64.03 217.85
v -15.32 66.37 226.11
v -34.53 69.79 202.06
v -64.58 92.93 201.46
v -69.81 87.17 217.27
v -39.75 64.03 217.85
v -64.58 92.93 201.46
v -90.60 99.74 196.64
v -95.84 93.96 212.49
v -69.81 87.17 217.27
v -90.60 99.74 196.64
v -98.35 86.83 189.82
v -103.59 81.05 205.68
v -95.84 93.96 212.49
v -98.35 86.83 189.82
v -106.02 74.34 183.10
v -111.26 68.55 198.97
v -103.59 81.05 205.68
v -106.02 74.34 183.10
v -113.49 62.07 176.46
v -118.74 56.29 192.33
v -111.26 68.55 198.97
v -113.49 62.07 176.46
v -129.10 54.96 169.48
v -134.36 49.17 185.38
v -118.74 56.29 192.33
v -129.10 54.96 169.48
v -132.34 38.99 162.46
v -137.59 33.20 178.35
v -134.36 49.17 185.38
v -132.34 38.99 162.46
v -118.70 17.03 157.80
v -123.94 11.25 173.66
v -137.59 33.20 178.35
v -123.94 11.25 173.66
v -116.63 -5.92 169.10
v -81.42 -10.12 178.06
v -85.90 0.58 180.75
v -111.40 -0.15 153.26
v -118.70 17.03 157.80
v -80.72 6.30 165.05
v -76.23 -4.40 162.37
v -116.63 -5.92 169.10
v -126.95 -21.85 159.82
v -87.81 -20.00 172.32
v -81.42 -10.12 178.06
v -121.71 -16.08 143.97
v -111.40 -0.15 153.26
v -76.23 -4.40 162.37
v -82.63 -14.28 156.63
v -126.95 -21.85 159.82
v -113.90 -36.48 157.92
v -79.78 -29.13 171.31
v -87.81 -20.00 172.32
v -108.67 -30.72 142.10
v -121.71 -16.08 143.97
v -82.63 -14.28 156.63
v -74.60 -23.41 155.62
v -113.90 -36.48 157.92
v -116.22 -52.96 150.66
v -81.25 -39.38 166.90
v -79.78 -29.13 171.31
v -111.00 -47.19 134.85
v -108.67 -30.72 142.10
v -74.60 -23.41 155.62
v -76.07 -33.66 151.22
v -116.22 -52.96 150.66
v -89.62 -72.62 151.22
v -64.83 -51.65 167.45
v -81.25 -39.38 166.90
v -84.40 -66.87 135.43
v -111.00 -47.19 134.85
v -76.07 -33.66 151.22
v -59.65 -45.93 151.78
v -89.62 -72.62 151.22
v -55.27 -93.32 154.50
v -43.56 -64.51 169.58
v -64.83 -51.65 167.45
v -50.06 -87.57 138.72
v -84.40 -66.87 135.43
v -59.65 -45.93 151.78
v -38.39 -58.80 153.91
v -55.27 -93.32 154.50
v -17.38 -104.98 163.29
v -20.04 -71.70 174.93
v -43.56 -64.51 169.58
v -12.16 -99.22 147.50
v -50.06 -87.57 138.72
v -38.39 -58.80 153.91
v -14.86 -65.99 159.26
v -17.38 -104.98 163.29
v 18.93 -122.76 169.98
v 2.55 -82.65 178.86
v -20.04 -71.70 174.93
v 24.16 -117.00 154.17
v -12.16 -99.22 147.50
v -14.86 -65.99 159.26
v 7.73 -76.94 163.18
v 18.93 -122.76 169.98
v 32.96 -107.33 181.01
v 11.29 -73.03 185.55
v 2.55 -82.65 178.86
v 38.19 -101.56 165.18
v 24.16 -117.00 154.17
v 7.73 -76.94 163.18
v 16.48 -67.31 169.86
v 32.96 -107.33 181.01
v 47.08 -94.32 191.09
v 20.09 -64.92 191.67
v 11.29 -73.03 185.55
v 52.31 -88.55 175.24
v 38.19 -101.56 165.18
v 16.48 -67.31 169.86
v 25.27 -59.20 175.98
v 47.08 -94.32 191.09
v 63.72 -84.32 201.00
v 30.46 -58.66 197.67
v 20.09 -64.92 191.67
v 68.96 -78.54 185.13
v 52.31 -88.55 175.24
v 25.27 -59.20 175.98
v 35.64 -52.94 181.97
v 63.72 -84.32 201.00
v 79.38 -73.22 210.89
v 40.21 -51.73 203.68
v 30.46 -58.66 197.67
v 84.63 -67.43 195.01
v 68.96 -78.54 185.13
v 35.64 -52.94 181.97
v 45.40 -46.01 187.97
v 79.38 -73.22 210.89
v 87.89 -59.32 218.92
v 45.50 -43.10 208.62
v 40.21 -51.73 203.68
v 93.14 -53.53 203.03
v 84.63 -67.43 195.01
v 45.40 -46.01 187.97
v 50.69 -37.38 192.92
v 87.89 -59.32 218.92
v 95.83 -38.81 228.84
v 50.40 -30.40 214.81
v 45.50 -43.10 208.62
v 101.08 -33.02 212.96
v 93.14 -53.53 203.03
v 50.69 -37.38 192.92
v 55.59 -24.68 199.10
v 95.83 -38.81 228.84
v 87.18 -11.83 234.52
v 44.96 -13.77 218.57
v 50.40 -30.40 214.81
v 92.42 -6.06 218.67
v 101.08 -33.02 212.96
v 55.59 -24.68 199.10
v 50.15 -8.05 202.88
v 87.18 -11.83 234.52
v 72.70 13.34 237.54
v 35.90 1.75 220.71
v 44.96 -13.77 218.57
v 77.93 19.11 221.72
v 92.42 -6.06 218.67
v 50.15 -8.05 202.88
v 41.08 7.46 205.03
v 72.70 13.34 237.54
v 51.26 30.44 235.68
v 22.54 12.28 219.75
v 35.90 1.75 220.71
v 56.48 36.20 219.89
v 77.93 19.11 221.72
v 41.08 7.46 205.03
v 27.72 17.99 204.07
v 51.26 30.44 235.68
v 38.61 48.94 237.54
v 14.66 23.70 221.03
v 22.54 12.28 219.75
v 43.83 54.69 221.76
v 56.48 36.20 219.89
v 27.72 17.99 204.07
v 19.83 29.41 205.37
v 38.61 48.94 237.54
v 11.59 58.03 231.74
v -2.11 29.32 217.47
v 14.66 23.70 221.03
v 16.80 63.78 215.96
v 43.83 54.69 221.76
v 19.83 29.41 205.37
v 3.07 35.03 201.81
v 11.59 58.03 231.74
v -15.32 66.37 226.11
v -18.78 34.51 213.94
v -2.11 29.32 217.47
v -10.10 72.12 210.33
v 16.80 63.78 215.96
v 3.07 35.03 201.81
v -13.60 40.22 198.27
v -15.32 66.37 226.11
v -39.75 64.03 217.85
v -33.88 33.10 208.69
v -18.78 34.51 213.94
v -34.53 69.79 202.06
v -10.10 72.12 210.33
v -13.60 40.22 198.27
v -28.71 38.82 193.02
v -39.75 64.03 217.85
v -69.81 87.17 217.27
v -52.46 47.51 208.16
v -33.88 33.10 208.69
v -64.58 92.93 201.46
v -34.53 69.79 202.06
v -28.71 38.82 193.02
v -47.28 53.23 192.48
v -69.81 87.17 217.27
v -95.84 93.96 212.49
v -68.52 51.82 204.94
v -52.46 47.51 208.16
v -90.60 99.74 196.64
v -64.58 92.93 201.46
v -47.28 53.23 192.48
v -63.33 57.54 189.25
v -95.84 93.96 212.49
v -103.59 81.05 205.68
v -73.29 43.85 200.63
v -68.52 51.82 204.94
v -98.35 86.83 189.82
v -90.60 99.74 196.64
v -63.33 57.54 189.25
v -68.11 49.57 184.93
v -103.59 81.05 205.68
v -111.26 68.55 198.97
v -78.03 36.12 196.40
v -73.29 43.85 200.63
v -106.02 74.34 183.10
v -98.35 86.83 189.82
v -68.11 49.57 184.93
v -72.84 41.85 180.70
v -111.26 68.55 198.97
v -118.74 56.29 192.33
v -82.64 28.54 192.23
v -78.03 36.12 196.40
v -113.49 62.07 176.46
v -106.02 74.34 183.10
v -72.84 41.85 180.70
v -77.45 34.26 176.52
v -118.74 56.29 192.33
v -134.36 49.17 185.38
v -92.28 24.18 187.76
v -82.64 28.54 192.23
v -129.10 54.96 169.48
v -113.49 62.07 176.46
v -77.45 34.26 176.52
v -87.09 29.91 172.05
v -134.36 49.17 185.38
v -137.59 33.20 178.35
v -94.29 14.27 183.43
v -92.28 24.18 187.76
v -132.34 38.99 162.46
v -129.10 54.96 169.48
v -87.09 29.91 172.05
v -89.10 19.99 167.72
v -137.59 33.20 178.35
v -123.94 11.25 173.66
v -85.90 0.58 180.75
v -94.29 14.27 183.43
v -118.70 17.03 157.80
v -132.34 38.99 162.46
v -89.10 19.99 167.72
v -80.72 6.30 165.05
v -85.90 0.58 180.75
v -81.42 -10.12 178.06
v -51.87 -13.77 185.94
v -54.02 -8.58 187.19
v -76.23 -4.40 162.37
v -80.72 6.30 165.05
v -48.92 -2.95 171.74
v -46.77 -8.15 170.50
v -81.42 -10.12 178.06
v -87.81 -20.00 172.32
v -54.97 -18.56 183.17
v -51.87 -13.77 185.94
v -82.63 -14.28 156.63
v -76.23 -4.40 162.37
v -46.77 -8.15 170.50
v -49.87 -12.93 167.73
v -87.81 -20.00 172.32
v -79.78 -29.13 171.31
v -51.11 -23.00 182.75
v -54.97 -18.56 183.17
v -74.60 -23.41 155.62
v -82.63 -14.28 156.63
v -49.87 -12.93 167.73
v -46.00 -17.37 167.31
v -79.78 -29.13 171.31
v -81.25 -39.38 166.90
v -51.83 -27.97 180.65
v -51.11 -23.00 182.75
v -76.07 -33.66 151.22
v -74.60 -23.41 155.62
v -46.00 -17.37 167.31
v -46.73 -22.34 165.21
v -81.25 -39.38 166.90
v -64.83 -51.65 167.45
v -43.91 -33.94 181.00
v -51.83 -27.97 180.65
v -59.65 -45.93 151.78
v -76.07 -33.66 151.22
v -46.73 -22.34 165.21
v -38.81 -28.31 165.56
v -64.83 -51.65 167.45
v -43.56 -64.51 169.58
v -33.63 -40.18 182.07
v -43.91 -33.94 181.00
v -38.39 -58.80 153.91
v -59.65 -45.93 151.78
v -38.81 -28.31 165.56
v -28.53 -34.55 166.64
v -43.56 -64.51 169.58
v -20.04 -71.70 174.93
v -22.24 -43.64 184.62
v -33.63 -40.18 182.07
v -14.86 -65.99 159.26
v -38.39 -58.80 153.91
v -28.53 -34.55 166.64
v -17.14 -38.02 169.18
v -20.04 -71.70 174.93
v 2.55 -82.65 178.86
v -11.28 -48.91 186.43
v -22.24 -43.64 184.62
v 7.73 -76.94 163.18
v -14.86 -65.99 159.26
v -17.14 -38.02 169.18
v -6.18 -43.28 170.99
v 2.55 -82.65 178.86
v 11.29 -73.03 185.55
v -7.03 -44.23 189.61
v -11.28 -48.91 186.43
v 16.48 -67.31 169.86
v 7.73 -76.94 163.18
v -6.18 -43.28 170.99
v -1.92 -38.60 174.17
v 11.29 -73.03 185.55
v 20.09 -64.92 191.67
v -2.75 -40.29 192.52
v -7.03 -44.23 189.61
v 25.27 -59.20 175.98
v 16.48 -67.31 169.86
v -1.92 -38.60 174.17
v 2.35 -34.66 177.08
v 20.09 -64.92 191.67
v 30.46 -58.66 197.67
v 2.28 -37.24 195.36
v -2.75 -40.29 192.52
v 35.64 -52.94 181.97
v 25.27 -59.20 175.98
v 2.35 -34.66 177.08
v 7.38 -31.61 179.92
v 30.46 -58.66 197.67
v 40.21 -51.73 203.68
v 7.02 -33.87 198.21
v 2.28 -37.24 195.36
v 45.40 -46.01 187.97
v 35.64 -52.94 181.97
v 7.38 -31.61 179.92
v 12.12 -28.24 182.77
v 40.21 -51.73 203.68
v 45.50 -43.10 208.62
v 9.58 -29.69 200.60
v 7.02 -33.87 198.21
v 50.69 -37.38 192.92
v 45.40 -46.01 187.97
v 12.12 -28.24 182.77
v 14.68 -24.06 185.15
v 45.50 -43.10 208.62
v 50.40 -30.40 214.81
v 11.95 -23.55 203.60
v 9.58 -29.69 200.60
v 55.59 -24.68 199.10
v 50.69 -37.38 192.92
v 14.68 -24.06 185.15
v 17.05 -17.92 188.16
v 50.40 -30.40 214.81
v 44.96 -13.77 218.57
v 9.29 -15.53 205.53
v 11.95 -23.55 203.60
v 50.15 -8.05 202.88
v 55.59 -24.68 199.10
v 17.05 -17.92 188.16
v 14.39 -9.90 190.08
v 44.96 -13.77 218.57
v 35.90 1.75 220.71
v 4.87 -8.06 206.66
v 9.29 -15.53 205.53
v 41.08 7.46 205.03
v 50.15 -8.05 202.88
v 14.39 -9.90 190.08
v 9.97 -2.44 191.23
v 35.90 1.75 220.71
v 22.54 12.28 219.75
v -1.62 -2.99 206.28
v 4.87 -8.06 206.66
v 27.72 17.99 204.07
v 41.08 7.46 205.03
v 9.97 -2.44 191.23
v 3.48 2.63 190.84
v 22.54 12.28 219.75
v 14.66 23.70 221.03
v -5.46 2.51 206.95
v -1.62 -2.99 206.28
v 19.83 29.41 205.37
v 27.72 17.99 204.07
v 3.48 2.63 190.84
v -0.36 8.14 191.52
v 14.66 23.70 221.03
v -2.11 29.32 217.47
v -13.57 5.23 205.24
v -5.46 2.51 206.95
v 3.07 35.03 201.81
v 19.83 29.41 205.37
v -0.36 8.14 191.52
v -8.48 10.85 189.81
v -2.11 29.32 217.47
v -18.78 34.51 213.94
v -21.63 7.74 203.52
v -13.57 5.23 205.24
v -13.60 40.22 198.27
v 3.07 35.03 201.81
v -8.48 10.85 189.81
v -16.53 13.37 188.08
v -18.78 34.51 213.94
v -33.88 33.10 208.69
v -28.93 7.08 200.93
v -21.63 7.74 203.52
v -28.71 38.82 193.02
v -13.60 40.22 198.27
v -16.53 13.37 188.08
v -23.83 12.71 185.49
v -33.88 33.10 208.69
v -52.46 47.51 208.16
v -37.89 14.08 200.60
v -28.93 7.08 200.93
v -47.28 53.23 192.48
v -28.71 38.82 193.02
v -23.83 12.71 185.49
v -32.79 19.71 185.16
v -52.46 47.51 208.16
v -68.52 51.82 204.94
v -45.63 16.20 198.94
v -37.89 14.08 200.60
v -63.33 57.54 189.25
v -47.28 53.23 192.48
v -32.79 19.71 185.16
v -40.53 21.83 183.50
v -68.52 51.82 204.94
v -73.29 43.85 200.63
v -47.93 12.36 196.82
v -45.63 16.20 198.94
v -68.11 49.57 184.93
v -63.33 57.54 189.25
v -40.53 21.83 183.50
v -42.83 17.98 181.37
v -73.29 43.85 200.63
v -78.03 36.12 196.40
v -50.21 8.63 194.74
v -47.93 12.36 196.82
v -72.84 41.85 180.70
v -68.11 49.57 184.93
v -42.83 17.98 181.37
v -45.11 14.26 179.30
v -78.03 36.12 196.40
v -82.64 28.54 192.23
v -52.43 4.97 192.70
v -50.21 8.63 194.74
v -77.45 34.26 176.52
v -72.84 41.85 180.70
v -45.11 14.26 179.30
v -47.33 10.60 177.25
v -82.64 28.54 192.23
v -92.28 24.18 187.76
v -57.07 2.88 190.48
v -52.43 4.97 192.70
v -87.09 29.91 172.05
v -77.45 34.26 176.52
v -47.33 10.60 177.25
v -51.97 8.51 175.03
v -92.28 24.18 187.76
v -94.29 14.27 183.43
v -58.05 -1.92 188.39
v -57.07 2.88 190.48
v -89.10 19.99 167.72
v -87.09 29.91 172.05
v -51.97 8.51 175.03
v -52.95 3.71 172.95
v -94.29 14.27 183.43
v -85.90 0.58 180.75
v -54.02 -8.58 187.19
v -58.05 -1.92 188.39
v -80.72 6.30 165.05
v -89.10 19.99 167.72
v -52.95 3.71 172.95
v -48.92 -2.95 171.74
v -54.02 -8.58 187.19
v -51.87 -13.77 185.94
v -24.27 -17.30 193.61
v -46.77 -8.15 170.50
v -48.92 -2.95 171.74
v -18.99 -11.49 177.65
v -51.87 -13.77 185.94
v -54.97 -18.56 183.17
v -24.27 -17.30 193.61
v -49.87 -12.93 167.73
v -46.77 -8.15 170.50
v -18.99 -11.49 177.65
v -54.97 -18.56 183.17
v -51.11 -23.00 182.75
v -24.27 -17.30 193.61
v -46.00 -17.37 167.31
v -49.87 -12.93 167.73
v -18.99 -11.49 177.65
v -51.11 -23.00 182.75
v -51.83 -27.97 180.65
v -24.27 -17.30 193.61
v -46.73 -22.34 165.21
v -46.00 -17.37 167.31
v -18.99 -11.49 177.65
v -51.83 -27.97 180.65
v -43.91 -33.94 181.00
v -24.27 -17.30 193.61
v -38.81 -28.31 165.56
v -46.73 -22.34 165.21
v -18.99 -11.49 177.65
v -43.91 -33.94 181.00
v -33.63 -40.18 182.07
v -24.27 -17.30 193.61
v -28.53 -34.55 166.64
v -38.81 -28.31 165.56
v -18.99 -11.49 177.65
v -33.63 -40.18 182.07
v -22.24 -43.64 184.62
v -24.27 -17.30 193.61
v -17.14 -38.02 169.18
v -28.53 -34.55 166.64
v -18.99 -11.49 177.65
v -22.24 -43.64 184.62
v -11.28 -48.91 186.43
v -24.27 -17.30 193.61
v -6.18 -43.28 170.99
v -17.14 -38.02 169.18
v -18.99 -11.49 177.65
v -11.28 -48.91 186.43
v -7.03 -44.23 189.61
v -24.27 -17.30 193.61
v -1.92 -38.60 174.17
v -6.18 -43.28 170.99
v -18.99 -11.49 177.65
v -7.03 -44.23 189.61
v -2.75 -40.29 192.52
v -24.27 -17.30 193.61
v 2.35 -34.66 177.08
v -1.92 -38.60 174.17
v -18.99 -11.49 177.65
v -2.75 -40.29 192.52
v 2.28 -37.24 195.36
v -24.27 -17.30 193.61
v 7.38 -31.61 179.92
v 2.35 -34.66 177.08
v -18.99 -11.49 177.65
v 2.28 -37.24 195.36
v 7.02 -33.87 198.21
v -24.27 -17.30 193.61
v 12.12 -28.24 182.77
v 7.38 -31.61 179.92
v -18.99 -11.49 177.65
v 7.02 -33.87 198.21
v 9.58 -29.69 200.60
v -24.27 -17.30 193.61
v 14.68 -24.06 185.15
v 12.12 -28.24 182.77
v -18.99 -11.49 177.65
v 9.58 -29.69 200.60
v 11.95 -23.55 203.60
v -24.27 -17.30 193.61
v 17.05 -17.92 188.16
v 14.68 -24.06 185.15
v -18.99 -11.49 177.65
v 11.95 -23.55 203.60
v 9.29 -15.53 205.53
v -24.27 -17.30 193.61
v 14.39 -9.90 190.08
v 17.05 -17.92 188.16
v -18.99 -11.49 177.65
v 9.29 -15.53 205.53
v 4.87 -8.06 206.66
v -24.27 -17.30 193.61
v 9.97 -2.44 191.23
v 14.39 -9.90 190.08
v -18.99 -11.49 177.65
v 4.87 -8.06 206.66
v -1.62 -2.99 206.28
v -24.27 -17.30 193.61
v 3.48 2.63 190.84
v 9.97 -2.44 191.23
v -18.99 -11.49 177.65
v -1.62 -2.99 206.28
v -5.46 2.51 206.95
v -24.27 -17.30 193.61
v -0.36 8.14 191.52
v 3.48 2.63 190.84
v -18.99 -11.49 177.65
v -5.46 2.51 206.95
v -13.57 5.23 205.24
v -24.27 -17.30 193.61
v -8.48 10.85 189.81
v -0.36 8.14 191.52
v -18.99 -11.49 177.65
v -13.57 5.23 205.24
v -21.63 7.74 203.52
v -24.27 -17.30 193.61
v -16.53 13.37 188.08
v -8.48 10.85 189.81
v -18.99 -11.49 177.65
v -21.63 7.74 203.52
v -28.93 7.08 200.93
v -24.27 -17.30 193.61
v -23.83 12.71 185.49
v -16.53 13.37 188.08
v -18.99 -11.49 177.65
v -28.93 7.08 200.93
v -37.89 14.08 200.60
v -24.27 -17.30 193.61
v -32.79 19.71 185.16
v -23.83 12.71 185.49
v -18.99 -11.49 177.65
v -37.89 14.08 200.60
v -45.63 16.20 198.94
v -24.27 -17.30 193.61
v -40.53 21.83 183.50
v -32.79 19.71 185.16
v -18.99 -11.49 177.65
v -45.63 16.20 198.94
v -47.93 12.36 196.82
v -24.27 -17.30 193.61
v -42.83 17.98 181.37
v -40.53 21.83 183.50
v -18.99 -11.49 177.65
v -47.93 12.36 196.82
v -50.21 8.63 194.74
v -24.27 -17.30 193.61
v -45.11 14.26 179.30
v -42.83 17.98 181.37
v -18.99 -11.49 177.65
v -50.21 8.63 194.74
v -52.43 4.97 192.70
v -24.27 -17.30 193.61
v -47.33 10.60 177.25
v -45.11 14.26 179.30
v -18.99 -11.49 177.65
v -52.43 4.97 192.70
v -57.07 2.88 190.48
v -24.27 -17.30 193.61
v -51.97 8.51 175.03
v -47.33 10.60 177.25
v -18.99 -11.49 177.65
v -57.07 2.88 190.48
v -58.05 -1.92 188.39
v -24.27 -17.30 193.61
v -52.95 3.71 172.95
v -51.97 8.51 175.03
v -18.99 -11.49 177.65
v -58.05 -1.92 188.39
v -54.02 -8.58 187.19
v -24.27 -17.30 193.61
v -48.92 -2.95 171.74
v -52.95 3.71 172.95
v -18.99 -11.49 177.65
v -112.71 -51.59 143.35
v -114.15 -48.72 143.92
v -133.79 -61.67 140.46
v -133.30 -60.80 137.35
v -114.15 -48.72 143.92
v -114.05 -48.04 140.73
v -135.22 -58.79 141.03
v -133.79 -61.67 140.46
v -114.05 -48.04 140.73
v -112.60 -50.91 140.17
v -134.73 -57.93 137.92
v -135.22 -58.79 141.03
v -112.60 -50.91 140.17
v -112.71 -51.59 143.35
v -133.30 -60.80 137.35
v -134.73 -57.93 137.92
v -133.30 -60.80 137.35
v -133.79 -61.67 140.46
v -152.64 -68.49 129.02
v -154.55 -65.88 129.44
v -133.79 -61.67 140.46
v -135.22 -58.79 141.03
v -154.08 -69.95 131.55
v -152.64 -68.49 129.02
v -135.22 -58.79 141.03
v -134.73 -57.93 137.92
v -155.99 -67.34 131.97
v -154.08 -69.95 131.55
v -134.73 -57.93 137.92
v -133.30 -60.80 137.35
v -154.55 -65.88 129.44
v -155.99 -67.34 131.97
v -154.55 -65.88 129.44
v -152.64 -68.49 129.02
v -164.39 -75.24 111.05
v -166.37 -76.99 112.96
v -152.64 -68.49 129.02
v -154.08 -69.95 131.55
v -162.52 -77.87 110.58
v -164.39 -75.24 111.05
v -154.08 -69.95 131.55
v -155.99 -67.34 131.97
v -164.50 -79.62 112.48
v -162.52 -77.87 110.58
v -155.99 -67.34 131.97
v -154.55 -65.88 129.44
v -166.37 -76.99 112.96
v -164.50 -79.62 112.48
v -166.37 -76.99 112.96
v -164.39 -75.24 111.05
v -181.16 -78.66 95.39
v -179.68 -81.39 94.40
v -164.39 -75.24 111.05
v -162.52 -77.87 110.58
v -179.14 -76.90 93.52
v -181.16 -78.66 95.39
v -162.52 -77.87 110.58
v -164.50 -79.62 112.48
v -177.66 -79.63 92.54
v -179.14 -76.90 93.52
v -164.50 -79.62 112.48
v -166.37 -76.99 112.96
v -179.68 -81.39 94.40
v -177.66 -79.63 92.54
v -112.60 -50.91 140.17
v -114.05 -48.04 140.73
v -114.15 -48.72 143.92
v -112.71 -51.59 143.35
v -179.68 -81.39 94.40
v -181.16 -78.66 95.39
v -179.14 -76.90 93.52
v -177.66 -79.63 92.54
v -95.32 95.58 206.61
v -92.99 95.03 207.18
v -95.83 101.37 214.52
v -95.04 103.16 213.02
v -92.99 95.03 207.18
v -92.21 96.93 205.82
v -93.63 101.33 215.62
v -95.83 101.37 214.52
v -92.21 96.93 205.82
v -94.54 97.48 205.26
v -92.85 103.11 214.12
v -93.63 101.33 215.62
v -94.54 97.48 205.26
v -95.32 95.58 206.61
v -95.04 103.16 213.02
v -92.85 103.11 214.12
v -95.04 103.16 213.02
v -95.83 101.37 214.52
v -100.24 109.93 217.16
v -98.29 110.30 218.61
v -95.83 101.37 214.52
v -93.63 101.33 215.62
v -101.32 108.63 218.94
v -100.24 109.93 217.16
v -93.63 101.33 215.62
v -92.85 103.11 214.12
v -99.38 109.00 220.39
v -101.32 108.63 218.94
v -92.85 103.11 214.12
v -95.04 103.16 213.02
v -98.29 110.30 218.61
v -99.38 109.00 220.39
v -98.29 110.30 218.61
v -100.24 109.93 217.16
v -101.14 119.53 221.08
v -102.17 118.12 222.81
v -100.24 109.93 217.16
v -101.32 108.63 218.94
v -103.24 119.49 219.79
v -101.14 119.53 221.08
v -101.32 108.63 218.94
v -99.38 109.00 220.39
v -104.27 118.07 221.52
v -103.24 119.49 219.79
v -99.38 109.00 220.39
v -98.29 110.30 218.61
v -102.17 118.12 222.81
v -104.27 118.07 221.52
v -102.17 118.12 222.81
v -101.14 119.53 221.08
v -105.28 124.44 229.46
v -107.44 124.59 228.30
v -101.14 119.53 221.08
v -103.24 119.49 219.79
v -104.41 126.28 228.09
v -105.28 124.44 229.46
v -103.24 119.49 219.79
v -104.27 118.07 221.52
v -106.57 126.44 226.93
v -104.41 126.28 228.09
v -104.27 118.07 221.52
v -102.17 118.12 222.81
v -107.44 124.59 228.30
v -106.57 126.44 226.93
v -94.54 97.48 205.26
v -92.21 96.93 205.82
v -92.99 95.03 207.18
v -95.32 95.58 206.61
v -107.44 124.59 228.30
v -105.28 124.44 229.46
v -104.41 126.28 228.09
v -106.57 126.44 226.93
v 90.54 -6.38 224.43
v 90.86 -9.55 223.38
v 101.14 -6.43 227.82
v 102.27 -5.34 224.85
v 90.86 -9.55 223.38
v 91.84 -8.45 220.36
v 101.69 -9.61 226.85
v 101.14 -6.43 227.82
v 91.84 -8.45 220.36
v 91.52 -5.28 221.41
v 102.82 -8.51 223.88
v 101.69 -9.61 226.85
v 91.52 -5.28 221.41
v 90.54 -6.38 224.43
v 102.27 -5.34 224.85
v 102.82 -8.51 223.88
v 102.27 -5.34 224.85
v 101.14 -6.43 227.82
v 112.30 -4.18 229.72
v 113.19 -7.31 228.90
v 101.14 -6.43 227.82
v 101.69 -9.61 226.85
v 111.05 -5.29 232.64
v 112.30 -4.18 229.72
v 101.69 -9.61 226.85
v 102.82 -8.51 223.88
v 111.94 -8.43 231.81
v 111.05 -5.29 232.64
v 102.82 -8.51 223.88
v 102.27 -5.34 224.85
v 113.19 -7.31 228.90
v 111.94 -8.43 231.81
v 113.19 -7.31 228.90
v 112.30 -4.18 229.72
v 123.49 -5.32 233.97
v 122.04 -6.46 236.78
v 112.30 -4.18 229.72
v 111.05 -5.29 232.64
v 122.25 -2.25 234.59
v 123.49 -5.32 233.97
v 111.05 -5.29 232.64
v 111.94 -8.43 231.81
v 120.80 -3.39 237.40
v 122.25 -2.25 234.59
v 111.94 -8.43 231.81
v 113.19 -7.31 228.90
v 122.04 -6.46 236.78
v 120.80 -3.39 237.40
v 122.04 -6.46 236.78
v 123.49 -5.32 233.97
v 130.58 -3.28 243.55
v 129.10 -0.30 244.00
v 123.49 -5.32 233.97
v 122.25 -2.25 234.59
v 132.23 -2.06 240.89
v 130.58 -3.28 243.55
v 122.25 -2.25 234.59
v 120.80 -3.39 237.40
v 130.76 0.93 241.34
v 132.23 -2.06 240.89
v 120.80 -3.39 237.40
v 122.04 -6.46 236.78
v 129.10 -0.30 244.00
v 130.76 0.93 241.34
v 91.52 -5.28 221.41
v 91.84 -8.45 220.36
v 90.86 -9.55 223.38
v 90.54 -6.38 224.43
v 129.10 -0.30 244.00
v 130.58 -3.28 243.55
v 132.23 -2.06 240.89
v 130.76 0.93 241.34
v 154.04 349.75 43.64
v 133.35 408.17 56.09
v 144.47 409.48 70.24
v 165.13 351.06 57.76
v 133.35 408.17 56.09
v 103.23 349.32 85.45
v 114.35 350.64 99.60
v 144.47 409.48 70.24
v 103.23 349.32 85.45
v 76.44 337.85 108.20
v 87.57 339.17 122.37
v 114.35 350.64 99.60
v 76.44 337.85 108.20
v 48.76 314.20 132.28
v 59.89 315.52 146.44
v 87.57 339.17 122.37
v 48.76 314.20 132.28
v 17.76 292.08 158.62
v 28.89 293.40 172.78
v 59.89 315.52 146.44
v 17.76 292.08 158.62
v -23.78 271.11 192.93
v -12.65 272.43 207.09
v 28.89 293.40 172.78
v -23.78 271.11 192.93
v -34.87 238.67 203.40
v -23.76 239.98 217.54
v -12.65 272.43 207.09
v -34.87 238.67 203.40
v -26.45 203.19 198.87
v -15.36 204.50 212.99
v -23.76 239.98 217.54
v -26.45 203.19 198.87
v -28.81 165.71 203.08
v -17.74 167.03 217.17
v -15.36 204.50 212.99
v -28.81 165.71 203.08
v -22.82 129.97 201.00
v -11.75 131.28 215.08
v -17.74 167.03 217.17
v -22.82 129.97 201.00
v -29.96 81.64 210.00
v -18.91 82.95 224.06
v -11.75 131.28 215.08
v -29.96 81.64 210.00
v 60.30 135.11 137.42
v 71.40 136.42 151.54
v -18.91 82.95 224.06
v 60.30 135.11 137.42
v 115.95 130.65 95.41
v 127.07 131.97 109.56
v 71.40 136.42 151.54
v 115.95 130.65 95.41
v 179.26 154.54 44.06
v 190.39 155.85 58.21
v 127.07 131.97 109.56
v 179.26 154.54 44.06
v 243.38 173.23 -8.11
v 254.50 174.55 6.04
v 190.39 155.85 58.21
v 243.38 173.23 -8.11
v 188.20 216.51 29.71
v 199.30 217.82 43.84
v 254.50 174.55 6.04
v 188.20 216.51 29.71
v 188.69 255.07 24.95
v 199.78 256.38 39.06
v 199.30 217.82 43.84
v 188.69 255.07 24.95
v 180.65 308.97 25.73
v 191.73 310.29 39.83
v 199.78 256.38 39.06
v 180.65 308.97 25.73
v 154.04 349.75 43.64
v 165.13 351.06 57.76
v 191.73 310.29 39.83
v 165.13 351.06 57.76
v 144.47 409.48 70.24
v 132.86 337.24 85.45
v 145.86 301.04 77.96
v 133.35 408.17 56.09
v 154.04 349.75 43.64
v 134.24 299.66 63.16
v 121.23 335.86 70.65
v 144.47 409.48 70.24
v 114.35 350.64 99.60
v 114.16 300.75 103.62
v 132.86 337.24 85.45
v 103.23 349.32 85.45
v 133.35 408.17 56.09
v 121.23 335.86 70.65
v 102.53 299.37 88.82
v 114.35 350.64 99.60
v 87.57 339.17 122.37
v 97.48 293.63 117.64
v 114.16 300.75 103.62
v 76.44 337.85 108.20
v 103.23 349.32 85.45
v 102.53 299.37 88.82
v 85.85 292.25 102.83
v 87.57 339.17 122.37
v 59.89 315.52 146.44
v 80.31 278.97 132.55
v 97.48 293.63 117.64
v 48.76 314.20 132.28
v 76.44 337.85 108.20
v 85.85 292.25 102.83
v 68.67 277.59 117.74
v 59.89 315.52 146.44
v 28.89 293.40 172.78
v 61.10 265.25 148.89
v 80.31 278.97 132.55
v 17.76 292.08 158.62
v 48.76 314.20 132.28
v 68.67 277.59 117.74
v 49.46 263.87 134.08
v 28.89 293.40 172.78
v -12.65 272.43 207.09
v 35.37 252.26 170.20
v 61.10 265.25 148.89
v -23.78 271.11 192.93
v 17.76 292.08 158.62
v 49.46 263.87 134.08
v 23.74 250.88 155.40
v -12.65 272.43 207.09
v -23.76 239.98 217.54
v 28.63 232.16 176.87
v 35.37 252.26 170.20
v -34.87 238.67 203.40
v -23.78 271.11 192.93
v 23.74 250.88 155.40
v 17.01 230.78 162.07
v -23.76 239.98 217.54
v -15.36 204.50 212.99
v 33.99 210.17 174.23
v 28.63 232.16 176.87
v -26.45 203.19 198.87
v -34.87 238.67 203.40
v 17.01 230.78 162.07
v 22.37 208.80 159.44
v -15.36 204.50 212.99
v -17.74 167.03 217.17
v 32.64 186.96 177.00
v 33.99 210.17 174.23
v -28.81 165.71 203.08
v -26.45 203.19 198.87
v 22.37 208.80 159.44
v 21.03 185.58 162.21
v -17.74 167.03 217.17
v -11.75 131.28 215.08
v 36.44 164.80 175.80
v 32.64 186.96 177.00
v -22.82 129.97 201.00
v -28.81 165.71 203.08
v 21.03 185.58 162.21
v 24.83 163.43 161.02
v -11.75 131.28 215.08
v -18.91 82.95 224.06
v 32.13 134.85 181.54
v 36.44 164.80 175.80
v -29.96 81.64 210.00
v -22.82 129.97 201.00
v 24.83 163.43 161.02
v 20.52 133.48 166.77
v -18.91 82.95 224.06
v 71.40 136.42 151.54
v 87.73 167.96 136.08
v 32.13 134.85 181.54
v 60.30 135.11 137.42
v -29.96 81.64 210.00
v 20.52 133.48 166.77
v 76.11 166.58 121.28
v 71.40 136.42 151.54
v 127.07 131.97 109.56
v 122.09 165.18 109.86
v 87.73 167.96 136.08
v 115.95 130.65 95.41
v 60.30 135.11 137.42
v 76.11 166.58 121.28
v 110.46 163.80 95.05
v 127.07 131.97 109.56
v 190.39 155.85 58.21
v 161.28 179.98 77.93
v 122.09 165.18 109.86
v 179.26 154.54 44.06
v 115.95 130.65 95.41
v 110.46 163.80 95.05
v 149.64 178.60 63.12
v 190.39 155.85 58.21
v 254.50 174.55 6.04
v 201.04 191.57 45.59
v 161.28 179.98 77.93
v 243.38 173.23 -8.11
v 179.26 154.54 44.06
v 149.64 178.60 63.12
v 189.40 190.19 30.79
v 254.50 174.55 6.04
v 199.30 217.82 43.84
v 166.99 218.42 69.25
v 201.04 191.57 45.59
v 188.20 216.51 29.71
v 243.38 173.23 -8.11
v 189.40 190.19 30.79
v 155.36 217.05 54.46
v 199.30 217.82 43.84
v 199.78 256.38 39.06
v 167.38 242.34 66.41
v 166.99 218.42 69.25
v 188.69 255.07 24.95
v 188.20 216.51 29.71
v 155.36 217.05 54.46
v 155.76 240.96 51.62
v 199.78 256.38 39.06
v 191.73 310.29 39.83
v 162.45 275.77 66.96
v 167.38 242.34 66.41
v 180.65 308.97 25.73
v 188.69 255.07 24.95
v 155.76 240.96 51.62
v 150.83 274.39 52.18
v 191.73 310.29 39.83
v 165.13 351.06 57.76
v 145.86 301.04 77.96
v 162.45 275.77 66.96
v 154.04 349.75 43.64
v 180.65 308.97 25.73
v 150.83 274.39 52.18
v 134.24 299.66 63.16
v 145.86 301.04 77.96
v 132.86 337.24 85.45
v 123.20 276.41 98.40
v 129.57 258.90 94.88
v 121.23 335.86 70.65
v 134.24 299.66 63.16
v 118.23 257.56 80.44
v 111.85 275.07 83.97
v 132.86 337.24 85.45
v 114.16 300.75 103.62
v 114.14 258.75 107.18
v 123.20 276.41 98.40
v 102.53 299.37 88.82
v 121.23 335.86 70.65
v 111.85 275.07 83.97
v 102.80 257.41 92.75
v 114.16 300.75 103.62
v 97.48 293.63 117.64
v 106.04 255.31 113.93
v 114.14 258.75 107.18
v 85.85 292.25 102.83
v 102.53 299.37 88.82
v 102.80 257.41 92.75
v 94.70 253.96 99.49
v 97.48 293.63 117.64
v 80.31 278.97 132.55
v 97.72 248.21 121.13
v 106.04 255.31 113.93
v 68.67 277.59 117.74
v 85.85 292.25 102.83
v 94.70 253.96 99.49
v 86.38 246.87 106.70
v 80.31 278.97 132.55
v 61.10 265.25 148.89
v 88.43 241.57 129.05
v 97.72 248.21 121.13
v 49.46 263.87 134.08
v 68.67 277.59 117.74
v 86.38 246.87 106.70
v 77.09 240.23 114.61
v 61.10 265.25 148.89
v 35.37 252.26 170.20
v 76.00 235.29 139.37
v 88.43 241.57 129.05
v 23.74 250.88 155.40
v 49.46 263.87 134.08
v 77.09 240.23 114.61
v 64.65 233.94 124.94
v 35.37 252.26 170.20
v 28.63 232.16 176.87
v 72.80 225.57 142.68
v 76.00 235.29 139.37
v 17.01 230.78 162.07
v 23.74 250.88 155.40
v 64.65 233.94 124.94
v 61.46 224.22 128.24
v 28.63 232.16 176.87
v 33.99 210.17 174.23
v 75.44 214.94 141.47
v 72.80 225.57 142.68
v 22.37 208.80 159.44
v 17.01 230.78 162.07
v 61.46 224.22 128.24
v 64.10 213.60 127.04
v 33.99 210.17 174.23
v 32.64 186.96 177.00
v 74.85 203.71 142.88
v 75.44 214.94 141.47
v 21.03 185.58 162.21
v 22.37 208.80 159.44
v 64.10 213.60 127.04
v 63.51 202.37 128.45
v 32.64 186.96 177.00
v 36.44 164.80 175.80
v 76.72 193.00 142.35
v 74.85 203.71 142.88
v 24.83 163.43 161.02
v 21.03 185.58 162.21
v 63.51 202.37 128.45
v 65.38 191.65 127.92
v 36.44 164.80 175.80
v 32.13 134.85 181.54
v 74.69 178.51 145.19
v 76.72 193.00 142.35
v 20.52 133.48 166.77
v 24.83 163.43 161.02
v 65.38 191.65 127.92
v 63.35 177.17 130.76
v 32.13 134.85 181.54
v 87.73 167.96 136.08
v 101.43 194.51 122.99
v 74.69 178.51 145.19
v 76.11 166.58 121.28
v 20.52 133.48 166.77
v 63.35 177.17 130.76
v 90.09 193.17 108.56
v 87.73 167.96 136.08
v 122.09 165.18 109.86
v 118.00 193.16 110.22
v 101.43 194.51 122.99
v 110.46 163.80 95.05
v 76.11 166.58 121.28
v 90.09 193.17 108.56
v 106.65 191.81 95.79
v 122.09 165.18 109.86
v 161.28 179.98 77.93
v 136.93 200.32 94.74
v 118.00 193.16 110.22
v 149.64 178.60 63.12
v 110.46 163.80 95.05
v 106.65 191.81 95.79
v 125.59 198.97 80.30
v 161.28 179.98 77.93
v 201.04 191.57 45.59
v 156.17 205.93 79.09
v 136.93 200.32 94.74
v 189.40 190.19 30.79
v 149.64 178.60 63.12
v 125.59 198.97 80.30
v 144.83 204.58 64.66
v 201.04 191.57 45.59
v 166.99 218.42 69.25
v 139.76 218.93 90.63
v 156.17 205.93 79.09
v 155.36 217.05 54.46
v 189.40 190.19 30.79
v 144.83 204.58 64.66
v 128.42 217.58 76.20
v 166.99 218.42 69.25
v 167.38 242.34 66.41
v 139.99 230.50 89.30
v 139.76 218.93 90.63
v 155.76 240.96 51.62
v 155.36 217.05 54.46
v 128.42 217.58 76.20
v 128.65 229.16 74.87
v 167.38 242.34 66.41
v 162.45 275.77 66.96
v 137.63 246.68 89.60
v 139.99 230.50 89.30
v 150.83 274.39 52.18
v 155.76 240.96 51.62
v 128.65 229.16 74.87
v 126.29 245.34 75.17
v 162.45 275.77 66.96
v 145.86 301.04 77.96
v 129.57 258.90 94.88
v 137.63 246.68 89.60
v 134.24 299.66 63.16
v 150.83 274.39 52.18
v 126.29 245.34 75.17
v 118.23 257.56 80.44
v 129.57 258.90 94.88
v 123.20 276.41 98.40
v 114.23 219.40 110.66
v 111.85 275.07 83.97
v 118.23 257.56 80.44
v 102.58 218.02 95.83
v 123.20 276.41 98.40
v 114.14 258.75 107.18
v 114.23 219.40 110.66
v 102.80 257.41 92.75
v 111.85 275.07 83.97
v 102.58 218.02 95.83
v 114.14 258.75 107.18
v 106.04 255.31 113.93
v 114.23 219.40 110.66
v 94.70 253.96 99.49
v 102.80 257.41 92.75
v 102.58 218.02 95.83
v 106.04 255.31 113.93
v 97.72 248.21 121.13
v 114.23 219.40 110.66
v 86.38 246.87 106.70
v 94.70 253.96 99.49
v 102.58 218.02 95.83
v 97.72 248.21 121.13
v 88.43 241.57 129.05
v 114.23 219.40 110.66
v 77.09 240.23 114.61
v 86.38 246.87 106.70
v 102.58 218.02 95.83
v 88.43 241.57 129.05
v 76.00 235.29 139.37
v 114.23 219.40 110.66
v 64.65 233.94 124.94
v 77.09 240.23 114.61
v 102.58 218.02 95.83
v 76.00 235.29 139.37
v 72.80 225.57 142.68
v 114.23 219.40 110.66
v 61.46 224.22 128.24
v 64.65 233.94 124.94
v 102.58 218.02 95.83
v 72.80 225.57 142.68
v 75.44 214.94 141.47
v 114.23 219.40 110.66
v 64.10 213.60 127.04
v 61.46 224.22 128.24
v 102.58 218.02 95.83
v 75.44 214.94 141.47
v 74.85 203.71 142.88
v 114.23 219.40 110.66
v 63.51 202.37 128.45
v 64.10 213.60 127.04
v 102.58 218.02 95.83
v 74.85 203.71 142.88
v 76.72 193.00 142.35
v 114.23 219.40 110.66
v 65.38 191.65 127.92
v 63.51 202.37 128.45
v 102.58 218.02 95.83
v 76.72 193.00 142.35
v 74.69 178.51 145.19
v 114.23 219.40 110.66
v 63.35 177.17 130.76
v 65.38 191.65 127.92
v 102.58 218.02 95.83
v 74.69 178.51 145.19
v 101.43 194.51 122.99
v 114.23 219.40 110.66
v 90.09 193.17 108.56
v 63.35 177.17 130.76
v 102.58 218.02 95.83
v 101.43 194.51 122.99
v 118.00 193.16 110.22
v 114.23 219.40 110.66
v 106.65 191.81 95.79
v 90.09 193.17 108.56
v 102.58 218.02 95.83
v 118.00 193.16 110.22
v 136.93 200.32 94.74
v 114.23 219.40 110.66
v 125.59 198.97 80.30
v 106.65 191.81 95.79
v 102.58 218.02 95.83
v 136.93 200.32 94.74
v 156.17 205.93 79.09
v 114.23 219.40 110.66
v 144.83 204.58 64.66
v 125.59 198.97 80.30
v 102.58 218.02 95.83
v 156.17 205.93 79.09
v 139.76 218.93 90.63
v 114.23 219.40 110.66
v 128.42 217.58 76.20
v 144.83 204.58 64.66
v 102.58 218.02 95.83
v 139.76 218.93 90.63
v 139.99 230.50 89.30
v 114.23 219.40 110.66
v 128.65 229.16 74.87
v 128.42 217.58 76.20
v 102.58 218.02 95.83
v 139.99 230.50 89.30
v 137.63 246.68 89.60
v 114.23 219.40 110.66
v 126.29 245.34 75.17
v 128.65 229.16 74.87
v 102.58 218.02 95.83
v 137.63 246.68 89.60
v 129.57 258.90 94.88
v 114.23 219.40 110.66
v 118.23 257.56 80.44
v 126.29 245.34 75.17
v 102.58 218.02 95.83
v -15.13 129.74 209.54
v -16.59 131.68 210.51
v -28.22 115.57 218.20
v -29.58 115.66 215.96
v -16.59 131.68 210.51
v -18.04 131.68 208.32
v -29.93 117.22 219.30
v -28.22 115.57 218.20
v -18.04 131.68 208.32
v -16.57 129.74 207.35
v -31.29 117.30 217.07
v -29.93 117.22 219.30
v -16.57 129.74 207.35
v -15.13 129.74 209.54
v -29.58 115.66 215.96
v -31.29 117.30 217.07
v -29.58 115.66 215.96
v -28.22 115.57 218.20
v -39.34 97.54 220.08
v -41.26 98.83 221.30
v -28.22 115.57 218.20
v -29.93 117.22 219.30
v -38.05 97.31 222.34
v -39.34 97.54 220.08
v -29.93 117.22 219.30
v -31.29 117.30 217.07
v -39.97 98.60 223.57
v -38.05 97.31 222.34
v -31.29 117.30 217.07
v -29.58 115.66 215.96
v -41.26 98.83 221.30
v -39.97 98.60 223.57
v -41.26 98.83 221.30
v -39.34 97.54 220.08
v -51.28 80.41 224.74
v -50.05 80.06 227.03
v -39.34 97.54 220.08
v -38.05 97.31 222.34
v -49.32 79.18 223.51
v -51.28 80.41 224.74
v -38.05 97.31 222.34
v -39.97 98.60 223.57
v -48.10 78.82 225.80
v -49.32 79.18 223.51
v -39.97 98.60 223.57
v -41.26 98.83 221.30
v -50.05 80.06 227.03
v -48.10 78.82 225.80
v -50.05 80.06 227.03
v -51.28 80.41 224.74
v -60.28 61.37 228.65
v -58.30 60.18 227.41
v -51.28 80.41 224.74
v -49.32 79.18 223.51
v -61.45 61.82 226.35
v -60.28 61.37 228.65
v -49.32 79.18 223.51
v -48.10 78.82 225.80
v -59.47 60.63 225.11
v -61.45 61.82 226.35
v -48.10 78.82 225.80
v -50.05 80.06 227.03
v -58.30 60.18 227.41
v -59.47 60.63 225.11
v -16.57 129.74 207.35
v -18.04 131.68 208.32
v -16.59 131.68 210.51
v -15.13 129.74 209.54
v -58.30 60.18 227.41
v -60.28 61.37 228.65
v -61.45 61.82 226.35
v -59.47 60.63 225.11
v 86.88 242.55 -18.26
v 82.96 232.70 -12.70
v 71.63 242.00 -4.95
v 75.54 251.85 -10.51
v 82.96 232.70 -12.70
v 80.77 224.06 -5.99
v 69.44 233.35 1.75
v 71.63 242.00 -4.95
v 80.77 224.06 -5.99
v 70.65 218.55 -14.06
v 59.33 227.84 -6.32
v 69.44 233.35 1.75
v 70.65 218.55 -14.06
v 67.31 204.05 -2.21
v 55.99 213.33 5.53
v 59.33 227.84 -6.32
v 67.31 204.05 -2.21
v 73.42 189.61 23.43
v 62.11 198.89 31.16
v 55.99 213.33 5.53
v 73.42 189.61 23.43
v 76.03 174.39 45.42
v 64.72 183.67 53.15
v 62.11 198.89 31.16
v 76.03 174.39 45.42
v 79.67 160.25 68.06
v 68.35 169.53 75.80
v 64.72 183.67 53.15
v 79.67 160.25 68.06
v 80.56 141.98 92.25
v 69.23 151.27 99.99
v 68.35 169.53 75.80
v 80.56 141.98 92.25
v 101.47 156.24 105.83
v 90.14 165.54 113.57
v 69.23 151.27 99.99
v 101.47 156.24 105.83
v 120.12 168.57 118.43
v 108.79 177.86 126.18
v 90.14 165.54 113.57
v 120.12 168.57 118.43
v 137.80 178.74 132.31
v 126.47 188.03 140.05
v 108.79 177.86 126.18
v 137.80 178.74 132.31
v 159.19 186.34 155.16
v 147.85 195.64 162.91
v 126.47 188.03 140.05
v 159.19 186.34 155.16
v 160.97 196.78 144.47
v 149.64 206.07 152.22
v 147.85 195.64 162.91
v 160.97 196.78 144.47
v 165.77 205.91 140.13
v 154.44 215.20 147.87
v 149.64 206.07 152.22
v 165.77 205.91 140.13
v 167.67 215.12 131.40
v 156.35 224.40 139.14
v 154.44 215.20 147.87
v 167.67 215.12 131.40
v 171.16 224.09 125.42
v 159.84 233.38 133.16
v 156.35 224.40 139.14
v 171.16 224.09 125.42
v 176.41 233.71 121.35
v 165.10 242.99 129.09
v 159.84 233.38 133.16
v 176.41 233.71 121.35
v 183.43 244.64 118.33
v 172.12 253.92 126.06
v 165.10 242.99 129.09
v 183.43 244.64 118.33
v 164.66 248.99 85.52
v 153.35 258.27 93.26
v 172.12 253.92 126.06
v 164.66 248.99 85.52
v 143.18 251.71 51.22
v 131.86 260.99 58.96
v 153.35 258.27 93.26
v 143.18 251.71 51.22
v 122.04 252.77 19.81
v 110.72 262.06 27.56
v 131.86 260.99 58.96
v 122.04 252.77 19.81
v 102.37 255.48 -11.00
v 91.03 264.78 -3.25
v 110.72 262.06 27.56
v 102.37 255.48 -11.00
v 94.87 249.11 -14.38
v 83.53 258.40 -6.63
v 91.03 264.78 -3.25
v 94.87 249.11 -14.38
v 86.88 242.55 -18.26
v 75.54 251.85 -10.51
v 83.53 258.40 -6.63
v 75.54 251.85 -10.51
v 71.63 242.00 -4.95
v 88.41 231.27 31.18
v 90.49 236.36 28.26
v 82.96 232.70 -12.70
v 86.88 242.55 -18.26
v 101.98 226.93 20.40
v 99.90 221.85 23.32
v 71.63 242.00 -4.95
v 69.44 233.35 1.75
v 87.23 226.80 34.69
v 88.41 231.27 31.18
v 80.77 224.06 -5.99
v 82.96 232.70 -12.70
v 99.90 221.85 23.32
v 98.72 217.38 26.83
v 69.44 233.35 1.75
v 59.33 227.84 -6.32
v 81.98 223.93 30.48
v 87.23 226.80 34.69
v 70.65 218.55 -14.06
v 80.77 224.06 -5.99
v 98.72 217.38 26.83
v 93.47 214.51 22.63
v 59.33 227.84 -6.32
v 55.99 213.33 5.53
v 80.20 216.43 36.68
v 81.98 223.93 30.48
v 67.31 204.05 -2.21
v 70.65 218.55 -14.06
v 93.47 214.51 22.63
v 91.68 207.01 28.83
v 55.99 213.33 5.53
v 62.11 198.89 31.16
v 83.33 208.96 50.05
v 80.20 216.43 36.68
v 73.42 189.61 23.43
v 67.31 204.05 -2.21
v 91.68 207.01 28.83
v 94.81 199.54 42.20
v 62.11 198.89 31.16
v 64.72 183.67 53.15
v 84.67 201.05 61.49
v 83.33 208.96 50.05
v 76.03 174.39 45.42
v 73.42 189.61 23.43
v 94.81 199.54 42.20
v 96.16 191.63 53.63
v 64.72 183.67 53.15
v 68.35 169.53 75.80
v 86.59 193.68 73.24
v 84.67 201.05 61.49
v 79.67 160.25 68.06
v 76.03 174.39 45.42
v 96.16 191.63 53.63
v 98.08 184.26 65.39
v 68.35 169.53 75.80
v 69.23 151.27 99.99
v 87.13 184.12 85.77
v 86.59 193.68 73.24
v 80.56 141.98 92.25
v 79.67 160.25 68.06
v 98.08 184.26 65.39
v 98.62 174.69 77.92
v 69.23 151.27 99.99
v 90.14 165.54 113.57
v 98.02 191.53 92.83
v 87.13 184.12 85.77
v 101.47 156.24 105.83
v 80.56 141.98 92.25
v 98.62 174.69 77.92
v 109.50 182.10 84.97
v 90.14 165.54 113.57
v 108.79 177.86 126.18
v 107.72 197.93 99.37
v 98.02 191.53 92.83
v 120.12 168.57 118.43
v 101.47 156.24 105.83
v 109.50 182.10 84.97
v 119.21 188.50 91.52
v 108.79 177.86 126.18
v 126.47 188.03 140.05
v 116.93 203.20 106.58
v 107.72 197.93 99.37
v 137.80 178.74 132.31
v 120.12 168.57 118.43
v 119.21 188.50 91.52
v 128.42 193.78 98.72
v 126.47 188.03 140.05
v 147.85 195.64 162.91
v 128.11 207.11 118.42
v 116.93 203.20 106.58
v 159.19 186.34 155.16
v 137.80 178.74 132.31
v 128.42 193.78 98.72
v 139.60 197.69 110.57
v 147.85 195.64 162.91
v 149.64 206.07 152.22
v 128.97 212.59 112.91
v 128.11 207.11 118.42
v 160.97 196.78 144.47
v 159.19 186.34 155.16
v 139.60 197.69 110.57
v 140.46 203.17 105.05
v 149.64 206.07 152.22
v 154.44 215.20 147.87
v 131.44 217.36 110.67
v 128.97 212.59 112.91
v 165.77 205.91 140.13
v 160.97 196.78 144.47
v 140.46 203.17 105.05
v 142.92 207.94 102.81
v 154.44 215.20 147.87
v 156.35 224.40 139.14
v 132.39 222.18 106.15
v 131.44 217.36 110.67
v 167.67 215.12 131.40
v 165.77 205.91 140.13
v 142.92 207.94 102.81
v 143.88 212.76 98.30
v 156.35 224.40 139.14
v 159.84 233.38 133.16
v 134.18 226.87 103.06
v 132.39 222.18 106.15
v 171.16 224.09 125.42
v 167.67 215.12 131.40
v 143.88 212.76 98.30
v 145.66 217.45 95.21
v 159.84 233.38 133.16
v 165.10 242.99 129.09
v 136.90 231.88 100.96
v 134.18 226.87 103.06
v 176.41 233.71 121.35
v 171.16 224.09 125.42
v 145.66 217.45 95.21
v 148.38 222.46 93.10
v 165.10 242.99 129.09
v 172.12 253.92 126.06
v 140.53 237.57 99.39
v 136.90 231.88 100.96
v 183.43 244.64 118.33
v 176.41 233.71 121.35
v 148.38 222.46 93.10
v 152.02 228.15 91.54
v 172.12 253.92 126.06
v 153.35 258.27 93.26
v 130.76 239.84 82.34
v 140.53 237.57 99.39
v 164.66 248.99 85.52
v 183.43 244.64 118.33
v 152.02 228.15 91.54
v 142.24 230.43 74.49
v 153.35 258.27 93.26
v 131.86 260.99 58.96
v 119.62 241.24 64.48
v 130.76 239.84 82.34
v 143.18 251.71 51.22
v 164.66 248.99 85.52
v 142.24 230.43 74.49
v 131.10 231.82 56.63
v 131.86 260.99 58.96
v 110.72 262.06 27.56
v 108.69 241.74 48.11
v 119.62 241.24 64.48
v 122.04 252.77 19.81
v 143.18 251.71 51.22
v 131.10 231.82 56.63
v 120.18 232.32 40.26
v 110.72 262.06 27.56
v 91.03 264.78 -3.25
v 98.55 243.07 32.03
v 108.69 241.74 48.11
v 102.37 255.48 -11.00
v 122.04 252.77 19.81
v 120.18 232.32 40.26
v 110.04 233.65 24.17
v 91.03 264.78 -3.25
v 83.53 258.40 -6.63
v 94.65 239.76 30.27
v 98.55 243.07 32.03
v 94.87 249.11 -14.38
v 102.37 255.48 -11.00
v 110.04 233.65 24.17
v 106.13 230.34 22.41
v 83.53 258.40 -6.63
v 75.54 251.85 -10.51
v 90.49 236.36 28.26
v 94.65 239.76 30.27
v 86.88 242.55 -18.26
v 94.87 249.11 -14.38
v 106.13 230.34 22.41
v 101.98 226.93 20.40
v 90.49 236.36 28.26
v 88.41 231.27 31.18
v 106.30 219.89 70.52
v 99.90 221.85 23.32
v 101.98 226.93 20.40
v 117.83 210.42 62.63
v 88.41 231.27 31.18
v 87.23 226.80 34.69
v 106.30 219.89 70.52
v 98.72 217.38 26.83
v 99.90 221.85 23.32
v 117.83 210.42 62.63
v 87.23 226.80 34.69
v 81.98 223.93 30.48
v 106.30 219.89 70.52
v 93.47 214.51 22.63
v 98.72 217.38 26.83
v 117.83 210.42 62.63
v 81.98 223.93 30.48
v 80.20 216.43 36.68
v 106.30 219.89 70.52
v 91.68 207.01 28.83
v 93.47 214.51 22.63
v 117.83 210.42 62.63
v 80.20 216.43 36.68
v 83.33 208.96 50.05
v 106.30 219.89 70.52
v 94.81 199.54 42.20
v 91.68 207.01 28.83
v 117.83 210.42 62.63
v 83.33 208.96 50.05
v 84.67 201.05 61.49
v 106.30 219.89 70.52
v 96.16 191.63 53.63
v 94.81 199.54 42.20
v 117.83 210.42 62.63
v 84.67 201.05 61.49
v 86.59 193.68 73.24
v 106.30 219.89 70.52
v 98.08 184.26 65.39
v 96.16 191.63 53.63
v 117.83 210.42 62.63
v 86.59 193.68 73.24
v 87.13 184.12 85.77
v 106.30 219.89 70.52
v 98.62 174.69 77.92
v 98.08 184.26 65.39
v 117.83 210.42 62.63
v 87.13 184.12 85.77
v 98.02 191.53 92.83
v 106.30 219.89 70.52
v 109.50 182.10 84.97
v 98.62 174.69 77.92
v 117.83 210.42 62.63
v 98.02 191.53 92.83
v 107.72 197.93 99.37
v 106.30 219.89 70.52
v 119.21 188.50 91.52
v 109.50 182.10 84.97
v 117.83 210.42 62.63
v 107.72 197.93 99.37
v 116.93 203.20 106.58
v 106.30 219.89 70.52
v 128.42 193.78 98.72
v 119.21 188.50 91.52
v 117.83 210.42 62.63
v 116.93 203.20 106.58
v 128.11 207.11 118.42
v 106.30 219.89 70.52
v 139.60 197.69 110.57
v 128.42 193.78 98.72
v 117.83 210.42 62.63
v 128.11 207.11 118.42
v 128.97 212.59 112.91
v 106.30 219.89 70.52
v 140.46 203.17 105.05
v 139.60 197.69 110.57
v 117.83 210.42 62.63
v 128.97 212.59 112.91
v 131.44 217.36 110.67
v 106.30 219.89 70.52
v 142.92 207.94 102.81
v 140.46 203.17 105.05
v 117.83 210.42 62.63
v 131.44 217.36 110.67
v 132.39 222.18 106.15
v 106.30 219.89 70.52
v 143.88 212.76 98.30
v 142.92 207.94 102.81
v 117.83 210.42 62.63
v 132.39 222.18 106.15
v 134.18 226.87 103.06
v 106.30 219.89 70.52
v 145.66 217.45 95.21
v 143.88 212.76 98.30
v 117.83 210.42 62.63
v 134.18 226.87 103.06
v 136.90 231.88 100.96
v 106.30 219.89 70.52
v 148.38 222.46 93.10
v 145.66 217.45 95.21
v 117.83 210.42 62.63
v 136.90 231.88 100.96
v 140.53 237.57 99.39
v 106.30 219.89 70.52
v 152.02 228.15 91.54
v 148.38 222.46 93.10
v 117.83 210.42 62.63
v 140.53 237.57 99.39
v 130.76 239.84 82.34
v 106.30 219.89 70.52
v 142.24 230.43 74.49
v 152.02 228.15 91.54
v 117.83 210.42 62.63
v 130.76 239.84 82.34
v 119.62 241.24 64.48
v 106.30 219.89 70.52
v 131.10 231.82 56.63
v 142.24 230.43 74.49
v 117.83 210.42 62.63
v 119.62 241.24 64.48
v 108.69 241.74 48.11
v 106.30 219.89 70.52
v 120.18 232.32 40.26
v 131.10 231.82 56.63
v 117.83 210.42 62.63
v 108.69 241.74 48.11
v 98.55 243.07 32.03
v 106.30 219.89 70.52
v 110.04 233.65 24.17
v 120.18 232.32 40.26
v 117.83 210.42 62.63
v 98.55 243.07 32.03
v 94.65 239.76 30.27
v 106.30 219.89 70.52
v 106.13 230.34 22.41
v 110.04 233.65 24.17
v 117.83 210.42 62.63
v 94.65 239.76 30.27
v 90.49 236.36 28.26
v 106.30 219.89 70.52
v 101.98 226.93 20.40
v 106.13 230.34 22.41
v 117.83 210.42 62.63
v 73.85 227.88 -1.34
v 75.00 230.32 -2.59
v 62.86 223.37 -20.30
v 65.27 221.82 -21.11
v 75.00 230.32 -2.59
v 77.32 228.73 -3.56
v 64.15 225.88 -21.25
v 62.86 223.37 -20.30
v 77.32 228.73 -3.56
v 76.17 226.29 -2.31
v 66.56 224.33 -22.06
v 64.15 225.88 -21.25
v 76.17 226.29 -2.31
v 73.85 227.88 -1.34
v 65.27 221.82 -21.11
v 66.56 224.33 -22.06
v 65.27 221.82 -21.11
v 62.86 223.37 -20.30
v 58.83 220.07 -41.95
v 60.22 222.61 -42.64
v 62.86 223.37 -20.30
v 64.15 225.88 -21.25
v 56.23 221.53 -41.85
v 58.83 220.07 -41.95
v 64.15 225.88 -21.25
v 66.56 224.33 -22.06
v 57.63 224.06 -42.55
v 56.23 221.53 -41.85
v 66.56 224.33 -22.06
v 65.27 221.82 -21.11
v 60.22 222.61 -42.64
v 57.63 224.06 -42.55
v 60.22 222.61 -42.64
v 58.83 220.07 -41.95
v 60.55 216.24 -63.53
v 57.92 217.55 -64.03
v 58.83 220.07 -41.95
v 56.23 221.53 -41.85
v 59.15 213.72 -62.78
v 60.55 216.24 -63.53
v 56.23 221.53 -41.85
v 57.63 224.06 -42.55
v 56.52 215.03 -63.28
v 59.15 213.72 -62.78
v 57.63 224.06 -42.55
v 60.22 222.61 -42.64
v 57.92 217.55 -64.03
v 56.52 215.03 -63.28
v 57.92 217.55 -64.03
v 60.55 216.24 -63.53
v 59.06 210.64 -85.04
v 57.66 208.12 -84.29
v 60.55 216.24 -63.53
v 59.15 213.72 -62.78
v 61.68 209.35 -84.47
v 59.06 210.64 -85.04
v 59.15 213.72 -62.78
v 56.52 215.03 -63.28
v 60.29 206.83 -83.72
v 61.68 209.35 -84.47
v 56.52 215.03 -63.28
v 57.92 217.55 -64.03
v 57.66 208.12 -84.29
v 60.29 206.83 -83.72
v 76.17 226.29 -2.31
v 77.32 228.73 -3.56
v 75.00 230.32 -2.59
v 73.85 227.88 -1.34
v 57.66 208.12 -84.29
v 59.06 210.64 -85.04
v 61.68 209.35 -84.47
v 60.29 206.83 -83.72
v 168.05 242.01 126.80
v 167.06 239.88 127.90
v 174.74 243.46 135.65
v 176.61 242.03 134.58
v 167.06 239.88 127.90
v 168.89 238.44 126.76
v 173.74 241.34 136.75
v 174.74 243.46 135.65
v 168.89 238.44 126.76
v 169.88 240.57 125.66
v 175.62 239.90 135.68
v 173.74 241.34 136.75
v 169.88 240.57 125.66
v 168.05 242.01 126.80
v 176.61 242.03 134.58
v 175.62 239.90 135.68
v 176.61 242.03 134.58
v 174.74 243.46 135.65
v 182.86 243.91 143.83
v 181.85 241.78 144.90
v 174.74 243.46 135.65
v 173.74 241.34 136.75
v 180.91 245.32 144.78
v 182.86 243.91 143.83
v 173.74 241.34 136.75
v 175.62 239.90 135.68
v 179.89 243.19 145.85
v 180.91 245.32 144.78
v 175.62 239.90 135.68
v 176.61 242.03 134.58
v 181.85 241.78 144.90
v 179.89 243.19 145.85
v 181.85 241.78 144.90
v 182.86 243.91 143.83
v 187.56 243.68 154.58
v 185.53 245.06 155.41
v 182.86 243.91 143.83
v 180.91 245.32 144.78
v 188.47 245.76 153.34
v 187.56 243.68 154.58
v 180.91 245.32 144.78
v 179.89 243.19 145.85
v 186.44 247.14 154.17
v 188.47 245.76 153.34
v 179.89 243.19 145.85
v 181.85 241.78 144.90
v 185.53 245.06 155.41
v 186.44 247.14 154.17
v 185.53 245.06 155.41
v 187.56 243.68 154.58
v 191.37 249.10 164.21
v 192.15 251.11 162.77
v 187.56 243.68 154.58
v 188.47 245.76 153.34
v 193.45 247.75 163.45
v 191.37 249.10 164.21
v 188.47 245.76 153.34
v 186.44 247.14 154.17
v 194.23 249.76 162.01
v 193.45 247.75 163.45
v 186.44 247.14 154.17
v 185.53 245.06 155.41
v 192.15 251.11 162.77
v 194.23 249.76 162.01
v 169.88 240.57 125.66
v 168.89 238.44 126.76
v 167.06 239.88 127.90
v 168.05 242.01 126.80
v 192.15 251.11 162.77
v 191.37 249.10 164.21
v 193.45 247.75 163.45
v 194.23 249.76 162.01
v 64.26 195.99 30.44
v 64.25 197.65 28.43
v 55.70 186.39 22.56
v 57.88 185.31 21.65
v 64.25 197.65 28.43
v 66.39 196.52 27.49
v 55.81 188.19 20.68
v 55.70 186.39 22.56
v 66.39 196.52 27.49
v 66.40 194.86 29.49
v 57.98 187.10 19.77
v 55.81 188.19 20.68
v 66.40 194.86 29.49
v 64.26 195.99 30.44
v 57.88 185.31 21.65
v 57.98 187.10 19.77
v 57.88 185.31 21.65
v 55.70 186.39 22.56
v 50.15 177.24 11.76
v 50.15 178.91 9.76
v 55.70 186.39 22.56
v 55.81 188.19 20.68
v 48.06 178.43 12.75
v 50.15 177.24 11.76
v 55.81 188.19 20.68
v 57.98 187.10 19.77
v 48.06 180.09 10.75
v 48.06 178.43 12.75
v 57.98 187.10 19.77
v 57.88 185.31 21.65
v 50.15 178.91 9.76
v 48.06 180.09 10.75
v 50.15 178.91 9.76
v 50.15 177.24 11.76
v 40.11 168.57 4.41
v 38.18 169.91 5.52
v 50.15 177.24 11.76
v 48.06 178.43 12.75
v 40.52 167.30 6.64
v 40.11 168.57 4.41
v 48.06 178.43 12.75
v 48.06 180.09 10.75
v 38.59 168.63 7.75
v 40.52 167.30 6.64
v 48.06 180.09 10.75
v 50.15 178.91 9.76
v 38.18 169.91 5.52
v 38.59 168.63 7.75
v 38.18 169.91 5.52
v 40.11 168.57 4.41
v 28.49 158.91 2.24
v 29.01 157.77 4.52
v 40.11 168.57 4.41
v 40.52 167.30 6.64
v 30.40 157.56 1.12
v 28.49 158.91 2.24
v 40.52 167.30 6.64
v 38.59 168.63 7.75
v 30.93 156.42 3.39
v 30.40 157.56 1.12
v 38.59 168.63 7.75
v 38.18 169.91 5.52
v 29.01 157.77 4.52
v 30.93 156.42 3.39
v 66.40 194.86 29.49
v 66.39 196.52 27.49
v 64.25 197.65 28.43
v 64.26 195.99 30.44
v 29.01 157.77 4.52
v 28.49 158.91 2.24
v 30.40 157.56 1.12
v 30.93 156.42 3.39
v 167.53 228.23 127.30
v 166.81 226.24 128.63
v 173.64 231.32 135.31
v 175.34 229.92 134.14
v 166.81 226.24 128.63
v 168.72 224.93 127.69
v 172.55 229.26 136.20
v 173.64 231.32 135.31
v 168.72 224.93 127.69
v 169.44 226.92 126.37
v 174.25 227.86 135.02
v 172.55 229.26 136.20
v 169.44 226.92 126.37
v 167.53 228.23 127.30
v 175.34 229.92 134.14
v 174.25 227.86 135.02
v 175.34 229.92 134.14
v 173.64 231.32 135.31
v 180.98 227.63 142.19
v 179.68 225.58 142.75
v 173.64 231.32 135.31
v 172.55 229.26 136.20
v 179.50 228.98 143.67
v 180.98 227.63 142.19
v 172.55 229.26 136.20
v 174.25 227.86 135.02
v 178.19 226.93 144.23
v 179.50 228.98 143.67
v 174.25 227.86 135.02
v 175.34 229.92 134.14
v 179.68 225.58 142.75
v 178.19 226.93 144.23
v 179.68 225.58 142.75
v 180.98 227.63 142.19
v 186.32 224.31 150.34
v 184.90 225.64 151.91
v 180.98 227.63 142.19
v 179.50 228.98 143.67
v 187.45 226.40 149.59
v 186.32 224.31 150.34
v 179.50 228.98 143.67
v 178.19 226.93 144.23
v 186.03 227.73 151.15
v 187.45 226.40 149.59
v 178.19 226.93 144.23
v 179.68 225.58 142.75
v 184.90 225.64 151.91
v 186.03 227.73 151.15
v 184.90 225.64 151.91
v 186.32 224.31 150.34
v 192.22 224.63 158.90
v 193.29 226.73 158.08
v 186.32 224.31 150.34
v 187.45 226.40 149.59
v 193.59 223.30 157.28
v 192.22 224.63 158.90
v 187.45 226.40 149.59
v 186.03 227.73 151.15
v 194.66 225.41 156.46
v 193.59 223.30 157.28
v 186.03 227.73 151.15
v 184.90 225.64 151.91
v 193.29 226.73 158.08
v 194.66 225.41 156.46
v 169.44 226.92 126.37
v 168.72 224.93 127.69
v 166.81 226.24 128.63
v 167.53 228.23 127.30
v 193.29 226.73 158.08
v 192.22 224.63 158.90
v 193.59 223.30 157.28
v 194.66 225.41 156.46
v -389.80 162.35 21.30
v -425.28 134.43 15.22
v -432.17 138.88 35.35
v -396.69 166.79 41.43
v -425.28 134.43 15.22
v -385.89 105.53 32.44
v -392.75 109.95 52.50
v -432.17 138.88 35.35
v -385.89 105.53 32.44
v -349.63 77.22 49.20
v -356.48 81.64 69.20
v -392.75 109.95 52.50
v -349.63 77.22 49.20
v -312.80 50.96 66.44
v -319.64 55.37 86.41
v -356.48 81.64 69.20
v -312.80 50.96 66.44
v -281.36 14.55 83.99
v -288.19 18.95 103.93
v -319.64 55.37 86.41
v -281.36 14.55 83.99
v -237.87 39.21 95.98
v -244.72 43.63 115.99
v -288.19 18.95 103.93
v -237.87 39.21 95.98
v -196.85 55.11 108.27
v -203.71 59.54 128.32
v -244.72 43.63 115.99
v -196.85 55.11 108.27
v -154.58 70.21 120.97
v -161.46 74.65 141.07
v -203.71 59.54 128.32
v -154.58 70.21 120.97
v -114.49 86.73 132.29
v -121.39 91.18 152.42
v -161.46 74.65 141.07
v -114.49 86.73 132.29
v -71.27 102.20 144.83
v -78.17 106.65 164.99
v -121.39 91.18 152.42
v -71.27 102.20 144.83
v -88.99 125.05 131.85
v -95.88 129.49 151.96
v -78.17 106.65 164.99
v -88.99 125.05 131.85
v -102.61 148.26 120.40
v -109.48 152.69 140.47
v -95.88 129.49 151.96
v -102.61 148.26 120.40
v -122.25 170.86 107.06
v -129.10 175.28 127.09
v -109.48 152.69 140.47
v -122.25 170.86 107.06
v -137.94 194.71 94.90
v -144.78 199.12 114.89
v -129.10 175.28 127.09
v -137.94 194.71 94.90
v -139.42 233.15 83.18
v -146.23 237.54 103.09
v -144.78 199.12 114.89
v -139.42 233.15 83.18
v -193.13 206.29 73.37
v -199.97 210.70 93.35
v -146.23 237.54 103.09
v -193.13 206.29 73.37
v -216.12 205.82 66.07
v -222.96 210.23 86.06
v -199.97 210.70 93.35
v -216.12 205.82 66.07
v -234.71 218.43 56.89
v -241.56 222.84 76.88
v -222.96 210.23 86.06
v -234.71 218.43 56.89
v -257.85 234.40 45.61
v -264.70 238.81 65.61
v -241.56 222.84 76.88
v -257.85 234.40 45.61
v -281.51 236.12 38.04
v -288.37 240.53 58.06
v -264.70 238.81 65.61
v -281.51 236.12 38.04
v -308.12 246.00 27.75
v -314.98 250.42 47.79
v -288.37 240.53 58.06
v -308.12 246.00 27.75
v -339.54 260.08 15.35
v -346.42 264.51 35.43
v -314.98 250.42 47.79
v -339.54 260.08 15.35
v -346.89 215.94 23.36
v -353.78 220.38 43.47
v -346.42 264.51 35.43
v -346.89 215.94 23.36
v -370.51 190.85 21.64
v -377.40 195.29 41.76
v -353.78 220.38 43.47
v -370.51 190.85 21.64
v -389.80 162.35 21.30
v -396.69 166.79 41.43
v -377.40 195.29 41.76
v -396.69 166.79 41.43
v -432.17 138.88 35.35
v -364.15 136.78 57.12
v -342.15 154.08 60.87
v -425.28 134.43 15.22
v -389.80 162.35 21.30
v -335.28 149.66 40.82
v -357.29 132.35 37.07
v -432.17 138.88 35.35
v -392.75 109.95 52.50
v -339.90 118.97 68.30
v -364.15 136.78 57.12
v -385.89 105.53 32.44
v -425.28 134.43 15.22
v -357.29 132.35 37.07
v -333.05 114.55 48.28
v -392.75 109.95 52.50
v -356.48 81.64 69.20
v -317.55 101.50 79.05
v -339.90 118.97 68.30
v -349.63 77.22 49.20
v -385.89 105.53 32.44
v -333.05 114.55 48.28
v -310.70 97.09 59.06
v -356.48 81.64 69.20
v -319.64 55.37 86.41
v -294.79 85.27 89.97
v -317.55 101.50 79.05
v -312.80 50.96 66.44
v -349.63 77.22 49.20
v -310.70 97.09 59.06
v -287.95 80.86 69.98
v -319.64 55.37 86.41
v -288.19 18.95 103.93
v -275.38 62.75 101.09
v -294.79 85.27 89.97
v -281.36 14.55 83.99
v -312.80 50.96 66.44
v -287.95 80.86 69.98
v -268.54 58.34 81.12
v -288.19 18.95 103.93
v -244.72 43.63 115.99
v -248.25 77.93 108.03
v -275.38 62.75 101.09
v -237.87 39.21 95.98
v -281.36 14.55 83.99
v -268.54 58.34 81.12
v -241.40 73.51 88.04
v -244.72 43.63 115.99
v -203.71 59.54 128.32
v -222.70 87.71 115.32
v -248.25 77.93 108.03
v -196.85 55.11 108.27
v -237.87 39.21 95.98
v -241.40 73.51 88.04
v -215.84 83.29 95.30
v -203.71 59.54 128.32
v -161.46 74.65 141.07
v -196.39 97.01 122.89
v -222.70 87.71 115.32
v -154.58 70.21 120.97
v -196.85 55.11 108.27
v -215.84 83.29 95.30
v -189.53 92.59 102.86
v -161.46 74.65 141.07
v -121.39 91.18 152.42
v -171.46 107.20 129.67
v -196.39 97.01 122.89
v -114.49 86.73 132.29
v -154.58 70.21 120.97
v -189.53 92.59 102.86
v -164.59 102.77 109.63
v -121.39 91.18 152.42
v -78.17 106.65 164.99
v -144.58 116.74 137.22
v -171.46 107.20 129.67
v -71.27 102.20 144.83
v -114.49 86.73 132.29
v -164.59 102.77 109.63
v -137.71 112.31 117.17
v -78.17 106.65 164.99
v -95.88 129.49 151.96
v -155.69 130.99 129.54
v -144.58 116.74 137.22
v -88.99 125.05 131.85
v -71.27 102.20 144.83
v -137.71 112.31 117.17
v -148.83 126.56 109.50
v -95.88 129.49 151.96
v -109.48 152.69 140.47
v -164.24 145.45 122.76
v -155.69 130.99 129.54
v -102.61 148.26 120.40
v -88.99 125.05 131.85
v -148.83 126.56 109.50
v -157.39 141.03 102.74
v -109.48 152.69 140.47
v -129.10 175.28 127.09
v -176.53 159.53 114.80
v -164.24 145.45 122.76
v -122.25 170.86 107.06
v -102.61 148.26 120.40
v -157.39 141.03 102.74
v -169.68 155.11 94.80
v -129.10 175.28 127.09
v -144.78 199.12 114.89
v -186.35 174.37 107.55
v -176.53 159.53 114.80
v -137.94 194.71 94.90
v -122.25 170.86 107.06
v -169.68 155.11 94.80
v -179.51 169.96 87.57
v -144.78 199.12 114.89
v -146.23 237.54 103.09
v -187.45 198.32 100.81
v -186.35 174.37 107.55
v -139.42 233.15 83.18
v -137.94 194.71 94.90
v -179.51 169.96 87.57
v -180.62 193.92 80.85
v -146.23 237.54 103.09
v -199.97 210.70 93.35
v -220.58 181.56 94.22
v -187.45 198.32 100.81
v -193.13 206.29 73.37
v -139.42 233.15 83.18
v -180.62 193.92 80.85
v -213.73 177.15 74.23
v -199.97 210.70 93.35
v -222.96 210.23 86.06
v -234.80 181.25 89.60
v -220.58 181.56 94.22
v -216.12 205.82 66.07
v -193.13 206.29 73.37
v -213.73 177.15 74.23
v -227.95 176.84 69.61
v -222.96 210.23 86.06
v -241.56 222.84 76.88
v -246.33 189.07 83.91
v -234.80 181.25 89.60
v -234.71 218.43 56.89
v -216.12 205.82 66.07
v -227.95 176.84 69.61
v -239.49 184.65 63.92
v -241.56 222.84 76.88
v -264.70 238.81 65.61
v -260.66 198.96 76.89
v -246.33 189.07 83.91
v -257.85 234.40 45.61
v -234.71 218.43 56.89
v -239.49 184.65 63.92
v -253.82 194.55 56.90
v -264.70 238.81 65.61
v -288.37 240.53 58.06
v -275.28 199.99 72.02
v -260.66 198.96 76.89
v -281.51 236.12 38.04
v -257.85 234.40 45.61
v -253.82 194.55 56.90
v -268.43 195.57 52.02
v -288.37 240.53 58.06
v -314.98 250.42 47.79
v -291.70 206.07 65.45
v -275.28 199.99 72.02
v -308.12 246.00 27.75
v -281.51 236.12 38.04
v -268.43 195.57 52.02
v -284.85 201.65 45.44
v -314.98 250.42 47.79
v -346.42 264.51 35.43
v -311.09 214.74 57.48
v -291.70 206.07 65.45
v -339.54 260.08 15.35
v -308.12 246.00 27.75
v -284.85 201.65 45.44
v -304.23 210.32 37.45
v -346.42 264.51 35.43
v -353.78 220.38 43.47
v -315.60 187.34 62.30
v -311.09 214.74 57.48
v -346.89 215.94 23.36
v -339.54 260.08 15.35
v -304.23 210.32 37.45
v -308.74 182.92 42.26
v -353.78 220.38 43.47
v -377.40 195.29 41.76
v -330.18 171.75 61.07
v -315.60 187.34 62.30
v -370.51 190.85 21.64
v -346.89 215.94 23.36
v -308.74 182.92 42.26
v -323.32 167.32 41.03
v -377.40 195.29 41.76
v -396.69 166.79 41.43
v -342.15 154.08 60.87
v -330.18 171.75 61.07
v -389.80 162.35 21.30
v -370.51 190.85 21.64
v -323.32 167.32 41.03
v -335.28 149.66 40.82
v -342.15 154.08 60.87
v -364.15 136.78 57.12
v -307.08 135.15 76.07
v -296.43 143.52 77.87
v -357.29 132.35 37.07
v -335.28 149.66 40.82
v -289.26 138.89 56.92
v -299.91 130.52 55.11
v -364.15 136.78 57.12
v -339.90 118.97 68.30
v -295.43 126.58 81.70
v -307.08 135.15 76.07
v -333.05 114.55 48.28
v -357.29 132.35 37.07
v -299.91 130.52 55.11
v -288.25 121.95 60.75
v -339.90 118.97 68.30
v -317.55 101.50 79.05
v -284.67 118.16 87.07
v -295.43 126.58 81.70
v -310.70 97.09 59.06
v -333.05 114.55 48.28
v -288.25 121.95 60.75
v -277.50 113.54 66.12
v -317.55 101.50 79.05
v -294.79 85.27 89.97
v -273.69 110.33 92.45
v -284.67 118.16 87.07
v -287.95 80.86 69.98
v -310.70 97.09 59.06
v -277.50 113.54 66.12
v -266.52 105.71 71.51
v -294.79 85.27 89.97
v -275.38 62.75 101.09
v -264.33 99.46 97.93
v -273.69 110.33 92.45
v -268.54 58.34 81.12
v -287.95 80.86 69.98
v -266.52 105.71 71.51
v -257.16 94.83 77.00
v -275.38 62.75 101.09
v -248.25 77.93 108.03
v -251.13 106.75 101.08
v -264.33 99.46 97.93
v -241.40 73.51 88.04
v -268.54 58.34 81.12
v -257.16 94.83 77.00
v -243.96 102.13 80.14
v -248.25 77.93 108.03
v -222.70 87.71 115.32
v -238.72 111.46 104.46
v -251.13 106.75 101.08
v -215.84 83.29 95.30
v -241.40 73.51 88.04
v -243.96 102.13 80.14
v -231.54 106.83 83.51
v -222.70 87.71 115.32
v -196.39 97.01 122.89
v -225.94 115.92 107.99
v -238.72 111.46 104.46
v -189.53 92.59 102.86
v -215.84 83.29 95.30
v -231.54 106.83 83.51
v -218.77 111.30 87.04
v -196.39 97.01 122.89
v -171.46 107.20 129.67
v -213.84 120.83 111.16
v -225.94 115.92 107.99
v -164.59 102.77 109.63
v -189.53 92.59 102.86
v -218.77 111.30 87.04
v -206.67 116.21 90.21
v -171.46 107.20 129.67
v -144.58 116.74 137.22
v -200.80 125.43 114.72
v -213.84 120.83 111.16
v -137.71 112.31 117.17
v -164.59 102.77 109.63
v -206.67 116.21 90.21
v -193.63 120.80 93.76
v -144.58 116.74 137.22
v -155.69 130.99 129.54
v -206.23 132.36 111.16
v -200.80 125.43 114.72
v -148.83 126.56 109.50
v -137.71 112.31 117.17
v -193.63 120.80 93.76
v -199.06 127.73 90.20
v -155.69 130.99 129.54
v -164.24 145.45 122.76
v -210.42 139.38 108.02
v -206.23 132.36 111.16
v -157.39 141.03 102.74
v -148.83 126.56 109.50
v -199.06 127.73 90.20
v -203.25 134.76 87.07
v -164.24 145.45 122.76
v -176.53 159.53 114.80
v -216.41 146.23 104.31
v -210.42 139.38 108.02
v -169.68 155.11 94.80
v -157.39 141.03 102.74
v -203.25 134.76 87.07
v -209.24 141.60 83.36
v -176.53 159.53 114.80
v -186.35 174.37 107.55
v -221.21 153.44 100.93
v -216.41 146.23 104.31
v -179.51 169.96 87.57
v -169.68 155.11 94.80
v -209.24 141.60 83.36
v -214.04 148.82 79.99
v -186.35 174.37 107.55
v -187.45 198.32 100.81
v -221.82 165.08 97.90
v -221.21 153.44 100.93
v -180.62 193.92 80.85
v -179.51 169.96 87.57
v -214.04 148.82 79.99
v -214.65 160.46 76.96
v -187.45 198.32 100.81
v -220.58 181.56 94.22
v -237.77 156.92 94.48
v -221.82 165.08 97.90
v -213.73 177.15 74.23
v -180.62 193.92 80.85
v -214.65 160.46 76.96
v -230.60 152.30 73.54
v -220.58 181.56 94.22
v -234.80 181.25 89.60
v -244.64 156.76 92.21
v -237.77 156.92 94.48
v -227.95 176.84 69.61
v -213.73 177.15 74.23
v -230.60 152.30 73.54
v -237.47 152.14 71.27
v -234.80 181.25 89.60
v -246.33 189.07 83.91
v -250.22 160.54 89.46
v -244.64 156.76 92.21
v -239.49 184.65 63.92
v -227.95 176.84 69.61
v -237.47 152.14 71.27
v -243.05 155.92 68.52
v -246.33 189.07 83.91
v -260.66 198.96 76.89
v -257.15 165.33 86.05
v -250.22 160.54 89.46
v -253.82 194.55 56.90
v -239.49 184.65 63.92
v -243.05 155.92 68.52
v -249.98 160.70 65.10
v -260.66 198.96 76.89
v -275.28 199.99 72.02
v -264.19 165.81 83.62
v -257.15 165.33 86.05
v -268.43 195.57 52.02
v -253.82 194.55 56.90
v -249.98 160.70 65.10
v -257.02 161.18 62.67
v -275.28 199.99 72.02
v -291.70 206.07 65.45
v -272.12 168.73 80.35
v -264.19 165.81 83.62
v -284.85 201.65 45.44
v -268.43 195.57 52.02
v -257.02 161.18 62.67
v -264.94 164.11 59.40
v -291.70 206.07 65.45
v -311.09 214.74 57.48
v -281.45 172.90 76.37
v -272.12 168.73 80.35
v -304.23 210.32 37.45
v -284.85 201.65 45.44
v -264.94 164.11 59.40
v -274.28 168.27 55.42
v -311.09 214.74 57.48
v -315.60 187.34 62.30
v -283.61 159.63 78.63
v -281.45 172.90 76.37
v -308.74 182.92 42.26
v -304.23 210.32 37.45
v -274.28 168.27 55.42
v -276.44 155.00 57.68
v -315.60 187.34 62.30
v -330.18 171.75 61.07
v -290.64 152.07 77.97
v -283.61 159.63 78.63
v -323.32 167.32 41.03
v -308.74 182.92 42.26
v -276.44 155.00 57.68
v -283.47 147.44 57.01
v -330.18 171.75 61.07
v -342.15 154.08 60.87
v -296.43 143.52 77.87
v -290.64 152.07 77.97
v -335.28 149.66 40.82
v -323.32 167.32 41.03
v -283.47 147.44 57.01
v -289.26 138.89 56.92
v -296.43 143.52 77.87
v -307.08 135.15 76.07
v -253.76 133.73 94.35
v -299.91 130.52 55.11
v -289.26 138.89 56.92
v -246.51 129.06 73.19
v -307.08 135.15 76.07
v -295.43 126.58 81.70
v -253.76 133.73 94.35
v -288.25 121.95 60.75
v -299.91 130.52 55.11
v -246.51 129.06 73.19
v -295.43 126.58 81.70
v -284.67 118.16 87.07
v -253.76 133.73 94.35
v -277.50 113.54 66.12
v -288.25 121.95 60.75
v -246.51 129.06 73.19
v -284.67 118.16 87.07
v -273.69 110.33 92.45
v -253.76 133.73 94.35
v -266.52 105.71 71.51
v -277.50 113.54 66.12
v -246.51 129.06 73.19
v -273.69 110.33 92.45
v -264.33 99.46 97.93
v -253.76 133.73 94.35
v -257.16 94.83 77.00
v -266.52 105.71 71.51
v -246.51 129.06 73.19
v -264.33 99.46 97.93
v -251.13 106.75 101.08
v -253.76 133.73 94.35
v -243.96 102.13 80.14
v -257.16 94.83 77.00
v -246.51 129.06 73.19
v -251.13 106.75 101.08
v -238.72 111.46 104.46
v -253.76 133.73 94.35
v -231.54 106.83 83.51
v -243.96 102.13 80.14
v -246.51 129.06 73.19
v -238.72 111.46 104.46
v -225.94 115.92 107.99
v -253.76 133.73 94.35
v -218.77 111.30 87.04
v -231.54 106.83 83.51
v -246.51 129.06 73.19
v -225.94 115.92 107.99
v -213.84 120.83 111.16
v -253.76 133.73 94.35
v -206.67 116.21 90.21
v -218.77 111.30 87.04
v -246.51 129.06 73.19
v -213.84 120.83 111.16
v -200.80 125.43 114.72
v -253.76 133.73 94.35
v -193.63 120.80 93.76
v -206.67 116.21 90.21
v -246.51 129.06 73.19
v -200.80 125.43 114.72
v -206.23 132.36 111.16
v -253.76 133.73 94.35
v -199.06 127.73 90.20
v -193.63 120.80 93.76
v -246.51 129.06 73.19
v -206.23 132.36 111.16
v -210.42 139.38 108.02
v -253.76 133.73 94.35
v -203.25 134.76 87.07
v -199.06 127.73 90.20
v -246.51 129.06 73.19
v -210.42 139.38 108.02
v -216.41 146.23 104.31
v -253.76 133.73 94.35
v -209.24 141.60 83.36
v -203.25 134.76 87.07
v -246.51 129.06 73.19
v -216.41 146.23 104.31
v -221.21 153.44 100.93
v -253.76 133.73 94.35
v -214.04 148.82 79.99
v -209.24 141.60 83.36
v -246.51 129.06 73.19
v -221.21 153.44 100.93
v -221.82 165.08 97.90
v -253.76 133.73 94.35
v -214.65 160.46 76.96
v -214.04 148.82 79.99
v -246.51 129.06 73.19
v -221.82 165.08 97.90
v -237.77 156.92 94.48
v -253.76 133.73 94.35
v -230.60 152.30 73.54
v -214.65 160.46 76.96
v -246.51 129.06 73.19
v -237.77 156.92 94.48
v -244.64 156.76 92.21
v -253.76 133.73 94.35
v -237.47 152.14 71.27
v -230.60 152.30 73.54
v -246.51 129.06 73.19
v -244.64 156.76 92.21
v -250.22 160.54 89.46
v -253.76 133.73 94.35
v -243.05 155.92 68.52
v -237.47 152.14 71.27
v -246.51 129.06 73.19
v -250.22 160.54 89.46
v -257.15 165.33 86.05
v -253.76 133.73 94.35
v -249.98 160.70 65.10
v -243.05 155.92 68.52
v -246.51 129.06 73.19
v -257.15 165.33 86.05
v -264.19 165.81 83.62
v -253.76 133.73 94.35
v -257.02 161.18 62.67
v -249.98 160.70 65.10
v -246.51 129.06 73.19
v -264.19 165.81 83.62
v -272.12 168.73 80.35
v -253.76 133.73 94.35
v -264.94 164.11 59.40
v -257.02 161.18 62.67
v -246.51 129.06 73.19
v -272.12 168.73 80.35
v -281.45 172.90 76.37
v -253.76 133.73 94.35
v -274.28 168.27 55.42
v -264.94 164.11 59.40
v -246.51 129.06 73.19
v -281.45 172.90 76.37
v -283.61 159.63 78.63
v -253.76 133.73 94.35
v -276.44 155.00 57.68
v -274.28 168.27 55.42
v -246.51 129.06 73.19
v -283.61 159.63 78.63
v -290.64 152.07 77.97
v -253.76 133.73 94.35
v -283.47 147.44 57.01
v -276.44 155.00 57.68
v -246.51 129.06 73.19
v -290.64 152.07 77.97
v -296.43 143.52 77.87
v -253.76 133.73 94.35
v -289.26 138.89 56.92
v -283.47 147.44 57.01
v -246.51 129.06 73.19
v -372.99 190.60 29.41
v -371.69 193.84 29.14
v -389.81 197.48 30.89
v -389.64 197.12 27.42
v -371.69 193.84 29.14
v -372.07 193.70 25.66
v -388.02 200.47 30.67
v -389.81 197.48 30.89
v -372.07 193.70 25.66
v -373.36 190.46 25.93
v -387.85 200.11 27.19
v -388.02 200.47 30.67
v -373.36 190.46 25.93
v -372.99 190.60 29.41
v -389.64 197.12 27.42
v -387.85 200.11 27.19
v -389.64 197.12 27.42
v -389.81 197.48 30.89
v -402.96 207.89 22.67
v -400.52 210.40 22.53
v -389.81 197.48 30.89
v -388.02 200.47 30.67
v -403.56 208.66 26.03
v -402.96 207.89 22.67
v -388.02 200.47 30.67
v -387.85 200.11 27.19
v -401.13 211.17 25.89
v -403.56 208.66 26.03
v -387.85 200.11 27.19
v -389.64 197.12 27.42
v -400.52 210.40 22.53
v -401.13 211.17 25.89
v -400.52 210.40 22.53
v -402.96 207.89 22.67
v -411.63 222.64 17.71
v -412.46 223.64 20.96
v -402.96 207.89 22.67
v -403.56 208.66 26.03
v -414.41 220.53 17.64
v -411.63 222.64 17.71
v -403.56 208.66 26.03
v -401.13 211.17 25.89
v -415.25 221.52 20.89
v -414.41 220.53 17.64
v -401.13 211.17 25.89
v -400.52 210.40 22.53
v -412.46 223.64 20.96
v -415.25 221.52 20.89
v -412.46 223.64 20.96
v -411.63 222.64 17.71
v -420.49 237.19 12.92
v -423.44 235.32 12.73
v -411.63 222.64 17.71
v -414.41 220.53 17.64
v -419.49 235.93 9.81
v -420.49 237.19 12.92
v -414.41 220.53 17.64
v -415.25 221.52 20.89
v -422.44 234.07 9.62
v -419.49 235.93 9.81
v -415.25 221.52 20.89
v -412.46 223.64 20.96
v -423.44 235.32 12.73
v -422.44 234.07 9.62
v -373.36 190.46 25.93
v -372.07 193.70 25.66
v -371.69 193.84 29.14
v -372.99 190.60 29.41
v -423.44 235.32 12.73
v -420.49 237.19 12.92
v -419.49 235.93 9.81
v -422.44 234.07 9.62
v -88.95 126.92 134.10
v -89.56 124.03 134.53
v -62.08 121.17 133.44
v -62.13 120.74 130.48
v -89.56 124.03 134.53
v -89.72 123.63 131.58
v -62.52 118.25 133.87
v -62.08 121.17 133.44
v -89.72 123.63 131.58
v -89.11 126.52 131.15
v -62.57 117.82 130.91
v -62.52 118.25 133.87
v -89.11 126.52 131.15
v -88.95 126.92 134.10
v -62.13 120.74 130.48
v -62.57 117.82 130.91
v -62.13 120.74 130.48
v -62.08 121.17 133.44
v -34.75 118.51 131.42
v -34.51 115.57 131.84
v -62.08 121.17 133.44
v -62.52 118.25 133.87
v -35.10 118.91 134.36
v -34.75 118.51 131.42
v -62.52 118.25 133.87
v -62.57 117.82 130.91
v -34.86 115.96 134.78
v -35.10 118.91 134.36
v -62.57 117.82 130.91
v -62.13 120.74 130.48
v -34.51 115.57 131.84
v -34.86 115.96 134.78
v -34.51 115.57 131.84
v -34.75 118.51 131.42
v -7.94 123.05 136.71
v -8.90 123.37 139.52
v -34.75 118.51 131.42
v -35.10 118.91 134.36
v -8.35 125.96 136.23
v -7.94 123.05 136.71
v -35.10 118.91 134.36
v -34.86 115.96 134.78
v -9.32 126.29 139.04
v -8.35 125.96 136.23
v -34.86 115.96 134.78
v -34.51 115.57 131.84
v -8.90 123.37 139.52
v -9.32 126.29 139.04
v -8.90 123.37 139.52
v -7.94 123.05 136.71
v 15.73 125.94 151.03
v 15.60 128.89 150.64
v -7.94 123.05 136.71
v -8.35 125.96 136.23
v 17.01 125.64 148.35
v 15.73 125.94 151.03
v -8.35 125.96 136.23
v -9.32 126.29 139.04
v 16.88 128.60 147.96
v 17.01 125.64 148.35
v -9.32 126.29 139.04
v -8.90 123.37 139.52
v 15.60 128.89 150.64
v 16.88 128.60 147.96
v -89.11 126.52 131.15
v -89.72 123.63 131.58
v -89.56 124.03 134.53
v -88.95 126.92 134.10
v 15.60 128.89 150.64
v 15.73 125.94 151.03
v 17.01 125.64 148.35
v 16.88 128.60 147.96
v -314.01 52.29 74.37
v -316.35 53.49 73.30
v -325.09 35.36 79.65
v -324.35 34.50 77.05
v -316.35 53.49 73.30
v -315.79 52.34 70.77
v -327.56 36.34 78.63
v -325.09 35.36 79.65
v -315.79 52.34 70.77
v -313.45 51.14 71.84
v -326.81 35.47 76.03
v -327.56 36.34 78.63
v -313.45 51.14 71.84
v -314.01 52.29 74.37
v -324.35 34.50 77.05
v -326.81 35.47 76.03
v -324.35 34.50 77.05
v -325.09 35.36 79.65
v -330.57 15.37 78.90
v -333.23 15.81 78.00
v -325.09 35.36 79.65
v -327.56 36.34 78.63
v -331.47 15.49 81.59
v -330.57 15.37 78.90
v -327.56 36.34 78.63
v -326.81 35.47 76.03
v -334.13 15.93 80.69
v -331.47 15.49 81.59
v -326.81 35.47 76.03
v -324.35 34.50 77.05
v -333.23 15.81 78.00
v -334.13 15.93 80.69
v -333.23 15.81 78.00
v -330.57 15.37 78.90
v -333.36 -4.74 75.61
v -334.35 -5.37 78.19
v -330.57 15.37 78.90
v -331.47 15.49 81.59
v -330.71 -4.78 76.61
v -333.36 -4.74 75.61
v -331.47 15.49 81.59
v -334.13 15.93 80.69
v -331.69 -5.42 79.20
v -330.71 -4.78 76.61
v -334.13 15.93 80.69
v -333.23 15.81 78.00
v -334.35 -5.37 78.19
v -331.69 -5.42 79.20
v -334.35 -5.37 78.19
v -333.36 -4.74 75.61
v -331.47 -25.20 71.61
v -328.83 -25.15 72.63
v -333.36 -4.74 75.61
v -330.71 -4.78 76.61
v -330.53 -24.23 69.12
v -331.47 -25.20 71.61
v -330.71 -4.78 76.61
v -331.69 -5.42 79.20
v -327.88 -24.19 70.14
v -330.53 -24.23 69.12
v -331.69 -5.42 79.20
v -334.35 -5.37 78.19
v -328.83 -25.15 72.63
v -327.88 -24.19 70.14
v -313.45 51.14 71.84
v -315.79 52.34 70.77
v -316.35 53.49 73.30
v -314.01 52.29 74.37
v -328.83 -25.15 72.63
v -331.47 -25.20 71.61
v -330.53 -24.23 69.12
v -327.88 -24.19 70.14
v -375.10 192.22 33.91
v -374.04 194.77 33.71
v -383.04 195.31 31.23
v -382.09 194.71 28.70
v -374.04 194.77 33.71
v -373.35 194.27 31.07
v -382.08 197.89 30.99
v -383.04 195.31 31.23
v -373.35 194.27 31.07
v -374.41 191.72 31.27
v -381.13 197.30 28.46
v -382.08 197.89 30.99
v -374.41 191.72 31.27
v -375.10 192.22 33.91
v -382.09 194.71 28.70
v -381.13 197.30 28.46
v -382.09 194.71 28.70
v -383.04 195.31 31.23
v -389.06 196.59 24.75
v -388.16 199.19 24.48
v -383.04 195.31 31.23
v -382.08 197.89 30.99
v -390.92 197.43 26.62
v -389.06 196.59 24.75
v -382.08 197.89 30.99
v -381.13 197.30 28.46
v -390.02 200.03 26.35
v -390.92 197.43 26.62
v -381.13 197.30 28.46
v -382.09 194.71 28.70
v -388.16 199.19 24.48
v -390.02 200.03 26.35
v -388.16 199.19 24.48
v -389.06 196.59 24.75
v -391.69 199.73 16.71
v -394.05 200.66 17.83
v -389.06 196.59 24.75
v -390.92 197.43 26.62
v -392.46 197.13 17.27
v -391.69 199.73 16.71
v -390.92 197.43 26.62
v -390.02 200.03 26.35
v -394.82 198.06 18.38
v -392.46 197.13 17.27
v -390.02 200.03 26.35
v -388.16 199.19 24.48
v -394.05 200.66 17.83
v -394.82 198.06 18.38
v -394.05 200.66 17.83
v -391.69 199.73 16.71
v -398.23 199.04 9.98
v -398.84 196.48 10.84
v -391.69 199.73 16.71
v -392.46 197.13 17.27
v -395.85 198.11 8.91
v -398.23 199.04 9.98
v -392.46 197.13 17.27
v -394.82 198.06 18.38
v -396.46 195.55 9.77
v -395.85 198.11 8.91
v -394.82 198.06 18.38
v -394.05 200.66 17.83
v -398.84 196.48 10.84
v -396.46 195.55 9.77
v -374.41 191.72 31.27
v -373.35 194.27 31.07
v -374.04 194.77 33.71
v -375.10 192.22 33.91
v -398.84 196.48 10.84
v -398.23 199.04 9.98
v -395.85 198.11 8.91
v -396.46 195.55 9.77
v -172.81 40.35 108.75
v -170.33 43.85 133.42
v -148.94 46.79 126.71
v -151.55 37.69 100.36
v -151.55 37.69 100.36
v -148.94 46.79 126.71
v -127.52 47.13 120.46
v -130.32 37.84 91.46
v -170.33 43.85 133.42
v -167.88 49.06 157.78
v -146.34 56.06 153.04
v -148.94 46.79 126.71
v -148.94 46.79 126.71
v -146.34 56.06 153.04
v -124.80 62.71 148.35
v -127.52 47.13 120.46
v -163.62 5.11 117.42
v -142.02 12.78 112.47
v -134.99 19.25 138.34
v -157.25 15.32 144.04
v -157.25 15.32 144.04
v -134.99 19.25 138.34
v -128.09 26.07 164.14
v -149.56 21.70 171.49
v -142.02 12.78 112.47
v -119.68 18.28 107.98
v -113.10 24.23 132.42
v -134.99 19.25 138.34
v -134.99 19.25 138.34
v -113.10 24.23 132.42
v -107.78 33.78 156.07
v -128.09 26.07 164.14
v -172.81 40.35 108.75
v -150.84 39.70 101.80
v -147.28 24.83 104.84
v -168.48 22.51 112.48
v -168.48 22.51 112.48
v -147.28 24.83 104.84
v -142.74 10.78 110.14
v -163.62 5.11 117.42
v -150.84 39.70 101.80
v -130.32 37.84 91.46
v -124.21 28.72 101.56
v -147.28 24.83 104.84
v -147.28 24.83 104.84
v -124.21 28.72 101.56
v -119.68 18.28 107.98
v -142.74 10.78 110.14
v -167.88 49.06 157.78
v -158.82 34.25 162.51
v -137.49 41.97 158.72
v -146.28 56.58 154.37
v -146.28 56.58 154.37
v -137.49 41.97 158.72
v -116.29 48.30 152.32
v -124.80 62.71 148.35
v -158.82 34.25 162.51
v -149.56 21.70 171.49
v -128.64 28.01 164.28
v -137.49 41.97 158.72
v -137.49 41.97 158.72
v -128.64 28.01 164.28
v -107.78 33.78 156.07
v -116.29 48.30 152.32
v -172.81 40.35 108.75
v -169.59 22.42 113.28
v -166.24 28.43 139.25
v -171.83 44.36 133.48
v -171.83 44.36 133.48
v -166.24 28.43 139.25
v -159.05 35.30 164.68
v -167.88 49.06 157.78
v -169.59 22.42 113.28
v -163.62 5.11 117.42
v -159.67 12.71 144.89
v -166.24 28.43 139.25
v -166.24 28.43 139.25
v -159.67 12.71 144.89
v -149.56 21.70 171.49
v -159.05 35.30 164.68
v -130.32 37.84 91.46
v -127.73 50.22 119.95
v -120.83 38.09 126.01
v -125.96 27.74 99.96
v -125.96 27.74 99.96
v -120.83 38.09 126.01
v -113.77 26.01 132.04
v -119.68 18.28 107.98
v -127.73 50.22 119.95
v -124.80 62.71 148.35
v -115.22 48.61 151.95
v -120.83 38.09 126.01
v -120.83 38.09 126.01
v -115.22 48.61 151.95
v -107.78 33.78 156.07
v -113.77 26.01 132.04
v -26.10 -1.31 162.29
v -25.32 -10.02 160.90
v -20.05 -10.53 148.49
v -19.69 -0.03 150.85
v -19.69 -0.03 150.85
v -20.05 -10.53 148.49
v -13.92 -11.07 136.49
v -14.52 1.31 138.80
v -25.32 -10.02 160.90
v -25.27 -18.70 159.16
v -17.34 -21.15 147.62
v -20.05 -10.53 148.49
v -20.05 -10.53 148.49
v -17.34 -21.15 147.62
v -12.27 -23.49 134.68
v -13.92 -11.07 136.49
v -40.13 -0.65 151.88
v -31.75 -1.91 140.09
v -33.34 -12.54 142.02
v -42.20 -11.83 152.54
v -42.20 -11.83 152.54
v -33.34 -12.54 142.02
v -37.44 -22.93 142.53
v -43.30 -23.09 153.75
v -31.75 -1.91 140.09
v -26.13 -2.92 126.74
v -27.26 -12.99 129.93
v -33.34 -12.54 142.02
v -33.34 -12.54 142.02
v -27.26 -12.99 129.93
v -29.34 -22.98 132.58
v -37.44 -22.93 142.53
v -26.10 -1.31 162.29
v -20.32 0.35 150.58
v -26.75 0.09 145.02
v -33.11 -1.44 157.04
v -33.11 -1.44 157.04
v -26.75 0.09 145.02
v -33.15 -1.20 139.36
v -40.13 -0.65 151.88
v -20.32 0.35 150.58
v -14.52 1.31 138.80
v -20.35 0.16 132.86
v -26.75 0.09 145.02
v -26.75 0.09 145.02
v -20.35 0.16 132.86
v -26.13 -2.92 126.74
v -33.15 -1.20 139.36
v -25.27 -18.70 159.16
v -34.46 -19.81 156.15
v -27.60 -21.72 144.94
v -18.65 -21.85 147.13
v -18.65 -21.85 147.13
v -27.60 -21.72 144.94
v -20.77 -23.48 133.70
v -12.27 -23.49 134.68
v -34.46 -19.81 156.15
v -43.30 -23.09 153.75
v -36.50 -21.91 142.85
v -27.60 -21.72 144.94
v -27.60 -21.72 144.94
v -36.50 -21.91 142.85
v -29.34 -22.98 132.58
v -20.77 -23.48 133.70
v -26.10 -1.31 162.29
v -33.15 -0.99 157.13
v -33.28 -10.82 156.21
v -25.32 -9.90 160.23
v -25.32 -9.90 160.23
v -33.28 -10.82 156.21
v -34.50 -20.96 156.74
v -25.27 -18.70 159.16
v -33.15 -0.99 157.13
v -40.13 -0.65 151.88
v -42.54 -12.11 153.91
v -33.28 -10.82 156.21
v -33.28 -10.82 156.21
v -42.54 -12.11 153.91
v -43.30 -23.09 153.75
v -34.50 -20.96 156.74
v -14.52 1.31 138.80
v -14.48 -11.38 137.88
v -21.35 -12.23 134.03
v -21.27 -1.06 133.76
v -21.27 -1.06 133.76
v -21.35 -12.23 134.03
v -28.28 -13.09 130.23
v -26.13 -2.92 126.74
v -14.48 -11.38 137.88
v -12.27 -23.49 134.68
v -19.73 -22.95 132.49
v -21.35 -12.23 134.03
v -21.35 -12.23 134.03
v -19.73 -22.95 132.49
v -29.34 -22.98 132.58
v -28.28 -13.09 130.23
v 3.15 -50.92 160.06
v 13.65 -48.03 151.41
v 10.12 -31.29 151.83
v -0.97 -33.82 158.99
v -0.97 -33.82 158.99
v 10.12 -31.29 151.83
v 8.67 -14.20 155.01
v -3.16 -16.40 160.50
v 13.65 -48.03 151.41
v 24.50 -45.08 143.24
v 22.40 -28.55 146.24
v 10.12 -31.29 151.83
v 10.12 -31.29 151.83
v 22.40 -28.55 146.24
v 20.58 -11.98 149.63
v 8.67 -14.20 155.01
v -11.62 -45.67 137.46
v -12.99 -28.85 142.16
v -0.85 -27.13 133.96
v 0.63 -42.78 129.71
v 0.63 -42.78 129.71
v -0.85 -27.13 133.96
v 12.21 -25.63 127.44
v 14.08 -40.17 124.15
v -12.99 -28.85 142.16
v -15.79 -11.69 144.23
v -3.24 -11.27 136.54
v -0.85 -27.13 133.96
v -0.85 -27.13 133.96
v -3.24 -11.27 136.54
v 10.16 -11.06 130.41
v 12.21 -25.63 127.44
v 3.15 -50.92 160.06
v -1.35 -33.92 161.10
v -6.74 -31.15 150.49
v -4.32 -48.31 148.81
v -4.32 -48.31 148.81
v -6.74 -31.15 150.49
v -13.70 -28.68 140.84
v -11.62 -45.67 137.46
v -1.35 -33.92 161.10
v -3.16 -16.40 160.50
v -9.19 -13.99 152.19
v -6.74 -31.15 150.49
v -6.74 -31.15 150.49
v -9.19 -13.99 152.19
v -15.79 -11.69 144.23
v -13.70 -28.68 140.84
v 24.50 -45.08 143.24
v 20.59 -42.35 133.06
v 17.76 -26.98 136.65
v 21.95 -28.66 146.72
v 21.95 -28.66 146.72
v 17.76 -26.98 136.65
v 15.06 -11.59 140.18
v 20.58 -11.98 149.63
v 20.59 -42.35 133.06
v 14.08 -40.17 124.15
v 13.82 -25.25 126.45
v 17.76 -26.98 136.65
v 17.76 -26.98 136.65
v 13.82 -25.25 126.45
v 10.16 -11.06 130.41
v 15.06 -11.59 140.18
v 3.15 -50.92 160.06
v -4.27 -47.75 148.91
v 7.64 -47.31 140.72
v 13.80 -47.52 151.78
v 13.80 -47.52 151.78
v 7.64 -47.31 140.72
v 19.28 -42.48 133.73
v 24.50 -45.08 143.24
v -4.27 -47.75 148.91
v -11.62 -45.67 137.46
v 1.28 -43.72 130.59
v 7.64 -47.31 140.72
v 7.64 -47.31 140.72
v 1.28 -43.72 130.59
v 14.08 -40.17 124.15
v 19.28 -42.48 133.73
v -3.16 -16.40 160.50
v 8.78 -16.02 154.48
v 3.00 -13.98 145.81
v -9.43 -15.07 152.03
v -9.43 -15.07 152.03
v 3.00 -13.98 145.81
v -2.81 -11.40 137.31
v -15.79 -11.69 144.23
v 8.78 -16.02 154.48
v 20.58 -11.98 149.63
v 15.33 -10.47 140.36
v 3.00 -13.98 145.81
v 3.00 -13.98 145.81
v 15.33 -10.47 140.36
v 10.16 -11.06 130.41
v -2.81 -11.40 137.31
v 7.14 9.43 159.80
v -1.08 13.87 151.79
v -10.73 4.62 151.82
v -3.58 0.11 160.07
v -3.58 0.11 160.07
v -10.73 4.62 151.82
v -22.05 -2.01 154.37
v -15.53 -7.27 162.19
v -1.08 13.87 151.79
v -8.22 16.61 142.15
v -17.74 8.90 143.35
v -10.73 4.62 151.82
v -10.73 4.62 151.82
v -17.74 8.90 143.35
v -27.67 1.83 145.18
v -22.05 -2.01 154.37
v 20.10 -2.50 145.99
v 12.54 -12.29 146.65
v 4.48 -7.55 136.90
v 11.52 3.73 136.19
v 11.52 3.73 136.19
v 4.48 -7.55 136.90
v -5.68 -1.12 130.49
v 2.00 10.72 127.87
v 12.54 -12.29 146.65
v 5.37 -22.40 146.68
v -4.00 -17.68 139.90
v 4.48 -7.55 136.90
v 4.48 -7.55 136.90
v -4.00 -17.68 139.90
v -11.74 -14.25 130.56
v -5.68 -1.12 130.49
v 7.14 9.43 159.80
v -4.45 1.36 160.52
v 4.30 -5.72 153.73
v 13.36 3.74 152.42
v 13.36 3.74 152.42
v 4.30 -5.72 153.73
v 11.91 -11.55 144.78
v 20.10 -2.50 145.99
v -4.45 1.36 160.52
v -15.53 -7.27 162.19
v -4.78 -15.16 155.00
v 4.30 -5.72 153.73
v 4.30 -5.72 153.73
v -4.78 -15.16 155.00
v 5.37 -22.40 146.68
v 11.91 -11.55 144.78
v -8.22 16.61 142.15
v -3.64 14.23 134.40
v -11.47 3.80 136.37
v -17.96 9.24 143.65
v -17.96 9.24 143.65
v -11.47 3.80 136.37
v -19.80 -6.10 137.76
v -27.67 1.83 145.18
v -3.64 14.23 134.40
v 2.00 10.72 127.87
v -4.25 -2.43 129.93
v -11.47 3.80 136.37
v -11.47 3.80 136.37
v -4.25 -2.43 129.93
v -11.74 -14.25 130.56
v -19.80 -6.10 137.76
v 7.14 9.43 159.80
v 13.70 3.58 152.87
v 5.42 8.81 143.90
v -0.26 13.42 150.89
v -0.26 13.42 150.89
v 5.42 8.81 143.90
v -3.48 13.14 135.11
v -8.22 16.61 142.15
v 13.70 3.58 152.87
v 20.10 -2.50 145.99
v 10.96 3.98 136.96
v 5.42 8.81 143.90
v 5.42 8.81 143.90
v 10.96 3.98 136.96
v 2.00 10.72 127.87
v -3.48 13.14 135.11
v -15.53 -7.27 162.19
v -21.69 -2.84 153.69
v -11.23 -8.92 146.17
v -5.06 -14.80 154.44
v -5.06 -14.80 154.44
v -11.23 -8.92 146.17
v -2.58 -17.49 138.63
v 5.37 -22.40 146.68
v -21.69 -2.84 153.69
v -27.67 1.83 145.18
v -19.53 -5.97 137.87
v -11.23 -8.92 146.17
v -11.23 -8.92 146.17
v -19.53 -5.97 137.87
v -11.74 -14.25 130.56
v -2.58 -17.49 138.63
vt 0.0000 0.0000
vt 0.0802 0.0000
vt 0.0715 0.0721
vt -0.0238 0.0681
vt 0.0000 0.0000
vt 0.0983 0.0000
vt 0.0953 0.0732
vt -0.0202 0.0693
vt 0.0000 0.0000
vt 0.0802 -0.0000
vt 0.0888 0.0819
vt -0.0074 0.0760
vt 0.0000 0.0000
vt 0.0965 0.0000
vt 0.1092 0.0777
vt -0.0040 0.0732
vt 0.0000 0.0000
vt 0.0714 0.0000
vt 0.0592 0.0941
vt -0.0110 0.0904
vt 0.0000 0.0000
vt 0.0706 0.0000
vt 0.0671 0.0957
vt -0.0048 0.0909
vt 0.0000 0.0000
vt 0.0714 -0.0000
vt 0.0561 0.0983
vt -0.0125 0.0943
vt 0.0000 0.0000
vt 0.0696 0.0000
vt 0.0634 0.1039
vt -0.0058 0.0968
vt 0.0000 0.0000
vt 0.0722 0.0000
vt 0.0661 0.0809
vt -0.0004 0.0731
vt 0.0000 0.0000
vt 0.0731 0.0000
vt 0.0898 0.0854
vt 0.0195 0.0704
vt 0.0000 0.0000
vt 0.0722 0.0000
vt 0.0567 0.1030
vt -0.0073 0.0860
vt 0.0000 0.0000
vt 0.0704 -0.0000
vt 0.0839 0.1011
vt 0.0156 0.0856
vt 0.0000 0.0000
vt 0.0628 0.0000
vt 0.0325 0.0684
vt -0.0442 0.0678
vt 0.0000 0.0000
vt 0.0770 -0.0000
vt 0.0481 0.0694
vt -0.0431 0.0685
vt 0.0000 0.0000
vt 0.0628 0.0000
vt 0.0464 0.0702
vt -0.0304 0.0687
vt 0.0000 0.0000
vt 0.0770 0.0000
vt 0.0622 0.0702
vt -0.0291 0.0694
vt 0.0000 0.0000
vt 0.0722 -0.0000
vt 0.0643 0.0827
vt -0.0037 0.0808
vt 0.0000 0.0000
vt 0.0696 0.0000
vt 0.0695 0.0849
vt 0.0060 0.0807
vt 0.0000 0.0000
vt 0.0722 -0.0000
vt 0.0553 0.0881
vt -0.0087 0.0840
vt 0.0000 0.0000
vt 0.0660 0.0000
vt 0.0587 0.0901
vt -0.0024 0.0849
vt 0.0000 0.0000
vt 0.1146 0.0000
vt 0.1158 0.0965
vt 0.0096 0.1038
vt 0.0000 0.0000
vt 0.1074 0.0000
vt 0.1029 0.0959
vt 0.0022 0.1042
vt 0.0000 0.0000
vt 0.1146 0.0000
vt 0.1086 0.0886
vt 0.0023 0.0975
vt 0.0000 0.0000
vt 0.1070 -0.0000
vt 0.0927 0.0897
vt -0.0053 0.0962
vt 0.0000 0.0000
vt 0.1868 -0.0000
vt 0.1283 0.1659
vt -0.0595 0.1451
vt 0.0000 0.0000
vt 0.1889 0.0000
vt 0.1481 0.1715
vt -0.0433 0.1507
vt 0.0000 0.0000
vt 0.1868 0.0000
vt 0.1292 0.1863
vt -0.0588 0.1659
vt 0.0000 0.0000
vt 0.1896 -0.0000
vt 0.1549 0.1933
vt -0.0376 0.1737
vt 0.0000 0.0000
vt 0.2240 -0.0000
vt 0.2664 0.1808
vt 0.0616 0.2084
vt 0.0000 0.0000
vt 0.2071 0.0000
vt 0.2270 0.1847
vt 0.0334 0.2148
vt 0.0000 0.0000
vt 0.2240 -0.0000
vt 0.2442 0.1571
vt 0.0415 0.1815
vt 0.0000 0.0000
vt 0.2082 -0.0000
vt 0.2170 0.1596
vt 0.0208 0.1862
vt 0.0000 0.0000
vt 0.1574 0.0000
vt 0.1593 0.1589
vt -0.0210 0.1570
vt 0.0000 0.0000
vt 0.1826 0.0000
vt 0.2002 0.1537
vt -0.0241 0.1565
vt 0.0000 0.0000
vt 0.1574 0.0000
vt 0.1687 0.1719
vt -0.0054 0.1615
vt 0.0000 0.0000
vt 0.1791 0.0000
vt 0.2164 0.1958
vt 0.0100 0.1753
vt 0.0000 0.0000
vt 0.1822 -0.0000
vt 0.1788 0.1966
vt 0.0200 0.1953
vt 0.0000 0.0000
vt 0.1593 -0.0000
vt 0.1556 0.1985
vt 0.0207 0.1952
vt 0.0000 0.0000
vt 0.1822 0.0000
vt 0.1569 0.1938
vt -0.0012 0.1970
vt 0.0000 0.0000
vt 0.1607 -0.0000
vt 0.1421 0.2009
vt 0.0057 0.2028
vt 0.0000 0.0000
vt 0.1580 0.0000
vt 0.1225 0.1934
vt -0.0431 0.1823
vt 0.0000 0.0000
vt 0.1709 0.0000
vt 0.1574 0.1997
vt -0.0234 0.1859
vt 0.0000 0.0000
vt 0.1580 -0.0000
vt 0.1303 0.2122
vt -0.0354 0.1977
vt 0.0000 0.0000
vt 0.1664 -0.0000
vt 0.1581 0.2176
vt -0.0181 0.1994
vt 0.0000 0.0000
vt 0.1941 -0.0000
vt 0.2365 0.1579
vt 0.0601 0.1819
vt 0.0000 0.0000
vt 0.1783 -0.0000
vt 0.1962 0.1544
vt 0.0434 0.1866
vt 0.0000 0.0000
vt 0.1941 0.0000
vt 0.2201 0.1362
vt 0.0445 0.1576
vt 0.0000 0.0000
vt 0.1770 0.0000
vt 0.1859 0.1361
vt 0.0268 0.1656
vt 0.0000 0.0000
vt 0.1064 -0.0000
vt 0.1182 0.1603
vt -0.0010 0.1390
vt 0.0000 0.0000
vt 0.1215 0.0000
vt 0.1625 0.1544
vt 0.0226 0.1372
vt 0.0000 0.0000
vt 0.1064 -0.0000
vt 0.1265 0.1838
vt 0.0111 0.1607
vt 0.0000 0.0000
vt 0.1250 0.0000
vt 0.1889 0.1754
vt 0.0428 0.1559
vt 0.0000 0.0000
vt 0.1610 0.0000
vt 0.1636 0.0949
vt 0.0030 0.0977
vt 0.0000 0.0000
vt 0.1626 0.0000
vt 0.1639 0.0954
vt 0.0019 0.0977
vt 0.0000 0.0000
vt 0.1610 -0.0000
vt 0.1633 0.1032
vt 0.0027 0.0982
vt 0.0000 0.0000
vt 0.1634 -0.0000
vt 0.1706 0.0932
vt 0.0014 0.0954
vt 0.0000 0.0000
vt 0.1388 0.0000
vt 0.1520 0.1060
vt 0.0047 0.1202
vt 0.0000 0.0000
vt 0.1499 0.0000
vt 0.1568 0.1095
vt -0.0040 0.1203
vt 0.0000 0.0000
vt 0.1388 0.0000
vt 0.1627 0.0964
vt 0.0144 0.1085
vt 0.0000 0.0000
vt 0.1488 0.0000
vt 0.1654 0.1005
vt 0.0056 0.1096
vt 0.0000 0.0000
vt 0.1003 -0.0000
vt 0.0797 0.1726
vt -0.0413 0.1837
vt 0.0000 0.0000
vt 0.1259 0.0000
vt 0.0982 0.1730
vt -0.0555 0.1799
vt 0.0000 0.0000
vt 0.1003 -0.0000
vt 0.1108 0.1626
vt -0.0103 0.1766
vt 0.0000 0.0000
vt 0.1258 0.0000
vt 0.1240 0.1665
vt -0.0286 0.1729
vt 0.0000 0.0000
vt 0.1201 0.0000
vt 0.1271 0.0993
vt 0.0202 0.1040
vt 0.0000 0.0000
vt 0.1114 0.0000
vt 0.1176 0.1008
vt 0.0176 0.1044
vt 0.0000 0.0000
vt 0.1201 -0.0000
vt 0.1176 0.0937
vt 0.0105 0.1038
vt 0.0000 0.0000
vt 0.1108 -0.0000
vt 0.1022 0.0978
vt 0.0052 0.1009
vt 0.0000 0.0000
vt 0.1454 0.0000
vt 0.1330 0.1202
vt 0.0184 0.0996
vt 0.0000 0.0000
vt 0.1174 0.0000
vt 0.1319 0.1251
vt 0.0367 0.0943
vt 0.0000 0.0000
vt 0.1454 0.0000
vt 0.1045 0.1442
vt -0.0120 0.1211
vt 0.0000 0.0000
vt 0.1230 0.0000
vt 0.1211 0.1530
vt 0.0283 0.1325
vt 0.0000 0.0000
vt 0.1492 0.0000
vt 0.1241 0.1245
vt -0.0189 0.1385
vt 0.0000 0.0000
vt 0.1451 0.0000
vt 0.1102 0.1218
vt -0.0322 0.1361
vt 0.0000 0.0000
vt 0.1492 -0.0000
vt 0.1224 0.1146
vt -0.0224 0.1267
vt 0.0000 0.0000
vt 0.1458 0.0000
vt 0.1083 0.1085
vt -0.0344 0.1224
vt 0.0000 0.0000
vt 0.1251 -0.0000
vt 0.1068 0.1386
vt -0.0052 0.1408
vt 0.0000 0.0000
vt 0.1174 -0.0000
vt 0.0957 0.1398
vt -0.0026 0.1408
vt 0.0000 0.0000
vt 0.1251 0.0000
vt 0.0882 0.1441
vt -0.0213 0.1425
vt 0.0000 0.0000
vt 0.1100 0.0000
vt 0.0768 0.1370
vt -0.0207 0.1402
vt 0.0000 0.0000
vt 0.1403 0.0000
vt 0.1170 0.0999
vt -0.0137 0.1043
vt 0.0000 0.0000
vt 0.1312 0.0000
vt 0.1055 0.0964
vt -0.0170 0.1038
vt 0.0000 0.0000
vt 0.1403 0.0000
vt 0.1122 0.0982
vt -0.0201 0.1011
vt 0.0000 0.0000
vt 0.1329 0.0000
vt 0.1018 0.0951
vt -0.0227 0.1001
vt 0.0000 0.0000
vt 0.0922 0.0000
vt 0.0894 0.1064
vt -0.0076 0.1161
vt 0.0000 0.0000
vt 0.0976 0.0000
vt 0.0847 0.1036
vt -0.0194 0.1147
vt 0.0000 0.0000
vt 0.0922 -0.0000
vt 0.0926 0.0983
vt -0.0031 0.1064
vt 0.0000 0.0000
vt 0.1043 0.0000
vt 0.1102 0.1033
vt 0.0006 0.1127
vt 0.0000 0.0000
vt 0.1048 0.0000
vt 0.0737 0.1405
vt -0.0237 0.1472
vt 0.0000 0.0000
vt 0.0977 0.0000
vt 0.0592 0.1399
vt -0.0327 0.1454
vt 0.0000 0.0000
vt 0.1048 0.0000
vt 0.0661 0.1342
vt -0.0312 0.1406
vt 0.0000 0.0000
vt 0.0975 -0.0000
vt 0.0500 0.1356
vt -0.0404 0.1409
vt 0.0000 0.0000
vt 0.1437 0.0000
vt 0.1759 0.1005
vt 0.0281 0.0985
vt 0.0000 0.0000
vt 0.1482 0.0000
vt 0.1845 0.1000
vt 0.0336 0.0967
vt 0.0000 0.0000
vt 0.1437 0.0000
vt 0.1795 0.1048
vt 0.0327 0.1009
vt 0.0000 0.0000
vt 0.1469 0.0000
vt 0.1847 0.1061
vt 0.0348 0.1007
vt 0.0000 0.0000
vt 0.1607 0.0000
vt 0.1624 0.1304
vt 0.0027 0.1314
vt 0.0000 0.0000
vt 0.1598 -0.0000
vt 0.1619 0.1288
vt 0.0004 0.1314
vt 0.0000 0.0000
vt 0.1607 -0.0000
vt 0.1575 0.1311
vt -0.0001 0.1305
vt 0.0000 0.0000
vt 0.1590 0.0000
vt 0.1597 0.1346
vt 0.0008 0.1316
vt 0.0000 0.0000
vt 0.1082 0.0000
vt 0.1302 0.1520
vt 0.0034 0.1700
vt 0.0000 0.0000
vt 0.1283 0.0000
vt 0.1298 0.1542
vt -0.0194 0.1689
vt 0.0000 0.0000
vt 0.1082 0.0000
vt 0.1493 0.1337
vt 0.0216 0.1522
vt 0.0000 0.0000
vt 0.1310 0.0000
vt 0.1498 0.1369
vt 0.0039 0.1541
vt 0.0000 0.0000
vt 0.1319 0.0000
vt 0.1325 0.1002
vt 0.0145 0.1082
vt 0.0000 0.0000
vt 0.1191 -0.0000
vt 0.1144 0.0992
vt 0.0069 0.1090
vt 0.0000 0.0000
vt 0.1319 0.0000
vt 0.1222 0.0904
vt 0.0042 0.1010
vt 0.0000 0.0000
vt 0.1191 -0.0000
vt 0.1024 0.0914
vt -0.0049 0.1003
vt 0.0000 0.0000
vt 0.0697 0.0000
vt 0.0348 0.1362
vt -0.0399 0.1291
vt 0.0000 0.0000
vt 0.0752 0.0000
vt 0.0511 0.1361
vt -0.0253 0.1328
vt 0.0000 0.0000
vt 0.0697 0.0000
vt 0.0419 0.1451
vt -0.0343 0.1364
vt 0.0000 0.0000
vt 0.0810 -0.0000
vt 0.0784 0.1498
vt -0.0093 0.1427
vt 0.0000 0.0000
vt 0.1094 0.0000
vt 0.1239 0.1621
vt 0.0346 0.1566
vt 0.0000 0.0000
vt 0.0904 0.0000
vt 0.1172 0.1611
vt 0.0472 0.1533
vt 0.0000 0.0000
vt 0.1094 -0.0000
vt 0.1031 0.1689
vt 0.0143 0.1626
vt 0.0000 0.0000
vt 0.0890 0.0000
vt 0.0930 0.1698
vt 0.0254 0.1614
vt 0.0000 0.0000
vt 0.1624 -0.0000
vt 0.1576 0.0870
vt 0.0077 0.0918
vt 0.0000 0.0000
vt 0.1513 0.0000
vt 0.1451 0.0854
vt 0.0039 0.0921
vt 0.0000 0.0000
vt 0.1624 0.0000
vt 0.1458 0.0837
vt -0.0043 0.0893
vt 0.0000 0.0000
vt 0.1502 0.0000
vt 0.1306 0.0832
vt -0.0077 0.0868
vt 0.0000 0.0000
vt 0.1072 -0.0000
vt 0.0974 0.1165
vt 0.0017 0.1102
vt 0.0000 0.0000
vt 0.0960 0.0000
vt 0.0950 0.1174
vt 0.0098 0.1098
vt 0.0000 0.0000
vt 0.1072 0.0000
vt 0.0857 0.1232
vt -0.0098 0.1166
vt 0.0000 0.0000
vt 0.0958 0.0000
vt 0.0827 0.1240
vt -0.0022 0.1175
vt 0.0000 0.0000
vt 0.1014 -0.0000
vt 0.1016 0.0660
vt -0.0019 0.0643
vt 0.0000 0.0000
vt 0.1063 -0.0000
vt 0.1126 0.0692
vt 0.0019 0.0643
vt 0.0000 0.0000
vt 0.1014 0.0000
vt 0.1058 0.0733
vt 0.0016 0.0704
vt 0.0000 0.0000
vt 0.1045 0.0000
vt 0.1111 0.0772
vt 0.0036 0.0696
vt 0.0000 0.0000
vt 0.1102 -0.0000
vt 0.1124 0.0641
vt 0.0096 0.0805
vt 0.0000 0.0000
vt 0.1044 0.0000
vt 0.0970 0.0640
vt -0.0026 0.0810
vt 0.0000 0.0000
vt 0.1102 0.0000
vt 0.1058 0.0492
vt 0.0025 0.0647
vt 0.0000 0.0000
vt 0.1045 -0.0000
vt 0.0928 0.0474
vt -0.0074 0.0641
vt 0.0000 0.0000
vt 0.0951 0.0000
vt 0.1146 0.1155
vt 0.0286 0.1218
vt 0.0000 0.0000
vt 0.0885 0.0000
vt 0.0967 0.1170
vt 0.0190 0.1236
vt 0.0000 0.0000
vt 0.0951 0.0000
vt 0.1071 0.1087
vt 0.0208 0.1170
vt 0.0000 0.0000
vt 0.0873 0.0000
vt 0.0900 0.1074
vt 0.0131 0.1175
vt 0.0000 0.0000
vt 0.0815 -0.0000
vt 0.1033 0.0831
vt 0.0213 0.1056
vt 0.0000 0.0000
vt 0.0853 0.0000
vt 0.0857 0.0844
vt -0.0059 0.1075
vt 0.0000 0.0000
vt 0.0815 0.0000
vt 0.1061 0.0580
vt 0.0250 0.0825
vt 0.0000 0.0000
vt 0.0851 -0.0000
vt 0.0933 0.0627
vt 0.0005 0.0851
vt 0.0000 0.0000
vt 0.0852 0.0000
vt 0.0796 0.0647
vt 0.0028 0.0500
vt 0.0000 0.0000
vt 0.0782 0.0000
vt 0.0846 0.0583
vt 0.0130 0.0484
vt 0.0000 0.0000
vt 0.0852 0.0000
vt 0.0737 0.0776
vt -0.0029 0.0648
vt 0.0000 0.0000
vt 0.0782 0.0000
vt 0.0809 0.0808
vt 0.0079 0.0665
vt 0.0000 0.0000
vt 0.1156 0.0000
vt 0.1312 0.1002
vt 0.0302 0.1076
vt 0.0000 0.0000
vt 0.1023 0.0000
vt 0.1144 0.1027
vt 0.0254 0.1088
vt 0.0000 0.0000
vt 0.1156 -0.0000
vt 0.1165 0.0960
vt 0.0156 0.1013
vt 0.0000 0.0000
vt 0.1016 -0.0000
vt 0.0981 0.0960
vt 0.0113 0.1031
vt 0.0000 0.0000
vt 0.0968 -0.0000
vt 0.1124 0.1090
vt 0.0073 0.1156
vt 0.0000 0.0000
vt 0.1086 0.0000
vt 0.1166 0.1085
vt 0.0048 0.1158
vt 0.0000 0.0000
vt 0.0968 0.0000
vt 0.1234 0.1066
vt 0.0175 0.1120
vt 0.0000 0.0000
vt 0.1070 0.0000
vt 0.1300 0.1066
vt 0.0143 0.1141
vt 0.0000 0.0000
vt 0.1122 -0.0000
vt 0.0981 0.0854
vt -0.0039 0.0801
vt 0.0000 0.0000
vt 0.1036 0.0000
vt 0.0955 0.0859
vt 0.0001 0.0802
vt 0.0000 0.0000
vt 0.1122 0.0000
vt 0.0907 0.0825
vt -0.0085 0.0879
vt 0.0000 0.0000
vt 0.1066 0.0000
vt 0.0922 0.0892
vt -0.0028 0.0875
vt 0.0000 0.0000
vt 0.0955 -0.0000
vt 0.0852 0.1053
vt -0.0068 0.0970
vt 0.0000 0.0000
vt 0.0930 0.0000
vt 0.0946 0.1059
vt 0.0053 0.0971
vt 0.0000 0.0000
vt 0.0955 0.0000
vt 0.0812 0.1148
vt -0.0101 0.1059
vt 0.0000 0.0000
vt 0.0937 0.0000
vt 0.0938 0.1166
vt 0.0018 0.1064
vt 0.0000 0.0000
vt 0.0804 0.0000
vt 0.0894 0.1146
vt 0.0009 0.1156
vt 0.0000 0.0000
vt 0.0895 0.0000
vt 0.0955 0.1145
vt -0.0012 0.1156
vt 0.0000 0.0000
vt 0.0804 0.0000
vt 0.0939 0.1147
vt 0.0066 0.1155
vt 0.0000 0.0000
vt 0.0873 0.0000
vt 0.1002 0.1134
vt 0.0063 0.1145
vt 0.0000 0.0000
vt 0.0881 0.0000
vt 0.1016 0.0898
vt 0.0031 0.0928
vt 0.0000 0.0000
vt 0.0986 0.0000
vt 0.1090 0.0883
vt -0.0010 0.0929
vt 0.0000 0.0000
vt 0.0881 0.0000
vt 0.1107 0.0882
vt 0.0126 0.0899
vt 0.0000 0.0000
vt 0.0987 0.0000
vt 0.1204 0.0870
vt 0.0104 0.0894
vt 0.0000 0.0000
vt 0.1055 -0.0000
vt 0.1054 0.0624
vt -0.0009 0.0763
vt 0.0000 0.0000
vt 0.1077 0.0000
vt 0.1007 0.0610
vt -0.0106 0.0755
vt 0.0000 0.0000
vt 0.1055 0.0000
vt 0.1099 0.0479
vt 0.0032 0.0633
vt 0.0000 0.0000
vt 0.1079 -0.0000
vt 0.1060 0.0493
vt -0.0060 0.0628
vt 0.0000 0.0000
vt 0.0561 0.0000
vt 0.1020 0.1048
vt 0.0286 0.1108
vt 0.0000 0.0000
vt 0.0736 -0.0000
vt 0.1112 0.1075
vt 0.0203 0.1126
vt 0.0000 0.0000
vt 0.0561 -0.0000
vt 0.1199 0.0979
vt 0.0471 0.1043
vt 0.0000 0.0000
vt 0.0735 -0.0000
vt 0.1289 0.1032
vt 0.0377 0.1078
vt 0.0000 0.0000
vt 0.0763 -0.0000
vt 0.0716 0.0771
vt 0.0106 0.0825
vt 0.0000 0.0000
vt 0.0694 -0.0000
vt 0.0664 0.0807
vt 0.0123 0.0823
vt 0.0000 0.0000
vt 0.0763 0.0000
vt 0.0594 0.0837
vt -0.0029 0.0838
vt 0.0000 0.0000
vt 0.0625 0.0000
vt 0.0462 0.0806
vt -0.0050 0.0806
vt 0.0000 0.0000
vt 0.0687 0.0000
vt 0.0429 0.0661
vt -0.0233 0.0438
vt 0.0000 0.0000
vt 0.0709 0.0000
vt 0.0677 0.0646
vt -0.0111 0.0483
vt 0.0000 0.0000
vt 0.0687 0.0000
vt 0.0432 0.0878
vt -0.0238 0.0680
vt 0.0000 0.0000
vt 0.0700 0.0000
vt 0.0706 0.0909
vt -0.0045 0.0689
vt 0.0000 0.0000
vt 0.0825 -0.0000
vt 0.0658 0.1057
vt -0.0067 0.1045
vt 0.0000 0.0000
vt 0.0732 0.0000
vt 0.0622 0.1074
vt -0.0039 0.1047
vt 0.0000 0.0000
vt 0.0825 0.0000
vt 0.0564 0.1090
vt -0.0165 0.1063
vt 0.0000 0.0000
vt 0.0751 -0.0000
vt 0.0596 0.1138
vt -0.0075 0.1100
vt 0.0000 0.0000
vt 0.1130 0.0000
vt 0.1324 0.0768
vt 0.0206 0.0845
vt 0.0000 0.0000
vt 0.1125 0.0000
vt 0.1257 0.0727
vt 0.0162 0.0855
vt 0.0000 0.0000
vt 0.1130 0.0000
vt 0.1300 0.0727
vt 0.0192 0.0775
vt 0.0000 0.0000
vt 0.1161 0.0000
vt 0.1382 0.0769
vt 0.0228 0.0831
vt 0.0000 0.0000
vt 0.1664 0.0000
vt 0.1846 0.1592
vt 0.0213 0.1582
vt 0.0000 0.0000
vt 0.1639 0.0000
vt 0.1842 0.1593
vt 0.0222 0.1581
vt 0.0000 0.0000
vt 0.1664 0.0000
vt 0.1837 0.1606
vt 0.0196 0.1596
vt 0.0000 0.0000
vt 0.1641 -0.0000
vt 0.1823 0.1601
vt 0.0209 0.1600
vt 0.0000 0.0000
vt 0.1581 0.0000
vt 0.1922 0.1705
vt 0.0240 0.1861
vt 0.0000 0.0000
vt 0.1693 -0.0000
vt 0.1881 0.1723
vt 0.0093 0.1875
vt 0.0000 0.0000
vt 0.1581 0.0000
vt 0.2020 0.1561
vt 0.0341 0.1709
vt 0.0000 0.0000
vt 0.1689 -0.0000
vt 0.1981 0.1600
vt 0.0190 0.1732
vt 0.0000 0.0000
vt 0.1597 -0.0000
vt 0.1382 0.0934
vt -0.0196 0.0816
vt 0.0000 0.0000
vt 0.1582 -0.0000
vt 0.1435 0.0938
vt -0.0138 0.0828
vt 0.0000 0.0000
vt 0.1597 0.0000
vt 0.1356 0.1063
vt -0.0221 0.0933
vt 0.0000 0.0000
vt 0.1582 0.0000
vt 0.1427 0.1054
vt -0.0147 0.0942
vt 0.0000 0.0000
vt 0.0655 0.0000
vt 0.0077 0.1619
vt -0.0582 0.1509
vt 0.0000 0.0000
vt 0.0691 -0.0000
vt 0.0360 0.1679
vt -0.0354 0.1579
vt 0.0000 0.0000
vt 0.0655 0.0000
vt 0.0135 0.1731
vt -0.0533 0.1644
vt 0.0000 0.0000
vt 0.0680 0.0000
vt 0.0404 0.1756
vt -0.0303 0.1685
vt 0.0000 0.0000
vt 0.0840 0.0000
vt 0.0618 0.1738
vt -0.0076 0.1663
vt 0.0000 0.0000
vt 0.0728 0.0000
vt 0.0739 0.1755
vt 0.0120 0.1660
vt 0.0000 0.0000
vt 0.0840 -0.0000
vt 0.0515 0.1829
vt -0.0182 0.1754
vt 0.0000 0.0000
vt 0.0727 -0.0000
vt 0.0661 0.1867
vt 0.0018 0.1761
vt 0.0000 0.0000
vt 0.1619 -0.0000
vt 0.1716 0.0900
vt 0.0113 0.1074
vt 0.0000 0.0000
vt 0.1614 -0.0000
vt 0.1610 0.0903
vt 0.0000 0.1080
vt 0.0000 0.0000
vt 0.1619 0.0000
vt 0.1698 0.0733
vt 0.0097 0.0902
vt 0.0000 0.0000
vt 0.1616 -0.0000
vt 0.1618 0.0733
vt -0.0005 0.0911
vt 0.0000 0.0000
vt 0.1004 -0.0000
vt 0.0917 0.1342
vt -0.0025 0.1323
vt 0.0000 0.0000
vt 0.0969 -0.0000
vt 0.0902 0.1346
vt 0.0012 0.1323
vt 0.0000 0.0000
vt 0.1004 0.0000
vt 0.0856 0.1357
vt -0.0086 0.1361
vt 0.0000 0.0000
vt 0.0960 -0.0000
vt 0.0819 0.1363
vt -0.0041 0.1350
vt 0.0000 0.0000
vt 0.1500 -0.0000
vt 0.1627 0.1009
vt 0.0144 0.1157
vt 0.0000 0.0000
vt 0.1490 0.0000
vt 0.1515 0.0993
vt 0.0031 0.1166
vt 0.0000 0.0000
vt 0.1500 0.0000
vt 0.1618 0.0877
vt 0.0131 0.1008
vt 0.0000 0.0000
vt 0.1507 0.0000
vt 0.1580 0.0908
vt 0.0061 0.1036
vt 0.0000 0.0000
vt 0.1329 -0.0000
vt 0.1191 0.0720
vt -0.0209 0.0773
vt 0.0000 0.0000
vt 0.1412 0.0000
vt 0.1269 0.0735
vt -0.0232 0.0766
vt 0.0000 0.0000
vt 0.1329 0.0000
vt 0.1296 0.0706
vt -0.0118 0.0744
vt 0.0000 0.0000
vt 0.1415 0.0000
vt 0.1355 0.0691
vt -0.0140 0.0736
vt 0.0000 0.0000
vt 0.1025 -0.0000
vt 0.1132 0.1444
vt 0.0066 0.1379
vt 0.0000 0.0000
vt 0.1073 -0.0000
vt 0.1272 0.1423
vt 0.0140 0.1374
vt 0.0000 0.0000
vt 0.1025 -0.0000
vt 0.1183 0.1528
vt 0.0112 0.1447
vt 0.0000 0.0000
vt 0.1091 0.0000
vt 0.1349 0.1491
vt 0.0210 0.1432
vt 0.0000 0.0000
vt 0.0798 0.0000
vt 0.0573 0.1042
vt -0.0314 0.0955
vt 0.0000 0.0000
vt 0.0891 0.0000
vt 0.0770 0.1048
vt -0.0223 0.0980
vt 0.0000 0.0000
vt 0.0798 0.0000
vt 0.0660 0.1140
vt -0.0226 0.1042
vt 0.0000 0.0000
vt 0.0910 0.0000
vt 0.0936 0.1159
vt -0.0095 0.1068
vt 0.0000 0.0000
vt 0.0887 0.0000
vt 0.0637 0.0872
vt -0.0199 0.0674
vt 0.0000 0.0000
vt 0.0890 0.0000
vt 0.0850 0.0911
vt -0.0021 0.0702
vt 0.0000 0.0000
vt 0.0887 0.0000
vt 0.0599 0.1083
vt -0.0240 0.0904
vt 0.0000 0.0000
vt 0.0876 0.0000
vt 0.0832 0.1107
vt -0.0010 0.0922
vt 0.0000 0.0000
vt 0.0718 -0.0000
vt 0.0634 0.1420
vt -0.0226 0.1398
vt 0.0000 0.0000
vt 0.0861 -0.0000
vt 0.0813 0.1421
vt -0.0190 0.1404
vt 0.0000 0.0000
vt 0.0718 0.0000
vt 0.0776 0.1443
vt -0.0085 0.1420
vt 0.0000 0.0000
vt 0.0861 0.0000
vt 0.0956 0.1441
vt -0.0047 0.1422
vt 0.0000 0.0000
vt 0.1293 0.0000
vt 0.1316 0.0897
vt 0.0082 0.1037
vt 0.0000 0.0000
vt 0.1256 -0.0000
vt 0.1208 0.0916
vt 0.0019 0.1040
vt 0.0000 0.0000
vt 0.1293 0.0000
vt 0.1209 0.0825
vt 0.0010 0.0917
vt 0.0000 0.0000
vt 0.1231 -0.0000
vt 0.1113 0.0796
vt -0.0058 0.0915
vt 0.0000 0.0000
vt 0.1416 -0.0000
vt 0.1488 0.1159
vt 0.0144 0.1168
vt 0.0000 0.0000
vt 0.1343 -0.0000
vt 0.1406 0.1149
vt 0.0138 0.1169
vt 0.0000 0.0000
vt 0.1416 0.0000
vt 0.1416 0.1155
vt 0.0072 0.1159
vt 0.0000 0.0000
vt 0.1350 0.0000
vt 0.1369 0.1180
vt 0.0090 0.1184
vt 0.0000 0.0000
vt 0.0885 0.0000
vt 0.1325 0.1216
vt 0.0373 0.1397
vt 0.0000 0.0000
vt 0.0972 0.0000
vt 0.1183 0.1272
vt 0.0101 0.1443
vt 0.0000 0.0000
vt 0.0885 -0.0000
vt 0.1357 0.1058
vt 0.0438 0.1219
vt 0.0000 0.0000
vt 0.1011 0.0000
vt 0.1345 0.1117
vt 0.0221 0.1278
vt 0.0000 0.0000
vt 0.1184 0.0000
vt 0.0991 0.0840
vt -0.0025 0.0718
vt 0.0000 0.0000
vt 0.1023 -0.0000
vt 0.0928 0.0854
vt 0.0053 0.0717
vt 0.0000 0.0000
vt 0.1184 0.0000
vt 0.0799 0.0958
vt -0.0198 0.0838
vt 0.0000 0.0000
vt 0.1014 0.0000
vt 0.0766 0.0996
vt -0.0096 0.0856
vt 0.0000 0.0000
vt 0.1008 -0.0000
vt 0.1097 0.1133
vt 0.0173 0.1162
vt 0.0000 0.0000
vt 0.0927 0.0000
vt 0.0976 0.1128
vt 0.0171 0.1163
vt 0.0000 0.0000
vt 0.1008 0.0000
vt 0.1012 0.1114
vt 0.0095 0.1135
vt 0.0000 0.0000
vt 0.0917 0.0000
vt 0.0907 0.1124
vt 0.0073 0.1140
vt 0.0000 0.0000
vt 0.1038 -0.0000
vt 0.0871 0.0969
vt -0.0169 0.0901
vt 0.0000 0.0000
vt 0.1064 0.0000
vt 0.1002 0.0942
vt -0.0116 0.0910
vt 0.0000 0.0000
vt 0.1038 0.0000
vt 0.0982 0.1048
vt -0.0085 0.1002
vt 0.0000 0.0000
vt 0.1069 0.0000
vt 0.1084 0.1101
vt -0.0047 0.0994
vt 0.0000 0.0000
vt 0.1124 0.0000
vt 0.0801 0.1065
vt -0.0287 0.0960
vt 0.0000 0.0000
vt 0.1112 -0.0000
vt 0.0927 0.1099
vt -0.0189 0.0984
vt 0.0000 0.0000
vt 0.1124 0.0000
vt 0.0833 0.1192
vt -0.0269 0.1100
vt 0.0000 0.0000
vt 0.1113 -0.0000
vt 0.0942 0.1219
vt -0.0185 0.1099
vt 0.0000 0.0000
vt 0.0917 0.0000
vt 0.1113 0.0867
vt 0.0095 0.0897
vt 0.0000 0.0000
vt 0.1022 0.0000
vt 0.1170 0.0873
vt 0.0059 0.0900
vt 0.0000 0.0000
vt 0.0917 0.0000
vt 0.1192 0.0836
vt 0.0176 0.0875
vt 0.0000 0.0000
vt 0.1017 0.0000
vt 0.1238 0.0830
vt 0.0165 0.0871
vt 0.0000 0.0000
vt 0.0625 0.0000
vt 0.0593 0.1101
vt -0.0082 0.1077
vt 0.0000 0.0000
vt 0.0676 0.0000
vt 0.0672 0.1101
vt -0.0045 0.1079
vt 0.0000 0.0000
vt 0.0625 0.0000
vt 0.0653 0.1119
vt -0.0035 0.1101
vt 0.0000 0.0000
vt 0.0733 0.0000
vt 0.0805 0.1121
vt 0.0050 0.1106
vt 0.0000 0.0000
vt 0.0907 0.0000
vt 0.1114 0.0952
vt 0.0385 0.0960
vt 0.0000 0.0000
vt 0.0797 0.0000
vt 0.1033 0.0970
vt 0.0416 0.0947
vt 0.0000 0.0000
vt 0.0907 -0.0000
vt 0.0998 0.0976
vt 0.0255 0.0994
vt 0.0000 0.0000
vt 0.0769 -0.0000
vt 0.0866 0.0993
vt 0.0259 0.0970
vt 0.0000 0.0000
vt 0.1158 0.0000
vt 0.1096 0.0806
vt -0.0101 0.0888
vt 0.0000 0.0000
vt 0.1204 0.0000
vt 0.1085 0.0799
vt -0.0147 0.0881
vt 0.0000 0.0000
vt 0.1158 0.0000
vt 0.1132 0.0732
vt -0.0064 0.0814
vt 0.0000 0.0000
vt 0.1203 -0.0000
vt 0.1130 0.0730
vt -0.0105 0.0810
vt 0.0000 0.0000
vt 0.1093 -0.0000
vt 0.1031 0.0704
vt -0.0055 0.0648
vt 0.0000 0.0000
vt 0.1103 -0.0000
vt 0.1088 0.0702
vt -0.0025 0.0650
vt 0.0000 0.0000
vt 0.1093 0.0000
vt 0.1059 0.0739
vt -0.0031 0.0729
vt 0.0000 0.0000
vt 0.1100 0.0000
vt 0.1088 0.0746
vt -0.0012 0.0702
vt 0.0000 0.0000
vt 0.0670 -0.0000
vt 0.0834 0.1231
vt 0.0174 0.1232
vt 0.0000 0.0000
vt 0.0661 0.0000
vt 0.0797 0.1232
vt 0.0175 0.1232
vt 0.0000 0.0000
vt 0.0670 0.0000
vt 0.0827 0.1228
vt 0.0163 0.1231
vt 0.0000 0.0000
vt 0.0678 -0.0000
vt 0.0864 0.1232
vt 0.0226 0.1254
vt 0.0000 0.0000
vt 0.0651 0.0000
vt 0.0751 0.0736
vt 0.0119 0.0860
vt 0.0000 0.0000
vt 0.0654 -0.0000
vt 0.0602 0.0742
vt -0.0043 0.0867
vt 0.0000 0.0000
vt 0.0651 0.0000
vt 0.0738 0.0622
vt 0.0104 0.0745
vt 0.0000 0.0000
vt 0.0645 0.0000
vt 0.0612 0.0608
vt -0.0040 0.0748
vt 0.0000 0.0000
vt 0.0551 0.0000
vt 0.0600 0.0706
vt 0.0050 0.0760
vt 0.0000 0.0000
vt 0.0552 -0.0000
vt 0.0545 0.0709
vt -0.0023 0.0761
vt 0.0000 0.0000
vt 0.0551 0.0000
vt 0.0588 0.0652
vt 0.0051 0.0706
vt 0.0000 0.0000
vt 0.0551 -0.0000
vt 0.0545 0.0660
vt -0.0009 0.0717
vt 0.0000 0.0000
vt 0.0877 -0.0000
vt 0.0726 0.1149
vt 0.0031 0.1090
vt 0.0000 0.0000
vt 0.0703 -0.0000
vt 0.0664 0.1156
vt 0.0123 0.1083
vt 0.0000 0.0000
vt 0.0877 -0.0000
vt 0.0589 0.1212
vt -0.0116 0.1157
vt 0.0000 0.0000
vt 0.0708 0.0000
vt 0.0508 0.1222
vt -0.0048 0.1157
vt 0.0000 0.0000
vt 0.1116 0.0000
vt 0.1231 0.0545
vt 0.0059 0.0636
vt 0.0000 0.0000
vt 0.1195 -0.0000
vt 0.1258 0.0535
vt 0.0049 0.0637
vt 0.0000 0.0000
vt 0.1116 0.0000
vt 0.1296 0.0509
vt 0.0122 0.0586
vt 0.0000 0.0000
vt 0.1186 0.0000
vt 0.1355 0.0536
vt 0.0114 0.0608
vt 0.0000 0.0000
vt 0.0638 0.0000
vt 0.0673 0.0479
vt 0.0106 0.0480
vt 0.0000 0.0000
vt 0.0567 0.0000
vt 0.0602 0.0479
vt 0.0105 0.0481
vt 0.0000 0.0000
vt 0.0638 0.0000
vt 0.0602 0.0478
vt 0.0035 0.0479
vt 0.0000 0.0000
vt 0.0567 -0.0000
vt 0.0533 0.0483
vt 0.0034 0.0480
vt 0.0000 0.0000
vt 0.0502 0.0000
vt 0.0553 0.0542
vt 0.0032 0.0586
vt 0.0000 0.0000
vt 0.0527 -0.0000
vt 0.0518 0.0536
vt -0.0001 0.0587
vt 0.0000 0.0000
vt 0.0502 0.0000
vt 0.0568 0.0506
vt 0.0049 0.0545
vt 0.0000 0.0000
vt 0.0520 -0.0000
vt 0.0552 0.0512
vt 0.0016 0.0558
vt 0.0000 0.0000
vt 0.0492 0.0000
vt 0.0542 0.0253
vt 0.0062 0.0337
vt 0.0000 0.0000
vt 0.0490 -0.0000
vt 0.0499 0.0259
vt 0.0005 0.0343
vt 0.0000 0.0000
vt 0.0492 0.0000
vt 0.0533 0.0177
vt 0.0052 0.0258
vt 0.0000 0.0000
vt 0.0488 -0.0000
vt 0.0501 0.0181
vt 0.0008 0.0260
vt 0.0000 0.0000
vt 0.0303 -0.0000
vt 0.0296 0.0512
vt 0.0016 0.0485
vt 0.0000 0.0000
vt 0.0282 0.0000
vt 0.0325 0.0509
vt 0.0064 0.0481
vt 0.0000 0.0000
vt 0.0303 0.0000
vt 0.0276 0.0540
vt -0.0006 0.0512
vt 0.0000 0.0000
vt 0.0286 0.0000
vt 0.0306 0.0539
vt 0.0044 0.0510
vt 0.0000 0.0000
vt 0.0343 0.0000
vt 0.0470 0.0597
vt 0.0150 0.0620
vt 0.0000 0.0000
vt 0.0321 -0.0000
vt 0.0407 0.0605
vt 0.0106 0.0629
vt 0.0000 0.0000
vt 0.0343 0.0000
vt 0.0448 0.0575
vt 0.0128 0.0598
vt 0.0000 0.0000
vt 0.0322 0.0000
vt 0.0385 0.0582
vt 0.0085 0.0605
vt 0.0000 0.0000
vt 0.0503 0.0000
vt 0.0460 0.0219
vt -0.0044 0.0183
vt 0.0000 0.0000
vt 0.0506 0.0000
vt 0.0476 0.0209
vt -0.0027 0.0186
vt 0.0000 0.0000
vt 0.0503 0.0000
vt 0.0463 0.0261
vt -0.0041 0.0220
vt 0.0000 0.0000
vt 0.0507 0.0000
vt 0.0489 0.0260
vt -0.0019 0.0232
vt 0.0000 0.0000
vt 0.0889 -0.0000
vt 0.1131 0.1216
vt 0.0336 0.1222
vt 0.0000 0.0000
vt 0.0812 -0.0000
vt 0.1043 0.1222
vt 0.0334 0.1223
vt 0.0000 0.0000
vt 0.0889 -0.0000
vt 0.1045 0.1212
vt 0.0249 0.1226
vt 0.0000 0.0000
vt 0.0807 0.0000
vt 0.0946 0.1217
vt 0.0248 0.1221
vt 0.0000 0.0000
vt 0.1191 -0.0000
vt 0.1395 0.0754
vt 0.0122 0.0671
vt 0.0000 0.0000
vt 0.1276 -0.0000
vt 0.1535 0.0739
vt 0.0166 0.0661
vt 0.0000 0.0000
vt 0.1191 -0.0000
vt 0.1463 0.0817
vt 0.0210 0.0753
vt 0.0000 0.0000
vt 0.1306 -0.0000
vt 0.1648 0.0803
vt 0.0279 0.0742
vt 0.0000 0.0000
vt 0.1268 0.0000
vt 0.1205 0.0889
vt -0.0008 0.0978
vt 0.0000 0.0000
vt 0.1225 -0.0000
vt 0.1093 0.0881
vt -0.0075 0.0975
vt 0.0000 0.0000
vt 0.1268 0.0000
vt 0.1152 0.0766
vt -0.0051 0.0903
vt 0.0000 0.0000
vt 0.1257 -0.0000
vt 0.1107 0.0794
vt -0.0077 0.0907
vt 0.0000 0.0000
vt 0.0832 -0.0000
vt 0.0720 0.1283
vt -0.0104 0.1227
vt 0.0000 0.0000
vt 0.0847 0.0000
vt 0.0865 0.1302
vt -0.0001 0.1232
vt 0.0000 0.0000
vt 0.0832 0.0000
vt 0.0752 0.1377
vt -0.0097 0.1297
vt 0.0000 0.0000
vt 0.0864 0.0000
vt 0.0906 0.1369
vt 0.0031 0.1303
vt 0.0000 0.0000
vt 0.0978 0.0000
vt 0.1072 0.0762
vt 0.0184 0.0872
vt 0.0000 0.0000
vt 0.0921 -0.0000
vt 0.0927 0.0778
vt 0.0103 0.0885
vt 0.0000 0.0000
vt 0.0978 0.0000
vt 0.0990 0.0656
vt 0.0101 0.0791
vt 0.0000 0.0000
vt 0.0919 0.0000
vt 0.0844 0.0674
vt 0.0024 0.0782
vt 0.0000 0.0000
vt 0.0719 0.0000
vt 0.0753 0.0840
vt -0.0039 0.0825
vt 0.0000 0.0000
vt 0.0796 0.0000
vt 0.0861 0.0835
vt -0.0019 0.0826
vt 0.0000 0.0000
vt 0.0719 -0.0000
vt 0.0820 0.0800
vt 0.0069 0.0841
vt 0.0000 0.0000
vt 0.0836 -0.0000
vt 0.1017 0.0845
vt 0.0081 0.0834
vt 0.0000 0.0000
vt 0.0932 -0.0000
vt 0.1092 0.1620
vt 0.0102 0.1761
vt 0.0000 0.0000
vt 0.1133 0.0000
vt 0.1151 0.1638
vt -0.0113 0.1760
vt 0.0000 0.0000
vt 0.0932 0.0000
vt 0.1294 0.1557
vt 0.0256 0.1695
vt 0.0000 0.0000
vt 0.1048 -0.0000
vt 0.1201 0.1532
vt -0.0002 0.1638
vt 0.0000 0.0000
vt 0.1493 0.0000
vt 0.1264 0.1116
vt -0.0255 0.0833
vt 0.0000 0.0000
vt 0.1546 0.0000
vt 0.1511 0.1141
vt -0.0104 0.0865
vt 0.0000 0.0000
vt 0.1493 -0.0000
vt 0.1290 0.1380
vt -0.0229 0.1117
vt 0.0000 0.0000
vt 0.1548 -0.0000
vt 0.1618 0.1427
vt -0.0011 0.1149
vt 0.0000 0.0000
vt 0.1765 -0.0000
vt 0.1818 0.1191
vt 0.0210 0.1171
vt 0.0000 0.0000
vt 0.1633 0.0000
vt 0.1735 0.1211
vt 0.0253 0.1163
vt 0.0000 0.0000
vt 0.1765 -0.0000
vt 0.1690 0.1288
vt 0.0066 0.1224
vt 0.0000 0.0000
vt 0.1631 0.0000
vt 0.1600 0.1267
vt 0.0102 0.1212
vt 0.0000 0.0000
vt 0.0953 -0.0000
vt 0.0844 0.1599
vt -0.0333 0.1562
vt 0.0000 0.0000
vt 0.1180 0.0000
vt 0.1111 0.1597
vt -0.0278 0.1572
vt 0.0000 0.0000
vt 0.0953 0.0000
vt 0.1069 0.1632
vt -0.0110 0.1601
vt 0.0000 0.0000
vt 0.1209 -0.0000
vt 0.1371 0.1619
vt -0.0014 0.1614
vt 0.0000 0.0000
vt 0.1188 -0.0000
vt 0.1449 0.0836
vt 0.0372 0.0852
vt 0.0000 0.0000
vt 0.1088 0.0000
vt 0.1356 0.0846
vt 0.0380 0.0849
vt 0.0000 0.0000
vt 0.1188 0.0000
vt 0.1317 0.0847
vt 0.0248 0.0854
vt 0.0000 0.0000
vt 0.1070 0.0000
vt 0.1172 0.0874
vt 0.0242 0.0855
vt 0.0000 0.0000
vt 0.1274 0.0000
vt 0.1139 0.1305
vt -0.0192 0.1271
vt 0.0000 0.0000
vt 0.1378 0.0000
vt 0.1281 0.1320
vt -0.0109 0.1281
vt 0.0000 0.0000
vt 0.1274 -0.0000
vt 0.1188 0.1413
vt -0.0140 0.1352
vt 0.0000 0.0000
vt 0.1329 0.0000
vt 0.1307 0.1372
vt -0.0081 0.1332
vt 0.0000 0.0000
vt 0.0623 0.0000
vt 0.0545 0.0387
vt -0.0033 0.0346
vt 0.0000 0.0000
vt 0.0589 0.0000
vt 0.0561 0.0408
vt 0.0002 0.0347
vt 0.0000 0.0000
vt 0.0623 0.0000
vt 0.0507 0.0459
vt -0.0075 0.0401
vt 0.0000 0.0000
vt 0.0585 0.0000
vt 0.0523 0.0484
vt -0.0032 0.0411
vt 0.0000 0.0000
vt 0.0403 0.0000
vt 0.0451 0.0570
vt 0.0072 0.0615
vt 0.0000 0.0000
vt 0.0393 0.0000
vt 0.0398 0.0580
vt 0.0022 0.0619
vt 0.0000 0.0000
vt 0.0403 0.0000
vt 0.0435 0.0540
vt 0.0052 0.0578
vt 0.0000 0.0000
vt 0.0385 0.0000
vt 0.0364 0.0549
vt -0.0005 0.0580
vt 0.0000 0.0000
vt 0.0348 0.0000
vt 0.0268 0.0285
vt -0.0094 0.0315
vt 0.0000 0.0000
vt 0.0378 0.0000
vt 0.0292 0.0287
vt -0.0111 0.0309
vt 0.0000 0.0000
vt 0.0348 0.0000
vt 0.0300 0.0240
vt -0.0056 0.0310
vt 0.0000 0.0000
vt 0.0387 0.0000
vt 0.0328 0.0266
vt -0.0080 0.0290
vt 0.0000 0.0000
vt 0.0379 -0.0000
vt 0.0467 0.0419
vt 0.0138 0.0463
vt 0.0000 0.0000
vt 0.0332 0.0000
vt 0.0360 0.0427
vt 0.0078 0.0477
vt 0.0000 0.0000
vt 0.0379 0.0000
vt 0.0416 0.0376
vt 0.0087 0.0420
vt 0.0000 0.0000
vt 0.0334 0.0000
vt 0.0321 0.0377
vt 0.0038 0.0429
vt 0.0000 0.0000
vt 0.0329 0.0000
vt 0.0164 0.0594
vt -0.0183 0.0596
vt 0.0000 0.0000
vt 0.0347 0.0000
vt 0.0179 0.0588
vt -0.0186 0.0595
vt 0.0000 0.0000
vt 0.0329 0.0000
vt 0.0188 0.0599
vt -0.0163 0.0594
vt 0.0000 0.0000
vt 0.0366 0.0000
vt 0.0245 0.0598
vt -0.0126 0.0611
vt 0.0000 0.0000
vt 0.0565 -0.0000
vt 0.0543 0.0275
vt -0.0010 0.0275
vt 0.0000 0.0000
vt 0.0557 -0.0000
vt 0.0539 0.0279
vt -0.0006 0.0275
vt 0.0000 0.0000
vt 0.0565 0.0000
vt 0.0533 0.0288
vt -0.0021 0.0282
vt 0.0000 0.0000
vt 0.0554 0.0000
vt 0.0525 0.0286
vt -0.0019 0.0279
vt 0.0000 0.0000
vt 0.1312 0.0000
vt 0.1134 0.1291
vt -0.0225 0.1235
vt 0.0000 0.0000
vt 0.1361 0.0000
vt 0.1239 0.1285
vt -0.0190 0.1241
vt 0.0000 0.0000
vt 0.1312 0.0000
vt 0.1122 0.1370
vt -0.0200 0.1289
vt 0.0000 0.0000
vt 0.1369 -0.0000
vt 0.1350 0.1385
vt -0.0116 0.1300
vt 0.0000 0.0000
vt 0.1424 -0.0000
vt 0.1623 0.1501
vt 0.0207 0.1662
vt 0.0000 0.0000
vt 0.1429 0.0000
vt 0.1457 0.1509
vt 0.0026 0.1674
vt 0.0000 0.0000
vt 0.1424 -0.0000
vt 0.1618 0.1346
vt 0.0203 0.1505
vt 0.0000 0.0000
vt 0.1430 0.0000
vt 0.1483 0.1361
vt 0.0045 0.1526
vt 0.0000 0.0000
vt 0.1255 -0.0000
vt 0.1122 0.0747
vt -0.0200 0.0733
vt 0.0000 0.0000
vt 0.1347 -0.0000
vt 0.1277 0.0783
vt -0.0172 0.0740
vt 0.0000 0.0000
vt 0.1255 -0.0000
vt 0.1149 0.0868
vt -0.0152 0.0786
vt 0.0000 0.0000
vt 0.1320 -0.0000
vt 0.1291 0.0856
vt -0.0098 0.0802
vt 0.0000 0.0000
vt 0.0782 0.0000
vt 0.0908 0.1426
vt 0.0204 0.1407
vt 0.0000 0.0000
vt 0.0705 -0.0000
vt 0.0870 0.1422
vt 0.0242 0.1401
vt 0.0000 0.0000
vt 0.0782 0.0000
vt 0.0828 0.1444
vt 0.0128 0.1426
vt 0.0000 0.0000
vt 0.0717 0.0000
vt 0.0827 0.1446
vt 0.0197 0.1430
vt 0.0000 0.0000
vt 0.0759 0.0000
vt 0.0081 0.1323
vt -0.0634 0.1144
vt 0.0000 0.0000
vt 0.0739 0.0000
vt 0.0404 0.1443
vt -0.0341 0.1263
vt 0.0000 0.0000
vt 0.0759 0.0000
vt 0.0041 0.1507
vt -0.0675 0.1325
vt 0.0000 0.0000
vt 0.0740 -0.0000
vt 0.0420 0.1640
vt -0.0332 0.1448
vt 0.0000 0.0000
vt 0.1468 0.0000
vt 0.1587 0.0741
vt 0.0176 0.0864
vt 0.0000 0.0000
vt 0.1422 0.0000
vt 0.1468 0.0750
vt 0.0116 0.0874
vt 0.0000 0.0000
vt 0.1468 0.0000
vt 0.1525 0.0629
vt 0.0115 0.0754
vt 0.0000 0.0000
vt 0.1422 0.0000
vt 0.1418 0.0629
vt 0.0068 0.0762
vt 0.0000 0.0000
vt 0.0746 0.0000
vt 0.0726 0.0805
vt -0.0001 0.0828
vt 0.0000 0.0000
vt 0.0729 -0.0000
vt 0.0686 0.0805
vt -0.0023 0.0827
vt 0.0000 0.0000
vt 0.0746 -0.0000
vt 0.0707 0.0784
vt -0.0020 0.0806
vt 0.0000 0.0000
vt 0.0727 0.0000
vt 0.0661 0.0785
vt -0.0045 0.0805
vt 0.0000 0.0000
vt 0.0817 0.0000
vt 0.0667 0.0790
vt -0.0192 0.0700
vt 0.0000 0.0000
vt 0.0863 0.0000
vt 0.0779 0.0757
vt -0.0104 0.0718
vt 0.0000 0.0000
vt 0.0817 -0.0000
vt 0.0747 0.0907
vt -0.0133 0.0793
vt 0.0000 0.0000
vt 0.0907 -0.0000
vt 0.0920 0.0851
vt 0.0035 0.0849
vt 0.0000 0.0000
vt 0.0828 0.0000
vt 0.0841 0.0650
vt 0.0036 0.0675
vt 0.0000 0.0000
vt 0.0810 0.0000
vt 0.0822 0.0663
vt 0.0019 0.0676
vt 0.0000 0.0000
vt 0.0828 -0.0000
vt 0.0835 0.0646
vt 0.0019 0.0656
vt 0.0000 0.0000
vt 0.0828 0.0000
vt 0.0848 0.0658
vt 0.0043 0.0683
vt 0.0000 0.0000
vt 0.0643 -0.0000
vt 0.0525 0.0853
vt -0.0039 0.0788
vt 0.0000 0.0000
vt 0.0568 0.0000
vt 0.0552 0.0854
vt 0.0057 0.0787
vt 0.0000 0.0000
vt 0.0643 0.0000
vt 0.0452 0.0906
vt -0.0103 0.0855
vt 0.0000 0.0000
vt 0.0571 -0.0000
vt 0.0481 0.0930
vt -0.0017 0.0857
vt 0.0000 0.0000
vt 0.0676 -0.0000
vt 0.0736 0.0719
vt 0.0084 0.0747
vt 0.0000 0.0000
vt 0.0668 -0.0000
vt 0.0722 0.0729
vt 0.0083 0.0747
vt 0.0000 0.0000
vt 0.0676 0.0000
vt 0.0718 0.0713
vt 0.0065 0.0733
vt 0.0000 0.0000
vt 0.0664 -0.0000
vt 0.0684 0.0724
vt 0.0047 0.0732
vt 0.0000 0.0000
vt 0.0717 0.0000
vt 0.0626 0.0557
vt -0.0180 0.0642
vt 0.0000 0.0000
vt 0.0811 0.0000
vt 0.0712 0.0585
vt -0.0207 0.0634
vt 0.0000 0.0000
vt 0.0717 0.0000
vt 0.0693 0.0468
vt -0.0082 0.0561
vt 0.0000 0.0000
vt 0.0799 0.0000
vt 0.0761 0.0508
vt -0.0124 0.0589
vt 0.0000 0.0000
vt 0.1901 -0.0000
vt 0.1940 0.2581
vt -0.0042 0.2644
vt 0.0000 0.0000
vt 0.1994 -0.0000
vt 0.1970 0.2585
vt -0.0120 0.2642
vt 0.0000 0.0000
vt 0.1901 -0.0000
vt 0.2010 0.2529
vt 0.0032 0.2590
vt 0.0000 0.0000
vt 0.1979 -0.0000
vt 0.2008 0.2537
vt -0.0048 0.2588
vt 0.0000 0.0000
vt 0.2719 -0.0000
vt 0.2762 0.2059
vt 0.0028 0.1897
vt 0.0000 0.0000
vt 0.2739 -0.0000
vt 0.2910 0.2051
vt 0.0139 0.1893
vt 0.0000 0.0000
vt 0.2719 0.0000
vt 0.2775 0.2221
vt 0.0044 0.2060
vt 0.0000 0.0000
vt 0.2738 -0.0000
vt 0.2932 0.2237
vt 0.0167 0.2063
vt 0.0000 0.0000
vt 0.2645 0.0000
vt 0.2500 0.0967
vt -0.0174 0.1071
vt 0.0000 0.0000
vt 0.2685 -0.0000
vt 0.2542 0.1020
vt -0.0177 0.1070
vt 0.0000 0.0000
vt 0.2645 0.0000
vt 0.2525 0.0941
vt -0.0146 0.0993
vt 0.0000 0.0000
vt 0.2680 0.0000
vt 0.2564 0.0976
vt -0.0149 0.1022
vt 0.0000 0.0000
vt 0.1273 -0.0000
vt 0.0796 0.2572
vt -0.0427 0.2507
vt 0.0000 0.0000
vt 0.1292 0.0000
vt 0.1007 0.2619
vt -0.0125 0.2540
vt 0.0000 0.0000
vt 0.1273 0.0000
vt 0.0646 0.2695
vt -0.0519 0.2596
vt 0.0000 0.0000
vt 0.1180 0.0000
vt 0.0809 0.2716
vt -0.0305 0.2621
vt 0.0000 0.0000
vt 0.1068 0.0000
vt 0.0950 0.1890
vt -0.0216 0.1889
vt 0.0000 0.0000
vt 0.1172 0.0000
vt 0.1046 0.1888
vt -0.0206 0.1890
vt 0.0000 0.0000
vt 0.1068 0.0000
vt 0.1043 0.1905
vt -0.0120 0.1893
vt 0.0000 0.0000
vt 0.1177 0.0000
vt 0.1153 0.1894
vt -0.0129 0.1894
vt 0.0000 0.0000
vt 0.2075 0.0000
vt 0.2454 0.1007
vt 0.0306 0.0950
vt 0.0000 0.0000
vt 0.2152 0.0000
vt 0.2564 0.1016
vt 0.0332 0.0942
vt 0.0000 0.0000
vt 0.2075 0.0000
vt 0.2532 0.1076
vt 0.0370 0.1017
vt 0.0000 0.0000
vt 0.2171 -0.0000
vt 0.2648 0.1043
vt 0.0433 0.1008
vt 0.0000 0.0000
vt 0.0839 0.0000
vt 0.0796 0.2027
vt 0.0066 0.2017
vt 0.0000 0.0000
vt 0.0738 -0.0000
vt 0.0734 0.2028
vt 0.0095 0.2016
vt 0.0000 0.0000
vt 0.0839 0.0000
vt 0.0678 0.2045
vt -0.0048 0.2029
vt 0.0000 0.0000
vt 0.0734 -0.0000
vt 0.0639 0.2048
vt -0.0006 0.2029
vt 0.0000 0.0000
vt 0.2129 0.0000
vt 0.2273 0.0756
vt 0.0173 0.0796
vt 0.0000 0.0000
vt 0.2100 0.0000
vt 0.2231 0.0755
vt 0.0157 0.0799
vt 0.0000 0.0000
vt 0.2129 0.0000
vt 0.2243 0.0719
vt 0.0143 0.0756
vt 0.0000 0.0000
vt 0.2101 -0.0000
vt 0.2203 0.0717
vt 0.0132 0.0765
vt 0.0000 0.0000
vt 0.2019 0.0000
vt 0.1901 0.0487
vt -0.0165 0.0373
vt 0.0000 0.0000
vt 0.2071 -0.0000
vt 0.1981 0.0493
vt -0.0144 0.0381
vt 0.0000 0.0000
vt 0.2019 0.0000
vt 0.1953 0.0578
vt -0.0111 0.0497
vt 0.0000 0.0000
vt 0.2071 0.0000
vt 0.2037 0.0579
vt -0.0086 0.0500
vt 0.0000 0.0000
vt 0.0423 -0.0000
vt 0.0557 0.2060
vt 0.0188 0.2048
vt 0.0000 0.0000
vt 0.0375 0.0000
vt 0.0578 0.2051
vt 0.0241 0.2042
vt 0.0000 0.0000
vt 0.0423 -0.0000
vt 0.0511 0.2071
vt 0.0141 0.2061
vt 0.0000 0.0000
vt 0.0370 0.0000
vt 0.0517 0.2067
vt 0.0198 0.2054
vt 0.0000 0.0000
vt 0.0409 0.0000
vt 0.0359 0.0816
vt -0.0038 0.0839
vt 0.0000 0.0000
vt 0.0399 0.0000
vt 0.0305 0.0809
vt -0.0086 0.0836
vt 0.0000 0.0000
vt 0.0409 0.0000
vt 0.0338 0.0796
vt -0.0052 0.0817
vt 0.0000 0.0000
vt 0.0408 -0.0000
vt 0.0347 0.0809
vt -0.0079 0.0818
vt 0.0000 0.0000
vt 0.0656 0.0000
vt 0.0821 0.0430
vt 0.0163 0.0579
vt 0.0000 0.0000
vt 0.0678 -0.0000
vt 0.0744 0.0455
vt 0.0035 0.0601
vt 0.0000 0.0000
vt 0.0656 -0.0000
vt 0.0826 0.0283
vt 0.0167 0.0434
vt 0.0000 0.0000
vt 0.0678 0.0000
vt 0.0775 0.0304
vt 0.0071 0.0460
vt 0.0000 0.0000
vt 0.0562 -0.0000
vt 0.0583 0.1696
vt 0.0044 0.1687
vt 0.0000 0.0000
vt 0.0543 0.0000
vt 0.0611 0.1682
vt 0.0051 0.1687
vt 0.0000 0.0000
vt 0.0562 0.0000
vt 0.0539 0.1720
vt 0.0011 0.1697
vt 0.0000 0.0000
vt 0.0568 0.0000
vt 0.0675 0.1717
vt 0.0101 0.1701
vt 0.0000 0.0000
vt 0.1765 -0.0000
vt 0.1741 0.0577
vt 0.0101 0.0672
vt 0.0000 0.0000
vt 0.1651 0.0000
vt 0.1592 0.0575
vt 0.0077 0.0675
vt 0.0000 0.0000
vt 0.1765 -0.0000
vt 0.1619 0.0504
vt -0.0021 0.0600
vt 0.0000 0.0000
vt 0.1649 0.0000
vt 0.1487 0.0517
vt -0.0040 0.0602
vt 0.0000 0.0000
vt 0.1686 0.0000
vt 0.1620 0.0465
vt -0.0107 0.0483
vt 0.0000 0.0000
vt 0.1732 0.0000
vt 0.1657 0.0462
vt -0.0101 0.0484
vt 0.0000 0.0000
vt 0.1686 0.0000
vt 0.1657 0.0482
vt -0.0068 0.0482
vt 0.0000 0.0000
vt 0.1725 0.0000
vt 0.1696 0.0466
vt -0.0068 0.0483
vt 0.0000 0.0000
vt 0.0722 0.0000
vt 0.0897 0.1605
vt 0.0314 0.1699
vt 0.0000 0.0000
vt 0.0594 -0.0000
vt 0.0519 0.1607
vt 0.0023 0.1728
vt 0.0000 0.0000
vt 0.0722 0.0000
vt 0.0733 0.1520
vt 0.0161 0.1609
vt 0.0000 0.0000
vt 0.0586 0.0000
vt 0.0389 0.1509
vt -0.0087 0.1614
vt 0.0000 0.0000
vt 0.0493 0.0000
vt 0.0275 0.0551
vt -0.0308 0.0474
vt 0.0000 0.0000
vt 0.0591 -0.0000
vt 0.0454 0.0568
vt -0.0243 0.0510
vt 0.0000 0.0000
vt 0.0493 -0.0000
vt 0.0352 0.0640
vt -0.0223 0.0552
vt 0.0000 0.0000
vt 0.0598 -0.0000
vt 0.0593 0.0670
vt -0.0127 0.0584
vt 0.0000 0.0000
vt 0.0600 0.0000
vt 0.0484 0.0480
vt -0.0076 0.0474
vt 0.0000 0.0000
vt 0.0561 -0.0000
vt 0.0449 0.0462
vt -0.0069 0.0475
vt 0.0000 0.0000
vt 0.0600 -0.0000
vt 0.0448 0.0489
vt -0.0113 0.0481
vt 0.0000 0.0000
vt 0.0561 -0.0000
vt 0.0426 0.0542
vt -0.0100 0.0511
vt 0.0000 0.0000
vt 0.0790 -0.0000
vt 0.0953 0.2037
vt 0.0250 0.1920
vt 0.0000 0.0000
vt 0.0714 -0.0000
vt 0.1200 0.1985
vt 0.0560 0.1854
vt 0.0000 0.0000
vt 0.0790 -0.0000
vt 0.0865 0.2153
vt 0.0160 0.2037
vt 0.0000 0.0000
vt 0.0716 0.0000
vt 0.1124 0.2113
vt 0.0497 0.1983
vt 0.0000 0.0000
vt 0.1923 -0.0000
vt 0.1943 0.0664
vt -0.0006 0.0590
vt 0.0000 0.0000
vt 0.1951 0.0000
vt 0.1997 0.0654
vt 0.0014 0.0590
vt 0.0000 0.0000
vt 0.1923 0.0000
vt 0.1971 0.0752
vt 0.0021 0.0667
vt 0.0000 0.0000
vt 0.1954 -0.0000
vt 0.2034 0.0731
vt 0.0047 0.0658
vt 0.0000 0.0000
vt 0.1939 0.0000
vt 0.1965 0.0538
vt 0.0042 0.0621
vt 0.0000 0.0000
vt 0.1926 0.0000
vt 0.1930 0.0528
vt 0.0016 0.0622
vt 0.0000 0.0000
vt 0.1939 0.0000
vt 0.1958 0.0447
vt 0.0036 0.0542
vt 0.0000 0.0000
vt 0.1926 0.0000
vt 0.1928 0.0500
vt 0.0010 0.0574
vt 0.0000 0.0000
vt 0.0734 0.0000
vt 0.0710 0.2067
vt 0.0048 0.2155
vt 0.0000 0.0000
vt 0.0681 0.0000
vt 0.0413 0.2050
vt -0.0231 0.2143
vt 0.0000 0.0000
vt 0.0734 0.0000
vt 0.0672 0.1989
vt -0.0006 0.2071
vt 0.0000 0.0000
vt 0.0690 -0.0000
vt 0.0384 0.1959
vt -0.0255 0.2054
vt 0.0000 0.0000
vt 0.0625 0.0000
vt 0.0613 0.0687
vt -0.0052 0.0787
vt 0.0000 0.0000
vt 0.0673 0.0000
vt 0.0559 0.0677
vt -0.0170 0.0771
vt 0.0000 0.0000
vt 0.0625 0.0000
vt 0.0637 0.0586
vt -0.0013 0.0687
vt 0.0000 0.0000
vt 0.0674 0.0000
vt 0.0608 0.0581
vt -0.0113 0.0678
vt 0.0000 0.0000
vt 0.0658 0.0000
vt 0.0578 0.0528
vt -0.0096 0.0457
vt 0.0000 0.0000
vt 0.0680 0.0000
vt 0.0663 0.0526
vt -0.0053 0.0464
vt 0.0000 0.0000
vt 0.0658 -0.0000
vt 0.0576 0.0627
vt -0.0086 0.0529
vt 0.0000 0.0000
vt 0.0699 0.0000
vt 0.0753 0.0630
vt -0.0002 0.0540
vt 0.0000 0.0000
vt 0.1066 -0.0000
vt 0.0986 0.1776
vt -0.0054 0.1710
vt 0.0000 0.0000
vt 0.1043 -0.0000
vt 0.1076 0.1778
vt 0.0056 0.1710
vt 0.0000 0.0000
vt 0.1066 0.0000
vt 0.0960 0.1841
vt -0.0079 0.1777
vt 0.0000 0.0000
vt 0.1043 -0.0000
vt 0.1054 0.1845
vt 0.0035 0.1778
vt 0.0000 0.0000
vt 0.1528 0.0000
vt 0.1473 0.1018
vt -0.0124 0.1005
vt 0.0000 0.0000
vt 0.1604 0.0000
vt 0.1568 0.1026
vt -0.0108 0.1006
vt 0.0000 0.0000
vt 0.1528 0.0000
vt 0.1544 0.1046
vt -0.0054 0.1029
vt 0.0000 0.0000
vt 0.1598 0.0000
vt 0.1624 0.1050
vt -0.0043 0.1026
vt 0.0000 0.0000
vt 0.1711 0.0000
vt 0.1772 0.0359
vt 0.0152 0.0409
vt 0.0000 0.0000
vt 0.1625 0.0000
vt 0.1674 0.0365
vt 0.0151 0.0410
vt 0.0000 0.0000
vt 0.1711 -0.0000
vt 0.1679 0.0343
vt 0.0060 0.0380
vt 0.0000 0.0000
vt 0.1620 0.0000
vt 0.1579 0.0331
vt 0.0055 0.0378
vt 0.0000 0.0000
vt 0.0438 0.0000
vt 0.0747 0.1729
vt 0.0425 0.1797
vt 0.0000 0.0000
vt 0.0333 0.0000
vt 0.0285 0.1757
vt 0.0043 0.1846
vt 0.0000 0.0000
vt 0.0438 0.0000
vt 0.0637 0.1661
vt 0.0309 0.1729
vt 0.0000 0.0000
vt 0.0336 -0.0000
vt 0.0194 0.1666
vt -0.0042 0.1757
vt 0.0000 0.0000
vt 0.0431 0.0000
vt 0.0530 0.1033
vt 0.0101 0.1061
vt 0.0000 0.0000
vt 0.0430 0.0000
vt 0.0461 0.1037
vt 0.0032 0.1065
vt 0.0000 0.0000
vt 0.0431 0.0000
vt 0.0527 0.1005
vt 0.0099 0.1033
vt 0.0000 0.0000
vt 0.0435 0.0000
vt 0.0472 0.1010
vt 0.0035 0.1037
vt 0.0000 0.0000
vt 0.1024 0.0000
vt 0.1016 0.0302
vt -0.0018 0.0351
vt 0.0000 0.0000
vt 0.1035 -0.0000
vt 0.1011 0.0302
vt -0.0037 0.0350
vt 0.0000 0.0000
vt 0.1024 0.0000
vt 0.1024 0.0254
vt -0.0010 0.0302
vt 0.0000 0.0000
vt 0.1035 0.0000
vt 0.1022 0.0237
vt -0.0021 0.0302
vt 0.0000 0.0000
vt 0.0968 -0.0000
vt 0.0889 0.1244
vt 0.0025 0.1291
vt 0.0000 0.0000
vt 0.0866 -0.0000
vt 0.0722 0.1237
vt -0.0046 0.1290
vt 0.0000 0.0000
vt 0.0968 0.0000
vt 0.0784 0.1198
vt -0.0079 0.1245
vt 0.0000 0.0000
vt 0.0865 0.0000
vt 0.0618 0.1189
vt -0.0146 0.1238
vt 0.0000 0.0000
vt 0.1328 0.0000
vt 0.1352 0.0934
vt 0.0099 0.0980
vt 0.0000 0.0000
vt 0.1254 -0.0000
vt 0.1245 0.0934
vt 0.0063 0.0983
vt 0.0000 0.0000
vt 0.1328 0.0000
vt 0.1277 0.0887
vt 0.0025 0.0934
vt 0.0000 0.0000
vt 0.1253 0.0000
vt 0.1170 0.0881
vt -0.0011 0.0935
vt 0.0000 0.0000
vt 0.1292 0.0000
vt 0.1404 0.0544
vt 0.0098 0.0585
vt 0.0000 0.0000
vt 0.1308 0.0000
vt 0.1405 0.0539
vt 0.0079 0.0588
vt 0.0000 0.0000
vt 0.1292 0.0000
vt 0.1420 0.0509
vt 0.0111 0.0546
vt 0.0000 0.0000
vt 0.1309 0.0000
vt 0.1418 0.0524
vt 0.0093 0.0554
vt 0.0000 0.0000
vt 0.0542 0.0000
vt 0.1037 0.1085
vt 0.0556 0.1080
vt 0.0000 0.0000
vt 0.0493 -0.0000
vt 0.0999 0.1083
vt 0.0568 0.1074
vt 0.0000 0.0000
vt 0.0542 0.0000
vt 0.0986 0.1095
vt 0.0500 0.1088
vt 0.0000 0.0000
vt 0.0486 0.0000
vt 0.0945 0.1086
vt 0.0513 0.1080
vt 0.0000 0.0000
vt 0.0592 0.0000
vt 0.0691 0.0956
vt 0.0148 0.0958
vt 0.0000 0.0000
vt 0.0577 -0.0000
vt 0.0721 0.0963
vt 0.0167 0.0955
vt 0.0000 0.0000
vt 0.0592 0.0000
vt 0.0675 0.0977
vt 0.0119 0.0973
vt 0.0000 0.0000
vt 0.0556 -0.0000
vt 0.0650 0.0983
vt 0.0126 0.0967
vt 0.0000 0.0000
vt 0.0772 -0.0000
vt 0.0879 0.0452
vt 0.0062 0.0525
vt 0.0000 0.0000
vt 0.0831 0.0000
vt 0.0910 0.0462
vt 0.0017 0.0528
vt 0.0000 0.0000
vt 0.0772 -0.0000
vt 0.0932 0.0381
vt 0.0113 0.0470
vt 0.0000 0.0000
vt 0.0825 0.0000
vt 0.0935 0.0421
vt 0.0066 0.0466
vt 0.0000 0.0000
vt 0.1019 -0.0000
vt 0.0849 0.1944
vt -0.0118 0.1905
vt 0.0000 0.0000
vt 0.0968 -0.0000
vt 0.0873 0.1949
vt -0.0041 0.1908
vt 0.0000 0.0000
vt 0.1019 0.0000
vt 0.0794 0.1983
vt -0.0173 0.1944
vt 0.0000 0.0000
vt 0.0968 -0.0000
vt 0.0821 0.1990
vt -0.0091 0.1950
vt 0.0000 0.0000
vt 0.1700 -0.0000
vt 0.1554 0.0885
vt -0.0264 0.0857
vt 0.0000 0.0000
vt 0.1821 -0.0000
vt 0.1696 0.0883
vt -0.0251 0.0860
vt 0.0000 0.0000
vt 0.1700 0.0000
vt 0.1683 0.0932
vt -0.0140 0.0892
vt 0.0000 0.0000
vt 0.1826 0.0000
vt 0.1830 0.0926
vt -0.0120 0.0896
vt 0.0000 0.0000
vt 0.1909 0.0000
vt 0.1795 0.0538
vt 0.0001 0.0595
vt 0.0000 0.0000
vt 0.1803 0.0000
vt 0.1694 0.0576
vt -0.0004 0.0595
vt 0.0000 0.0000
vt 0.1909 0.0000
vt 0.1690 0.0544
vt -0.0110 0.0564
vt 0.0000 0.0000
vt 0.1801 0.0000
vt 0.1585 0.0581
vt -0.0111 0.0583
vt 0.0000 0.0000
vt 0.0477 0.0000
vt 0.0165 0.1944
vt -0.0418 0.1952
vt 0.0000 0.0000
vt 0.0592 0.0000
vt 0.0279 0.1947
vt -0.0422 0.1951
vt 0.0000 0.0000
vt 0.0477 0.0000
vt 0.0264 0.1940
vt -0.0315 0.1946
vt 0.0000 0.0000
vt 0.0580 0.0000
vt 0.0346 0.1937
vt -0.0338 0.1943
vt 0.0000 0.0000
vt 0.0588 0.0000
vt 0.0794 0.0932
vt 0.0273 0.0983
vt 0.0000 0.0000
vt 0.0523 0.0000
vt 0.0638 0.0940
vt 0.0173 0.1006
vt 0.0000 0.0000
vt 0.0588 0.0000
vt 0.0722 0.0889
vt 0.0203 0.0933
vt 0.0000 0.0000
vt 0.0530 -0.0000
vt 0.0588 0.0889
vt 0.0121 0.0947
vt 0.0000 0.0000
vt 0.0918 0.0000
vt 0.0860 0.0639
vt -0.0065 0.0603
vt 0.0000 0.0000
vt 0.0927 0.0000
vt 0.0882 0.0639
vt -0.0039 0.0605
vt 0.0000 0.0000
vt 0.0918 -0.0000
vt 0.0855 0.0679
vt -0.0063 0.0640
vt 0.0000 0.0000
vt 0.0920 0.0000
vt 0.0886 0.0656
vt -0.0032 0.0647
vt 0.0000 0.0000
vt 0.0957 -0.0000
vt 0.1329 0.1666
vt 0.0532 0.1684
vt 0.0000 0.0000
vt 0.0798 0.0000
vt 0.1137 0.1672
vt 0.0495 0.1695
vt 0.0000 0.0000
vt 0.0957 0.0000
vt 0.1178 0.1644
vt 0.0380 0.1664
vt 0.0000 0.0000
vt 0.0798 -0.0000
vt 0.0982 0.1646
vt 0.0336 0.1673
vt 0.0000 0.0000
vt 0.1659 0.0000
vt 0.1872 0.0775
vt 0.0225 0.0892
vt 0.0000 0.0000
vt 0.1652 0.0000
vt 0.1815 0.0788
vt 0.0170 0.0904
vt 0.0000 0.0000
vt 0.1659 -0.0000
vt 0.1861 0.0666
vt 0.0214 0.0776
vt 0.0000 0.0000
vt 0.1651 0.0000
vt 0.1805 0.0683
vt 0.0160 0.0789
vt 0.0000 0.0000
vt 0.1766 -0.0000
vt 0.1684 0.0528
vt -0.0026 0.0543
vt 0.0000 0.0000
vt 0.1712 0.0000
vt 0.1631 0.0537
vt -0.0029 0.0543
vt 0.0000 0.0000
vt 0.1766 0.0000
vt 0.1630 0.0516
vt -0.0079 0.0537
vt 0.0000 0.0000
vt 0.1713 0.0000
vt 0.1571 0.0538
vt -0.0086 0.0537
vt 0.0000 0.0000
vt 0.0603 0.0000
vt 0.0413 0.1644
vt -0.0169 0.1652
vt 0.0000 0.0000
vt 0.0582 0.0000
vt 0.0362 0.1640
vt -0.0190 0.1649
vt 0.0000 0.0000
vt 0.0603 -0.0000
vt 0.0388 0.1636
vt -0.0190 0.1644
vt 0.0000 0.0000
vt 0.0582 0.0000
vt 0.0342 0.1637
vt -0.0221 0.1647
vt 0.0000 0.0000
vt 0.0542 -0.0000
vt 0.0767 0.0906
vt 0.0198 0.0934
vt 0.0000 0.0000
vt 0.0579 -0.0000
vt 0.0734 0.0920
vt 0.0149 0.0943
vt 0.0000 0.0000
vt 0.0542 0.0000
vt 0.0796 0.0864
vt 0.0227 0.0911
vt 0.0000 0.0000
vt 0.0596 0.0000
vt 0.0787 0.0876
vt 0.0215 0.0920
vt 0.0000 0.0000
vt 0.0652 0.0000
vt 0.0740 0.0542
vt 0.0092 0.0536
vt 0.0000 0.0000
vt 0.0671 0.0000
vt 0.0795 0.0537
vt 0.0094 0.0536
vt 0.0000 0.0000
vt 0.0652 0.0000
vt 0.0797 0.0526
vt 0.0142 0.0558
vt 0.0000 0.0000
vt 0.0668 0.0000
vt 0.0807 0.0544
vt 0.0116 0.0542
vt 0.0000 0.0000
vt 0.0815 -0.0000
vt 0.0838 0.1206
vt 0.0001 0.1147
vt 0.0000 0.0000
vt 0.0839 -0.0000
vt 0.0951 0.1203
vt 0.0084 0.1144
vt 0.0000 0.0000
vt 0.0815 -0.0000
vt 0.0859 0.1267
vt 0.0023 0.1207
vt 0.0000 0.0000
vt 0.0839 0.0000
vt 0.0972 0.1254
vt 0.0111 0.1205
vt 0.0000 0.0000
vt 0.1287 0.0000
vt 0.1385 0.0800
vt 0.0232 0.0819
vt 0.0000 0.0000
vt 0.1168 0.0000
vt 0.1257 0.0799
vt 0.0214 0.0824
vt 0.0000 0.0000
vt 0.1287 -0.0000
vt 0.1287 0.0772
vt 0.0127 0.0817
vt 0.0000 0.0000
vt 0.1164 0.0000
vt 0.1140 0.0757
vt 0.0097 0.0801
vt 0.0000 0.0000
vt 0.1147 0.0000
vt 0.1159 0.0716
vt -0.0051 0.0796
vt 0.0000 0.0000
vt 0.1212 0.0000
vt 0.1181 0.0718
vt -0.0099 0.0792
vt 0.0000 0.0000
vt 0.1147 0.0000
vt 0.1222 0.0632
vt 0.0013 0.0716
vt 0.0000 0.0000
vt 0.1213 0.0000
vt 0.1243 0.0616
vt -0.0029 0.0718
vt 0.0000 0.0000
vt 0.0539 0.0000
vt 0.0810 0.1121
vt 0.0333 0.1224
vt 0.0000 0.0000
vt 0.0507 0.0000
vt 0.0541 0.1154
vt 0.0085 0.1265
vt 0.0000 0.0000
vt 0.0539 0.0000
vt 0.0779 0.1027
vt 0.0288 0.1125
vt 0.0000 0.0000
vt 0.0502 -0.0000
vt 0.0512 0.1051
vt 0.0038 0.1159
vt 0.0000 0.0000
vt 0.0797 0.0000
vt 0.0848 0.0809
vt 0.0199 0.0793
vt 0.0000 0.0000
vt 0.0651 0.0000
vt 0.0729 0.0800
vt 0.0214 0.0789
vt 0.0000 0.0000
vt 0.0797 0.0000
vt 0.0695 0.0830
vt 0.0052 0.0811
vt 0.0000 0.0000
vt 0.0651 0.0000
vt 0.0596 0.0847
vt 0.0079 0.0811
vt 0.0000 0.0000
vt 0.0867 0.0000
vt 0.1024 0.0522
vt 0.0219 0.0607
vt 0.0000 0.0000
vt 0.0815 0.0000
vt 0.0926 0.0540
vt 0.0166 0.0623
vt 0.0000 0.0000
vt 0.0867 0.0000
vt 0.0969 0.0456
vt 0.0159 0.0528
vt 0.0000 0.0000
vt 0.0818 0.0000
vt 0.0895 0.0464
vt 0.0112 0.0541
vt 0.0000 0.0000
vt 0.0660 0.0000
vt 0.0229 0.1410
vt -0.0470 0.1335
vt 0.0000 0.0000
vt 0.0728 0.0000
vt 0.0498 0.1463
vt -0.0302 0.1383
vt 0.0000 0.0000
vt 0.0660 -0.0000
vt 0.0321 0.1521
vt -0.0401 0.1431
vt 0.0000 0.0000
vt 0.0728 -0.0000
vt 0.0560 0.1540
vt -0.0230 0.1463
vt 0.0000 0.0000
vt 0.1427 -0.0000
vt 0.1486 0.0659
vt -0.0003 0.0721
vt 0.0000 0.0000
vt 0.1497 -0.0000
vt 0.1534 0.0665
vt -0.0023 0.0721
vt 0.0000 0.0000
vt 0.1427 -0.0000
vt 0.1555 0.0621
vt 0.0063 0.0673
vt 0.0000 0.0000
vt 0.1493 -0.0000
vt 0.1599 0.0620
vt 0.0039 0.0671
vt 0.0000 0.0000
vt 0.1415 0.0000
vt 0.1278 0.0380
vt -0.0142 0.0417
vt 0.0000 0.0000
vt 0.1426 0.0000
vt 0.1278 0.0382
vt -0.0147 0.0415
vt 0.0000 0.0000
vt 0.1415 0.0000
vt 0.1272 0.0363
vt -0.0144 0.0398
vt 0.0000 0.0000
vt 0.1417 -0.0000
vt 0.1259 0.0349
vt -0.0149 0.0382
vt 0.0000 0.0000
vt 0.0406 0.0000
vt 0.0290 0.1552
vt -0.0101 0.1550
vt 0.0000 0.0000
vt 0.0391 0.0000
vt 0.0296 0.1553
vt -0.0089 0.1550
vt 0.0000 0.0000
vt 0.0406 0.0000
vt 0.0268 0.1551
vt -0.0105 0.1553
vt 0.0000 0.0000
vt 0.0391 0.0000
vt 0.0287 0.1558
vt -0.0095 0.1554
vt 0.0000 0.0000
vt 0.0440 0.0000
vt 0.0408 0.0683
vt 0.0003 0.0658
vt 0.0000 0.0000
vt 0.0408 0.0000
vt 0.0418 0.0675
vt 0.0036 0.0657
vt 0.0000 0.0000
vt 0.0440 -0.0000
vt 0.0376 0.0707
vt -0.0029 0.0684
vt 0.0000 0.0000
vt 0.0406 -0.0000
vt 0.0383 0.0712
vt 0.0008 0.0680
vt 0.0000 0.0000
vt 0.0800 0.0000
vt 0.0805 0.0381
vt 0.0096 0.0408
vt 0.0000 0.0000
vt 0.0711 0.0000
vt 0.0702 0.0366
vt 0.0078 0.0412
vt 0.0000 0.0000
vt 0.0800 -0.0000
vt 0.0709 0.0366
vt 0.0001 0.0382
vt 0.0000 0.0000
vt 0.0712 -0.0000
vt 0.0621 0.0366
vt -0.0007 0.0382
vt 0.0000 0.0000
vt 0.0615 0.0000
vt 0.1038 0.1194
vt 0.0291 0.1274
vt 0.0000 0.0000
vt 0.0751 -0.0000
vt 0.1037 0.1233
vt 0.0149 0.1298
vt 0.0000 0.0000
vt 0.0615 0.0000
vt 0.1156 0.1123
vt 0.0416 0.1197
vt 0.0000 0.0000
vt 0.0749 -0.0000
vt 0.1188 0.1159
vt 0.0288 0.1233
vt 0.0000 0.0000
vt 0.1377 -0.0000
vt 0.1343 0.0574
vt 0.0039 0.0483
vt 0.0000 0.0000
vt 0.1309 0.0000
vt 0.1322 0.0580
vt 0.0074 0.0478
vt 0.0000 0.0000
vt 0.1377 0.0000
vt 0.1270 0.0686
vt -0.0034 0.0577
vt 0.0000 0.0000
vt 0.1321 -0.0000
vt 0.1271 0.0673
vt 0.0025 0.0588
vt 0.0000 0.0000
vt 0.1307 -0.0000
vt 0.1427 0.0652
vt 0.0083 0.0666
vt 0.0000 0.0000
vt 0.1347 0.0000
vt 0.1464 0.0654
vt 0.0089 0.0665
vt 0.0000 0.0000
vt 0.1307 0.0000
vt 0.1457 0.0655
vt 0.0118 0.0658
vt 0.0000 0.0000
vt 0.1340 0.0000
vt 0.1492 0.0652
vt 0.0117 0.0658
vt 0.0000 0.0000
vt 0.0652 -0.0000
vt 0.0376 0.1214
vt -0.0272 0.1229
vt 0.0000 0.0000
vt 0.0670 -0.0000
vt 0.0397 0.1217
vt -0.0256 0.1233
vt 0.0000 0.0000
vt 0.0652 -0.0000
vt 0.0391 0.1225
vt -0.0266 0.1227
vt 0.0000 0.0000
vt 0.0659 0.0000
vt 0.0398 0.1223
vt -0.0270 0.1225
vt 0.0000 0.0000
vt 0.0674 -0.0000
vt 0.0719 0.0542
vt 0.0059 0.0615
vt 0.0000 0.0000
vt 0.0665 0.0000
vt 0.0637 0.0529
vt 0.0019 0.0617
vt 0.0000 0.0000
vt 0.0674 0.0000
vt 0.0703 0.0472
vt 0.0053 0.0542
vt 0.0000 0.0000
vt 0.0654 -0.0000
vt 0.0649 0.0504
vt 0.0000 0.0554
vt 0.0000 0.0000
vt 0.0906 0.0000
vt 0.0798 0.0604
vt 0.0020 0.0682
vt 0.0000 0.0000
vt 0.0835 -0.0000
vt 0.0726 0.0641
vt 0.0024 0.0682
vt 0.0000 0.0000
vt 0.0906 0.0000
vt 0.0694 0.0649
vt -0.0095 0.0673
vt 0.0000 0.0000
vt 0.0790 0.0000
vt 0.0552 0.0606
vt -0.0126 0.0638
vt 0.0000 0.0000
vt 0.0685 0.0000
vt 0.0592 0.1105
vt -0.0149 0.1165
vt 0.0000 0.0000
vt 0.0751 0.0000
vt 0.0612 0.1112
vt -0.0220 0.1154
vt 0.0000 0.0000
vt 0.0685 0.0000
vt 0.0618 0.1066
vt -0.0101 0.1110
vt 0.0000 0.0000
vt 0.0755 -0.0000
vt 0.0672 0.1065
vt -0.0134 0.1120
vt 0.0000 0.0000
vt 0.1145 -0.0000
vt 0.1320 0.0601
vt 0.0158 0.0578
vt 0.0000 0.0000
vt 0.1182 0.0000
vt 0.1360 0.0605
vt 0.0178 0.0572
vt 0.0000 0.0000
vt 0.1145 -0.0000
vt 0.1347 0.0669
vt 0.0181 0.0636
vt 0.0000 0.0000
vt 0.1167 -0.0000
vt 0.1386 0.0622
vt 0.0195 0.0615
vt 0.0000 0.0000
vt 0.1176 0.0000
vt 0.1171 0.0564
vt 0.0016 0.0550
vt 0.0000 0.0000
vt 0.1156 0.0000
vt 0.1155 0.0537
vt 0.0007 0.0550
vt 0.0000 0.0000
vt 0.1176 -0.0000
vt 0.1119 0.0615
vt -0.0021 0.0566
vt 0.0000 0.0000
vt 0.1155 0.0000
vt 0.1133 0.0570
vt -0.0002 0.0557
vt 0.0000 0.0000
vt 0.0528 0.0000
vt 0.0639 0.1121
vt 0.0058 0.1077
vt 0.0000 0.0000
vt 0.0600 -0.0000
vt 0.0806 0.1109
vt 0.0137 0.1069
vt 0.0000 0.0000
vt 0.0528 0.0000
vt 0.0697 0.1182
vt 0.0114 0.1130
vt 0.0000 0.0000
vt 0.0589 -0.0000
vt 0.0868 0.1154
vt 0.0204 0.1110
vt 0.0000 0.0000
vt 0.0554 0.0000
vt 0.0590 0.0635
vt 0.0064 0.0680
vt 0.0000 0.0000
vt 0.0530 0.0000
vt 0.0528 0.0635
vt 0.0008 0.0683
vt 0.0000 0.0000
vt 0.0554 0.0000
vt 0.0578 0.0581
vt 0.0058 0.0634
vt 0.0000 0.0000
vt 0.0528 0.0000
vt 0.0494 0.0605
vt -0.0012 0.0638
vt 0.0000 0.0000
vt 0.0823 0.0000
vt 0.0843 0.0589
vt 0.0112 0.0593
vt 0.0000 0.0000
vt 0.0760 0.0000
vt 0.0813 0.0608
vt 0.0138 0.0587
vt 0.0000 0.0000
vt 0.0823 -0.0000
vt 0.0756 0.0650
vt 0.0023 0.0624
vt 0.0000 0.0000
vt 0.0734 0.0000
vt 0.0700 0.0657
vt 0.0040 0.0610
vt 0.0000 0.0000
vt 0.0724 -0.0000
vt 0.0887 0.2190
vt 0.0136 0.2230
vt 0.0000 0.0000
vt 0.0763 -0.0000
vt 0.0828 0.2198
vt 0.0035 0.2234
vt 0.0000 0.0000
vt 0.0724 -0.0000
vt 0.0918 0.2155
vt 0.0166 0.2194
vt 0.0000 0.0000
vt 0.0756 -0.0000
vt 0.0845 0.2163
vt 0.0055 0.2199
vt 0.0000 0.0000
vt 0.2110 -0.0000
vt 0.2094 0.0808
vt -0.0026 0.0830
vt 0.0000 0.0000
vt 0.2120 0.0000
vt 0.2097 0.0808
vt -0.0034 0.0830
vt 0.0000 0.0000
vt 0.2110 0.0000
vt 0.2105 0.0787
vt -0.0015 0.0810
vt 0.0000 0.0000
vt 0.2120 0.0000
vt 0.2108 0.0793
vt -0.0023 0.0809
vt 0.0000 0.0000
vt 0.2233 0.0000
vt 0.2207 0.0574
vt 0.0042 0.0469
vt 0.0000 0.0000
vt 0.2169 0.0000
vt 0.2174 0.0580
vt 0.0067 0.0466
vt 0.0000 0.0000
vt 0.2233 0.0000
vt 0.2138 0.0691
vt -0.0026 0.0578
vt 0.0000 0.0000
vt 0.2169 0.0000
vt 0.2110 0.0687
vt 0.0005 0.0581
vt 0.0000 0.0000
vt 0.0608 -0.0000
vt 0.0588 0.2145
vt -0.0066 0.2164
vt 0.0000 0.0000
vt 0.0669 0.0000
vt 0.0591 0.2144
vt -0.0126 0.2161
vt 0.0000 0.0000
vt 0.0608 0.0000
vt 0.0653 0.2133
vt -0.0009 0.2149
vt 0.0000 0.0000
vt 0.0664 0.0000
vt 0.0656 0.2126
vt -0.0077 0.2144
vt 0.0000 0.0000
vt 0.0470 0.0000
vt 0.0610 0.0753
vt 0.0077 0.0724
vt 0.0000 0.0000
vt 0.0544 0.0000
vt 0.0741 0.0744
vt 0.0144 0.0714
vt 0.0000 0.0000
vt 0.0470 0.0000
vt 0.0674 0.0800
vt 0.0140 0.0761
vt 0.0000 0.0000
vt 0.0535 0.0000
vt 0.0793 0.0787
vt 0.0197 0.0748
vt 0.0000 0.0000
vt 0.0787 -0.0000
vt 0.0797 0.0694
vt 0.0016 0.0699
vt 0.0000 0.0000
vt 0.0811 0.0000
vt 0.0799 0.0693
vt 0.0045 0.0698
vt 0.0000 0.0000
vt 0.0787 0.0000
vt 0.0803 0.0712
vt 0.0020 0.0727
vt 0.0000 0.0000
vt 0.0799 -0.0000
vt 0.0817 0.0686
vt 0.0060 0.0732
vt 0.0000 0.0000
vt 0.0678 -0.0000
vt 0.0675 0.2010
vt 0.0132 0.2002
vt 0.0000 0.0000
vt 0.0543 0.0000
vt 0.0573 0.2010
vt 0.0158 0.2000
vt 0.0000 0.0000
vt 0.0678 -0.0000
vt 0.0551 0.2019
vt -0.0000 0.2011
vt 0.0000 0.0000
vt 0.0553 0.0000
vt 0.0426 0.2021
vt 0.0027 0.2010
vt 0.0000 0.0000
vt 0.2052 -0.0000
vt 0.2108 0.0604
vt 0.0023 0.0675
vt 0.0000 0.0000
vt 0.2087 0.0000
vt 0.2123 0.0599
vt -0.0001 0.0675
vt 0.0000 0.0000
vt 0.2052 0.0000
vt 0.2142 0.0522
vt 0.0057 0.0605
vt 0.0000 0.0000
vt 0.2089 -0.0000
vt 0.2153 0.0539
vt 0.0035 0.0603
vt 0.0000 0.0000
vt 0.2007 0.0000
vt 0.2010 0.0508
vt -0.0018 0.0560
vt 0.0000 0.0000
vt 0.2028 0.0000
vt 0.2019 0.0506
vt -0.0032 0.0559
vt 0.0000 0.0000
vt 0.2007 0.0000
vt 0.2030 0.0458
vt 0.0003 0.0508
vt 0.0000 0.0000
vt 0.2030 0.0000
vt 0.2043 0.0456
vt -0.0008 0.0509
vt 0.0000 0.0000
vt 0.0405 0.0000
vt 0.0286 0.2070
vt -0.0099 0.2021
vt 0.0000 0.0000
vt 0.0388 0.0000
vt 0.0536 0.2067
vt 0.0143 0.2019
vt 0.0000 0.0000
vt 0.0405 0.0000
vt 0.0230 0.2117
vt -0.0127 0.2069
vt 0.0000 0.0000
vt 0.0378 -0.0000
vt 0.0511 0.2120
vt 0.0144 0.2069
vt 0.0000 0.0000
vt 0.0561 0.0000
vt 0.0506 0.0663
vt 0.0033 0.0674
vt 0.0000 0.0000
vt 0.0476 0.0000
vt 0.0412 0.0661
vt 0.0022 0.0675
vt 0.0000 0.0000
vt 0.0561 -0.0000
vt 0.0420 0.0659
vt -0.0055 0.0665
vt 0.0000 0.0000
vt 0.0476 0.0000
vt 0.0328 0.0657
vt -0.0065 0.0664
vt 0.0000 0.0000
vt 0.0411 0.0000
vt 0.0487 0.0391
vt 0.0022 0.0465
vt 0.0000 0.0000
vt 0.0491 -0.0000
vt 0.0532 0.0413
vt -0.0014 0.0465
vt 0.0000 0.0000
vt 0.0411 -0.0000
vt 0.0550 0.0353
vt 0.0081 0.0414
vt 0.0000 0.0000
vt 0.0474 0.0000
vt 0.0566 0.0372
vt 0.0029 0.0415
vt 0.0000 0.0000
vt 0.0770 0.0000
vt 0.0799 0.1952
vt -0.0054 0.1931
vt 0.0000 0.0000
vt 0.0854 0.0000
vt 0.0934 0.1949
vt -0.0006 0.1932
vt 0.0000 0.0000
vt 0.0770 0.0000
vt 0.0895 0.1973
vt 0.0038 0.1952
vt 0.0000 0.0000
vt 0.0857 -0.0000
vt 0.1019 0.1968
vt 0.0078 0.1950
vt 0.0000 0.0000
vt 0.1753 0.0000
vt 0.1691 0.0951
vt -0.0178 0.1036
vt 0.0000 0.0000
vt 0.1871 -0.0000
vt 0.1770 0.0952
vt -0.0223 0.1028
vt 0.0000 0.0000
vt 0.1753 -0.0000
vt 0.1807 0.0844
vt -0.0058 0.0952
vt 0.0000 0.0000
vt 0.1884 -0.0000
vt 0.1901 0.0853
vt -0.0087 0.0955
vt 0.0000 0.0000
vt 0.1932 -0.0000
vt 0.2020 0.0685
vt 0.0183 0.0643
vt 0.0000 0.0000
vt 0.1838 0.0000
vt 0.1942 0.0664
vt 0.0196 0.0639
vt 0.0000 0.0000
vt 0.1932 -0.0000
vt 0.1932 0.0724
vt 0.0094 0.0688
vt 0.0000 0.0000
vt 0.1838 0.0000
vt 0.1853 0.0719
vt 0.0104 0.0674
vt 0.0000 0.0000
vt 0.0527 0.0000
vt 0.0349 0.1974
vt -0.0156 0.1969
vt 0.0000 0.0000
vt 0.0505 0.0000
vt 0.0343 0.1973
vt -0.0155 0.1969
vt 0.0000 0.0000
vt 0.0527 0.0000
vt 0.0281 0.1978
vt -0.0190 0.1972
vt 0.0000 0.0000
vt 0.0517 0.0000
vt 0.0360 0.1983
vt -0.0155 0.1975
vt 0.0000 0.0000
vt 0.0667 0.0000
vt 0.0547 0.0891
vt 0.0002 0.0770
vt 0.0000 0.0000
vt 0.0558 0.0000
vt 0.0636 0.0887
vt 0.0169 0.0751
vt 0.0000 0.0000
vt 0.0667 0.0000
vt 0.0442 0.1022
vt -0.0110 0.0892
vt 0.0000 0.0000
vt 0.0574 0.0000
vt 0.0601 0.1038
vt 0.0085 0.0892
vt 0.0000 0.0000
vt 0.0943 -0.0000
vt 0.1043 0.0612
vt 0.0148 0.0713
vt 0.0000 0.0000
vt 0.0900 -0.0000
vt 0.0930 0.0615
vt 0.0073 0.0725
vt 0.0000 0.0000
vt 0.0943 0.0000
vt 0.0998 0.0507
vt 0.0106 0.0611
vt 0.0000 0.0000
vt 0.0898 0.0000
vt 0.0896 0.0514
vt 0.0035 0.0619
vt 0.0000 0.0000
vt 0.0805 -0.0000
vt 0.0561 0.1706
vt -0.0161 0.1540
vt 0.0000 0.0000
vt 0.0752 0.0000
vt 0.0895 0.1709
vt 0.0170 0.1540
vt 0.0000 0.0000
vt 0.0805 -0.0000
vt 0.0506 0.1880
vt -0.0225 0.1714
vt 0.0000 0.0000
vt 0.0750 -0.0000
vt 0.0864 0.1887
vt 0.0142 0.1712
vt 0.0000 0.0000
vt 0.2075 0.0000
vt 0.2064 0.0940
vt 0.0059 0.0961
vt 0.0000 0.0000
vt 0.2013 -0.0000
vt 0.2006 0.0948
vt 0.0055 0.0961
vt 0.0000 0.0000
vt 0.2075 -0.0000
vt 0.1991 0.0967
vt -0.0013 0.0956
vt 0.0000 0.0000
vt 0.2011 -0.0000
vt 0.1948 0.0966
vt -0.0008 0.0954
vt 0.0000 0.0000
vt 0.1549 0.0000
vt 0.1579 0.0539
vt -0.0225 0.0678
vt 0.0000 0.0000
vt 0.1812 -0.0000
vt 0.1799 0.0540
vt -0.0275 0.0659
vt 0.0000 0.0000
vt 0.1549 0.0000
vt 0.1816 0.0425
vt 0.0021 0.0547
vt 0.0000 0.0000
vt 0.1803 0.0000
vt 0.2047 0.0433
vt -0.0017 0.0540
vt 0.0000 0.0000
vt 0.0614 -0.0000
vt 0.0512 0.1911
vt -0.0179 0.1891
vt 0.0000 0.0000
vt 0.0719 -0.0000
vt 0.0705 0.1913
vt -0.0100 0.1897
vt 0.0000 0.0000
vt 0.0614 0.0000
vt 0.0614 0.1943
vt -0.0072 0.1923
vt 0.0000 0.0000
vt 0.0723 0.0000
vt 0.0866 0.1959
vt 0.0017 0.1925
vt 0.0000 0.0000
vt 0.0716 0.0000
vt 0.0738 0.0859
vt 0.0121 0.0796
vt 0.0000 0.0000
vt 0.0671 0.0000
vt 0.0787 0.0861
vt 0.0209 0.0777
vt 0.0000 0.0000
vt 0.0716 -0.0000
vt 0.0696 0.0984
vt 0.0055 0.0896
vt 0.0000 0.0000
vt 0.0649 0.0000
vt 0.0733 0.0928
vt 0.0126 0.0861
vt 0.0000 0.0000
vt 0.0754 0.0000
vt 0.0627 0.0615
vt -0.0138 0.0505
vt 0.0000 0.0000
vt 0.0821 -0.0000
vt 0.0875 0.0571
vt -0.0089 0.0516
vt 0.0000 0.0000
vt 0.0754 0.0000
vt 0.0771 0.0888
vt -0.0054 0.0684
vt 0.0000 0.0000
vt 0.0867 0.0000
vt 0.1049 0.0766
vt 0.0105 0.0672
vt 0.0000 0.0000
vt 0.0952 0.0000
vt 0.1036 0.1294
vt -0.0017 0.1302
vt 0.0000 0.0000
vt 0.1053 0.0000
vt 0.1124 0.1294
vt -0.0027 0.1302
vt 0.0000 0.0000
vt 0.0952 -0.0000
vt 0.1136 0.1284
vt 0.0084 0.1295
vt 0.0000 0.0000
vt 0.1055 0.0000
vt 0.1230 0.1286
vt 0.0078 0.1296
vt 0.0000 0.0000
vt 0.1356 0.0000
vt 0.1283 0.0948
vt -0.0115 0.0938
vt 0.0000 0.0000
vt 0.1398 0.0000
vt 0.1328 0.0941
vt -0.0115 0.0938
vt 0.0000 0.0000
vt 0.1356 0.0000
vt 0.1316 0.0970
vt -0.0078 0.0949
vt 0.0000 0.0000
vt 0.1400 0.0000
vt 0.1384 0.0954
vt -0.0070 0.0943
vt 0.0000 0.0000
vt 0.1302 0.0000
vt 0.1321 0.0403
vt 0.0019 0.0223
vt 0.0000 0.0000
vt 0.1317 0.0000
vt 0.1393 0.0397
vt 0.0050 0.0219
vt 0.0000 0.0000
vt 0.1302 0.0000
vt 0.1325 0.0597
vt 0.0021 0.0410
vt 0.0000 0.0000
vt 0.1317 0.0000
vt 0.1419 0.0588
vt 0.0076 0.0402
vt 0.0000 0.0000
vt 0.0411 0.0000
vt -0.0042 0.1296
vt -0.0475 0.1209
vt 0.0000 0.0000
vt 0.0471 0.0000
vt 0.0319 0.1363
vt -0.0223 0.1280
vt 0.0000 0.0000
vt 0.0411 0.0000
vt 0.0053 0.1405
vt -0.0395 0.1326
vt 0.0000 0.0000
vt 0.0463 0.0000
vt 0.0373 0.1446
vt -0.0157 0.1362
vt 0.0000 0.0000
vt 0.0225 0.0000
vt 0.0344 0.0930
vt 0.0068 0.0950
vt 0.0000 0.0000
vt 0.0312 -0.0000
vt 0.0389 0.0933
vt -0.0012 0.0952
vt 0.0000 0.0000
vt 0.0225 0.0000
vt 0.0443 0.0911
vt 0.0152 0.0936
vt 0.0000 0.0000
vt 0.0292 0.0000
vt 0.0439 0.0925
vt 0.0065 0.0935
vt 0.0000 0.0000
vt 0.1153 0.0000
vt 0.1123 0.0563
vt 0.0060 0.0591
vt 0.0000 0.0000
vt 0.1065 -0.0000
vt 0.1020 0.0562
vt 0.0045 0.0592
vt 0.0000 0.0000
vt 0.1153 0.0000
vt 0.1033 0.0537
vt -0.0030 0.0564
vt 0.0000 0.0000
vt 0.1064 0.0000
vt 0.0930 0.0532
vt -0.0044 0.0563
vt 0.0000 0.0000
vt 0.0555 0.0000
vt 0.0455 0.1798
vt -0.0172 0.1830
vt 0.0000 0.0000
vt 0.0630 -0.0000
vt 0.0447 0.1791
vt -0.0267 0.1819
vt 0.0000 0.0000
vt 0.0555 0.0000
vt 0.0524 0.1763
vt -0.0093 0.1799
vt 0.0000 0.0000
vt 0.0635 -0.0000
vt 0.0541 0.1767
vt -0.0169 0.1799
vt 0.0000 0.0000
vt 0.1717 -0.0000
vt 0.1721 0.0597
vt -0.0107 0.0536
vt 0.0000 0.0000
vt 0.1829 0.0000
vt 0.1854 0.0594
vt -0.0088 0.0539
vt 0.0000 0.0000
vt 0.1717 -0.0000
vt 0.1832 0.0660
vt 0.0004 0.0598
vt 0.0000 0.0000
vt 0.1829 -0.0000
vt 0.1967 0.0657
vt 0.0025 0.0598
vt 0.0000 0.0000
vt 0.1839 -0.0000
vt 0.1724 0.0407
vt -0.0050 0.0343
vt 0.0000 0.0000
vt 0.1776 -0.0000
vt 0.1677 0.0404
vt -0.0038 0.0345
vt 0.0000 0.0000
vt 0.1839 -0.0000
vt 0.1665 0.0476
vt -0.0111 0.0410
vt 0.0000 0.0000
vt 0.1778 0.0000
vt 0.1618 0.0470
vt -0.0097 0.0409
vt 0.0000 0.0000
vt 0.0490 0.0000
vt 0.0285 0.1842
vt -0.0238 0.1754
vt 0.0000 0.0000
vt 0.0532 0.0000
vt 0.0658 0.1851
vt 0.0066 0.1769
vt 0.0000 0.0000
vt 0.0490 -0.0000
vt 0.0289 0.1929
vt -0.0209 0.1842
vt 0.0000 0.0000
vt 0.0527 0.0000
vt 0.0689 0.1934
vt 0.0122 0.1854
vt 0.0000 0.0000
vt 0.0347 -0.0000
vt 0.0321 0.0543
vt -0.0094 0.0544
vt 0.0000 0.0000
vt 0.0415 0.0000
vt 0.0389 0.0543
vt -0.0096 0.0544
vt 0.0000 0.0000
vt 0.0347 -0.0000
vt 0.0389 0.0544
vt -0.0027 0.0544
vt 0.0000 0.0000
vt 0.0416 0.0000
vt 0.0461 0.0544
vt -0.0027 0.0543
vt 0.0000 0.0000
vt 0.0718 0.0000
vt 0.0621 0.0508
vt -0.0045 0.0502
vt 0.0000 0.0000
vt 0.0668 0.0000
vt 0.0586 0.0471
vt -0.0051 0.0502
vt 0.0000 0.0000
vt 0.0718 -0.0000
vt 0.0566 0.0547
vt -0.0098 0.0510
vt 0.0000 0.0000
vt 0.0688 -0.0000
vt 0.0605 0.0567
vt -0.0046 0.0542
vt 0.0000 0.0000
vt 0.1691 0.0000
vt 0.1674 0.0968
vt -0.0017 0.0968
vt 0.0000 0.0000
vt 0.1343 0.0000
vt 0.1334 0.0967
vt -0.0009 0.0968
vt 0.0000 0.0000
vt 0.1417 0.0000
vt 0.1425 0.0968
vt 0.0007 0.0967
vt 0.0000 0.0000
vt 0.1419 0.0000
vt 0.1412 0.0967
vt -0.0006 0.0968
vt 0.0000 0.0000
vt 0.1342 0.0000
vt 0.1347 0.0968
vt 0.0005 0.0967
vt 0.0000 0.0000
vt 0.1725 0.0000
vt 0.1715 0.0967
vt -0.0009 0.0967
vt 0.0000 0.0000
vt 0.1997 0.0000
vt 0.1991 0.0967
vt -0.0007 0.0967
vt 0.0000 0.0000
vt 0.1921 0.0000
vt 0.1929 0.0967
vt 0.0009 0.0967
vt 0.0000 0.0000
vt 0.1976 0.0000
vt 0.1995 0.0968
vt 0.0019 0.0967
vt 0.0000 0.0000
vt 0.2173 -0.0000
vt 0.2205 0.0970
vt 0.0031 0.0968
vt 0.0000 0.0000
vt 0.1087 0.0000
vt 0.1078 0.0970
vt -0.0009 0.0970
vt 0.0000 0.0000
vt 0.2231 0.0000
vt 0.2205 0.0968
vt -0.0026 0.0970
vt 0.0000 0.0000
vt 0.1093 -0.0000
vt 0.1085 0.0968
vt -0.0008 0.0968
vt 0.0000 0.0000
vt 0.1109 0.0000
vt 0.1113 0.0968
vt 0.0004 0.0968
vt 0.0000 0.0000
vt 0.1252 -0.0000
vt 0.1239 0.0968
vt -0.0013 0.0968
vt 0.0000 0.0000
vt 0.1356 -0.0000
vt 0.1370 0.0968
vt 0.0013 0.0968
vt 0.0000 0.0000
vt 0.1349 0.0000
vt 0.1340 0.0968
vt -0.0010 0.0968
vt 0.0000 0.0000
vt 0.1833 0.0000
vt 0.1819 0.0967
vt -0.0015 0.0968
vt 0.0000 0.0000
vt 0.1918 0.0000
vt 0.1920 0.0967
vt 0.0002 0.0967
vt 0.0000 0.0000
vt 0.1616 0.0000
vt 0.1611 0.0967
vt -0.0005 0.0967
vt 0.0000 0.0000
vt 0.1711 0.0000
vt 0.1726 0.0968
vt 0.0015 0.0967
vt 0.0000 0.0000
vt 0.1731 0.0000
vt 0.1755 0.0969
vt 0.0024 0.0967
vt 0.0000 0.0000
vt 0.0862 0.0000
vt 0.0883 0.0969
vt 0.0021 0.0969
vt 0.0000 0.0000
vt 0.0814 0.0000
vt 0.0834 0.0970
vt 0.0020 0.0969
vt 0.0000 0.0000
vt 0.1994 0.0000
vt 0.1970 0.0968
vt -0.0023 0.0970
vt 0.0000 0.0000
vt 0.1692 -0.0000
vt 0.2970 0.1226
vt 0.1921 0.1226
vt 0.0000 0.0000
vt 0.1691 -0.0000
vt -0.0229 0.1226
vt -0.1278 0.1226
vt 0.0000 0.0000
vt 0.1343 -0.0000
vt 0.1932 0.1389
vt 0.1099 0.1389
vt 0.0000 0.0000
vt 0.1343 0.0000
vt 0.0245 0.1389
vt -0.0588 0.1389
vt 0.0000 0.0000
vt 0.1417 0.0000
vt 0.0713 0.1500
vt -0.0165 0.1500
vt 0.0000 0.0000
vt 0.1417 0.0000
vt 0.1582 0.1499
vt 0.0704 0.1499
vt 0.0000 0.0000
vt 0.1419 -0.0000
vt 0.1354 0.1587
vt 0.0474 0.1587
vt 0.0000 0.0000
vt 0.1419 0.0000
vt 0.0944 0.1587
vt 0.0065 0.1587
vt 0.0000 0.0000
vt 0.1342 -0.0000
vt 0.0359 0.1517
vt -0.0473 0.1517
vt 0.0000 0.0000
vt 0.1342 -0.0000
vt 0.1815 0.1516
vt 0.0983 0.1516
vt 0.0000 0.0000
vt 0.1725 0.0000
vt 0.1692 0.1696
vt 0.0623 0.1696
vt 0.0000 0.0000
vt 0.1725 0.0000
vt 0.1102 0.1696
vt 0.0032 0.1696
vt 0.0000 0.0000
vt 0.1997 -0.0000
vt 0.2059 0.1485
vt 0.0821 0.1485
vt 0.0000 0.0000
vt 0.1997 -0.0000
vt 0.1177 0.1485
vt -0.0062 0.1485
vt 0.0000 0.0000
vt 0.1921 0.0000
vt 0.0804 0.1435
vt -0.0387 0.1435
vt 0.0000 0.0000
vt 0.1921 0.0000
vt 0.2307 0.1435
vt 0.1116 0.1435
vt 0.0000 0.0000
vt 0.1976 -0.0000
vt 0.0164 0.1476
vt -0.1061 0.1476
vt 0.0000 0.0000
vt 0.1976 0.0000
vt 0.3036 0.1477
vt 0.1812 0.1476
vt 0.0000 0.0000
vt 0.2173 -0.0000
vt -0.0510 0.1419
vt -0.1857 0.1419
vt 0.0000 0.0000
vt 0.2173 -0.0000
vt 0.4030 0.1420
vt 0.2683 0.1419
vt 0.0000 0.0000
vt 0.1087 0.0000
vt 0.2343 0.2536
vt 0.1669 0.2536
vt 0.0000 0.0000
vt 0.1087 -0.0000
vt -0.0581 0.2535
vt -0.1255 0.2535
vt 0.0000 0.0000
vt 0.2231 -0.0000
vt 0.4006 0.1061
vt 0.2623 0.1062
vt 0.0000 0.0000
vt 0.2231 0.0000
vt -0.0392 0.1061
vt -0.1774 0.1062
vt 0.0000 0.0000
vt 0.1093 -0.0000
vt 0.1727 0.1782
vt 0.1050 0.1782
vt 0.0000 0.0000
vt 0.1093 0.0000
vt 0.0043 0.1781
vt -0.0635 0.1781
vt 0.0000 0.0000
vt 0.1109 -0.0000
vt 0.0807 0.1888
vt 0.0119 0.1888
vt 0.0000 0.0000
vt 0.1109 0.0000
vt 0.0990 0.1887
vt 0.0302 0.1887
vt 0.0000 0.0000
vt 0.1252 -0.0000
vt 0.1824 0.1599
vt 0.1048 0.1599
vt 0.0000 0.0000
vt 0.1252 -0.0000
vt 0.0204 0.1599
vt -0.0572 0.1599
vt 0.0000 0.0000
vt 0.1356 0.0000
vt 0.0008 0.1480
vt -0.0832 0.1480
vt 0.0000 0.0000
vt 0.1356 0.0000
vt 0.2188 0.1480
vt 0.1348 0.1480
vt 0.0000 0.0000
vt 0.1349 0.0000
vt 0.1367 0.1930
vt 0.0531 0.1930
vt 0.0000 0.0000
vt 0.1349 0.0000
vt 0.0819 0.1930
vt -0.0018 0.1930
vt 0.0000 0.0000
vt 0.1833 0.0000
vt 0.2267 0.1564
vt 0.1131 0.1565
vt 0.0000 0.0000
vt 0.1833 0.0000
vt 0.0703 0.1564
vt -0.0434 0.1564
vt 0.0000 0.0000
vt 0.1918 -0.0000
vt 0.0933 0.1603
vt -0.0257 0.1603
vt 0.0000 0.0000
vt 0.1918 -0.0000
vt 0.2175 0.1603
vt 0.0986 0.1603
vt 0.0000 0.0000
vt 0.1616 -0.0000
vt 0.1866 0.1672
vt 0.0865 0.1672
vt 0.0000 0.0000
vt 0.1616 -0.0000
vt 0.0751 0.1671
vt -0.0251 0.1671
vt 0.0000 0.0000
vt 0.1711 -0.0000
vt -0.0031 0.1291
vt -0.1091 0.1291
vt 0.0000 0.0000
vt 0.1711 0.0000
vt 0.2802 0.1291
vt 0.1741 0.1291
vt 0.0000 0.0000
vt 0.1731 0.0000
vt -0.0595 0.1384
vt -0.1668 0.1384
vt 0.0000 0.0000
vt 0.1731 -0.0000
vt 0.3399 0.1385
vt 0.2325 0.1385
vt 0.0000 0.0000
vt 0.0862 0.0000
vt -0.0461 0.2517
vt -0.0995 0.2517
vt 0.0000 0.0000
vt 0.0862 0.0000
vt 0.1857 0.2517
vt 0.1322 0.2517
vt 0.0000 0.0000
vt 0.0814 -0.0000
vt -0.0287 0.2732
vt -0.0792 0.2731
vt 0.0000 0.0000
vt 0.0814 0.0000
vt 0.1605 0.2731
vt 0.1101 0.2731
vt 0.0000 0.0000
vt 0.1994 -0.0000
vt 0.3909 0.1235
vt 0.2673 0.1236
vt 0.0000 0.0000
vt 0.1994 -0.0000
vt -0.0679 0.1235
vt -0.1915 0.1235
vt 0.0000 0.0000
vt 0.1049 -0.0000
vt 0.2125 0.1032
vt 0.1618 0.1032
vt 0.0000 0.0000
vt 0.1049 0.0000
vt -0.0569 0.1033
vt -0.1076 0.1033
vt 0.0000 0.0000
vt 0.0833 -0.0000
vt 0.1328 0.1170
vt 0.0925 0.1170
vt 0.0000 0.0000
vt 0.0833 -0.0000
vt -0.0092 0.1170
vt -0.0495 0.1170
vt 0.0000 0.0000
vt 0.0879 0.0000
vt 0.0286 0.1263
vt -0.0139 0.1263
vt 0.0000 0.0000
vt 0.0879 -0.0000
vt 0.1018 0.1263
vt 0.0593 0.1263
vt 0.0000 0.0000
vt 0.0879 -0.0000
vt 0.0825 0.1337
vt 0.0399 0.1337
vt 0.0000 0.0000
vt 0.0879 -0.0000
vt 0.0480 0.1336
vt 0.0055 0.1336
vt 0.0000 0.0000
vt 0.0832 -0.0000
vt 0.0004 0.1277
vt -0.0398 0.1277
vt 0.0000 0.0000
vt 0.0832 0.0000
vt 0.1230 0.1277
vt 0.0828 0.1277
vt 0.0000 0.0000
vt 0.1069 -0.0000
vt 0.1042 0.1428
vt 0.0525 0.1428
vt 0.0000 0.0000
vt 0.1069 0.0000
vt 0.0545 0.1428
vt 0.0027 0.1428
vt 0.0000 0.0000
vt 0.1238 0.0000
vt 0.1291 0.1250
vt 0.0691 0.1250
vt 0.0000 0.0000
vt 0.1238 -0.0000
vt 0.0547 0.1250
vt -0.0052 0.1250
vt 0.0000 0.0000
vt 0.1191 0.0000
vt 0.0251 0.1208
vt -0.0326 0.1208
vt 0.0000 0.0000
vt 0.1191 -0.0000
vt 0.1516 0.1208
vt 0.0940 0.1208
vt 0.0000 0.0000
vt 0.1225 0.0000
vt -0.0301 0.1243
vt -0.0893 0.1243
vt 0.0000 0.0000
vt 0.1225 -0.0000
vt 0.2118 0.1244
vt 0.1525 0.1243
vt 0.0000 0.0000
vt 0.1347 0.0000
vt -0.0912 0.1195
vt -0.1564 0.1195
vt 0.0000 0.0000
vt 0.1347 0.0000
vt 0.2910 0.1196
vt 0.2258 0.1195
vt 0.0000 0.0000
vt 0.0674 0.0000
vt 0.1731 0.2135
vt 0.1405 0.2135
vt 0.0000 0.0000
vt 0.0674 -0.0000
vt -0.0731 0.2135
vt -0.1057 0.2135
vt 0.0000 0.0000
vt 0.1383 -0.0000
vt 0.2877 0.0894
vt 0.2208 0.0894
vt 0.0000 0.0000
vt 0.1383 -0.0000
vt -0.0825 0.0894
vt -0.1494 0.0894
vt 0.0000 0.0000
vt 0.0677 0.0000
vt 0.1212 0.1500
vt 0.0884 0.1500
vt 0.0000 0.0000
vt 0.0677 0.0000
vt -0.0207 0.1500
vt -0.0534 0.1500
vt 0.0000 0.0000
vt 0.0688 0.0000
vt 0.0433 0.1589
vt 0.0100 0.1589
vt 0.0000 0.0000
vt 0.0688 0.0000
vt 0.0587 0.1589
vt 0.0255 0.1589
vt 0.0000 0.0000
vt 0.0776 -0.0000
vt 0.1258 0.1346
vt 0.0882 0.1346
vt 0.0000 0.0000
vt 0.0776 0.0000
vt -0.0106 0.1346
vt -0.0482 0.1346
vt 0.0000 0.0000
vt 0.0841 0.0000
vt -0.0294 0.1246
vt -0.0701 0.1246
vt 0.0000 0.0000
vt 0.0841 0.0000
vt 0.1541 0.1246
vt 0.1135 0.1246
vt 0.0000 0.0000
vt 0.0837 -0.0000
vt 0.0851 0.1625
vt 0.0447 0.1625
vt 0.0000 0.0000
vt 0.0837 -0.0000
vt 0.0390 0.1625
vt -0.0015 0.1625
vt 0.0000 0.0000
vt 0.1137 0.0000
vt 0.1502 0.1317
vt 0.0952 0.1317
vt 0.0000 0.0000
vt 0.1137 -0.0000
vt 0.0185 0.1317
vt -0.0365 0.1317
vt 0.0000 0.0000
vt 0.1189 -0.0000
vt 0.0359 0.1350
vt -0.0216 0.1350
vt 0.0000 0.0000
vt 0.1189 0.0000
vt 0.1405 0.1350
vt 0.0830 0.1350
vt 0.0000 0.0000
vt 0.1002 -0.0000
vt 0.1213 0.1408
vt 0.0728 0.1408
vt 0.0000 0.0000
vt 0.1002 0.0000
vt 0.0274 0.1408
vt -0.0211 0.1408
vt 0.0000 0.0000
vt 0.1061 0.0000
vt -0.0406 0.1087
vt -0.0919 0.1087
vt 0.0000 0.0000
vt 0.1061 0.0000
vt 0.1979 0.1087
vt 0.1466 0.1087
vt 0.0000 0.0000
vt 0.1073 0.0000
vt -0.0885 0.1166
vt -0.1404 0.1166
vt 0.0000 0.0000
vt 0.1073 0.0000
vt 0.2477 0.1166
vt 0.1958 0.1166
vt 0.0000 0.0000
vt 0.0535 0.0000
vt -0.0579 0.2120
vt -0.0837 0.2120
vt 0.0000 0.0000
vt 0.0535 0.0000
vt 0.1372 0.2120
vt 0.1113 0.2120
vt 0.0000 0.0000
vt 0.0505 -0.0000
vt -0.0422 0.2300
vt -0.0666 0.2300
vt 0.0000 0.0000
vt 0.0505 0.0000
vt 0.1170 0.2300
vt 0.0926 0.2300
vt 0.0000 0.0000
vt 0.1236 0.0000
vt 0.2849 0.1040
vt 0.2251 0.1040
vt 0.0000 0.0000
vt 0.1236 -0.0000
vt -0.1014 0.1040
vt -0.1612 0.1041
vt 0.0000 0.0000
vt 0.0507 0.0000
vt 0.1516 0.0968
vt 0.0000 0.0000
vt 0.0507 0.0000
vt -0.1009 0.0970
vt 0.0000 0.0000
vt 0.0403 -0.0000
vt 0.0867 0.1097
vt 0.0000 0.0000
vt 0.0403 -0.0000
vt -0.0465 0.1098
vt 0.0000 0.0000
vt 0.0425 0.0000
vt -0.0130 0.1184
vt 0.0000 0.0000
vt 0.0425 0.0000
vt 0.0556 0.1185
vt 0.0000 0.0000
vt 0.0426 0.0000
vt 0.0374 0.1253
vt 0.0000 0.0000
vt 0.0426 -0.0000
vt 0.0051 0.1254
vt 0.0000 0.0000
vt 0.0403 0.0000
vt -0.0373 0.1197
vt 0.0000 0.0000
vt 0.0403 0.0000
vt 0.0776 0.1199
vt 0.0000 0.0000
vt 0.0517 0.0000
vt 0.0492 0.1339
vt 0.0000 0.0000
vt 0.0517 0.0000
vt 0.0025 0.1341
vt 0.0000 0.0000
vt 0.0599 -0.0000
vt 0.0648 0.1172
vt 0.0000 0.0000
vt 0.0599 -0.0000
vt -0.0049 0.1174
vt 0.0000 0.0000
vt 0.0576 -0.0000
vt -0.0305 0.1133
vt 0.0000 0.0000
vt 0.0576 -0.0000
vt 0.0882 0.1134
vt 0.0000 0.0000
vt 0.0593 -0.0000
vt -0.0837 0.1166
vt 0.0000 0.0000
vt 0.0593 0.0000
vt 0.1430 0.1167
vt 0.0000 0.0000
vt 0.0652 0.0000
vt -0.1466 0.1121
vt 0.0000 0.0000
vt 0.0652 0.0000
vt 0.2118 0.1122
vt 0.0000 0.0000
vt 0.0326 -0.0000
vt 0.1317 0.2001
vt 0.0000 0.0000
vt 0.0326 0.0000
vt -0.0991 0.2002
vt 0.0000 0.0000
vt 0.0669 0.0000
vt 0.2070 0.0838
vt 0.0000 0.0000
vt 0.0669 0.0000
vt -0.1401 0.0840
vt 0.0000 0.0000
vt 0.0328 0.0000
vt 0.0829 0.1406
vt 0.0000 0.0000
vt 0.0328 0.0000
vt -0.0501 0.1408
vt 0.0000 0.0000
vt 0.0333 0.0000
vt 0.0094 0.1490
vt 0.0000 0.0000
vt 0.0333 0.0000
vt 0.0239 0.1491
vt 0.0000 0.0000
vt 0.0375 0.0000
vt 0.0827 0.1262
vt 0.0000 0.0000
vt 0.0375 -0.0000
vt -0.0452 0.1264
vt 0.0000 0.0000
vt 0.0407 -0.0000
vt -0.0657 0.1168
vt 0.0000 0.0000
vt 0.0407 0.0000
vt 0.1064 0.1170
vt 0.0000 0.0000
vt 0.0405 -0.0000
vt 0.0419 0.1524
vt 0.0000 0.0000
vt 0.0405 -0.0000
vt -0.0014 0.1525
vt 0.0000 0.0000
vt 0.0550 0.0000
vt 0.0892 0.1235
vt 0.0000 0.0000
vt 0.0550 -0.0000
vt -0.0343 0.1236
vt 0.0000 0.0000
vt 0.0575 -0.0000
vt -0.0203 0.1266
vt 0.0000 0.0000
vt 0.0575 -0.0000
vt 0.0778 0.1267
vt 0.0000 0.0000
vt 0.0485 0.0000
vt 0.0683 0.1320
vt 0.0000 0.0000
vt 0.0485 0.0000
vt -0.0198 0.1321
vt 0.0000 0.0000
vt 0.0513 -0.0000
vt -0.0861 0.1019
vt 0.0000 0.0000
vt 0.0513 0.0000
vt 0.1375 0.1021
vt 0.0000 0.0000
vt 0.0519 -0.0000
vt -0.1316 0.1093
vt 0.0000 0.0000
vt 0.0519 0.0000
vt 0.1836 0.1094
vt 0.0000 0.0000
vt 0.0259 -0.0000
vt -0.0785 0.1987
vt 0.0000 0.0000
vt 0.0259 0.0000
vt 0.1044 0.1988
vt 0.0000 0.0000
vt 0.0244 0.0000
vt -0.0624 0.2156
vt 0.0000 0.0000
vt 0.0244 -0.0000
vt 0.0869 0.2157
vt 0.0000 0.0000
vt 0.0598 0.0000
vt 0.2110 0.0975
vt 0.0000 0.0000
vt 0.0598 0.0000
vt -0.1512 0.0977
vt 0.0000 0.0000
vt 0.1091 0.0000
vt 0.1107 0.1008
vt 0.0016 0.1007
vt 0.0000 0.0000
vt 0.2513 0.0000
vt 0.2514 0.1008
vt 0.0001 0.1008
vt 0.0000 0.0000
vt 0.2298 0.0000
vt 0.2294 0.1008
vt -0.0004 0.1008
vt 0.0000 0.0000
vt 0.2303 0.0000
vt 0.2292 0.1007
vt -0.0011 0.1008
vt 0.0000 0.0000
vt 0.1909 0.0000
vt 0.1899 0.1006
vt -0.0010 0.1007
vt 0.0000 0.0000
vt 0.1948 0.0000
vt 0.1934 0.1005
vt -0.0013 0.1006
vt 0.0000 0.0000
vt 0.2437 -0.0000
vt 0.2432 0.1005
vt -0.0005 0.1005
vt 0.0000 0.0000
vt 0.2401 0.0000
vt 0.2405 0.1005
vt 0.0004 0.1005
vt 0.0000 0.0000
vt 0.2479 0.0000
vt 0.2486 0.1006
vt 0.0007 0.1005
vt 0.0000 0.0000
vt 0.1758 0.0000
vt 0.1773 0.1007
vt 0.0015 0.1006
vt 0.0000 0.0000
vt 0.1637 0.0000
vt 0.1647 0.1007
vt 0.0010 0.1007
vt 0.0000 0.0000
vt 0.1720 0.0000
vt 0.1724 0.1007
vt 0.0004 0.1007
vt 0.0000 0.0000
vt 0.1743 0.0000
vt 0.1748 0.1008
vt 0.0004 0.1007
vt 0.0000 0.0000
vt 0.1918 0.0000
vt 0.1910 0.1007
vt -0.0008 0.1008
vt 0.0000 0.0000
vt 0.1533 0.0000
vt 0.1521 0.1007
vt -0.0011 0.1007
vt 0.0000 0.0000
vt 0.1918 -0.0000
vt 0.1902 0.1006
vt -0.0016 0.1007
vt 0.0000 0.0000
vt 0.0982 -0.0000
vt 0.0977 0.1006
vt -0.0005 0.1006
vt 0.0000 0.0000
vt 0.0912 -0.0000
vt 0.0904 0.1005
vt -0.0008 0.1006
vt 0.0000 0.0000
vt 0.0925 0.0000
vt 0.0921 0.1005
vt -0.0004 0.1005
vt 0.0000 0.0000
vt 0.0915 0.0000
vt 0.0912 0.1005
vt -0.0003 0.1005
vt 0.0000 0.0000
vt 0.0895 0.0000
vt 0.0894 0.1005
vt -0.0001 0.1005
vt 0.0000 0.0000
vt 0.2362 0.0000
vt 0.2345 0.1004
vt -0.0017 0.1005
vt 0.0000 0.0000
vt 0.1963 0.0000
vt 0.1988 0.1005
vt 0.0025 0.1004
vt 0.0000 0.0000
vt 0.1408 0.0000
vt 0.1419 0.1006
vt 0.0011 0.1005
vt 0.0000 0.0000
vt 0.1431 0.0000
vt 0.1450 0.1007
vt 0.0019 0.1006
vt 0.0000 0.0000
vt 0.1799 0.0000
vt 0.1810 0.1007
vt 0.0011 0.1007
vt 0.0000 0.0000
vt 0.1091 0.0000
vt 0.1079 0.3025
vt 0.0403 0.3025
vt 0.0000 0.0000
vt 0.1091 -0.0000
vt 0.0687 0.3025
vt 0.0011 0.3025
vt 0.0000 0.0000
vt 0.2513 0.0000
vt 0.3814 0.2015
vt 0.2256 0.2015
vt 0.0000 0.0000
vt 0.2513 -0.0000
vt 0.0257 0.2015
vt -0.1301 0.2015
vt 0.0000 0.0000
vt 0.2298 0.0000
vt 0.2466 0.2161
vt 0.1041 0.2161
vt 0.0000 0.0000
vt 0.2298 0.0000
vt 0.1258 0.2161
vt -0.0167 0.2161
vt 0.0000 0.0000
vt 0.2303 -0.0000
vt 0.1849 0.2126
vt 0.0421 0.2126
vt 0.0000 0.0000
vt 0.2303 -0.0000
vt 0.1882 0.2126
vt 0.0454 0.2126
vt 0.0000 0.0000
vt 0.1909 0.0000
vt 0.2351 0.1834
vt 0.1167 0.1834
vt 0.0000 0.0000
vt 0.1909 -0.0000
vt 0.0742 0.1835
vt -0.0442 0.1835
vt 0.0000 0.0000
vt 0.1948 0.0000
vt 0.0991 0.1875
vt -0.0216 0.1875
vt 0.0000 0.0000
vt 0.1948 -0.0000
vt 0.2164 0.1875
vt 0.0957 0.1875
vt 0.0000 0.0000
vt 0.2437 0.0000
vt 0.1502 0.2104
vt -0.0009 0.2104
vt 0.0000 0.0000
vt 0.2437 -0.0000
vt 0.2447 0.2105
vt 0.0936 0.2105
vt 0.0000 0.0000
vt 0.2401 0.0000
vt 0.1133 0.2276
vt -0.0355 0.2276
vt 0.0000 0.0000
vt 0.2401 0.0000
vt 0.2756 0.2276
vt 0.1267 0.2276
vt 0.0000 0.0000
vt 0.2479 -0.0000
vt 0.0095 0.2169
vt -0.1442 0.2169
vt 0.0000 0.0000
vt 0.2479 -0.0000
vt 0.3922 0.2169
vt 0.2384 0.2169
vt 0.0000 0.0000
vt 0.1758 -0.0000
vt 0.3928 0.1528
vt 0.2838 0.1528
vt 0.0000 0.0000
vt 0.1758 -0.0000
vt -0.1080 0.1528
vt -0.2170 0.1528
vt 0.0000 0.0000
vt 0.1637 -0.0000
vt 0.3127 0.1608
vt 0.2112 0.1607
vt 0.0000 0.0000
vt 0.1637 -0.0000
vt -0.0475 0.1607
vt -0.1490 0.1607
vt 0.0000 0.0000
vt 0.1720 -0.0000
vt 0.2696 0.1465
vt 0.1630 0.1465
vt 0.0000 0.0000
vt 0.1720 -0.0000
vt 0.0089 0.1465
vt -0.0977 0.1465
vt 0.0000 0.0000
vt 0.1743 -0.0000
vt 0.0817 0.1741
vt -0.0264 0.1741
vt 0.0000 0.0000
vt 0.1743 0.0000
vt 0.2007 0.1741
vt 0.0926 0.1741
vt 0.0000 0.0000
vt 0.1918 0.0000
vt 0.2130 0.1733
vt 0.0941 0.1733
vt 0.0000 0.0000
vt 0.1918 -0.0000
vt 0.0978 0.1733
vt -0.0212 0.1733
vt 0.0000 0.0000
vt 0.1533 -0.0000
vt 0.0960 0.1746
vt 0.0010 0.1746
vt 0.0000 0.0000
vt 0.1533 -0.0000
vt 0.1523 0.1746
vt 0.0573 0.1746
vt 0.0000 0.0000
vt 0.1918 -0.0000
vt -0.0017 0.1387
vt -0.1205 0.1387
vt 0.0000 0.0000
vt 0.1918 -0.0000
vt 0.3123 0.1387
vt 0.1935 0.1387
vt 0.0000 0.0000
vt 0.0982 -0.0000
vt 0.1799 0.2061
vt 0.1190 0.2061
vt 0.0000 0.0000
vt 0.0982 -0.0000
vt -0.0208 0.2061
vt -0.0817 0.2061
vt 0.0000 0.0000
vt 0.0912 -0.0000
vt 0.0847 0.2199
vt 0.0281 0.2199
vt 0.0000 0.0000
vt 0.0912 -0.0000
vt 0.0631 0.2199
vt 0.0065 0.2199
vt 0.0000 0.0000
vt 0.0925 -0.0000
vt 0.0871 0.2180
vt 0.0297 0.2180
vt 0.0000 0.0000
vt 0.0925 -0.0000
vt 0.0628 0.2180
vt 0.0055 0.2180
vt 0.0000 0.0000
vt 0.0915 0.0000
vt 0.0416 0.2175
vt -0.0151 0.2175
vt 0.0000 0.0000
vt 0.0915 0.0000
vt 0.1066 0.2176
vt 0.0499 0.2176
vt 0.0000 0.0000
vt 0.0895 0.0000
vt 0.0152 0.2195
vt -0.0403 0.2195
vt 0.0000 0.0000
vt 0.0895 0.0000
vt 0.1298 0.2196
vt 0.0743 0.2196
vt 0.0000 0.0000
vt 0.2362 -0.0000
vt -0.0603 0.1049
vt -0.2067 0.1049
vt 0.0000 0.0000
vt 0.2362 -0.0000
vt 0.4429 0.1049
vt 0.2965 0.1049
vt 0.0000 0.0000
vt 0.1963 0.0000
vt 0.3679 0.1956
vt 0.2463 0.1956
vt 0.0000 0.0000
vt 0.1963 0.0000
vt -0.0500 0.1956
vt -0.1717 0.1956
vt 0.0000 0.0000
vt 0.1408 0.0000
vt 0.0094 0.2483
vt -0.0778 0.2483
vt 0.0000 0.0000
vt 0.1408 -0.0000
vt 0.2186 0.2483
vt 0.1313 0.2483
vt 0.0000 0.0000
vt 0.1431 -0.0000
vt 0.2548 0.2265
vt 0.1661 0.2265
vt 0.0000 0.0000
vt 0.1431 -0.0000
vt -0.0230 0.2265
vt -0.1117 0.2265
vt 0.0000 0.0000
vt 0.1799 -0.0000
vt -0.0689 0.1767
vt -0.1804 0.1767
vt 0.0000 0.0000
vt 0.1799 -0.0000
vt 0.3603 0.1768
vt 0.2488 0.1768
vt 0.0000 0.0000
vt 0.0676 -0.0000
vt 0.0667 0.2547
vt 0.0340 0.2547
vt 0.0000 0.0000
vt 0.0676 0.0000
vt 0.0336 0.2547
vt 0.0009 0.2547
vt 0.0000 0.0000
vt 0.1558 0.0000
vt 0.2654 0.1697
vt 0.1900 0.1697
vt 0.0000 0.0000
vt 0.1558 0.0000
vt -0.0342 0.1697
vt -0.1096 0.1697
vt 0.0000 0.0000
vt 0.1425 0.0000
vt 0.1566 0.1820
vt 0.0877 0.1820
vt 0.0000 0.0000
vt 0.1425 -0.0000
vt 0.0549 0.1820
vt -0.0141 0.1820
vt 0.0000 0.0000
vt 0.1428 -0.0000
vt 0.1045 0.1791
vt 0.0354 0.1791
vt 0.0000 0.0000
vt 0.1428 -0.0000
vt 0.1074 0.1791
vt 0.0383 0.1791
vt 0.0000 0.0000
vt 0.1184 -0.0000
vt 0.1556 0.1545
vt 0.0983 0.1545
vt 0.0000 0.0000
vt 0.1184 0.0000
vt 0.0201 0.1545
vt -0.0372 0.1545
vt 0.0000 0.0000
vt 0.1208 -0.0000
vt 0.0402 0.1579
vt -0.0182 0.1579
vt 0.0000 0.0000
vt 0.1208 0.0000
vt 0.1390 0.1579
vt 0.0805 0.1579
vt 0.0000 0.0000
vt 0.1511 0.0000
vt 0.0723 0.1772
vt -0.0008 0.1772
vt 0.0000 0.0000
vt 0.1511 0.0000
vt 0.1519 0.1772
vt 0.0788 0.1772
vt 0.0000 0.0000
vt 0.1488 -0.0000
vt 0.0421 0.1916
vt -0.0299 0.1916
vt 0.0000 0.0000
vt 0.1488 -0.0000
vt 0.1787 0.1916
vt 0.1067 0.1916
vt 0.0000 0.0000
vt 0.1537 -0.0000
vt -0.0471 0.1826
vt -0.1215 0.1826
vt 0.0000 0.0000
vt 0.1537 -0.0000
vt 0.2752 0.1826
vt 0.2008 0.1826
vt 0.0000 0.0000
vt 0.1090 0.0000
vt 0.2917 0.1287
vt 0.2390 0.1287
vt 0.0000 0.0000
vt 0.1090 0.0000
vt -0.1300 0.1287
vt -0.1827 0.1287
vt 0.0000 0.0000
vt 0.1015 0.0000
vt 0.2269 0.1354
vt 0.1779 0.1354
vt 0.0000 0.0000
vt 0.1015 0.0000
vt -0.0764 0.1354
vt -0.1255 0.1354
vt 0.0000 0.0000
vt 0.1066 0.0000
vt 0.1889 0.1234
vt 0.1373 0.1234
vt 0.0000 0.0000
vt 0.1066 -0.0000
vt -0.0307 0.1234
vt -0.0823 0.1234
vt 0.0000 0.0000
vt 0.1081 0.0000
vt 0.0301 0.1466
vt -0.0222 0.1466
vt 0.0000 0.0000
vt 0.1081 -0.0000
vt 0.1303 0.1466
vt 0.0780 0.1466
vt 0.0000 0.0000
vt 0.1189 0.0000
vt 0.1368 0.1459
vt 0.0792 0.1459
vt 0.0000 0.0000
vt 0.1189 -0.0000
vt 0.0397 0.1460
vt -0.0178 0.1460
vt 0.0000 0.0000
vt 0.0950 0.0000
vt 0.0468 0.1470
vt 0.0008 0.1470
vt 0.0000 0.0000
vt 0.0950 0.0000
vt 0.0942 0.1470
vt 0.0482 0.1470
vt 0.0000 0.0000
vt 0.1189 -0.0000
vt -0.0440 0.1168
vt -0.1015 0.1168
vt 0.0000 0.0000
vt 0.1189 0.0000
vt 0.2204 0.1168
vt 0.1629 0.1168
vt 0.0000 0.0000
vt 0.0609 0.0000
vt 0.1297 0.1735
vt 0.1003 0.1735
vt 0.0000 0.0000
vt 0.0609 0.0000
vt -0.0394 0.1736
vt -0.0688 0.1736
vt 0.0000 0.0000
vt 0.0565 0.0000
vt 0.0511 0.1852
vt 0.0237 0.1852
vt 0.0000 0.0000
vt 0.0565 -0.0000
vt 0.0328 0.1852
vt 0.0055 0.1852
vt 0.0000 0.0000
vt 0.0574 -0.0000
vt 0.0528 0.1836
vt 0.0250 0.1836
vt 0.0000 0.0000
vt 0.0574 0.0000
vt 0.0323 0.1836
vt 0.0046 0.1836
vt 0.0000 0.0000
vt 0.0567 0.0000
vt 0.0147 0.1832
vt -0.0127 0.1832
vt 0.0000 0.0000
vt 0.0567 0.0000
vt 0.0695 0.1832
vt 0.0420 0.1832
vt 0.0000 0.0000
vt 0.0555 -0.0000
vt -0.0071 0.1848
vt -0.0340 0.1848
vt 0.0000 0.0000
vt 0.0555 0.0000
vt 0.0894 0.1849
vt 0.0626 0.1849
vt 0.0000 0.0000
vt 0.1464 -0.0000
vt -0.1032 0.0883
vt -0.1740 0.0883
vt 0.0000 0.0000
vt 0.1464 0.0000
vt 0.3205 0.0883
vt 0.2496 0.0883
vt 0.0000 0.0000
vt 0.1217 -0.0000
vt 0.2662 0.1647
vt 0.2073 0.1647
vt 0.0000 0.0000
vt 0.1217 -0.0000
vt -0.0856 0.1647
vt -0.1445 0.1647
vt 0.0000 0.0000
vt 0.0873 0.0000
vt -0.0233 0.2091
vt -0.0656 0.2091
vt 0.0000 0.0000
vt 0.0873 0.0000
vt 0.1528 0.2091
vt 0.1106 0.2091
vt 0.0000 0.0000
vt 0.0887 -0.0000
vt 0.1827 0.1908
vt 0.1398 0.1908
vt 0.0000 0.0000
vt 0.0887 0.0000
vt -0.0511 0.1908
vt -0.0941 0.1908
vt 0.0000 0.0000
vt 0.1115 0.0000
vt -0.0980 0.1488
vt -0.1519 0.1488
vt 0.0000 0.0000
vt 0.1115 -0.0000
vt 0.2635 0.1488
vt 0.2095 0.1488
vt 0.0000 0.0000
vt 0.0327 -0.0000
vt 0.0318 0.2388
vt 0.0000 0.0000
vt 0.0327 -0.0000
vt 0.0009 0.2389
vt 0.0000 0.0000
vt 0.0754 0.0000
vt 0.1781 0.1591
vt 0.0000 0.0000
vt 0.0754 0.0000
vt -0.1027 0.1592
vt 0.0000 0.0000
vt 0.0690 -0.0000
vt 0.0822 0.1706
vt 0.0000 0.0000
vt 0.0690 0.0000
vt -0.0132 0.1707
vt 0.0000 0.0000
vt 0.0691 0.0000
vt 0.0332 0.1679
vt 0.0000 0.0000
vt 0.0691 0.0000
vt 0.0358 0.1680
vt 0.0000 0.0000
vt 0.0573 -0.0000
vt 0.0922 0.1448
vt 0.0000 0.0000
vt 0.0573 -0.0000
vt -0.0349 0.1449
vt 0.0000 0.0000
vt 0.0584 0.0000
vt -0.0171 0.1480
vt 0.0000 0.0000
vt 0.0584 -0.0000
vt 0.0755 0.1481
vt 0.0000 0.0000
vt 0.0731 0.0000
vt -0.0007 0.1661
vt 0.0000 0.0000
vt 0.0731 -0.0000
vt 0.0738 0.1662
vt 0.0000 0.0000
vt 0.0720 -0.0000
vt -0.0280 0.1796
vt 0.0000 0.0000
vt 0.0720 -0.0000
vt 0.1001 0.1797
vt 0.0000 0.0000
vt 0.0744 0.0000
vt -0.1139 0.1712
vt 0.0000 0.0000
vt 0.0744 -0.0000
vt 0.1883 0.1712
vt 0.0000 0.0000
vt 0.0527 0.0000
vt 0.2240 0.1207
vt 0.0000 0.0000
vt 0.0527 0.0000
vt -0.1713 0.1208
vt 0.0000 0.0000
vt 0.0491 0.0000
vt 0.1667 0.1269
vt 0.0000 0.0000
vt 0.0491 -0.0000
vt -0.1176 0.1270
vt 0.0000 0.0000
vt 0.0516 -0.0000
vt 0.1287 0.1157
vt 0.0000 0.0000
vt 0.0516 0.0000
vt -0.0771 0.1158
vt 0.0000 0.0000
vt 0.0523 -0.0000
vt -0.0208 0.1374
vt 0.0000 0.0000
vt 0.0523 0.0000
vt 0.0731 0.1376
vt 0.0000 0.0000
vt 0.0576 -0.0000
vt 0.0743 0.1368
vt 0.0000 0.0000
vt 0.0576 0.0000
vt -0.0167 0.1369
vt 0.0000 0.0000
vt 0.0460 -0.0000
vt 0.0008 0.1378
vt 0.0000 0.0000
vt 0.0460 -0.0000
vt 0.0452 0.1380
vt 0.0000 0.0000
vt 0.0575 0.0000
vt -0.0952 0.1095
vt 0.0000 0.0000
vt 0.0575 0.0000
vt 0.1527 0.1096
vt 0.0000 0.0000
vt 0.0295 0.0000
vt 0.0940 0.1627
vt 0.0000 0.0000
vt 0.0295 -0.0000
vt -0.0645 0.1628
vt 0.0000 0.0000
vt 0.0274 0.0000
vt 0.0222 0.1736
vt 0.0000 0.0000
vt 0.0274 -0.0000
vt 0.0051 0.1737
vt 0.0000 0.0000
vt 0.0278 -0.0000
vt 0.0235 0.1721
vt 0.0000 0.0000
vt 0.0278 0.0000
vt 0.0043 0.1722
vt 0.0000 0.0000
vt 0.0274 0.0000
vt -0.0120 0.1717
vt 0.0000 0.0000
vt 0.0274 -0.0000
vt 0.0394 0.1718
vt 0.0000 0.0000
vt 0.0268 -0.0000
vt -0.0318 0.1733
vt 0.0000 0.0000
vt 0.0268 0.0000
vt 0.0587 0.1734
vt 0.0000 0.0000
vt 0.0708 0.0000
vt -0.1632 0.0828
vt 0.0000 0.0000
vt 0.0708 0.0000
vt 0.2340 0.0830
vt 0.0000 0.0000
vt 0.0589 0.0000
vt 0.1943 0.1544
vt 0.0000 0.0000
vt 0.0589 0.0000
vt -0.1354 0.1545
vt 0.0000 0.0000
vt 0.0422 -0.0000
vt -0.0615 0.1960
vt 0.0000 0.0000
vt 0.0422 0.0000
vt 0.1037 0.1960
vt 0.0000 0.0000
vt 0.0429 0.0000
vt 0.1311 0.1788
vt 0.0000 0.0000
vt 0.0429 0.0000
vt -0.0881 0.1789
vt 0.0000 0.0000
vt 0.0540 0.0000
vt -0.1424 0.1395
vt 0.0000 0.0000
vt 0.0540 0.0000
vt 0.1964 0.1396
vt 0.0000 0.0000
vt 0.0822 0.0000
vt 0.0000 0.4733
vt 0.0000 0.4989
vt 0.0000 0.0000
vt 0.0822 0.0000
vt 0.0008 0.4689
vt 0.0002 0.4867
vt 0.0000 0.0000
vt 0.0822 -0.0000
vt 0.0000 0.4813
vt 0.0000 0.4826
vt 0.0000 0.0000
vt 0.0822 0.0000
vt 0.0008 0.4854
vt 0.0002 0.4951
vt 0.0000 0.0000
vt 0.0822 0.0000
vt 0.0744 0.4821
vt 0.0744 0.4894
vt 0.0000 0.0000
vt 0.0822 0.0000
vt 0.0232 0.4763
vt 0.0246 0.4884
vt 0.0000 0.0000
vt 0.0822 0.0000
vt -0.0737 0.4607
vt -0.0737 0.4812
vt 0.0000 0.0000
vt 0.0822 -0.0000
vt -0.0239 0.4768
vt -0.0225 0.4923
vt 0.0000 0.0000
vt 0.0822 0.0000
vt -0.0380 0.4902
vt -0.0380 0.4733
vt 0.0000 0.0000
vt 0.0822 -0.0000
vt -0.0078 0.4916
vt -0.0077 0.5111
vt 0.0000 0.0000
vt 0.0822 0.0000
vt 0.0380 0.4628
vt 0.0380 0.5047
vt 0.0000 0.0000
vt 0.0822 0.0000
vt 0.0128 0.4625
vt 0.0129 0.4701
vt 0.0000 0.0000
vt 0.0822 -0.0000
vt -0.1745 0.4313
vt -0.1745 0.4464
vt 0.0000 0.0000
vt 0.0822 0.0000
vt 0.0404 0.4941
vt 0.0378 0.5070
vt 0.0000 0.0000
vt 0.0822 0.0000
vt 0.1802 0.4547
vt 0.1802 0.4691
vt 0.0000 0.0000
vt 0.0822 0.0000
vt -0.0375 0.4570
vt -0.0401 0.4704
vt 0.0000 0.0000
vt 0.0822 0.0000
vt 0.0822 0.0822
vt 0.0000 0.0822
vt 0.0000 0.0000
vt 0.0822 -0.0000
vt 0.0822 0.0822
vt 0.0000 0.0822
vt 0.0000 0.0000
vt 0.0916 0.0000
vt 0.0000 0.4083
vt 0.0000 0.4595
vt 0.0000 0.0000
vt 0.0916 -0.0000
vt 0.0041 0.4033
vt 0.0032 0.4253
vt 0.0000 0.0000
vt 0.0916 -0.0000
vt 0.0000 0.4397
vt 0.0000 0.4222
vt 0.0000 0.0000
vt 0.0916 0.0000
vt 0.0041 0.4420
vt 0.0032 0.4581
vt 0.0000 0.0000
vt 0.0916 -0.0000
vt 0.1738 0.4118
vt 0.1738 0.4273
vt 0.0000 0.0000
vt 0.0916 0.0000
vt 0.0094 0.4049
vt 0.0124 0.4293
vt 0.0000 0.0000
vt 0.0916 -0.0000
vt -0.1641 0.3633
vt -0.1641 0.3893
vt 0.0000 0.0000
vt 0.0916 -0.0000
vt -0.0122 0.4402
vt -0.0091 0.4527
vt 0.0000 0.0000
vt 0.0916 -0.0000
vt -0.0175 0.4084
vt -0.0175 0.4374
vt 0.0000 0.0000
vt 0.0916 0.0000
vt 0.0263 0.4315
vt 0.0274 0.4307
vt 0.0000 0.0000
vt 0.0916 0.0000
vt 0.0207 0.4363
vt 0.0207 0.4454
vt 0.0000 0.0000
vt 0.0916 0.0000
vt -0.0273 0.4130
vt -0.0262 0.4506
vt 0.0000 0.0000
vt 0.0916 0.0000
vt 0.0474 0.4149
vt 0.0474 0.4340
vt 0.0000 0.0000
vt 0.0916 -0.0000
vt -0.0919 0.3969
vt -0.0941 0.4162
vt 0.0000 0.0000
vt 0.0916 0.0000
vt -0.0468 0.4252
vt -0.0468 0.4438
vt 0.0000 0.0000
vt 0.0916 0.0000
vt 0.0963 0.4272
vt 0.0941 0.4462
vt 0.0000 0.0000
vt 0.0916 0.0000
vt 0.0916 0.0916
vt 0.0000 0.0916
vt 0.0000 0.0000
vt 0.0916 0.0000
vt 0.0916 0.0916
vt -0.0000 0.0916
vt 0.0000 0.0000
vt 0.0660 0.0000
vt 0.0014 0.6229
vt 0.0014 0.6149
vt 0.0000 0.0000
vt 0.0660 0.0000
vt -0.0013 0.6047
vt 0.0030 0.6296
vt 0.0000 0.0000
vt 0.0660 0.0000
vt 0.0014 0.5894
vt 0.0014 0.6114
vt 0.0000 0.0000
vt 0.0660 0.0000
vt -0.0013 0.6078
vt 0.0030 0.5962
vt 0.0000 0.0000
vt 0.0660 0.0000
vt -0.1378 0.5879
vt -0.1378 0.6018
vt 0.0000 0.0000
vt 0.0660 0.0000
vt 0.1737 0.5954
vt 0.1706 0.6019
vt 0.0000 0.0000
vt 0.0660 0.0000
vt 0.1399 0.5918
vt 0.1399 0.5923
vt 0.0000 0.0000
vt 0.0660 0.0000
vt -0.1694 0.5670
vt -0.1725 0.5747
vt 0.0000 0.0000
vt 0.0660 -0.0000
vt 0.0610 0.5992
vt 0.0610 0.6178
vt 0.0000 0.0000
vt 0.0660 0.0000
vt -0.0105 0.5966
vt -0.0116 0.6024
vt 0.0000 0.0000
vt 0.0660 -0.0000
vt -0.0608 0.6068
vt -0.0608 0.6020
vt 0.0000 0.0000
vt 0.0660 0.0000
vt 0.0129 0.6151
vt 0.0118 0.6233
vt 0.0000 0.0000
vt 0.0660 0.0000
vt 0.1096 0.6013
vt 0.1096 0.6085
vt 0.0000 0.0000
vt 0.0660 0.0000
vt -0.0119 0.5992
vt -0.0121 0.6063
vt 0.0000 0.0000
vt 0.0660 0.0000
vt -0.1086 0.5908
vt -0.1086 0.5980
vt 0.0000 0.0000
vt 0.0660 0.0000
vt 0.0121 0.6124
vt 0.0119 0.6194
vt 0.0000 0.0000
vt 0.0660 0.0000
vt 0.0660 0.0660
vt 0.0000 0.0660
vt 0.0000 0.0000
vt 0.0660 -0.0000
vt 0.0660 0.0660
vt -0.0000 0.0660
vt 0.0000 0.0000
vt 0.0938 -0.0000
vt 0.0000 0.3547
vt 0.0000 0.3696
vt 0.0000 0.0000
vt 0.0938 0.0000
vt 0.0003 0.3564
vt 0.0002 0.3784
vt 0.0000 0.0000
vt 0.0938 0.0000
vt 0.0000 0.3479
vt 0.0000 0.3796
vt 0.0000 0.0000
vt 0.0938 0.0000
vt 0.0003 0.3460
vt 0.0002 0.3709
vt 0.0000 0.0000
vt 0.0938 0.0000
vt -0.0347 0.3443
vt -0.0347 0.3778
vt 0.0000 0.0000
vt 0.0938 0.0000
vt -0.0046 0.3454
vt -0.0047 0.3777
vt 0.0000 0.0000
vt 0.0938 0.0000
vt 0.0347 0.3550
vt 0.0347 0.3682
vt 0.0000 0.0000
vt 0.0938 0.0000
vt 0.0054 0.3571
vt 0.0054 0.3716
vt 0.0000 0.0000
vt 0.0938 -0.0000
vt 0.0419 0.3668
vt 0.0419 0.3756
vt 0.0000 0.0000
vt 0.0938 0.0000
vt 0.0363 0.3557
vt 0.0395 0.3800
vt 0.0000 0.0000
vt 0.0938 0.0000
vt -0.0411 0.3312
vt -0.0411 0.3692
vt 0.0000 0.0000
vt 0.0938 -0.0000
vt -0.0363 0.3430
vt -0.0332 0.3663
vt 0.0000 0.0000
vt 0.0938 0.0000
vt -0.0566 0.3396
vt -0.0566 0.3638
vt 0.0000 0.0000
vt 0.0938 -0.0000
vt 0.0052 0.3594
vt 0.0050 0.3823
vt 0.0000 0.0000
vt 0.0938 0.0000
vt 0.0577 0.3534
vt 0.0577 0.3768
vt 0.0000 0.0000
vt 0.0938 0.0000
vt -0.0050 0.3428
vt -0.0052 0.3667
vt 0.0000 0.0000
vt 0.0938 0.0000
vt 0.0938 0.0938
vt -0.0000 0.0938
vt 0.0000 0.0000
vt 0.0938 -0.0000
vt 0.0938 0.0938
vt 0.0000 0.0938
vt 0.0000 0.0000
vt 0.1087 0.0000
vt 0.1070 0.0877
vt -0.0018 0.0877
vt 0.0000 0.0000
vt 0.0778 0.0000
vt 0.0754 0.0876
vt -0.0023 0.0876
vt 0.0000 0.0000
vt 0.0812 0.0000
vt 0.0793 0.0875
vt -0.0019 0.0876
vt 0.0000 0.0000
vt 0.0916 0.0000
vt 0.0912 0.0875
vt -0.0004 0.0876
vt 0.0000 0.0000
vt 0.1032 0.0000
vt 0.1044 0.0876
vt 0.0012 0.0875
vt 0.0000 0.0000
vt 0.1242 0.0000
vt 0.1245 0.0876
vt 0.0003 0.0876
vt 0.0000 0.0000
vt 0.1894 0.0000
vt 0.1916 0.0877
vt 0.0021 0.0876
vt 0.0000 0.0000
vt 0.1729 0.0000
vt 0.1750 0.0878
vt 0.0021 0.0877
vt 0.0000 0.0000
vt 0.2406 0.0000
vt 0.2433 0.0881
vt 0.0027 0.0878
vt 0.0000 0.0000
vt 0.1434 0.0000
vt 0.1446 0.0881
vt 0.0012 0.0881
vt 0.0000 0.0000
vt 0.1237 -0.0000
vt 0.1220 0.0881
vt -0.0018 0.0881
vt 0.0000 0.0000
vt 0.1338 0.0000
vt 0.1327 0.0880
vt -0.0011 0.0881
vt 0.0000 0.0000
vt 0.1054 0.0000
vt 0.1018 0.0878
vt -0.0036 0.0880
vt 0.0000 0.0000
vt 0.2747 0.0000
vt 0.2736 0.0878
vt -0.0011 0.0879
vt 0.0000 0.0000
vt 0.2498 0.0000
vt 0.2480 0.0876
vt -0.0018 0.0878
vt 0.0000 0.0000
vt 0.1403 -0.0000
vt 0.1380 0.0875
vt -0.0022 0.0876
vt 0.0000 0.0000
vt 0.1386 0.0000
vt 0.1365 0.0874
vt -0.0021 0.0875
vt 0.0000 0.0000
vt 0.2082 -0.0000
vt 0.2053 0.0872
vt -0.0029 0.0874
vt 0.0000 0.0000
vt 0.1860 -0.0000
vt 0.1892 0.0874
vt 0.0032 0.0871
vt 0.0000 0.0000
vt 0.2665 0.0000
vt 0.2692 0.0876
vt 0.0028 0.0874
vt 0.0000 0.0000
vt 0.1296 0.0000
vt 0.1316 0.0877
vt 0.0019 0.0877
vt 0.0000 0.0000
vt 0.1344 0.0000
vt 0.1367 0.0878
vt 0.0023 0.0877
vt 0.0000 0.0000
vt 0.1184 -0.0000
vt 0.1203 0.0879
vt 0.0019 0.0878
vt 0.0000 0.0000
vt 0.1656 0.0000
vt 0.1683 0.0881
vt 0.0027 0.0879
vt 0.0000 0.0000
vt 0.1291 -0.0000
vt 0.1313 0.0882
vt 0.0022 0.0881
vt 0.0000 0.0000
vt 0.0710 0.0000
vt 0.0697 0.0882
vt -0.0012 0.0882
vt 0.0000 0.0000
vt 0.0721 0.0000
vt 0.0697 0.0881
vt -0.0024 0.0881
vt 0.0000 0.0000
vt 0.0710 0.0000
vt 0.0687 0.0880
vt -0.0024 0.0881
vt 0.0000 0.0000
vt 0.0707 0.0000
vt 0.0680 0.0879
vt -0.0027 0.0880
vt 0.0000 0.0000
vt 0.0673 0.0000
vt 0.0635 0.0878
vt -0.0038 0.0879
vt 0.0000 0.0000
vt 0.0997 0.0000
vt 0.0978 0.0878
vt -0.0019 0.0879
vt 0.0000 0.0000
vt 0.0892 -0.0000
vt 0.0862 0.0877
vt -0.0030 0.0878
vt 0.0000 0.0000
vt 0.1087 0.0000
vt 0.2730 0.1518
vt 0.2056 0.1517
vt 0.0000 0.0000
vt 0.1087 -0.0000
vt -0.0969 0.1517
vt -0.1643 0.1517
vt 0.0000 0.0000
vt 0.0778 0.0000
vt 0.1372 0.2052
vt 0.0890 0.2052
vt 0.0000 0.0000
vt 0.0778 -0.0000
vt -0.0113 0.2051
vt -0.0595 0.2052
vt 0.0000 0.0000
vt 0.0812 0.0000
vt 0.1069 0.2060
vt 0.0566 0.2060
vt 0.0000 0.0000
vt 0.0812 -0.0000
vt 0.0246 0.2060
vt -0.0257 0.2060
vt 0.0000 0.0000
vt 0.0916 -0.0000
vt 0.1608 0.1797
vt 0.1040 0.1797
vt 0.0000 0.0000
vt 0.0916 0.0000
vt -0.0124 0.1796
vt -0.0692 0.1796
vt 0.0000 0.0000
vt 0.1032 -0.0000
vt 0.2031 0.1331
vt 0.1391 0.1331
vt 0.0000 0.0000
vt 0.1032 -0.0000
vt -0.0359 0.1331
vt -0.0999 0.1331
vt 0.0000 0.0000
vt 0.1242 0.0000
vt 0.0835 0.1663
vt 0.0065 0.1663
vt 0.0000 0.0000
vt 0.1242 -0.0000
vt 0.1177 0.1663
vt 0.0407 0.1663
vt 0.0000 0.0000
vt 0.1894 0.0000
vt 0.2312 0.1279
vt 0.1138 0.1279
vt 0.0000 0.0000
vt 0.1894 -0.0000
vt 0.0757 0.1279
vt -0.0417 0.1279
vt 0.0000 0.0000
vt 0.1729 0.0000
vt 0.1087 0.1346
vt 0.0015 0.1346
vt 0.0000 0.0000
vt 0.1729 -0.0000
vt 0.1714 0.1346
vt 0.0643 0.1346
vt 0.0000 0.0000
vt 0.2406 -0.0000
vt 0.0624 0.1213
vt -0.0867 0.1213
vt 0.0000 0.0000
vt 0.2406 -0.0000
vt 0.3273 0.1213
vt 0.1782 0.1213
vt 0.0000 0.0000
vt 0.1434 -0.0000
vt 0.0350 0.2087
vt -0.0539 0.2087
vt 0.0000 0.0000
vt 0.1434 -0.0000
vt 0.1974 0.2087
vt 0.1084 0.2088
vt 0.0000 0.0000
vt 0.1237 0.0000
vt 0.1182 0.2315
vt 0.0415 0.2315
vt 0.0000 0.0000
vt 0.1237 0.0000
vt 0.0822 0.2315
vt 0.0055 0.2315
vt 0.0000 0.0000
vt 0.1338 0.0000
vt -0.0095 0.2123
vt -0.0925 0.2123
vt 0.0000 0.0000
vt 0.1338 0.0000
vt 0.2263 0.2123
vt 0.1433 0.2123
vt 0.0000 0.0000
vt 0.1054 0.0000
vt 0.1118 0.2519
vt 0.0465 0.2519
vt 0.0000 0.0000
vt 0.1054 -0.0000
vt 0.0589 0.2519
vt -0.0064 0.2519
vt 0.0000 0.0000
vt 0.2747 -0.0000
vt -0.0567 0.1093
vt -0.2270 0.1093
vt 0.0000 0.0000
vt 0.2747 0.0000
vt 0.5016 0.1094
vt 0.3314 0.1093
vt 0.0000 0.0000
vt 0.2498 0.0000
vt 0.4692 0.1516
vt 0.3143 0.1516
vt 0.0000 0.0000
vt 0.2498 -0.0000
vt -0.0645 0.1515
vt -0.2193 0.1516
vt 0.0000 0.0000
vt 0.1403 -0.0000
vt 0.2238 0.2288
vt 0.1369 0.2288
vt 0.0000 0.0000
vt 0.1403 0.0000
vt 0.0033 0.2288
vt -0.0836 0.2288
vt 0.0000 0.0000
vt 0.1386 0.0000
vt 0.1174 0.2416
vt 0.0315 0.2416
vt 0.0000 0.0000
vt 0.1386 -0.0000
vt 0.1070 0.2415
vt 0.0211 0.2416
vt 0.0000 0.0000
vt 0.2082 0.0000
vt -0.0027 0.2036
vt -0.1317 0.2036
vt 0.0000 0.0000
vt 0.2082 -0.0000
vt 0.3399 0.2036
vt 0.2109 0.2036
vt 0.0000 0.0000
vt 0.1860 0.0000
vt 0.3446 0.1826
vt 0.2294 0.1826
vt 0.0000 0.0000
vt 0.1860 -0.0000
vt -0.0433 0.1826
vt -0.1586 0.1826
vt 0.0000 0.0000
vt 0.2665 -0.0000
vt 0.3903 0.0885
vt 0.2251 0.0885
vt 0.0000 0.0000
vt 0.2665 0.0000
vt 0.0414 0.0885
vt -0.1237 0.0886
vt 0.0000 0.0000
vt 0.1296 0.0000
vt 0.0649 0.1514
vt -0.0155 0.1514
vt 0.0000 0.0000
vt 0.1296 -0.0000
vt 0.1451 0.1514
vt 0.0648 0.1514
vt 0.0000 0.0000
vt 0.1344 -0.0000
vt 0.1244 0.1594
vt 0.0411 0.1594
vt 0.0000 0.0000
vt 0.1344 -0.0000
vt 0.0933 0.1594
vt 0.0100 0.1595
vt 0.0000 0.0000
vt 0.1184 -0.0000
vt 0.0696 0.1597
vt -0.0038 0.1597
vt 0.0000 0.0000
vt 0.1184 0.0000
vt 0.1223 0.1597
vt 0.0489 0.1597
vt 0.0000 0.0000
vt 0.1656 0.0000
vt -0.0148 0.1188
vt -0.1174 0.1188
vt 0.0000 0.0000
vt 0.1656 -0.0000
vt 0.2830 0.1188
vt 0.1804 0.1188
vt 0.0000 0.0000
vt 0.1291 0.0000
vt -0.0567 0.1672
vt -0.1367 0.1671
vt 0.0000 0.0000
vt 0.1291 0.0000
vt 0.2659 0.1672
vt 0.1858 0.1672
vt 0.0000 0.0000
vt 0.0710 0.0000
vt 0.0512 0.2498
vt 0.0072 0.2498
vt 0.0000 0.0000
vt 0.0710 -0.0000
vt 0.0638 0.2499
vt 0.0198 0.2499
vt 0.0000 0.0000
vt 0.0721 -0.0000
vt 0.0881 0.2468
vt 0.0434 0.2468
vt 0.0000 0.0000
vt 0.0721 0.0000
vt 0.0287 0.2469
vt -0.0160 0.2469
vt 0.0000 0.0000
vt 0.0710 -0.0000
vt 0.0355 0.2472
vt -0.0085 0.2472
vt 0.0000 0.0000
vt 0.0710 -0.0000
vt 0.0796 0.2472
vt 0.0355 0.2472
vt 0.0000 0.0000
vt 0.0707 -0.0000
vt 0.0109 0.2475
vt -0.0329 0.2475
vt 0.0000 0.0000
vt 0.0707 0.0000
vt 0.1036 0.2476
vt 0.0598 0.2476
vt 0.0000 0.0000
vt 0.0673 -0.0000
vt 0.1060 0.2464
vt 0.0643 0.2464
vt 0.0000 0.0000
vt 0.0673 0.0000
vt 0.0029 0.2464
vt -0.0388 0.2464
vt 0.0000 0.0000
vt 0.0997 -0.0000
vt -0.1213 0.1694
vt -0.1831 0.1694
vt 0.0000 0.0000
vt 0.0997 -0.0000
vt 0.2827 0.1694
vt 0.2209 0.1694
vt 0.0000 0.0000
vt 0.0892 -0.0000
vt 0.2524 0.1966
vt 0.1971 0.1966
vt 0.0000 0.0000
vt 0.0892 0.0000
vt -0.1080 0.1965
vt -0.1633 0.1966
vt 0.0000 0.0000
vt 0.0674 0.0000
vt 0.2058 0.1277
vt 0.1732 0.1277
vt 0.0000 0.0000
vt 0.0674 0.0000
vt -0.1057 0.1278
vt -0.1384 0.1278
vt 0.0000 0.0000
vt 0.0482 0.0000
vt 0.0983 0.1728
vt 0.0750 0.1728
vt 0.0000 0.0000
vt 0.0482 -0.0000
vt -0.0268 0.1728
vt -0.0501 0.1728
vt 0.0000 0.0000
vt 0.0504 0.0000
vt 0.0721 0.1734
vt 0.0477 0.1734
vt 0.0000 0.0000
vt 0.0504 -0.0000
vt 0.0027 0.1735
vt -0.0217 0.1735
vt 0.0000 0.0000
vt 0.0568 -0.0000
vt 0.1151 0.1513
vt 0.0876 0.1513
vt 0.0000 0.0000
vt 0.0568 -0.0000
vt -0.0308 0.1513
vt -0.0583 0.1513
vt 0.0000 0.0000
vt 0.0640 0.0000
vt 0.1481 0.1121
vt 0.1171 0.1121
vt 0.0000 0.0000
vt 0.0640 -0.0000
vt -0.0532 0.1121
vt -0.0841 0.1121
vt 0.0000 0.0000
vt 0.0770 0.0000
vt 0.0427 0.1400
vt 0.0054 0.1400
vt 0.0000 0.0000
vt 0.0770 0.0000
vt 0.0716 0.1400
vt 0.0343 0.1400
vt 0.0000 0.0000
vt 0.1174 -0.0000
vt 0.1526 0.1077
vt 0.0958 0.1077
vt 0.0000 0.0000
vt 0.1174 -0.0000
vt 0.0216 0.1077
vt -0.0352 0.1077
vt 0.0000 0.0000
vt 0.1072 -0.0000
vt 0.0531 0.1133
vt 0.0013 0.1133
vt 0.0000 0.0000
vt 0.1072 0.0000
vt 0.1059 0.1133
vt 0.0540 0.1133
vt 0.0000 0.0000
vt 0.1491 0.0000
vt -0.0009 0.1021
vt -0.0730 0.1021
vt 0.0000 0.0000
vt 0.1491 -0.0000
vt 0.2221 0.1022
vt 0.1499 0.1022
vt 0.0000 0.0000
vt 0.0889 -0.0000
vt -0.0024 0.1757
vt -0.0454 0.1757
vt 0.0000 0.0000
vt 0.0889 -0.0000
vt 0.1343 0.1757
vt 0.0912 0.1757
vt 0.0000 0.0000
vt 0.0767 0.0000
vt 0.0720 0.1949
vt 0.0349 0.1949
vt 0.0000 0.0000
vt 0.0767 -0.0000
vt 0.0419 0.1949
vt 0.0048 0.1949
vt 0.0000 0.0000
vt 0.0829 0.0000
vt -0.0378 0.1787
vt -0.0779 0.1787
vt 0.0000 0.0000
vt 0.0829 0.0000
vt 0.1609 0.1787
vt 0.1208 0.1787
vt 0.0000 0.0000
vt 0.0653 0.0000
vt 0.0707 0.2121
vt 0.0391 0.2121
vt 0.0000 0.0000
vt 0.0653 0.0000
vt 0.0263 0.2121
vt -0.0053 0.2121
vt 0.0000 0.0000
vt 0.1703 0.0000
vt -0.1088 0.0920
vt -0.1912 0.0920
vt 0.0000 0.0000
vt 0.1703 -0.0000
vt 0.3615 0.0919
vt 0.2791 0.0919
vt 0.0000 0.0000
vt 0.1549 0.0000
vt 0.3396 0.1276
vt 0.2647 0.1276
vt 0.0000 0.0000
vt 0.1549 0.0000
vt -0.1098 0.1277
vt -0.1847 0.1277
vt 0.0000 0.0000
vt 0.0869 -0.0000
vt 0.1574 0.1926
vt 0.1154 0.1926
vt 0.0000 0.0000
vt 0.0869 0.0000
vt -0.0284 0.1927
vt -0.0705 0.1927
vt 0.0000 0.0000
vt 0.0859 -0.0000
vt 0.0682 0.2034
vt 0.0266 0.2034
vt 0.0000 0.0000
vt 0.0859 -0.0000
vt 0.0593 0.2034
vt 0.0178 0.2034
vt 0.0000 0.0000
vt 0.1291 0.0000
vt -0.0484 0.1715
vt -0.1108 0.1715
vt 0.0000 0.0000
vt 0.1291 -0.0000
vt 0.2399 0.1715
vt 0.1775 0.1715
vt 0.0000 0.0000
vt 0.1153 -0.0000
vt 0.2488 0.1538
vt 0.1930 0.1538
vt 0.0000 0.0000
vt 0.1153 -0.0000
vt -0.0778 0.1538
vt -0.1335 0.1538
vt 0.0000 0.0000
vt 0.1652 0.0000
vt 0.2694 0.0745
vt 0.1895 0.0745
vt 0.0000 0.0000
vt 0.1652 0.0000
vt -0.0244 0.0745
vt -0.1043 0.0745
vt 0.0000 0.0000
vt 0.0804 -0.0000
vt 0.0258 0.1275
vt -0.0130 0.1275
vt 0.0000 0.0000
vt 0.0804 -0.0000
vt 0.0934 0.1275
vt 0.0545 0.1275
vt 0.0000 0.0000
vt 0.0833 0.0000
vt 0.0749 0.1343
vt 0.0346 0.1343
vt 0.0000 0.0000
vt 0.0833 -0.0000
vt 0.0487 0.1343
vt 0.0083 0.1343
vt 0.0000 0.0000
vt 0.0734 0.0000
vt 0.0323 0.1345
vt -0.0032 0.1345
vt 0.0000 0.0000
vt 0.0734 0.0000
vt 0.0766 0.1345
vt 0.0411 0.1345
vt 0.0000 0.0000
vt 0.1026 0.0000
vt -0.0492 0.1000
vt -0.0988 0.1000
vt 0.0000 0.0000
vt 0.1026 -0.0000
vt 0.2014 0.1001
vt 0.1518 0.1001
vt 0.0000 0.0000
vt 0.0800 -0.0000
vt -0.0764 0.1407
vt -0.1151 0.1407
vt 0.0000 0.0000
vt 0.0800 -0.0000
vt 0.1951 0.1407
vt 0.1564 0.1407
vt 0.0000 0.0000
vt 0.0440 0.0000
vt 0.0273 0.2103
vt 0.0060 0.2103
vt 0.0000 0.0000
vt 0.0440 0.0000
vt 0.0380 0.2103
vt 0.0168 0.2103
vt 0.0000 0.0000
vt 0.0447 -0.0000
vt 0.0580 0.2078
vt 0.0364 0.2078
vt 0.0000 0.0000
vt 0.0447 -0.0000
vt 0.0083 0.2078
vt -0.0133 0.2078
vt 0.0000 0.0000
vt 0.0440 -0.0000
vt 0.0140 0.2081
vt -0.0073 0.2081
vt 0.0000 0.0000
vt 0.0440 0.0000
vt 0.0514 0.2081
vt 0.0301 0.2081
vt 0.0000 0.0000
vt 0.0438 0.0000
vt -0.0067 0.2084
vt -0.0279 0.2084
vt 0.0000 0.0000
vt 0.0438 -0.0000
vt 0.0717 0.2084
vt 0.0505 0.2084
vt 0.0000 0.0000
vt 0.0417 -0.0000
vt 0.0742 0.2075
vt 0.0541 0.2075
vt 0.0000 0.0000
vt 0.0417 -0.0000
vt -0.0123 0.2075
vt -0.0325 0.2075
vt 0.0000 0.0000
vt 0.0618 0.0000
vt -0.1243 0.1426
vt -0.1542 0.1426
vt 0.0000 0.0000
vt 0.0618 -0.0000
vt 0.2160 0.1425
vt 0.1861 0.1425
vt 0.0000 0.0000
vt 0.0553 -0.0000
vt 0.1928 0.1655
vt 0.1661 0.1655
vt 0.0000 0.0000
vt 0.0553 0.0000
vt -0.1107 0.1655
vt -0.1375 0.1655
vt 0.0000 0.0000
vt 0.0326 0.0000
vt 0.1624 0.1197
vt 0.0000 0.0000
vt 0.0326 -0.0000
vt -0.1298 0.1197
vt 0.0000 0.0000
vt 0.0233 -0.0000
vt 0.0703 0.1619
vt 0.0000 0.0000
vt 0.0233 -0.0000
vt -0.0470 0.1619
vt 0.0000 0.0000
vt 0.0244 0.0000
vt 0.0447 0.1626
vt 0.0000 0.0000
vt 0.0244 0.0000
vt -0.0204 0.1626
vt 0.0000 0.0000
vt 0.0275 0.0000
vt 0.0821 0.1418
vt 0.0000 0.0000
vt 0.0275 -0.0000
vt -0.0547 0.1418
vt 0.0000 0.0000
vt 0.0310 -0.0000
vt 0.1098 0.1050
vt 0.0000 0.0000
vt 0.0310 -0.0000
vt -0.0788 0.1051
vt 0.0000 0.0000
vt 0.0373 -0.0000
vt 0.0051 0.1312
vt 0.0000 0.0000
vt 0.0373 0.0000
vt 0.0322 0.1312
vt 0.0000 0.0000
vt 0.0568 0.0000
vt 0.0898 0.1010
vt 0.0000 0.0000
vt 0.0568 0.0000
vt -0.0329 0.1010
vt 0.0000 0.0000
vt 0.0519 0.0000
vt 0.0012 0.1062
vt 0.0000 0.0000
vt 0.0519 0.0000
vt 0.0507 0.1063
vt 0.0000 0.0000
vt 0.0721 -0.0000
vt -0.0684 0.0958
vt 0.0000 0.0000
vt 0.0721 -0.0000
vt 0.1406 0.0958
vt 0.0000 0.0000
vt 0.0430 -0.0000
vt -0.0425 0.1647
vt 0.0000 0.0000
vt 0.0430 0.0000
vt 0.0855 0.1647
vt 0.0000 0.0000
vt 0.0371 -0.0000
vt 0.0326 0.1827
vt 0.0000 0.0000
vt 0.0371 -0.0000
vt 0.0045 0.1827
vt 0.0000 0.0000
vt 0.0401 0.0000
vt -0.0731 0.1675
vt 0.0000 0.0000
vt 0.0401 0.0000
vt 0.1132 0.1675
vt 0.0000 0.0000
vt 0.0316 -0.0000
vt 0.0366 0.1988
vt 0.0000 0.0000
vt 0.0316 0.0000
vt -0.0050 0.1988
vt 0.0000 0.0000
vt 0.0824 -0.0000
vt -0.1792 0.0862
vt 0.0000 0.0000
vt 0.0824 -0.0000
vt 0.2616 0.0863
vt 0.0000 0.0000
vt 0.0749 0.0000
vt 0.2482 0.1196
vt 0.0000 0.0000
vt 0.0749 -0.0000
vt -0.1732 0.1196
vt 0.0000 0.0000
vt 0.0421 0.0000
vt 0.1082 0.1806
vt 0.0000 0.0000
vt 0.0421 -0.0000
vt -0.0661 0.1806
vt 0.0000 0.0000
vt 0.0416 -0.0000
vt 0.0250 0.1907
vt 0.0000 0.0000
vt 0.0416 -0.0000
vt 0.0166 0.1907
vt 0.0000 0.0000
vt 0.0624 -0.0000
vt -0.1039 0.1607
vt 0.0000 0.0000
vt 0.0624 -0.0000
vt 0.1663 0.1608
vt 0.0000 0.0000
vt 0.0558 -0.0000
vt 0.1809 0.1442
vt 0.0000 0.0000
vt 0.0558 -0.0000
vt -0.1251 0.1442
vt 0.0000 0.0000
vt 0.0799 0.0000
vt 0.1776 0.0699
vt 0.0000 0.0000
vt 0.0799 -0.0000
vt -0.0977 0.0699
vt 0.0000 0.0000
vt 0.0389 -0.0000
vt -0.0122 0.1195
vt 0.0000 0.0000
vt 0.0389 0.0000
vt 0.0511 0.1195
vt 0.0000 0.0000
vt 0.0403 0.0000
vt 0.0325 0.1259
vt 0.0000 0.0000
vt 0.0403 0.0000
vt 0.0079 0.1259
vt 0.0000 0.0000
vt 0.0355 -0.0000
vt -0.0030 0.1261
vt 0.0000 0.0000
vt 0.0355 -0.0000
vt 0.0385 0.1261
vt 0.0000 0.0000
vt 0.0496 -0.0000
vt -0.0926 0.0938
vt 0.0000 0.0000
vt 0.0496 -0.0000
vt 0.1423 0.0938
vt 0.0000 0.0000
vt 0.0387 0.0000
vt -0.1079 0.1319
vt 0.0000 0.0000
vt 0.0387 0.0000
vt 0.1466 0.1320
vt 0.0000 0.0000
vt 0.0213 -0.0000
vt 0.0056 0.1971
vt 0.0000 0.0000
vt 0.0213 -0.0000
vt 0.0157 0.1971
vt 0.0000 0.0000
vt 0.0216 0.0000
vt 0.0341 0.1948
vt 0.0000 0.0000
vt 0.0216 0.0000
vt -0.0125 0.1948
vt 0.0000 0.0000
vt 0.0213 0.0000
vt -0.0069 0.1951
vt 0.0000 0.0000
vt 0.0213 -0.0000
vt 0.0282 0.1951
vt 0.0000 0.0000
vt 0.0212 0.0000
vt -0.0262 0.1953
vt 0.0000 0.0000
vt 0.0212 0.0000
vt 0.0473 0.1954
vt 0.0000 0.0000
vt 0.0202 0.0000
vt 0.0507 0.1945
vt 0.0000 0.0000
vt 0.0202 0.0000
vt -0.0305 0.1945
vt 0.0000 0.0000
vt 0.0299 -0.0000
vt -0.1446 0.1336
vt 0.0000 0.0000
vt 0.0299 0.0000
vt 0.1745 0.1337
vt 0.0000 0.0000
vt 0.0267 0.0000
vt 0.1557 0.1551
vt 0.0000 0.0000
vt 0.0267 -0.0000
vt -0.1290 0.1551
vt 0.0000 0.0000
vt 0.1316 -0.0000
vt 0.1329 0.0778
vt 0.0013 0.0777
vt 0.0000 0.0000
vt 0.1256 -0.0000
vt 0.1252 0.0778
vt -0.0004 0.0778
vt 0.0000 0.0000
vt 0.0717 0.0000
vt 0.0690 0.0777
vt -0.0027 0.0777
vt 0.0000 0.0000
vt 0.0783 0.0000
vt 0.0759 0.0776
vt -0.0024 0.0777
vt 0.0000 0.0000
vt 0.0823 0.0000
vt 0.0806 0.0775
vt -0.0017 0.0776
vt 0.0000 0.0000
vt 0.0760 0.0000
vt 0.0733 0.0774
vt -0.0026 0.0775
vt 0.0000 0.0000
vt 0.0779 -0.0000
vt 0.0751 0.0773
vt -0.0028 0.0774
vt 0.0000 0.0000
vt 0.0845 0.0000
vt 0.0849 0.0774
vt 0.0004 0.0774
vt 0.0000 0.0000
vt 0.0684 -0.0000
vt 0.0664 0.0773
vt -0.0020 0.0774
vt 0.0000 0.0000
vt 0.1173 -0.0000
vt 0.1178 0.0774
vt 0.0005 0.0774
vt 0.0000 0.0000
vt 0.1259 0.0000
vt 0.1272 0.0774
vt 0.0013 0.0774
vt 0.0000 0.0000
vt 0.1060 0.0000
vt 0.1087 0.0775
vt 0.0027 0.0774
vt 0.0000 0.0000
vt 0.1418 0.0000
vt 0.1441 0.0777
vt 0.0023 0.0775
vt 0.0000 0.0000
vt 0.1931 0.0000
vt 0.1934 0.0777
vt 0.0003 0.0777
vt 0.0000 0.0000
vt 0.1758 0.0000
vt 0.1751 0.0777
vt -0.0006 0.0777
vt 0.0000 0.0000
vt 0.1595 0.0000
vt 0.1581 0.0776
vt -0.0014 0.0777
vt 0.0000 0.0000
vt 0.1643 0.0000
vt 0.1619 0.0774
vt -0.0024 0.0775
vt 0.0000 0.0000
vt 0.0795 0.0000
vt 0.0787 0.0774
vt -0.0007 0.0774
vt 0.0000 0.0000
vt 0.1207 0.0000
vt 0.1187 0.0773
vt -0.0020 0.0774
vt 0.0000 0.0000
vt 0.1023 0.0000
vt 0.1055 0.0774
vt 0.0031 0.0772
vt 0.0000 0.0000
vt 0.0632 0.0000
vt 0.0658 0.0774
vt 0.0026 0.0774
vt 0.0000 0.0000
vt 0.1805 0.0000
vt 0.1800 0.0775
vt -0.0005 0.0775
vt 0.0000 0.0000
vt 0.1300 -0.0000
vt 0.1333 0.0776
vt 0.0033 0.0774
vt 0.0000 0.0000
vt 0.1353 0.0000
vt 0.1371 0.0777
vt 0.0018 0.0776
vt 0.0000 0.0000
vt 0.1316 0.0000
vt 0.0643 0.1466
vt -0.0173 0.1466
vt 0.0000 0.0000
vt 0.1316 0.0000
vt 0.1489 0.1467
vt 0.0674 0.1467
vt 0.0000 0.0000
vt 0.1256 0.0000
vt 0.0483 0.1585
vt -0.0296 0.1585
vt 0.0000 0.0000
vt 0.1256 0.0000
vt 0.1552 0.1587
vt 0.0773 0.1587
vt 0.0000 0.0000
vt 0.0717 -0.0000
vt 0.1684 0.1255
vt 0.1239 0.1255
vt 0.0000 0.0000
vt 0.0717 0.0000
vt -0.0524 0.1256
vt -0.0968 0.1255
vt 0.0000 0.0000
vt 0.0783 -0.0000
vt 0.1624 0.1101
vt 0.1139 0.1101
vt 0.0000 0.0000
vt 0.0783 0.0000
vt -0.0358 0.1101
vt -0.0843 0.1101
vt 0.0000 0.0000
vt 0.0823 -0.0000
vt 0.1550 0.0916
vt 0.1040 0.0916
vt 0.0000 0.0000
vt 0.0823 -0.0000
vt -0.0218 0.0916
vt -0.0728 0.0916
vt 0.0000 0.0000
vt 0.0760 -0.0000
vt -0.0021 0.1061
vt -0.0492 0.1061
vt 0.0000 0.0000
vt 0.0760 -0.0000
vt 0.1250 0.1063
vt 0.0779 0.1062
vt 0.0000 0.0000
vt 0.0779 -0.0000
vt 0.0244 0.1296
vt -0.0239 0.1296
vt 0.0000 0.0000
vt 0.0779 0.0000
vt 0.1016 0.1296
vt 0.0533 0.1296
vt 0.0000 0.0000
vt 0.0845 -0.0000
vt 0.1441 0.1060
vt 0.0918 0.1060
vt 0.0000 0.0000
vt 0.0845 0.0000
vt -0.0073 0.1059
vt -0.0596 0.1059
vt 0.0000 0.0000
vt 0.0684 0.0000
vt -0.0059 0.1116
vt -0.0483 0.1116
vt 0.0000 0.0000
vt 0.0684 -0.0000
vt 0.1166 0.1116
vt 0.0742 0.1116
vt 0.0000 0.0000
vt 0.1173 -0.0000
vt 0.0877 0.1332
vt 0.0150 0.1332
vt 0.0000 0.0000
vt 0.1173 0.0000
vt 0.1023 0.1331
vt 0.0296 0.1331
vt 0.0000 0.0000
vt 0.1259 -0.0000
vt 0.0524 0.1340
vt -0.0257 0.1340
vt 0.0000 0.0000
vt 0.1259 0.0000
vt 0.1517 0.1339
vt 0.0736 0.1339
vt 0.0000 0.0000
vt 0.1060 0.0000
vt 0.0469 0.1517
vt -0.0188 0.1517
vt 0.0000 0.0000
vt 0.1060 0.0000
vt 0.1249 0.1517
vt 0.0592 0.1517
vt 0.0000 0.0000
vt 0.1418 0.0000
vt -0.0306 0.1115
vt -0.1185 0.1116
vt 0.0000 0.0000
vt 0.1418 -0.0000
vt 0.2605 0.1115
vt 0.1726 0.1115
vt 0.0000 0.0000
vt 0.1931 0.0000
vt 0.3060 0.0865
vt 0.1863 0.0865
vt 0.0000 0.0000
vt 0.1931 0.0000
vt 0.0068 0.0868
vt -0.1129 0.0868
vt 0.0000 0.0000
vt 0.1758 -0.0000
vt 0.2235 0.0844
vt 0.1145 0.0844
vt 0.0000 0.0000
vt 0.1758 -0.0000
vt 0.0612 0.0846
vt -0.0477 0.0846
vt 0.0000 0.0000
vt 0.1595 0.0000
vt 0.1343 0.0902
vt 0.0354 0.0902
vt 0.0000 0.0000
vt 0.1595 -0.0000
vt 0.1240 0.0904
vt 0.0252 0.0904
vt 0.0000 0.0000
vt 0.1643 -0.0000
vt 0.0806 0.0912
vt -0.0213 0.0912
vt 0.0000 0.0000
vt 0.1643 -0.0000
vt 0.1854 0.0914
vt 0.0836 0.0913
vt 0.0000 0.0000
vt 0.0795 -0.0000
vt 0.0684 0.1224
vt 0.0192 0.1224
vt 0.0000 0.0000
vt 0.0795 -0.0000
vt 0.0603 0.1223
vt 0.0110 0.1223
vt 0.0000 0.0000
vt 0.1207 0.0000
vt 0.0042 0.1006
vt -0.0706 0.1005
vt 0.0000 0.0000
vt 0.1207 -0.0000
vt 0.1912 0.1006
vt 0.1164 0.1005
vt 0.0000 0.0000
vt 0.1023 0.0000
vt 0.1676 0.1133
vt 0.1042 0.1133
vt 0.0000 0.0000
vt 0.1023 0.0000
vt -0.0016 0.1133
vt -0.0650 0.1134
vt 0.0000 0.0000
vt 0.0632 0.0000
vt 0.0853 0.1223
vt 0.0462 0.1223
vt 0.0000 0.0000
vt 0.0632 -0.0000
vt 0.0172 0.1223
vt -0.0220 0.1223
vt 0.0000 0.0000
vt 0.1805 0.0000
vt -0.0023 0.0490
vt -0.1142 0.0490
vt 0.0000 0.0000
vt 0.1805 0.0000
vt 0.2947 0.0491
vt 0.1828 0.0491
vt 0.0000 0.0000
vt 0.1300 -0.0000
vt 0.1848 0.1579
vt 0.1043 0.1579
vt 0.0000 0.0000
vt 0.1300 0.0000
vt 0.0259 0.1580
vt -0.0546 0.1581
vt 0.0000 0.0000
vt 0.1353 -0.0000
vt 0.1697 0.1435
vt 0.0858 0.1435
vt 0.0000 0.0000
vt 0.1353 -0.0000
vt 0.0496 0.1437
vt -0.0343 0.1437
vt 0.0000 0.0000
vt 0.0816 -0.0000
vt 0.0250 0.1234
vt -0.0145 0.1234
vt 0.0000 0.0000
vt 0.0816 -0.0000
vt 0.0961 0.1234
vt 0.0566 0.1234
vt 0.0000 0.0000
vt 0.0779 -0.0000
vt 0.0128 0.1335
vt -0.0249 0.1335
vt 0.0000 0.0000
vt 0.0779 -0.0000
vt 0.1028 0.1335
vt 0.0651 0.1335
vt 0.0000 0.0000
vt 0.0444 -0.0000
vt 0.1258 0.1057
vt 0.1043 0.1057
vt 0.0000 0.0000
vt 0.0444 0.0000
vt -0.0599 0.1057
vt -0.0814 0.1057
vt 0.0000 0.0000
vt 0.0485 0.0000
vt 0.1194 0.0927
vt 0.0959 0.0927
vt 0.0000 0.0000
vt 0.0485 -0.0000
vt -0.0474 0.0927
vt -0.0709 0.0927
vt 0.0000 0.0000
vt 0.0510 0.0000
vt 0.1123 0.0771
vt 0.0876 0.0771
vt 0.0000 0.0000
vt 0.0510 -0.0000
vt -0.0366 0.0771
vt -0.0613 0.0771
vt 0.0000 0.0000
vt 0.0471 -0.0000
vt -0.0186 0.0894
vt -0.0414 0.0894
vt 0.0000 0.0000
vt 0.0471 0.0000
vt 0.0885 0.0894
vt 0.0657 0.0894
vt 0.0000 0.0000
vt 0.0483 0.0000
vt 0.0033 0.1091
vt -0.0201 0.1091
vt 0.0000 0.0000
vt 0.0483 0.0000
vt 0.0683 0.1091
vt 0.0450 0.1091
vt 0.0000 0.0000
vt 0.0524 -0.0000
vt 0.1026 0.0892
vt 0.0773 0.0892
vt 0.0000 0.0000
vt 0.0524 -0.0000
vt -0.0249 0.0892
vt -0.0502 0.0892
vt 0.0000 0.0000
vt 0.0424 -0.0000
vt -0.0201 0.0940
vt -0.0406 0.0940
vt 0.0000 0.0000
vt 0.0424 -0.0000
vt 0.0830 0.0940
vt 0.0625 0.0940
vt 0.0000 0.0000
vt 0.0727 -0.0000
vt 0.0478 0.1121
vt 0.0126 0.1121
vt 0.0000 0.0000
vt 0.0727 -0.0000
vt 0.0601 0.1121
vt 0.0249 0.1121
vt 0.0000 0.0000
vt 0.0780 0.0000
vt 0.0161 0.1128
vt -0.0217 0.1128
vt 0.0000 0.0000
vt 0.0780 0.0000
vt 0.0997 0.1128
vt 0.0620 0.1128
vt 0.0000 0.0000
vt 0.0657 0.0000
vt 0.0159 0.1277
vt -0.0159 0.1277
vt 0.0000 0.0000
vt 0.0657 -0.0000
vt 0.0816 0.1277
vt 0.0498 0.1277
vt 0.0000 0.0000
vt 0.0879 -0.0000
vt -0.0573 0.0939
vt -0.0999 0.0939
vt 0.0000 0.0000
vt 0.0879 -0.0000
vt 0.1878 0.0939
vt 0.1453 0.0939
vt 0.0000 0.0000
vt 0.1197 -0.0000
vt 0.2148 0.0728
vt 0.1569 0.0728
vt 0.0000 0.0000
vt 0.1197 0.0000
vt -0.0372 0.0728
vt -0.0951 0.0728
vt 0.0000 0.0000
vt 0.1090 -0.0000
vt 0.1491 0.0710
vt 0.0964 0.0710
vt 0.0000 0.0000
vt 0.1090 -0.0000
vt 0.0126 0.0711
vt -0.0402 0.0711
vt 0.0000 0.0000
vt 0.0989 -0.0000
vt 0.0776 0.0760
vt 0.0298 0.0760
vt 0.0000 0.0000
vt 0.0989 0.0000
vt 0.0691 0.0760
vt 0.0212 0.0760
vt 0.0000 0.0000
vt 0.1018 0.0000
vt 0.0314 0.0768
vt -0.0179 0.0768
vt 0.0000 0.0000
vt 0.1018 -0.0000
vt 0.1197 0.0768
vt 0.0705 0.0768
vt 0.0000 0.0000
vt 0.0493 0.0000
vt 0.0400 0.1030
vt 0.0162 0.1030
vt 0.0000 0.0000
vt 0.0493 -0.0000
vt 0.0331 0.1030
vt 0.0093 0.1030
vt 0.0000 0.0000
vt 0.0748 0.0000
vt -0.0232 0.0847
vt -0.0594 0.0847
vt 0.0000 0.0000
vt 0.0748 0.0000
vt 0.1342 0.0846
vt 0.0980 0.0847
vt 0.0000 0.0000
vt 0.0634 -0.0000
vt 0.1183 0.0954
vt 0.0876 0.0954
vt 0.0000 0.0000
vt 0.0634 -0.0000
vt -0.0242 0.0954
vt -0.0549 0.0954
vt 0.0000 0.0000
vt 0.0392 0.0000
vt 0.0578 0.1030
vt 0.0388 0.1030
vt 0.0000 0.0000
vt 0.0392 -0.0000
vt 0.0004 0.1030
vt -0.0186 0.1030
vt 0.0000 0.0000
vt 0.1119 0.0000
vt -0.0420 0.0413
vt -0.0962 0.0413
vt 0.0000 0.0000
vt 0.1119 -0.0000
vt 0.2081 0.0413
vt 0.1539 0.0413
vt 0.0000 0.0000
vt 0.0805 0.0000
vt 0.1268 0.1330
vt 0.0878 0.1330
vt 0.0000 0.0000
vt 0.0805 -0.0000
vt -0.0073 0.1330
vt -0.0462 0.1330
vt 0.0000 0.0000
vt 0.0839 -0.0000
vt 0.1129 0.1208
vt 0.0723 0.1208
vt 0.0000 0.0000
vt 0.0839 0.0000
vt 0.0116 0.1208
vt -0.0290 0.1208
vt 0.0000 0.0000
vt 0.0395 0.0000
vt -0.0136 0.1157
vt 0.0000 0.0000
vt 0.0395 -0.0000
vt 0.0531 0.1157
vt 0.0000 0.0000
vt 0.0377 0.0000
vt -0.0234 0.1251
vt 0.0000 0.0000
vt 0.0377 -0.0000
vt 0.0611 0.1251
vt 0.0000 0.0000
vt 0.0215 0.0000
vt 0.0978 0.0991
vt 0.0000 0.0000
vt 0.0215 -0.0000
vt -0.0763 0.0991
vt 0.0000 0.0000
vt 0.0235 0.0000
vt 0.0899 0.0869
vt 0.0000 0.0000
vt 0.0235 -0.0000
vt -0.0664 0.0869
vt 0.0000 0.0000
vt 0.0247 0.0000
vt 0.0821 0.0723
vt 0.0000 0.0000
vt 0.0247 0.0000
vt -0.0574 0.0723
vt 0.0000 0.0000
vt 0.0228 0.0000
vt -0.0388 0.0838
vt 0.0000 0.0000
vt 0.0228 -0.0000
vt 0.0616 0.0838
vt 0.0000 0.0000
vt 0.0234 -0.0000
vt -0.0188 0.1023
vt 0.0000 0.0000
vt 0.0234 -0.0000
vt 0.0421 0.1023
vt 0.0000 0.0000
vt 0.0253 0.0000
vt 0.0724 0.0836
vt 0.0000 0.0000
vt 0.0253 -0.0000
vt -0.0471 0.0836
vt 0.0000 0.0000
vt 0.0205 0.0000
vt -0.0381 0.0881
vt 0.0000 0.0000
vt 0.0205 0.0000
vt 0.0586 0.0881
vt 0.0000 0.0000
vt 0.0352 0.0000
vt 0.0118 0.1051
vt 0.0000 0.0000
vt 0.0352 0.0000
vt 0.0234 0.1051
vt 0.0000 0.0000
vt 0.0378 0.0000
vt -0.0203 0.1057
vt 0.0000 0.0000
vt 0.0378 0.0000
vt 0.0581 0.1057
vt 0.0000 0.0000
vt 0.0318 0.0000
vt -0.0149 0.1197
vt 0.0000 0.0000
vt 0.0318 0.0000
vt 0.0467 0.1197
vt 0.0000 0.0000
vt 0.0425 -0.0000
vt -0.0936 0.0880
vt 0.0000 0.0000
vt 0.0425 -0.0000
vt 0.1362 0.0880
vt 0.0000 0.0000
vt 0.0579 0.0000
vt 0.1471 0.0683
vt 0.0000 0.0000
vt 0.0579 0.0000
vt -0.0891 0.0683
vt 0.0000 0.0000
vt 0.0527 0.0000
vt 0.0904 0.0666
vt 0.0000 0.0000
vt 0.0527 0.0000
vt -0.0377 0.0666
vt 0.0000 0.0000
vt 0.0478 -0.0000
vt 0.0279 0.0712
vt 0.0000 0.0000
vt 0.0478 -0.0000
vt 0.0199 0.0712
vt 0.0000 0.0000
vt 0.0493 -0.0000
vt -0.0168 0.0720
vt 0.0000 0.0000
vt 0.0493 0.0000
vt 0.0661 0.0720
vt 0.0000 0.0000
vt 0.0238 -0.0000
vt 0.0152 0.0966
vt 0.0000 0.0000
vt 0.0238 0.0000
vt 0.0087 0.0966
vt 0.0000 0.0000
vt 0.0362 0.0000
vt -0.0557 0.0794
vt 0.0000 0.0000
vt 0.0362 0.0000
vt 0.0919 0.0794
vt 0.0000 0.0000
vt 0.0307 0.0000
vt 0.0821 0.0894
vt 0.0000 0.0000
vt 0.0307 0.0000
vt -0.0514 0.0894
vt 0.0000 0.0000
vt 0.0190 -0.0000
vt 0.0364 0.0965
vt 0.0000 0.0000
vt 0.0190 -0.0000
vt -0.0174 0.0965
vt 0.0000 0.0000
vt 0.0541 -0.0000
vt -0.0902 0.0387
vt 0.0000 0.0000
vt 0.0541 -0.0000
vt 0.1443 0.0387
vt 0.0000 0.0000
vt 0.0390 -0.0000
vt 0.0823 0.1247
vt 0.0000 0.0000
vt 0.0390 -0.0000
vt -0.0434 0.1247
vt 0.0000 0.0000
vt 0.0406 -0.0000
vt 0.0678 0.1133
vt 0.0000 0.0000
vt 0.0406 -0.0000
vt -0.0272 0.1133
vt 0.0000 0.0000
vt 0.1513 -0.0000
vt 0.1516 0.1049
vt 0.0003 0.1049
vt 0.0000 0.0000
vt 0.1325 -0.0000
vt 0.1329 0.1049
vt 0.0004 0.1049
vt 0.0000 0.0000
vt 0.1604 0.0000
vt 0.1602 0.1049
vt -0.0002 0.1049
vt 0.0000 0.0000
vt 0.1632 0.0000
vt 0.1634 0.1049
vt 0.0002 0.1049
vt 0.0000 0.0000
vt 0.1641 0.0000
vt 0.1651 0.1050
vt 0.0010 0.1049
vt 0.0000 0.0000
vt 0.1656 0.0000
vt 0.1662 0.1050
vt 0.0006 0.1050
vt 0.0000 0.0000
vt 0.1851 0.0000
vt 0.1871 0.1051
vt 0.0020 0.1050
vt 0.0000 0.0000
vt 0.1320 0.0000
vt 0.1326 0.1051
vt 0.0006 0.1051
vt 0.0000 0.0000
vt 0.1939 0.0000
vt 0.1911 0.1049
vt -0.0029 0.1051
vt 0.0000 0.0000
vt 0.3010 0.0000
vt 0.3038 0.1052
vt 0.0028 0.1049
vt 0.0000 0.0000
vt 0.1512 0.0000
vt 0.1479 0.1050
vt -0.0033 0.1052
vt 0.0000 0.0000
vt 0.1459 -0.0000
vt 0.1480 0.1051
vt 0.0021 0.1051
vt 0.0000 0.0000
vt 0.1746 0.0000
vt 0.1768 0.1053
vt 0.0023 0.1051
vt 0.0000 0.0000
vt 0.1451 0.0000
vt 0.1416 0.1051
vt -0.0035 0.1052
vt 0.0000 0.0000
vt 0.1654 0.0000
vt 0.1672 0.1052
vt 0.0018 0.1051
vt 0.0000 0.0000
vt 0.4259 -0.0000
vt 0.4235 0.1049
vt -0.0024 0.1052
vt 0.0000 0.0000
vt 0.1428 0.0000
vt 0.1429 0.1049
vt 0.0001 0.1049
vt 0.0000 0.0000
vt 0.1571 0.0000
vt 0.1561 0.1049
vt -0.0010 0.1049
vt 0.0000 0.0000
vt 0.1965 -0.0000
vt 0.1971 0.1049
vt 0.0006 0.1049
vt 0.0000 0.0000
vt 0.1448 0.0000
vt 0.1448 0.1049
vt 0.0001 0.1049
vt 0.0000 0.0000
vt 0.1651 0.0000
vt 0.1666 0.1050
vt 0.0016 0.1049
vt 0.0000 0.0000
vt 0.1137 -0.0000
vt 0.1154 0.1050
vt 0.0017 0.1050
vt 0.0000 0.0000
vt 0.2104 0.0000
vt 0.2106 0.1051
vt 0.0002 0.1050
vt 0.0000 0.0000
vt 0.2431 0.0000
vt 0.2429 0.1050
vt -0.0002 0.1051
vt 0.0000 0.0000
vt 0.2289 0.0000
vt 0.2296 0.1051
vt 0.0007 0.1050
vt 0.0000 0.0000
vt 0.2096 0.0000
vt 0.2100 0.1051
vt 0.0004 0.1051
vt 0.0000 0.0000
vt 0.2408 0.0000
vt 0.2423 0.1052
vt 0.0015 0.1051
vt 0.0000 0.0000
vt 0.1388 0.0000
vt 0.1360 0.1051
vt -0.0029 0.1052
vt 0.0000 0.0000
vt 0.2102 0.0000
vt 0.2078 0.1049
vt -0.0024 0.1051
vt 0.0000 0.0000
vt 0.1586 -0.0000
vt 0.1588 0.1050
vt 0.0002 0.1049
vt 0.0000 0.0000
vt 0.1487 -0.0000
vt 0.1475 0.1049
vt -0.0012 0.1049
vt 0.0000 0.0000
vt 0.1513 -0.0000
vt 0.0009 0.2118
vt -0.0929 0.2118
vt 0.0000 0.0000
vt 0.1513 -0.0000
vt 0.2442 0.2118
vt 0.1504 0.2118
vt 0.0000 0.0000
vt 0.1325 -0.0000
vt 0.0465 0.2573
vt -0.0356 0.2573
vt 0.0000 0.0000
vt 0.1325 0.0000
vt 0.1681 0.2573
vt 0.0860 0.2573
vt 0.0000 0.0000
vt 0.1604 -0.0000
vt 0.2883 0.1947
vt 0.1889 0.1947
vt 0.0000 0.0000
vt 0.1604 0.0000
vt -0.0285 0.1947
vt -0.1279 0.1947
vt 0.0000 0.0000
vt 0.1632 0.0000
vt 0.2333 0.1920
vt 0.1320 0.1920
vt 0.0000 0.0000
vt 0.1632 0.0000
vt 0.0312 0.1919
vt -0.0700 0.1919
vt 0.0000 0.0000
vt 0.1641 -0.0000
vt 0.1356 0.2015
vt 0.0338 0.2015
vt 0.0000 0.0000
vt 0.1641 0.0000
vt 0.1303 0.2015
vt 0.0286 0.2015
vt 0.0000 0.0000
vt 0.1656 0.0000
vt 0.1551 0.1967
vt 0.0524 0.1967
vt 0.0000 0.0000
vt 0.1656 -0.0000
vt 0.1132 0.1967
vt 0.0105 0.1967
vt 0.0000 0.0000
vt 0.1851 -0.0000
vt 0.0255 0.1756
vt -0.0892 0.1756
vt 0.0000 0.0000
vt 0.1851 -0.0000
vt 0.2743 0.1756
vt 0.1595 0.1756
vt 0.0000 0.0000
vt 0.1320 0.0000
vt 0.0573 0.2360
vt -0.0246 0.2360
vt 0.0000 0.0000
vt 0.1320 0.0000
vt 0.1565 0.2360
vt 0.0747 0.2360
vt 0.0000 0.0000
vt 0.1939 -0.0000
vt 0.3609 0.0578
vt 0.2407 0.0578
vt 0.0000 0.0000
vt 0.1939 -0.0000
vt -0.0468 0.0578
vt -0.1669 0.0579
vt 0.0000 0.0000
vt 0.3010 0.0000
vt 0.0158 0.0453
vt -0.1708 0.0453
vt 0.0000 0.0000
vt 0.3010 -0.0000
vt 0.4718 0.0453
vt 0.2852 0.0453
vt 0.0000 0.0000
vt 0.1512 0.0000
vt 0.3544 0.1242
vt 0.2607 0.1242
vt 0.0000 0.0000
vt 0.1512 0.0000
vt -0.1095 0.1242
vt -0.2032 0.1242
vt 0.0000 0.0000
vt 0.1459 -0.0000
vt -0.1106 0.1277
vt -0.2011 0.1277
vt 0.0000 0.0000
vt 0.1459 -0.0000
vt 0.3469 0.1277
vt 0.2565 0.1277
vt 0.0000 0.0000
vt 0.1746 -0.0000
vt -0.1352 0.1512
vt -0.2434 0.1512
vt 0.0000 0.0000
vt 0.1746 -0.0000
vt 0.4179 0.1512
vt 0.3097 0.1512
vt 0.0000 0.0000
vt 0.1451 -0.0000
vt 0.3824 0.1824
vt 0.2925 0.1824
vt 0.0000 0.0000
vt 0.1451 -0.0000
vt -0.1473 0.1824
vt -0.2373 0.1824
vt 0.0000 0.0000
vt 0.1654 -0.0000
vt -0.1534 0.1552
vt -0.2560 0.1551
vt 0.0000 0.0000
vt 0.1654 -0.0000
vt 0.4214 0.1551
vt 0.3188 0.1551
vt 0.0000 0.0000
vt 0.4259 0.0000
vt 0.6114 0.0712
vt 0.3474 0.0712
vt 0.0000 0.0000
vt 0.4259 0.0000
vt 0.0785 0.0711
vt -0.1855 0.0712
vt 0.0000 0.0000
vt 0.1428 0.0000
vt -0.0179 0.1678
vt -0.1064 0.1678
vt 0.0000 0.0000
vt 0.1428 0.0000
vt 0.2491 0.1678
vt 0.1606 0.1678
vt 0.0000 0.0000
vt 0.1571 0.0000
vt 0.2550 0.1706
vt 0.1576 0.1706
vt 0.0000 0.0000
vt 0.1571 -0.0000
vt -0.0005 0.1706
vt -0.0979 0.1706
vt 0.0000 0.0000
vt 0.1965 -0.0000
vt -0.0034 0.1517
vt -0.1252 0.1517
vt 0.0000 0.0000
vt 0.1965 -0.0000
vt 0.3217 0.1517
vt 0.1999 0.1517
vt 0.0000 0.0000
vt 0.1448 0.0000
vt 0.1978 0.2265
vt 0.1081 0.2265
vt 0.0000 0.0000
vt 0.1448 -0.0000
vt 0.0367 0.2265
vt -0.0531 0.2265
vt 0.0000 0.0000
vt 0.1651 0.0000
vt -0.0370 0.1863
vt -0.1393 0.1863
vt 0.0000 0.0000
vt 0.1651 0.0000
vt 0.3043 0.1863
vt 0.2020 0.1863
vt 0.0000 0.0000
vt 0.1137 -0.0000
vt 0.0213 0.2704
vt -0.0492 0.2704
vt 0.0000 0.0000
vt 0.1137 -0.0000
vt 0.1629 0.2704
vt 0.0924 0.2704
vt 0.0000 0.0000
vt 0.2104 -0.0000
vt 0.2883 0.2382
vt 0.1579 0.2382
vt 0.0000 0.0000
vt 0.2104 -0.0000
vt 0.0526 0.2381
vt -0.0779 0.2381
vt 0.0000 0.0000
vt 0.2431 0.0000
vt 0.2931 0.2062
vt 0.1423 0.2062
vt 0.0000 0.0000
vt 0.2431 0.0000
vt 0.1008 0.2062
vt -0.0500 0.2062
vt 0.0000 0.0000
vt 0.2289 0.0000
vt 0.1518 0.2120
vt 0.0099 0.2119
vt 0.0000 0.0000
vt 0.2289 -0.0000
vt 0.2190 0.2119
vt 0.0771 0.2119
vt 0.0000 0.0000
vt 0.2096 -0.0000
vt 0.0995 0.2235
vt -0.0305 0.2235
vt 0.0000 0.0000
vt 0.2096 -0.0000
vt 0.2400 0.2234
vt 0.1101 0.2234
vt 0.0000 0.0000
vt 0.2408 0.0000
vt -0.0112 0.1905
vt -0.1605 0.1905
vt 0.0000 0.0000
vt 0.2408 -0.0000
vt 0.4013 0.1905
vt 0.2520 0.1905
vt 0.0000 0.0000
vt 0.1388 0.0000
vt 0.2879 0.2431
vt 0.2019 0.2431
vt 0.0000 0.0000
vt 0.1388 0.0000
vt -0.0630 0.2431
vt -0.1490 0.2431
vt 0.0000 0.0000
vt 0.2102 0.0000
vt 0.3830 0.1321
vt 0.2527 0.1321
vt 0.0000 0.0000
vt 0.2102 -0.0000
vt -0.0425 0.1321
vt -0.1728 0.1321
vt 0.0000 0.0000
vt 0.1586 0.0000
vt -0.0243 0.1797
vt -0.1226 0.1796
vt 0.0000 0.0000
vt 0.1586 0.0000
vt 0.2812 0.1796
vt 0.1829 0.1796
vt 0.0000 0.0000
vt 0.1487 -0.0000
vt 0.2288 0.2169
vt 0.1366 0.2169
vt 0.0000 0.0000
vt 0.1487 0.0000
vt 0.0121 0.2169
vt -0.0801 0.2169
vt 0.0000 0.0000
vt 0.0938 -0.0000
vt -0.0328 0.1783
vt -0.0782 0.1783
vt 0.0000 0.0000
vt 0.0938 -0.0000
vt 0.1721 0.1783
vt 0.1267 0.1783
vt 0.0000 0.0000
vt 0.0821 0.0000
vt 0.0097 0.2167
vt -0.0300 0.2167
vt 0.0000 0.0000
vt 0.0821 -0.0000
vt 0.1121 0.2167
vt 0.0724 0.2167
vt 0.0000 0.0000
vt 0.0995 0.0000
vt 0.2072 0.1640
vt 0.1591 0.1640
vt 0.0000 0.0000
vt 0.0995 0.0000
vt -0.0596 0.1640
vt -0.1077 0.1640
vt 0.0000 0.0000
vt 0.1012 0.0000
vt 0.1602 0.1616
vt 0.1112 0.1616
vt 0.0000 0.0000
vt 0.1012 0.0000
vt -0.0100 0.1616
vt -0.0590 0.1616
vt 0.0000 0.0000
vt 0.1018 -0.0000
vt 0.0777 0.1697
vt 0.0285 0.1697
vt 0.0000 0.0000
vt 0.1018 0.0000
vt 0.0733 0.1697
vt 0.0240 0.1697
vt 0.0000 0.0000
vt 0.1027 0.0000
vt 0.0938 0.1656
vt 0.0441 0.1656
vt 0.0000 0.0000
vt 0.1027 0.0000
vt 0.0586 0.1656
vt 0.0089 0.1656
vt 0.0000 0.0000
vt 0.1148 -0.0000
vt -0.0196 0.1479
vt -0.0751 0.1479
vt 0.0000 0.0000
vt 0.1148 -0.0000
vt 0.1898 0.1479
vt 0.1343 0.1479
vt 0.0000 0.0000
vt 0.0818 0.0000
vt 0.0189 0.1987
vt -0.0207 0.1987
vt 0.0000 0.0000
vt 0.0818 -0.0000
vt 0.1025 0.1987
vt 0.0629 0.1987
vt 0.0000 0.0000
vt 0.1202 -0.0000
vt 0.2608 0.0487
vt 0.2026 0.0487
vt 0.0000 0.0000
vt 0.1202 -0.0000
vt -0.0824 0.0488
vt -0.1405 0.0489
vt 0.0000 0.0000
vt 0.1866 -0.0000
vt -0.0535 0.0381
vt -0.1438 0.0382
vt 0.0000 0.0000
vt 0.1866 0.0000
vt 0.3303 0.0384
vt 0.2401 0.0383
vt 0.0000 0.0000
vt 0.0937 -0.0000
vt 0.2648 0.1046
vt 0.2195 0.1046
vt 0.0000 0.0000
vt 0.0937 -0.0000
vt -0.1257 0.1047
vt -0.1710 0.1047
vt 0.0000 0.0000
vt 0.0904 -0.0000
vt -0.1255 0.1075
vt -0.1693 0.1075
vt 0.0000 0.0000
vt 0.0904 0.0000
vt 0.2597 0.1076
vt 0.2159 0.1076
vt 0.0000 0.0000
vt 0.1082 0.0000
vt -0.1526 0.1273
vt -0.2049 0.1273
vt 0.0000 0.0000
vt 0.1082 -0.0000
vt 0.3131 0.1274
vt 0.2607 0.1273
vt 0.0000 0.0000
vt 0.0899 -0.0000
vt 0.2897 0.1536
vt 0.2462 0.1536
vt 0.0000 0.0000
vt 0.0899 -0.0000
vt -0.1562 0.1536
vt -0.1997 0.1537
vt 0.0000 0.0000
vt 0.1026 -0.0000
vt -0.1659 0.1306
vt -0.2155 0.1306
vt 0.0000 0.0000
vt 0.1026 -0.0000
vt 0.3180 0.1307
vt 0.2684 0.1307
vt 0.0000 0.0000
vt 0.2640 -0.0000
vt 0.4202 0.0599
vt 0.2925 0.0599
vt 0.0000 0.0000
vt 0.2640 -0.0000
vt -0.0284 0.0600
vt -0.1561 0.0601
vt 0.0000 0.0000
vt 0.0885 0.0000
vt -0.0467 0.1413
vt -0.0896 0.1413
vt 0.0000 0.0000
vt 0.0885 -0.0000
vt 0.1781 0.1413
vt 0.1353 0.1413
vt 0.0000 0.0000
vt 0.0974 0.0000
vt 0.1798 0.1437
vt 0.1327 0.1437
vt 0.0000 0.0000
vt 0.0974 -0.0000
vt -0.0353 0.1437
vt -0.0824 0.1437
vt 0.0000 0.0000
vt 0.1218 0.0000
vt -0.0465 0.1278
vt -0.1054 0.1278
vt 0.0000 0.0000
vt 0.1218 0.0000
vt 0.2272 0.1278
vt 0.1683 0.1278
vt 0.0000 0.0000
vt 0.0898 0.0000
vt 0.1344 0.1907
vt 0.0910 0.1907
vt 0.0000 0.0000
vt 0.0898 -0.0000
vt -0.0012 0.1907
vt -0.0447 0.1907
vt 0.0000 0.0000
vt 0.1023 -0.0000
vt -0.0678 0.1569
vt -0.1173 0.1569
vt 0.0000 0.0000
vt 0.1023 -0.0000
vt 0.2196 0.1569
vt 0.1701 0.1569
vt 0.0000 0.0000
vt 0.0705 -0.0000
vt -0.0073 0.2277
vt -0.0414 0.2277
vt 0.0000 0.0000
vt 0.0705 -0.0000
vt 0.1119 0.2277
vt 0.0777 0.2277
vt 0.0000 0.0000
vt 0.1305 0.0000
vt 0.1961 0.2005
vt 0.1329 0.2005
vt 0.0000 0.0000
vt 0.1305 -0.0000
vt -0.0025 0.2005
vt -0.0656 0.2005
vt 0.0000 0.0000
vt 0.1507 -0.0000
vt 0.1928 0.1736
vt 0.1199 0.1736
vt 0.0000 0.0000
vt 0.1507 0.0000
vt 0.0309 0.1736
vt -0.0421 0.1736
vt 0.0000 0.0000
vt 0.1419 0.0000
vt 0.0770 0.1785
vt 0.0084 0.1785
vt 0.0000 0.0000
vt 0.1419 -0.0000
vt 0.1335 0.1784
vt 0.0649 0.1784
vt 0.0000 0.0000
vt 0.1299 -0.0000
vt 0.0372 0.1881
vt -0.0256 0.1881
vt 0.0000 0.0000
vt 0.1299 -0.0000
vt 0.1556 0.1881
vt 0.0927 0.1881
vt 0.0000 0.0000
vt 0.1493 0.0000
vt -0.0629 0.1604
vt -0.1351 0.1604
vt 0.0000 0.0000
vt 0.1493 0.0000
vt 0.2844 0.1604
vt 0.2122 0.1604
vt 0.0000 0.0000
vt 0.0861 -0.0000
vt 0.2115 0.2047
vt 0.1699 0.2047
vt 0.0000 0.0000
vt 0.0861 -0.0000
vt -0.0838 0.2047
vt -0.1254 0.2047
vt 0.0000 0.0000
vt 0.1303 -0.0000
vt 0.2758 0.1112
vt 0.2128 0.1112
vt 0.0000 0.0000
vt 0.1303 -0.0000
vt -0.0824 0.1113
vt -0.1455 0.1113
vt 0.0000 0.0000
vt 0.0983 0.0000
vt -0.0557 0.1513
vt -0.1033 0.1513
vt 0.0000 0.0000
vt 0.0983 -0.0000
vt 0.2016 0.1513
vt 0.1540 0.1513
vt 0.0000 0.0000
vt 0.0922 -0.0000
vt 0.1596 0.1827
vt 0.1150 0.1827
vt 0.0000 0.0000
vt 0.0922 0.0000
vt -0.0228 0.1827
vt -0.0674 0.1827
vt 0.0000 0.0000
vt 0.0454 -0.0000
vt -0.0733 0.1672
vt 0.0000 0.0000
vt 0.0454 -0.0000
vt 0.1187 0.1673
vt 0.0000 0.0000
vt 0.0397 0.0000
vt -0.0281 0.2031
vt 0.0000 0.0000
vt 0.0397 -0.0000
vt 0.0679 0.2032
vt 0.0000 0.0000
vt 0.0481 0.0000
vt 0.1491 0.1537
vt 0.0000 0.0000
vt 0.0481 0.0000
vt -0.1010 0.1539
vt 0.0000 0.0000
vt 0.0490 0.0000
vt 0.1042 0.1515
vt 0.0000 0.0000
vt 0.0490 -0.0000
vt -0.0553 0.1517
vt 0.0000 0.0000
vt 0.0492 -0.0000
vt 0.0267 0.1591
vt 0.0000 0.0000
vt 0.0492 -0.0000
vt 0.0226 0.1592
vt 0.0000 0.0000
vt 0.0497 0.0000
vt 0.0414 0.1552
vt 0.0000 0.0000
vt 0.0497 -0.0000
vt 0.0083 0.1554
vt 0.0000 0.0000
vt 0.0555 0.0000
vt -0.0704 0.1386
vt 0.0000 0.0000
vt 0.0555 0.0000
vt 0.1259 0.1388
vt 0.0000 0.0000
vt 0.0396 -0.0000
vt -0.0194 0.1863
vt 0.0000 0.0000
vt 0.0396 -0.0000
vt 0.0590 0.1864
vt 0.0000 0.0000
vt 0.0582 -0.0000
vt 0.1900 0.0457
vt 0.0000 0.0000
vt 0.0582 0.0000
vt -0.1319 0.0461
vt 0.0000 0.0000
vt 0.0903 -0.0000
vt -0.1348 0.0358
vt 0.0000 0.0000
vt 0.0903 0.0000
vt 0.2251 0.0363
vt 0.0000 0.0000
vt 0.0453 0.0000
vt 0.2057 0.0981
vt 0.0000 0.0000
vt 0.0453 -0.0000
vt -0.1605 0.0982
vt 0.0000 0.0000
vt 0.0438 0.0000
vt -0.1587 0.1008
vt 0.0000 0.0000
vt 0.0438 0.0000
vt 0.2025 0.1010
vt 0.0000 0.0000
vt 0.0524 -0.0000
vt -0.1921 0.1194
vt 0.0000 0.0000
vt 0.0524 0.0000
vt 0.2445 0.1196
vt 0.0000 0.0000
vt 0.0435 0.0000
vt 0.2308 0.1440
vt 0.0000 0.0000
vt 0.0435 -0.0000
vt -0.1874 0.1441
vt 0.0000 0.0000
vt 0.0496 -0.0000
vt -0.2020 0.1225
vt 0.0000 0.0000
vt 0.0496 0.0000
vt 0.2517 0.1227
vt 0.0000 0.0000
vt 0.1277 -0.0000
vt 0.2742 0.0562
vt 0.0000 0.0000
vt 0.1277 0.0000
vt -0.1465 0.0565
vt 0.0000 0.0000
vt 0.0428 -0.0000
vt -0.0840 0.1325
vt 0.0000 0.0000
vt 0.0428 -0.0000
vt 0.1268 0.1326
vt 0.0000 0.0000
vt 0.0471 0.0000
vt 0.1244 0.1347
vt 0.0000 0.0000
vt 0.0471 0.0000
vt -0.0773 0.1349
vt 0.0000 0.0000
vt 0.0589 -0.0000
vt -0.0988 0.1198
vt 0.0000 0.0000
vt 0.0589 -0.0000
vt 0.1578 0.1200
vt 0.0000 0.0000
vt 0.0434 0.0000
vt 0.0853 0.1788
vt 0.0000 0.0000
vt 0.0434 0.0000
vt -0.0419 0.1789
vt 0.0000 0.0000
vt 0.0495 0.0000
vt -0.1100 0.1471
vt 0.0000 0.0000
vt 0.0495 0.0000
vt 0.1595 0.1472
vt 0.0000 0.0000
vt 0.0341 -0.0000
vt -0.0388 0.2134
vt 0.0000 0.0000
vt 0.0341 -0.0000
vt 0.0729 0.2136
vt 0.0000 0.0000
vt 0.0631 -0.0000
vt 0.1246 0.1880
vt 0.0000 0.0000
vt 0.0631 -0.0000
vt -0.0615 0.1881
vt 0.0000 0.0000
vt 0.0729 -0.0000
vt 0.1124 0.1628
vt 0.0000 0.0000
vt 0.0729 0.0000
vt -0.0394 0.1629
vt 0.0000 0.0000
vt 0.0687 -0.0000
vt 0.0079 0.1673
vt 0.0000 0.0000
vt 0.0687 -0.0000
vt 0.0608 0.1674
vt 0.0000 0.0000
vt 0.0629 -0.0000
vt -0.0240 0.1764
vt 0.0000 0.0000
vt 0.0629 -0.0000
vt 0.0869 0.1765
vt 0.0000 0.0000
vt 0.0722 -0.0000
vt -0.1267 0.1504
vt 0.0000 0.0000
vt 0.0722 0.0000
vt 0.1990 0.1505
vt 0.0000 0.0000
vt 0.0416 0.0000
vt 0.1592 0.1919
vt 0.0000 0.0000
vt 0.0416 0.0000
vt -0.1177 0.1920
vt 0.0000 0.0000
vt 0.0630 -0.0000
vt 0.1994 0.1043
vt 0.0000 0.0000
vt 0.0630 -0.0000
vt -0.1365 0.1045
vt 0.0000 0.0000
vt 0.0476 -0.0000
vt -0.0968 0.1418
vt 0.0000 0.0000
vt 0.0476 -0.0000
vt 0.1444 0.1420
vt 0.0000 0.0000
vt 0.0446 -0.0000
vt 0.1078 0.1713
vt 0.0000 0.0000
vt 0.0446 -0.0000
vt -0.0632 0.1714
vt 0.0000 0.0000
vt 0.0671 0.0000
vt 0.0001 0.4337
vt 0.0001 0.4452
vt 0.0000 0.0000
vt 0.0671 0.0000
vt -0.0001 0.4394
vt 0.0001 0.4438
vt 0.0000 0.0000
vt 0.0671 0.0000
vt 0.0001 0.4408
vt 0.0001 0.4495
vt 0.0000 0.0000
vt 0.0671 -0.0000
vt -0.0001 0.4353
vt 0.0001 0.4508
vt 0.0000 0.0000
vt 0.0671 -0.0000
vt 0.0090 0.4315
vt 0.0090 0.4468
vt 0.0000 0.0000
vt 0.0671 0.0000
vt -0.0372 0.4303
vt -0.0371 0.4387
vt 0.0000 0.0000
vt 0.0671 0.0000
vt -0.0090 0.4429
vt -0.0090 0.4476
vt 0.0000 0.0000
vt 0.0671 0.0000
vt 0.0380 0.4411
vt 0.0381 0.4527
vt 0.0000 0.0000
vt 0.0671 0.0000
vt 0.0382 0.4497
vt 0.0382 0.4572
vt 0.0000 0.0000
vt 0.0671 -0.0000
vt -0.0118 0.4247
vt -0.0115 0.4554
vt 0.0000 0.0000
vt 0.0671 -0.0000
vt -0.0325 0.4220
vt -0.0325 0.4348
vt 0.0000 0.0000
vt 0.0671 0.0000
vt 0.0115 0.4506
vt 0.0118 0.4384
vt 0.0000 0.0000
vt 0.0671 -0.0000
vt -0.0162 0.4468
vt -0.0162 0.4564
vt 0.0000 0.0000
vt 0.0671 -0.0000
vt 0.1466 0.4250
vt 0.1458 0.4356
vt 0.0000 0.0000
vt 0.0671 0.0000
vt 0.0163 0.4272
vt 0.0163 0.4372
vt 0.0000 0.0000
vt 0.0671 -0.0000
vt -0.1421 0.4005
vt -0.1429 0.4111
vt 0.0000 0.0000
vt 0.0671 -0.0000
vt 0.0671 0.0671
vt 0.0000 0.0671
vt 0.0000 0.0000
vt 0.0671 0.0000
vt 0.0671 0.0671
vt 0.0000 0.0671
vt 0.0000 0.0000
vt 0.0881 0.0000
vt 0.0011 0.5479
vt 0.0011 0.5443
vt 0.0000 0.0000
vt 0.0881 -0.0000
vt 0.0028 0.5677
vt -0.0011 0.5617
vt 0.0000 0.0000
vt 0.0881 0.0000
vt 0.0011 0.5508
vt 0.0011 0.5807
vt 0.0000 0.0000
vt 0.0881 0.0000
vt 0.0028 0.5313
vt -0.0011 0.5638
vt 0.0000 0.0000
vt 0.0881 0.0000
vt -0.1084 0.5155
vt -0.1084 0.5319
vt 0.0000 0.0000
vt 0.0881 0.0000
vt -0.1244 0.5356
vt -0.1188 0.5457
vt 0.0000 0.0000
vt 0.0881 -0.0000
vt 0.1114 0.5605
vt 0.1114 0.5721
vt 0.0000 0.0000
vt 0.0881 -0.0000
vt 0.1216 0.5349
vt 0.1272 0.5534
vt 0.0000 0.0000
vt 0.0881 0.0000
vt 0.0125 0.5407
vt 0.0125 0.5491
vt 0.0000 0.0000
vt 0.0881 0.0000
vt -0.0347 0.5563
vt -0.0347 0.5518
vt 0.0000 0.0000
vt 0.0881 0.0000
vt -0.0110 0.5574
vt -0.0110 0.5763
vt 0.0000 0.0000
vt 0.0881 -0.0000
vt 0.0347 0.5404
vt 0.0347 0.5716
vt 0.0000 0.0000
vt 0.0881 0.0000
vt -0.0355 0.5359
vt -0.0355 0.5499
vt 0.0000 0.0000
vt 0.0881 0.0000
vt -0.1146 0.5306
vt -0.1134 0.5451
vt 0.0000 0.0000
vt 0.0881 0.0000
vt 0.0357 0.5601
vt 0.0357 0.5735
vt 0.0000 0.0000
vt 0.0881 0.0000
vt 0.1154 0.5434
vt 0.1165 0.5572
vt 0.0000 0.0000
vt 0.0881 0.0000
vt 0.0881 0.0881
vt 0.0000 0.0881
vt 0.0000 0.0000
vt 0.0881 0.0000
vt 0.0881 0.0881
vt 0.0000 0.0881
vt 0.0000 0.0000
vt 0.0760 0.0000
vt 0.0006 0.5214
vt 0.0006 0.5340
vt 0.0000 0.0000
vt 0.0760 0.0000
vt -0.0001 0.5349
vt 0.0002 0.5321
vt 0.0000 0.0000
vt 0.0760 -0.0000
vt 0.0006 0.5367
vt 0.0006 0.5456
vt 0.0000 0.0000
vt 0.0760 0.0000
vt -0.0001 0.5236
vt 0.0002 0.5473
vt 0.0000 0.0000
vt 0.0760 -0.0000
vt 0.0127 0.5261
vt 0.0127 0.5356
vt 0.0000 0.0000
vt 0.0760 0.0000
vt -0.0936 0.5111
vt -0.0947 0.5268
vt 0.0000 0.0000
vt 0.0760 0.0000
vt -0.0124 0.5317
vt -0.0124 0.5435
vt 0.0000 0.0000
vt 0.0760 -0.0000
vt 0.0957 0.5300
vt 0.0946 0.5360
vt 0.0000 0.0000
vt 0.0760 -0.0000
vt -0.0079 0.5263
vt -0.0079 0.5346
vt 0.0000 0.0000
vt 0.0760 0.0000
vt 0.0356 0.5380
vt 0.0343 0.5372
vt 0.0000 0.0000
vt 0.0760 0.0000
vt 0.0090 0.5317
vt 0.0090 0.5447
vt 0.0000 0.0000
vt 0.0760 0.0000
vt -0.0340 0.5181
vt -0.0352 0.5400
vt 0.0000 0.0000
vt 0.0760 0.0000
vt -0.0177 0.5217
vt -0.0177 0.5325
vt 0.0000 0.0000
vt 0.0760 -0.0000
vt -0.0805 0.5183
vt -0.0801 0.5293
vt 0.0000 0.0000
vt 0.0760 0.0000
vt 0.0178 0.5358
vt 0.0178 0.5464
vt 0.0000 0.0000
vt 0.0760 0.0000
vt 0.0810 0.5274
vt 0.0813 0.5381
vt 0.0000 0.0000
vt 0.0760 0.0000
vt 0.0760 0.0760
vt 0.0000 0.0760
vt 0.0000 0.0000
vt 0.0760 0.0000
vt 0.0760 0.0760
vt -0.0000 0.0760
vt 0.0000 0.0000
vt 0.0605 0.0000
vt 0.0004 0.7118
vt 0.0004 0.7010
vt 0.0000 0.0000
vt 0.0605 0.0000
vt 0.0023 0.7208
vt -0.0002 0.7168
vt 0.0000 0.0000
vt 0.0605 0.0000
vt 0.0004 0.7053
vt 0.0004 0.7256
vt 0.0000 0.0000
vt 0.0605 0.0000
vt 0.0023 0.6961
vt -0.0002 0.7102
vt 0.0000 0.0000
vt 0.0605 -0.0000
vt -0.1842 0.6741
vt -0.1842 0.6931
vt 0.0000 0.0000
vt 0.0605 0.0000
vt -0.1037 0.6880
vt -0.1050 0.7117
vt 0.0000 0.0000
vt 0.0605 0.0000
vt 0.1843 0.6942
vt 0.1843 0.6852
vt 0.0000 0.0000
vt 0.0605 -0.0000
vt 0.1095 0.7131
vt 0.1083 0.6993
vt 0.0000 0.0000
vt 0.0605 0.0000
vt 0.1599 0.7001
vt 0.1599 0.7020
vt 0.0000 0.0000
vt 0.0605 -0.0000
vt 0.2238 0.6850
vt 0.2229 0.6738
vt 0.0000 0.0000
vt 0.0605 -0.0000
vt -0.1599 0.6801
vt -0.1599 0.6884
vt 0.0000 0.0000
vt 0.0605 -0.0000
vt -0.2186 0.6613
vt -0.2196 0.6830
vt 0.0000 0.0000
vt 0.0605 -0.0000
vt -0.0362 0.6978
vt -0.0362 0.7029
vt 0.0000 0.0000
vt 0.0605 0.0000
vt -0.1883 0.6761
vt -0.1875 0.6818
vt 0.0000 0.0000
vt 0.0605 -0.0000
vt 0.0363 0.7171
vt 0.0363 0.7220
vt 0.0000 0.0000
vt 0.0605 -0.0000
vt 0.1897 0.6893
vt 0.1905 0.6944
vt 0.0000 0.0000
vt 0.0605 0.0000
vt 0.0605 0.0605
vt 0.0000 0.0605
vt 0.0000 0.0000
vt 0.0605 -0.0000
vt 0.0605 0.0605
vt 0.0000 0.0605
vt 0.0000 0.0000
vt 0.0495 0.0000
vt 0.0489 0.1135
vt -0.0006 0.1135
vt 0.0000 0.0000
vt 0.0462 0.0000
vt 0.0461 0.1135
vt -0.0001 0.1135
vt 0.0000 0.0000
vt 0.0454 -0.0000
vt 0.0456 0.1135
vt 0.0003 0.1135
vt 0.0000 0.0000
vt 0.0608 0.0000
vt 0.0584 0.1134
vt -0.0024 0.1135
vt 0.0000 0.0000
vt 0.0469 0.0000
vt 0.0487 0.1135
vt 0.0018 0.1134
vt 0.0000 0.0000
vt 0.0452 0.0000
vt 0.0449 0.1135
vt -0.0003 0.1135
vt 0.0000 0.0000
vt 0.0515 0.0000
vt 0.0529 0.1135
vt 0.0014 0.1135
vt 0.0000 0.0000
vt 0.1754 0.0000
vt 0.1721 0.1133
vt -0.0033 0.1134
vt 0.0000 0.0000
vt 0.1500 -0.0000
vt 0.1483 0.1132
vt -0.0017 0.1133
vt 0.0000 0.0000
vt 0.1566 -0.0000
vt 0.1557 0.1132
vt -0.0009 0.1132
vt 0.0000 0.0000
vt 0.2515 0.0000
vt 0.2516 0.1132
vt 0.0001 0.1132
vt 0.0000 0.0000
vt 0.1015 0.0000
vt 0.1023 0.1132
vt 0.0008 0.1132
vt 0.0000 0.0000
vt 0.2047 0.0000
vt 0.2046 0.1132
vt -0.0001 0.1132
vt 0.0000 0.0000
vt 0.2176 0.0000
vt 0.2193 0.1133
vt 0.0017 0.1132
vt 0.0000 0.0000
vt 0.0834 0.0000
vt 0.0849 0.1134
vt 0.0016 0.1133
vt 0.0000 0.0000
vt 0.1135 0.0000
vt 0.1127 0.1134
vt -0.0008 0.1134
vt 0.0000 0.0000
vt 0.1209 0.0000
vt 0.1248 0.1134
vt 0.0039 0.1133
vt 0.0000 0.0000
vt 0.0784 0.0000
vt 0.0789 0.1135
vt 0.0005 0.1135
vt 0.0000 0.0000
vt 0.1014 -0.0000
vt 0.0995 0.1134
vt -0.0020 0.1135
vt 0.0000 0.0000
vt 0.0914 0.0000
vt 0.0946 0.1135
vt 0.0032 0.1134
vt 0.0000 0.0000
vt 0.0907 0.0000
vt 0.0879 0.1134
vt -0.0028 0.1135
vt 0.0000 0.0000
vt 0.0672 0.0000
vt 0.0649 0.1134
vt -0.0023 0.1134
vt 0.0000 0.0000
vt 0.0612 0.0000
vt 0.0588 0.1133
vt -0.0024 0.1134
vt 0.0000 0.0000
vt 0.0745 -0.0000
vt 0.0723 0.1133
vt -0.0022 0.1133
vt 0.0000 0.0000
vt 0.1034 0.0000
vt 0.1011 0.1132
vt -0.0024 0.1133
vt 0.0000 0.0000
vt 0.0844 0.0000
vt 0.0831 0.1132
vt -0.0013 0.1133
vt 0.0000 0.0000
vt 0.1172 -0.0000
vt 0.1167 0.1132
vt -0.0005 0.1132
vt 0.0000 0.0000
vt 0.0841 0.0000
vt 0.0843 0.1132
vt 0.0001 0.1132
vt 0.0000 0.0000
vt 0.1040 0.0000
vt 0.1048 0.1132
vt 0.0008 0.1132
vt 0.0000 0.0000
vt 0.1355 0.0000
vt 0.1368 0.1133
vt 0.0014 0.1132
vt 0.0000 0.0000
vt 0.2567 -0.0000
vt 0.2561 0.1133
vt -0.0006 0.1133
vt 0.0000 0.0000
vt 0.0708 0.0000
vt 0.0727 0.1133
vt 0.0019 0.1132
vt 0.0000 0.0000
vt 0.0574 0.0000
vt 0.0601 0.1133
vt 0.0027 0.1133
vt 0.0000 0.0000
vt 0.0436 0.0000
vt 0.0450 0.1133
vt 0.0014 0.1133
vt 0.0000 0.0000
vt 0.1276 0.0000
vt 0.1313 0.1134
vt 0.0037 0.1133
vt 0.0000 0.0000
vt 0.0487 -0.0000
vt 0.0495 0.1135
vt 0.0008 0.1135
vt 0.0000 0.0000
vt 0.0495 0.0000
vt 0.1426 0.1508
vt 0.1119 0.1508
vt 0.0000 0.0000
vt 0.0495 0.0000
vt -0.0624 0.1508
vt -0.0931 0.1508
vt 0.0000 0.0000
vt 0.0462 -0.0000
vt 0.1060 0.1595
vt 0.0773 0.1595
vt 0.0000 0.0000
vt 0.0462 -0.0000
vt -0.0311 0.1595
vt -0.0597 0.1595
vt 0.0000 0.0000
vt 0.0454 -0.0000
vt 0.0741 0.1640
vt 0.0460 0.1640
vt 0.0000 0.0000
vt 0.0454 0.0000
vt -0.0006 0.1639
vt -0.0287 0.1639
vt 0.0000 0.0000
vt 0.0608 0.0000
vt 0.1590 0.1140
vt 0.1213 0.1140
vt 0.0000 0.0000
vt 0.0608 0.0000
vt -0.0605 0.1140
vt -0.0982 0.1140
vt 0.0000 0.0000
vt 0.0469 0.0000
vt -0.0153 0.1438
vt -0.0444 0.1438
vt 0.0000 0.0000
vt 0.0469 -0.0000
vt 0.0912 0.1437
vt 0.0622 0.1437
vt 0.0000 0.0000
vt 0.0452 -0.0000
vt 0.0414 0.1561
vt 0.0134 0.1561
vt 0.0000 0.0000
vt 0.0452 -0.0000
vt 0.0318 0.1560
vt 0.0038 0.1560
vt 0.0000 0.0000
vt 0.0515 -0.0000
vt -0.0320 0.1424
vt -0.0639 0.1424
vt 0.0000 0.0000
vt 0.0515 0.0000
vt 0.1154 0.1424
vt 0.0835 0.1424
vt 0.0000 0.0000
vt 0.1754 0.0000
vt 0.2370 0.1039
vt 0.1283 0.1039
vt 0.0000 0.0000
vt 0.1754 0.0000
vt 0.0471 0.1039
vt -0.0616 0.1039
vt 0.0000 0.0000
vt 0.1500 0.0000
vt 0.1185 0.1181
vt 0.0255 0.1181
vt 0.0000 0.0000
vt 0.1500 -0.0000
vt 0.1245 0.1181
vt 0.0315 0.1181
vt 0.0000 0.0000
vt 0.1566 0.0000
vt 0.0829 0.1214
vt -0.0142 0.1214
vt 0.0000 0.0000
vt 0.1566 -0.0000
vt 0.1708 0.1214
vt 0.0737 0.1214
vt 0.0000 0.0000
vt 0.2515 0.0000
vt 0.0491 0.0936
vt -0.1068 0.0936
vt 0.0000 0.0000
vt 0.2515 -0.0000
vt 0.3583 0.0936
vt 0.2024 0.0936
vt 0.0000 0.0000
vt 0.1015 0.0000
vt 0.2272 0.1508
vt 0.1643 0.1508
vt 0.0000 0.0000
vt 0.1015 0.0000
vt -0.0628 0.1508
vt -0.1257 0.1508
vt 0.0000 0.0000
vt 0.2047 -0.0000
vt 0.3182 0.0439
vt 0.1913 0.0439
vt 0.0000 0.0000
vt 0.2047 0.0000
vt 0.0134 0.0439
vt -0.1135 0.0439
vt 0.0000 0.0000
vt 0.2176 -0.0000
vt 0.0214 0.0438
vt -0.1136 0.0439
vt 0.0000 0.0000
vt 0.2176 0.0000
vt 0.3312 0.0439
vt 0.1963 0.0438
vt 0.0000 0.0000
vt 0.0834 -0.0000
vt 0.1510 0.1749
vt 0.0994 0.1748
vt 0.0000 0.0000
vt 0.0834 -0.0000
vt -0.0160 0.1748
vt -0.0677 0.1748
vt 0.0000 0.0000
vt 0.1135 0.0000
vt 0.2338 0.0919
vt 0.1634 0.0919
vt 0.0000 0.0000
vt 0.1135 -0.0000
vt -0.0499 0.0919
vt -0.1203 0.0919
vt 0.0000 0.0000
vt 0.1209 -0.0000
vt -0.0530 0.0809
vt -0.1279 0.0810
vt 0.0000 0.0000
vt 0.1209 0.0000
vt 0.2488 0.0810
vt 0.1739 0.0809
vt 0.0000 0.0000
vt 0.0784 0.0000
vt 0.1316 0.1729
vt 0.0831 0.1729
vt 0.0000 0.0000
vt 0.0784 -0.0000
vt -0.0047 0.1729
vt -0.0533 0.1729
vt 0.0000 0.0000
vt 0.1014 -0.0000
vt 0.2004 0.1175
vt 0.1375 0.1176
vt 0.0000 0.0000
vt 0.1014 -0.0000
vt -0.0361 0.1175
vt -0.0990 0.1175
vt 0.0000 0.0000
vt 0.0914 0.0000
vt -0.0232 0.1313
vt -0.0798 0.1313
vt 0.0000 0.0000
vt 0.0914 -0.0000
vt 0.1711 0.1313
vt 0.1145 0.1313
vt 0.0000 0.0000
vt 0.0907 -0.0000
vt 0.1717 0.1305
vt 0.1155 0.1305
vt 0.0000 0.0000
vt 0.0907 0.0000
vt -0.0247 0.1305
vt -0.0810 0.1305
vt 0.0000 0.0000
vt 0.0673 0.0000
vt 0.1142 0.1354
vt 0.0726 0.1354
vt 0.0000 0.0000
vt 0.0672 0.0000
vt -0.0053 0.1354
vt -0.0470 0.1354
vt 0.0000 0.0000
vt 0.0612 0.0000
vt 0.1007 0.1288
vt 0.0628 0.1288
vt 0.0000 0.0000
vt 0.0612 0.0000
vt -0.0015 0.1288
vt -0.0395 0.1288
vt 0.0000 0.0000
vt 0.0745 0.0000
vt 0.0888 0.1278
vt 0.0426 0.1278
vt 0.0000 0.0000
vt 0.0745 0.0000
vt 0.0319 0.1278
vt -0.0143 0.1278
vt 0.0000 0.0000
vt 0.1034 -0.0000
vt 0.1547 0.0913
vt 0.0906 0.0913
vt 0.0000 0.0000
vt 0.1034 -0.0000
vt 0.0128 0.0913
vt -0.0513 0.0913
vt 0.0000 0.0000
vt 0.0844 0.0000
vt 0.0641 0.1040
vt 0.0117 0.1040
vt 0.0000 0.0000
vt 0.0844 0.0000
vt 0.0726 0.1040
vt 0.0203 0.1040
vt 0.0000 0.0000
vt 0.1172 -0.0000
vt 0.0190 0.0915
vt -0.0536 0.0915
vt 0.0000 0.0000
vt 0.1172 0.0000
vt 0.1708 0.0914
vt 0.0981 0.0914
vt 0.0000 0.0000
vt 0.0841 -0.0000
vt 0.0611 0.1338
vt 0.0090 0.1338
vt 0.0000 0.0000
vt 0.0841 -0.0000
vt 0.0752 0.1338
vt 0.0230 0.1338
vt 0.0000 0.0000
vt 0.1040 0.0000
vt -0.0268 0.1006
vt -0.0912 0.1006
vt 0.0000 0.0000
vt 0.1040 0.0000
vt 0.1952 0.1006
vt 0.1307 0.1006
vt 0.0000 0.0000
vt 0.1355 0.0000
vt -0.0639 0.0730
vt -0.1479 0.0730
vt 0.0000 0.0000
vt 0.1355 0.0000
vt 0.2833 0.0731
vt 0.1994 0.0730
vt 0.0000 0.0000
vt 0.2567 -0.0000
vt 0.3696 0.0279
vt 0.2105 0.0279
vt 0.0000 0.0000
vt 0.2567 0.0000
vt 0.0462 0.0279
vt -0.1129 0.0279
vt 0.0000 0.0000
vt 0.0708 0.0000
vt -0.0515 0.0667
vt -0.0953 0.0667
vt 0.0000 0.0000
vt 0.0708 -0.0000
vt 0.1661 0.0667
vt 0.1222 0.0667
vt 0.0000 0.0000
vt 0.0574 0.0000
vt -0.0538 0.1067
vt -0.0894 0.1067
vt 0.0000 0.0000
vt 0.0574 -0.0000
vt 0.1468 0.1067
vt 0.1112 0.1067
vt 0.0000 0.0000
vt 0.0436 -0.0000
vt 0.0825 0.1438
vt 0.0555 0.1438
vt 0.0000 0.0000
vt 0.0436 -0.0000
vt -0.0119 0.1438
vt -0.0389 0.1438
vt 0.0000 0.0000
vt 0.1277 0.0000
vt -0.0580 0.0582
vt -0.1372 0.0582
vt 0.0000 0.0000
vt 0.1276 -0.0000
vt 0.2648 0.0582
vt 0.1857 0.0582
vt 0.0000 0.0000
vt 0.0487 -0.0000
vt 0.1099 0.1775
vt 0.0797 0.1775
vt 0.0000 0.0000
vt 0.0487 0.0000
vt -0.0311 0.1775
vt -0.0613 0.1775
vt 0.0000 0.0000
vt 0.0307 -0.0000
vt 0.1091 0.1269
vt 0.0942 0.1269
vt 0.0000 0.0000
vt 0.0307 -0.0000
vt -0.0635 0.1269
vt -0.0784 0.1269
vt 0.0000 0.0000
vt 0.0287 0.0000
vt 0.0790 0.1342
vt 0.0651 0.1342
vt 0.0000 0.0000
vt 0.0287 -0.0000
vt -0.0364 0.1342
vt -0.0503 0.1342
vt 0.0000 0.0000
vt 0.0281 0.0000
vt 0.0523 0.1380
vt 0.0387 0.1380
vt 0.0000 0.0000
vt 0.0281 -0.0000
vt -0.0106 0.1380
vt -0.0242 0.1380
vt 0.0000 0.0000
vt 0.0377 0.0000
vt 0.1203 0.0960
vt 0.1021 0.0960
vt 0.0000 0.0000
vt 0.0377 0.0000
vt -0.0643 0.0960
vt -0.0826 0.0961
vt 0.0000 0.0000
vt 0.0291 -0.0000
vt -0.0233 0.1210
vt -0.0373 0.1210
vt 0.0000 0.0000
vt 0.0291 0.0000
vt 0.0663 0.1211
vt 0.0523 0.1211
vt 0.0000 0.0000
vt 0.0280 0.0000
vt 0.0248 0.1314
vt 0.0113 0.1314
vt 0.0000 0.0000
vt 0.0280 -0.0000
vt 0.0168 0.1314
vt 0.0032 0.1314
vt 0.0000 0.0000
vt 0.0319 0.0000
vt -0.0384 0.1199
vt -0.0538 0.1199
vt 0.0000 0.0000
vt 0.0319 -0.0000
vt 0.0857 0.1199
vt 0.0703 0.1199
vt 0.0000 0.0000
vt 0.1087 -0.0000
vt 0.1606 0.0875
vt 0.1080 0.0875
vt 0.0000 0.0000
vt 0.1087 -0.0000
vt 0.0008 0.0876
vt -0.0518 0.0876
vt 0.0000 0.0000
vt 0.0930 0.0000
vt 0.0664 0.0994
vt 0.0214 0.0994
vt 0.0000 0.0000
vt 0.0930 -0.0000
vt 0.0716 0.0995
vt 0.0266 0.0995
vt 0.0000 0.0000
vt 0.0971 0.0000
vt 0.0350 0.1022
vt -0.0119 0.1022
vt 0.0000 0.0000
vt 0.0971 0.0000
vt 0.1091 0.1023
vt 0.0621 0.1023
vt 0.0000 0.0000
vt 0.1559 -0.0000
vt -0.0145 0.0788
vt -0.0899 0.0788
vt 0.0000 0.0000
vt 0.1559 0.0000
vt 0.2459 0.0789
vt 0.1704 0.0789
vt 0.0000 0.0000
vt 0.0629 -0.0000
vt 0.1688 0.1270
vt 0.1383 0.1270
vt 0.0000 0.0000
vt 0.0629 -0.0000
vt -0.0754 0.1270
vt -0.1059 0.1270
vt 0.0000 0.0000
vt 0.1269 0.0000
vt 0.2225 0.0370
vt 0.1611 0.0370
vt 0.0000 0.0000
vt 0.1269 0.0000
vt -0.0342 0.0373
vt -0.0956 0.0373
vt 0.0000 0.0000
vt 0.1349 -0.0000
vt -0.0303 0.0369
vt -0.0956 0.0369
vt 0.0000 0.0000
vt 0.1349 -0.0000
vt 0.2305 0.0373
vt 0.1652 0.0373
vt 0.0000 0.0000
vt 0.0517 -0.0000
vt 0.1087 0.1472
vt 0.0837 0.1472
vt 0.0000 0.0000
vt 0.0517 -0.0000
vt -0.0321 0.1472
vt -0.0571 0.1472
vt 0.0000 0.0000
vt 0.0704 -0.0000
vt 0.1716 0.0774
vt 0.1376 0.0774
vt 0.0000 0.0000
vt 0.0704 0.0000
vt -0.0672 0.0775
vt -0.1013 0.0775
vt 0.0000 0.0000
vt 0.0749 0.0000
vt -0.0715 0.0682
vt -0.1077 0.0682
vt 0.0000 0.0000
vt 0.0749 0.0000
vt 0.1825 0.0684
vt 0.1463 0.0684
vt 0.0000 0.0000
vt 0.0486 0.0000
vt 0.0935 0.1456
vt 0.0700 0.1456
vt 0.0000 0.0000
vt 0.0486 0.0000
vt -0.0214 0.1455
vt -0.0449 0.1455
vt 0.0000 0.0000
vt 0.0629 0.0000
vt 0.1462 0.0990
vt 0.1158 0.0990
vt 0.0000 0.0000
vt 0.0629 -0.0000
vt -0.0529 0.0990
vt -0.0833 0.0990
vt 0.0000 0.0000
vt 0.0566 0.0000
vt -0.0397 0.1106
vt -0.0671 0.1106
vt 0.0000 0.0000
vt 0.0566 -0.0000
vt 0.1237 0.1107
vt 0.0963 0.1106
vt 0.0000 0.0000
vt 0.0562 -0.0000
vt 0.1244 0.1099
vt 0.0972 0.1099
vt 0.0000 0.0000
vt 0.0562 0.0000
vt -0.0409 0.1099
vt -0.0681 0.1100
vt 0.0000 0.0000
vt 0.0417 -0.0000
vt 0.0812 0.1140
vt 0.0611 0.1140
vt 0.0000 0.0000
vt 0.0417 0.0000
vt -0.0193 0.1140
vt -0.0395 0.1140
vt 0.0000 0.0000
vt 0.0379 -0.0000
vt 0.0712 0.1085
vt 0.0528 0.1085
vt 0.0000 0.0000
vt 0.0379 -0.0000
vt -0.0148 0.1085
vt -0.0332 0.1085
vt 0.0000 0.0000
vt 0.0462 0.0000
vt 0.0582 0.1076
vt 0.0358 0.1076
vt 0.0000 0.0000
vt 0.0462 -0.0000
vt 0.0104 0.1077
vt -0.0119 0.1077
vt 0.0000 0.0000
vt 0.0641 0.0000
vt 0.1073 0.0769
vt 0.0763 0.0769
vt 0.0000 0.0000
vt 0.0641 -0.0000
vt -0.0121 0.0770
vt -0.0431 0.0770
vt 0.0000 0.0000
vt 0.0523 0.0000
vt 0.0352 0.0876
vt 0.0099 0.0876
vt 0.0000 0.0000
vt 0.0523 0.0000
vt 0.0425 0.0877
vt 0.0172 0.0877
vt 0.0000 0.0000
vt 0.0726 -0.0000
vt -0.0100 0.0770
vt -0.0451 0.0770
vt 0.0000 0.0000
vt 0.0726 -0.0000
vt 0.1178 0.0772
vt 0.0826 0.0772
vt 0.0000 0.0000
vt 0.0522 -0.0000
vt 0.0328 0.1127
vt 0.0075 0.1127
vt 0.0000 0.0000
vt 0.0522 0.0000
vt 0.0446 0.1128
vt 0.0194 0.1128
vt 0.0000 0.0000
vt 0.0645 0.0000
vt -0.0456 0.0847
vt -0.0768 0.0847
vt 0.0000 0.0000
vt 0.0645 -0.0000
vt 0.1412 0.0849
vt 0.1100 0.0849
vt 0.0000 0.0000
vt 0.0840 -0.0000
vt -0.0839 0.0615
vt -0.1245 0.0615
vt 0.0000 0.0000
vt 0.0840 -0.0000
vt 0.2085 0.0618
vt 0.1678 0.0618
vt 0.0000 0.0000
vt 0.1592 0.0000
vt 0.2543 0.0235
vt 0.1772 0.0235
vt 0.0000 0.0000
vt 0.1592 -0.0000
vt -0.0181 0.0240
vt -0.0951 0.0240
vt 0.0000 0.0000
vt 0.0439 -0.0000
vt -0.0591 0.0561
vt -0.0803 0.0561
vt 0.0000 0.0000
vt 0.0439 0.0000
vt 0.1241 0.0564
vt 0.1029 0.0564
vt 0.0000 0.0000
vt 0.0356 -0.0000
vt -0.0581 0.0899
vt -0.0753 0.0899
vt 0.0000 0.0000
vt 0.0356 0.0000
vt 0.1108 0.0901
vt 0.0936 0.0900
vt 0.0000 0.0000
vt 0.0270 0.0000
vt 0.0598 0.1211
vt 0.0467 0.1211
vt 0.0000 0.0000
vt 0.0270 0.0000
vt -0.0197 0.1212
vt -0.0328 0.1212
vt 0.0000 0.0000
vt 0.0791 -0.0000
vt -0.0772 0.0490
vt -0.1155 0.0490
vt 0.0000 0.0000
vt 0.0791 0.0000
vt 0.1945 0.0494
vt 0.1562 0.0493
vt 0.0000 0.0000
vt 0.0302 0.0000
vt 0.0818 0.1494
vt 0.0672 0.1494
vt 0.0000 0.0000
vt 0.0302 0.0000
vt -0.0370 0.1494
vt -0.0516 0.1494
vt 0.0000 0.0000
vt 0.0149 -0.0000
vt 0.0883 0.1190
vt 0.0000 0.0000
vt 0.0149 -0.0000
vt -0.0735 0.1192
vt 0.0000 0.0000
vt 0.0139 -0.0000
vt 0.0610 0.1258
vt 0.0000 0.0000
vt 0.0139 -0.0000
vt -0.0471 0.1261
vt 0.0000 0.0000
vt 0.0136 -0.0000
vt 0.0363 0.1294
vt 0.0000 0.0000
vt 0.0136 -0.0000
vt -0.0227 0.1296
vt 0.0000 0.0000
vt 0.0182 -0.0000
vt 0.0957 0.0900
vt 0.0000 0.0000
vt 0.0182 -0.0000
vt -0.0775 0.0903
vt 0.0000 0.0000
vt 0.0141 0.0000
vt -0.0350 0.1135
vt 0.0000 0.0000
vt 0.0141 0.0000
vt 0.0491 0.1137
vt 0.0000 0.0000
vt 0.0136 0.0000
vt 0.0106 0.1231
vt 0.0000 0.0000
vt 0.0136 -0.0000
vt 0.0030 0.1234
vt 0.0000 0.0000
vt 0.0154 -0.0000
vt -0.0504 0.1124
vt 0.0000 0.0000
vt 0.0154 -0.0000
vt 0.0659 0.1127
vt 0.0000 0.0000
vt 0.0526 -0.0000
vt 0.1012 0.0820
vt 0.0000 0.0000
vt 0.0526 0.0000
vt -0.0487 0.0823
vt 0.0000 0.0000
vt 0.0450 0.0000
vt 0.0201 0.0932
vt 0.0000 0.0000
vt 0.0450 0.0000
vt 0.0249 0.0935
vt 0.0000 0.0000
vt 0.0470 -0.0000
vt -0.0112 0.0958
vt 0.0000 0.0000
vt 0.0470 0.0000
vt 0.0582 0.0961
vt 0.0000 0.0000
vt 0.0754 0.0000
vt -0.0843 0.0739
vt 0.0000 0.0000
vt 0.0754 -0.0000
vt 0.1598 0.0742
vt 0.0000 0.0000
vt 0.0304 -0.0000
vt 0.1297 0.1190
vt 0.0000 0.0000
vt 0.0304 -0.0000
vt -0.0992 0.1193
vt 0.0000 0.0000
vt 0.0614 0.0000
vt 0.1510 0.0347
vt 0.0000 0.0000
vt 0.0614 0.0000
vt -0.0896 0.0355
vt 0.0000 0.0000
vt 0.0653 0.0000
vt -0.0897 0.0346
vt 0.0000 0.0000
vt 0.0653 0.0000
vt 0.1550 0.0353
vt 0.0000 0.0000
vt 0.0250 0.0000
vt 0.0785 0.1380
vt 0.0000 0.0000
vt 0.0250 -0.0000
vt -0.0534 0.1382
vt 0.0000 0.0000
vt 0.0340 -0.0000
vt 0.1290 0.0726
vt 0.0000 0.0000
vt 0.0340 0.0000
vt -0.0950 0.0730
vt 0.0000 0.0000
vt 0.0363 0.0000
vt -0.1010 0.0639
vt 0.0000 0.0000
vt 0.0363 0.0000
vt 0.1373 0.0643
vt 0.0000 0.0000
vt 0.0235 0.0000
vt 0.0656 0.1364
vt 0.0000 0.0000
vt 0.0235 -0.0000
vt -0.0421 0.1367
vt 0.0000 0.0000
vt 0.0304 -0.0000
vt 0.1085 0.0928
vt 0.0000 0.0000
vt 0.0304 -0.0000
vt -0.0781 0.0931
vt 0.0000 0.0000
vt 0.0274 0.0000
vt -0.0629 0.1037
vt 0.0000 0.0000
vt 0.0274 -0.0000
vt 0.0904 0.1039
vt 0.0000 0.0000
vt 0.0272 0.0000
vt 0.0911 0.1030
vt 0.0000 0.0000
vt 0.0272 -0.0000
vt -0.0639 0.1033
vt 0.0000 0.0000
vt 0.0202 -0.0000
vt 0.0572 0.1068
vt 0.0000 0.0000
vt 0.0202 -0.0000
vt -0.0371 0.1071
vt 0.0000 0.0000
vt 0.0184 -0.0000
vt 0.0495 0.1017
vt 0.0000 0.0000
vt 0.0184 0.0000
vt -0.0312 0.1020
vt 0.0000 0.0000
vt 0.0223 -0.0000
vt 0.0336 0.1009
vt 0.0000 0.0000
vt 0.0223 -0.0000
vt -0.0113 0.1012
vt 0.0000 0.0000
vt 0.0310 -0.0000
vt 0.0715 0.0721
vt 0.0000 0.0000
vt 0.0310 0.0000
vt -0.0405 0.0724
vt 0.0000 0.0000
vt 0.0253 -0.0000
vt 0.0093 0.0821
vt 0.0000 0.0000
vt 0.0253 0.0000
vt 0.0160 0.0825
vt 0.0000 0.0000
vt 0.0351 -0.0000
vt -0.0423 0.0722
vt 0.0000 0.0000
vt 0.0351 -0.0000
vt 0.0775 0.0726
vt 0.0000 0.0000
vt 0.0252 -0.0000
vt 0.0071 0.1057
vt 0.0000 0.0000
vt 0.0252 0.0000
vt 0.0182 0.1059
vt 0.0000 0.0000
vt 0.0312 0.0000
vt -0.0720 0.0794
vt 0.0000 0.0000
vt 0.0312 0.0000
vt 0.1032 0.0798
vt 0.0000 0.0000
vt 0.0406 -0.0000
vt -0.1168 0.0577
vt 0.0000 0.0000
vt 0.0406 -0.0000
vt 0.1574 0.0581
vt 0.0000 0.0000
vt 0.0770 -0.0000
vt 0.1662 0.0221
vt 0.0000 0.0000
vt 0.0770 0.0000
vt -0.0892 0.0233
vt 0.0000 0.0000
vt 0.0212 0.0000
vt -0.0753 0.0526
vt 0.0000 0.0000
vt 0.0212 0.0000
vt 0.0965 0.0531
vt 0.0000 0.0000
vt 0.0172 -0.0000
vt -0.0706 0.0843
vt 0.0000 0.0000
vt 0.0172 -0.0000
vt 0.0878 0.0846
vt 0.0000 0.0000
vt 0.0131 0.0000
vt 0.0438 0.1135
vt 0.0000 0.0000
vt 0.0131 0.0000
vt -0.0307 0.1138
vt 0.0000 0.0000
vt 0.0383 0.0000
vt -0.1083 0.0460
vt 0.0000 0.0000
vt 0.0383 0.0000
vt 0.1466 0.0464
vt 0.0000 0.0000
vt 0.0146 0.0000
vt 0.0630 0.1401
vt 0.0000 0.0000
vt 0.0146 0.0000
vt -0.0484 0.1403
vt 0.0000 0.0000
vt 0.0626 0.0000
vt 0.0007 0.3723
vt 0.0007 0.3998
vt 0.0000 0.0000
vt 0.0626 -0.0000
vt -0.0006 0.3844
vt 0.0033 0.3815
vt 0.0000 0.0000
vt 0.0626 0.0000
vt 0.0007 0.4030
vt 0.0007 0.3946
vt 0.0000 0.0000
vt 0.0626 0.0000
vt -0.0006 0.3904
vt 0.0033 0.4124
vt 0.0000 0.0000
vt 0.0626 0.0000
vt 0.1158 0.3752
vt 0.1158 0.3803
vt 0.0000 0.0000
vt 0.0626 -0.0000
vt -0.0797 0.3650
vt -0.0823 0.3752
vt 0.0000 0.0000
vt 0.0626 -0.0000
vt -0.1129 0.3647
vt -0.1129 0.3802
vt 0.0000 0.0000
vt 0.0626 0.0000
vt 0.0828 0.3922
vt 0.0803 0.4013
vt 0.0000 0.0000
vt 0.0626 0.0000
vt -0.0314 0.3808
vt -0.0314 0.3950
vt 0.0000 0.0000
vt 0.0626 0.0000
vt 0.0042 0.3887
vt 0.0046 0.3969
vt 0.0000 0.0000
vt 0.0626 0.0000
vt 0.0318 0.3911
vt 0.0318 0.3967
vt 0.0000 0.0000
vt 0.0626 -0.0000
vt -0.0045 0.3857
vt -0.0041 0.3972
vt 0.0000 0.0000
vt 0.0626 -0.0000
vt 0.0274 0.3876
vt 0.0274 0.3974
vt 0.0000 0.0000
vt 0.0626 -0.0000
vt -0.0106 0.3840
vt -0.0107 0.3939
vt 0.0000 0.0000
vt 0.0626 0.0000
vt -0.0272 0.3849
vt -0.0272 0.3948
vt 0.0000 0.0000
vt 0.0626 0.0000
vt 0.0108 0.3901
vt 0.0106 0.3999
vt 0.0000 0.0000
vt 0.0626 -0.0000
vt 0.0626 0.0626
vt 0.0000 0.0626
vt 0.0000 0.0000
vt 0.0626 0.0000
vt 0.0626 0.0626
vt -0.0000 0.0626
vt 0.0000 0.0000
vt 0.1838 -0.0000
vt 0.1826 0.1029
vt -0.0011 0.1029
vt 0.0000 0.0000
vt 0.1781 0.0000
vt 0.1776 0.1028
vt -0.0005 0.1029
vt 0.0000 0.0000
vt 0.2404 0.0000
vt 0.2409 0.1029
vt 0.0005 0.1028
vt 0.0000 0.0000
vt 0.1797 0.0000
vt 0.1810 0.1029
vt 0.0012 0.1029
vt 0.0000 0.0000
vt 0.2200 0.0000
vt 0.2218 0.1030
vt 0.0017 0.1029
vt 0.0000 0.0000
vt 0.2240 -0.0000
vt 0.2271 0.1032
vt 0.0031 0.1030
vt 0.0000 0.0000
vt 0.1794 0.0000
vt 0.1815 0.1034
vt 0.0021 0.1032
vt 0.0000 0.0000
vt 0.1724 0.0000
vt 0.1733 0.1034
vt 0.0009 0.1034
vt 0.0000 0.0000
vt 0.1942 0.0000
vt 0.1920 0.1033
vt -0.0022 0.1034
vt 0.0000 0.0000
vt 0.2053 0.0000
vt 0.2043 0.1032
vt -0.0010 0.1033
vt 0.0000 0.0000
vt 0.1846 0.0000
vt 0.1824 0.1031
vt -0.0022 0.1032
vt 0.0000 0.0000
vt 0.2124 0.0000
vt 0.2109 0.1030
vt -0.0015 0.1031
vt 0.0000 0.0000
vt 0.2856 0.0000
vt 0.2844 0.1029
vt -0.0012 0.1030
vt 0.0000 0.0000
vt 0.1130 0.0000
vt 0.1119 0.1029
vt -0.0010 0.1029
vt 0.0000 0.0000
vt 0.2859 0.0000
vt 0.2851 0.1028
vt -0.0008 0.1029
vt 0.0000 0.0000
vt 0.2049 -0.0000
vt 0.2058 0.1029
vt 0.0008 0.1028
vt 0.0000 0.0000
vt 0.1621 0.0000
vt 0.1637 0.1029
vt 0.0017 0.1029
vt 0.0000 0.0000
vt 0.1977 0.0000
vt 0.1987 0.1030
vt 0.0009 0.1030
vt 0.0000 0.0000
vt 0.1643 -0.0000
vt 0.1673 0.1031
vt 0.0030 0.1030
vt 0.0000 0.0000
vt 0.1865 0.0000
vt 0.1865 0.1032
vt 0.0001 0.1032
vt 0.0000 0.0000
vt 0.2141 -0.0000
vt 0.2135 0.1031
vt -0.0007 0.1032
vt 0.0000 0.0000
vt 0.1991 -0.0000
vt 0.1982 0.1031
vt -0.0009 0.1031
vt 0.0000 0.0000
vt 0.2055 0.0000
vt 0.2051 0.1030
vt -0.0004 0.1031
vt 0.0000 0.0000
vt 0.1913 0.0000
vt 0.1904 0.1030
vt -0.0009 0.1030
vt 0.0000 0.0000
vt 0.1917 0.0000
vt 0.1908 0.1029
vt -0.0010 0.1030
vt 0.0000 0.0000
vt 0.1838 0.0000
vt -0.1380 0.1540
vt -0.2519 0.1540
vt 0.0000 0.0000
vt 0.1838 0.0000
vt 0.4357 0.1540
vt 0.3218 0.1540
vt 0.0000 0.0000
vt 0.1781 0.0000
vt 0.3864 0.2260
vt 0.2760 0.2260
vt 0.0000 0.0000
vt 0.1781 -0.0000
vt -0.0979 0.2260
vt -0.2083 0.2260
vt 0.0000 0.0000
vt 0.2404 0.0000
vt 0.4110 0.1608
vt 0.2619 0.1608
vt 0.0000 0.0000
vt 0.2404 -0.0000
vt -0.0216 0.1608
vt -0.1706 0.1608
vt 0.0000 0.0000
vt 0.1797 -0.0000
vt 0.1726 0.2263
vt 0.0612 0.2263
vt 0.0000 0.0000
vt 0.1797 0.0000
vt 0.1185 0.2263
vt 0.0071 0.2263
vt 0.0000 0.0000
vt 0.2200 -0.0000
vt 0.2486 0.1966
vt 0.1122 0.1966
vt 0.0000 0.0000
vt 0.2200 -0.0000
vt 0.1078 0.1966
vt -0.0286 0.1966
vt 0.0000 0.0000
vt 0.2240 -0.0000
vt 0.0989 0.1947
vt -0.0399 0.1947
vt 0.0000 0.0000
vt 0.2240 -0.0000
vt 0.2638 0.1946
vt 0.1250 0.1946
vt 0.0000 0.0000
vt 0.1794 -0.0000
vt 0.1076 0.2314
vt -0.0036 0.2314
vt 0.0000 0.0000
vt 0.1794 0.0000
vt 0.1829 0.2313
vt 0.0717 0.2313
vt 0.0000 0.0000
vt 0.1724 -0.0000
vt 0.0987 0.2421
vt -0.0082 0.2421
vt 0.0000 0.0000
vt 0.1724 -0.0000
vt 0.1805 0.2420
vt 0.0736 0.2421
vt 0.0000 0.0000
vt 0.1942 -0.0000
vt 0.2023 0.2395
vt 0.0819 0.2395
vt 0.0000 0.0000
vt 0.1942 -0.0000
vt 0.1124 0.2394
vt -0.0080 0.2394
vt 0.0000 0.0000
vt 0.2053 0.0000
vt 0.0675 0.2320
vt -0.0597 0.2320
vt 0.0000 0.0000
vt 0.2053 0.0000
vt 0.2650 0.2320
vt 0.1378 0.2319
vt 0.0000 0.0000
vt 0.1846 -0.0000
vt 0.0540 0.2629
vt -0.0605 0.2630
vt 0.0000 0.0000
vt 0.1846 -0.0000
vt 0.2452 0.2629
vt 0.1307 0.2629
vt 0.0000 0.0000
vt 0.2124 0.0000
vt -0.0544 0.2271
vt -0.1861 0.2271
vt 0.0000 0.0000
vt 0.2124 0.0000
vt 0.3985 0.2271
vt 0.2668 0.2270
vt 0.0000 0.0000
vt 0.2856 0.0000
vt 0.5144 0.0945
vt 0.3374 0.0945
vt 0.0000 0.0000
vt 0.2856 0.0000
vt -0.0518 0.0946
vt -0.2288 0.0946
vt 0.0000 0.0000
vt 0.1130 0.0000
vt 0.2299 0.1891
vt 0.1598 0.1891
vt 0.0000 0.0000
vt 0.1130 -0.0000
vt -0.0469 0.1891
vt -0.1169 0.1891
vt 0.0000 0.0000
vt 0.2859 -0.0000
vt -0.0114 0.1177
vt -0.1886 0.1177
vt 0.0000 0.0000
vt 0.2859 0.0000
vt 0.4745 0.1177
vt 0.2973 0.1177
vt 0.0000 0.0000
vt 0.2049 0.0000
vt 0.3454 0.2335
vt 0.2183 0.2335
vt 0.0000 0.0000
vt 0.2049 -0.0000
vt -0.0134 0.2336
vt -0.1405 0.2335
vt 0.0000 0.0000
vt 0.1621 -0.0000
vt 0.1978 0.2545
vt 0.0973 0.2545
vt 0.0000 0.0000
vt 0.1621 -0.0000
vt 0.0647 0.2545
vt -0.0358 0.2545
vt 0.0000 0.0000
vt 0.1977 0.0000
vt 0.3316 0.1497
vt 0.2090 0.1496
vt 0.0000 0.0000
vt 0.1977 0.0000
vt -0.0113 0.1496
vt -0.1339 0.1496
vt 0.0000 0.0000
vt 0.1643 -0.0000
vt -0.0278 0.1533
vt -0.1296 0.1533
vt 0.0000 0.0000
vt 0.1643 0.0000
vt 0.2939 0.1534
vt 0.1920 0.1533
vt 0.0000 0.0000
vt 0.1865 -0.0000
vt 0.2929 0.1702
vt 0.1773 0.1702
vt 0.0000 0.0000
vt 0.1865 -0.0000
vt 0.0092 0.1702
vt -0.1064 0.1702
vt 0.0000 0.0000
vt 0.2141 -0.0000
vt 0.2657 0.1504
vt 0.1329 0.1504
vt 0.0000 0.0000
vt 0.2141 -0.0000
vt 0.0812 0.1504
vt -0.0516 0.1504
vt 0.0000 0.0000
vt 0.1991 -0.0000
vt 0.1857 0.1463
vt 0.0622 0.1463
vt 0.0000 0.0000
vt 0.1991 0.0000
vt 0.1369 0.1463
vt 0.0134 0.1463
vt 0.0000 0.0000
vt 0.2055 -0.0000
vt 0.0809 0.1394
vt -0.0465 0.1394
vt 0.0000 0.0000
vt 0.2055 -0.0000
vt 0.2520 0.1394
vt 0.1246 0.1394
vt 0.0000 0.0000
vt 0.1913 0.0000
vt 0.0138 0.1548
vt -0.1048 0.1548
vt 0.0000 0.0000
vt 0.1913 0.0000
vt 0.2962 0.1548
vt 0.1776 0.1548
vt 0.0000 0.0000
vt 0.1917 -0.0000
vt -0.0622 0.1506
vt -0.1811 0.1506
vt 0.0000 0.0000
vt 0.1917 -0.0000
vt 0.3729 0.1506
vt 0.2540 0.1506
vt 0.0000 0.0000
vt 0.1139 0.0000
vt -0.1570 0.1297
vt -0.2121 0.1297
vt 0.0000 0.0000
vt 0.1139 0.0000
vt 0.3261 0.1297
vt 0.2710 0.1297
vt 0.0000 0.0000
vt 0.1104 -0.0000
vt 0.2859 0.1903
vt 0.2324 0.1903
vt 0.0000 0.0000
vt 0.1104 0.0000
vt -0.1220 0.1903
vt -0.1754 0.1903
vt 0.0000 0.0000
vt 0.1490 0.0000
vt 0.2927 0.1354
vt 0.2206 0.1354
vt 0.0000 0.0000
vt 0.1490 -0.0000
vt -0.0715 0.1354
vt -0.1437 0.1354
vt 0.0000 0.0000
vt 0.1114 0.0000
vt 0.1055 0.1905
vt 0.0516 0.1905
vt 0.0000 0.0000
vt 0.1114 -0.0000
vt 0.0599 0.1905
vt 0.0060 0.1905
vt 0.0000 0.0000
vt 0.1364 0.0000
vt 0.1605 0.1656
vt 0.0945 0.1656
vt 0.0000 0.0000
vt 0.1364 -0.0000
vt 0.0419 0.1656
vt -0.0241 0.1656
vt 0.0000 0.0000
vt 0.1388 0.0000
vt 0.0336 0.1639
vt -0.0336 0.1639
vt 0.0000 0.0000
vt 0.1388 -0.0000
vt 0.1724 0.1639
vt 0.1052 0.1639
vt 0.0000 0.0000
vt 0.1112 0.0000
vt 0.0509 0.1948
vt -0.0029 0.1948
vt 0.0000 0.0000
vt 0.1112 -0.0000
vt 0.1141 0.1948
vt 0.0603 0.1948
vt 0.0000 0.0000
vt 0.1069 0.0000
vt 0.0449 0.2038
vt -0.0068 0.2038
vt 0.0000 0.0000
vt 0.1069 -0.0000
vt 0.1137 0.2038
vt 0.0620 0.2038
vt 0.0000 0.0000
vt 0.1204 0.0000
vt 0.1271 0.2016
vt 0.0688 0.2016
vt 0.0000 0.0000
vt 0.1204 0.0000
vt 0.0516 0.2016
vt -0.0067 0.2016
vt 0.0000 0.0000
vt 0.1273 -0.0000
vt 0.0112 0.1953
vt -0.0503 0.1953
vt 0.0000 0.0000
vt 0.1273 -0.0000
vt 0.1776 0.1953
vt 0.1160 0.1953
vt 0.0000 0.0000
vt 0.1145 0.0000
vt 0.0044 0.2214
vt -0.0510 0.2214
vt 0.0000 0.0000
vt 0.1145 0.0000
vt 0.1655 0.2214
vt 0.1101 0.2213
vt 0.0000 0.0000
vt 0.1317 -0.0000
vt -0.0930 0.1912
vt -0.1567 0.1912
vt 0.0000 0.0000
vt 0.1317 -0.0000
vt 0.2884 0.1912
vt 0.2247 0.1912
vt 0.0000 0.0000
vt 0.1770 0.0000
vt 0.3698 0.0796
vt 0.2841 0.0796
vt 0.0000 0.0000
vt 0.1770 0.0000
vt -0.1070 0.0796
vt -0.1927 0.0796
vt 0.0000 0.0000
vt 0.0700 0.0000
vt 0.1685 0.1592
vt 0.1346 0.1592
vt 0.0000 0.0000
vt 0.0700 0.0000
vt -0.0646 0.1592
vt -0.0985 0.1592
vt 0.0000 0.0000
vt 0.1772 -0.0000
vt -0.0731 0.0991
vt -0.1588 0.0991
vt 0.0000 0.0000
vt 0.1772 -0.0000
vt 0.3361 0.0991
vt 0.2503 0.0991
vt 0.0000 0.0000
vt 0.1270 -0.0000
vt 0.2453 0.1967
vt 0.1838 0.1967
vt 0.0000 0.0000
vt 0.1270 -0.0000
vt -0.0568 0.1967
vt -0.1183 0.1967
vt 0.0000 0.0000
vt 0.1005 -0.0000
vt 0.1306 0.2144
vt 0.0820 0.2144
vt 0.0000 0.0000
vt 0.1005 -0.0000
vt 0.0185 0.2144
vt -0.0301 0.2144
vt 0.0000 0.0000
vt 0.1226 0.0000
vt 0.2353 0.1260
vt 0.1760 0.1260
vt 0.0000 0.0000
vt 0.1226 -0.0000
vt -0.0534 0.1260
vt -0.1127 0.1260
vt 0.0000 0.0000
vt 0.1018 -0.0000
vt -0.0599 0.1291
vt -0.1092 0.1291
vt 0.0000 0.0000
vt 0.1018 -0.0000
vt 0.2110 0.1291
vt 0.1617 0.1291
vt 0.0000 0.0000
vt 0.1156 0.0000
vt 0.2052 0.1433
vt 0.1493 0.1433
vt 0.0000 0.0000
vt 0.1156 0.0000
vt -0.0337 0.1433
vt -0.0896 0.1433
vt 0.0000 0.0000
vt 0.1328 0.0000
vt 0.1762 0.1267
vt 0.1119 0.1267
vt 0.0000 0.0000
vt 0.1328 -0.0000
vt 0.0208 0.1266
vt -0.0434 0.1266
vt 0.0000 0.0000
vt 0.1234 0.0000
vt 0.1121 0.1232
vt 0.0524 0.1232
vt 0.0000 0.0000
vt 0.1234 -0.0000
vt 0.0710 0.1232
vt 0.0113 0.1232
vt 0.0000 0.0000
vt 0.1274 -0.0000
vt 0.0225 0.1174
vt -0.0392 0.1174
vt 0.0000 0.0000
vt 0.1274 -0.0000
vt 0.1666 0.1174
vt 0.1049 0.1174
vt 0.0000 0.0000
vt 0.1186 -0.0000
vt -0.0309 0.1303
vt -0.0883 0.1303
vt 0.0000 0.0000
vt 0.1186 0.0000
vt 0.2069 0.1303
vt 0.1495 0.1303
vt 0.0000 0.0000
vt 0.1189 -0.0000
vt -0.0950 0.1268
vt -0.1525 0.1268
vt 0.0000 0.0000
vt 0.1189 0.0000
vt 0.2714 0.1268
vt 0.2139 0.1268
vt 0.0000 0.0000
vt 0.0551 -0.0000
vt -0.1989 0.1216
vt 0.0000 0.0000
vt 0.0551 -0.0000
vt 0.2540 0.1218
vt 0.0000 0.0000
vt 0.0534 -0.0000
vt 0.2179 0.1784
vt 0.0000 0.0000
vt 0.0534 -0.0000
vt -0.1645 0.1785
vt 0.0000 0.0000
vt 0.0721 0.0000
vt 0.2068 0.1269
vt 0.0000 0.0000
vt 0.0721 -0.0000
vt -0.1347 0.1271
vt 0.0000 0.0000
vt 0.0539 0.0000
vt 0.0483 0.1786
vt 0.0000 0.0000
vt 0.0539 -0.0000
vt 0.0056 0.1787
vt 0.0000 0.0000
vt 0.0660 -0.0000
vt 0.0886 0.1552
vt 0.0000 0.0000
vt 0.0660 -0.0000
vt -0.0226 0.1554
vt 0.0000 0.0000
vt 0.0672 0.0000
vt -0.0315 0.1537
vt 0.0000 0.0000
vt 0.0672 -0.0000
vt 0.0987 0.1538
vt 0.0000 0.0000
vt 0.0538 -0.0000
vt -0.0027 0.1826
vt 0.0000 0.0000
vt 0.0538 -0.0000
vt 0.0566 0.1827
vt 0.0000 0.0000
vt 0.0517 0.0000
vt -0.0064 0.1910
vt 0.0000 0.0000
vt 0.0517 -0.0000
vt 0.0581 0.1912
vt 0.0000 0.0000
vt 0.0583 0.0000
vt 0.0645 0.1890
vt 0.0000 0.0000
vt 0.0583 0.0000
vt -0.0063 0.1891
vt 0.0000 0.0000
vt 0.0616 0.0000
vt -0.0472 0.1831
vt 0.0000 0.0000
vt 0.0616 -0.0000
vt 0.1088 0.1832
vt 0.0000 0.0000
vt 0.0554 -0.0000
vt -0.0479 0.2075
vt 0.0000 0.0000
vt 0.0554 0.0000
vt 0.1032 0.2076
vt 0.0000 0.0000
vt 0.0637 0.0000
vt -0.1470 0.1792
vt 0.0000 0.0000
vt 0.0637 0.0000
vt 0.2106 0.1794
vt 0.0000 0.0000
vt 0.0857 0.0000
vt 0.2663 0.0746
vt 0.0000 0.0000
vt 0.0857 0.0000
vt -0.1807 0.0748
vt 0.0000 0.0000
vt 0.0339 0.0000
vt 0.1262 0.1493
vt 0.0000 0.0000
vt 0.0339 -0.0000
vt -0.0923 0.1494
vt 0.0000 0.0000
vt 0.0858 -0.0000
vt -0.1489 0.0929
vt 0.0000 0.0000
vt 0.0858 0.0000
vt 0.2347 0.0931
vt 0.0000 0.0000
vt 0.0615 -0.0000
vt 0.1724 0.1844
vt 0.0000 0.0000
vt 0.0615 0.0000
vt -0.1109 0.1845
vt 0.0000 0.0000
vt 0.0486 0.0000
vt 0.0768 0.2010
vt 0.0000 0.0000
vt 0.0486 -0.0000
vt -0.0282 0.2010
vt 0.0000 0.0000
vt 0.0593 0.0000
vt 0.1650 0.1181
vt 0.0000 0.0000
vt 0.0593 0.0000
vt -0.1057 0.1183
vt 0.0000 0.0000
vt 0.0493 -0.0000
vt -0.1024 0.1210
vt 0.0000 0.0000
vt 0.0493 -0.0000
vt 0.1517 0.1211
vt 0.0000 0.0000
vt 0.0559 -0.0000
vt 0.1400 0.1343
vt 0.0000 0.0000
vt 0.0559 -0.0000
vt -0.0840 0.1345
vt 0.0000 0.0000
vt 0.0642 0.0000
vt 0.1049 0.1187
vt 0.0000 0.0000
vt 0.0642 0.0000
vt -0.0407 0.1189
vt 0.0000 0.0000
vt 0.0597 0.0000
vt 0.0491 0.1155
vt 0.0000 0.0000
vt 0.0597 0.0000
vt 0.0106 0.1157
vt 0.0000 0.0000
vt 0.0617 0.0000
vt -0.0367 0.1100
vt 0.0000 0.0000
vt 0.0617 -0.0000
vt 0.0984 0.1102
vt 0.0000 0.0000
vt 0.0574 0.0000
vt -0.0828 0.1222
vt 0.0000 0.0000
vt 0.0574 0.0000
vt 0.1402 0.1224
vt 0.0000 0.0000
vt 0.0575 -0.0000
vt -0.1430 0.1189
vt 0.0000 0.0000
vt 0.0575 0.0000
vt 0.2005 0.1191
vt 0.0000 0.0000
vt 0.0693 0.0000
vt 0.0001 0.6604
vt 0.0001 0.6688
vt 0.0000 0.0000
vt 0.0693 0.0000
vt -0.0000 0.6649
vt 0.0000 0.6675
vt 0.0000 0.0000
vt 0.0693 -0.0000
vt 0.0001 0.6663
vt 0.0001 0.6721
vt 0.0000 0.0000
vt 0.0693 -0.0000
vt -0.0000 0.6617
vt 0.0000 0.6734
vt 0.0000 0.0000
vt 0.0693 -0.0000
vt 0.0125 0.6599
vt 0.0125 0.6634
vt 0.0000 0.0000
vt 0.0693 -0.0000
vt -0.0444 0.6641
vt -0.0443 0.6645
vt 0.0000 0.0000
vt 0.0693 0.0000
vt -0.0123 0.6665
vt -0.0123 0.6773
vt 0.0000 0.0000
vt 0.0693 -0.0000
vt 0.0443 0.6596
vt 0.0444 0.6735
vt 0.0000 0.0000
vt 0.0693 -0.0000
vt -0.0355 0.6591
vt -0.0355 0.6731
vt 0.0000 0.0000
vt 0.0693 0.0000
vt -0.0646 0.6497
vt -0.0661 0.6676
vt 0.0000 0.0000
vt 0.0693 0.0000
vt 0.0359 0.6657
vt 0.0359 0.6658
vt 0.0000 0.0000
vt 0.0693 -0.0000
vt 0.0675 0.6705
vt 0.0660 0.6668
vt 0.0000 0.0000
vt 0.0693 0.0000
vt 0.0677 0.6689
vt 0.0677 0.6760
vt 0.0000 0.0000
vt 0.0693 -0.0000
vt 0.1047 0.6570
vt 0.1058 0.6641
vt 0.0000 0.0000
vt 0.0693 -0.0000
vt -0.0673 0.6508
vt -0.0673 0.6581
vt 0.0000 0.0000
vt 0.0693 0.0000
vt -0.1049 0.6530
vt -0.1038 0.6605
vt 0.0000 0.0000
vt 0.0693 -0.0000
vt 0.0693 0.0693
vt -0.0000 0.0693
vt 0.0000 0.0000
vt 0.0693 -0.0000
vt 0.0693 0.0693
vt -0.0000 0.0693
vt 0.0000 0.0000
vt 0.0836 0.0000
vt 0.0004 0.5236
vt 0.0004 0.5579
vt 0.0000 0.0000
vt 0.0836 0.0000
vt 0.0032 0.5116
vt -0.0000 0.5357
vt 0.0000 0.0000
vt 0.0836 0.0000
vt 0.0004 0.5343
vt 0.0004 0.5240
vt 0.0000 0.0000
vt 0.0836 0.0000
vt 0.0032 0.5457
vt -0.0000 0.5470
vt 0.0000 0.0000
vt 0.0836 -0.0000
vt 0.1469 0.5203
vt 0.1469 0.5350
vt 0.0000 0.0000
vt 0.0836 -0.0000
vt 0.0721 0.5212
vt 0.0738 0.5254
vt 0.0000 0.0000
vt 0.0836 0.0000
vt -0.1457 0.4955
vt -0.1457 0.5074
vt 0.0000 0.0000
vt 0.0836 0.0000
vt -0.0732 0.5260
vt -0.0715 0.5476
vt 0.0000 0.0000
vt 0.0836 -0.0000
vt 0.0110 0.5143
vt 0.0110 0.5371
vt 0.0000 0.0000
vt 0.0836 0.0000
vt -0.0561 0.5209
vt -0.0539 0.5228
vt 0.0000 0.0000
vt 0.0836 0.0000
vt -0.0104 0.5427
vt -0.0104 0.5456
vt 0.0000 0.0000
vt 0.0836 0.0000
vt 0.0559 0.5304
vt 0.0582 0.5540
vt 0.0000 0.0000
vt 0.0836 0.0000
vt 0.0639 0.5238
vt 0.0639 0.5368
vt 0.0000 0.0000
vt 0.0836 -0.0000
vt -0.0725 0.5126
vt -0.0739 0.5255
vt 0.0000 0.0000
vt 0.0836 0.0000
vt -0.0633 0.5255
vt -0.0633 0.5384
vt 0.0000 0.0000
vt 0.0836 0.0000
vt 0.0747 0.5342
vt 0.0733 0.5470
vt 0.0000 0.0000
vt 0.0836 0.0000
vt 0.0836 0.0836
vt -0.0000 0.0836
vt 0.0000 0.0000
vt 0.0836 0.0000
vt 0.0836 0.0836
vt 0.0000 0.0836
vt 0.0000 0.0000
vt 0.0782 0.0000
vt 0.0000 0.3784
vt 0.0000 0.3809
vt 0.0000 0.0000
vt 0.0782 0.0000
vt 0.0008 0.3813
vt 0.0003 0.3942
vt 0.0000 0.0000
vt 0.0782 0.0000
vt 0.0000 0.3685
vt 0.0000 0.3967
vt 0.0000 0.0000
vt 0.0782 0.0000
vt 0.0008 0.3651
vt 0.0003 0.3837
vt 0.0000 0.0000
vt 0.0782 0.0000
vt -0.0648 0.3606
vt -0.0648 0.3730
vt 0.0000 0.0000
vt 0.0782 0.0000
vt -0.0129 0.3809
vt -0.0131 0.3953
vt 0.0000 0.0000
vt 0.0782 0.0000
vt 0.0662 0.3743
vt 0.0662 0.3936
vt 0.0000 0.0000
vt 0.0782 0.0000
vt 0.0131 0.3650
vt 0.0129 0.3819
vt 0.0000 0.0000
vt 0.0782 0.0000
vt -0.0186 0.3851
vt -0.0186 0.3873
vt 0.0000 0.0000
vt 0.0782 0.0000
vt -0.0052 0.3744
vt -0.0032 0.4047
vt 0.0000 0.0000
vt 0.0782 -0.0000
vt 0.0196 0.3609
vt 0.0196 0.3898
vt 0.0000 0.0000
vt 0.0782 0.0000
vt 0.0043 0.3725
vt 0.0063 0.3727
vt 0.0000 0.0000
vt 0.0782 0.0000
vt -0.0661 0.3685
vt -0.0661 0.3843
vt 0.0000 0.0000
vt 0.0782 -0.0000
vt 0.0801 0.3800
vt 0.0772 0.3956
vt 0.0000 0.0000
vt 0.0782 0.0000
vt 0.0673 0.3659
vt 0.0673 0.3818
vt 0.0000 0.0000
vt 0.0782 0.0000
vt -0.0755 0.3500
vt -0.0784 0.3657
vt 0.0000 0.0000
vt 0.0782 0.0000
vt 0.0782 0.0782
vt 0.0000 0.0782
vt 0.0000 0.0000
vt 0.0782 -0.0000
vt 0.0782 0.0782
vt -0.0000 0.0782
vt 0.0000 0.0000
vt 0.0779 0.0000
vt 0.0000 0.6052
vt 0.0000 0.6260
vt 0.0000 0.0000
vt 0.0779 -0.0000
vt 0.0006 0.6024
vt 0.0002 0.6149
vt 0.0000 0.0000
vt 0.0779 0.0000
vt 0.0000 0.6136
vt 0.0000 0.6122
vt 0.0000 0.0000
vt 0.0779 0.0000
vt 0.0006 0.6163
vt 0.0002 0.6235
vt 0.0000 0.0000
vt 0.0779 0.0000
vt 0.0892 0.6035
vt 0.0892 0.6112
vt 0.0000 0.0000
vt 0.0779 0.0000
vt 0.0211 0.6131
vt 0.0208 0.6082
vt 0.0000 0.0000
vt 0.0779 -0.0000
vt -0.0892 0.6021
vt -0.0892 0.6142
vt 0.0000 0.0000
vt 0.0779 -0.0000
vt -0.0207 0.6052
vt -0.0209 0.6292
vt 0.0000 0.0000
vt 0.0779 -0.0000
vt -0.0168 0.6031
vt -0.0168 0.5976
vt 0.0000 0.0000
vt 0.0779 0.0000
vt -0.1157 0.6049
vt -0.1158 0.6044
vt 0.0000 0.0000
vt 0.0779 0.0000
vt 0.0178 0.6154
vt 0.0178 0.6396
vt 0.0000 0.0000
vt 0.0779 0.0000
vt 0.1158 0.5918
vt 0.1157 0.6120
vt 0.0000 0.0000
vt 0.0779 0.0000
vt -0.1197 0.5844
vt -0.1197 0.5945
vt 0.0000 0.0000
vt 0.0779 0.0000
vt -0.0813 0.6065
vt -0.0792 0.6166
vt 0.0000 0.0000
vt 0.0779 0.0000
vt 0.1212 0.6103
vt 0.1212 0.6200
vt 0.0000 0.0000
vt 0.0779 0.0000
vt 0.0799 0.6015
vt 0.0820 0.6112
vt 0.0000 0.0000
vt 0.0779 0.0000
vt 0.0779 0.0779
vt -0.0000 0.0779
vt 0.0000 0.0000
vt 0.0779 0.0000
vt 0.0779 0.0779
vt 0.0000 0.0779
vt 0.0000 0.0000
vt 0.1776 0.0000
vt 0.1783 0.0774
vt 0.0007 0.0773
vt 0.0000 0.0000
vt 0.1770 0.0000
vt 0.1787 0.0775
vt 0.0017 0.0774
vt 0.0000 0.0000
vt 0.1827 -0.0000
vt 0.1854 0.0776
vt 0.0027 0.0774
vt 0.0000 0.0000
vt 0.1217 0.0000
vt 0.1199 0.0776
vt -0.0018 0.0777
vt 0.0000 0.0000
vt 0.1386 -0.0000
vt 0.1396 0.0777
vt 0.0010 0.0776
vt 0.0000 0.0000
vt 0.1021 -0.0000
vt 0.0997 0.0775
vt -0.0025 0.0776
vt 0.0000 0.0000
vt 0.1360 0.0000
vt 0.1349 0.0775
vt -0.0011 0.0776
vt 0.0000 0.0000
vt 0.1179 0.0000
vt 0.1155 0.0773
vt -0.0025 0.0775
vt 0.0000 0.0000
vt 0.0941 -0.0000
vt 0.0907 0.0772
vt -0.0035 0.0773
vt 0.0000 0.0000
vt 0.1659 0.0000
vt 0.1649 0.0772
vt -0.0009 0.0773
vt 0.0000 0.0000
vt 0.1435 0.0000
vt 0.1432 0.0772
vt -0.0003 0.0772
vt 0.0000 0.0000
vt 0.1447 0.0000
vt 0.1455 0.0772
vt 0.0007 0.0772
vt 0.0000 0.0000
vt 0.1471 0.0000
vt 0.1486 0.0773
vt 0.0016 0.0772
vt 0.0000 0.0000
vt 0.1454 0.0000
vt 0.1482 0.0774
vt 0.0028 0.0773
vt 0.0000 0.0000
vt 0.1630 0.0000
vt 0.1645 0.0776
vt 0.0015 0.0775
vt 0.0000 0.0000
vt 0.1639 0.0000
vt 0.1648 0.0776
vt 0.0009 0.0776
vt 0.0000 0.0000
vt 0.1605 -0.0000
vt 0.1592 0.0775
vt -0.0012 0.0776
vt 0.0000 0.0000
vt 0.1845 0.0000
vt 0.1843 0.0775
vt -0.0002 0.0776
vt 0.0000 0.0000
vt 0.1875 0.0000
vt 0.1861 0.0774
vt -0.0014 0.0775
vt 0.0000 0.0000
vt 0.2049 -0.0000
vt 0.2038 0.0773
vt -0.0011 0.0774
vt 0.0000 0.0000
vt 0.1805 -0.0000
vt 0.1803 0.0773
vt -0.0003 0.0773
vt 0.0000 0.0000
vt 0.1776 0.0000
vt 0.1777 0.0897
vt 0.0676 0.0897
vt 0.0000 0.0000
vt 0.1776 -0.0000
vt 0.1099 0.0897
vt -0.0001 0.0897
vt 0.0000 0.0000
vt 0.1770 0.0000
vt 0.1097 0.0897
vt 0.0000 0.0897
vt 0.0000 0.0000
vt 0.1770 0.0000
vt 0.1770 0.0897
vt 0.0673 0.0898
vt 0.0000 0.0000
vt 0.1827 0.0000
vt 0.0440 0.0882
vt -0.0692 0.0883
vt 0.0000 0.0000
vt 0.1827 -0.0000
vt 0.2520 0.0882
vt 0.1387 0.0883
vt 0.0000 0.0000
vt 0.1217 0.0000
vt 0.1871 0.1207
vt 0.1117 0.1207
vt 0.0000 0.0000
vt 0.1217 0.0000
vt 0.0100 0.1207
vt -0.0654 0.1207
vt 0.0000 0.0000
vt 0.1386 0.0000
vt 0.0072 0.1124
vt -0.0787 0.1124
vt 0.0000 0.0000
vt 0.1386 -0.0000
vt 0.2173 0.1125
vt 0.1314 0.1125
vt 0.0000 0.0000
vt 0.1021 -0.0000
vt 0.0884 0.1711
vt 0.0251 0.1711
vt 0.0000 0.0000
vt 0.1021 -0.0000
vt 0.0770 0.1711
vt 0.0137 0.1711
vt 0.0000 0.0000
vt 0.1360 0.0000
vt -0.0300 0.1280
vt -0.1143 0.1281
vt 0.0000 0.0000
vt 0.1360 -0.0000
vt 0.2502 0.1281
vt 0.1659 0.1281
vt 0.0000 0.0000
vt 0.1179 0.0000
vt -0.0591 0.1626
vt -0.1322 0.1627
vt 0.0000 0.0000
vt 0.1179 0.0000
vt 0.2501 0.1627
vt 0.1770 0.1627
vt 0.0000 0.0000
vt 0.0941 0.0000
vt -0.0781 0.1979
vt -0.1364 0.1980
vt 0.0000 0.0000
vt 0.0941 0.0000
vt 0.2304 0.1980
vt 0.1721 0.1980
vt 0.0000 0.0000
vt 0.1659 -0.0000
vt 0.3152 0.1541
vt 0.2124 0.1540
vt 0.0000 0.0000
vt 0.1659 -0.0000
vt -0.0465 0.1540
vt -0.1493 0.1540
vt 0.0000 0.0000
vt 0.1435 0.0000
vt 0.2184 0.1712
vt 0.1294 0.1712
vt 0.0000 0.0000
vt 0.1435 -0.0000
vt 0.0142 0.1711
vt -0.0748 0.1711
vt 0.0000 0.0000
vt 0.1447 -0.0000
vt 0.1685 0.1694
vt 0.0788 0.1694
vt 0.0000 0.0000
vt 0.1447 0.0000
vt 0.0660 0.1694
vt -0.0237 0.1694
vt 0.0000 0.0000
vt 0.1471 0.0000
vt 0.0969 0.1709
vt 0.0058 0.1709
vt 0.0000 0.0000
vt 0.1471 0.0000
vt 0.1413 0.1709
vt 0.0502 0.1709
vt 0.0000 0.0000
vt 0.1454 0.0000
vt 0.0626 0.1760
vt -0.0275 0.1760
vt 0.0000 0.0000
vt 0.1454 -0.0000
vt 0.1730 0.1760
vt 0.0829 0.1760
vt 0.0000 0.0000
vt 0.1630 -0.0000
vt 0.2353 0.1408
vt 0.1342 0.1408
vt 0.0000 0.0000
vt 0.1630 -0.0000
vt 0.0288 0.1408
vt -0.0722 0.1408
vt 0.0000 0.0000
vt 0.1639 0.0000
vt 0.1630 0.1459
vt 0.0614 0.1459
vt 0.0000 0.0000
vt 0.1639 -0.0000
vt 0.1025 0.1459
vt 0.0009 0.1459
vt 0.0000 0.0000
vt 0.1605 -0.0000
vt 0.1686 0.1284
vt 0.0691 0.1284
vt 0.0000 0.0000
vt 0.1605 -0.0000
vt 0.0913 0.1285
vt -0.0082 0.1285
vt 0.0000 0.0000
vt 0.1845 0.0000
vt 0.0416 0.1062
vt -0.0727 0.1062
vt 0.0000 0.0000
vt 0.1845 0.0000
vt 0.2572 0.1062
vt 0.1428 0.1062
vt 0.0000 0.0000
vt 0.1875 -0.0000
vt -0.0096 0.1258
vt -0.1259 0.1258
vt 0.0000 0.0000
vt 0.1875 0.0000
vt 0.3134 0.1259
vt 0.1971 0.1258
vt 0.0000 0.0000
vt 0.2049 0.0000
vt 0.3457 0.0831
vt 0.2186 0.0830
vt 0.0000 0.0000
vt 0.2049 0.0000
vt -0.0137 0.0830
vt -0.1407 0.0830
vt 0.0000 0.0000
vt 0.1805 -0.0000
vt 0.2488 0.0892
vt 0.1369 0.0892
vt 0.0000 0.0000
vt 0.1805 -0.0000
vt 0.0436 0.0892
vt -0.0683 0.0892
vt 0.0000 0.0000
vt 0.1101 0.0000
vt 0.1102 0.0756
vt 0.0569 0.0756
vt 0.0000 0.0000
vt 0.1101 0.0000
vt 0.0531 0.0756
vt -0.0001 0.0756
vt 0.0000 0.0000
vt 0.1097 -0.0000
vt 0.0531 0.0756
vt -0.0000 0.0756
vt 0.0000 0.0000
vt 0.1097 0.0000
vt 0.1097 0.0756
vt 0.0566 0.0756
vt 0.0000 0.0000
vt 0.1133 -0.0000
vt -0.0035 0.0743
vt -0.0583 0.0743
vt 0.0000 0.0000
vt 0.1132 0.0000
vt 0.1715 0.0743
vt 0.1167 0.0743
vt 0.0000 0.0000
vt 0.0754 -0.0000
vt 0.1305 0.1016
vt 0.0940 0.1016
vt 0.0000 0.0000
vt 0.0754 -0.0000
vt -0.0186 0.1016
vt -0.0550 0.1016
vt 0.0000 0.0000
vt 0.0859 0.0000
vt -0.0247 0.0947
vt -0.0663 0.0947
vt 0.0000 0.0000
vt 0.0859 0.0000
vt 0.1522 0.0947
vt 0.1106 0.0947
vt 0.0000 0.0000
vt 0.0633 0.0000
vt 0.0517 0.1440
vt 0.0210 0.1440
vt 0.0000 0.0000
vt 0.0633 0.0000
vt 0.0423 0.1440
vt 0.0117 0.1440
vt 0.0000 0.0000
vt 0.0843 -0.0000
vt -0.0555 0.1078
vt -0.0963 0.1078
vt 0.0000 0.0000
vt 0.0843 0.0000
vt 0.1806 0.1078
vt 0.1398 0.1078
vt 0.0000 0.0000
vt 0.0731 -0.0000
vt -0.0760 0.1369
vt -0.1114 0.1369
vt 0.0000 0.0000
vt 0.0731 -0.0000
vt 0.1845 0.1369
vt 0.1491 0.1369
vt 0.0000 0.0000
vt 0.0583 -0.0000
vt -0.0867 0.1666
vt -0.1149 0.1667
vt 0.0000 0.0000
vt 0.0583 -0.0000
vt 0.1732 0.1667
vt 0.1450 0.1666
vt 0.0000 0.0000
vt 0.1028 0.0000
vt 0.2286 0.1297
vt 0.1789 0.1297
vt 0.0000 0.0000
vt 0.1028 -0.0000
vt -0.0760 0.1297
vt -0.1258 0.1297
vt 0.0000 0.0000
vt 0.0890 -0.0000
vt 0.1520 0.1441
vt 0.1090 0.1441
vt 0.0000 0.0000
vt 0.0890 -0.0000
vt -0.0200 0.1441
vt -0.0630 0.1441
vt 0.0000 0.0000
vt 0.0897 -0.0000
vt 0.1097 0.1426
vt 0.0663 0.1426
vt 0.0000 0.0000
vt 0.0897 -0.0000
vt 0.0234 0.1426
vt -0.0200 0.1426
vt 0.0000 0.0000
vt 0.0912 -0.0000
vt 0.0489 0.1439
vt 0.0048 0.1439
vt 0.0000 0.0000
vt 0.0912 -0.0000
vt 0.0864 0.1439
vt 0.0422 0.1439
vt 0.0000 0.0000
vt 0.0901 -0.0000
vt 0.0203 0.1482
vt -0.0232 0.1482
vt 0.0000 0.0000
vt 0.0901 0.0000
vt 0.1134 0.1482
vt 0.0698 0.1482
vt 0.0000 0.0000
vt 0.1011 -0.0000
vt 0.1620 0.1185
vt 0.1131 0.1185
vt 0.0000 0.0000
vt 0.1011 -0.0000
vt -0.0120 0.1185
vt -0.0609 0.1185
vt 0.0000 0.0000
vt 0.1016 0.0000
vt 0.1009 0.1228
vt 0.0517 0.1228
vt 0.0000 0.0000
vt 0.1016 0.0000
vt 0.0499 0.1228
vt 0.0007 0.1228
vt 0.0000 0.0000
vt 0.0995 0.0000
vt 0.1063 0.1081
vt 0.0582 0.1081
vt 0.0000 0.0000
vt 0.0995 -0.0000
vt 0.0413 0.1081
vt -0.0068 0.1081
vt 0.0000 0.0000
vt 0.1144 -0.0000
vt -0.0059 0.0894
vt -0.0613 0.0894
vt 0.0000 0.0000
vt 0.1144 -0.0000
vt 0.1756 0.0894
vt 0.1203 0.0894
vt 0.0000 0.0000
vt 0.1163 0.0000
vt -0.0498 0.1059
vt -0.1060 0.1059
vt 0.0000 0.0000
vt 0.1163 -0.0000
vt 0.2223 0.1059
vt 0.1660 0.1059
vt 0.0000 0.0000
vt 0.1271 0.0000
vt 0.2456 0.0699
vt 0.1841 0.0699
vt 0.0000 0.0000
vt 0.1271 0.0000
vt -0.0570 0.0699
vt -0.1185 0.0699
vt 0.0000 0.0000
vt 0.1119 -0.0000
vt 0.1694 0.0751
vt 0.1153 0.0751
vt 0.0000 0.0000
vt 0.1119 -0.0000
vt -0.0034 0.0751
vt -0.0575 0.0751
vt 0.0000 0.0000
vt 0.0533 0.0000
vt 0.0534 0.0708
vt 0.0000 0.0000
vt 0.0533 0.0000
vt -0.0001 0.0709
vt 0.0000 0.0000
vt 0.0531 0.0000
vt -0.0000 0.0708
vt 0.0000 0.0000
vt 0.0531 -0.0000
vt 0.0531 0.0709
vt 0.0000 0.0000
vt 0.0548 0.0000
vt -0.0546 0.0697
vt 0.0000 0.0000
vt 0.0548 -0.0000
vt 0.1094 0.0697
vt 0.0000 0.0000
vt 0.0365 0.0000
vt 0.0881 0.0952
vt 0.0000 0.0000
vt 0.0365 0.0000
vt -0.0516 0.0953
vt 0.0000 0.0000
vt 0.0416 -0.0000
vt -0.0621 0.0887
vt 0.0000 0.0000
vt 0.0416 -0.0000
vt 0.1037 0.0888
vt 0.0000 0.0000
vt 0.0306 -0.0000
vt 0.0197 0.1350
vt 0.0000 0.0000
vt 0.0306 0.0000
vt 0.0109 0.1351
vt 0.0000 0.0000
vt 0.0408 -0.0000
vt -0.0903 0.1010
vt 0.0000 0.0000
vt 0.0408 -0.0000
vt 0.1310 0.1011
vt 0.0000 0.0000
vt 0.0354 0.0000
vt -0.1045 0.1283
vt 0.0000 0.0000
vt 0.0354 -0.0000
vt 0.1398 0.1284
vt 0.0000 0.0000
vt 0.0282 0.0000
vt -0.1078 0.1562
vt 0.0000 0.0000
vt 0.0282 -0.0000
vt 0.1359 0.1563
vt 0.0000 0.0000
vt 0.0498 -0.0000
vt 0.1677 0.1215
vt 0.0000 0.0000
vt 0.0498 0.0000
vt -0.1180 0.1215
vt 0.0000 0.0000
vt 0.0431 0.0000
vt 0.1022 0.1351
vt 0.0000 0.0000
vt 0.0431 0.0000
vt -0.0591 0.1351
vt 0.0000 0.0000
vt 0.0434 -0.0000
vt 0.0621 0.1337
vt 0.0000 0.0000
vt 0.0434 -0.0000
vt -0.0187 0.1337
vt 0.0000 0.0000
vt 0.0441 0.0000
vt 0.0045 0.1349
vt 0.0000 0.0000
vt 0.0441 -0.0000
vt 0.0396 0.1349
vt 0.0000 0.0000
vt 0.0436 -0.0000
vt -0.0218 0.1389
vt 0.0000 0.0000
vt 0.0436 0.0000
vt 0.0654 0.1389
vt 0.0000 0.0000
vt 0.0489 0.0000
vt 0.1060 0.1111
vt 0.0000 0.0000
vt 0.0489 -0.0000
vt -0.0571 0.1111
vt 0.0000 0.0000
vt 0.0492 -0.0000
vt 0.0485 0.1151
vt 0.0000 0.0000
vt 0.0492 -0.0000
vt 0.0007 0.1152
vt 0.0000 0.0000
vt 0.0481 0.0000
vt 0.0545 0.1014
vt 0.0000 0.0000
vt 0.0481 0.0000
vt -0.0064 0.1014
vt 0.0000 0.0000
vt 0.0553 0.0000
vt -0.0574 0.0838
vt 0.0000 0.0000
vt 0.0553 0.0000
vt 0.1128 0.0838
vt 0.0000 0.0000
vt 0.0563 0.0000
vt -0.0994 0.0993
vt 0.0000 0.0000
vt 0.0563 0.0000
vt 0.1557 0.0993
vt 0.0000 0.0000
vt 0.0615 -0.0000
vt 0.1726 0.0655
vt 0.0000 0.0000
vt 0.0615 0.0000
vt -0.1111 0.0656
vt 0.0000 0.0000
vt 0.0542 -0.0000
vt 0.1081 0.0704
vt 0.0000 0.0000
vt 0.0542 0.0000
vt -0.0539 0.0705
vt 0.0000 0.0000
vt 0.0641 -0.0000
vt 0.0000 0.2228
vt 0.0000 0.2286
vt 0.0000 0.0000
vt 0.0641 0.0000
vt 0.0006 0.2236
vt 0.0006 0.2405
vt 0.0000 0.0000
vt 0.0641 0.0000
vt 0.0000 0.2122
vt 0.0000 0.2406
vt 0.0000 0.0000
vt 0.0641 0.0000
vt 0.0006 0.2108
vt 0.0006 0.2290
vt 0.0000 0.0000
vt 0.0641 0.0000
vt -0.0428 0.2103
vt -0.0428 0.2267
vt 0.0000 0.0000
vt 0.0641 0.0000
vt -0.0008 0.2217
vt -0.0009 0.2439
vt 0.0000 0.0000
vt 0.0641 -0.0000
vt 0.0431 0.2156
vt 0.0431 0.2348
vt 0.0000 0.0000
vt 0.0641 -0.0000
vt 0.0010 0.2128
vt 0.0008 0.2251
vt 0.0000 0.0000
vt 0.0641 -0.0000
vt -0.0059 0.2184
vt -0.0059 0.2346
vt 0.0000 0.0000
vt 0.0641 0.0000
vt 0.0211 0.2221
vt 0.0206 0.2367
vt 0.0000 0.0000
vt 0.0641 -0.0000
vt 0.0061 0.2158
vt 0.0061 0.2346
vt 0.0000 0.0000
vt 0.0641 0.0000
vt -0.0202 0.2104
vt -0.0207 0.2308
vt 0.0000 0.0000
vt 0.0641 0.0000
vt -0.0047 0.2150
vt -0.0047 0.2327
vt 0.0000 0.0000
vt 0.0641 -0.0000
vt -0.0098 0.2162
vt -0.0098 0.2338
vt 0.0000 0.0000
vt 0.0641 0.0000
vt 0.0048 0.2193
vt 0.0048 0.2367
vt 0.0000 0.0000
vt 0.0641 0.0000
vt 0.0098 0.2177
vt 0.0099 0.2352
vt 0.0000 0.0000
vt 0.0641 0.0000
vt 0.0641 0.0641
vt -0.0000 0.0641
vt 0.0000 0.0000
vt 0.0641 -0.0000
vt 0.0641 0.0641
vt 0.0000 0.0641
vt 0.0000 0.0000
vt 0.1732 0.0000
vt 0.1705 0.0905
vt -0.0027 0.0907
vt 0.0000 0.0000
vt 0.2577 0.0000
vt 0.2597 0.0907
vt 0.0020 0.0905
vt 0.0000 0.0000
vt 0.2180 -0.0000
vt 0.2188 0.0908
vt 0.0008 0.0907
vt 0.0000 0.0000
vt 0.2316 0.0000
vt 0.2319 0.0908
vt 0.0002 0.0908
vt 0.0000 0.0000
vt 0.2317 -0.0000
vt 0.2316 0.0908
vt -0.0001 0.0908
vt 0.0000 0.0000
vt 0.2679 0.0000
vt 0.2692 0.0909
vt 0.0013 0.0908
vt 0.0000 0.0000
vt 0.2618 0.0000
vt 0.2619 0.0909
vt 0.0000 0.0909
vt 0.0000 0.0000
vt 0.2627 0.0000
vt 0.2619 0.0908
vt -0.0009 0.0909
vt 0.0000 0.0000
vt 0.2478 -0.0000
vt 0.2460 0.0907
vt -0.0018 0.0908
vt 0.0000 0.0000
vt 0.2286 0.0000
vt 0.2292 0.0907
vt 0.0006 0.0907
vt 0.0000 0.0000
vt 0.2395 0.0000
vt 0.2398 0.0908
vt 0.0003 0.0907
vt 0.0000 0.0000
vt 0.2365 0.0000
vt 0.2358 0.0907
vt -0.0008 0.0908
vt 0.0000 0.0000
vt 0.2381 0.0000
vt 0.2367 0.0906
vt -0.0013 0.0907
vt 0.0000 0.0000
vt 0.2032 -0.0000
vt 0.2059 0.0907
vt 0.0026 0.0906
vt 0.0000 0.0000
vt 0.2993 0.0000
vt 0.3012 0.0910
vt 0.0019 0.0908
vt 0.0000 0.0000
vt 0.1886 0.0000
vt 0.1892 0.0910
vt 0.0006 0.0910
vt 0.0000 0.0000
vt 0.2075 0.0000
vt 0.2075 0.0910
vt -0.0000 0.0910
vt 0.0000 0.0000
vt 0.2840 0.0000
vt 0.2828 0.0909
vt -0.0012 0.0910
vt 0.0000 0.0000
vt 0.2568 0.0000
vt 0.2548 0.0907
vt -0.0021 0.0909
vt 0.0000 0.0000
vt 0.1732 0.0000
vt -0.1145 0.1933
vt -0.2218 0.1933
vt 0.0000 0.0000
vt 0.1732 -0.0000
vt 0.3949 0.1933
vt 0.2876 0.1933
vt 0.0000 0.0000
vt 0.2578 -0.0000
vt 0.4428 0.2000
vt 0.2830 0.2001
vt 0.0000 0.0000
vt 0.2577 0.0000
vt -0.0252 0.2000
vt -0.1849 0.2000
vt 0.0000 0.0000
vt 0.2180 0.0000
vt 0.2780 0.2321
vt 0.1428 0.2321
vt 0.0000 0.0000
vt 0.2180 -0.0000
vt 0.0752 0.2320
vt -0.0599 0.2320
vt 0.0000 0.0000
vt 0.2316 0.0000
vt 0.2045 0.2318
vt 0.0609 0.2318
vt 0.0000 0.0000
vt 0.2316 0.0000
vt 0.1708 0.2318
vt 0.0272 0.2318
vt 0.0000 0.0000
vt 0.2317 0.0000
vt 0.1482 0.2334
vt 0.0046 0.2334
vt 0.0000 0.0000
vt 0.2317 0.0000
vt 0.2271 0.2333
vt 0.0835 0.2333
vt 0.0000 0.0000
vt 0.2679 0.0000
vt 0.3225 0.1922
vt 0.1564 0.1922
vt 0.0000 0.0000
vt 0.2679 -0.0000
vt 0.1115 0.1922
vt -0.0546 0.1922
vt 0.0000 0.0000
vt 0.2618 -0.0000
vt 0.1867 0.1983
vt 0.0244 0.1983
vt 0.0000 0.0000
vt 0.2618 -0.0000
vt 0.2375 0.1983
vt 0.0751 0.1983
vt 0.0000 0.0000
vt 0.2627 -0.0000
vt 0.1082 0.2049
vt -0.0547 0.2049
vt 0.0000 0.0000
vt 0.2627 0.0000
vt 0.3174 0.2049
vt 0.1545 0.2049
vt 0.0000 0.0000
vt 0.2478 -0.0000
vt 0.0068 0.2105
vt -0.1468 0.2105
vt 0.0000 0.0000
vt 0.2478 0.0000
vt 0.3946 0.2105
vt 0.2410 0.2105
vt 0.0000 0.0000
vt 0.2286 -0.0000
vt 0.3135 0.2700
vt 0.1718 0.2700
vt 0.0000 0.0000
vt 0.2286 -0.0000
vt 0.0568 0.2699
vt -0.0849 0.2699
vt 0.0000 0.0000
vt 0.2395 -0.0000
vt 0.2692 0.2560
vt 0.1208 0.2560
vt 0.0000 0.0000
vt 0.2395 0.0000
vt 0.1187 0.2559
vt -0.0297 0.2559
vt 0.0000 0.0000
vt 0.2365 -0.0000
vt 0.1415 0.2576
vt -0.0052 0.2576
vt 0.0000 0.0000
vt 0.2365 -0.0000
vt 0.2417 0.2576
vt 0.0950 0.2576
vt 0.0000 0.0000
vt 0.2381 -0.0000
vt 0.0656 0.2621
vt -0.0820 0.2621
vt 0.0000 0.0000
vt 0.2381 -0.0000
vt 0.3200 0.2620
vt 0.1724 0.2620
vt 0.0000 0.0000
vt 0.2032 0.0000
vt 0.4010 0.1509
vt 0.2751 0.1510
vt 0.0000 0.0000
vt 0.2032 0.0000
vt -0.0717 0.1510
vt -0.1977 0.1510
vt 0.0000 0.0000
vt 0.2993 -0.0000
vt 0.4185 0.0874
vt 0.2329 0.0874
vt 0.0000 0.0000
vt 0.2993 -0.0000
vt 0.0665 0.0875
vt -0.1191 0.0875
vt 0.0000 0.0000
vt 0.1886 -0.0000
vt 0.1992 0.1228
vt 0.0823 0.1228
vt 0.0000 0.0000
vt 0.1886 -0.0000
vt 0.1064 0.1228
vt -0.0106 0.1228
vt 0.0000 0.0000
vt 0.2075 -0.0000
vt 0.1555 0.1203
vt 0.0268 0.1203
vt 0.0000 0.0000
vt 0.2075 0.0000
vt 0.1807 0.1203
vt 0.0520 0.1203
vt 0.0000 0.0000
vt 0.2840 -0.0000
vt 0.0978 0.1052
vt -0.0782 0.1052
vt 0.0000 0.0000
vt 0.2840 -0.0000
vt 0.3621 0.1052
vt 0.1861 0.1052
vt 0.0000 0.0000
vt 0.2568 -0.0000
vt -0.0012 0.1413
vt -0.1604 0.1413
vt 0.0000 0.0000
vt 0.2568 0.0000
vt 0.4172 0.1413
vt 0.2580 0.1413
vt 0.0000 0.0000
vt 0.1073 0.0000
vt -0.1348 0.1627
vt -0.1867 0.1627
vt 0.0000 0.0000
vt 0.1073 -0.0000
vt 0.2940 0.1628
vt 0.2421 0.1628
vt 0.0000 0.0000
vt 0.1598 -0.0000
vt 0.3155 0.1684
vt 0.2382 0.1684
vt 0.0000 0.0000
vt 0.1598 -0.0000
vt -0.0784 0.1684
vt -0.1557 0.1684
vt 0.0000 0.0000
vt 0.1352 -0.0000
vt 0.1856 0.1954
vt 0.1202 0.1954
vt 0.0000 0.0000
vt 0.1352 0.0000
vt 0.0149 0.1954
vt -0.0504 0.1954
vt 0.0000 0.0000
vt 0.1436 -0.0000
vt 0.1207 0.1952
vt 0.0513 0.1952
vt 0.0000 0.0000
vt 0.1436 -0.0000
vt 0.0924 0.1952
vt 0.0229 0.1952
vt 0.0000 0.0000
vt 0.1437 0.0000
vt 0.0734 0.1965
vt 0.0039 0.1965
vt 0.0000 0.0000
vt 0.1437 -0.0000
vt 0.1398 0.1965
vt 0.0703 0.1965
vt 0.0000 0.0000
vt 0.1661 0.0000
vt 0.2120 0.1619
vt 0.1317 0.1619
vt 0.0000 0.0000
vt 0.1661 -0.0000
vt 0.0344 0.1619
vt -0.0459 0.1619
vt 0.0000 0.0000
vt 0.1623 0.0000
vt 0.0991 0.1670
vt 0.0205 0.1670
vt 0.0000 0.0000
vt 0.1623 0.0000
vt 0.1418 0.1670
vt 0.0633 0.1670
vt 0.0000 0.0000
vt 0.1629 0.0000
vt 0.0328 0.1725
vt -0.0460 0.1725
vt 0.0000 0.0000
vt 0.1629 0.0000
vt 0.2089 0.1726
vt 0.1301 0.1725
vt 0.0000 0.0000
vt 0.1536 -0.0000
vt -0.0493 0.1773
vt -0.1236 0.1773
vt 0.0000 0.0000
vt 0.1536 -0.0000
vt 0.2772 0.1773
vt 0.2029 0.1773
vt 0.0000 0.0000
vt 0.1417 -0.0000
vt 0.2132 0.2273
vt 0.1447 0.2273
vt 0.0000 0.0000
vt 0.1417 0.0000
vt -0.0029 0.2273
vt -0.0715 0.2273
vt 0.0000 0.0000
vt 0.1485 0.0000
vt 0.1735 0.2155
vt 0.1017 0.2155
vt 0.0000 0.0000
vt 0.1485 -0.0000
vt 0.0468 0.2155
vt -0.0250 0.2155
vt 0.0000 0.0000
vt 0.1466 0.0000
vt 0.0666 0.2169
vt -0.0043 0.2169
vt 0.0000 0.0000
vt 0.1466 0.0000
vt 0.1510 0.2169
vt 0.0800 0.2169
vt 0.0000 0.0000
vt 0.1476 -0.0000
vt 0.0024 0.2207
vt -0.0690 0.2207
vt 0.0000 0.0000
vt 0.1476 -0.0000
vt 0.2165 0.2207
vt 0.1451 0.2207
vt 0.0000 0.0000
vt 0.1260 0.0000
vt 0.2925 0.1271
vt 0.2315 0.1271
vt 0.0000 0.0000
vt 0.1260 -0.0000
vt -0.1055 0.1271
vt -0.1665 0.1272
vt 0.0000 0.0000
vt 0.1856 -0.0000
vt 0.2859 0.0736
vt 0.1961 0.0736
vt 0.0000 0.0000
vt 0.1856 -0.0000
vt -0.0105 0.0737
vt -0.1003 0.0737
vt 0.0000 0.0000
vt 0.1169 -0.0000
vt 0.1258 0.1034
vt 0.0693 0.1034
vt 0.0000 0.0000
vt 0.1169 0.0000
vt 0.0477 0.1034
vt -0.0089 0.1034
vt 0.0000 0.0000
vt 0.1287 -0.0000
vt 0.0849 0.1013
vt 0.0226 0.1013
vt 0.0000 0.0000
vt 0.1287 0.0000
vt 0.1061 0.1013
vt 0.0438 0.1013
vt 0.0000 0.0000
vt 0.1761 -0.0000
vt 0.0193 0.0886
vt -0.0658 0.0886
vt 0.0000 0.0000
vt 0.1761 -0.0000
vt 0.2419 0.0886
vt 0.1567 0.0886
vt 0.0000 0.0000
vt 0.1592 0.0000
vt -0.0580 0.1190
vt -0.1351 0.1190
vt 0.0000 0.0000
vt 0.1592 0.0000
vt 0.2942 0.1190
vt 0.2172 0.1190
vt 0.0000 0.0000
vt 0.0519 0.0000
vt -0.1750 0.1526
vt 0.0000 0.0000
vt 0.0519 0.0000
vt 0.2270 0.1526
vt 0.0000 0.0000
vt 0.0773 -0.0000
vt 0.2233 0.1579
vt 0.0000 0.0000
vt 0.0773 -0.0000
vt -0.1460 0.1579
vt 0.0000 0.0000
vt 0.0654 -0.0000
vt 0.1127 0.1832
vt 0.0000 0.0000
vt 0.0654 -0.0000
vt -0.0473 0.1832
vt 0.0000 0.0000
vt 0.0695 -0.0000
vt 0.0480 0.1830
vt 0.0000 0.0000
vt 0.0695 -0.0000
vt 0.0214 0.1830
vt 0.0000 0.0000
vt 0.0695 0.0000
vt 0.0036 0.1842
vt 0.0000 0.0000
vt 0.0695 0.0000
vt 0.0659 0.1842
vt 0.0000 0.0000
vt 0.0804 0.0000
vt 0.1234 0.1517
vt 0.0000 0.0000
vt 0.0804 0.0000
vt -0.0431 0.1517
vt 0.0000 0.0000
vt 0.0786 0.0000
vt 0.0193 0.1566
vt 0.0000 0.0000
vt 0.0786 -0.0000
vt 0.0593 0.1566
vt 0.0000 0.0000
vt 0.0788 -0.0000
vt -0.0432 0.1618
vt 0.0000 0.0000
vt 0.0788 0.0000
vt 0.1220 0.1618
vt 0.0000 0.0000
vt 0.0743 0.0000
vt -0.1159 0.1662
vt 0.0000 0.0000
vt 0.0743 0.0000
vt 0.1902 0.1662
vt 0.0000 0.0000
vt 0.0686 0.0000
vt 0.1356 0.2131
vt 0.0000 0.0000
vt 0.0686 0.0000
vt -0.0670 0.2131
vt 0.0000 0.0000
vt 0.0718 -0.0000
vt 0.0953 0.2020
vt 0.0000 0.0000
vt 0.0718 0.0000
vt -0.0235 0.2020
vt 0.0000 0.0000
vt 0.0710 -0.0000
vt -0.0040 0.2033
vt 0.0000 0.0000
vt 0.0710 -0.0000
vt 0.0750 0.2033
vt 0.0000 0.0000
vt 0.0714 -0.0000
vt -0.0646 0.2069
vt 0.0000 0.0000
vt 0.0714 -0.0000
vt 0.1361 0.2069
vt 0.0000 0.0000
vt 0.0610 -0.0000
vt 0.2170 0.1192
vt 0.0000 0.0000
vt 0.0609 0.0000
vt -0.1561 0.1192
vt 0.0000 0.0000
vt 0.0898 -0.0000
vt 0.1838 0.0690
vt 0.0000 0.0000
vt 0.0898 0.0000
vt -0.0941 0.0690
vt 0.0000 0.0000
vt 0.0566 0.0000
vt 0.0649 0.0969
vt 0.0000 0.0000
vt 0.0566 -0.0000
vt -0.0083 0.0969
vt 0.0000 0.0000
vt 0.0623 -0.0000
vt 0.0212 0.0950
vt 0.0000 0.0000
vt 0.0623 -0.0000
vt 0.0411 0.0950
vt 0.0000 0.0000
vt 0.0852 -0.0000
vt -0.0617 0.0830
vt 0.0000 0.0000
vt 0.0852 -0.0000
vt 0.1469 0.0830
vt 0.0000 0.0000
vt 0.0770 0.0000
vt -0.1266 0.1116
vt 0.0000 0.0000
vt 0.0770 -0.0000
vt 0.2036 0.1116
vt 0.0000 0.0000
vt 0.0669 0.0000
vt 0.0000 0.3519
vt 0.0000 0.3627
vt 0.0000 0.0000
vt 0.0669 0.0000
vt 0.0000 0.3519
vt 0.0000 0.3642
vt 0.0000 0.0000
vt 0.0669 -0.0000
vt 0.0000 0.3504
vt 0.0000 0.3641
vt 0.0000 0.0000
vt 0.0669 0.0000
vt 0.0000 0.3504
vt 0.0000 0.3627
vt 0.0000 0.0000
vt 0.0669 0.0000
vt -0.0079 0.3533
vt -0.0079 0.3550
vt 0.0000 0.0000
vt 0.0669 -0.0000
vt 0.0013 0.3595
vt 0.0003 0.3673
vt 0.0000 0.0000
vt 0.0669 -0.0000
vt 0.0082 0.3491
vt 0.0082 0.3714
vt 0.0000 0.0000
vt 0.0669 0.0000
vt 0.0006 0.3428
vt -0.0004 0.3595
vt 0.0000 0.0000
vt 0.0669 -0.0000
vt -0.0574 0.3463
vt -0.0574 0.3504
vt 0.0000 0.0000
vt 0.0669 0.0000
vt -0.0237 0.3546
vt -0.0239 0.3732
vt 0.0000 0.0000
vt 0.0669 0.0000
vt 0.0575 0.3467
vt 0.0575 0.3671
vt 0.0000 0.0000
vt 0.0669 0.0000
vt 0.0240 0.3461
vt 0.0238 0.3518
vt 0.0000 0.0000
vt 0.0669 0.0000
vt -0.0449 0.3475
vt -0.0449 0.3598
vt 0.0000 0.0000
vt 0.0669 -0.0000
vt 0.0375 0.3570
vt 0.0367 0.3691
vt 0.0000 0.0000
vt 0.0669 0.0000
vt 0.0455 0.3490
vt 0.0455 0.3613
vt 0.0000 0.0000
vt 0.0669 -0.0000
vt -0.0363 0.3414
vt -0.0372 0.3538
vt 0.0000 0.0000
vt 0.0669 0.0000
vt 0.0669 0.0669
vt 0.0000 0.0669
vt 0.0000 0.0000
vt 0.0669 0.0000
vt 0.0669 0.0669
vt 0.0000 0.0669
vt 0.0000 0.0000
vt 0.0753 0.0000
vt 0.0004 0.5913
vt 0.0004 0.5790
vt 0.0000 0.0000
vt 0.0753 -0.0000
vt 0.0030 0.6011
vt 0.0001 0.6006
vt 0.0000 0.0000
vt 0.0753 0.0000
vt 0.0004 0.5802
vt 0.0004 0.6101
vt 0.0000 0.0000
vt 0.0753 0.0000
vt 0.0030 0.5698
vt 0.0001 0.5891
vt 0.0000 0.0000
vt 0.0753 0.0000
vt -0.1670 0.5448
vt -0.1670 0.5570
vt 0.0000 0.0000
vt 0.0753 -0.0000
vt -0.0786 0.5838
vt -0.0755 0.5961
vt 0.0000 0.0000
vt 0.0753 0.0000
vt 0.1695 0.5766
vt 0.1695 0.5842
vt 0.0000 0.0000
vt 0.0753 0.0000
vt 0.0765 0.5766
vt 0.0796 0.5836
vt 0.0000 0.0000
vt 0.0753 0.0000
vt 0.0155 0.5869
vt 0.0155 0.5881
vt 0.0000 0.0000
vt 0.0753 0.0000
vt 0.0193 0.5939
vt 0.0183 0.5945
vt 0.0000 0.0000
vt 0.0753 -0.0000
vt -0.0151 0.5835
vt -0.0151 0.6011
vt 0.0000 0.0000
vt 0.0753 0.0000
vt -0.0175 0.5764
vt -0.0185 0.5947
vt 0.0000 0.0000
vt 0.0753 -0.0000
vt -0.0653 0.5729
vt -0.0653 0.5826
vt 0.0000 0.0000
vt 0.0753 -0.0000
vt -0.0707 0.5808
vt -0.0697 0.5905
vt 0.0000 0.0000
vt 0.0753 -0.0000
vt 0.0658 0.5905
vt 0.0658 0.5999
vt 0.0000 0.0000
vt 0.0753 -0.0000
vt 0.0703 0.5815
vt 0.0713 0.5910
vt 0.0000 0.0000
vt 0.0753 0.0000
vt 0.0753 0.0753
vt -0.0000 0.0753
vt 0.0000 0.0000
vt 0.0753 0.0000
vt 0.0753 0.0753
vt 0.0000 0.0753
vt 0.0000 0.0000
vt 0.0961 0.0000
vt 0.0932 0.0883
vt -0.0029 0.0884
vt 0.0000 0.0000
vt 0.1056 -0.0000
vt 0.1054 0.0883
vt -0.0003 0.0883
vt 0.0000 0.0000
vt 0.0985 0.0000
vt 0.0951 0.0881
vt -0.0034 0.0882
vt 0.0000 0.0000
vt 0.0908 0.0000
vt 0.0887 0.0881
vt -0.0021 0.0882
vt 0.0000 0.0000
vt 0.1654 -0.0000
vt 0.1630 0.0879
vt -0.0025 0.0881
vt 0.0000 0.0000
vt 0.2012 0.0000
vt 0.2002 0.0879
vt -0.0010 0.0880
vt 0.0000 0.0000
vt 0.2030 -0.0000
vt 0.2040 0.0880
vt 0.0010 0.0879
vt 0.0000 0.0000
vt 0.2049 0.0000
vt 0.2071 0.0881
vt 0.0022 0.0879
vt 0.0000 0.0000
vt 0.1180 0.0000
vt 0.1205 0.0882
vt 0.0025 0.0881
vt 0.0000 0.0000
vt 0.1084 0.0000
vt 0.1108 0.0883
vt 0.0024 0.0882
vt 0.0000 0.0000
vt 0.1090 -0.0000
vt 0.1117 0.0884
vt 0.0027 0.0883
vt 0.0000 0.0000
vt 0.1080 0.0000
vt 0.1104 0.0885
vt 0.0024 0.0884
vt 0.0000 0.0000
vt 0.0908 -0.0000
vt 0.0915 0.0885
vt 0.0006 0.0885
vt 0.0000 0.0000
vt 0.1206 0.0000
vt 0.1201 0.0885
vt -0.0006 0.0885
vt 0.0000 0.0000
vt 0.1445 0.0000
vt 0.1410 0.0883
vt -0.0035 0.0884
vt 0.0000 0.0000
vt 0.1460 -0.0000
vt 0.1424 0.0881
vt -0.0036 0.0883
vt 0.0000 0.0000
vt 0.1374 0.0000
vt 0.1346 0.0880
vt -0.0028 0.0881
vt 0.0000 0.0000
vt 0.1124 0.0000
vt 0.1100 0.0879
vt -0.0024 0.0880
vt 0.0000 0.0000
vt 0.1455 0.0000
vt 0.1450 0.0879
vt -0.0005 0.0879
vt 0.0000 0.0000
vt 0.1436 0.0000
vt 0.1442 0.0879
vt 0.0006 0.0879
vt 0.0000 0.0000
vt 0.1295 0.0000
vt 0.1315 0.0880
vt 0.0020 0.0879
vt 0.0000 0.0000
vt 0.1897 0.0000
vt 0.1915 0.0881
vt 0.0019 0.0880
vt 0.0000 0.0000
vt 0.1366 0.0000
vt 0.1404 0.0882
vt 0.0038 0.0881
vt 0.0000 0.0000
vt 0.0826 0.0000
vt 0.0847 0.0884
vt 0.0021 0.0883
vt 0.0000 0.0000
vt 0.0806 0.0000
vt 0.0825 0.0884
vt 0.0018 0.0884
vt 0.0000 0.0000
vt 0.0791 0.0000
vt 0.0806 0.0885
vt 0.0015 0.0884
vt 0.0000 0.0000
vt 0.0926 0.0000
vt 0.0959 0.0885
vt 0.0033 0.0884
vt 0.0000 0.0000
vt 0.0887 -0.0000
vt 0.0881 0.0886
vt -0.0006 0.0886
vt 0.0000 0.0000
vt 0.1313 0.0000
vt 0.1278 0.0883
vt -0.0035 0.0885
vt 0.0000 0.0000
vt 0.0961 0.0000
vt 0.1712 0.1668
vt 0.1116 0.1668
vt 0.0000 0.0000
vt 0.0961 -0.0000
vt -0.0155 0.1668
vt -0.0751 0.1667
vt 0.0000 0.0000
vt 0.1056 0.0000
vt -0.0243 0.1593
vt -0.0898 0.1593
vt 0.0000 0.0000
vt 0.1056 0.0000
vt 0.1955 0.1593
vt 0.1300 0.1593
vt 0.0000 0.0000
vt 0.0985 -0.0000
vt 0.1777 0.1693
vt 0.1167 0.1693
vt 0.0000 0.0000
vt 0.0985 -0.0000
vt -0.0182 0.1693
vt -0.0792 0.1693
vt 0.0000 0.0000
vt 0.0908 -0.0000
vt -0.0257 0.1680
vt -0.0820 0.1680
vt 0.0000 0.0000
vt 0.0908 -0.0000
vt 0.1727 0.1680
vt 0.1165 0.1680
vt 0.0000 0.0000
vt 0.1654 0.0000
vt 0.2041 0.1774
vt 0.1016 0.1774
vt 0.0000 0.0000
vt 0.1654 -0.0000
vt 0.0639 0.1774
vt -0.0387 0.1774
vt 0.0000 0.0000
vt 0.2012 -0.0000
vt 0.1832 0.1719
vt 0.0585 0.1719
vt 0.0000 0.0000
vt 0.2012 0.0000
vt 0.1427 0.1719
vt 0.0180 0.1719
vt 0.0000 0.0000
vt 0.2030 0.0000
vt 0.1555 0.1702
vt 0.0296 0.1702
vt 0.0000 0.0000
vt 0.2030 -0.0000
vt 0.1734 0.1703
vt 0.0475 0.1702
vt 0.0000 0.0000
vt 0.2049 0.0000
vt 0.0526 0.1603
vt -0.0745 0.1603
vt 0.0000 0.0000
vt 0.2049 -0.0000
vt 0.2794 0.1603
vt 0.1524 0.1603
vt 0.0000 0.0000
vt 0.1180 0.0000
vt 0.1764 0.1956
vt 0.1033 0.1955
vt 0.0000 0.0000
vt 0.1180 0.0000
vt 0.0147 0.1955
vt -0.0585 0.1955
vt 0.0000 0.0000
vt 0.1084 0.0000
vt 0.1101 0.1996
vt 0.0429 0.1996
vt 0.0000 0.0000
vt 0.1084 0.0000
vt 0.0655 0.1995
vt -0.0017 0.1995
vt 0.0000 0.0000
vt 0.1090 0.0000
vt 0.0333 0.1966
vt -0.0342 0.1966
vt 0.0000 0.0000
vt 0.1090 0.0000
vt 0.1432 0.1966
vt 0.0756 0.1966
vt 0.0000 0.0000
vt 0.1080 0.0000
vt 0.0046 0.2013
vt -0.0623 0.2013
vt 0.0000 0.0000
vt 0.1080 0.0000
vt 0.1703 0.2012
vt 0.1033 0.2013
vt 0.0000 0.0000
vt 0.0908 0.0000
vt 0.0308 0.2248
vt -0.0255 0.2248
vt 0.0000 0.0000
vt 0.0908 -0.0000
vt 0.1163 0.2248
vt 0.0600 0.2248
vt 0.0000 0.0000
vt 0.1206 0.0000
vt 0.0528 0.2317
vt -0.0220 0.2317
vt 0.0000 0.0000
vt 0.1206 -0.0000
vt 0.1426 0.2316
vt 0.0678 0.2316
vt 0.0000 0.0000
vt 0.1445 0.0000
vt 0.1829 0.2225
vt 0.0934 0.2226
vt 0.0000 0.0000
vt 0.1445 0.0000
vt 0.0511 0.2226
vt -0.0384 0.2225
vt 0.0000 0.0000
vt 0.1460 0.0000
vt 0.1785 0.2080
vt 0.0881 0.2080
vt 0.0000 0.0000
vt 0.1460 -0.0000
vt 0.0579 0.2080
vt -0.0325 0.2080
vt 0.0000 0.0000
vt 0.1374 0.0000
vt 0.1983 0.1775
vt 0.1131 0.1775
vt 0.0000 0.0000
vt 0.1374 0.0000
vt 0.0243 0.1775
vt -0.0609 0.1775
vt 0.0000 0.0000
vt 0.1124 0.0000
vt 0.0692 0.1877
vt -0.0005 0.1877
vt 0.0000 0.0000
vt 0.1124 -0.0000
vt 0.1130 0.1877
vt 0.0433 0.1877
vt 0.0000 0.0000
vt 0.1455 -0.0000
vt 0.1785 0.1711
vt 0.0883 0.1711
vt 0.0000 0.0000
vt 0.1455 0.0000
vt 0.0572 0.1712
vt -0.0330 0.1712
vt 0.0000 0.0000
vt 0.1436 0.0000
vt 0.1255 0.1704
vt 0.0365 0.1704
vt 0.0000 0.0000
vt 0.1436 0.0000
vt 0.1072 0.1705
vt 0.0181 0.1705
vt 0.0000 0.0000
vt 0.1295 0.0000
vt 0.1304 0.1639
vt 0.0501 0.1639
vt 0.0000 0.0000
vt 0.1295 0.0000
vt 0.0794 0.1639
vt -0.0009 0.1639
vt 0.0000 0.0000
vt 0.1897 -0.0000
vt 0.0007 0.1149
vt -0.1168 0.1149
vt 0.0000 0.0000
vt 0.1897 0.0000
vt 0.3065 0.1150
vt 0.1889 0.1149
vt 0.0000 0.0000
vt 0.1366 0.0000
vt -0.0393 0.1831
vt -0.1240 0.1831
vt 0.0000 0.0000
vt 0.1366 -0.0000
vt 0.2606 0.1832
vt 0.1759 0.1831
vt 0.0000 0.0000
vt 0.0826 0.0000
vt 0.1673 0.2259
vt 0.1161 0.2258
vt 0.0000 0.0000
vt 0.0826 0.0000
vt -0.0335 0.2258
vt -0.0847 0.2258
vt 0.0000 0.0000
vt 0.0806 0.0000
vt 0.1326 0.2266
vt 0.0827 0.2266
vt 0.0000 0.0000
vt 0.0806 0.0000
vt -0.0020 0.2266
vt -0.0520 0.2266
vt 0.0000 0.0000
vt 0.0791 0.0000
vt 0.1016 0.2265
vt 0.0526 0.2265
vt 0.0000 0.0000
vt 0.0791 -0.0000
vt 0.0265 0.2265
vt -0.0225 0.2265
vt 0.0000 0.0000
vt 0.0926 0.0000
vt -0.0413 0.2051
vt -0.0987 0.2051
vt 0.0000 0.0000
vt 0.0926 0.0000
vt 0.1912 0.2051
vt 0.1339 0.2051
vt 0.0000 0.0000
vt 0.0887 0.0000
vt 0.1244 0.2349
vt 0.0694 0.2349
vt 0.0000 0.0000
vt 0.0887 -0.0000
vt 0.0193 0.2349
vt -0.0357 0.2349
vt 0.0000 0.0000
vt 0.1313 -0.0000
vt 0.2684 0.1466
vt 0.1870 0.1466
vt 0.0000 0.0000
vt 0.1313 0.0000
vt -0.0557 0.1466
vt -0.1370 0.1466
vt 0.0000 0.0000
vt 0.0595 -0.0000
vt 0.1227 0.1404
vt 0.0939 0.1404
vt 0.0000 0.0000
vt 0.0595 -0.0000
vt -0.0343 0.1404
vt -0.0631 0.1404
vt 0.0000 0.0000
vt 0.0655 0.0000
vt -0.0440 0.1341
vt -0.0757 0.1341
vt 0.0000 0.0000
vt 0.0655 -0.0000
vt 0.1411 0.1341
vt 0.1095 0.1341
vt 0.0000 0.0000
vt 0.0610 0.0000
vt 0.1277 0.1426
vt 0.0982 0.1426
vt 0.0000 0.0000
vt 0.0610 -0.0000
vt -0.0371 0.1426
vt -0.0667 0.1426
vt 0.0000 0.0000
vt 0.0563 0.0000
vt -0.0418 0.1414
vt -0.0691 0.1414
vt 0.0000 0.0000
vt 0.0563 0.0000
vt 0.1253 0.1414
vt 0.0981 0.1414
vt 0.0000 0.0000
vt 0.1025 0.0000
vt 0.1352 0.1494
vt 0.0856 0.1493
vt 0.0000 0.0000
vt 0.1025 0.0000
vt 0.0170 0.1494
vt -0.0326 0.1494
vt 0.0000 0.0000
vt 0.1247 0.0000
vt 0.1096 0.1447
vt 0.0493 0.1447
vt 0.0000 0.0000
vt 0.1247 -0.0000
vt 0.0755 0.1447
vt 0.0151 0.1447
vt 0.0000 0.0000
vt 0.1259 -0.0000
vt 0.0858 0.1433
vt 0.0249 0.1433
vt 0.0000 0.0000
vt 0.1259 0.0000
vt 0.1010 0.1434
vt 0.0400 0.1434
vt 0.0000 0.0000
vt 0.1270 0.0000
vt -0.0013 0.1350
vt -0.0627 0.1350
vt 0.0000 0.0000
vt 0.1270 -0.0000
vt 0.1898 0.1350
vt 0.1283 0.1350
vt 0.0000 0.0000
vt 0.0731 -0.0000
vt 0.1224 0.1646
vt 0.0870 0.1646
vt 0.0000 0.0000
vt 0.0731 -0.0000
vt -0.0139 0.1646
vt -0.0493 0.1646
vt 0.0000 0.0000
vt 0.0672 0.0000
vt 0.0687 0.1680
vt 0.0362 0.1680
vt 0.0000 0.0000
vt 0.0672 -0.0000
vt 0.0310 0.1680
vt -0.0015 0.1680
vt 0.0000 0.0000
vt 0.0676 -0.0000
vt 0.0040 0.1656
vt -0.0287 0.1656
vt 0.0000 0.0000
vt 0.0676 0.0000
vt 0.0963 0.1655
vt 0.0636 0.1655
vt 0.0000 0.0000
vt 0.0669 -0.0000
vt -0.0200 0.1694
vt -0.0524 0.1694
vt 0.0000 0.0000
vt 0.0669 0.0000
vt 0.1193 0.1694
vt 0.0869 0.1694
vt 0.0000 0.0000
vt 0.0563 0.0000
vt 0.0058 0.1892
vt -0.0214 0.1892
vt 0.0000 0.0000
vt 0.0563 -0.0000
vt 0.0778 0.1892
vt 0.0505 0.1892
vt 0.0000 0.0000
vt 0.0748 0.0000
vt 0.0176 0.1950
vt -0.0185 0.1950
vt 0.0000 0.0000
vt 0.0748 -0.0000
vt 0.0933 0.1949
vt 0.0571 0.1949
vt 0.0000 0.0000
vt 0.0895 -0.0000
vt 0.1218 0.1874
vt 0.0785 0.1874
vt 0.0000 0.0000
vt 0.0895 -0.0000
vt 0.0110 0.1874
vt -0.0323 0.1874
vt 0.0000 0.0000
vt 0.0905 0.0000
vt 0.1178 0.1751
vt 0.0741 0.1751
vt 0.0000 0.0000
vt 0.0905 -0.0000
vt 0.0164 0.1751
vt -0.0273 0.1751
vt 0.0000 0.0000
vt 0.0852 -0.0000
vt 0.1365 0.1495
vt 0.0953 0.1495
vt 0.0000 0.0000
vt 0.0852 -0.0000
vt -0.0101 0.1495
vt -0.0513 0.1495
vt 0.0000 0.0000
vt 0.0697 0.0000
vt 0.0333 0.1580
vt -0.0004 0.1580
vt 0.0000 0.0000
vt 0.0697 0.0000
vt 0.0701 0.1580
vt 0.0364 0.1580
vt 0.0000 0.0000
vt 0.0902 0.0000
vt 0.1180 0.1441
vt 0.0744 0.1441
vt 0.0000 0.0000
vt 0.0902 -0.0000
vt 0.0158 0.1441
vt -0.0278 0.1441
vt 0.0000 0.0000
vt 0.0891 0.0000
vt 0.0738 0.1435
vt 0.0307 0.1435
vt 0.0000 0.0000
vt 0.0890 -0.0000
vt 0.0583 0.1435
vt 0.0153 0.1435
vt 0.0000 0.0000
vt 0.0803 -0.0000
vt 0.0810 0.1380
vt 0.0422 0.1380
vt 0.0000 0.0000
vt 0.0803 -0.0000
vt 0.0381 0.1380
vt -0.0007 0.1380
vt 0.0000 0.0000
vt 0.1176 0.0000
vt -0.0415 0.0968
vt -0.0984 0.0968
vt 0.0000 0.0000
vt 0.1176 -0.0000
vt 0.2160 0.0968
vt 0.1591 0.0968
vt 0.0000 0.0000
vt 0.0847 0.0000
vt -0.0635 0.1542
vt -0.1044 0.1542
vt 0.0000 0.0000
vt 0.0847 -0.0000
vt 0.1890 0.1542
vt 0.1481 0.1542
vt 0.0000 0.0000
vt 0.0512 0.0000
vt 0.1227 0.1901
vt 0.0979 0.1901
vt 0.0000 0.0000
vt 0.0512 -0.0000
vt -0.0467 0.1901
vt -0.0715 0.1901
vt 0.0000 0.0000
vt 0.0500 0.0000
vt 0.0939 0.1908
vt 0.0697 0.1908
vt 0.0000 0.0000
vt 0.0500 -0.0000
vt -0.0197 0.1907
vt -0.0439 0.1907
vt 0.0000 0.0000
vt 0.0490 0.0000
vt 0.0681 0.1907
vt 0.0444 0.1907
vt 0.0000 0.0000
vt 0.0490 0.0000
vt 0.0047 0.1906
vt -0.0191 0.1906
vt 0.0000 0.0000
vt 0.0574 0.0000
vt -0.0552 0.1727
vt -0.0830 0.1727
vt 0.0000 0.0000
vt 0.0574 -0.0000
vt 0.1403 0.1727
vt 0.1126 0.1727
vt 0.0000 0.0000
vt 0.0550 0.0000
vt 0.0850 0.1977
vt 0.0584 0.1977
vt 0.0000 0.0000
vt 0.0550 -0.0000
vt -0.0034 0.1977
vt -0.0300 0.1977
vt 0.0000 0.0000
vt 0.0814 -0.0000
vt 0.1967 0.1234
vt 0.1573 0.1234
vt 0.0000 0.0000
vt 0.0814 -0.0000
vt -0.0759 0.1234
vt -0.1153 0.1234
vt 0.0000 0.0000
vt 0.0288 0.0000
vt 0.0880 0.1316
vt 0.0000 0.0000
vt 0.0288 -0.0000
vt -0.0592 0.1317
vt 0.0000 0.0000
vt 0.0317 -0.0000
vt -0.0709 0.1257
vt 0.0000 0.0000
vt 0.0317 0.0000
vt 0.1026 0.1258
vt 0.0000 0.0000
vt 0.0295 -0.0000
vt 0.0920 0.1336
vt 0.0000 0.0000
vt 0.0295 0.0000
vt -0.0625 0.1337
vt 0.0000 0.0000
vt 0.0272 0.0000
vt -0.0648 0.1326
vt 0.0000 0.0000
vt 0.0272 -0.0000
vt 0.0920 0.1326
vt 0.0000 0.0000
vt 0.0496 0.0000
vt 0.0802 0.1400
vt 0.0000 0.0000
vt 0.0496 -0.0000
vt -0.0306 0.1400
vt 0.0000 0.0000
vt 0.0604 0.0000
vt 0.0462 0.1357
vt 0.0000 0.0000
vt 0.0604 0.0000
vt 0.0141 0.1357
vt 0.0000 0.0000
vt 0.0609 -0.0000
vt 0.0233 0.1344
vt 0.0000 0.0000
vt 0.0609 -0.0000
vt 0.0376 0.1344
vt 0.0000 0.0000
vt 0.0615 -0.0000
vt -0.0588 0.1265
vt 0.0000 0.0000
vt 0.0615 -0.0000
vt 0.1203 0.1265
vt 0.0000 0.0000
vt 0.0354 0.0000
vt 0.0816 0.1543
vt 0.0000 0.0000
vt 0.0354 0.0000
vt -0.0462 0.1544
vt 0.0000 0.0000
vt 0.0325 0.0000
vt 0.0339 0.1575
vt 0.0000 0.0000
vt 0.0325 -0.0000
vt -0.0014 0.1575
vt 0.0000 0.0000
vt 0.0327 -0.0000
vt -0.0269 0.1552
vt 0.0000 0.0000
vt 0.0327 0.0000
vt 0.0596 0.1552
vt 0.0000 0.0000
vt 0.0324 0.0000
vt -0.0491 0.1588
vt 0.0000 0.0000
vt 0.0324 -0.0000
vt 0.0815 0.1589
vt 0.0000 0.0000
vt 0.0273 0.0000
vt -0.0201 0.1774
vt 0.0000 0.0000
vt 0.0273 0.0000
vt 0.0473 0.1774
vt 0.0000 0.0000
vt 0.0362 -0.0000
vt -0.0174 0.1827
vt 0.0000 0.0000
vt 0.0362 0.0000
vt 0.0536 0.1828
vt 0.0000 0.0000
vt 0.0433 -0.0000
vt 0.0735 0.1757
vt 0.0000 0.0000
vt 0.0433 -0.0000
vt -0.0303 0.1757
vt 0.0000 0.0000
vt 0.0438 0.0000
vt 0.0694 0.1642
vt 0.0000 0.0000
vt 0.0438 0.0000
vt -0.0257 0.1642
vt 0.0000 0.0000
vt 0.0412 0.0000
vt 0.0893 0.1401
vt 0.0000 0.0000
vt 0.0412 0.0000
vt -0.0481 0.1401
vt 0.0000 0.0000
vt 0.0337 -0.0000
vt -0.0004 0.1481
vt 0.0000 0.0000
vt 0.0337 0.0000
vt 0.0341 0.1482
vt 0.0000 0.0000
vt 0.0436 0.0000
vt 0.0697 0.1351
vt 0.0000 0.0000
vt 0.0436 0.0000
vt -0.0261 0.1351
vt 0.0000 0.0000
vt 0.0431 -0.0000
vt 0.0288 0.1345
vt 0.0000 0.0000
vt 0.0431 -0.0000
vt 0.0143 0.1346
vt 0.0000 0.0000
vt 0.0388 0.0000
vt 0.0395 0.1294
vt 0.0000 0.0000
vt 0.0388 0.0000
vt -0.0007 0.1294
vt 0.0000 0.0000
vt 0.0569 0.0000
vt -0.0923 0.0907
vt 0.0000 0.0000
vt 0.0569 0.0000
vt 0.1492 0.0907
vt 0.0000 0.0000
vt 0.0410 -0.0000
vt -0.0979 0.1446
vt 0.0000 0.0000
vt 0.0410 0.0000
vt 0.1389 0.1446
vt 0.0000 0.0000
vt 0.0248 -0.0000
vt 0.0918 0.1782
vt 0.0000 0.0000
vt 0.0248 0.0000
vt -0.0670 0.1782
vt 0.0000 0.0000
vt 0.0242 0.0000
vt 0.0654 0.1788
vt 0.0000 0.0000
vt 0.0242 0.0000
vt -0.0412 0.1788
vt 0.0000 0.0000
vt 0.0237 -0.0000
vt 0.0416 0.1787
vt 0.0000 0.0000
vt 0.0237 0.0000
vt -0.0179 0.1787
vt 0.0000 0.0000
vt 0.0278 -0.0000
vt -0.0777 0.1619
vt 0.0000 0.0000
vt 0.0278 0.0000
vt 0.1055 0.1619
vt 0.0000 0.0000
vt 0.0266 0.0000
vt 0.0548 0.1853
vt 0.0000 0.0000
vt 0.0266 -0.0000
vt -0.0281 0.1854
vt 0.0000 0.0000
vt 0.0394 0.0000
vt 0.1474 0.1157
vt 0.0000 0.0000
vt 0.0394 -0.0000
vt -0.1081 0.1158
vt 0.0000 0.0000
vt 0.0815 0.0000
vt 0.0000 0.5830
vt 0.0000 0.5835
vt 0.0000 0.0000
vt 0.0815 0.0000
vt 0.0003 0.5826
vt 0.0004 0.5943
vt 0.0000 0.0000
vt 0.0815 0.0000
vt 0.0000 0.5720
vt 0.0000 0.5938
vt 0.0000 0.0000
vt 0.0815 -0.0000
vt 0.0003 0.5721
vt 0.0004 0.5831
vt 0.0000 0.0000
vt 0.0815 0.0000
vt -0.0743 0.5502
vt -0.0743 0.5762
vt 0.0000 0.0000
vt 0.0815 -0.0000
vt 0.0012 0.5860
vt 0.0065 0.5770
vt 0.0000 0.0000
vt 0.0815 -0.0000
vt 0.0804 0.5946
vt 0.0804 0.5915
vt 0.0000 0.0000
vt 0.0815 -0.0000
vt -0.0053 0.5695
vt 0.0001 0.6001
vt 0.0000 0.0000
vt 0.0815 0.0000
vt 0.1028 0.5563
vt 0.1028 0.5691
vt 0.0000 0.0000
vt 0.0815 0.0000
vt -0.1431 0.5490
vt -0.1426 0.5441
vt 0.0000 0.0000
vt 0.0815 -0.0000
vt -0.1028 0.5800
vt -0.1028 0.5898
vt 0.0000 0.0000
vt 0.0815 0.0000
vt 0.1456 0.5695
vt 0.1461 0.5963
vt 0.0000 0.0000
vt 0.0815 0.0000
vt 0.0091 0.5698
vt 0.0091 0.5812
vt 0.0000 0.0000
vt 0.0815 0.0000
vt -0.1140 0.5571
vt -0.1143 0.5687
vt 0.0000 0.0000
vt 0.0815 0.0000
vt -0.0090 0.5848
vt -0.0090 0.5958
vt 0.0000 0.0000
vt 0.0815 0.0000
vt 0.1159 0.5746
vt 0.1156 0.5859
vt 0.0000 0.0000
vt 0.0815 0.0000
vt 0.0815 0.0815
vt -0.0000 0.0815
vt 0.0000 0.0000
vt 0.0815 -0.0000
vt 0.0815 0.0815
vt 0.0000 0.0815
vt 0.0000 0.0000
vt 0.0615 -0.0000
vt 0.0014 0.2380
vt 0.0014 0.2484
vt 0.0000 0.0000
vt 0.0615 0.0000
vt 0.0008 0.2567
vt -0.0006 0.2528
vt 0.0000 0.0000
vt 0.0615 0.0000
vt 0.0014 0.2525
vt 0.0014 0.2708
vt 0.0000 0.0000
vt 0.0615 0.0000
vt 0.0008 0.2350
vt -0.0006 0.2661
vt 0.0000 0.0000
vt 0.0615 -0.0000
vt -0.0184 0.2286
vt -0.0184 0.2402
vt 0.0000 0.0000
vt 0.0615 0.0000
vt -0.0765 0.2333
vt -0.0726 0.2387
vt 0.0000 0.0000
vt 0.0615 0.0000
vt 0.0205 0.2603
vt 0.0205 0.2771
vt 0.0000 0.0000
vt 0.0615 0.0000
vt 0.0745 0.2339
vt 0.0783 0.2584
vt 0.0000 0.0000
vt 0.0615 -0.0000
vt -0.0147 0.2411
vt -0.0147 0.2416
vt 0.0000 0.0000
vt 0.0615 -0.0000
vt -0.0453 0.2475
vt -0.0459 0.2561
vt 0.0000 0.0000
vt 0.0615 0.0000
vt 0.0155 0.2490
vt 0.0155 0.2759
vt 0.0000 0.0000
vt 0.0615 0.0000
vt 0.0460 0.2345
vt 0.0454 0.2552
vt 0.0000 0.0000
vt 0.0615 -0.0000
vt -0.0586 0.2273
vt -0.0586 0.2429
vt 0.0000 0.0000
vt 0.0615 0.0000
vt -0.0251 0.2484
vt -0.0236 0.2628
vt 0.0000 0.0000
vt 0.0615 0.0000
vt 0.0603 0.2485
vt 0.0603 0.2629
vt 0.0000 0.0000
vt 0.0615 0.0000
vt 0.0239 0.2397
vt 0.0254 0.2543
vt 0.0000 0.0000
vt 0.0615 0.0000
vt 0.0615 0.0615
vt -0.0000 0.0615
vt 0.0000 0.0000
vt 0.0615 -0.0000
vt 0.0615 0.0615
vt -0.0000 0.0615
vt 0.0000 0.0000
vt 0.0841 -0.0000
vt 0.0001 0.2666
vt 0.0001 0.2945
vt 0.0000 0.0000
vt 0.0841 -0.0000
vt -0.0001 0.2723
vt 0.0002 0.2905
vt 0.0000 0.0000
vt 0.0841 0.0000
vt 0.0001 0.2767
vt 0.0001 0.2966
vt 0.0000 0.0000
vt 0.0841 0.0000
vt -0.0001 0.2710
vt 0.0002 0.3004
vt 0.0000 0.0000
vt 0.0841 0.0000
vt 0.0139 0.2685
vt 0.0139 0.2951
vt 0.0000 0.0000
vt 0.0841 -0.0000
vt -0.0206 0.2643
vt -0.0209 0.2880
vt 0.0000 0.0000
vt 0.0841 0.0000
vt -0.0138 0.2740
vt -0.0138 0.2952
vt 0.0000 0.0000
vt 0.0841 0.0000
vt 0.0214 0.2772
vt 0.0211 0.3014
vt 0.0000 0.0000
vt 0.0841 0.0000
vt 0.0098 0.2793
vt 0.0098 0.2968
vt 0.0000 0.0000
vt 0.0841 0.0000
vt -0.0029 0.2699
vt -0.0022 0.3005
vt 0.0000 0.0000
vt 0.0841 0.0000
vt -0.0092 0.2637
vt -0.0092 0.2941
vt 0.0000 0.0000
vt 0.0841 -0.0000
vt 0.0024 0.2734
vt 0.0031 0.2905
vt 0.0000 0.0000
vt 0.0841 0.0000
vt -0.0220 0.2712
vt -0.0220 0.2951
vt 0.0000 0.0000
vt 0.0841 0.0000
vt 0.0255 0.2777
vt 0.0249 0.3011
vt 0.0000 0.0000
vt 0.0841 0.0000
vt 0.0222 0.2702
vt 0.0222 0.2942
vt 0.0000 0.0000
vt 0.0841 -0.0000
vt -0.0246 0.2632
vt -0.0252 0.2876
vt 0.0000 0.0000
vt 0.0841 -0.0000
vt 0.0841 0.0841
vt 0.0000 0.0841
vt 0.0000 0.0000
vt 0.0841 0.0000
vt 0.0841 0.0841
vt -0.0000 0.0841
vt 0.0000 0.0000
vt 0.3161 0.0000
vt 0.3179 0.0902
vt 0.0018 0.0900
vt 0.0000 0.0000
vt 0.3617 -0.0000
vt 0.3619 0.0902
vt 0.0002 0.0902
vt 0.0000 0.0000
vt 0.1848 0.0000
vt 0.1861 0.0903
vt 0.0012 0.0902
vt 0.0000 0.0000
vt 0.2182 0.0000
vt 0.2184 0.0903
vt 0.0002 0.0903
vt 0.0000 0.0000
vt 0.2315 -0.0000
vt 0.2314 0.0903
vt -0.0001 0.0903
vt 0.0000 0.0000
vt 0.2891 0.0000
vt 0.2887 0.0903
vt -0.0003 0.0903
vt 0.0000 0.0000
vt 0.1793 0.0000
vt 0.1768 0.0901
vt -0.0025 0.0903
vt 0.0000 0.0000
vt 0.1837 -0.0000
vt 0.1814 0.0900
vt -0.0023 0.0901
vt 0.0000 0.0000
vt 0.1889 0.0000
vt 0.1868 0.0898
vt -0.0021 0.0900
vt 0.0000 0.0000
vt 0.1815 -0.0000
vt 0.1801 0.0898
vt -0.0014 0.0898
vt 0.0000 0.0000
vt 0.2484 0.0000
vt 0.2468 0.0896
vt -0.0016 0.0898
vt 0.0000 0.0000
vt 0.6379 0.0000
vt 0.6397 0.0900
vt 0.0018 0.0896
vt 0.0000 0.0000
vt 0.3493 0.0000
vt 0.3507 0.0902
vt 0.0013 0.0900
vt 0.0000 0.0000
vt 0.4247 0.0000
vt 0.4252 0.0903
vt 0.0005 0.0902
vt 0.0000 0.0000
vt 0.4237 -0.0000
vt 0.4237 0.0903
vt -0.0000 0.0903
vt 0.0000 0.0000
vt 0.3984 -0.0000
vt 0.3970 0.0901
vt -0.0013 0.0902
vt 0.0000 0.0000
vt 0.1943 0.0000
vt 0.1929 0.0900
vt -0.0014 0.0901
vt 0.0000 0.0000
vt 0.2725 0.0000
vt 0.2719 0.0899
vt -0.0007 0.0900
vt 0.0000 0.0000
vt 0.2594 -0.0000
vt 0.2605 0.0900
vt 0.0011 0.0899
vt 0.0000 0.0000
vt 0.3161 -0.0000
vt 0.0162 0.2230
vt -0.1797 0.2230
vt 0.0000 0.0000
vt 0.3161 -0.0000
vt 0.4959 0.2230
vt 0.2999 0.2230
vt 0.0000 0.0000
vt 0.3617 0.0000
vt 0.5731 0.1338
vt 0.3489 0.1338
vt 0.0000 0.0000
vt 0.3617 0.0000
vt 0.0128 0.1340
vt -0.2115 0.1340
vt 0.0000 0.0000
vt 0.1848 0.0000
vt 0.2050 0.2333
vt 0.0904 0.2333
vt 0.0000 0.0000
vt 0.1848 -0.0000
vt 0.0945 0.2334
vt -0.0201 0.2335
vt 0.0000 0.0000
vt 0.2182 -0.0000
vt 0.2142 0.2205
vt 0.0789 0.2205
vt 0.0000 0.0000
vt 0.2182 -0.0000
vt 0.1394 0.2207
vt 0.0040 0.2207
vt 0.0000 0.0000
vt 0.2315 -0.0000
vt 0.1231 0.2196
vt -0.0205 0.2196
vt 0.0000 0.0000
vt 0.2315 -0.0000
vt 0.2520 0.2198
vt 0.1085 0.2197
vt 0.0000 0.0000
vt 0.2891 0.0000
vt 0.0437 0.2040
vt -0.1356 0.2040
vt 0.0000 0.0000
vt 0.2891 -0.0000
vt 0.4246 0.2042
vt 0.2454 0.2042
vt 0.0000 0.0000
vt 0.1793 -0.0000
vt 0.0743 0.3170
vt -0.0368 0.3170
vt 0.0000 0.0000
vt 0.1793 0.0000
vt 0.2160 0.3171
vt 0.1049 0.3171
vt 0.0000 0.0000
vt 0.1837 -0.0000
vt 0.2368 0.3105
vt 0.1229 0.3105
vt 0.0000 0.0000
vt 0.1837 0.0000
vt 0.0607 0.3105
vt -0.0531 0.3105
vt 0.0000 0.0000
vt 0.1889 0.0000
vt 0.0520 0.3082
vt -0.0651 0.3082
vt 0.0000 0.0000
vt 0.1889 0.0000
vt 0.2540 0.3082
vt 0.1369 0.3082
vt 0.0000 0.0000
vt 0.1815 -0.0000
vt 0.0675 0.3342
vt -0.0450 0.3342
vt 0.0000 0.0000
vt 0.1815 -0.0000
vt 0.2264 0.3342
vt 0.1139 0.3342
vt 0.0000 0.0000
vt 0.2484 -0.0000
vt -0.0793 0.2651
vt -0.2333 0.2651
vt 0.0000 0.0000
vt 0.2484 0.0000
vt 0.4816 0.2651
vt 0.3276 0.2651
vt 0.0000 0.0000
vt 0.6379 -0.0000
vt 0.8057 0.0966
vt 0.4103 0.0966
vt 0.0000 0.0000
vt 0.6379 -0.0000
vt 0.2276 0.0966
vt -0.1678 0.0968
vt 0.0000 0.0000
vt 0.3493 0.0000
vt 0.3180 0.1650
vt 0.1015 0.1650
vt 0.0000 0.0000
vt 0.3493 -0.0000
vt 0.2479 0.1650
vt 0.0314 0.1651
vt 0.0000 0.0000
vt 0.4247 -0.0000
vt 0.2906 0.1657
vt 0.0273 0.1657
vt 0.0000 0.0000
vt 0.4247 -0.0000
vt 0.3975 0.1658
vt 0.1342 0.1658
vt 0.0000 0.0000
vt 0.4237 0.0000
vt 0.1185 0.1570
vt -0.1442 0.1570
vt 0.0000 0.0000
vt 0.4237 0.0000
vt 0.5679 0.1572
vt 0.3052 0.1572
vt 0.0000 0.0000
vt 0.3984 -0.0000
vt 0.5722 0.1097
vt 0.3252 0.1097
vt 0.0000 0.0000
vt 0.3984 0.0000
vt 0.0731 0.1097
vt -0.1739 0.1097
vt 0.0000 0.0000
vt 0.1943 0.0000
vt 0.1058 0.2050
vt -0.0147 0.2050
vt 0.0000 0.0000
vt 0.1943 -0.0000
vt 0.2089 0.2051
vt 0.0884 0.2051
vt 0.0000 0.0000
vt 0.2725 0.0000
vt 0.1254 0.2190
vt -0.0436 0.2190
vt 0.0000 0.0000
vt 0.2725 0.0000
vt 0.3161 0.2190
vt 0.1471 0.2190
vt 0.0000 0.0000
vt 0.2594 0.0000
vt 0.1471 0.2635
vt -0.0137 0.2635
vt 0.0000 0.0000
vt 0.2594 0.0000
vt 0.2732 0.2635
vt 0.1124 0.2635
vt 0.0000 0.0000
vt 0.1959 0.0000
vt -0.0566 0.1878
vt -0.1514 0.1878
vt 0.0000 0.0000
vt 0.1959 -0.0000
vt 0.3473 0.1878
vt 0.2525 0.1878
vt 0.0000 0.0000
vt 0.2242 -0.0000
vt 0.4023 0.1126
vt 0.2938 0.1126
vt 0.0000 0.0000
vt 0.2242 0.0000
vt -0.0696 0.1126
vt -0.1781 0.1126
vt 0.0000 0.0000
vt 0.1146 -0.0000
vt 0.1316 0.1965
vt 0.0762 0.1965
vt 0.0000 0.0000
vt 0.1146 -0.0000
vt 0.0384 0.1965
vt -0.0171 0.1965
vt 0.0000 0.0000
vt 0.1353 -0.0000
vt 0.1319 0.1857
vt 0.0664 0.1857
vt 0.0000 0.0000
vt 0.1353 -0.0000
vt 0.0689 0.1857
vt 0.0034 0.1857
vt 0.0000 0.0000
vt 0.1435 0.0000
vt 0.0522 0.1849
vt -0.0173 0.1849
vt 0.0000 0.0000
vt 0.1435 0.0000
vt 0.1608 0.1849
vt 0.0914 0.1849
vt 0.0000 0.0000
vt 0.1792 0.0000
vt -0.0274 0.1718
vt -0.1142 0.1718
vt 0.0000 0.0000
vt 0.1792 0.0000
vt 0.2934 0.1717
vt 0.2067 0.1717
vt 0.0000 0.0000
vt 0.1111 0.0000
vt 0.0227 0.2669
vt -0.0311 0.2669
vt 0.0000 0.0000
vt 0.1111 -0.0000
vt 0.1423 0.2669
vt 0.0885 0.2669
vt 0.0000 0.0000
vt 0.1139 0.0000
vt 0.1586 0.2615
vt 0.1035 0.2615
vt 0.0000 0.0000
vt 0.1139 0.0000
vt 0.0104 0.2615
vt -0.0447 0.2615
vt 0.0000 0.0000
vt 0.1171 -0.0000
vt 0.0018 0.2595
vt -0.0548 0.2595
vt 0.0000 0.0000
vt 0.1171 0.0000
vt 0.1720 0.2595
vt 0.1153 0.2595
vt 0.0000 0.0000
vt 0.1125 -0.0000
vt 0.0166 0.2814
vt -0.0379 0.2814
vt 0.0000 0.0000
vt 0.1125 0.0000
vt 0.1504 0.2815
vt 0.0960 0.2815
vt 0.0000 0.0000
vt 0.1540 -0.0000
vt -0.1219 0.2233
vt -0.1964 0.2232
vt 0.0000 0.0000
vt 0.1540 0.0000
vt 0.3504 0.2233
vt 0.2759 0.2233
vt 0.0000 0.0000
vt 0.3954 0.0000
vt 0.5368 0.0813
vt 0.3455 0.0813
vt 0.0000 0.0000
vt 0.3954 0.0000
vt 0.0499 0.0814
vt -0.1414 0.0813
vt 0.0000 0.0000
vt 0.2166 0.0000
vt 0.1902 0.1389
vt 0.0854 0.1389
vt 0.0000 0.0000
vt 0.2166 0.0000
vt 0.1311 0.1389
vt 0.0263 0.1389
vt 0.0000 0.0000
vt 0.2633 -0.0000
vt 0.1504 0.1395
vt 0.0230 0.1395
vt 0.0000 0.0000
vt 0.2633 -0.0000
vt 0.2404 0.1395
vt 0.1129 0.1395
vt 0.0000 0.0000
vt 0.2627 0.0000
vt 0.0057 0.1322
vt -0.1214 0.1322
vt 0.0000 0.0000
vt 0.2627 -0.0000
vt 0.3841 0.1322
vt 0.2570 0.1322
vt 0.0000 0.0000
vt 0.2470 0.0000
vt 0.3934 0.0924
vt 0.2739 0.0924
vt 0.0000 0.0000
vt 0.2470 -0.0000
vt -0.0269 0.0924
vt -0.1464 0.0924
vt 0.0000 0.0000
vt 0.1204 0.0000
vt 0.0459 0.1727
vt -0.0123 0.1727
vt 0.0000 0.0000
vt 0.1204 -0.0000
vt 0.1328 0.1727
vt 0.0745 0.1727
vt 0.0000 0.0000
vt 0.1690 -0.0000
vt 0.0451 0.1844
vt -0.0367 0.1844
vt 0.0000 0.0000
vt 0.1690 0.0000
vt 0.2057 0.1845
vt 0.1239 0.1845
vt 0.0000 0.0000
vt 0.1608 -0.0000
vt 0.0662 0.2219
vt -0.0116 0.2219
vt 0.0000 0.0000
vt 0.1608 -0.0000
vt 0.1724 0.2219
vt 0.0946 0.2219
vt 0.0000 0.0000
vt 0.0948 0.0000
vt -0.1419 0.1760
vt 0.0000 0.0000
vt 0.0948 -0.0000
vt 0.2368 0.1760
vt 0.0000 0.0000
vt 0.1085 0.0000
vt 0.2755 0.1056
vt 0.0000 0.0000
vt 0.1085 -0.0000
vt -0.1670 0.1056
vt 0.0000 0.0000
vt 0.0554 0.0000
vt 0.0714 0.1842
vt 0.0000 0.0000
vt 0.0554 0.0000
vt -0.0160 0.1842
vt 0.0000 0.0000
vt 0.0655 -0.0000
vt 0.0623 0.1741
vt 0.0000 0.0000
vt 0.0655 0.0000
vt 0.0032 0.1741
vt 0.0000 0.0000
vt 0.0695 0.0000
vt -0.0162 0.1733
vt 0.0000 0.0000
vt 0.0695 -0.0000
vt 0.0856 0.1734
vt 0.0000 0.0000
vt 0.0867 0.0000
vt -0.1070 0.1610
vt 0.0000 0.0000
vt 0.0867 0.0000
vt 0.1938 0.1610
vt 0.0000 0.0000
vt 0.0538 0.0000
vt -0.0292 0.2502
vt 0.0000 0.0000
vt 0.0538 0.0000
vt 0.0829 0.2503
vt 0.0000 0.0000
vt 0.0551 0.0000
vt 0.0970 0.2451
vt 0.0000 0.0000
vt 0.0551 0.0000
vt -0.0419 0.2451
vt 0.0000 0.0000
vt 0.0567 -0.0000
vt -0.0514 0.2433
vt 0.0000 0.0000
vt 0.0567 0.0000
vt 0.1080 0.2433
vt 0.0000 0.0000
vt 0.0544 -0.0000
vt -0.0355 0.2639
vt 0.0000 0.0000
vt 0.0544 0.0000
vt 0.0899 0.2639
vt 0.0000 0.0000
vt 0.0745 -0.0000
vt -0.1841 0.2093
vt 0.0000 0.0000
vt 0.0745 -0.0000
vt 0.2586 0.2093
vt 0.0000 0.0000
vt 0.1913 -0.0000
vt 0.3238 0.0763
vt 0.0000 0.0000
vt 0.1913 0.0000
vt -0.1325 0.0763
vt 0.0000 0.0000
vt 0.1048 0.0000
vt 0.0801 0.1302
vt 0.0000 0.0000
vt 0.1048 0.0000
vt 0.0247 0.1303
vt 0.0000 0.0000
vt 0.1274 0.0000
vt 0.0215 0.1308
vt 0.0000 0.0000
vt 0.1274 0.0000
vt 0.1059 0.1308
vt 0.0000 0.0000
vt 0.1271 0.0000
vt -0.1138 0.1240
vt 0.0000 0.0000
vt 0.1271 0.0000
vt 0.2409 0.1240
vt 0.0000 0.0000
vt 0.1195 0.0000
vt 0.2568 0.0866
vt 0.0000 0.0000
vt 0.1195 0.0000
vt -0.1373 0.0866
vt 0.0000 0.0000
vt 0.0583 -0.0000
vt -0.0116 0.1619
vt 0.0000 0.0000
vt 0.0583 -0.0000
vt 0.0698 0.1619
vt 0.0000 0.0000
vt 0.0818 0.0000
vt -0.0344 0.1729
vt 0.0000 0.0000
vt 0.0818 -0.0000
vt 0.1161 0.1729
vt 0.0000 0.0000
vt 0.0778 -0.0000
vt -0.0109 0.2080
vt 0.0000 0.0000
vt 0.0778 -0.0000
vt 0.0887 0.2080
vt 0.0000 0.0000
vt 0.0655 0.0000
vt 0.0004 0.5245
vt 0.0004 0.5295
vt 0.0000 0.0000
vt 0.0655 0.0000
vt 0.0003 0.5347
vt -0.0002 0.5325
vt 0.0000 0.0000
vt 0.0655 0.0000
vt 0.0004 0.5317
vt 0.0004 0.5426
vt 0.0000 0.0000
vt 0.0655 -0.0000
vt 0.0003 0.5216
vt -0.0002 0.5396
vt 0.0000 0.0000
vt 0.0655 0.0000
vt -0.0250 0.5200
vt -0.0250 0.5286
vt 0.0000 0.0000
vt 0.0655 -0.0000
vt -0.0826 0.5183
vt -0.0820 0.5255
vt 0.0000 0.0000
vt 0.0655 0.0000
vt 0.0251 0.5349
vt 0.0251 0.5424
vt 0.0000 0.0000
vt 0.0655 0.0000
vt 0.0828 0.5249
vt 0.0835 0.5339
vt 0.0000 0.0000
vt 0.0655 0.0000
vt 0.0037 0.5272
vt 0.0037 0.5377
vt 0.0000 0.0000
vt 0.0655 0.0000
vt -0.0086 0.5253
vt -0.0087 0.5346
vt 0.0000 0.0000
vt 0.0655 0.0000
vt -0.0036 0.5290
vt -0.0036 0.5345
vt 0.0000 0.0000
vt 0.0655 0.0000
vt 0.0088 0.5307
vt 0.0087 0.5374
vt 0.0000 0.0000
vt 0.0655 0.0000
vt 0.0208 0.5296
vt 0.0208 0.5376
vt 0.0000 0.0000
vt 0.0655 -0.0000
vt 0.0104 0.5273
vt 0.0104 0.5354
vt 0.0000 0.0000
vt 0.0655 0.0000
vt -0.0207 0.5257
vt -0.0207 0.5338
vt 0.0000 0.0000
vt 0.0655 0.0000
vt -0.0104 0.5286
vt -0.0103 0.5366
vt 0.0000 0.0000
vt 0.0655 0.0000
vt 0.0655 0.0655
vt -0.0000 0.0655
vt 0.0000 0.0000
vt 0.0655 0.0000
vt 0.0655 0.0655
vt 0.0000 0.0655
vt 0.0000 0.0000
vt 0.0598 0.0000
vt 0.0581 0.0829
vt -0.0017 0.0829
vt 0.0000 0.0000
vt 0.0558 0.0000
vt 0.0542 0.0828
vt -0.0016 0.0829
vt 0.0000 0.0000
vt 0.0703 0.0000
vt 0.0706 0.0829
vt 0.0003 0.0828
vt 0.0000 0.0000
vt 0.0951 0.0000
vt 0.0938 0.0828
vt -0.0014 0.0828
vt 0.0000 0.0000
vt 0.1503 -0.0000
vt 0.1495 0.0828
vt -0.0008 0.0828
vt 0.0000 0.0000
vt 0.1344 0.0000
vt 0.1342 0.0828
vt -0.0001 0.0828
vt 0.0000 0.0000
vt 0.1347 -0.0000
vt 0.1353 0.0828
vt 0.0005 0.0828
vt 0.0000 0.0000
vt 0.1516 0.0000
vt 0.1529 0.0828
vt 0.0012 0.0828
vt 0.0000 0.0000
vt 0.1437 0.0000
vt 0.1438 0.0829
vt 0.0001 0.0829
vt 0.0000 0.0000
vt 0.1283 0.0000
vt 0.1285 0.0829
vt 0.0002 0.0829
vt 0.0000 0.0000
vt 0.1233 0.0000
vt 0.1237 0.0829
vt 0.0003 0.0829
vt 0.0000 0.0000
vt 0.1611 -0.0000
vt 0.1619 0.0829
vt 0.0008 0.0829
vt 0.0000 0.0000
vt 0.0752 0.0000
vt 0.0733 0.0829
vt -0.0020 0.0829
vt 0.0000 0.0000
vt 0.0560 0.0000
vt 0.0546 0.0828
vt -0.0014 0.0829
vt 0.0000 0.0000
vt 0.0641 0.0000
vt 0.0627 0.0828
vt -0.0014 0.0828
vt 0.0000 0.0000
vt 0.0567 0.0000
vt 0.0556 0.0828
vt -0.0011 0.0828
vt 0.0000 0.0000
vt 0.0585 0.0000
vt 0.0577 0.0828
vt -0.0007 0.0828
vt 0.0000 0.0000
vt 0.0667 0.0000
vt 0.0662 0.0828
vt -0.0005 0.0828
vt 0.0000 0.0000
vt 0.1902 0.0000
vt 0.1901 0.0828
vt -0.0001 0.0828
vt 0.0000 0.0000
vt 0.2028 0.0000
vt 0.2032 0.0828
vt 0.0004 0.0828
vt 0.0000 0.0000
vt 0.1894 0.0000
vt 0.1902 0.0828
vt 0.0008 0.0828
vt 0.0000 0.0000
vt 0.1833 0.0000
vt 0.1846 0.0829
vt 0.0013 0.0828
vt 0.0000 0.0000
vt 0.0521 0.0000
vt 0.0518 0.0829
vt -0.0002 0.0829
vt 0.0000 0.0000
vt 0.0552 0.0000
vt 0.0550 0.0829
vt -0.0002 0.0829
vt 0.0000 0.0000
vt 0.0598 0.0000
vt 0.1604 0.1801
vt 0.1293 0.1801
vt 0.0000 0.0000
vt 0.0598 0.0000
vt -0.0695 0.1801
vt -0.1006 0.1801
vt 0.0000 0.0000
vt 0.0558 -0.0000
vt 0.1627 0.1571
vt 0.1336 0.1571
vt 0.0000 0.0000
vt 0.0558 0.0000
vt -0.0779 0.1571
vt -0.1069 0.1571
vt 0.0000 0.0000
vt 0.0703 0.0000
vt -0.1092 0.1220
vt -0.1457 0.1220
vt 0.0000 0.0000
vt 0.0703 -0.0000
vt 0.2160 0.1220
vt 0.1795 0.1220
vt 0.0000 0.0000
vt 0.0951 0.0000
vt 0.1591 0.1872
vt 0.1097 0.1872
vt 0.0000 0.0000
vt 0.0951 -0.0000
vt -0.0145 0.1872
vt -0.0640 0.1872
vt 0.0000 0.0000
vt 0.1503 0.0000
vt 0.2282 0.1290
vt 0.1501 0.1290
vt 0.0000 0.0000
vt 0.1503 -0.0000
vt 0.0002 0.1290
vt -0.0780 0.1290
vt 0.0000 0.0000
vt 0.1344 -0.0000
vt 0.1289 0.1386
vt 0.0590 0.1386
vt 0.0000 0.0000
vt 0.1344 -0.0000
vt 0.0753 0.1386
vt 0.0055 0.1386
vt 0.0000 0.0000
vt 0.1347 0.0000
vt 0.0729 0.1387
vt 0.0029 0.1387
vt 0.0000 0.0000
vt 0.1347 -0.0000
vt 0.1319 0.1387
vt 0.0618 0.1387
vt 0.0000 0.0000
vt 0.1516 -0.0000
vt -0.0014 0.1289
vt -0.0803 0.1289
vt 0.0000 0.0000
vt 0.1516 0.0000
vt 0.2319 0.1289
vt 0.1531 0.1289
vt 0.0000 0.0000
vt 0.1437 0.0000
vt 0.1878 0.1651
vt 0.1131 0.1651
vt 0.0000 0.0000
vt 0.1437 -0.0000
vt 0.0306 0.1651
vt -0.0441 0.1651
vt 0.0000 0.0000
vt 0.1283 -0.0000
vt 0.1068 0.1661
vt 0.0400 0.1661
vt 0.0000 0.0000
vt 0.1283 0.0000
vt 0.0883 0.1661
vt 0.0215 0.1661
vt 0.0000 0.0000
vt 0.1233 -0.0000
vt 0.0263 0.1632
vt -0.0379 0.1632
vt 0.0000 0.0000
vt 0.1233 -0.0000
vt 0.1612 0.1632
vt 0.0971 0.1632
vt 0.0000 0.0000
vt 0.1611 -0.0000
vt -0.0488 0.1360
vt -0.1325 0.1360
vt 0.0000 0.0000
vt 0.1611 -0.0000
vt 0.2936 0.1360
vt 0.2099 0.1360
vt 0.0000 0.0000
vt 0.0752 0.0000
vt 0.2253 0.1669
vt 0.1862 0.1669
vt 0.0000 0.0000
vt 0.0752 -0.0000
vt -0.1109 0.1669
vt -0.1501 0.1669
vt 0.0000 0.0000
vt 0.0560 -0.0000
vt 0.0877 0.2167
vt 0.0586 0.2167
vt 0.0000 0.0000
vt 0.0560 -0.0000
vt -0.0027 0.2167
vt -0.0318 0.2167
vt 0.0000 0.0000
vt 0.0641 -0.0000
vt 0.1506 0.1849
vt 0.1173 0.1849
vt 0.0000 0.0000
vt 0.0641 -0.0000
vt -0.0531 0.1849
vt -0.0865 0.1849
vt 0.0000 0.0000
vt 0.0567 0.0000
vt 0.0707 0.1999
vt 0.0413 0.1999
vt 0.0000 0.0000
vt 0.0567 -0.0000
vt 0.0154 0.1999
vt -0.0141 0.1999
vt 0.0000 0.0000
vt 0.0585 -0.0000
vt -0.0016 0.1978
vt -0.0320 0.1978
vt 0.0000 0.0000
vt 0.0585 0.0000
vt 0.0905 0.1979
vt 0.0601 0.1979
vt 0.0000 0.0000
vt 0.0667 -0.0000
vt -0.0532 0.1872
vt -0.0879 0.1872
vt 0.0000 0.0000
vt 0.0667 -0.0000
vt 0.1545 0.1872
vt 0.1199 0.1872
vt 0.0000 0.0000
vt 0.1902 0.0000
vt 0.2825 0.1253
vt 0.1836 0.1253
vt 0.0000 0.0000
vt 0.1902 0.0000
vt 0.0067 0.1253
vt -0.0922 0.1253
vt 0.0000 0.0000
vt 0.2028 -0.0000
vt 0.2052 0.1194
vt 0.0998 0.1194
vt 0.0000 0.0000
vt 0.2028 0.0000
vt 0.1031 0.1194
vt -0.0024 0.1194
vt 0.0000 0.0000
vt 0.1894 0.0000
vt 0.1069 0.1192
vt 0.0085 0.1192
vt 0.0000 0.0000
vt 0.1894 0.0000
vt 0.1809 0.1192
vt 0.0824 0.1192
vt 0.0000 0.0000
vt 0.1833 -0.0000
vt 0.0069 0.1148
vt -0.0885 0.1148
vt 0.0000 0.0000
vt 0.1833 0.0000
vt 0.2718 0.1148
vt 0.1765 0.1148
vt 0.0000 0.0000
vt 0.0521 0.0000
vt 0.0091 0.2097
vt -0.0179 0.2097
vt 0.0000 0.0000
vt 0.0521 0.0000
vt 0.0700 0.2097
vt 0.0429 0.2097
vt 0.0000 0.0000
vt 0.0552 -0.0000
vt -0.0209 0.2082
vt -0.0496 0.2082
vt 0.0000 0.0000
vt 0.0552 -0.0000
vt 0.1048 0.2083
vt 0.0761 0.2083
vt 0.0000 0.0000
vt 0.0311 -0.0000
vt 0.1400 0.1951
vt 0.0000 0.0000
vt 0.0311 -0.0000
vt -0.1089 0.1951
vt 0.0000 0.0000
vt 0.0290 0.0000
vt 0.1448 0.1702
vt 0.0000 0.0000
vt 0.0290 0.0000
vt -0.1157 0.1702
vt 0.0000 0.0000
vt 0.0366 -0.0000
vt -0.1578 0.1321
vt 0.0000 0.0000
vt 0.0366 0.0000
vt 0.1944 0.1321
vt 0.0000 0.0000
vt 0.0495 0.0000
vt 0.1188 0.2028
vt 0.0000 0.0000
vt 0.0495 0.0000
vt -0.0693 0.2028
vt 0.0000 0.0000
vt 0.0781 -0.0000
vt 0.1626 0.1397
vt 0.0000 0.0000
vt 0.0781 -0.0000
vt -0.0844 0.1397
vt 0.0000 0.0000
vt 0.0699 -0.0000
vt 0.0639 0.1502
vt 0.0000 0.0000
vt 0.0699 0.0000
vt 0.0059 0.1502
vt 0.0000 0.0000
vt 0.0701 0.0000
vt 0.0031 0.1503
vt 0.0000 0.0000
vt 0.0701 -0.0000
vt 0.0669 0.1503
vt 0.0000 0.0000
vt 0.0788 -0.0000
vt -0.0869 0.1397
vt 0.0000 0.0000
vt 0.0788 -0.0000
vt 0.1658 0.1397
vt 0.0000 0.0000
vt 0.0747 0.0000
vt 0.1225 0.1788
vt 0.0000 0.0000
vt 0.0747 0.0000
vt -0.0478 0.1788
vt 0.0000 0.0000
vt 0.0667 -0.0000
vt 0.0434 0.1799
vt 0.0000 0.0000
vt 0.0667 0.0000
vt 0.0233 0.1799
vt 0.0000 0.0000
vt 0.0641 0.0000
vt -0.0410 0.1768
vt 0.0000 0.0000
vt 0.0641 -0.0000
vt 0.1051 0.1768
vt 0.0000 0.0000
vt 0.0838 0.0000
vt -0.1435 0.1473
vt 0.0000 0.0000
vt 0.0838 -0.0000
vt 0.2273 0.1473
vt 0.0000 0.0000
vt 0.0391 -0.0000
vt 0.2016 0.1808
vt 0.0000 0.0000
vt 0.0391 -0.0000
vt -0.1625 0.1808
vt 0.0000 0.0000
vt 0.0291 -0.0000
vt 0.0634 0.2347
vt 0.0000 0.0000
vt 0.0291 -0.0000
vt -0.0344 0.2347
vt 0.0000 0.0000
vt 0.0334 -0.0000
vt 0.1270 0.2003
vt 0.0000 0.0000
vt 0.0334 0.0000
vt -0.0937 0.2003
vt 0.0000 0.0000
vt 0.0295 -0.0000
vt 0.0447 0.2166
vt 0.0000 0.0000
vt 0.0295 -0.0000
vt -0.0152 0.2166
vt 0.0000 0.0000
vt 0.0304 -0.0000
vt -0.0347 0.2143
vt 0.0000 0.0000
vt 0.0304 -0.0000
vt 0.0651 0.2143
vt 0.0000 0.0000
vt 0.0347 0.0000
vt -0.0952 0.2028
vt 0.0000 0.0000
vt 0.0347 -0.0000
vt 0.1299 0.2028
vt 0.0000 0.0000
vt 0.0989 0.0000
vt 0.1989 0.1358
vt 0.0000 0.0000
vt 0.0989 0.0000
vt -0.0999 0.1358
vt 0.0000 0.0000
vt 0.1055 0.0000
vt 0.1081 0.1294
vt 0.0000 0.0000
vt 0.1055 0.0000
vt -0.0026 0.1294
vt 0.0000 0.0000
vt 0.0985 0.0000
vt 0.0092 0.1291
vt 0.0000 0.0000
vt 0.0985 -0.0000
vt 0.0893 0.1291
vt 0.0000 0.0000
vt 0.0953 0.0000
vt -0.0958 0.1243
vt 0.0000 0.0000
vt 0.0953 -0.0000
vt 0.1911 0.1243
vt 0.0000 0.0000
vt 0.0271 -0.0000
vt -0.0194 0.2272
vt 0.0000 0.0000
vt 0.0271 -0.0000
vt 0.0465 0.2272
vt 0.0000 0.0000
vt 0.0287 0.0000
vt -0.0537 0.2256
vt 0.0000 0.0000
vt 0.0287 0.0000
vt 0.0824 0.2256
vt 0.0000 0.0000
vt 0.0744 -0.0000
vt 0.0002 0.5544
vt 0.0002 0.5596
vt 0.0000 0.0000
vt 0.0744 -0.0000
vt -0.0002 0.5463
vt 0.0003 0.5642
vt 0.0000 0.0000
vt 0.0744 0.0000
vt 0.0002 0.5414
vt 0.0002 0.5561
vt 0.0000 0.0000
vt 0.0744 0.0000
vt -0.0002 0.5496
vt 0.0003 0.5513
vt 0.0000 0.0000
vt 0.0744 -0.0000
vt -0.0340 0.5410
vt -0.0340 0.5523
vt 0.0000 0.0000
vt 0.0744 0.0000
vt 0.0624 0.5572
vt 0.0606 0.5533
vt 0.0000 0.0000
vt 0.0744 0.0000
vt 0.0363 0.5525
vt 0.0363 0.5611
vt 0.0000 0.0000
vt 0.0744 0.0000
vt -0.0603 0.5320
vt -0.0620 0.5553
vt 0.0000 0.0000
vt 0.0744 -0.0000
vt 0.0095 0.5407
vt 0.0095 0.5523
vt 0.0000 0.0000
vt 0.0744 0.0000
vt -0.1014 0.5298
vt -0.1017 0.5401
vt 0.0000 0.0000
vt 0.0744 0.0000
vt -0.0095 0.5549
vt -0.0095 0.5630
vt 0.0000 0.0000
vt 0.0744 0.0000
vt 0.1033 0.5467
vt 0.1030 0.5566
vt 0.0000 0.0000
vt 0.0744 0.0000
vt 0.0121 0.5486
vt 0.0121 0.5585
vt 0.0000 0.0000
vt 0.0744 -0.0000
vt 0.0006 0.5471
vt 0.0006 0.5570
vt 0.0000 0.0000
vt 0.0744 0.0000
vt -0.0121 0.5469
vt -0.0121 0.5568
vt 0.0000 0.0000
vt 0.0744 -0.0000
vt -0.0006 0.5487
vt -0.0006 0.5586
vt 0.0000 0.0000
vt 0.0744 -0.0000
vt 0.0744 0.0744
vt -0.0000 0.0744
vt 0.0000 0.0000
vt 0.0744 -0.0000
vt 0.0744 0.0744
vt 0.0000 0.0744
vt 0.0000 0.0000
vt 0.0649 0.0000
vt 0.0000 0.2725
vt 0.0000 0.2891
vt 0.0000 0.0000
vt 0.0649 0.0000
vt 0.0000 0.2724
vt 0.0000 0.2871
vt 0.0000 0.0000
vt 0.0649 -0.0000
vt 0.0000 0.2745
vt 0.0000 0.2871
vt 0.0000 0.0000
vt 0.0649 -0.0000
vt 0.0000 0.2745
vt 0.0000 0.2891
vt 0.0000 0.0000
vt 0.0649 -0.0000
vt 0.0090 0.2757
vt 0.0090 0.2892
vt 0.0000 0.0000
vt 0.0649 0.0000
vt -0.0002 0.2722
vt -0.0001 0.2884
vt 0.0000 0.0000
vt 0.0649 0.0000
vt -0.0089 0.2710
vt -0.0089 0.2867
vt 0.0000 0.0000
vt 0.0649 0.0000
vt 0.0002 0.2748
vt 0.0002 0.2878
vt 0.0000 0.0000
vt 0.0649 0.0000
vt -0.0046 0.2780
vt -0.0046 0.2903
vt 0.0000 0.0000
vt 0.0649 0.0000
vt 0.0069 0.2730
vt 0.0072 0.2934
vt 0.0000 0.0000
vt 0.0649 0.0000
vt 0.0049 0.2689
vt 0.0049 0.2858
vt 0.0000 0.0000
vt 0.0649 -0.0000
vt -0.0071 0.2739
vt -0.0068 0.2825
vt 0.0000 0.0000
vt 0.0649 -0.0000
vt -0.0095 0.2754
vt -0.0095 0.2899
vt 0.0000 0.0000
vt 0.0649 0.0000
vt 0.0275 0.2765
vt 0.0273 0.2909
vt 0.0000 0.0000
vt 0.0649 0.0000
vt 0.0095 0.2712
vt 0.0095 0.2859
vt 0.0000 0.0000
vt 0.0649 -0.0000
vt -0.0270 0.2678
vt -0.0272 0.2826
vt 0.0000 0.0000
vt 0.0649 0.0000
vt 0.0649 0.0649
vt 0.0000 0.0649
vt 0.0000 0.0000
vt 0.0649 -0.0000
vt 0.0649 0.0649
vt -0.0000 0.0649
vt 0.0000 0.0000
vt 0.0650 0.0000
vt 0.0001 0.3716
vt 0.0001 0.3811
vt 0.0000 0.0000
vt 0.0650 0.0000
vt -0.0001 0.3663
vt 0.0001 0.3827
vt 0.0000 0.0000
vt 0.0650 0.0000
vt 0.0001 0.3644
vt 0.0001 0.3773
vt 0.0000 0.0000
vt 0.0650 -0.0000
vt -0.0001 0.3699
vt 0.0001 0.3756
vt 0.0000 0.0000
vt 0.0650 -0.0000
vt -0.0095 0.3677
vt -0.0095 0.3888
vt 0.0000 0.0000
vt 0.0650 0.0000
vt 0.0320 0.3623
vt 0.0317 0.3788
vt 0.0000 0.0000
vt 0.0650 0.0000
vt 0.0096 0.3684
vt 0.0096 0.3690
vt 0.0000 0.0000
vt 0.0650 -0.0000
vt -0.0315 0.3711
vt -0.0318 0.3768
vt 0.0000 0.0000
vt 0.0650 -0.0000
vt 0.0622 0.3737
vt 0.0622 0.3840
vt 0.0000 0.0000
vt 0.0650 0.0000
vt 0.0310 0.3622
vt 0.0324 0.3778
vt 0.0000 0.0000
vt 0.0650 -0.0000
vt -0.0604 0.3521
vt -0.0604 0.3643
vt 0.0000 0.0000
vt 0.0650 0.0000
vt -0.0321 0.3711
vt -0.0307 0.3779
vt 0.0000 0.0000
vt 0.0650 0.0000
vt -0.0036 0.3700
vt -0.0036 0.3811
vt 0.0000 0.0000
vt 0.0650 0.0000
vt 0.0262 0.3697
vt 0.0262 0.3808
vt 0.0000 0.0000
vt 0.0650 0.0000
vt 0.0036 0.3660
vt 0.0036 0.3772
vt 0.0000 0.0000
vt 0.0650 0.0000
vt -0.0260 0.3645
vt -0.0260 0.3757
vt 0.0000 0.0000
vt 0.0650 -0.0000
vt 0.0650 0.0650
vt -0.0000 0.0650
vt 0.0000 0.0000
vt 0.0650 -0.0000
vt 0.0650 0.0650
vt 0.0000 0.0650
vt 0.0000 0.0000
vt 0.0624 0.0000
vt 0.0008 0.2562
vt 0.0008 0.2629
vt 0.0000 0.0000
vt 0.0624 -0.0000
vt -0.0007 0.2430
vt 0.0012 0.2707
vt 0.0000 0.0000
vt 0.0624 -0.0000
vt 0.0008 0.2339
vt 0.0008 0.2572
vt 0.0000 0.0000
vt 0.0624 0.0000
vt -0.0007 0.2475
vt 0.0012 0.2487
vt 0.0000 0.0000
vt 0.0624 0.0000
vt -0.0333 0.2431
vt -0.0333 0.2623
vt 0.0000 0.0000
vt 0.0624 0.0000
vt 0.0588 0.2477
vt 0.0573 0.2618
vt 0.0000 0.0000
vt 0.0624 0.0000
vt 0.0340 0.2421
vt 0.0340 0.2528
vt 0.0000 0.0000
vt 0.0624 0.0000
vt -0.0565 0.2283
vt -0.0580 0.2446
vt 0.0000 0.0000
vt 0.0624 -0.0000
vt 0.0186 0.2463
vt 0.0186 0.2630
vt 0.0000 0.0000
vt 0.0624 0.0000
vt -0.0035 0.2401
vt -0.0038 0.2573
vt 0.0000 0.0000
vt 0.0624 0.0000
vt -0.0183 0.2421
vt -0.0183 0.2554
vt 0.0000 0.0000
vt 0.0624 0.0000
vt 0.0039 0.2497
vt 0.0036 0.2623
vt 0.0000 0.0000
vt 0.0624 0.0000
vt 0.0078 0.2469
vt 0.0078 0.2618
vt 0.0000 0.0000
vt 0.0624 -0.0000
vt 0.0088 0.2449
vt 0.0089 0.2599
vt 0.0000 0.0000
vt 0.0624 0.0000
vt -0.0078 0.2426
vt -0.0078 0.2578
vt 0.0000 0.0000
vt 0.0624 -0.0000
vt -0.0088 0.2446
vt -0.0088 0.2596
vt 0.0000 0.0000
vt 0.0624 -0.0000
vt 0.0624 0.0624
vt -0.0000 0.0624
vt 0.0000 0.0000
vt 0.0624 -0.0000
vt 0.0624 0.0624
vt 0.0000 0.0624
vt 0.0000 0.0000
vt 0.2278 -0.0000
vt 0.2275 0.1087
vt -0.0002 0.1087
vt 0.0000 0.0000
vt 0.2590 0.0000
vt 0.2539 0.1082
vt -0.0051 0.1085
vt 0.0000 0.0000
vt 0.2447 0.0000
vt 0.2409 0.1079
vt -0.0039 0.1082
vt 0.0000 0.0000
vt 0.2420 0.0000
vt 0.2396 0.1078
vt -0.0024 0.1080
vt 0.0000 0.0000
vt 0.2560 0.0000
vt 0.2536 0.1076
vt -0.0024 0.1078
vt 0.0000 0.0000
vt 0.2571 -0.0000
vt 0.2620 0.1079
vt 0.0049 0.1075
vt 0.0000 0.0000
vt 0.2284 0.0000
vt 0.2323 0.1082
vt 0.0038 0.1080
vt 0.0000 0.0000
vt 0.2332 0.0000
vt 0.2366 0.1084
vt 0.0034 0.1082
vt 0.0000 0.0000
vt 0.2240 0.0000
vt 0.2268 0.1086
vt 0.0028 0.1085
vt 0.0000 0.0000
vt 0.2380 0.0000
vt 0.2404 0.1088
vt 0.0024 0.1086
vt 0.0000 0.0000
vt 0.1585 0.0000
vt 0.1526 0.1084
vt -0.0059 0.1087
vt 0.0000 0.0000
vt 0.1462 -0.0000
vt 0.1405 0.1082
vt -0.0057 0.1084
vt 0.0000 0.0000
vt 0.1639 0.0000
vt 0.1589 0.1080
vt -0.0050 0.1082
vt 0.0000 0.0000
vt 0.1551 0.0000
vt 0.1502 0.1078
vt -0.0049 0.1080
vt 0.0000 0.0000
vt 0.2011 0.0000
vt 0.1943 0.1073
vt -0.0068 0.1077
vt 0.0000 0.0000
vt 0.3042 -0.0000
vt 0.3086 0.1078
vt 0.0043 0.1074
vt 0.0000 0.0000
vt 0.1206 0.0000
vt 0.1226 0.1079
vt 0.0019 0.1079
vt 0.0000 0.0000
vt 0.1214 0.0000
vt 0.1212 0.1079
vt -0.0001 0.1079
vt 0.0000 0.0000
vt 0.1514 0.0000
vt 0.1520 0.1080
vt 0.0006 0.1079
vt 0.0000 0.0000
vt 0.1245 0.0000
vt 0.1282 0.1080
vt 0.0037 0.1079
vt 0.0000 0.0000
vt 0.1510 -0.0000
vt 0.1542 0.1082
vt 0.0033 0.1080
vt 0.0000 0.0000
vt 0.1830 0.0000
vt 0.1870 0.1084
vt 0.0040 0.1082
vt 0.0000 0.0000
vt 0.2273 0.0000
vt 0.2290 0.1085
vt 0.0018 0.1084
vt 0.0000 0.0000
vt 0.1725 0.0000
vt 0.1749 0.1086
vt 0.0024 0.1085
vt 0.0000 0.0000
vt 0.1721 0.0000
vt 0.1720 0.1087
vt -0.0000 0.1087
vt 0.0000 0.0000
vt 0.2278 0.0000
vt -0.0452 0.2304
vt -0.1864 0.2304
vt 0.0000 0.0000
vt 0.2278 -0.0000
vt 0.4142 0.2304
vt 0.2730 0.2304
vt 0.0000 0.0000
vt 0.2590 -0.0000
vt 0.4611 0.1931
vt 0.3006 0.1930
vt 0.0000 0.0000
vt 0.2590 -0.0000
vt -0.0416 0.1930
vt -0.2020 0.1931
vt 0.0000 0.0000
vt 0.2448 0.0000
vt 0.3484 0.1986
vt 0.1967 0.1985
vt 0.0000 0.0000
vt 0.2447 0.0000
vt 0.0481 0.1985
vt -0.1036 0.1986
vt 0.0000 0.0000
vt 0.2420 -0.0000
vt 0.2618 0.1942
vt 0.1118 0.1941
vt 0.0000 0.0000
vt 0.2420 0.0000
vt 0.1303 0.1941
vt -0.0198 0.1942
vt 0.0000 0.0000
vt 0.2560 -0.0000
vt 0.1348 0.1938
vt -0.0239 0.1937
vt 0.0000 0.0000
vt 0.2560 0.0000
vt 0.2799 0.1937
vt 0.1212 0.1938
vt 0.0000 0.0000
vt 0.2571 -0.0000
vt 0.3151 0.1671
vt 0.1559 0.1672
vt 0.0000 0.0000
vt 0.2571 -0.0000
vt 0.1012 0.1672
vt -0.0581 0.1671
vt 0.0000 0.0000
vt 0.2284 0.0000
vt 0.1747 0.1738
vt 0.0332 0.1738
vt 0.0000 0.0000
vt 0.2284 -0.0000
vt 0.1953 0.1738
vt 0.0537 0.1738
vt 0.0000 0.0000
vt 0.2332 -0.0000
vt 0.0864 0.1723
vt -0.0581 0.1723
vt 0.0000 0.0000
vt 0.2332 0.0000
vt 0.2914 0.1723
vt 0.1468 0.1723
vt 0.0000 0.0000
vt 0.2240 -0.0000
vt 0.0009 0.1795
vt -0.1380 0.1795
vt 0.0000 0.0000
vt 0.2240 0.0000
vt 0.3620 0.1795
vt 0.2231 0.1795
vt 0.0000 0.0000
vt 0.2380 -0.0000
vt -0.0838 0.1689
vt -0.2313 0.1689
vt 0.0000 0.0000
vt 0.2380 0.0000
vt 0.4693 0.1689
vt 0.3217 0.1689
vt 0.0000 0.0000
vt 0.1585 0.0000
vt 0.3770 0.2330
vt 0.2789 0.2330
vt 0.0000 0.0000
vt 0.1585 -0.0000
vt -0.1203 0.2330
vt -0.2185 0.2331
vt 0.0000 0.0000
vt 0.1462 0.0000
vt 0.2796 0.2576
vt 0.1890 0.2575
vt 0.0000 0.0000
vt 0.1462 0.0000
vt -0.0428 0.2575
vt -0.1334 0.2576
vt 0.0000 0.0000
vt 0.1639 0.0000
vt 0.2767 0.2313
vt 0.1751 0.2312
vt 0.0000 0.0000
vt 0.1639 -0.0000
vt -0.0112 0.2312
vt -0.1128 0.2313
vt 0.0000 0.0000
vt 0.1551 0.0000
vt 0.1796 0.2434
vt 0.0834 0.2434
vt 0.0000 0.0000
vt 0.1551 -0.0000
vt 0.0717 0.2434
vt -0.0244 0.2434
vt 0.0000 0.0000
vt 0.2011 -0.0000
vt 0.0246 0.2233
vt -0.0999 0.2233
vt 0.0000 0.0000
vt 0.2011 0.0000
vt 0.3010 0.2233
vt 0.1765 0.2233
vt 0.0000 0.0000
vt 0.3043 -0.0000
vt 0.4588 0.0893
vt 0.2703 0.0894
vt 0.0000 0.0000
vt 0.3042 0.0000
vt 0.0339 0.0893
vt -0.1546 0.0893
vt 0.0000 0.0000
vt 0.1206 -0.0000
vt 0.1745 0.1480
vt 0.0997 0.1481
vt 0.0000 0.0000
vt 0.1206 0.0000
vt 0.0209 0.1481
vt -0.0539 0.1480
vt 0.0000 0.0000
vt 0.1214 -0.0000
vt 0.0386 0.1532
vt -0.0366 0.1532
vt 0.0000 0.0000
vt 0.1214 0.0000
vt 0.1580 0.1532
vt 0.0827 0.1532
vt 0.0000 0.0000
vt 0.1514 0.0000
vt 0.0100 0.1526
vt -0.0839 0.1526
vt 0.0000 0.0000
vt 0.1514 0.0000
vt 0.2354 0.1526
vt 0.1415 0.1526
vt 0.0000 0.0000
vt 0.1245 -0.0000
vt 0.0271 0.2019
vt -0.0500 0.2020
vt 0.0000 0.0000
vt 0.1245 -0.0000
vt 0.1745 0.2020
vt 0.0974 0.2019
vt 0.0000 0.0000
vt 0.1510 0.0000
vt -0.0543 0.1685
vt -0.1478 0.1685
vt 0.0000 0.0000
vt 0.1510 0.0000
vt 0.2988 0.1685
vt 0.2052 0.1685
vt 0.0000 0.0000
vt 0.1830 -0.0000
vt -0.1017 0.1556
vt -0.2151 0.1557
vt 0.0000 0.0000
vt 0.1830 -0.0000
vt 0.3981 0.1556
vt 0.2847 0.1556
vt 0.0000 0.0000
vt 0.2273 -0.0000
vt 0.3734 0.2264
vt 0.2325 0.2263
vt 0.0000 0.0000
vt 0.2273 0.0000
vt -0.0052 0.2263
vt -0.1461 0.2264
vt 0.0000 0.0000
vt 0.1725 0.0000
vt 0.0917 0.2690
vt -0.0152 0.2690
vt 0.0000 0.0000
vt 0.1725 -0.0000
vt 0.1877 0.2690
vt 0.0808 0.2690
vt 0.0000 0.0000
vt 0.1721 0.0000
vt 0.0709 0.2786
vt -0.0358 0.2786
vt 0.0000 0.0000
vt 0.1721 -0.0000
vt 0.2079 0.2786
vt 0.1012 0.2786
vt 0.0000 0.0000
vt 0.1412 0.0000
vt -0.0887 0.1939
vt -0.1570 0.1939
vt 0.0000 0.0000
vt 0.1412 -0.0000
vt 0.2982 0.1941
vt 0.2299 0.1941
vt 0.0000 0.0000
vt 0.1605 0.0000
vt 0.3307 0.1625
vt 0.2531 0.1625
vt 0.0000 0.0000
vt 0.1605 0.0000
vt -0.0928 0.1625
vt -0.1704 0.1624
vt 0.0000 0.0000
vt 0.1517 0.0000
vt 0.2390 0.1672
vt 0.1657 0.1672
vt 0.0000 0.0000
vt 0.1517 -0.0000
vt -0.0141 0.1671
vt -0.0875 0.1671
vt 0.0000 0.0000
vt 0.1500 0.0000
vt 0.1668 0.1634
vt 0.0942 0.1634
vt 0.0000 0.0000
vt 0.1500 0.0000
vt 0.0558 0.1634
vt -0.0168 0.1634
vt 0.0000 0.0000
vt 0.1587 0.0000
vt 0.0567 0.1631
vt -0.0200 0.1631
vt 0.0000 0.0000
vt 0.1587 0.0000
vt 0.1787 0.1630
vt 0.1019 0.1630
vt 0.0000 0.0000
vt 0.1593 0.0000
vt 0.2081 0.1407
vt 0.1311 0.1407
vt 0.0000 0.0000
vt 0.1593 -0.0000
vt 0.0284 0.1408
vt -0.0487 0.1408
vt 0.0000 0.0000
vt 0.1416 0.0000
vt 0.0964 0.1463
vt 0.0279 0.1463
vt 0.0000 0.0000
vt 0.1416 0.0000
vt 0.1138 0.1464
vt 0.0453 0.1464
vt 0.0000 0.0000
vt 0.1446 0.0000
vt 0.0210 0.1451
vt -0.0489 0.1451
vt 0.0000 0.0000
vt 0.1446 -0.0000
vt 0.1936 0.1452
vt 0.1237 0.1452
vt 0.0000 0.0000
vt 0.1389 -0.0000
vt -0.0489 0.1512
vt -0.1161 0.1512
vt 0.0000 0.0000
vt 0.1389 0.0000
vt 0.2551 0.1513
vt 0.1879 0.1513
vt 0.0000 0.0000
vt 0.1475 -0.0000
vt -0.1233 0.1422
vt -0.1947 0.1422
vt 0.0000 0.0000
vt 0.1475 0.0000
vt 0.3423 0.1423
vt 0.2709 0.1424
vt 0.0000 0.0000
vt 0.0982 -0.0000
vt 0.2821 0.1962
vt 0.2347 0.1962
vt 0.0000 0.0000
vt 0.0982 0.0000
vt -0.1367 0.1962
vt -0.1841 0.1962
vt 0.0000 0.0000
vt 0.0906 -0.0000
vt 0.2029 0.2169
vt 0.1591 0.2169
vt 0.0000 0.0000
vt 0.0906 -0.0000
vt -0.0687 0.2169
vt -0.1125 0.2169
vt 0.0000 0.0000
vt 0.1015 -0.0000
vt 0.1966 0.1947
vt 0.1475 0.1947
vt 0.0000 0.0000
vt 0.1015 0.0000
vt -0.0461 0.1947
vt -0.0952 0.1947
vt 0.0000 0.0000
vt 0.0961 0.0000
vt 0.1169 0.2049
vt 0.0704 0.2049
vt 0.0000 0.0000
vt 0.0961 0.0000
vt 0.0256 0.2049
vt -0.0209 0.2049
vt 0.0000 0.0000
vt 0.1245 0.0000
vt -0.0238 0.1881
vt -0.0840 0.1881
vt 0.0000 0.0000
vt 0.1245 -0.0000
vt 0.2083 0.1881
vt 0.1481 0.1881
vt 0.0000 0.0000
vt 0.1885 0.0000
vt 0.3186 0.0752
vt 0.2274 0.0752
vt 0.0000 0.0000
vt 0.1885 0.0000
vt -0.0387 0.0753
vt -0.1299 0.0754
vt 0.0000 0.0000
vt 0.0748 -0.0000
vt 0.1201 0.1246
vt 0.0839 0.1246
vt 0.0000 0.0000
vt 0.0748 -0.0000
vt -0.0091 0.1246
vt -0.0453 0.1246
vt 0.0000 0.0000
vt 0.0752 0.0000
vt 0.0056 0.1290
vt -0.0308 0.1290
vt 0.0000 0.0000
vt 0.0752 0.0000
vt 0.1061 0.1290
vt 0.0697 0.1290
vt 0.0000 0.0000
vt 0.0939 -0.0000
vt -0.0253 0.1284
vt -0.0707 0.1284
vt 0.0000 0.0000
vt 0.0939 -0.0000
vt 0.1646 0.1284
vt 0.1192 0.1284
vt 0.0000 0.0000
vt 0.0772 -0.0000
vt -0.0049 0.1700
vt -0.0422 0.1700
vt 0.0000 0.0000
vt 0.0772 0.0000
vt 0.1195 0.1700
vt 0.0822 0.1700
vt 0.0000 0.0000
vt 0.0936 -0.0000
vt -0.0793 0.1418
vt -0.1246 0.1418
vt 0.0000 0.0000
vt 0.0936 -0.0000
vt 0.2182 0.1418
vt 0.1730 0.1418
vt 0.0000 0.0000
vt 0.1134 -0.0000
vt -0.1264 0.1310
vt -0.1812 0.1310
vt 0.0000 0.0000
vt 0.1134 -0.0000
vt 0.2948 0.1309
vt 0.2399 0.1309
vt 0.0000 0.0000
vt 0.1409 0.0000
vt 0.2640 0.1905
vt 0.1958 0.1905
vt 0.0000 0.0000
vt 0.1409 -0.0000
vt -0.0549 0.1907
vt -0.1231 0.1907
vt 0.0000 0.0000
vt 0.1069 -0.0000
vt 0.0390 0.2265
vt -0.0127 0.2265
vt 0.0000 0.0000
vt 0.1069 -0.0000
vt 0.1197 0.2266
vt 0.0680 0.2266
vt 0.0000 0.0000
vt 0.1067 0.0000
vt 0.0215 0.2345
vt -0.0302 0.2345
vt 0.0000 0.0000
vt 0.1067 -0.0000
vt 0.1368 0.2347
vt 0.0852 0.2347
vt 0.0000 0.0000
vt 0.0683 0.0000
vt -0.1472 0.1818
vt 0.0000 0.0000
vt 0.0683 0.0000
vt 0.2155 0.1818
vt 0.0000 0.0000
vt 0.0776 0.0000
vt 0.2373 0.1523
vt 0.0000 0.0000
vt 0.0776 0.0000
vt -0.1596 0.1523
vt 0.0000 0.0000
vt 0.0734 -0.0000
vt 0.1553 0.1567
vt 0.0000 0.0000
vt 0.0734 -0.0000
vt -0.0820 0.1567
vt 0.0000 0.0000
vt 0.0726 0.0000
vt 0.0883 0.1532
vt 0.0000 0.0000
vt 0.0726 0.0000
vt -0.0158 0.1532
vt 0.0000 0.0000
vt 0.0768 -0.0000
vt -0.0188 0.1528
vt 0.0000 0.0000
vt 0.0768 -0.0000
vt 0.0955 0.1528
vt 0.0000 0.0000
vt 0.0770 0.0000
vt 0.1228 0.1319
vt 0.0000 0.0000
vt 0.0770 -0.0000
vt -0.0457 0.1319
vt 0.0000 0.0000
vt 0.0685 0.0000
vt 0.0261 0.1372
vt 0.0000 0.0000
vt 0.0685 0.0000
vt 0.0424 0.1372
vt 0.0000 0.0000
vt 0.0699 0.0000
vt -0.0459 0.1361
vt 0.0000 0.0000
vt 0.0699 -0.0000
vt 0.1158 0.1361
vt 0.0000 0.0000
vt 0.0672 -0.0000
vt -0.1088 0.1417
vt 0.0000 0.0000
vt 0.0672 0.0000
vt 0.1760 0.1417
vt 0.0000 0.0000
vt 0.0714 0.0000
vt -0.1825 0.1333
vt 0.0000 0.0000
vt 0.0714 -0.0000
vt 0.2539 0.1333
vt 0.0000 0.0000
vt 0.0475 0.0000
vt 0.2199 0.1840
vt 0.0000 0.0000
vt 0.0475 0.0000
vt -0.1725 0.1840
vt 0.0000 0.0000
vt 0.0438 -0.0000
vt 0.1491 0.2033
vt 0.0000 0.0000
vt 0.0438 0.0000
vt -0.1053 0.2033
vt 0.0000 0.0000
vt 0.0491 0.0000
vt 0.1383 0.1825
vt 0.0000 0.0000
vt 0.0491 0.0000
vt -0.0892 0.1825
vt 0.0000 0.0000
vt 0.0465 0.0000
vt 0.0660 0.1921
vt 0.0000 0.0000
vt 0.0465 -0.0000
vt -0.0195 0.1921
vt 0.0000 0.0000
vt 0.0602 0.0000
vt -0.0787 0.1763
vt 0.0000 0.0000
vt 0.0602 -0.0000
vt 0.1389 0.1763
vt 0.0000 0.0000
vt 0.0912 -0.0000
vt 0.2131 0.0705
vt 0.0000 0.0000
vt 0.0912 0.0000
vt -0.1219 0.0705
vt 0.0000 0.0000
vt 0.0362 -0.0000
vt 0.0787 0.1168
vt 0.0000 0.0000
vt 0.0362 0.0000
vt -0.0425 0.1168
vt 0.0000 0.0000
vt 0.0364 -0.0000
vt -0.0289 0.1209
vt 0.0000 0.0000
vt 0.0364 0.0000
vt 0.0653 0.1209
vt 0.0000 0.0000
vt 0.0454 -0.0000
vt -0.0663 0.1204
vt 0.0000 0.0000
vt 0.0454 -0.0000
vt 0.1117 0.1204
vt 0.0000 0.0000
vt 0.0373 -0.0000
vt -0.0396 0.1594
vt 0.0000 0.0000
vt 0.0373 -0.0000
vt 0.0770 0.1594
vt 0.0000 0.0000
vt 0.0453 0.0000
vt -0.1168 0.1329
vt 0.0000 0.0000
vt 0.0453 0.0000
vt 0.1621 0.1329
vt 0.0000 0.0000
vt 0.0549 0.0000
vt -0.1699 0.1227
vt 0.0000 0.0000
vt 0.0549 -0.0000
vt 0.2248 0.1227
vt 0.0000 0.0000
vt 0.0682 0.0000
vt 0.1836 0.1786
vt 0.0000 0.0000
vt 0.0682 -0.0000
vt -0.1154 0.1786
vt 0.0000 0.0000
vt 0.0517 0.0000
vt -0.0119 0.2123
vt 0.0000 0.0000
vt 0.0517 0.0000
vt 0.0636 0.2123
vt 0.0000 0.0000
vt 0.0516 -0.0000
vt -0.0283 0.2198
vt 0.0000 0.0000
vt 0.0516 0.0000
vt 0.0799 0.2198
vt 0.0000 0.0000
vt 0.0874 0.0000
vt 0.0005 0.4475
vt 0.0005 0.4499
vt 0.0000 0.0000
vt 0.0874 0.0000
vt -0.0005 0.4347
vt 0.0018 0.4642
vt 0.0000 0.0000
vt 0.0874 -0.0000
vt 0.0005 0.4198
vt 0.0005 0.4511
vt 0.0000 0.0000
vt 0.0874 0.0000
vt -0.0005 0.4325
vt 0.0018 0.4364
vt 0.0000 0.0000
vt 0.0874 -0.0000
vt -0.0739 0.4294
vt -0.0739 0.4401
vt 0.0000 0.0000
vt 0.0874 0.0000
vt 0.0715 0.4455
vt 0.0680 0.4619
vt 0.0000 0.0000
vt 0.0874 0.0000
vt 0.0752 0.4246
vt 0.0752 0.4477
vt 0.0000 0.0000
vt 0.0874 -0.0000
vt -0.0657 0.4104
vt -0.0691 0.4275
vt 0.0000 0.0000
vt 0.0874 -0.0000
vt -0.0316 0.4210
vt -0.0316 0.4463
vt 0.0000 0.0000
vt 0.0874 0.0000
vt -0.0019 0.4361
vt -0.0005 0.4454
vt 0.0000 0.0000
vt 0.0874 -0.0000
vt 0.0328 0.4437
vt 0.0328 0.4524
vt 0.0000 0.0000
vt 0.0874 0.0000
vt 0.0009 0.4309
vt 0.0023 0.4554
vt 0.0000 0.0000
vt 0.0874 0.0000
vt 0.0422 0.4315
vt 0.0422 0.4485
vt 0.0000 0.0000
vt 0.0874 0.0000
vt -0.0397 0.4233
vt -0.0404 0.4404
vt 0.0000 0.0000
vt 0.0874 -0.0000
vt -0.0418 0.4312
vt -0.0418 0.4482
vt 0.0000 0.0000
vt 0.0874 0.0000
vt 0.0408 0.4398
vt 0.0400 0.4565
vt 0.0000 0.0000
vt 0.0874 -0.0000
vt 0.0874 0.0874
vt 0.0000 0.0874
vt 0.0000 0.0000
vt 0.0874 0.0000
vt 0.0874 0.0874
vt 0.0000 0.0874
vt 0.0000 0.0000
vt 0.0746 0.0000
vt 0.0001 0.6831
vt 0.0001 0.6939
vt 0.0000 0.0000
vt 0.0746 0.0000
vt -0.0001 0.6875
vt 0.0001 0.6911
vt 0.0000 0.0000
vt 0.0746 -0.0000
vt 0.0001 0.6903
vt 0.0001 0.6955
vt 0.0000 0.0000
vt 0.0746 0.0000
vt -0.0001 0.6859
vt 0.0001 0.6983
vt 0.0000 0.0000
vt 0.0746 -0.0000
vt 0.0265 0.6830
vt 0.0265 0.7029
vt 0.0000 0.0000
vt 0.0746 0.0000
vt -0.0391 0.6723
vt -0.0413 0.6872
vt 0.0000 0.0000
vt 0.0746 0.0000
vt -0.0258 0.6896
vt -0.0258 0.6852
vt 0.0000 0.0000
vt 0.0746 -0.0000
vt 0.0432 0.6987
vt 0.0410 0.6997
vt 0.0000 0.0000
vt 0.0746 0.0000
vt 0.1141 0.6874
vt 0.1141 0.6869
vt 0.0000 0.0000
vt 0.0746 0.0000
vt 0.0656 0.6890
vt 0.0666 0.6894
vt 0.0000 0.0000
vt 0.0746 0.0000
vt -0.1139 0.6670
vt -0.1139 0.6837
vt 0.0000 0.0000
vt 0.0746 0.0000
vt -0.0649 0.6782
vt -0.0639 0.6940
vt 0.0000 0.0000
vt 0.0746 0.0000
vt -0.0787 0.6740
vt -0.0787 0.6821
vt 0.0000 0.0000
vt 0.0746 0.0000
vt -0.0708 0.6835
vt -0.0699 0.6916
vt 0.0000 0.0000
vt 0.0746 -0.0000
vt 0.0792 0.6903
vt 0.0792 0.6982
vt 0.0000 0.0000
vt 0.0746 0.0000
vt 0.0703 0.6826
vt 0.0712 0.6906
vt 0.0000 0.0000
vt 0.0746 0.0000
vt 0.0746 0.0746
vt -0.0000 0.0746
vt 0.0000 0.0000
vt 0.0746 0.0000
vt 0.0746 0.0746
vt -0.0000 0.0746
vt 0.0000 0.0000
vt 0.0710 -0.0000
vt 0.0002 0.5180
vt 0.0002 0.5189
vt 0.0000 0.0000
vt 0.0710 0.0000
vt 0.0007 0.5245
vt -0.0001 0.5276
vt 0.0000 0.0000
vt 0.0710 0.0000
vt 0.0002 0.5160
vt 0.0002 0.5340
vt 0.0000 0.0000
vt 0.0710 0.0000
vt 0.0007 0.5094
vt -0.0001 0.5254
vt 0.0000 0.0000
vt 0.0710 0.0000
vt -0.0628 0.4963
vt -0.0628 0.5139
vt 0.0000 0.0000
vt 0.0710 0.0000
vt -0.0489 0.5170
vt -0.0451 0.5166
vt 0.0000 0.0000
vt 0.0710 -0.0000
vt 0.0654 0.5297
vt 0.0654 0.5314
vt 0.0000 0.0000
vt 0.0710 0.0000
vt 0.0466 0.5127
vt 0.0504 0.5321
vt 0.0000 0.0000
vt 0.0710 -0.0000
vt 0.0576 0.5094
vt 0.0576 0.5273
vt 0.0000 0.0000
vt 0.0710 0.0000
vt -0.0740 0.4968
vt -0.0767 0.5084
vt 0.0000 0.0000
vt 0.0710 0.0000
vt -0.0569 0.5182
vt -0.0569 0.5191
vt 0.0000 0.0000
vt 0.0710 0.0000
vt 0.0793 0.5257
vt 0.0765 0.5330
vt 0.0000 0.0000
vt 0.0710 0.0000
vt 0.0636 0.5186
vt 0.0636 0.5281
vt 0.0000 0.0000
vt 0.0710 -0.0000
vt 0.0169 0.5135
vt 0.0171 0.5231
vt 0.0000 0.0000
vt 0.0710 -0.0000
vt -0.0630 0.5075
vt -0.0630 0.5173
vt 0.0000 0.0000
vt 0.0710 -0.0000
vt -0.0171 0.5198
vt -0.0168 0.5293
vt 0.0000 0.0000
vt 0.0710 0.0000
vt 0.0710 0.0710
vt -0.0000 0.0710
vt 0.0000 0.0000
vt 0.0710 0.0000
vt 0.0710 0.0710
vt 0.0000 0.0710
vt 0.0000 0.0000
vt 0.0692 -0.0000
vt 0.0000 0.2128
vt 0.0000 0.2267
vt 0.0000 0.0000
vt 0.0692 -0.0000
vt 0.0003 0.2159
vt 0.0001 0.2338
vt 0.0000 0.0000
vt 0.0692 0.0000
vt 0.0000 0.2092
vt 0.0000 0.2363
vt 0.0000 0.0000
vt 0.0692 -0.0000
vt 0.0003 0.2059
vt 0.0001 0.2294
vt 0.0000 0.0000
vt 0.0692 -0.0000
vt -0.0204 0.1939
vt -0.0204 0.2151
vt 0.0000 0.0000
vt 0.0692 0.0000
vt -0.0090 0.2238
vt -0.0083 0.2234
vt 0.0000 0.0000
vt 0.0692 0.0000
vt 0.0264 0.2252
vt 0.0264 0.2456
vt 0.0000 0.0000
vt 0.0692 -0.0000
vt 0.0083 0.1994
vt 0.0091 0.2384
vt 0.0000 0.0000
vt 0.0692 -0.0000
vt -0.0028 0.2033
vt -0.0028 0.2251
vt 0.0000 0.0000
vt 0.0692 0.0000
vt -0.0650 0.1852
vt -0.0675 0.2151
vt 0.0000 0.0000
vt 0.0692 -0.0000
vt 0.0033 0.2184
vt 0.0033 0.2370
vt 0.0000 0.0000
vt 0.0692 0.0000
vt 0.0712 0.2146
vt 0.0687 0.2275
vt 0.0000 0.0000
vt 0.0692 0.0000
vt 0.0035 0.2160
vt 0.0035 0.2361
vt 0.0000 0.0000
vt 0.0692 0.0000
vt 0.0280 0.2130
vt 0.0282 0.2335
vt 0.0000 0.0000
vt 0.0692 -0.0000
vt -0.0035 0.2058
vt -0.0035 0.2268
vt 0.0000 0.0000
vt 0.0692 -0.0000
vt -0.0276 0.2051
vt -0.0275 0.2263
vt 0.0000 0.0000
vt 0.0692 0.0000
vt 0.0692 0.0692
vt -0.0000 0.0692
vt 0.0000 0.0000
vt 0.0692 0.0000
vt 0.0692 0.0692
vt -0.0000 0.0692
vt 0.0000 0.0000
vt 0.1252 0.0000
vt 0.1048 0.1080
vt -0.0327 0.1103
vt 0.0000 0.0000
vt 0.1400 0.0000
vt 0.1211 0.1099
vt -0.0317 0.1106
vt 0.0000 0.0000
vt 0.1252 0.0000
vt 0.1199 0.1142
vt -0.0191 0.1114
vt 0.0000 0.0000
vt 0.1401 -0.0000
vt 0.1391 0.1119
vt -0.0188 0.1100
vt 0.0000 0.0000
vt 0.1172 0.0000
vt 0.1328 0.1360
vt 0.0179 0.1449
vt 0.0000 0.0000
vt 0.1165 -0.0000
vt 0.1237 0.1376
vt 0.0085 0.1458
vt 0.0000 0.0000
vt 0.1172 -0.0000
vt 0.1322 0.1291
vt 0.0163 0.1369
vt 0.0000 0.0000
vt 0.1161 -0.0000
vt 0.1213 0.1291
vt 0.0069 0.1376
vt 0.0000 0.0000
vt 0.1153 0.0000
vt 0.1298 0.0766
vt 0.0175 0.0920
vt 0.0000 0.0000
vt 0.1133 -0.0000
vt 0.1183 0.0780
vt 0.0055 0.0935
vt 0.0000 0.0000
vt 0.1153 0.0000
vt 0.1235 0.0599
vt 0.0150 0.0765
vt 0.0000 0.0000
vt 0.1181 0.0000
vt 0.1272 0.0636
vt 0.0069 0.0781
vt 0.0000 0.0000
vt 0.0900 0.0000
vt 0.1068 0.1138
vt 0.0189 0.1141
vt 0.0000 0.0000
vt 0.0880 -0.0000
vt 0.1067 0.1136
vt 0.0207 0.1138
vt 0.0000 0.0000
vt 0.0900 0.0000
vt 0.1038 0.1128
vt 0.0185 0.1135
vt 0.0000 0.0000
vt 0.0872 0.0000
vt 0.1039 0.1142
vt 0.0182 0.1137
vt 0.0000 0.0000
vt 0.0938 -0.0000
vt 0.0994 0.1336
vt 0.0115 0.1248
vt 0.0000 0.0000
vt 0.0892 0.0000
vt 0.1109 0.1337
vt 0.0246 0.1229
vt 0.0000 0.0000
vt 0.0938 0.0000
vt 0.0954 0.1438
vt 0.0063 0.1342
vt 0.0000 0.0000
vt 0.0897 0.0000
vt 0.1106 0.1471
vt 0.0230 0.1346
vt 0.0000 0.0000
vt 0.1558 0.0000
vt 0.1623 0.0749
vt 0.0206 0.0664
vt 0.0000 0.0000
vt 0.1425 -0.0000
vt 0.1545 0.0752
vt 0.0251 0.0648
vt 0.0000 0.0000
vt 0.1558 0.0000
vt 0.1485 0.0861
vt 0.0066 0.0758
vt 0.0000 0.0000
vt 0.1427 0.0000
vt 0.1414 0.0855
vt 0.0121 0.0752
vt 0.0000 0.0000
vt 0.0443 -0.0000
vt 0.0588 0.0655
vt 0.0055 0.0657
vt 0.0000 0.0000
vt 0.0538 0.0000
vt 0.0686 0.0655
vt 0.0059 0.0656
vt 0.0000 0.0000
vt 0.0443 -0.0000
vt 0.0679 0.0654
vt 0.0149 0.0658
vt 0.0000 0.0000
vt 0.0550 -0.0000
vt 0.0776 0.0662
vt 0.0149 0.0657
vt 0.0000 0.0000
vt 0.0726 0.0000
vt 0.0648 0.0538
vt -0.0038 0.0568
vt 0.0000 0.0000
vt 0.0689 -0.0000
vt 0.0564 0.0528
vt -0.0052 0.0567
vt 0.0000 0.0000
vt 0.0726 0.0000
vt 0.0592 0.0513
vt -0.0083 0.0540
vt 0.0000 0.0000
vt 0.0677 -0.0000
vt 0.0529 0.0490
vt -0.0098 0.0551
vt 0.0000 0.0000
vt 0.0658 -0.0000
vt 0.0763 0.0412
vt 0.0079 0.0431
vt 0.0000 0.0000
vt 0.0684 0.0000
vt 0.0777 0.0408
vt 0.0068 0.0432
vt 0.0000 0.0000
vt 0.0658 0.0000
vt 0.0791 0.0396
vt 0.0106 0.0412
vt 0.0000 0.0000
vt 0.0687 0.0000
vt 0.0823 0.0417
vt 0.0101 0.0420
vt 0.0000 0.0000
vt 0.0487 0.0000
vt 0.0347 0.0647
vt -0.0108 0.0696
vt 0.0000 0.0000
vt 0.0461 0.0000
vt 0.0261 0.0633
vt -0.0163 0.0685
vt 0.0000 0.0000
vt 0.0487 0.0000
vt 0.0292 0.0600
vt -0.0141 0.0648
vt 0.0000 0.0000
vt 0.0457 0.0000
vt 0.0228 0.0584
vt -0.0202 0.0632
vt 0.0000 0.0000
vt 0.0437 0.0000
vt 0.0452 0.0486
vt 0.0013 0.0443
vt 0.0000 0.0000
vt 0.0448 0.0000
vt 0.0543 0.0491
vt 0.0067 0.0438
vt 0.0000 0.0000
vt 0.0437 0.0000
vt 0.0450 0.0562
vt 0.0014 0.0493
vt 0.0000 0.0000
vt 0.0481 0.0000
vt 0.0593 0.0537
vt 0.0120 0.0497
vt 0.0000 0.0000
vt 0.0636 -0.0000
vt 0.0691 0.0390
vt 0.0135 0.0416
vt 0.0000 0.0000
vt 0.0559 0.0000
vt 0.0600 0.0353
vt 0.0086 0.0429
vt 0.0000 0.0000
vt 0.0636 0.0000
vt 0.0573 0.0379
vt 0.0029 0.0395
vt 0.0000 0.0000
vt 0.0548 0.0000
vt 0.0477 0.0420
vt 0.0018 0.0397
vt 0.0000 0.0000
vt 0.0695 -0.0000
vt 0.0723 0.0852
vt 0.0055 0.0879
vt 0.0000 0.0000
vt 0.0672 0.0000
vt 0.0689 0.0867
vt 0.0034 0.0880
vt 0.0000 0.0000
vt 0.0695 -0.0000
vt 0.0700 0.0834
vt 0.0028 0.0855
vt 0.0000 0.0000
vt 0.0688 0.0000
vt 0.0703 0.0850
vt 0.0041 0.0871
vt 0.0000 0.0000
vt 0.0876 0.0000
vt 0.0801 0.0734
vt -0.0013 0.0739
vt 0.0000 0.0000
vt 0.0814 0.0000
vt 0.0741 0.0729
vt -0.0009 0.0739
vt 0.0000 0.0000
vt 0.0876 -0.0000
vt 0.0750 0.0725
vt -0.0061 0.0735
vt 0.0000 0.0000
vt 0.0812 0.0000
vt 0.0676 0.0724
vt -0.0075 0.0730
vt 0.0000 0.0000
vt 0.0881 -0.0000
vt 0.1052 0.0582
vt 0.0188 0.0662
vt 0.0000 0.0000
vt 0.0871 0.0000
vt 0.0994 0.0594
vt 0.0126 0.0676
vt 0.0000 0.0000
vt 0.0881 0.0000
vt 0.1046 0.0494
vt 0.0183 0.0583
vt 0.0000 0.0000
vt 0.0871 0.0000
vt 0.0992 0.0515
vt 0.0124 0.0595
vt 0.0000 0.0000
vt 0.0562 0.0000
vt 0.0635 0.0798
vt 0.0086 0.0845
vt 0.0000 0.0000
vt 0.0552 -0.0000
vt 0.0559 0.0797
vt 0.0020 0.0849
vt 0.0000 0.0000
vt 0.0562 0.0000
vt 0.0623 0.0741
vt 0.0088 0.0797
vt 0.0000 0.0000
vt 0.0553 0.0000
vt 0.0547 0.0756
vt 0.0006 0.0801
vt 0.0000 0.0000
vt 0.0688 0.0000
vt 0.0704 0.0708
vt 0.0088 0.0690
vt 0.0000 0.0000
vt 0.0633 0.0000
vt 0.0659 0.0710
vt 0.0115 0.0686
vt 0.0000 0.0000
vt 0.0688 0.0000
vt 0.0644 0.0731
vt 0.0026 0.0722
vt 0.0000 0.0000
vt 0.0625 0.0000
vt 0.0611 0.0736
vt 0.0057 0.0718
vt 0.0000 0.0000
vt 0.0669 -0.0000
vt 0.0609 0.0526
vt -0.0088 0.0524
vt 0.0000 0.0000
vt 0.0697 -0.0000
vt 0.0638 0.0525
vt -0.0096 0.0522
vt 0.0000 0.0000
vt 0.0669 0.0000
vt 0.0628 0.0535
vt -0.0067 0.0527
vt 0.0000 0.0000
vt 0.0697 0.0000
vt 0.0655 0.0531
vt -0.0058 0.0527
vt 0.0000 0.0000
vt 0.0615 0.0000
vt 0.0770 0.0650
vt 0.0181 0.0687
vt 0.0000 0.0000
vt 0.0590 0.0000
vt 0.0718 0.0655
vt 0.0147 0.0695
vt 0.0000 0.0000
vt 0.0615 0.0000
vt 0.0758 0.0594
vt 0.0176 0.0645
vt 0.0000 0.0000
vt 0.0590 0.0000
vt 0.0691 0.0605
vt 0.0124 0.0656
vt 0.0000 0.0000
vt 0.0619 -0.0000
vt 0.0652 0.0673
vt -0.0010 0.0722
vt 0.0000 0.0000
vt 0.0666 0.0000
vt 0.0645 0.0676
vt -0.0067 0.0719
vt 0.0000 0.0000
vt 0.0619 -0.0000
vt 0.0697 0.0603
vt 0.0038 0.0674
vt 0.0000 0.0000
vt 0.0677 0.0000
vt 0.0688 0.0589
vt 0.0007 0.0681
vt 0.0000 0.0000
vt 0.0707 0.0000
vt 0.0533 0.0624
vt -0.0112 0.0549
vt 0.0000 0.0000
vt 0.0658 0.0000
vt 0.0562 0.0642
vt -0.0039 0.0559
vt 0.0000 0.0000
vt 0.0707 0.0000
vt 0.0484 0.0723
vt -0.0167 0.0636
vt 0.0000 0.0000
vt 0.0658 -0.0000
vt 0.0527 0.0728
vt -0.0097 0.0648
vt 0.0000 0.0000
vt 0.0466 -0.0000
vt 0.0324 0.0624
vt -0.0208 0.0579
vt 0.0000 0.0000
vt 0.0558 0.0000
vt 0.0512 0.0644
vt -0.0152 0.0596
vt 0.0000 0.0000
vt 0.0466 0.0000
vt 0.0452 0.0729
vt -0.0109 0.0651
vt 0.0000 0.0000
vt 0.0575 0.0000
vt 0.0643 0.0697
vt -0.0032 0.0650
vt 0.0000 0.0000
vt 0.0560 -0.0000
vt 0.0458 0.0656
vt -0.0046 0.0611
vt 0.0000 0.0000
vt 0.0506 0.0000
vt 0.0461 0.0660
vt 0.0006 0.0612
vt 0.0000 0.0000
vt 0.0560 0.0000
vt 0.0400 0.0701
vt -0.0103 0.0656
vt 0.0000 0.0000
vt 0.0505 -0.0000
vt 0.0411 0.0708
vt -0.0045 0.0660
vt 0.0000 0.0000
vt 0.0570 0.0000
vt 0.0449 0.0700
vt -0.0140 0.0739
vt 0.0000 0.0000
vt 0.0593 0.0000
vt 0.0419 0.0688
vt -0.0189 0.0728
vt 0.0000 0.0000
vt 0.0570 -0.0000
vt 0.0469 0.0651
vt -0.0119 0.0702
vt 0.0000 0.0000
vt 0.0605 -0.0000
vt 0.0488 0.0665
vt -0.0143 0.0702
usemtl concrete
f 1/1 2/2 3/3
f 1/1 3/3 4/4
f 5/5 6/6 7/7
f 5/5 7/7 8/8
f 9/9 10/10 11/11
f 9/9 11/11 12/12
f 13/13 14/14 15/15
f 13/13 15/15 16/16
f 17/17 18/18 19/19
f 17/17 19/19 20/20
f 21/21 22/22 23/23
f 21/21 23/23 24/24
f 25/25 26/26 27/27
f 25/25 27/27 28/28
f 29/29 30/30 31/31
f 29/29 31/31 32/32
f 33/33 34/34 35/35
f 33/33 35/35 36/36
f 37/37 38/38 39/39
f 37/37 39/39 40/40
f 41/41 42/42 43/43
f 41/41 43/43 44/44
f 45/45 46/46 47/47
f 45/45 47/47 48/48
f 49/49 50/50 51/51
f 49/49 51/51 52/52
f 53/53 54/54 55/55
f 53/53 55/55 56/56
f 57/57 58/58 59/59
f 57/57 59/59 60/60
f 61/61 62/62 63/63
f 61/61 63/63 64/64
f 65/65 66/66 67/67
f 65/65 67/67 68/68
f 69/69 70/70 71/71
f 69/69 71/71 72/72
f 73/73 74/74 75/75
f 73/73 75/75 76/76
f 77/77 78/78 79/79
f 77/77 79/79 80/80
f 81/81 82/82 83/83
f 81/81 83/83 84/84
f 85/85 86/86 87/87
f 85/85 87/87 88/88
f 89/89 90/90 91/91
f 89/89 91/91 92/92
f 93/93 94/94 95/95
f 93/93 95/95 96/96
f 97/97 98/98 99/99
f 97/97 99/99 100/100
f 101/101 102/102 103/103
f 101/101 103/103 104/104
f 105/105 106/106 107/107
f 105/105 107/107 108/108
f 109/109 110/110 111/111
f 109/109 111/111 112/112
f 113/113 114/114 115/115
f 113/113 115/115 116/116
f 117/117 118/118 119/119
f 117/117 119/119 120/120
f 121/121 122/122 123/123
f 121/121 123/123 124/124
f 125/125 126/126 127/127
f 125/125 127/127 128/128
f 129/129 130/130 131/131
f 129/129 131/131 132/132
f 133/133 134/134 135/135
f 133/133 135/135 136/136
f 137/137 138/138 139/139
f 137/137 139/139 140/140
f 141/141 142/142 143/143
f 141/141 143/143 144/144
f 145/145 146/146 147/147
f 145/145 147/147 148/148
f 149/149 150/150 151/151
f 149/149 151/151 152/152
f 153/153 154/154 155/155
f 153/153 155/155 156/156
f 157/157 158/158 159/159
f 157/157 159/159 160/160
f 161/161 162/162 163/163
f 161/161 163/163 164/164
f 165/165 166/166 167/167
f 165/165 167/167 168/168
f 169/169 170/170 171/171
f 169/169 171/171 172/172
f 173/173 174/174 175/175
f 173/173 175/175 176/176
f 177/177 178/178 179/179
f 177/177 179/179 180/180
f 181/181 182/182 183/183
f 181/181 183/183 184/184
f 185/185 186/186 187/187
f 185/185 187/187 188/188
f 189/189 190/190 191/191
f 189/189 191/191 192/192
f 193/193 194/194 195/195
f 193/193 195/195 196/196
f 197/197 198/198 199/199
f 197/197 199/199 200/200
f 201/201 202/202 203/203
f 201/201 203/203 204/204
f 205/205 206/206 207/207
f 205/205 207/207 208/208
f 209/209 210/210 211/211
f 209/209 211/211 212/212
f 213/213 214/214 215/215
f 213/213 215/215 216/216
f 217/217 218/218 219/219
f 217/217 219/219 220/220
f 221/221 222/222 223/223
f 221/221 223/223 224/224
f 225/225 226/226 227/227
f 225/225 227/227 228/228
f 229/229 230/230 231/231
f 229/229 231/231 232/232
f 233/233 234/234 235/235
f 233/233 235/235 236/236
f 237/237 238/238 239/239
f 237/237 239/239 240/240
f 241/241 242/242 243/243
f 241/241 243/243 244/244
f 245/245 246/246 247/247
f 245/245 247/247 248/248
f 249/249 250/250 251/251
f 249/249 251/251 252/252
f 253/253 254/254 255/255
f 253/253 255/255 256/256
f 257/257 258/258 259/259
f 257/257 259/259 260/260
f 261/261 262/262 263/263
f 261/261 263/263 264/264
f 265/265 266/266 267/267
f 265/265 267/267 268/268
f 269/269 270/270 271/271
f 269/269 271/271 272/272
f 273/273 274/274 275/275
f 273/273 275/275 276/276
f 277/277 278/278 279/279
f 277/277 279/279 280/280
f 281/281 282/282 283/283
f 281/281 283/283 284/284
f 285/285 286/286 287/287
f 285/285 287/287 288/288
f 289/289 290/290 291/291
f 289/289 291/291 292/292
f 293/293 294/294 295/295
f 293/293 295/295 296/296
f 297/297 298/298 299/299
f 297/297 299/299 300/300
f 301/301 302/302 303/303
f 301/301 303/303 304/304
f 305/305 306/306 307/307
f 305/305 307/307 308/308
f 309/309 310/310 311/311
f 309/309 311/311 312/312
f 313/313 314/314 315/315
f 313/313 315/315 316/316
f 317/317 318/318 319/319
f 317/317 319/319 320/320
f 321/321 322/322 323/323
f 321/321 323/323 324/324
f 325/325 326/326 327/327
f 325/325 327/327 328/328
f 329/329 330/330 331/331
f 329/329 331/331 332/332
f 333/333 334/334 335/335
f 333/333 335/335 336/336
f 337/337 338/338 339/339
f 337/337 339/339 340/340
f 341/341 342/342 343/343
f 341/341 343/343 344/344
f 345/345 346/346 347/347
f 345/345 347/347 348/348
f 349/349 350/350 351/351
f 349/349 351/351 352/352
f 353/353 354/354 355/355
f 353/353 355/355 356/356
f 357/357 358/358 359/359
f 357/357 359/359 360/360
f 361/361 362/362 363/363
f 361/361 363/363 364/364
f 365/365 366/366 367/367
f 365/365 367/367 368/368
f 369/369 370/370 371/371
f 369/369 371/371 372/372
f 373/373 374/374 375/375
f 373/373 375/375 376/376
f 377/377 378/378 379/379
f 377/377 379/379 380/380
f 381/381 382/382 383/383
f 381/381 383/383 384/384
f 385/385 386/386 387/387
f 385/385 387/387 388/388
f 389/389 390/390 391/391
f 389/389 391/391 392/392
f 393/393 394/394 395/395
f 393/393 395/395 396/396
f 397/397 398/398 399/399
f 397/397 399/399 400/400
f 401/401 402/402 403/403
f 401/401 403/403 404/404
f 405/405 406/406 407/407
f 405/405 407/407 408/408
f 409/409 410/410 411/411
f 409/409 411/411 412/412
f 413/413 414/414 415/415
f 413/413 415/415 416/416
f 417/417 418/418 419/419
f 417/417 419/419 420/420
f 421/421 422/422 423/423
f 421/421 423/423 424/424
f 425/425 426/426 427/427
f 425/425 427/427 428/428
f 429/429 430/430 431/431
f 429/429 431/431 432/432
f 433/433 434/434 435/435
f 433/433 435/435 436/436
f 437/437 438/438 439/439
f 437/437 439/439 440/440
f 441/441 442/442 443/443
f 441/441 443/443 444/444
f 445/445 446/446 447/447
f 445/445 447/447 448/448
f 449/449 450/450 451/451
f 449/449 451/451 452/452
f 453/453 454/454 455/455
f 453/453 455/455 456/456
f 457/457 458/458 459/459
f 457/457 459/459 460/460
f 461/461 462/462 463/463
f 461/461 463/463 464/464
f 465/465 466/466 467/467
f 465/465 467/467 468/468
f 469/469 470/470 471/471
f 469/469 471/471 472/472
f 473/473 474/474 475/475
f 473/473 475/475 476/476
f 477/477 478/478 479/479
f 477/477 479/479 480/480
f 481/481 482/482 483/483
f 481/481 483/483 484/484
f 485/485 486/486 487/487
f 485/485 487/487 488/488
f 489/489 490/490 491/491
f 489/489 491/491 492/492
f 493/493 494/494 495/495
f 493/493 495/495 496/496
f 497/497 498/498 499/499
f 497/497 499/499 500/500
f 501/501 502/502 503/503
f 501/501 503/503 504/504
f 505/505 506/506 507/507
f 505/505 507/507 508/508
f 509/509 510/510 511/511
f 509/509 511/511 512/512
f 513/513 514/514 515/515
f 513/513 515/515 516/516
f 517/517 518/518 519/519
f 517/517 519/519 520/520
f 521/521 522/522 523/523
f 521/521 523/523 524/524
f 525/525 526/526 527/527
f 525/525 527/527 528/528
f 529/529 530/530 531/531
f 529/529 531/531 532/532
f 533/533 534/534 535/535
f 533/533 535/535 536/536
f 537/537 538/538 539/539
f 537/537 539/539 540/540
f 541/541 542/542 543/543
f 541/541 543/543 544/544
f 545/545 546/546 547/547
f 545/545 547/547 548/548
f 549/549 550/550 551/551
f 549/549 551/551 552/552
f 553/553 554/554 555/555
f 553/553 555/555 556/556
f 557/557 558/558 559/559
f 557/557 559/559 560/560
f 561/561 562/562 563/563
f 561/561 563/563 564/564
f 565/565 566/566 567/567
f 565/565 567/567 568/568
f 569/569 570/570 571/571
f 569/569 571/571 572/572
f 573/573 574/574 575/575
f 573/573 575/575 576/576
f 577/577 578/578 579/579
f 577/577 579/579 580/580
f 581/581 582/582 583/583
f 581/581 583/583 584/584
f 585/585 586/586 587/587
f 585/585 587/587 588/588
f 589/589 590/590 591/591
f 589/589 591/591 592/592
f 593/593 594/594 595/595
f 593/593 595/595 596/596
f 597/597 598/598 599/599
f 597/597 599/599 600/600
f 601/601 602/602 603/603
f 601/601 603/603 604/604
f 605/605 606/606 607/607
f 605/605 607/607 608/608
f 609/609 610/610 611/611
f 609/609 611/611 612/612
f 613/613 614/614 615/615
f 613/613 615/615 616/616
f 617/617 618/618 619/619
f 617/617 619/619 620/620
f 621/621 622/622 623/623
f 621/621 623/623 624/624
f 625/625 626/626 627/627
f 625/625 627/627 628/628
f 629/629 630/630 631/631
f 629/629 631/631 632/632
f 633/633 634/634 635/635
f 633/633 635/635 636/636
f 637/637 638/638 639/639
f 637/637 639/639 640/640
f 641/641 642/642 643/643
f 641/641 643/643 644/644
f 645/645 646/646 647/647
f 645/645 647/647 648/648
f 649/649 650/650 651/651
f 649/649 651/651 652/652
f 653/653 654/654 655/655
f 653/653 655/655 656/656
f 657/657 658/658 659/659
f 657/657 659/659 660/660
f 661/661 662/662 663/663
f 661/661 663/663 664/664
f 665/665 666/666 667/667
f 665/665 667/667 668/668
f 669/669 670/670 671/671
f 669/669 671/671 672/672
f 673/673 674/674 675/675
f 673/673 675/675 676/676
f 677/677 678/678 679/679
f 677/677 679/679 680/680
f 681/681 682/682 683/683
f 681/681 683/683 684/684
f 685/685 686/686 687/687
f 685/685 687/687 688/688
f 689/689 690/690 691/691
f 689/689 691/691 692/692
f 693/693 694/694 695/695
f 693/693 695/695 696/696
f 697/697 698/698 699/699
f 697/697 699/699 700/700
f 701/701 702/702 703/703
f 701/701 703/703 704/704
f 705/705 706/706 707/707
f 705/705 707/707 708/708
f 709/709 710/710 711/711
f 709/709 711/711 712/712
f 713/713 714/714 715/715
f 713/713 715/715 716/716
f 717/717 718/718 719/719
f 717/717 719/719 720/720
f 721/721 722/722 723/723
f 721/721 723/723 724/724
f 725/725 726/726 727/727
f 725/725 727/727 728/728
f 729/729 730/730 731/731
f 729/729 731/731 732/732
f 733/733 734/734 735/735
f 733/733 735/735 736/736
f 737/737 738/738 739/739
f 737/737 739/739 740/740
f 741/741 742/742 743/743
f 741/741 743/743 744/744
f 745/745 746/746 747/747
f 745/745 747/747 748/748
f 749/749 750/750 751/751
f 749/749 751/751 752/752
f 753/753 754/754 755/755
f 753/753 755/755 756/756
f 757/757 758/758 759/759
f 757/757 759/759 760/760
f 761/761 762/762 763/763
f 761/761 763/763 764/764
f 765/765 766/766 767/767
f 765/765 767/767 768/768
f 769/769 770/770 771/771
f 769/769 771/771 772/772
f 773/773 774/774 775/775
f 773/773 775/775 776/776
f 777/777 778/778 779/779
f 777/777 779/779 780/780
f 781/781 782/782 783/783
f 781/781 783/783 784/784
f 785/785 786/786 787/787
f 785/785 787/787 788/788
f 789/789 790/790 791/791
f 789/789 791/791 792/792
f 793/793 794/794 795/795
f 793/793 795/795 796/796
f 797/797 798/798 799/799
f 797/797 799/799 800/800
f 801/801 802/802 803/803
f 801/801 803/803 804/804
f 805/805 806/806 807/807
f 805/805 807/807 808/808
f 809/809 810/810 811/811
f 809/809 811/811 812/812
f 813/813 814/814 815/815
f 813/813 815/815 816/816
f 817/817 818/818 819/819
f 817/817 819/819 820/820
f 821/821 822/822 823/823
f 821/821 823/823 824/824
f 825/825 826/826 827/827
f 825/825 827/827 828/828
f 829/829 830/830 831/831
f 829/829 831/831 832/832
f 833/833 834/834 835/835
f 833/833 835/835 836/836
f 837/837 838/838 839/839
f 837/837 839/839 840/840
f 841/841 842/842 843/843
f 841/841 843/843 844/844
f 845/845 846/846 847/847
f 845/845 847/847 848/848
f 849/849 850/850 851/851
f 849/849 851/851 852/852
f 853/853 854/854 855/855
f 853/853 855/855 856/856
f 857/857 858/858 859/859
f 857/857 859/859 860/860
f 861/861 862/862 863/863
f 861/861 863/863 864/864
f 865/865 866/866 867/867
f 865/865 867/867 868/868
f 869/869 870/870 871/871
f 869/869 871/871 872/872
f 873/873 874/874 875/875
f 873/873 875/875 876/876
f 877/877 878/878 879/879
f 877/877 879/879 880/880
f 881/881 882/882 883/883
f 881/881 883/883 884/884
f 885/885 886/886 887/887
f 885/885 887/887 888/888
f 889/889 890/890 891/891
f 889/889 891/891 892/892
f 893/893 894/894 895/895
f 893/893 895/895 896/896
f 897/897 898/898 899/899
f 897/897 899/899 900/900
f 901/901 902/902 903/903
f 901/901 903/903 904/904
f 905/905 906/906 907/907
f 905/905 907/907 908/908
f 909/909 910/910 911/911
f 909/909 911/911 912/912
f 913/913 914/914 915/915
f 913/913 915/915 916/916
f 917/917 918/918 919/919
f 917/917 919/919 920/920
f 921/921 922/922 923/923
f 921/921 923/923 924/924
f 925/925 926/926 927/927
f 925/925 927/927 928/928
f 929/929 930/930 931/931
f 929/929 931/931 932/932
f 933/933 934/934 935/935
f 933/933 935/935 936/936
f 937/937 938/938 939/939
f 937/937 939/939 940/940
f 941/941 942/942 943/943
f 941/941 943/943 944/944
f 945/945 946/946 947/947
f 945/945 947/947 948/948
f 949/949 950/950 951/951
f 949/949 951/951 952/952
f 953/953 954/954 955/955
f 953/953 955/955 956/956
f 957/957 958/958 959/959
f 957/957 959/959 960/960
f 961/961 962/962 963/963
f 961/961 963/963 964/964
f 965/965 966/966 967/967
f 965/965 967/967 968/968
f 969/969 970/970 971/971
f 969/969 971/971 972/972
f 973/973 974/974 975/975
f 973/973 975/975 976/976
f 977/977 978/978 979/979
f 977/977 979/979 980/980
f 981/981 982/982 983/983
f 981/981 983/983 984/984
f 985/985 986/986 987/987
f 985/985 987/987 988/988
f 989/989 990/990 991/991
f 989/989 991/991 992/992
f 993/993 994/994 995/995
f 993/993 995/995 996/996
f 997/997 998/998 999/999
f 997/997 999/999 1000/1000
f 1001/1001 1002/1002 1003/1003
f 1001/1001 1003/1003 1004/1004
f 1005/1005 1006/1006 1007/1007
f 1005/1005 1007/1007 1008/1008
f 1009/1009 1010/1010 1011/1011
f 1009/1009 1011/1011 1012/1012
f 1013/1013 1014/1014 1015/1015
f 1013/1013 1015/1015 1016/1016
f 1017/1017 1018/1018 1019/1019
f 1017/1017 1019/1019 1020/1020
f 1021/1021 1022/1022 1023/1023
f 1021/1021 1023/1023 1024/1024
f 1025/1025 1026/1026 1027/1027
f 1025/1025 1027/1027 1028/1028
f 1029/1029 1030/1030 1031/1031
f 1029/1029 1031/1031 1032/1032
f 1033/1033 1034/1034 1035/1035
f 1033/1033 1035/1035 1036/1036
f 1037/1037 1038/1038 1039/1039
f 1037/1037 1039/1039 1040/1040
f 1041/1041 1042/1042 1043/1043
f 1041/1041 1043/1043 1044/1044
f 1045/1045 1046/1046 1047/1047
f 1045/1045 1047/1047 1048/1048
f 1049/1049 1050/1050 1051/1051
f 1049/1049 1051/1051 1052/1052
f 1053/1053 1054/1054 1055/1055
f 1053/1053 1055/1055 1056/1056
f 1057/1057 1058/1058 1059/1059
f 1057/1057 1059/1059 1060/1060
f 1061/1061 1062/1062 1063/1063
f 1061/1061 1063/1063 1064/1064
f 1065/1065 1066/1066 1067/1067
f 1065/1065 1067/1067 1068/1068
f 1069/1069 1070/1070 1071/1071
f 1069/1069 1071/1071 1072/1072
f 1073/1073 1074/1074 1075/1075
f 1073/1073 1075/1075 1076/1076
f 1077/1077 1078/1078 1079/1079
f 1077/1077 1079/1079 1080/1080
f 1081/1081 1082/1082 1083/1083
f 1081/1081 1083/1083 1084/1084
f 1085/1085 1086/1086 1087/1087
f 1085/1085 1087/1087 1088/1088
f 1089/1089 1090/1090 1091/1091
f 1089/1089 1091/1091 1092/1092
f 1093/1093 1094/1094 1095/1095
f 1093/1093 1095/1095 1096/1096
f 1097/1097 1098/1098 1099/1099
f 1097/1097 1099/1099 1100/1100
f 1101/1101 1102/1102 1103/1103
f 1101/1101 1103/1103 1104/1104
f 1105/1105 1106/1106 1107/1107
f 1105/1105 1107/1107 1108/1108
f 1109/1109 1110/1110 1111/1111
f 1109/1109 1111/1111 1112/1112
f 1113/1113 1114/1114 1115/1115
f 1113/1113 1115/1115 1116/1116
f 1117/1117 1118/1118 1119/1119
f 1117/1117 1119/1119 1120/1120
f 1121/1121 1122/1122 1123/1123
f 1121/1121 1123/1123 1124/1124
f 1125/1125 1126/1126 1127/1127
f 1125/1125 1127/1127 1128/1128
f 1129/1129 1130/1130 1131/1131
f 1129/1129 1131/1131 1132/1132
f 1133/1133 1134/1134 1135/1135
f 1133/1133 1135/1135 1136/1136
f 1137/1137 1138/1138 1139/1139
f 1137/1137 1139/1139 1140/1140
f 1141/1141 1142/1142 1143/1143
f 1141/1141 1143/1143 1144/1144
f 1145/1145 1146/1146 1147/1147
f 1145/1145 1147/1147 1148/1148
f 1149/1149 1150/1150 1151/1151
f 1149/1149 1151/1151 1152/1152
f 1153/1153 1154/1154 1155/1155
f 1153/1153 1155/1155 1156/1156
f 1157/1157 1158/1158 1159/1159
f 1157/1157 1159/1159 1160/1160
f 1161/1161 1162/1162 1163/1163
f 1161/1161 1163/1163 1164/1164
f 1165/1165 1166/1166 1167/1167
f 1165/1165 1167/1167 1168/1168
f 1169/1169 1170/1170 1171/1171
f 1169/1169 1171/1171 1172/1172
f 1173/1173 1174/1174 1175/1175
f 1173/1173 1175/1175 1176/1176
f 1177/1177 1178/1178 1179/1179
f 1177/1177 1179/1179 1180/1180
f 1181/1181 1182/1182 1183/1183
f 1181/1181 1183/1183 1184/1184
f 1185/1185 1186/1186 1187/1187
f 1185/1185 1187/1187 1188/1188
f 1189/1189 1190/1190 1191/1191
f 1189/1189 1191/1191 1192/1192
f 1193/1193 1194/1194 1195/1195
f 1193/1193 1195/1195 1196/1196
f 1197/1197 1198/1198 1199/1199
f 1197/1197 1199/1199 1200/1200
f 1201/1201 1202/1202 1203/1203
f 1201/1201 1203/1203 1204/1204
f 1205/1205 1206/1206 1207/1207
f 1205/1205 1207/1207 1208/1208
f 1209/1209 1210/1210 1211/1211
f 1209/1209 1211/1211 1212/1212
f 1213/1213 1214/1214 1215/1215
f 1213/1213 1215/1215 1216/1216
f 1217/1217 1218/1218 1219/1219
f 1217/1217 1219/1219 1220/1220
f 1221/1221 1222/1222 1223/1223
f 1221/1221 1223/1223 1224/1224
f 1225/1225 1226/1226 1227/1227
f 1225/1225 1227/1227 1228/1228
f 1229/1229 1230/1230 1231/1231
f 1229/1229 1231/1231 1232/1232
f 1233/1233 1234/1234 1235/1235
f 1233/1233 1235/1235 1236/1236
f 1237/1237 1238/1238 1239/1239
f 1237/1237 1239/1239 1240/1240
f 1241/1241 1242/1242 1243/1243
f 1241/1241 1243/1243 1244/1244
f 1245/1245 1246/1246 1247/1247
f 1245/1245 1247/1247 1248/1248
f 1249/1249 1250/1250 1251/1251
f 1249/1249 1251/1251 1252/1252
f 1253/1253 1254/1254 1255/1255
f 1253/1253 1255/1255 1256/1256
f 1257/1257 1258/1258 1259/1259
f 1257/1257 1259/1259 1260/1260
f 1261/1261 1262/1262 1263/1263
f 1261/1261 1263/1263 1264/1264
f 1265/1265 1266/1266 1267/1267
f 1265/1265 1267/1267 1268/1268
f 1269/1269 1270/1270 1271/1271
f 1269/1269 1271/1271 1272/1272
f 1273/1273 1274/1274 1275/1275
f 1273/1273 1275/1275 1276/1276
f 1277/1277 1278/1278 1279/1279
f 1277/1277 1279/1279 1280/1280
f 1281/1281 1282/1282 1283/1283
f 1281/1281 1283/1283 1284/1284
f 1285/1285 1286/1286 1287/1287
f 1285/1285 1287/1287 1288/1288
f 1289/1289 1290/1290 1291/1291
f 1289/1289 1291/1291 1292/1292
f 1293/1293 1294/1294 1295/1295
f 1293/1293 1295/1295 1296/1296
f 1297/1297 1298/1298 1299/1299
f 1297/1297 1299/1299 1300/1300
f 1301/1301 1302/1302 1303/1303
f 1301/1301 1303/1303 1304/1304
f 1305/1305 1306/1306 1307/1307
f 1305/1305 1307/1307 1308/1308
f 1309/1309 1310/1310 1311/1311
f 1309/1309 1311/1311 1312/1312
f 1313/1313 1314/1314 1315/1315
f 1313/1313 1315/1315 1316/1316
f 1317/1317 1318/1318 1319/1319
f 1317/1317 1319/1319 1320/1320
f 1321/1321 1322/1322 1323/1323
f 1321/1321 1323/1323 1324/1324
f 1325/1325 1326/1326 1327/1327
f 1325/1325 1327/1327 1328/1328
f 1329/1329 1330/1330 1331/1331
f 1329/1329 1331/1331 1332/1332
f 1333/1333 1334/1334 1335/1335
f 1333/1333 1335/1335 1336/1336
f 1337/1337 1338/1338 1339/1339
f 1337/1337 1339/1339 1340/1340
f 1341/1341 1342/1342 1343/1343
f 1341/1341 1343/1343 1344/1344
f 1345/1345 1346/1346 1347/1347
f 1345/1345 1347/1347 1348/1348
f 1349/1349 1350/1350 1351/1351
f 1349/1349 1351/1351 1352/1352
f 1353/1353 1354/1354 1355/1355
f 1353/1353 1355/1355 1356/1356
f 1357/1357 1358/1358 1359/1359
f 1357/1357 1359/1359 1360/1360
f 1361/1361 1362/1362 1363/1363
f 1361/1361 1363/1363 1364/1364
f 1365/1365 1366/1366 1367/1367
f 1365/1365 1367/1367 1368/1368
f 1369/1369 1370/1370 1371/1371
f 1369/1369 1371/1371 1372/1372
f 1373/1373 1374/1374 1375/1375
f 1373/1373 1375/1375 1376/1376
f 1377/1377 1378/1378 1379/1379
f 1377/1377 1379/1379 1380/1380
f 1381/1381 1382/1382 1383/1383
f 1381/1381 1383/1383 1384/1384
f 1385/1385 1386/1386 1387/1387
f 1385/1385 1387/1387 1388/1388
f 1389/1389 1390/1390 1391/1391
f 1389/1389 1391/1391 1392/1392
f 1393/1393 1394/1394 1395/1395
f 1393/1393 1395/1395 1396/1396
f 1397/1397 1398/1398 1399/1399
f 1397/1397 1399/1399 1400/1400
f 1401/1401 1402/1402 1403/1403
f 1401/1401 1403/1403 1404/1404
f 1405/1405 1406/1406 1407/1407
f 1405/1405 1407/1407 1408/1408
f 1409/1409 1410/1410 1411/1411
f 1409/1409 1411/1411 1412/1412
f 1413/1413 1414/1414 1415/1415
f 1413/1413 1415/1415 1416/1416
f 1417/1417 1418/1418 1419/1419
f 1417/1417 1419/1419 1420/1420
f 1421/1421 1422/1422 1423/1423
f 1421/1421 1423/1423 1424/1424
f 1425/1425 1426/1426 1427/1427
f 1425/1425 1427/1427 1428/1428
f 1429/1429 1430/1430 1431/1431
f 1429/1429 1431/1431 1432/1432
f 1433/1433 1434/1434 1435/1435
f 1433/1433 1435/1435 1436/1436
f 1437/1437 1438/1438 1439/1439
f 1437/1437 1439/1439 1440/1440
f 1441/1441 1442/1442 1443/1443
f 1441/1441 1443/1443 1444/1444
f 1445/1445 1446/1446 1447/1447
f 1445/1445 1447/1447 1448/1448
f 1449/1449 1450/1450 1451/1451
f 1449/1449 1451/1451 1452/1452
f 1453/1453 1454/1454 1455/1455
f 1453/1453 1455/1455 1456/1456
f 1457/1457 1458/1458 1459/1459
f 1457/1457 1459/1459 1460/1460
f 1461/1461 1462/1462 1463/1463
f 1461/1461 1463/1463 1464/1464
f 1465/1465 1466/1466 1467/1467
f 1465/1465 1467/1467 1468/1468
f 1469/1469 1470/1470 1471/1471
f 1469/1469 1471/1471 1472/1472
f 1473/1473 1474/1474 1475/1475
f 1473/1473 1475/1475 1476/1476
f 1477/1477 1478/1478 1479/1479
f 1477/1477 1479/1479 1480/1480
f 1481/1481 1482/1482 1483/1483
f 1481/1481 1483/1483 1484/1484
f 1485/1485 1486/1486 1487/1487
f 1485/1485 1487/1487 1488/1488
f 1489/1489 1490/1490 1491/1491
f 1489/1489 1491/1491 1492/1492
f 1493/1493 1494/1494 1495/1495
f 1493/1493 1495/1495 1496/1496
f 1497/1497 1498/1498 1499/1499
f 1497/1497 1499/1499 1500/1500
f 1501/1501 1502/1502 1503/1503
f 1501/1501 1503/1503 1504/1504
f 1505/1505 1506/1506 1507/1507
f 1505/1505 1507/1507 1508/1508
f 1509/1509 1510/1510 1511/1511
f 1509/1509 1511/1511 1512/1512
f 1513/1513 1514/1514 1515/1515
f 1513/1513 1515/1515 1516/1516
f 1517/1517 1518/1518 1519/1519
f 1517/1517 1519/1519 1520/1520
f 1521/1521 1522/1522 1523/1523
f 1521/1521 1523/1523 1524/1524
f 1525/1525 1526/1526 1527/1527
f 1525/1525 1527/1527 1528/1528
f 1529/1529 1530/1530 1531/1531
f 1529/1529 1531/1531 1532/1532
f 1533/1533 1534/1534 1535/1535
f 1533/1533 1535/1535 1536/1536
f 1537/1537 1538/1538 1539/1539
f 1537/1537 1539/1539 1540/1540
f 1541/1541 1542/1542 1543/1543
f 1541/1541 1543/1543 1544/1544
f 1545/1545 1546/1546 1547/1547
f 1545/1545 1547/1547 1548/1548
f 1549/1549 1550/1550 1551/1551
f 1549/1549 1551/1551 1552/1552
f 1553/1553 1554/1554 1555/1555
f 1553/1553 1555/1555 1556/1556
f 1557/1557 1558/1558 1559/1559
f 1557/1557 1559/1559 1560/1560
f 1561/1561 1562/1562 1563/1563
f 1561/1561 1563/1563 1564/1564
f 1565/1565 1566/1566 1567/1567
f 1565/1565 1567/1567 1568/1568
f 1569/1569 1570/1570 1571/1571
f 1569/1569 1571/1571 1572/1572
f 1573/1573 1574/1574 1575/1575
f 1573/1573 1575/1575 1576/1576
f 1577/1577 1578/1578 1579/1579
f 1577/1577 1579/1579 1580/1580
f 1581/1581 1582/1582 1583/1583
f 1581/1581 1583/1583 1584/1584
f 1585/1585 1586/1586 1587/1587
f 1585/1585 1587/1587 1588/1588
f 1589/1589 1590/1590 1591/1591
f 1589/1589 1591/1591 1592/1592
f 1593/1593 1594/1594 1595/1595
f 1593/1593 1595/1595 1596/1596
f 1597/1597 1598/1598 1599/1599
f 1597/1597 1599/1599 1600/1600
f 1601/1601 1602/1602 1603/1603
f 1601/1601 1603/1603 1604/1604
f 1605/1605 1606/1606 1607/1607
f 1605/1605 1607/1607 1608/1608
f 1609/1609 1610/1610 1611/1611
f 1609/1609 1611/1611 1612/1612
f 1613/1613 1614/1614 1615/1615
f 1613/1613 1615/1615 1616/1616
f 1617/1617 1618/1618 1619/1619
f 1617/1617 1619/1619 1620/1620
f 1621/1621 1622/1622 1623/1623
f 1621/1621 1623/1623 1624/1624
f 1625/1625 1626/1626 1627/1627
f 1625/1625 1627/1627 1628/1628
f 1629/1629 1630/1630 1631/1631
f 1629/1629 1631/1631 1632/1632
f 1633/1633 1634/1634 1635/1635
f 1633/1633 1635/1635 1636/1636
f 1637/1637 1638/1638 1639/1639
f 1637/1637 1639/1639 1640/1640
f 1641/1641 1642/1642 1643/1643
f 1641/1641 1643/1643 1644/1644
f 1645/1645 1646/1646 1647/1647
f 1645/1645 1647/1647 1648/1648
f 1649/1649 1650/1650 1651/1651
f 1649/1649 1651/1651 1652/1652
f 1653/1653 1654/1654 1655/1655
f 1653/1653 1655/1655 1656/1656
f 1657/1657 1658/1658 1659/1659
f 1657/1657 1659/1659 1660/1660
f 1661/1661 1662/1662 1663/1663
f 1661/1661 1663/1663 1664/1664
f 1665/1665 1666/1666 1667/1667
f 1665/1665 1667/1667 1668/1668
f 1669/1669 1670/1670 1671/1671
f 1669/1669 1671/1671 1672/1672
f 1673/1673 1674/1674 1675/1675
f 1673/1673 1675/1675 1676/1676
f 1677/1677 1678/1678 1679/1679
f 1677/1677 1679/1679 1680/1680
f 1681/1681 1682/1682 1683/1683
f 1681/1681 1683/1683 1684/1684
f 1685/1685 1686/1686 1687/1687
f 1685/1685 1687/1687 1688/1688
f 1689/1689 1690/1690 1691/1691
f 1689/1689 1691/1691 1692/1692
f 1693/1693 1694/1694 1695/1695
f 1693/1693 1695/1695 1696/1696
f 1697/1697 1698/1698 1699/1699
f 1697/1697 1699/1699 1700/1700
f 1701/1701 1702/1702 1703/1703
f 1701/1701 1703/1703 1704/1704
f 1705/1705 1706/1706 1707/1707
f 1705/1705 1707/1707 1708/1708
f 1709/1709 1710/1710 1711/1711
f 1709/1709 1711/1711 1712/1712
f 1713/1713 1714/1714 1715/1715
f 1713/1713 1715/1715 1716/1716
f 1717/1717 1718/1718 1719/1719
f 1717/1717 1719/1719 1720/1720
f 1721/1721 1722/1722 1723/1723
f 1721/1721 1723/1723 1724/1724
f 1725/1725 1726/1726 1727/1727
f 1725/1725 1727/1727 1728/1728
f 1729/1729 1730/1730 1731/1731
f 1729/1729 1731/1731 1732/1732
f 1733/1733 1734/1734 1735/1735
f 1733/1733 1735/1735 1736/1736
f 1737/1737 1738/1738 1739/1739
f 1737/1737 1739/1739 1740/1740
f 1741/1741 1742/1742 1743/1743
f 1741/1741 1743/1743 1744/1744
f 1745/1745 1746/1746 1747/1747
f 1745/1745 1747/1747 1748/1748
f 1749/1749 1750/1750 1751/1751
f 1749/1749 1751/1751 1752/1752
f 1753/1753 1754/1754 1755/1755
f 1753/1753 1755/1755 1756/1756
f 1757/1757 1758/1758 1759/1759
f 1757/1757 1759/1759 1760/1760
f 1761/1761 1762/1762 1763/1763
f 1761/1761 1763/1763 1764/1764
f 1765/1765 1766/1766 1767/1767
f 1765/1765 1767/1767 1768/1768
f 1769/1769 1770/1770 1771/1771
f 1769/1769 1771/1771 1772/1772
f 1773/1773 1774/1774 1775/1775
f 1773/1773 1775/1775 1776/1776
f 1777/1777 1778/1778 1779/1779
f 1777/1777 1779/1779 1780/1780
f 1781/1781 1782/1782 1783/1783
f 1781/1781 1783/1783 1784/1784
f 1785/1785 1786/1786 1787/1787
f 1785/1785 1787/1787 1788/1788
f 1789/1789 1790/1790 1791/1791
f 1789/1789 1791/1791 1792/1792
f 1793/1793 1794/1794 1795/1795
f 1793/1793 1795/1795 1796/1796
f 1797/1797 1798/1798 1799/1799
f 1797/1797 1799/1799 1800/1800
f 1801/1801 1802/1802 1803/1803
f 1801/1801 1803/1803 1804/1804
f 1805/1805 1806/1806 1807/1807
f 1805/1805 1807/1807 1808/1808
f 1809/1809 1810/1810 1811/1811
f 1809/1809 1811/1811 1812/1812
f 1813/1813 1814/1814 1815/1815
f 1813/1813 1815/1815 1816/1816
f 1817/1817 1818/1818 1819/1819
f 1817/1817 1819/1819 1820/1820
f 1821/1821 1822/1822 1823/1823
f 1821/1821 1823/1823 1824/1824
f 1825/1825 1826/1826 1827/1827
f 1825/1825 1827/1827 1828/1828
f 1829/1829 1830/1830 1831/1831
f 1829/1829 1831/1831 1832/1832
f 1833/1833 1834/1834 1835/1835
f 1833/1833 1835/1835 1836/1836
f 1837/1837 1838/1838 1839/1839
f 1837/1837 1839/1839 1840/1840
f 1841/1841 1842/1842 1843/1843
f 1841/1841 1843/1843 1844/1844
f 1845/1845 1846/1846 1847/1847
f 1845/1845 1847/1847 1848/1848
f 1849/1849 1850/1850 1851/1851
f 1849/1849 1851/1851 1852/1852
f 1853/1853 1854/1854 1855/1855
f 1853/1853 1855/1855 1856/1856
f 1857/1857 1858/1858 1859/1859
f 1857/1857 1859/1859 1860/1860
f 1861/1861 1862/1862 1863/1863
f 1861/1861 1863/1863 1864/1864
f 1865/1865 1866/1866 1867/1867
f 1865/1865 1867/1867 1868/1868
f 1869/1869 1870/1870 1871/1871
f 1869/1869 1871/1871 1872/1872
f 1873/1873 1874/1874 1875/1875
f 1873/1873 1875/1875 1876/1876
f 1877/1877 1878/1878 1879/1879
f 1877/1877 1879/1879 1880/1880
f 1881/1881 1882/1882 1883/1883
f 1881/1881 1883/1883 1884/1884
f 1885/1885 1886/1886 1887/1887
f 1885/1885 1887/1887 1888/1888
f 1889/1889 1890/1890 1891/1891
f 1889/1889 1891/1891 1892/1892
f 1893/1893 1894/1894 1895/1895
f 1893/1893 1895/1895 1896/1896
f 1897/1897 1898/1898 1899/1899
f 1897/1897 1899/1899 1900/1900
f 1901/1901 1902/1902 1903/1903
f 1901/1901 1903/1903 1904/1904
f 1905/1905 1906/1906 1907/1907
f 1905/1905 1907/1907 1908/1908
f 1909/1909 1910/1910 1911/1911
f 1909/1909 1911/1911 1912/1912
f 1913/1913 1914/1914 1915/1915
f 1913/1913 1915/1915 1916/1916
f 1917/1917 1918/1918 1919/1919
f 1917/1917 1919/1919 1920/1920
f 3553/3553 3554/3554 3555/3555
f 3553/3553 3555/3555 3556/3556
f 3557/3557 3558/3558 3559/3559
f 3557/3557 3559/3559 3560/3560
f 3561/3561 3562/3562 3563/3563
f 3561/3561 3563/3563 3564/3564
f 3565/3565 3566/3566 3567/3567
f 3565/3565 3567/3567 3568/3568
f 3569/3569 3570/3570 3571/3571
f 3569/3569 3571/3571 3572/3572
f 3573/3573 3574/3574 3575/3575
f 3573/3573 3575/3575 3576/3576
f 3577/3577 3578/3578 3579/3579
f 3577/3577 3579/3579 3580/3580
f 3581/3581 3582/3582 3583/3583
f 3581/3581 3583/3583 3584/3584
f 3585/3585 3586/3586 3587/3587
f 3585/3585 3587/3587 3588/3588
f 3589/3589 3590/3590 3591/3591
f 3589/3589 3591/3591 3592/3592
f 3593/3593 3594/3594 3595/3595
f 3593/3593 3595/3595 3596/3596
f 3597/3597 3598/3598 3599/3599
f 3597/3597 3599/3599 3600/3600
f 3601/3601 3602/3602 3603/3603
f 3601/3601 3603/3603 3604/3604
f 3605/3605 3606/3606 3607/3607
f 3605/3605 3607/3607 3608/3608
f 3609/3609 3610/3610 3611/3611
f 3609/3609 3611/3611 3612/3612
f 3613/3613 3614/3614 3615/3615
f 3613/3613 3615/3615 3616/3616
f 3617/3617 3618/3618 3619/3619
f 3617/3617 3619/3619 3620/3620
f 3621/3621 3622/3622 3623/3623
f 3621/3621 3623/3623 3624/3624
f 3625/3625 3626/3626 3627/3627
f 3625/3625 3627/3627 3628/3628
f 3629/3629 3630/3630 3631/3631
f 3629/3629 3631/3631 3632/3632
f 3633/3633 3634/3634 3635/3635
f 3633/3633 3635/3635 3636/3636
f 3637/3637 3638/3638 3639/3639
f 3637/3637 3639/3639 3640/3640
f 3641/3641 3642/3642 3643/3643
f 3641/3641 3643/3643 3644/3644
f 3645/3645 3646/3646 3647/3647
f 3645/3645 3647/3647 3648/3648
f 3649/3649 3650/3650 3651/3651
f 3649/3649 3651/3651 3652/3652
f 3653/3653 3654/3654 3655/3655
f 3653/3653 3655/3655 3656/3656
f 3657/3657 3658/3658 3659/3659
f 3657/3657 3659/3659 3660/3660
f 3661/3661 3662/3662 3663/3663
f 3661/3661 3663/3663 3664/3664
f 3665/3665 3666/3666 3667/3667
f 3665/3665 3667/3667 3668/3668
f 3669/3669 3670/3670 3671/3671
f 3669/3669 3671/3671 3672/3672
f 3673/3673 3674/3674 3675/3675
f 3673/3673 3675/3675 3676/3676
f 3677/3677 3678/3678 3679/3679
f 3677/3677 3679/3679 3680/3680
f 3681/3681 3682/3682 3683/3683
f 3681/3681 3683/3683 3684/3684
f 3685/3685 3686/3686 3687/3687
f 3685/3685 3687/3687 3688/3688
f 3689/3689 3690/3690 3691/3691
f 3689/3689 3691/3691 3692/3692
f 3693/3693 3694/3694 3695/3695
f 3693/3693 3695/3695 3696/3696
f 3697/3697 3698/3698 3699/3699
f 3697/3697 3699/3699 3700/3700
f 3701/3701 3702/3702 3703/3703
f 3701/3701 3703/3703 3704/3704
f 3705/3705 3706/3706 3707/3707
f 3705/3705 3707/3707 3708/3708
f 3709/3709 3710/3710 3711/3711
f 3709/3709 3711/3711 3712/3712
f 3713/3713 3714/3714 3715/3715
f 3713/3713 3715/3715 3716/3716
f 3717/3717 3718/3718 3719/3719
f 3717/3717 3719/3719 3720/3720
f 3721/3721 3722/3722 3723/3723
f 3721/3721 3723/3723 3724/3724
f 3725/3725 3726/3726 3727/3727
f 3725/3725 3727/3727 3728/3728
f 3729/3729 3730/3730 3731/3731
f 3729/3729 3731/3731 3732/3732
f 3733/3733 3734/3734 3735/3735
f 3733/3733 3735/3735 3736/3736
f 3737/3737 3738/3738 3739/3739
f 3737/3737 3739/3739 3740/3740
f 3741/3741 3742/3742 3743/3743
f 3741/3741 3743/3743 3744/3744
f 3745/3745 3746/3746 3747/3747
f 3745/3745 3747/3747 3748/3748
f 3749/3749 3750/3750 3751/3751
f 3749/3749 3751/3751 3752/3752
f 3753/3753 3754/3754 3755/3755
f 3753/3753 3755/3755 3756/3756
f 3757/3757 3758/3758 3759/3759
f 3757/3757 3759/3759 3760/3760
f 3761/3761 3762/3762 3763/3763
f 3761/3761 3763/3763 3764/3764
f 3765/3765 3766/3766 3767/3767
f 3765/3765 3767/3767 3768/3768
f 3769/3769 3770/3770 3771/3771
f 3769/3769 3771/3771 3772/3772
f 3773/3773 3774/3774 3775/3775
f 3773/3773 3775/3775 3776/3776
f 3777/3777 3778/3778 3779/3779
f 3777/3777 3779/3779 3780/3780
f 3781/3781 3782/3782 3783/3783
f 3781/3781 3783/3783 3784/3784
f 3785/3785 3786/3786 3787/3787
f 3785/3785 3787/3787 3788/3788
f 3789/3789 3790/3790 3791/3791
f 3789/3789 3791/3791 3792/3792
f 3793/3793 3794/3794 3795/3795
f 3793/3793 3795/3795 3796/3796
f 3797/3797 3798/3798 3799/3799
f 3797/3797 3799/3799 3800/3800
f 3801/3801 3802/3802 3803/3803
f 3801/3801 3803/3803 3804/3804
f 3805/3805 3806/3806 3807/3807
f 3805/3805 3807/3807 3808/3808
f 3809/3809 3810/3810 3811/3811
f 3809/3809 3811/3811 3812/3812
f 3813/3813 3814/3814 3815/3815
f 3813/3813 3815/3815 3816/3816
f 3817/3817 3818/3818 3819/3819
f 3817/3817 3819/3819 3820/3820
f 3821/3821 3822/3822 3823/3823
f 3821/3821 3823/3823 3824/3824
f 3825/3825 3826/3826 3827/3827
f 3825/3825 3827/3827 3828/3828
f 3829/3829 3830/3830 3831/3831
f 3829/3829 3831/3831 3832/3832
f 3833/3833 3834/3834 3835/3835
f 3833/3833 3835/3835 3836/3836
f 3837/3837 3838/3838 3839/3839
f 3837/3837 3839/3839 3840/3840
f 3841/3841 3842/3842 3843/3843
f 3841/3841 3843/3843 3844/3844
f 3845/3845 3846/3846 3847/3847
f 3845/3845 3847/3847 3848/3848
f 3849/3849 3850/3850 3851/3851
f 3849/3849 3851/3851 3852/3852
f 3853/3853 3854/3854 3855/3855
f 3853/3853 3855/3855 3856/3856
f 3857/3857 3858/3858 3859/3859
f 3857/3857 3859/3859 3860/3860
f 3861/3861 3862/3862 3863/3863
f 3861/3861 3863/3863 3864/3864
f 3865/3865 3866/3866 3867/3867
f 3865/3865 3867/3867 3868/3868
f 3869/3869 3870/3870 3871/3871
f 3869/3869 3871/3871 3872/3872
f 3873/3873 3874/3874 3875/3875
f 3873/3873 3875/3875 3876/3876
f 3877/3877 3878/3878 3879/3879
f 3877/3877 3879/3879 3880/3880
f 3881/3881 3882/3882 3883/3883
f 3881/3881 3883/3883 3884/3884
f 3885/3885 3886/3886 3887/3887
f 3885/3885 3887/3887 3888/3888
f 3889/3889 3890/3890 3891/3891
f 3889/3889 3891/3891 3892/3892
f 3893/3893 3894/3894 3895/3895
f 3893/3893 3895/3895 3896/3896
f 3897/3897 3898/3898 3899/3899
f 3897/3897 3899/3899 3900/3900
f 3901/3901 3902/3902 3903/3903
f 3901/3901 3903/3903 3904/3904
f 3905/3905 3906/3906 3907/3907
f 3905/3905 3907/3907 3908/3908
f 3909/3909 3910/3910 3911/3911
f 3909/3909 3911/3911 3912/3912
f 3913/3913 3914/3914 3915/3915
f 3913/3913 3915/3915 3916/3916
f 3917/3917 3918/3918 3919/3919
f 3917/3917 3919/3919 3920/3920
f 3921/3921 3922/3922 3923/3923
f 3921/3921 3923/3923 3924/3924
f 3925/3925 3926/3926 3927/3927
f 3925/3925 3927/3927 3928/3928
f 3929/3929 3930/3930 3931/3931
f 3929/3929 3931/3931 3932/3932
f 3933/3933 3934/3934 3935/3935
f 3933/3933 3935/3935 3936/3936
f 3937/3937 3938/3938 3939/3939
f 3937/3937 3939/3939 3940/3940
f 3941/3941 3942/3942 3943/3943
f 3941/3941 3943/3943 3944/3944
f 3945/3945 3946/3946 3947/3947
f 3945/3945 3947/3947 3948/3948
f 3949/3949 3950/3950 3951/3951
f 3949/3949 3951/3951 3952/3952
f 3953/3953 3954/3954 3955/3955
f 3953/3953 3955/3955 3956/3956
f 3957/3957 3958/3958 3959/3959
f 3957/3957 3959/3959 3960/3960
f 3961/3961 3962/3962 3963/3963
f 3961/3961 3963/3963 3964/3964
f 3965/3965 3966/3966 3967/3967
f 3965/3965 3967/3967 3968/3968
f 3969/3969 3970/3970 3971/3971
f 3969/3969 3971/3971 3972/3972
f 3973/3973 3974/3974 3975/3975
f 3973/3973 3975/3975 3976/3976
f 3977/3977 3978/3978 3979/3979
f 3977/3977 3979/3979 3980/3980
f 3981/3981 3982/3982 3983/3983
f 3981/3981 3983/3983 3984/3984
f 3985/3985 3986/3986 3987/3987
f 3985/3985 3987/3987 3988/3988
f 3989/3989 3990/3990 3991/3991
f 3989/3989 3991/3991 3992/3992
f 3993/3993 3994/3994 3995/3995
f 3993/3993 3995/3995 3996/3996
f 3997/3997 3998/3998 3999/3999
f 3997/3997 3999/3999 4000/4000
f 4001/4001 4002/4002 4003/4003
f 4001/4001 4003/4003 4004/4004
f 4005/4005 4006/4006 4007/4007
f 4005/4005 4007/4007 4008/4008
f 4009/4009 4010/4010 4011/4011
f 4009/4009 4011/4011 4012/4012
f 4013/4013 4014/4014 4015/4015
f 4013/4013 4015/4015 4016/4016
f 4017/4017 4018/4018 4019/4019
f 4017/4017 4019/4019 4020/4020
f 4021/4021 4022/4022 4023/4023
f 4021/4021 4023/4023 4024/4024
f 4025/4025 4026/4026 4027/4027
f 4025/4025 4027/4027 4028/4028
f 4029/4029 4030/4030 4031/4031
f 4029/4029 4031/4031 4032/4032
f 4033/4033 4034/4034 4035/4035
f 4033/4033 4035/4035 4036/4036
f 4037/4037 4038/4038 4039/4039
f 4037/4037 4039/4039 4040/4040
f 4041/4041 4042/4042 4043/4043
f 4041/4041 4043/4043 4044/4044
f 4045/4045 4046/4046 4047/4047
f 4045/4045 4047/4047 4048/4048
f 4049/4049 4050/4050 4051/4051
f 4049/4049 4051/4051 4052/4052
f 4053/4053 4054/4054 4055/4055
f 4056/4056 4057/4057 4058/4058
f 4059/4059 4060/4060 4061/4061
f 4062/4062 4063/4063 4064/4064
f 4065/4065 4066/4066 4067/4067
f 4068/4068 4069/4069 4070/4070
f 4071/4071 4072/4072 4073/4073
f 4074/4074 4075/4075 4076/4076
f 4077/4077 4078/4078 4079/4079
f 4080/4080 4081/4081 4082/4082
f 4083/4083 4084/4084 4085/4085
f 4086/4086 4087/4087 4088/4088
f 4089/4089 4090/4090 4091/4091
f 4092/4092 4093/4093 4094/4094
f 4095/4095 4096/4096 4097/4097
f 4098/4098 4099/4099 4100/4100
f 4101/4101 4102/4102 4103/4103
f 4104/4104 4105/4105 4106/4106
f 4107/4107 4108/4108 4109/4109
f 4110/4110 4111/4111 4112/4112
f 4113/4113 4114/4114 4115/4115
f 4116/4116 4117/4117 4118/4118
f 4119/4119 4120/4120 4121/4121
f 4122/4122 4123/4123 4124/4124
f 4125/4125 4126/4126 4127/4127
f 4128/4128 4129/4129 4130/4130
f 4131/4131 4132/4132 4133/4133
f 4134/4134 4135/4135 4136/4136
f 4137/4137 4138/4138 4139/4139
f 4140/4140 4141/4141 4142/4142
f 4143/4143 4144/4144 4145/4145
f 4146/4146 4147/4147 4148/4148
f 4149/4149 4150/4150 4151/4151
f 4152/4152 4153/4153 4154/4154
f 4155/4155 4156/4156 4157/4157
f 4158/4158 4159/4159 4160/4160
f 4161/4161 4162/4162 4163/4163
f 4164/4164 4165/4165 4166/4166
f 4167/4167 4168/4168 4169/4169
f 4170/4170 4171/4171 4172/4172
f 4173/4173 4174/4174 4175/4175
f 4176/4176 4177/4177 4178/4178
f 4179/4179 4180/4180 4181/4181
f 4182/4182 4183/4183 4184/4184
f 4185/4185 4186/4186 4187/4187
f 4188/4188 4189/4189 4190/4190
f 4191/4191 4192/4192 4193/4193
f 4194/4194 4195/4195 4196/4196
f 4197/4197 4198/4198 4199/4199
f 4200/4200 4201/4201 4202/4202
f 4203/4203 4204/4204 4205/4205
f 4203/4203 4205/4205 4206/4206
f 4207/4207 4208/4208 4209/4209
f 4207/4207 4209/4209 4210/4210
f 4211/4211 4212/4212 4213/4213
f 4211/4211 4213/4213 4214/4214
f 4215/4215 4216/4216 4217/4217
f 4215/4215 4217/4217 4218/4218
f 4219/4219 4220/4220 4221/4221
f 4219/4219 4221/4221 4222/4222
f 4223/4223 4224/4224 4225/4225
f 4223/4223 4225/4225 4226/4226
f 4227/4227 4228/4228 4229/4229
f 4227/4227 4229/4229 4230/4230
f 4231/4231 4232/4232 4233/4233
f 4231/4231 4233/4233 4234/4234
f 4235/4235 4236/4236 4237/4237
f 4235/4235 4237/4237 4238/4238
f 4239/4239 4240/4240 4241/4241
f 4239/4239 4241/4241 4242/4242
f 4243/4243 4244/4244 4245/4245
f 4243/4243 4245/4245 4246/4246
f 4247/4247 4248/4248 4249/4249
f 4247/4247 4249/4249 4250/4250
f 4251/4251 4252/4252 4253/4253
f 4251/4251 4253/4253 4254/4254
f 4255/4255 4256/4256 4257/4257
f 4255/4255 4257/4257 4258/4258
f 4259/4259 4260/4260 4261/4261
f 4259/4259 4261/4261 4262/4262
f 4263/4263 4264/4264 4265/4265
f 4263/4263 4265/4265 4266/4266
f 4267/4267 4268/4268 4269/4269
f 4267/4267 4269/4269 4270/4270
f 4271/4271 4272/4272 4273/4273
f 4271/4271 4273/4273 4274/4274
f 4275/4275 4276/4276 4277/4277
f 4275/4275 4277/4277 4278/4278
f 4279/4279 4280/4280 4281/4281
f 4279/4279 4281/4281 4282/4282
f 4283/4283 4284/4284 4285/4285
f 4283/4283 4285/4285 4286/4286
f 4287/4287 4288/4288 4289/4289
f 4287/4287 4289/4289 4290/4290
f 4291/4291 4292/4292 4293/4293
f 4291/4291 4293/4293 4294/4294
f 4295/4295 4296/4296 4297/4297
f 4295/4295 4297/4297 4298/4298
f 4299/4299 4300/4300 4301/4301
f 4299/4299 4301/4301 4302/4302
f 4303/4303 4304/4304 4305/4305
f 4303/4303 4305/4305 4306/4306
f 4307/4307 4308/4308 4309/4309
f 4307/4307 4309/4309 4310/4310
f 4311/4311 4312/4312 4313/4313
f 4311/4311 4313/4313 4314/4314
f 4315/4315 4316/4316 4317/4317
f 4315/4315 4317/4317 4318/4318
f 4319/4319 4320/4320 4321/4321
f 4319/4319 4321/4321 4322/4322
f 4323/4323 4324/4324 4325/4325
f 4323/4323 4325/4325 4326/4326
f 4327/4327 4328/4328 4329/4329
f 4327/4327 4329/4329 4330/4330
f 4331/4331 4332/4332 4333/4333
f 4331/4331 4333/4333 4334/4334
f 4335/4335 4336/4336 4337/4337
f 4335/4335 4337/4337 4338/4338
f 4339/4339 4340/4340 4341/4341
f 4339/4339 4341/4341 4342/4342
f 4343/4343 4344/4344 4345/4345
f 4343/4343 4345/4345 4346/4346
f 4347/4347 4348/4348 4349/4349
f 4347/4347 4349/4349 4350/4350
f 4351/4351 4352/4352 4353/4353
f 4351/4351 4353/4353 4354/4354
f 4355/4355 4356/4356 4357/4357
f 4355/4355 4357/4357 4358/4358
f 4359/4359 4360/4360 4361/4361
f 4359/4359 4361/4361 4362/4362
f 4363/4363 4364/4364 4365/4365
f 4363/4363 4365/4365 4366/4366
f 4367/4367 4368/4368 4369/4369
f 4367/4367 4369/4369 4370/4370
f 4371/4371 4372/4372 4373/4373
f 4371/4371 4373/4373 4374/4374
f 4375/4375 4376/4376 4377/4377
f 4375/4375 4377/4377 4378/4378
f 4379/4379 4380/4380 4381/4381
f 4379/4379 4381/4381 4382/4382
f 4383/4383 4384/4384 4385/4385
f 4383/4383 4385/4385 4386/4386
f 4387/4387 4388/4388 4389/4389
f 4387/4387 4389/4389 4390/4390
f 4391/4391 4392/4392 4393/4393
f 4391/4391 4393/4393 4394/4394
f 4395/4395 4396/4396 4397/4397
f 4395/4395 4397/4397 4398/4398
f 4399/4399 4400/4400 4401/4401
f 4399/4399 4401/4401 4402/4402
f 4403/4403 4404/4404 4405/4405
f 4403/4403 4405/4405 4406/4406
f 4407/4407 4408/4408 4409/4409
f 4407/4407 4409/4409 4410/4410
f 4411/4411 4412/4412 4413/4413
f 4411/4411 4413/4413 4414/4414
f 4415/4415 4416/4416 4417/4417
f 4415/4415 4417/4417 4418/4418
f 4419/4419 4420/4420 4421/4421
f 4419/4419 4421/4421 4422/4422
f 4423/4423 4424/4424 4425/4425
f 4423/4423 4425/4425 4426/4426
f 4427/4427 4428/4428 4429/4429
f 4427/4427 4429/4429 4430/4430
f 4431/4431 4432/4432 4433/4433
f 4431/4431 4433/4433 4434/4434
f 4435/4435 4436/4436 4437/4437
f 4435/4435 4437/4437 4438/4438
f 4439/4439 4440/4440 4441/4441
f 4439/4439 4441/4441 4442/4442
f 4443/4443 4444/4444 4445/4445
f 4443/4443 4445/4445 4446/4446
f 4447/4447 4448/4448 4449/4449
f 4447/4447 4449/4449 4450/4450
f 4451/4451 4452/4452 4453/4453
f 4451/4451 4453/4453 4454/4454
f 4455/4455 4456/4456 4457/4457
f 4455/4455 4457/4457 4458/4458
f 4459/4459 4460/4460 4461/4461
f 4459/4459 4461/4461 4462/4462
f 4463/4463 4464/4464 4465/4465
f 4463/4463 4465/4465 4466/4466
f 4467/4467 4468/4468 4469/4469
f 4467/4467 4469/4469 4470/4470
f 4471/4471 4472/4472 4473/4473
f 4471/4471 4473/4473 4474/4474
f 4475/4475 4476/4476 4477/4477
f 4475/4475 4477/4477 4478/4478
f 4479/4479 4480/4480 4481/4481
f 4479/4479 4481/4481 4482/4482
f 4483/4483 4484/4484 4485/4485
f 4483/4483 4485/4485 4486/4486
f 4487/4487 4488/4488 4489/4489
f 4487/4487 4489/4489 4490/4490
f 4491/4491 4492/4492 4493/4493
f 4491/4491 4493/4493 4494/4494
f 4495/4495 4496/4496 4497/4497
f 4495/4495 4497/4497 4498/4498
f 4499/4499 4500/4500 4501/4501
f 4499/4499 4501/4501 4502/4502
f 4503/4503 4504/4504 4505/4505
f 4503/4503 4505/4505 4506/4506
f 4507/4507 4508/4508 4509/4509
f 4507/4507 4509/4509 4510/4510
f 4511/4511 4512/4512 4513/4513
f 4511/4511 4513/4513 4514/4514
f 4515/4515 4516/4516 4517/4517
f 4515/4515 4517/4517 4518/4518
f 4519/4519 4520/4520 4521/4521
f 4519/4519 4521/4521 4522/4522
f 4523/4523 4524/4524 4525/4525
f 4523/4523 4525/4525 4526/4526
f 4527/4527 4528/4528 4529/4529
f 4527/4527 4529/4529 4530/4530
f 4531/4531 4532/4532 4533/4533
f 4531/4531 4533/4533 4534/4534
f 4535/4535 4536/4536 4537/4537
f 4535/4535 4537/4537 4538/4538
f 4539/4539 4540/4540 4541/4541
f 4539/4539 4541/4541 4542/4542
f 4543/4543 4544/4544 4545/4545
f 4543/4543 4545/4545 4546/4546
f 4547/4547 4548/4548 4549/4549
f 4547/4547 4549/4549 4550/4550
f 4551/4551 4552/4552 4553/4553
f 4551/4551 4553/4553 4554/4554
f 4555/4555 4556/4556 4557/4557
f 4555/4555 4557/4557 4558/4558
f 4559/4559 4560/4560 4561/4561
f 4559/4559 4561/4561 4562/4562
f 4563/4563 4564/4564 4565/4565
f 4563/4563 4565/4565 4566/4566
f 4567/4567 4568/4568 4569/4569
f 4567/4567 4569/4569 4570/4570
f 4571/4571 4572/4572 4573/4573
f 4571/4571 4573/4573 4574/4574
f 4575/4575 4576/4576 4577/4577
f 4575/4575 4577/4577 4578/4578
f 4579/4579 4580/4580 4581/4581
f 4579/4579 4581/4581 4582/4582
f 4583/4583 4584/4584 4585/4585
f 4583/4583 4585/4585 4586/4586
f 4587/4587 4588/4588 4589/4589
f 4587/4587 4589/4589 4590/4590
f 4591/4591 4592/4592 4593/4593
f 4591/4591 4593/4593 4594/4594
f 4595/4595 4596/4596 4597/4597
f 4595/4595 4597/4597 4598/4598
f 4599/4599 4600/4600 4601/4601
f 4599/4599 4601/4601 4602/4602
f 4603/4603 4604/4604 4605/4605
f 4603/4603 4605/4605 4606/4606
f 4607/4607 4608/4608 4609/4609
f 4607/4607 4609/4609 4610/4610
f 4611/4611 4612/4612 4613/4613
f 4611/4611 4613/4613 4614/4614
f 4615/4615 4616/4616 4617/4617
f 4615/4615 4617/4617 4618/4618
f 4619/4619 4620/4620 4621/4621
f 4619/4619 4621/4621 4622/4622
f 4623/4623 4624/4624 4625/4625
f 4623/4623 4625/4625 4626/4626
f 4627/4627 4628/4628 4629/4629
f 4627/4627 4629/4629 4630/4630
f 4631/4631 4632/4632 4633/4633
f 4631/4631 4633/4633 4634/4634
f 4635/4635 4636/4636 4637/4637
f 4635/4635 4637/4637 4638/4638
f 4639/4639 4640/4640 4641/4641
f 4639/4639 4641/4641 4642/4642
f 4643/4643 4644/4644 4645/4645
f 4643/4643 4645/4645 4646/4646
f 4647/4647 4648/4648 4649/4649
f 4647/4647 4649/4649 4650/4650
f 4651/4651 4652/4652 4653/4653
f 4651/4651 4653/4653 4654/4654
f 4655/4655 4656/4656 4657/4657
f 4655/4655 4657/4657 4658/4658
f 4659/4659 4660/4660 4661/4661
f 4659/4659 4661/4661 4662/4662
f 4663/4663 4664/4664 4665/4665
f 4663/4663 4665/4665 4666/4666
f 4667/4667 4668/4668 4669/4669
f 4667/4667 4669/4669 4670/4670
f 4671/4671 4672/4672 4673/4673
f 4671/4671 4673/4673 4674/4674
f 4675/4675 4676/4676 4677/4677
f 4675/4675 4677/4677 4678/4678
f 4679/4679 4680/4680 4681/4681
f 4679/4679 4681/4681 4682/4682
f 4683/4683 4684/4684 4685/4685
f 4683/4683 4685/4685 4686/4686
f 4687/4687 4688/4688 4689/4689
f 4687/4687 4689/4689 4690/4690
f 4691/4691 4692/4692 4693/4693
f 4691/4691 4693/4693 4694/4694
f 4695/4695 4696/4696 4697/4697
f 4695/4695 4697/4697 4698/4698
f 4699/4699 4700/4700 4701/4701
f 4699/4699 4701/4701 4702/4702
f 4703/4703 4704/4704 4705/4705
f 4703/4703 4705/4705 4706/4706
f 4707/4707 4708/4708 4709/4709
f 4707/4707 4709/4709 4710/4710
f 4711/4711 4712/4712 4713/4713
f 4711/4711 4713/4713 4714/4714
f 4715/4715 4716/4716 4717/4717
f 4715/4715 4717/4717 4718/4718
f 4719/4719 4720/4720 4721/4721
f 4719/4719 4721/4721 4722/4722
f 4723/4723 4724/4724 4725/4725
f 4726/4726 4727/4727 4728/4728
f 4729/4729 4730/4730 4731/4731
f 4732/4732 4733/4733 4734/4734
f 4735/4735 4736/4736 4737/4737
f 4738/4738 4739/4739 4740/4740
f 4741/4741 4742/4742 4743/4743
f 4744/4744 4745/4745 4746/4746
f 4747/4747 4748/4748 4749/4749
f 4750/4750 4751/4751 4752/4752
f 4753/4753 4754/4754 4755/4755
f 4756/4756 4757/4757 4758/4758
f 4759/4759 4760/4760 4761/4761
f 4762/4762 4763/4763 4764/4764
f 4765/4765 4766/4766 4767/4767
f 4768/4768 4769/4769 4770/4770
f 4771/4771 4772/4772 4773/4773
f 4774/4774 4775/4775 4776/4776
f 4777/4777 4778/4778 4779/4779
f 4780/4780 4781/4781 4782/4782
f 4783/4783 4784/4784 4785/4785
f 4786/4786 4787/4787 4788/4788
f 4789/4789 4790/4790 4791/4791
f 4792/4792 4793/4793 4794/4794
f 4795/4795 4796/4796 4797/4797
f 4798/4798 4799/4799 4800/4800
f 4801/4801 4802/4802 4803/4803
f 4804/4804 4805/4805 4806/4806
f 4807/4807 4808/4808 4809/4809
f 4810/4810 4811/4811 4812/4812
f 4813/4813 4814/4814 4815/4815
f 4816/4816 4817/4817 4818/4818
f 4819/4819 4820/4820 4821/4821
f 4822/4822 4823/4823 4824/4824
f 4825/4825 4826/4826 4827/4827
f 4828/4828 4829/4829 4830/4830
f 4831/4831 4832/4832 4833/4833
f 4834/4834 4835/4835 4836/4836
f 4837/4837 4838/4838 4839/4839
f 4840/4840 4841/4841 4842/4842
f 4843/4843 4844/4844 4845/4845
f 4846/4846 4847/4847 4848/4848
f 4849/4849 4850/4850 4851/4851
f 4852/4852 4853/4853 4854/4854
f 4855/4855 4856/4856 4857/4857
f 4858/4858 4859/4859 4860/4860
f 4861/4861 4862/4862 4863/4863
f 4864/4864 4865/4865 4866/4866
f 4867/4867 4868/4868 4869/4869
f 4870/4870 4871/4871 4872/4872
f 4873/4873 4874/4874 4875/4875
f 4876/4876 4877/4877 4878/4878
f 5167/5167 5168/5168 5169/5169
f 5167/5167 5169/5169 5170/5170
f 5171/5171 5172/5172 5173/5173
f 5171/5171 5173/5173 5174/5174
f 5175/5175 5176/5176 5177/5177
f 5175/5175 5177/5177 5178/5178
f 5179/5179 5180/5180 5181/5181
f 5179/5179 5181/5181 5182/5182
f 5183/5183 5184/5184 5185/5185
f 5183/5183 5185/5185 5186/5186
f 5187/5187 5188/5188 5189/5189
f 5187/5187 5189/5189 5190/5190
f 5191/5191 5192/5192 5193/5193
f 5191/5191 5193/5193 5194/5194
f 5195/5195 5196/5196 5197/5197
f 5195/5195 5197/5197 5198/5198
f 5199/5199 5200/5200 5201/5201
f 5199/5199 5201/5201 5202/5202
f 5203/5203 5204/5204 5205/5205
f 5203/5203 5205/5205 5206/5206
f 5207/5207 5208/5208 5209/5209
f 5207/5207 5209/5209 5210/5210
f 5211/5211 5212/5212 5213/5213
f 5211/5211 5213/5213 5214/5214
f 5215/5215 5216/5216 5217/5217
f 5215/5215 5217/5217 5218/5218
f 5219/5219 5220/5220 5221/5221
f 5219/5219 5221/5221 5222/5222
f 5223/5223 5224/5224 5225/5225
f 5223/5223 5225/5225 5226/5226
f 5227/5227 5228/5228 5229/5229
f 5227/5227 5229/5229 5230/5230
f 5231/5231 5232/5232 5233/5233
f 5231/5231 5233/5233 5234/5234
f 5235/5235 5236/5236 5237/5237
f 5235/5235 5237/5237 5238/5238
f 5239/5239 5240/5240 5241/5241
f 5239/5239 5241/5241 5242/5242
f 5243/5243 5244/5244 5245/5245
f 5243/5243 5245/5245 5246/5246
f 5247/5247 5248/5248 5249/5249
f 5247/5247 5249/5249 5250/5250
f 5251/5251 5252/5252 5253/5253
f 5251/5251 5253/5253 5254/5254
f 5255/5255 5256/5256 5257/5257
f 5255/5255 5257/5257 5258/5258
f 5259/5259 5260/5260 5261/5261
f 5259/5259 5261/5261 5262/5262
f 5263/5263 5264/5264 5265/5265
f 5263/5263 5265/5265 5266/5266
f 5267/5267 5268/5268 5269/5269
f 5267/5267 5269/5269 5270/5270
f 5271/5271 5272/5272 5273/5273
f 5271/5271 5273/5273 5274/5274
f 5275/5275 5276/5276 5277/5277
f 5275/5275 5277/5277 5278/5278
f 5279/5279 5280/5280 5281/5281
f 5279/5279 5281/5281 5282/5282
f 5283/5283 5284/5284 5285/5285
f 5283/5283 5285/5285 5286/5286
f 5287/5287 5288/5288 5289/5289
f 5287/5287 5289/5289 5290/5290
f 5291/5291 5292/5292 5293/5293
f 5291/5291 5293/5293 5294/5294
f 5295/5295 5296/5296 5297/5297
f 5295/5295 5297/5297 5298/5298
f 5299/5299 5300/5300 5301/5301
f 5299/5299 5301/5301 5302/5302
f 5303/5303 5304/5304 5305/5305
f 5303/5303 5305/5305 5306/5306
f 5307/5307 5308/5308 5309/5309
f 5307/5307 5309/5309 5310/5310
f 5311/5311 5312/5312 5313/5313
f 5311/5311 5313/5313 5314/5314
f 5315/5315 5316/5316 5317/5317
f 5315/5315 5317/5317 5318/5318
f 5319/5319 5320/5320 5321/5321
f 5319/5319 5321/5321 5322/5322
f 5323/5323 5324/5324 5325/5325
f 5323/5323 5325/5325 5326/5326
f 5327/5327 5328/5328 5329/5329
f 5327/5327 5329/5329 5330/5330
f 5331/5331 5332/5332 5333/5333
f 5331/5331 5333/5333 5334/5334
f 5335/5335 5336/5336 5337/5337
f 5335/5335 5337/5337 5338/5338
f 5339/5339 5340/5340 5341/5341
f 5339/5339 5341/5341 5342/5342
f 5343/5343 5344/5344 5345/5345
f 5343/5343 5345/5345 5346/5346
f 5347/5347 5348/5348 5349/5349
f 5347/5347 5349/5349 5350/5350
f 5351/5351 5352/5352 5353/5353
f 5351/5351 5353/5353 5354/5354
f 5355/5355 5356/5356 5357/5357
f 5355/5355 5357/5357 5358/5358
f 5359/5359 5360/5360 5361/5361
f 5359/5359 5361/5361 5362/5362
f 5363/5363 5364/5364 5365/5365
f 5363/5363 5365/5365 5366/5366
f 5367/5367 5368/5368 5369/5369
f 5367/5367 5369/5369 5370/5370
f 5371/5371 5372/5372 5373/5373
f 5371/5371 5373/5373 5374/5374
f 5375/5375 5376/5376 5377/5377
f 5375/5375 5377/5377 5378/5378
f 5379/5379 5380/5380 5381/5381
f 5379/5379 5381/5381 5382/5382
f 5383/5383 5384/5384 5385/5385
f 5383/5383 5385/5385 5386/5386
f 5387/5387 5388/5388 5389/5389
f 5387/5387 5389/5389 5390/5390
f 5391/5391 5392/5392 5393/5393
f 5391/5391 5393/5393 5394/5394
f 5395/5395 5396/5396 5397/5397
f 5395/5395 5397/5397 5398/5398
f 5399/5399 5400/5400 5401/5401
f 5399/5399 5401/5401 5402/5402
f 5403/5403 5404/5404 5405/5405
f 5403/5403 5405/5405 5406/5406
f 5407/5407 5408/5408 5409/5409
f 5407/5407 5409/5409 5410/5410
f 5411/5411 5412/5412 5413/5413
f 5411/5411 5413/5413 5414/5414
f 5415/5415 5416/5416 5417/5417
f 5415/5415 5417/5417 5418/5418
f 5419/5419 5420/5420 5421/5421
f 5419/5419 5421/5421 5422/5422
f 5423/5423 5424/5424 5425/5425
f 5423/5423 5425/5425 5426/5426
f 5427/5427 5428/5428 5429/5429
f 5427/5427 5429/5429 5430/5430
f 5431/5431 5432/5432 5433/5433
f 5431/5431 5433/5433 5434/5434
f 5435/5435 5436/5436 5437/5437
f 5435/5435 5437/5437 5438/5438
f 5439/5439 5440/5440 5441/5441
f 5439/5439 5441/5441 5442/5442
f 5443/5443 5444/5444 5445/5445
f 5443/5443 5445/5445 5446/5446
f 5447/5447 5448/5448 5449/5449
f 5447/5447 5449/5449 5450/5450
f 5451/5451 5452/5452 5453/5453
f 5451/5451 5453/5453 5454/5454
f 5455/5455 5456/5456 5457/5457
f 5455/5455 5457/5457 5458/5458
f 5459/5459 5460/5460 5461/5461
f 5459/5459 5461/5461 5462/5462
f 5463/5463 5464/5464 5465/5465
f 5463/5463 5465/5465 5466/5466
f 5467/5467 5468/5468 5469/5469
f 5467/5467 5469/5469 5470/5470
f 5471/5471 5472/5472 5473/5473
f 5471/5471 5473/5473 5474/5474
f 5475/5475 5476/5476 5477/5477
f 5475/5475 5477/5477 5478/5478
f 5479/5479 5480/5480 5481/5481
f 5479/5479 5481/5481 5482/5482
f 5483/5483 5484/5484 5485/5485
f 5483/5483 5485/5485 5486/5486
f 5487/5487 5488/5488 5489/5489
f 5487/5487 5489/5489 5490/5490
f 5491/5491 5492/5492 5493/5493
f 5491/5491 5493/5493 5494/5494
f 5495/5495 5496/5496 5497/5497
f 5495/5495 5497/5497 5498/5498
f 5499/5499 5500/5500 5501/5501
f 5499/5499 5501/5501 5502/5502
f 5503/5503 5504/5504 5505/5505
f 5503/5503 5505/5505 5506/5506
f 5507/5507 5508/5508 5509/5509
f 5507/5507 5509/5509 5510/5510
f 5511/5511 5512/5512 5513/5513
f 5511/5511 5513/5513 5514/5514
f 5515/5515 5516/5516 5517/5517
f 5515/5515 5517/5517 5518/5518
f 5519/5519 5520/5520 5521/5521
f 5519/5519 5521/5521 5522/5522
f 5523/5523 5524/5524 5525/5525
f 5523/5523 5525/5525 5526/5526
f 5527/5527 5528/5528 5529/5529
f 5527/5527 5529/5529 5530/5530
f 5531/5531 5532/5532 5533/5533
f 5531/5531 5533/5533 5534/5534
f 5535/5535 5536/5536 5537/5537
f 5535/5535 5537/5537 5538/5538
f 5539/5539 5540/5540 5541/5541
f 5539/5539 5541/5541 5542/5542
f 5543/5543 5544/5544 5545/5545
f 5543/5543 5545/5545 5546/5546
f 5547/5547 5548/5548 5549/5549
f 5547/5547 5549/5549 5550/5550
f 5551/5551 5552/5552 5553/5553
f 5551/5551 5553/5553 5554/5554
f 5555/5555 5556/5556 5557/5557
f 5555/5555 5557/5557 5558/5558
f 5559/5559 5560/5560 5561/5561
f 5559/5559 5561/5561 5562/5562
f 5563/5563 5564/5564 5565/5565
f 5563/5563 5565/5565 5566/5566
f 5567/5567 5568/5568 5569/5569
f 5567/5567 5569/5569 5570/5570
f 5571/5571 5572/5572 5573/5573
f 5571/5571 5573/5573 5574/5574
f 5575/5575 5576/5576 5577/5577
f 5575/5575 5577/5577 5578/5578
f 5579/5579 5580/5580 5581/5581
f 5579/5579 5581/5581 5582/5582
f 5583/5583 5584/5584 5585/5585
f 5583/5583 5585/5585 5586/5586
f 5587/5587 5588/5588 5589/5589
f 5587/5587 5589/5589 5590/5590
f 5591/5591 5592/5592 5593/5593
f 5591/5591 5593/5593 5594/5594
f 5595/5595 5596/5596 5597/5597
f 5595/5595 5597/5597 5598/5598
f 5599/5599 5600/5600 5601/5601
f 5599/5599 5601/5601 5602/5602
f 5603/5603 5604/5604 5605/5605
f 5603/5603 5605/5605 5606/5606
f 5607/5607 5608/5608 5609/5609
f 5607/5607 5609/5609 5610/5610
f 5611/5611 5612/5612 5613/5613
f 5611/5611 5613/5613 5614/5614
f 5615/5615 5616/5616 5617/5617
f 5615/5615 5617/5617 5618/5618
f 5619/5619 5620/5620 5621/5621
f 5619/5619 5621/5621 5622/5622
f 5623/5623 5624/5624 5625/5625
f 5623/5623 5625/5625 5626/5626
f 5627/5627 5628/5628 5629/5629
f 5627/5627 5629/5629 5630/5630
f 5631/5631 5632/5632 5633/5633
f 5631/5631 5633/5633 5634/5634
f 5635/5635 5636/5636 5637/5637
f 5635/5635 5637/5637 5638/5638
f 5639/5639 5640/5640 5641/5641
f 5639/5639 5641/5641 5642/5642
f 5643/5643 5644/5644 5645/5645
f 5643/5643 5645/5645 5646/5646
f 5647/5647 5648/5648 5649/5649
f 5647/5647 5649/5649 5650/5650
f 5651/5651 5652/5652 5653/5653
f 5651/5651 5653/5653 5654/5654
f 5655/5655 5656/5656 5657/5657
f 5655/5655 5657/5657 5658/5658
f 5659/5659 5660/5660 5661/5661
f 5659/5659 5661/5661 5662/5662
f 5663/5663 5664/5664 5665/5665
f 5663/5663 5665/5665 5666/5666
f 5667/5667 5668/5668 5669/5669
f 5667/5667 5669/5669 5670/5670
f 5671/5671 5672/5672 5673/5673
f 5671/5671 5673/5673 5674/5674
f 5675/5675 5676/5676 5677/5677
f 5675/5675 5677/5677 5678/5678
f 5679/5679 5680/5680 5681/5681
f 5679/5679 5681/5681 5682/5682
f 5683/5683 5684/5684 5685/5685
f 5683/5683 5685/5685 5686/5686
f 5687/5687 5688/5688 5689/5689
f 5687/5687 5689/5689 5690/5690
f 5691/5691 5692/5692 5693/5693
f 5691/5691 5693/5693 5694/5694
f 5695/5695 5696/5696 5697/5697
f 5695/5695 5697/5697 5698/5698
f 5699/5699 5700/5700 5701/5701
f 5699/5699 5701/5701 5702/5702
f 5703/5703 5704/5704 5705/5705
f 5703/5703 5705/5705 5706/5706
f 5707/5707 5708/5708 5709/5709
f 5707/5707 5709/5709 5710/5710
f 5711/5711 5712/5712 5713/5713
f 5711/5711 5713/5713 5714/5714
f 5715/5715 5716/5716 5717/5717
f 5715/5715 5717/5717 5718/5718
f 5719/5719 5720/5720 5721/5721
f 5719/5719 5721/5721 5722/5722
f 5723/5723 5724/5724 5725/5725
f 5723/5723 5725/5725 5726/5726
f 5727/5727 5728/5728 5729/5729
f 5727/5727 5729/5729 5730/5730
f 5731/5731 5732/5732 5733/5733
f 5731/5731 5733/5733 5734/5734
f 5735/5735 5736/5736 5737/5737
f 5735/5735 5737/5737 5738/5738
f 5739/5739 5740/5740 5741/5741
f 5739/5739 5741/5741 5742/5742
f 5743/5743 5744/5744 5745/5745
f 5743/5743 5745/5745 5746/5746
f 5747/5747 5748/5748 5749/5749
f 5747/5747 5749/5749 5750/5750
f 5751/5751 5752/5752 5753/5753
f 5751/5751 5753/5753 5754/5754
f 5755/5755 5756/5756 5757/5757
f 5755/5755 5757/5757 5758/5758
f 5759/5759 5760/5760 5761/5761
f 5759/5759 5761/5761 5762/5762
f 5763/5763 5764/5764 5765/5765
f 5763/5763 5765/5765 5766/5766
f 5767/5767 5768/5768 5769/5769
f 5767/5767 5769/5769 5770/5770
f 5771/5771 5772/5772 5773/5773
f 5771/5771 5773/5773 5774/5774
f 5775/5775 5776/5776 5777/5777
f 5775/5775 5777/5777 5778/5778
f 5779/5779 5780/5780 5781/5781
f 5779/5779 5781/5781 5782/5782
f 5783/5783 5784/5784 5785/5785
f 5783/5783 5785/5785 5786/5786
f 5787/5787 5788/5788 5789/5789
f 5787/5787 5789/5789 5790/5790
f 5791/5791 5792/5792 5793/5793
f 5791/5791 5793/5793 5794/5794
f 5795/5795 5796/5796 5797/5797
f 5795/5795 5797/5797 5798/5798
f 5799/5799 5800/5800 5801/5801
f 5799/5799 5801/5801 5802/5802
f 5803/5803 5804/5804 5805/5805
f 5803/5803 5805/5805 5806/5806
f 5807/5807 5808/5808 5809/5809
f 5810/5810 5811/5811 5812/5812
f 5813/5813 5814/5814 5815/5815
f 5816/5816 5817/5817 5818/5818
f 5819/5819 5820/5820 5821/5821
f 5822/5822 5823/5823 5824/5824
f 5825/5825 5826/5826 5827/5827
f 5828/5828 5829/5829 5830/5830
f 5831/5831 5832/5832 5833/5833
f 5834/5834 5835/5835 5836/5836
f 5837/5837 5838/5838 5839/5839
f 5840/5840 5841/5841 5842/5842
f 5843/5843 5844/5844 5845/5845
f 5846/5846 5847/5847 5848/5848
f 5849/5849 5850/5850 5851/5851
f 5852/5852 5853/5853 5854/5854
f 5855/5855 5856/5856 5857/5857
f 5858/5858 5859/5859 5860/5860
f 5861/5861 5862/5862 5863/5863
f 5864/5864 5865/5865 5866/5866
f 5867/5867 5868/5868 5869/5869
f 5870/5870 5871/5871 5872/5872
f 5873/5873 5874/5874 5875/5875
f 5876/5876 5877/5877 5878/5878
f 5879/5879 5880/5880 5881/5881
f 5882/5882 5883/5883 5884/5884
f 5885/5885 5886/5886 5887/5887
f 5888/5888 5889/5889 5890/5890
f 5891/5891 5892/5892 5893/5893
f 5894/5894 5895/5895 5896/5896
f 5897/5897 5898/5898 5899/5899
f 5900/5900 5901/5901 5902/5902
f 5903/5903 5904/5904 5905/5905
f 5906/5906 5907/5907 5908/5908
f 5909/5909 5910/5910 5911/5911
f 5912/5912 5913/5913 5914/5914
f 5915/5915 5916/5916 5917/5917
f 5918/5918 5919/5919 5920/5920
f 5921/5921 5922/5922 5923/5923
f 5924/5924 5925/5925 5926/5926
f 5927/5927 5928/5928 5929/5929
f 5930/5930 5931/5931 5932/5932
f 5933/5933 5934/5934 5935/5935
f 5936/5936 5937/5937 5938/5938
f 5939/5939 5940/5940 5941/5941
f 5942/5942 5943/5943 5944/5944
f 5945/5945 5946/5946 5947/5947
f 5948/5948 5949/5949 5950/5950
f 5951/5951 5952/5952 5953/5953
f 5954/5954 5955/5955 5956/5956
f 5957/5957 5958/5958 5959/5959
f 5960/5960 5961/5961 5962/5962
f 5963/5963 5964/5964 5965/5965
f 5966/5966 5967/5967 5968/5968
f 5969/5969 5970/5970 5971/5971
f 5972/5972 5973/5973 5974/5974
f 5975/5975 5976/5976 5977/5977
f 5978/5978 5979/5979 5980/5980
f 5981/5981 5982/5982 5983/5983
f 5984/5984 5985/5985 5986/5986
f 5987/5987 5988/5988 5989/5989
f 5990/5990 5991/5991 5992/5992
f 5993/5993 5994/5994 5995/5995
f 5996/5996 5997/5997 5998/5998
f 5999/5999 6000/6000 6001/6001
f 5999/5999 6001/6001 6002/6002
f 6003/6003 6004/6004 6005/6005
f 6003/6003 6005/6005 6006/6006
f 6007/6007 6008/6008 6009/6009
f 6007/6007 6009/6009 6010/6010
f 6011/6011 6012/6012 6013/6013
f 6011/6011 6013/6013 6014/6014
f 6015/6015 6016/6016 6017/6017
f 6015/6015 6017/6017 6018/6018
f 6019/6019 6020/6020 6021/6021
f 6019/6019 6021/6021 6022/6022
f 6023/6023 6024/6024 6025/6025
f 6023/6023 6025/6025 6026/6026
f 6027/6027 6028/6028 6029/6029
f 6027/6027 6029/6029 6030/6030
f 6031/6031 6032/6032 6033/6033
f 6031/6031 6033/6033 6034/6034
f 6035/6035 6036/6036 6037/6037
f 6035/6035 6037/6037 6038/6038
f 6039/6039 6040/6040 6041/6041
f 6039/6039 6041/6041 6042/6042
f 6043/6043 6044/6044 6045/6045
f 6043/6043 6045/6045 6046/6046
f 6047/6047 6048/6048 6049/6049
f 6047/6047 6049/6049 6050/6050
f 6051/6051 6052/6052 6053/6053
f 6051/6051 6053/6053 6054/6054
f 6055/6055 6056/6056 6057/6057
f 6055/6055 6057/6057 6058/6058
f 6059/6059 6060/6060 6061/6061
f 6059/6059 6061/6061 6062/6062
f 6063/6063 6064/6064 6065/6065
f 6063/6063 6065/6065 6066/6066
f 6067/6067 6068/6068 6069/6069
f 6067/6067 6069/6069 6070/6070
f 6071/6071 6072/6072 6073/6073
f 6071/6071 6073/6073 6074/6074
f 6075/6075 6076/6076 6077/6077
f 6075/6075 6077/6077 6078/6078
f 6079/6079 6080/6080 6081/6081
f 6079/6079 6081/6081 6082/6082
f 6083/6083 6084/6084 6085/6085
f 6083/6083 6085/6085 6086/6086
f 6087/6087 6088/6088 6089/6089
f 6087/6087 6089/6089 6090/6090
f 6091/6091 6092/6092 6093/6093
f 6091/6091 6093/6093 6094/6094
f 6095/6095 6096/6096 6097/6097
f 6095/6095 6097/6097 6098/6098
f 6099/6099 6100/6100 6101/6101
f 6099/6099 6101/6101 6102/6102
f 6103/6103 6104/6104 6105/6105
f 6103/6103 6105/6105 6106/6106
f 6107/6107 6108/6108 6109/6109
f 6107/6107 6109/6109 6110/6110
f 6111/6111 6112/6112 6113/6113
f 6111/6111 6113/6113 6114/6114
f 6115/6115 6116/6116 6117/6117
f 6115/6115 6117/6117 6118/6118
f 6119/6119 6120/6120 6121/6121
f 6119/6119 6121/6121 6122/6122
f 6123/6123 6124/6124 6125/6125
f 6123/6123 6125/6125 6126/6126
f 6127/6127 6128/6128 6129/6129
f 6127/6127 6129/6129 6130/6130
f 6131/6131 6132/6132 6133/6133
f 6131/6131 6133/6133 6134/6134
f 6135/6135 6136/6136 6137/6137
f 6135/6135 6137/6137 6138/6138
f 6139/6139 6140/6140 6141/6141
f 6139/6139 6141/6141 6142/6142
f 6143/6143 6144/6144 6145/6145
f 6143/6143 6145/6145 6146/6146
f 6147/6147 6148/6148 6149/6149
f 6147/6147 6149/6149 6150/6150
f 6151/6151 6152/6152 6153/6153
f 6151/6151 6153/6153 6154/6154
f 6155/6155 6156/6156 6157/6157
f 6155/6155 6157/6157 6158/6158
f 6159/6159 6160/6160 6161/6161
f 6159/6159 6161/6161 6162/6162
f 6163/6163 6164/6164 6165/6165
f 6163/6163 6165/6165 6166/6166
f 6167/6167 6168/6168 6169/6169
f 6167/6167 6169/6169 6170/6170
f 6171/6171 6172/6172 6173/6173
f 6171/6171 6173/6173 6174/6174
f 6175/6175 6176/6176 6177/6177
f 6175/6175 6177/6177 6178/6178
f 6179/6179 6180/6180 6181/6181
f 6179/6179 6181/6181 6182/6182
f 6183/6183 6184/6184 6185/6185
f 6183/6183 6185/6185 6186/6186
f 6187/6187 6188/6188 6189/6189
f 6187/6187 6189/6189 6190/6190
f 6191/6191 6192/6192 6193/6193
f 6191/6191 6193/6193 6194/6194
f 6195/6195 6196/6196 6197/6197
f 6195/6195 6197/6197 6198/6198
f 6199/6199 6200/6200 6201/6201
f 6199/6199 6201/6201 6202/6202
f 6203/6203 6204/6204 6205/6205
f 6203/6203 6205/6205 6206/6206
f 6207/6207 6208/6208 6209/6209
f 6207/6207 6209/6209 6210/6210
f 6211/6211 6212/6212 6213/6213
f 6211/6211 6213/6213 6214/6214
f 6215/6215 6216/6216 6217/6217
f 6215/6215 6217/6217 6218/6218
f 6219/6219 6220/6220 6221/6221
f 6219/6219 6221/6221 6222/6222
f 6223/6223 6224/6224 6225/6225
f 6223/6223 6225/6225 6226/6226
f 6227/6227 6228/6228 6229/6229
f 6227/6227 6229/6229 6230/6230
f 6231/6231 6232/6232 6233/6233
f 6231/6231 6233/6233 6234/6234
f 6235/6235 6236/6236 6237/6237
f 6235/6235 6237/6237 6238/6238
f 6239/6239 6240/6240 6241/6241
f 6239/6239 6241/6241 6242/6242
f 6243/6243 6244/6244 6245/6245
f 6243/6243 6245/6245 6246/6246
f 6247/6247 6248/6248 6249/6249
f 6247/6247 6249/6249 6250/6250
f 6251/6251 6252/6252 6253/6253
f 6251/6251 6253/6253 6254/6254
f 6255/6255 6256/6256 6257/6257
f 6255/6255 6257/6257 6258/6258
f 6259/6259 6260/6260 6261/6261
f 6259/6259 6261/6261 6262/6262
f 6263/6263 6264/6264 6265/6265
f 6263/6263 6265/6265 6266/6266
f 6267/6267 6268/6268 6269/6269
f 6267/6267 6269/6269 6270/6270
f 6271/6271 6272/6272 6273/6273
f 6271/6271 6273/6273 6274/6274
f 6275/6275 6276/6276 6277/6277
f 6275/6275 6277/6277 6278/6278
f 6279/6279 6280/6280 6281/6281
f 6279/6279 6281/6281 6282/6282
f 6283/6283 6284/6284 6285/6285
f 6283/6283 6285/6285 6286/6286
f 6287/6287 6288/6288 6289/6289
f 6287/6287 6289/6289 6290/6290
f 6291/6291 6292/6292 6293/6293
f 6291/6291 6293/6293 6294/6294
f 6295/6295 6296/6296 6297/6297
f 6295/6295 6297/6297 6298/6298
f 6299/6299 6300/6300 6301/6301
f 6299/6299 6301/6301 6302/6302
f 6303/6303 6304/6304 6305/6305
f 6303/6303 6305/6305 6306/6306
f 6307/6307 6308/6308 6309/6309
f 6307/6307 6309/6309 6310/6310
f 6311/6311 6312/6312 6313/6313
f 6311/6311 6313/6313 6314/6314
f 6315/6315 6316/6316 6317/6317
f 6315/6315 6317/6317 6318/6318
f 6319/6319 6320/6320 6321/6321
f 6319/6319 6321/6321 6322/6322
f 6323/6323 6324/6324 6325/6325
f 6323/6323 6325/6325 6326/6326
f 6327/6327 6328/6328 6329/6329
f 6327/6327 6329/6329 6330/6330
f 6331/6331 6332/6332 6333/6333
f 6331/6331 6333/6333 6334/6334
f 6335/6335 6336/6336 6337/6337
f 6335/6335 6337/6337 6338/6338
f 6339/6339 6340/6340 6341/6341
f 6339/6339 6341/6341 6342/6342
f 6343/6343 6344/6344 6345/6345
f 6343/6343 6345/6345 6346/6346
f 6347/6347 6348/6348 6349/6349
f 6347/6347 6349/6349 6350/6350
f 6351/6351 6352/6352 6353/6353
f 6351/6351 6353/6353 6354/6354
f 6355/6355 6356/6356 6357/6357
f 6355/6355 6357/6357 6358/6358
f 6359/6359 6360/6360 6361/6361
f 6359/6359 6361/6361 6362/6362
f 6363/6363 6364/6364 6365/6365
f 6363/6363 6365/6365 6366/6366
f 6367/6367 6368/6368 6369/6369
f 6367/6367 6369/6369 6370/6370
f 6371/6371 6372/6372 6373/6373
f 6371/6371 6373/6373 6374/6374
f 6375/6375 6376/6376 6377/6377
f 6375/6375 6377/6377 6378/6378
f 6379/6379 6380/6380 6381/6381
f 6379/6379 6381/6381 6382/6382
f 6383/6383 6384/6384 6385/6385
f 6383/6383 6385/6385 6386/6386
f 6387/6387 6388/6388 6389/6389
f 6387/6387 6389/6389 6390/6390
f 6391/6391 6392/6392 6393/6393
f 6391/6391 6393/6393 6394/6394
f 6395/6395 6396/6396 6397/6397
f 6395/6395 6397/6397 6398/6398
f 6399/6399 6400/6400 6401/6401
f 6399/6399 6401/6401 6402/6402
f 6403/6403 6404/6404 6405/6405
f 6403/6403 6405/6405 6406/6406
f 6407/6407 6408/6408 6409/6409
f 6407/6407 6409/6409 6410/6410
f 6411/6411 6412/6412 6413/6413
f 6411/6411 6413/6413 6414/6414
f 6415/6415 6416/6416 6417/6417
f 6415/6415 6417/6417 6418/6418
f 6419/6419 6420/6420 6421/6421
f 6419/6419 6421/6421 6422/6422
f 6423/6423 6424/6424 6425/6425
f 6423/6423 6425/6425 6426/6426
f 6427/6427 6428/6428 6429/6429
f 6427/6427 6429/6429 6430/6430
f 6431/6431 6432/6432 6433/6433
f 6431/6431 6433/6433 6434/6434
f 6435/6435 6436/6436 6437/6437
f 6435/6435 6437/6437 6438/6438
f 6439/6439 6440/6440 6441/6441
f 6439/6439 6441/6441 6442/6442
f 6443/6443 6444/6444 6445/6445
f 6443/6443 6445/6445 6446/6446
f 6447/6447 6448/6448 6449/6449
f 6447/6447 6449/6449 6450/6450
f 6451/6451 6452/6452 6453/6453
f 6451/6451 6453/6453 6454/6454
f 6455/6455 6456/6456 6457/6457
f 6455/6455 6457/6457 6458/6458
f 6459/6459 6460/6460 6461/6461
f 6459/6459 6461/6461 6462/6462
f 6463/6463 6464/6464 6465/6465
f 6463/6463 6465/6465 6466/6466
f 6467/6467 6468/6468 6469/6469
f 6467/6467 6469/6469 6470/6470
f 6471/6471 6472/6472 6473/6473
f 6471/6471 6473/6473 6474/6474
f 6475/6475 6476/6476 6477/6477
f 6475/6475 6477/6477 6478/6478
f 6479/6479 6480/6480 6481/6481
f 6482/6482 6483/6483 6484/6484
f 6485/6485 6486/6486 6487/6487
f 6488/6488 6489/6489 6490/6490
f 6491/6491 6492/6492 6493/6493
f 6494/6494 6495/6495 6496/6496
f 6497/6497 6498/6498 6499/6499
f 6500/6500 6501/6501 6502/6502
f 6503/6503 6504/6504 6505/6505
f 6506/6506 6507/6507 6508/6508
f 6509/6509 6510/6510 6511/6511
f 6512/6512 6513/6513 6514/6514
f 6515/6515 6516/6516 6517/6517
f 6518/6518 6519/6519 6520/6520
f 6521/6521 6522/6522 6523/6523
f 6524/6524 6525/6525 6526/6526
f 6527/6527 6528/6528 6529/6529
f 6530/6530 6531/6531 6532/6532
f 6533/6533 6534/6534 6535/6535
f 6536/6536 6537/6537 6538/6538
f 6539/6539 6540/6540 6541/6541
f 6542/6542 6543/6543 6544/6544
f 6545/6545 6546/6546 6547/6547
f 6548/6548 6549/6549 6550/6550
f 6551/6551 6552/6552 6553/6553
f 6554/6554 6555/6555 6556/6556
f 6557/6557 6558/6558 6559/6559
f 6560/6560 6561/6561 6562/6562
f 6563/6563 6564/6564 6565/6565
f 6566/6566 6567/6567 6568/6568
f 6569/6569 6570/6570 6571/6571
f 6572/6572 6573/6573 6574/6574
f 6575/6575 6576/6576 6577/6577
f 6578/6578 6579/6579 6580/6580
f 6581/6581 6582/6582 6583/6583
f 6584/6584 6585/6585 6586/6586
f 6587/6587 6588/6588 6589/6589
f 6590/6590 6591/6591 6592/6592
f 6593/6593 6594/6594 6595/6595
f 6596/6596 6597/6597 6598/6598
f 6599/6599 6600/6600 6601/6601
f 6602/6602 6603/6603 6604/6604
f 6605/6605 6606/6606 6607/6607
f 6608/6608 6609/6609 6610/6610
f 6611/6611 6612/6612 6613/6613
f 6614/6614 6615/6615 6616/6616
f 6617/6617 6618/6618 6619/6619
f 6620/6620 6621/6621 6622/6622
f 6623/6623 6624/6624 6625/6625
f 6623/6623 6625/6625 6626/6626
f 6627/6627 6628/6628 6629/6629
f 6627/6627 6629/6629 6630/6630
f 6631/6631 6632/6632 6633/6633
f 6631/6631 6633/6633 6634/6634
f 6635/6635 6636/6636 6637/6637
f 6635/6635 6637/6637 6638/6638
f 6639/6639 6640/6640 6641/6641
f 6639/6639 6641/6641 6642/6642
f 6643/6643 6644/6644 6645/6645
f 6643/6643 6645/6645 6646/6646
f 6647/6647 6648/6648 6649/6649
f 6647/6647 6649/6649 6650/6650
f 6651/6651 6652/6652 6653/6653
f 6651/6651 6653/6653 6654/6654
f 6655/6655 6656/6656 6657/6657
f 6655/6655 6657/6657 6658/6658
f 6659/6659 6660/6660 6661/6661
f 6659/6659 6661/6661 6662/6662
f 6663/6663 6664/6664 6665/6665
f 6663/6663 6665/6665 6666/6666
f 6667/6667 6668/6668 6669/6669
f 6667/6667 6669/6669 6670/6670
f 6671/6671 6672/6672 6673/6673
f 6671/6671 6673/6673 6674/6674
f 6675/6675 6676/6676 6677/6677
f 6675/6675 6677/6677 6678/6678
f 6679/6679 6680/6680 6681/6681
f 6679/6679 6681/6681 6682/6682
f 6683/6683 6684/6684 6685/6685
f 6683/6683 6685/6685 6686/6686
f 6687/6687 6688/6688 6689/6689
f 6687/6687 6689/6689 6690/6690
f 6691/6691 6692/6692 6693/6693
f 6691/6691 6693/6693 6694/6694
f 6695/6695 6696/6696 6697/6697
f 6695/6695 6697/6697 6698/6698
f 6699/6699 6700/6700 6701/6701
f 6699/6699 6701/6701 6702/6702
f 6703/6703 6704/6704 6705/6705
f 6703/6703 6705/6705 6706/6706
f 6707/6707 6708/6708 6709/6709
f 6707/6707 6709/6709 6710/6710
f 6711/6711 6712/6712 6713/6713
f 6711/6711 6713/6713 6714/6714
f 6715/6715 6716/6716 6717/6717
f 6715/6715 6717/6717 6718/6718
f 6719/6719 6720/6720 6721/6721
f 6719/6719 6721/6721 6722/6722
f 6723/6723 6724/6724 6725/6725
f 6723/6723 6725/6725 6726/6726
f 6727/6727 6728/6728 6729/6729
f 6727/6727 6729/6729 6730/6730
f 6731/6731 6732/6732 6733/6733
f 6731/6731 6733/6733 6734/6734
f 6735/6735 6736/6736 6737/6737
f 6735/6735 6737/6737 6738/6738
f 6739/6739 6740/6740 6741/6741
f 6739/6739 6741/6741 6742/6742
f 6743/6743 6744/6744 6745/6745
f 6743/6743 6745/6745 6746/6746
f 6747/6747 6748/6748 6749/6749
f 6747/6747 6749/6749 6750/6750
f 6751/6751 6752/6752 6753/6753
f 6751/6751 6753/6753 6754/6754
f 6755/6755 6756/6756 6757/6757
f 6755/6755 6757/6757 6758/6758
f 6759/6759 6760/6760 6761/6761
f 6759/6759 6761/6761 6762/6762
f 6763/6763 6764/6764 6765/6765
f 6763/6763 6765/6765 6766/6766
f 6767/6767 6768/6768 6769/6769
f 6767/6767 6769/6769 6770/6770
f 6771/6771 6772/6772 6773/6773
f 6771/6771 6773/6773 6774/6774
f 6775/6775 6776/6776 6777/6777
f 6775/6775 6777/6777 6778/6778
f 6779/6779 6780/6780 6781/6781
f 6779/6779 6781/6781 6782/6782
f 6783/6783 6784/6784 6785/6785
f 6783/6783 6785/6785 6786/6786
f 6787/6787 6788/6788 6789/6789
f 6787/6787 6789/6789 6790/6790
f 6791/6791 6792/6792 6793/6793
f 6791/6791 6793/6793 6794/6794
f 6795/6795 6796/6796 6797/6797
f 6795/6795 6797/6797 6798/6798
f 6799/6799 6800/6800 6801/6801
f 6799/6799 6801/6801 6802/6802
f 6803/6803 6804/6804 6805/6805
f 6803/6803 6805/6805 6806/6806
f 6807/6807 6808/6808 6809/6809
f 6807/6807 6809/6809 6810/6810
f 6811/6811 6812/6812 6813/6813
f 6811/6811 6813/6813 6814/6814
f 6815/6815 6816/6816 6817/6817
f 6815/6815 6817/6817 6818/6818
f 6819/6819 6820/6820 6821/6821
f 6819/6819 6821/6821 6822/6822
f 6823/6823 6824/6824 6825/6825
f 6823/6823 6825/6825 6826/6826
f 6827/6827 6828/6828 6829/6829
f 6827/6827 6829/6829 6830/6830
f 6831/6831 6832/6832 6833/6833
f 6831/6831 6833/6833 6834/6834
f 6835/6835 6836/6836 6837/6837
f 6835/6835 6837/6837 6838/6838
f 6839/6839 6840/6840 6841/6841
f 6839/6839 6841/6841 6842/6842
f 6843/6843 6844/6844 6845/6845
f 6843/6843 6845/6845 6846/6846
f 6847/6847 6848/6848 6849/6849
f 6847/6847 6849/6849 6850/6850
f 6851/6851 6852/6852 6853/6853
f 6851/6851 6853/6853 6854/6854
f 6855/6855 6856/6856 6857/6857
f 6855/6855 6857/6857 6858/6858
f 6859/6859 6860/6860 6861/6861
f 6859/6859 6861/6861 6862/6862
f 6863/6863 6864/6864 6865/6865
f 6863/6863 6865/6865 6866/6866
f 6867/6867 6868/6868 6869/6869
f 6867/6867 6869/6869 6870/6870
f 6871/6871 6872/6872 6873/6873
f 6871/6871 6873/6873 6874/6874
f 6875/6875 6876/6876 6877/6877
f 6875/6875 6877/6877 6878/6878
f 6879/6879 6880/6880 6881/6881
f 6879/6879 6881/6881 6882/6882
f 6883/6883 6884/6884 6885/6885
f 6883/6883 6885/6885 6886/6886
f 6887/6887 6888/6888 6889/6889
f 6887/6887 6889/6889 6890/6890
f 6891/6891 6892/6892 6893/6893
f 6891/6891 6893/6893 6894/6894
f 6895/6895 6896/6896 6897/6897
f 6895/6895 6897/6897 6898/6898
f 6899/6899 6900/6900 6901/6901
f 6899/6899 6901/6901 6902/6902
f 6903/6903 6904/6904 6905/6905
f 6903/6903 6905/6905 6906/6906
f 6907/6907 6908/6908 6909/6909
f 6907/6907 6909/6909 6910/6910
f 6911/6911 6912/6912 6913/6913
f 6911/6911 6913/6913 6914/6914
f 6915/6915 6916/6916 6917/6917
f 6915/6915 6917/6917 6918/6918
f 6919/6919 6920/6920 6921/6921
f 6919/6919 6921/6921 6922/6922
f 6923/6923 6924/6924 6925/6925
f 6923/6923 6925/6925 6926/6926
f 6927/6927 6928/6928 6929/6929
f 6927/6927 6929/6929 6930/6930
f 6931/6931 6932/6932 6933/6933
f 6931/6931 6933/6933 6934/6934
f 6935/6935 6936/6936 6937/6937
f 6935/6935 6937/6937 6938/6938
f 6939/6939 6940/6940 6941/6941
f 6939/6939 6941/6941 6942/6942
f 6943/6943 6944/6944 6945/6945
f 6943/6943 6945/6945 6946/6946
f 6947/6947 6948/6948 6949/6949
f 6947/6947 6949/6949 6950/6950
f 6951/6951 6952/6952 6953/6953
f 6951/6951 6953/6953 6954/6954
f 6955/6955 6956/6956 6957/6957
f 6955/6955 6957/6957 6958/6958
f 6959/6959 6960/6960 6961/6961
f 6959/6959 6961/6961 6962/6962
f 6963/6963 6964/6964 6965/6965
f 6963/6963 6965/6965 6966/6966
f 6967/6967 6968/6968 6969/6969
f 6967/6967 6969/6969 6970/6970
f 6971/6971 6972/6972 6973/6973
f 6971/6971 6973/6973 6974/6974
f 6975/6975 6976/6976 6977/6977
f 6975/6975 6977/6977 6978/6978
f 6979/6979 6980/6980 6981/6981
f 6979/6979 6981/6981 6982/6982
f 6983/6983 6984/6984 6985/6985
f 6983/6983 6985/6985 6986/6986
f 6987/6987 6988/6988 6989/6989
f 6987/6987 6989/6989 6990/6990
f 6991/6991 6992/6992 6993/6993
f 6991/6991 6993/6993 6994/6994
f 6995/6995 6996/6996 6997/6997
f 6995/6995 6997/6997 6998/6998
f 6999/6999 7000/7000 7001/7001
f 6999/6999 7001/7001 7002/7002
f 7003/7003 7004/7004 7005/7005
f 7003/7003 7005/7005 7006/7006
f 7007/7007 7008/7008 7009/7009
f 7007/7007 7009/7009 7010/7010
f 7011/7011 7012/7012 7013/7013
f 7011/7011 7013/7013 7014/7014
f 7015/7015 7016/7016 7017/7017
f 7015/7015 7017/7017 7018/7018
f 7019/7019 7020/7020 7021/7021
f 7019/7019 7021/7021 7022/7022
f 7023/7023 7024/7024 7025/7025
f 7023/7023 7025/7025 7026/7026
f 7027/7027 7028/7028 7029/7029
f 7027/7027 7029/7029 7030/7030
f 7031/7031 7032/7032 7033/7033
f 7031/7031 7033/7033 7034/7034
f 7035/7035 7036/7036 7037/7037
f 7035/7035 7037/7037 7038/7038
f 7039/7039 7040/7040 7041/7041
f 7039/7039 7041/7041 7042/7042
f 7043/7043 7044/7044 7045/7045
f 7043/7043 7045/7045 7046/7046
f 7047/7047 7048/7048 7049/7049
f 7047/7047 7049/7049 7050/7050
f 7051/7051 7052/7052 7053/7053
f 7051/7051 7053/7053 7054/7054
f 7055/7055 7056/7056 7057/7057
f 7055/7055 7057/7057 7058/7058
f 7059/7059 7060/7060 7061/7061
f 7059/7059 7061/7061 7062/7062
f 7063/7063 7064/7064 7065/7065
f 7063/7063 7065/7065 7066/7066
f 7067/7067 7068/7068 7069/7069
f 7067/7067 7069/7069 7070/7070
f 7071/7071 7072/7072 7073/7073
f 7071/7071 7073/7073 7074/7074
f 7075/7075 7076/7076 7077/7077
f 7075/7075 7077/7077 7078/7078
f 7079/7079 7080/7080 7081/7081
f 7079/7079 7081/7081 7082/7082
f 7083/7083 7084/7084 7085/7085
f 7083/7083 7085/7085 7086/7086
f 7087/7087 7088/7088 7089/7089
f 7087/7087 7089/7089 7090/7090
f 7091/7091 7092/7092 7093/7093
f 7091/7091 7093/7093 7094/7094
f 7095/7095 7096/7096 7097/7097
f 7095/7095 7097/7097 7098/7098
f 7099/7099 7100/7100 7101/7101
f 7099/7099 7101/7101 7102/7102
f 7103/7103 7104/7104 7105/7105
f 7103/7103 7105/7105 7106/7106
f 7107/7107 7108/7108 7109/7109
f 7107/7107 7109/7109 7110/7110
f 7111/7111 7112/7112 7113/7113
f 7111/7111 7113/7113 7114/7114
f 7115/7115 7116/7116 7117/7117
f 7115/7115 7117/7117 7118/7118
f 7119/7119 7120/7120 7121/7121
f 7119/7119 7121/7121 7122/7122
f 7123/7123 7124/7124 7125/7125
f 7123/7123 7125/7125 7126/7126
f 7127/7127 7128/7128 7129/7129
f 7127/7127 7129/7129 7130/7130
f 7131/7131 7132/7132 7133/7133
f 7131/7131 7133/7133 7134/7134
f 7135/7135 7136/7136 7137/7137
f 7135/7135 7137/7137 7138/7138
f 7139/7139 7140/7140 7141/7141
f 7139/7139 7141/7141 7142/7142
f 7143/7143 7144/7144 7145/7145
f 7143/7143 7145/7145 7146/7146
f 7147/7147 7148/7148 7149/7149
f 7147/7147 7149/7149 7150/7150
f 7151/7151 7152/7152 7153/7153
f 7151/7151 7153/7153 7154/7154
f 7155/7155 7156/7156 7157/7157
f 7155/7155 7157/7157 7158/7158
f 7159/7159 7160/7160 7161/7161
f 7159/7159 7161/7161 7162/7162
f 7163/7163 7164/7164 7165/7165
f 7163/7163 7165/7165 7166/7166
f 7167/7167 7168/7168 7169/7169
f 7167/7167 7169/7169 7170/7170
f 7171/7171 7172/7172 7173/7173
f 7171/7171 7173/7173 7174/7174
f 7175/7175 7176/7176 7177/7177
f 7175/7175 7177/7177 7178/7178
f 7179/7179 7180/7180 7181/7181
f 7179/7179 7181/7181 7182/7182
f 7183/7183 7184/7184 7185/7185
f 7183/7183 7185/7185 7186/7186
f 7187/7187 7188/7188 7189/7189
f 7187/7187 7189/7189 7190/7190
f 7191/7191 7192/7192 7193/7193
f 7191/7191 7193/7193 7194/7194
f 7195/7195 7196/7196 7197/7197
f 7195/7195 7197/7197 7198/7198
f 7199/7199 7200/7200 7201/7201
f 7199/7199 7201/7201 7202/7202
f 7203/7203 7204/7204 7205/7205
f 7203/7203 7205/7205 7206/7206
f 7207/7207 7208/7208 7209/7209
f 7207/7207 7209/7209 7210/7210
f 7211/7211 7212/7212 7213/7213
f 7211/7211 7213/7213 7214/7214
f 7215/7215 7216/7216 7217/7217
f 7215/7215 7217/7217 7218/7218
f 7219/7219 7220/7220 7221/7221
f 7219/7219 7221/7221 7222/7222
f 7223/7223 7224/7224 7225/7225
f 7223/7223 7225/7225 7226/7226
f 7227/7227 7228/7228 7229/7229
f 7227/7227 7229/7229 7230/7230
f 7231/7231 7232/7232 7233/7233
f 7231/7231 7233/7233 7234/7234
f 7235/7235 7236/7236 7237/7237
f 7235/7235 7237/7237 7238/7238
f 7239/7239 7240/7240 7241/7241
f 7239/7239 7241/7241 7242/7242
f 7243/7243 7244/7244 7245/7245
f 7246/7246 7247/7247 7248/7248
f 7249/7249 7250/7250 7251/7251
f 7252/7252 7253/7253 7254/7254
f 7255/7255 7256/7256 7257/7257
f 7258/7258 7259/7259 7260/7260
f 7261/7261 7262/7262 7263/7263
f 7264/7264 7265/7265 7266/7266
f 7267/7267 7268/7268 7269/7269
f 7270/7270 7271/7271 7272/7272
f 7273/7273 7274/7274 7275/7275
f 7276/7276 7277/7277 7278/7278
f 7279/7279 7280/7280 7281/7281
f 7282/7282 7283/7283 7284/7284
f 7285/7285 7286/7286 7287/7287
f 7288/7288 7289/7289 7290/7290
f 7291/7291 7292/7292 7293/7293
f 7294/7294 7295/7295 7296/7296
f 7297/7297 7298/7298 7299/7299
f 7300/7300 7301/7301 7302/7302
f 7303/7303 7304/7304 7305/7305
f 7306/7306 7307/7307 7308/7308
f 7309/7309 7310/7310 7311/7311
f 7312/7312 7313/7313 7314/7314
f 7315/7315 7316/7316 7317/7317
f 7318/7318 7319/7319 7320/7320
f 7321/7321 7322/7322 7323/7323
f 7324/7324 7325/7325 7326/7326
f 7327/7327 7328/7328 7329/7329
f 7330/7330 7331/7331 7332/7332
f 7333/7333 7334/7334 7335/7335
f 7336/7336 7337/7337 7338/7338
f 7339/7339 7340/7340 7341/7341
f 7342/7342 7343/7343 7344/7344
f 7345/7345 7346/7346 7347/7347
f 7348/7348 7349/7349 7350/7350
f 7351/7351 7352/7352 7353/7353
f 7354/7354 7355/7355 7356/7356
f 7357/7357 7358/7358 7359/7359
f 7360/7360 7361/7361 7362/7362
f 7363/7363 7364/7364 7365/7365
f 7366/7366 7367/7367 7368/7368
f 7369/7369 7370/7370 7371/7371
f 7372/7372 7373/7373 7374/7374
f 7375/7375 7376/7376 7377/7377
f 7378/7378 7379/7379 7380/7380
f 7381/7381 7382/7382 7383/7383
f 7384/7384 7385/7385 7386/7386
f 7387/7387 7388/7388 7389/7389
f 7390/7390 7391/7391 7392/7392
f 7393/7393 7394/7394 7395/7395
f 7396/7396 7397/7397 7398/7398
f 7399/7399 7400/7400 7401/7401
f 7402/7402 7403/7403 7404/7404
f 7405/7405 7406/7406 7407/7407
f 7408/7408 7409/7409 7410/7410
f 7411/7411 7412/7412 7413/7413
f 7414/7414 7415/7415 7416/7416
f 7417/7417 7418/7418 7419/7419
f 7420/7420 7421/7421 7422/7422
f 7423/7423 7424/7424 7425/7425
f 7426/7426 7427/7427 7428/7428
f 7717/7717 7718/7718 7719/7719
f 7717/7717 7719/7719 7720/7720
f 7721/7721 7722/7722 7723/7723
f 7721/7721 7723/7723 7724/7724
f 7725/7725 7726/7726 7727/7727
f 7725/7725 7727/7727 7728/7728
f 7729/7729 7730/7730 7731/7731
f 7729/7729 7731/7731 7732/7732
f 7733/7733 7734/7734 7735/7735
f 7733/7733 7735/7735 7736/7736
f 7737/7737 7738/7738 7739/7739
f 7737/7737 7739/7739 7740/7740
f 7741/7741 7742/7742 7743/7743
f 7741/7741 7743/7743 7744/7744
f 7745/7745 7746/7746 7747/7747
f 7745/7745 7747/7747 7748/7748
f 7749/7749 7750/7750 7751/7751
f 7749/7749 7751/7751 7752/7752
f 7753/7753 7754/7754 7755/7755
f 7753/7753 7755/7755 7756/7756
f 7757/7757 7758/7758 7759/7759
f 7757/7757 7759/7759 7760/7760
f 7761/7761 7762/7762 7763/7763
f 7761/7761 7763/7763 7764/7764
f 7765/7765 7766/7766 7767/7767
f 7765/7765 7767/7767 7768/7768
f 7769/7769 7770/7770 7771/7771
f 7769/7769 7771/7771 7772/7772
f 7773/7773 7774/7774 7775/7775
f 7773/7773 7775/7775 7776/7776
f 7777/7777 7778/7778 7779/7779
f 7777/7777 7779/7779 7780/7780
f 7781/7781 7782/7782 7783/7783
f 7781/7781 7783/7783 7784/7784
f 7785/7785 7786/7786 7787/7787
f 7785/7785 7787/7787 7788/7788
f 7789/7789 7790/7790 7791/7791
f 7789/7789 7791/7791 7792/7792
f 7793/7793 7794/7794 7795/7795
f 7793/7793 7795/7795 7796/7796
f 7797/7797 7798/7798 7799/7799
f 7797/7797 7799/7799 7800/7800
f 7801/7801 7802/7802 7803/7803
f 7801/7801 7803/7803 7804/7804
f 7805/7805 7806/7806 7807/7807
f 7805/7805 7807/7807 7808/7808
f 7809/7809 7810/7810 7811/7811
f 7809/7809 7811/7811 7812/7812
f 7813/7813 7814/7814 7815/7815
f 7813/7813 7815/7815 7816/7816
f 7817/7817 7818/7818 7819/7819
f 7817/7817 7819/7819 7820/7820
f 7821/7821 7822/7822 7823/7823
f 7821/7821 7823/7823 7824/7824
f 7825/7825 7826/7826 7827/7827
f 7825/7825 7827/7827 7828/7828
f 7829/7829 7830/7830 7831/7831
f 7829/7829 7831/7831 7832/7832
f 7833/7833 7834/7834 7835/7835
f 7833/7833 7835/7835 7836/7836
f 7837/7837 7838/7838 7839/7839
f 7837/7837 7839/7839 7840/7840
f 7841/7841 7842/7842 7843/7843
f 7841/7841 7843/7843 7844/7844
f 7845/7845 7846/7846 7847/7847
f 7845/7845 7847/7847 7848/7848
f 7849/7849 7850/7850 7851/7851
f 7849/7849 7851/7851 7852/7852
f 7853/7853 7854/7854 7855/7855
f 7853/7853 7855/7855 7856/7856
f 7857/7857 7858/7858 7859/7859
f 7857/7857 7859/7859 7860/7860
f 7861/7861 7862/7862 7863/7863
f 7861/7861 7863/7863 7864/7864
f 7865/7865 7866/7866 7867/7867
f 7865/7865 7867/7867 7868/7868
f 7869/7869 7870/7870 7871/7871
f 7869/7869 7871/7871 7872/7872
f 7873/7873 7874/7874 7875/7875
f 7873/7873 7875/7875 7876/7876
f 7877/7877 7878/7878 7879/7879
f 7877/7877 7879/7879 7880/7880
f 7881/7881 7882/7882 7883/7883
f 7881/7881 7883/7883 7884/7884
f 7885/7885 7886/7886 7887/7887
f 7885/7885 7887/7887 7888/7888
f 7889/7889 7890/7890 7891/7891
f 7889/7889 7891/7891 7892/7892
f 7893/7893 7894/7894 7895/7895
f 7893/7893 7895/7895 7896/7896
f 7897/7897 7898/7898 7899/7899
f 7897/7897 7899/7899 7900/7900
f 7901/7901 7902/7902 7903/7903
f 7901/7901 7903/7903 7904/7904
f 7905/7905 7906/7906 7907/7907
f 7905/7905 7907/7907 7908/7908
f 7909/7909 7910/7910 7911/7911
f 7909/7909 7911/7911 7912/7912
f 7913/7913 7914/7914 7915/7915
f 7913/7913 7915/7915 7916/7916
f 7917/7917 7918/7918 7919/7919
f 7917/7917 7919/7919 7920/7920
f 7921/7921 7922/7922 7923/7923
f 7921/7921 7923/7923 7924/7924
f 7925/7925 7926/7926 7927/7927
f 7925/7925 7927/7927 7928/7928
f 7929/7929 7930/7930 7931/7931
f 7929/7929 7931/7931 7932/7932
f 7933/7933 7934/7934 7935/7935
f 7933/7933 7935/7935 7936/7936
f 7937/7937 7938/7938 7939/7939
f 7937/7937 7939/7939 7940/7940
f 7941/7941 7942/7942 7943/7943
f 7941/7941 7943/7943 7944/7944
f 7945/7945 7946/7946 7947/7947
f 7945/7945 7947/7947 7948/7948
f 7949/7949 7950/7950 7951/7951
f 7949/7949 7951/7951 7952/7952
f 7953/7953 7954/7954 7955/7955
f 7953/7953 7955/7955 7956/7956
f 7957/7957 7958/7958 7959/7959
f 7957/7957 7959/7959 7960/7960
f 7961/7961 7962/7962 7963/7963
f 7961/7961 7963/7963 7964/7964
f 7965/7965 7966/7966 7967/7967
f 7965/7965 7967/7967 7968/7968
f 7969/7969 7970/7970 7971/7971
f 7969/7969 7971/7971 7972/7972
f 7973/7973 7974/7974 7975/7975
f 7973/7973 7975/7975 7976/7976
f 7977/7977 7978/7978 7979/7979
f 7977/7977 7979/7979 7980/7980
f 7981/7981 7982/7982 7983/7983
f 7981/7981 7983/7983 7984/7984
f 7985/7985 7986/7986 7987/7987
f 7985/7985 7987/7987 7988/7988
f 7989/7989 7990/7990 7991/7991
f 7989/7989 7991/7991 7992/7992
f 7993/7993 7994/7994 7995/7995
f 7993/7993 7995/7995 7996/7996
f 7997/7997 7998/7998 7999/7999
f 7997/7997 7999/7999 8000/8000
f 8001/8001 8002/8002 8003/8003
f 8001/8001 8003/8003 8004/8004
f 8005/8005 8006/8006 8007/8007
f 8005/8005 8007/8007 8008/8008
f 8009/8009 8010/8010 8011/8011
f 8009/8009 8011/8011 8012/8012
f 8013/8013 8014/8014 8015/8015
f 8013/8013 8015/8015 8016/8016
f 8017/8017 8018/8018 8019/8019
f 8017/8017 8019/8019 8020/8020
f 8021/8021 8022/8022 8023/8023
f 8021/8021 8023/8023 8024/8024
f 8025/8025 8026/8026 8027/8027
f 8025/8025 8027/8027 8028/8028
f 8029/8029 8030/8030 8031/8031
f 8029/8029 8031/8031 8032/8032
f 8033/8033 8034/8034 8035/8035
f 8033/8033 8035/8035 8036/8036
f 8037/8037 8038/8038 8039/8039
f 8037/8037 8039/8039 8040/8040
f 8041/8041 8042/8042 8043/8043
f 8041/8041 8043/8043 8044/8044
f 8045/8045 8046/8046 8047/8047
f 8045/8045 8047/8047 8048/8048
f 8049/8049 8050/8050 8051/8051
f 8049/8049 8051/8051 8052/8052
f 8053/8053 8054/8054 8055/8055
f 8053/8053 8055/8055 8056/8056
f 8057/8057 8058/8058 8059/8059
f 8057/8057 8059/8059 8060/8060
f 8061/8061 8062/8062 8063/8063
f 8061/8061 8063/8063 8064/8064
f 8065/8065 8066/8066 8067/8067
f 8065/8065 8067/8067 8068/8068
f 8069/8069 8070/8070 8071/8071
f 8069/8069 8071/8071 8072/8072
f 8073/8073 8074/8074 8075/8075
f 8073/8073 8075/8075 8076/8076
f 8077/8077 8078/8078 8079/8079
f 8077/8077 8079/8079 8080/8080
f 8081/8081 8082/8082 8083/8083
f 8081/8081 8083/8083 8084/8084
f 8085/8085 8086/8086 8087/8087
f 8085/8085 8087/8087 8088/8088
f 8089/8089 8090/8090 8091/8091
f 8089/8089 8091/8091 8092/8092
f 8093/8093 8094/8094 8095/8095
f 8093/8093 8095/8095 8096/8096
f 8097/8097 8098/8098 8099/8099
f 8097/8097 8099/8099 8100/8100
f 8101/8101 8102/8102 8103/8103
f 8101/8101 8103/8103 8104/8104
f 8105/8105 8106/8106 8107/8107
f 8105/8105 8107/8107 8108/8108
f 8109/8109 8110/8110 8111/8111
f 8109/8109 8111/8111 8112/8112
f 8113/8113 8114/8114 8115/8115
f 8113/8113 8115/8115 8116/8116
f 8117/8117 8118/8118 8119/8119
f 8117/8117 8119/8119 8120/8120
f 8121/8121 8122/8122 8123/8123
f 8121/8121 8123/8123 8124/8124
f 8125/8125 8126/8126 8127/8127
f 8125/8125 8127/8127 8128/8128
f 8129/8129 8130/8130 8131/8131
f 8129/8129 8131/8131 8132/8132
f 8133/8133 8134/8134 8135/8135
f 8133/8133 8135/8135 8136/8136
f 8137/8137 8138/8138 8139/8139
f 8137/8137 8139/8139 8140/8140
f 8141/8141 8142/8142 8143/8143
f 8141/8141 8143/8143 8144/8144
f 8145/8145 8146/8146 8147/8147
f 8145/8145 8147/8147 8148/8148
f 8149/8149 8150/8150 8151/8151
f 8149/8149 8151/8151 8152/8152
f 8153/8153 8154/8154 8155/8155
f 8153/8153 8155/8155 8156/8156
f 8157/8157 8158/8158 8159/8159
f 8157/8157 8159/8159 8160/8160
f 8161/8161 8162/8162 8163/8163
f 8161/8161 8163/8163 8164/8164
f 8165/8165 8166/8166 8167/8167
f 8165/8165 8167/8167 8168/8168
f 8169/8169 8170/8170 8171/8171
f 8169/8169 8171/8171 8172/8172
f 8173/8173 8174/8174 8175/8175
f 8173/8173 8175/8175 8176/8176
f 8177/8177 8178/8178 8179/8179
f 8177/8177 8179/8179 8180/8180
f 8181/8181 8182/8182 8183/8183
f 8181/8181 8183/8183 8184/8184
f 8185/8185 8186/8186 8187/8187
f 8185/8185 8187/8187 8188/8188
f 8189/8189 8190/8190 8191/8191
f 8189/8189 8191/8191 8192/8192
f 8193/8193 8194/8194 8195/8195
f 8193/8193 8195/8195 8196/8196
f 8197/8197 8198/8198 8199/8199
f 8197/8197 8199/8199 8200/8200
f 8201/8201 8202/8202 8203/8203
f 8201/8201 8203/8203 8204/8204
f 8205/8205 8206/8206 8207/8207
f 8205/8205 8207/8207 8208/8208
f 8209/8209 8210/8210 8211/8211
f 8209/8209 8211/8211 8212/8212
f 8213/8213 8214/8214 8215/8215
f 8213/8213 8215/8215 8216/8216
f 8217/8217 8218/8218 8219/8219
f 8217/8217 8219/8219 8220/8220
f 8221/8221 8222/8222 8223/8223
f 8221/8221 8223/8223 8224/8224
f 8225/8225 8226/8226 8227/8227
f 8225/8225 8227/8227 8228/8228
f 8229/8229 8230/8230 8231/8231
f 8229/8229 8231/8231 8232/8232
f 8233/8233 8234/8234 8235/8235
f 8233/8233 8235/8235 8236/8236
f 8237/8237 8238/8238 8239/8239
f 8237/8237 8239/8239 8240/8240
f 8241/8241 8242/8242 8243/8243
f 8241/8241 8243/8243 8244/8244
f 8245/8245 8246/8246 8247/8247
f 8245/8245 8247/8247 8248/8248
f 8249/8249 8250/8250 8251/8251
f 8249/8249 8251/8251 8252/8252
f 8253/8253 8254/8254 8255/8255
f 8253/8253 8255/8255 8256/8256
f 8257/8257 8258/8258 8259/8259
f 8257/8257 8259/8259 8260/8260
f 8261/8261 8262/8262 8263/8263
f 8261/8261 8263/8263 8264/8264
f 8265/8265 8266/8266 8267/8267
f 8265/8265 8267/8267 8268/8268
f 8269/8269 8270/8270 8271/8271
f 8269/8269 8271/8271 8272/8272
f 8273/8273 8274/8274 8275/8275
f 8273/8273 8275/8275 8276/8276
f 8277/8277 8278/8278 8279/8279
f 8277/8277 8279/8279 8280/8280
f 8281/8281 8282/8282 8283/8283
f 8281/8281 8283/8283 8284/8284
f 8285/8285 8286/8286 8287/8287
f 8285/8285 8287/8287 8288/8288
f 8289/8289 8290/8290 8291/8291
f 8289/8289 8291/8291 8292/8292
f 8293/8293 8294/8294 8295/8295
f 8293/8293 8295/8295 8296/8296
f 8297/8297 8298/8298 8299/8299
f 8297/8297 8299/8299 8300/8300
f 8301/8301 8302/8302 8303/8303
f 8301/8301 8303/8303 8304/8304
f 8305/8305 8306/8306 8307/8307
f 8305/8305 8307/8307 8308/8308
f 8309/8309 8310/8310 8311/8311
f 8309/8309 8311/8311 8312/8312
f 8313/8313 8314/8314 8315/8315
f 8313/8313 8315/8315 8316/8316
f 8317/8317 8318/8318 8319/8319
f 8317/8317 8319/8319 8320/8320
f 8321/8321 8322/8322 8323/8323
f 8321/8321 8323/8323 8324/8324
f 8325/8325 8326/8326 8327/8327
f 8325/8325 8327/8327 8328/8328
f 8329/8329 8330/8330 8331/8331
f 8329/8329 8331/8331 8332/8332
f 8333/8333 8334/8334 8335/8335
f 8333/8333 8335/8335 8336/8336
f 8337/8337 8338/8338 8339/8339
f 8337/8337 8339/8339 8340/8340
f 8341/8341 8342/8342 8343/8343
f 8341/8341 8343/8343 8344/8344
f 8345/8345 8346/8346 8347/8347
f 8345/8345 8347/8347 8348/8348
f 8349/8349 8350/8350 8351/8351
f 8349/8349 8351/8351 8352/8352
f 8353/8353 8354/8354 8355/8355
f 8353/8353 8355/8355 8356/8356
f 8357/8357 8358/8358 8359/8359
f 8357/8357 8359/8359 8360/8360
f 8361/8361 8362/8362 8363/8363
f 8361/8361 8363/8363 8364/8364
f 8365/8365 8366/8366 8367/8367
f 8365/8365 8367/8367 8368/8368
f 8369/8369 8370/8370 8371/8371
f 8369/8369 8371/8371 8372/8372
f 8373/8373 8374/8374 8375/8375
f 8373/8373 8375/8375 8376/8376
f 8377/8377 8378/8378 8379/8379
f 8377/8377 8379/8379 8380/8380
f 8381/8381 8382/8382 8383/8383
f 8381/8381 8383/8383 8384/8384
f 8385/8385 8386/8386 8387/8387
f 8385/8385 8387/8387 8388/8388
f 8389/8389 8390/8390 8391/8391
f 8389/8389 8391/8391 8392/8392
f 8393/8393 8394/8394 8395/8395
f 8393/8393 8395/8395 8396/8396
f 8397/8397 8398/8398 8399/8399
f 8397/8397 8399/8399 8400/8400
f 8401/8401 8402/8402 8403/8403
f 8401/8401 8403/8403 8404/8404
f 8405/8405 8406/8406 8407/8407
f 8405/8405 8407/8407 8408/8408
f 8409/8409 8410/8410 8411/8411
f 8409/8409 8411/8411 8412/8412
f 8413/8413 8414/8414 8415/8415
f 8413/8413 8415/8415 8416/8416
f 8417/8417 8418/8418 8419/8419
f 8417/8417 8419/8419 8420/8420
f 8421/8421 8422/8422 8423/8423
f 8421/8421 8423/8423 8424/8424
f 8425/8425 8426/8426 8427/8427
f 8425/8425 8427/8427 8428/8428
f 8429/8429 8430/8430 8431/8431
f 8429/8429 8431/8431 8432/8432
f 8433/8433 8434/8434 8435/8435
f 8433/8433 8435/8435 8436/8436
f 8437/8437 8438/8438 8439/8439
f 8440/8440 8441/8441 8442/8442
f 8443/8443 8444/8444 8445/8445
f 8446/8446 8447/8447 8448/8448
f 8449/8449 8450/8450 8451/8451
f 8452/8452 8453/8453 8454/8454
f 8455/8455 8456/8456 8457/8457
f 8458/8458 8459/8459 8460/8460
f 8461/8461 8462/8462 8463/8463
f 8464/8464 8465/8465 8466/8466
f 8467/8467 8468/8468 8469/8469
f 8470/8470 8471/8471 8472/8472
f 8473/8473 8474/8474 8475/8475
f 8476/8476 8477/8477 8478/8478
f 8479/8479 8480/8480 8481/8481
f 8482/8482 8483/8483 8484/8484
f 8485/8485 8486/8486 8487/8487
f 8488/8488 8489/8489 8490/8490
f 8491/8491 8492/8492 8493/8493
f 8494/8494 8495/8495 8496/8496
f 8497/8497 8498/8498 8499/8499
f 8500/8500 8501/8501 8502/8502
f 8503/8503 8504/8504 8505/8505
f 8506/8506 8507/8507 8508/8508
f 8509/8509 8510/8510 8511/8511
f 8512/8512 8513/8513 8514/8514
f 8515/8515 8516/8516 8517/8517
f 8518/8518 8519/8519 8520/8520
f 8521/8521 8522/8522 8523/8523
f 8524/8524 8525/8525 8526/8526
f 8527/8527 8528/8528 8529/8529
f 8530/8530 8531/8531 8532/8532
f 8533/8533 8534/8534 8535/8535
f 8536/8536 8537/8537 8538/8538
f 8539/8539 8540/8540 8541/8541
f 8542/8542 8543/8543 8544/8544
f 8545/8545 8546/8546 8547/8547
f 8548/8548 8549/8549 8550/8550
f 8551/8551 8552/8552 8553/8553
f 8554/8554 8555/8555 8556/8556
f 8557/8557 8558/8558 8559/8559
f 8560/8560 8561/8561 8562/8562
f 8563/8563 8564/8564 8565/8565
f 8566/8566 8567/8567 8568/8568
f 8569/8569 8570/8570 8571/8571
f 8572/8572 8573/8573 8574/8574
f 8575/8575 8576/8576 8577/8577
f 8578/8578 8579/8579 8580/8580
f 8581/8581 8582/8582 8583/8583
f 8584/8584 8585/8585 8586/8586
f 8587/8587 8588/8588 8589/8589
f 8590/8590 8591/8591 8592/8592
f 8593/8593 8594/8594 8595/8595
f 8596/8596 8597/8597 8598/8598
f 8599/8599 8600/8600 8601/8601
f 8602/8602 8603/8603 8604/8604
f 8605/8605 8606/8606 8607/8607
f 8608/8608 8609/8609 8610/8610
f 8611/8611 8612/8612 8613/8613
f 8614/8614 8615/8615 8616/8616
f 8617/8617 8618/8618 8619/8619
f 8620/8620 8621/8621 8622/8622
f 8623/8623 8624/8624 8625/8625
f 8626/8626 8627/8627 8628/8628
f 8629/8629 8630/8630 8631/8631
f 8632/8632 8633/8633 8634/8634
f 8635/8635 8636/8636 8637/8637
f 8638/8638 8639/8639 8640/8640
f 8641/8641 8642/8642 8643/8643
f 8644/8644 8645/8645 8646/8646
f 8647/8647 8648/8648 8649/8649
f 8650/8650 8651/8651 8652/8652
f 8725/8725 8726/8726 8727/8727
f 8725/8725 8727/8727 8728/8728
f 8729/8729 8730/8730 8731/8731
f 8729/8729 8731/8731 8732/8732
f 8733/8733 8734/8734 8735/8735
f 8733/8733 8735/8735 8736/8736
f 8737/8737 8738/8738 8739/8739
f 8737/8737 8739/8739 8740/8740
f 8741/8741 8742/8742 8743/8743
f 8741/8741 8743/8743 8744/8744
f 8745/8745 8746/8746 8747/8747
f 8745/8745 8747/8747 8748/8748
f 8749/8749 8750/8750 8751/8751
f 8749/8749 8751/8751 8752/8752
f 8753/8753 8754/8754 8755/8755
f 8753/8753 8755/8755 8756/8756
f 8757/8757 8758/8758 8759/8759
f 8757/8757 8759/8759 8760/8760
f 8761/8761 8762/8762 8763/8763
f 8761/8761 8763/8763 8764/8764
f 8765/8765 8766/8766 8767/8767
f 8765/8765 8767/8767 8768/8768
f 8769/8769 8770/8770 8771/8771
f 8769/8769 8771/8771 8772/8772
f 8773/8773 8774/8774 8775/8775
f 8773/8773 8775/8775 8776/8776
f 8777/8777 8778/8778 8779/8779
f 8777/8777 8779/8779 8780/8780
f 8781/8781 8782/8782 8783/8783
f 8781/8781 8783/8783 8784/8784
f 8785/8785 8786/8786 8787/8787
f 8785/8785 8787/8787 8788/8788
f 8789/8789 8790/8790 8791/8791
f 8789/8789 8791/8791 8792/8792
f 8793/8793 8794/8794 8795/8795
f 8793/8793 8795/8795 8796/8796
f 8797/8797 8798/8798 8799/8799
f 8797/8797 8799/8799 8800/8800
f 8801/8801 8802/8802 8803/8803
f 8801/8801 8803/8803 8804/8804
f 8805/8805 8806/8806 8807/8807
f 8805/8805 8807/8807 8808/8808
f 8809/8809 8810/8810 8811/8811
f 8809/8809 8811/8811 8812/8812
f 8813/8813 8814/8814 8815/8815
f 8813/8813 8815/8815 8816/8816
f 8817/8817 8818/8818 8819/8819
f 8817/8817 8819/8819 8820/8820
f 8821/8821 8822/8822 8823/8823
f 8821/8821 8823/8823 8824/8824
f 8825/8825 8826/8826 8827/8827
f 8825/8825 8827/8827 8828/8828
f 8829/8829 8830/8830 8831/8831
f 8829/8829 8831/8831 8832/8832
f 8833/8833 8834/8834 8835/8835
f 8833/8833 8835/8835 8836/8836
f 8837/8837 8838/8838 8839/8839
f 8837/8837 8839/8839 8840/8840
f 8841/8841 8842/8842 8843/8843
f 8841/8841 8843/8843 8844/8844
f 8845/8845 8846/8846 8847/8847
f 8845/8845 8847/8847 8848/8848
f 8849/8849 8850/8850 8851/8851
f 8849/8849 8851/8851 8852/8852
f 8853/8853 8854/8854 8855/8855
f 8853/8853 8855/8855 8856/8856
f 8857/8857 8858/8858 8859/8859
f 8857/8857 8859/8859 8860/8860
f 8861/8861 8862/8862 8863/8863
f 8861/8861 8863/8863 8864/8864
f 8865/8865 8866/8866 8867/8867
f 8865/8865 8867/8867 8868/8868
f 8869/8869 8870/8870 8871/8871
f 8869/8869 8871/8871 8872/8872
f 8873/8873 8874/8874 8875/8875
f 8873/8873 8875/8875 8876/8876
f 8877/8877 8878/8878 8879/8879
f 8877/8877 8879/8879 8880/8880
f 8881/8881 8882/8882 8883/8883
f 8881/8881 8883/8883 8884/8884
f 8885/8885 8886/8886 8887/8887
f 8885/8885 8887/8887 8888/8888
f 8889/8889 8890/8890 8891/8891
f 8889/8889 8891/8891 8892/8892
f 8893/8893 8894/8894 8895/8895
f 8893/8893 8895/8895 8896/8896
f 8897/8897 8898/8898 8899/8899
f 8897/8897 8899/8899 8900/8900
f 8901/8901 8902/8902 8903/8903
f 8901/8901 8903/8903 8904/8904
f 8905/8905 8906/8906 8907/8907
f 8905/8905 8907/8907 8908/8908
f 8909/8909 8910/8910 8911/8911
f 8909/8909 8911/8911 8912/8912
f 8913/8913 8914/8914 8915/8915
f 8913/8913 8915/8915 8916/8916
f 8917/8917 8918/8918 8919/8919
f 8917/8917 8919/8919 8920/8920
f 8921/8921 8922/8922 8923/8923
f 8921/8921 8923/8923 8924/8924
f 8925/8925 8926/8926 8927/8927
f 8925/8925 8927/8927 8928/8928
f 8929/8929 8930/8930 8931/8931
f 8929/8929 8931/8931 8932/8932
f 8933/8933 8934/8934 8935/8935
f 8933/8933 8935/8935 8936/8936
f 8937/8937 8938/8938 8939/8939
f 8937/8937 8939/8939 8940/8940
f 8941/8941 8942/8942 8943/8943
f 8941/8941 8943/8943 8944/8944
f 8945/8945 8946/8946 8947/8947
f 8945/8945 8947/8947 8948/8948
f 8949/8949 8950/8950 8951/8951
f 8949/8949 8951/8951 8952/8952
f 8953/8953 8954/8954 8955/8955
f 8953/8953 8955/8955 8956/8956
f 8957/8957 8958/8958 8959/8959
f 8957/8957 8959/8959 8960/8960
f 8961/8961 8962/8962 8963/8963
f 8961/8961 8963/8963 8964/8964
f 8965/8965 8966/8966 8967/8967
f 8965/8965 8967/8967 8968/8968
f 8969/8969 8970/8970 8971/8971
f 8969/8969 8971/8971 8972/8972
f 8973/8973 8974/8974 8975/8975
f 8973/8973 8975/8975 8976/8976
f 8977/8977 8978/8978 8979/8979
f 8977/8977 8979/8979 8980/8980
f 8981/8981 8982/8982 8983/8983
f 8981/8981 8983/8983 8984/8984
f 8985/8985 8986/8986 8987/8987
f 8985/8985 8987/8987 8988/8988
f 8989/8989 8990/8990 8991/8991
f 8989/8989 8991/8991 8992/8992
f 8993/8993 8994/8994 8995/8995
f 8993/8993 8995/8995 8996/8996
f 8997/8997 8998/8998 8999/8999
f 8997/8997 8999/8999 9000/9000
f 9001/9001 9002/9002 9003/9003
f 9001/9001 9003/9003 9004/9004
f 9005/9005 9006/9006 9007/9007
f 9005/9005 9007/9007 9008/9008
f 9009/9009 9010/9010 9011/9011
f 9009/9009 9011/9011 9012/9012
f 9013/9013 9014/9014 9015/9015
f 9013/9013 9015/9015 9016/9016
f 9017/9017 9018/9018 9019/9019
f 9017/9017 9019/9019 9020/9020
f 9021/9021 9022/9022 9023/9023
f 9021/9021 9023/9023 9024/9024
f 9025/9025 9026/9026 9027/9027
f 9025/9025 9027/9027 9028/9028
f 9029/9029 9030/9030 9031/9031
f 9029/9029 9031/9031 9032/9032
f 9033/9033 9034/9034 9035/9035
f 9033/9033 9035/9035 9036/9036
f 9037/9037 9038/9038 9039/9039
f 9037/9037 9039/9039 9040/9040
f 9041/9041 9042/9042 9043/9043
f 9041/9041 9043/9043 9044/9044
f 9045/9045 9046/9046 9047/9047
f 9045/9045 9047/9047 9048/9048
f 9049/9049 9050/9050 9051/9051
f 9049/9049 9051/9051 9052/9052
f 9053/9053 9054/9054 9055/9055
f 9053/9053 9055/9055 9056/9056
f 9057/9057 9058/9058 9059/9059
f 9057/9057 9059/9059 9060/9060
f 9061/9061 9062/9062 9063/9063
f 9061/9061 9063/9063 9064/9064
f 9065/9065 9066/9066 9067/9067
f 9065/9065 9067/9067 9068/9068
f 9069/9069 9070/9070 9071/9071
f 9069/9069 9071/9071 9072/9072
f 9073/9073 9074/9074 9075/9075
f 9073/9073 9075/9075 9076/9076
f 9077/9077 9078/9078 9079/9079
f 9077/9077 9079/9079 9080/9080
f 9081/9081 9082/9082 9083/9083
f 9081/9081 9083/9083 9084/9084
f 9085/9085 9086/9086 9087/9087
f 9085/9085 9087/9087 9088/9088
f 9089/9089 9090/9090 9091/9091
f 9089/9089 9091/9091 9092/9092
f 9093/9093 9094/9094 9095/9095
f 9093/9093 9095/9095 9096/9096
f 9097/9097 9098/9098 9099/9099
f 9097/9097 9099/9099 9100/9100
f 9101/9101 9102/9102 9103/9103
f 9101/9101 9103/9103 9104/9104
f 9105/9105 9106/9106 9107/9107
f 9105/9105 9107/9107 9108/9108
f 9109/9109 9110/9110 9111/9111
f 9109/9109 9111/9111 9112/9112
f 9113/9113 9114/9114 9115/9115
f 9113/9113 9115/9115 9116/9116
f 9117/9117 9118/9118 9119/9119
f 9117/9117 9119/9119 9120/9120
f 9121/9121 9122/9122 9123/9123
f 9121/9121 9123/9123 9124/9124
f 9125/9125 9126/9126 9127/9127
f 9125/9125 9127/9127 9128/9128
f 9129/9129 9130/9130 9131/9131
f 9129/9129 9131/9131 9132/9132
f 9133/9133 9134/9134 9135/9135
f 9133/9133 9135/9135 9136/9136
f 9137/9137 9138/9138 9139/9139
f 9137/9137 9139/9139 9140/9140
f 9141/9141 9142/9142 9143/9143
f 9141/9141 9143/9143 9144/9144
f 9145/9145 9146/9146 9147/9147
f 9145/9145 9147/9147 9148/9148
f 9149/9149 9150/9150 9151/9151
f 9149/9149 9151/9151 9152/9152
f 9153/9153 9154/9154 9155/9155
f 9153/9153 9155/9155 9156/9156
f 9157/9157 9158/9158 9159/9159
f 9157/9157 9159/9159 9160/9160
f 9161/9161 9162/9162 9163/9163
f 9161/9161 9163/9163 9164/9164
f 9165/9165 9166/9166 9167/9167
f 9165/9165 9167/9167 9168/9168
f 9169/9169 9170/9170 9171/9171
f 9169/9169 9171/9171 9172/9172
f 9173/9173 9174/9174 9175/9175
f 9173/9173 9175/9175 9176/9176
f 9177/9177 9178/9178 9179/9179
f 9177/9177 9179/9179 9180/9180
f 9181/9181 9182/9182 9183/9183
f 9181/9181 9183/9183 9184/9184
f 9185/9185 9186/9186 9187/9187
f 9185/9185 9187/9187 9188/9188
f 9189/9189 9190/9190 9191/9191
f 9189/9189 9191/9191 9192/9192
f 9193/9193 9194/9194 9195/9195
f 9193/9193 9195/9195 9196/9196
f 9197/9197 9198/9198 9199/9199
f 9197/9197 9199/9199 9200/9200
f 9201/9201 9202/9202 9203/9203
f 9201/9201 9203/9203 9204/9204
f 9205/9205 9206/9206 9207/9207
f 9205/9205 9207/9207 9208/9208
f 9209/9209 9210/9210 9211/9211
f 9209/9209 9211/9211 9212/9212
f 9213/9213 9214/9214 9215/9215
f 9213/9213 9215/9215 9216/9216
f 9217/9217 9218/9218 9219/9219
f 9217/9217 9219/9219 9220/9220
f 9221/9221 9222/9222 9223/9223
f 9221/9221 9223/9223 9224/9224
f 9225/9225 9226/9226 9227/9227
f 9228/9228 9229/9229 9230/9230
f 9231/9231 9232/9232 9233/9233
f 9234/9234 9235/9235 9236/9236
f 9237/9237 9238/9238 9239/9239
f 9240/9240 9241/9241 9242/9242
f 9243/9243 9244/9244 9245/9245
f 9246/9246 9247/9247 9248/9248
f 9249/9249 9250/9250 9251/9251
f 9252/9252 9253/9253 9254/9254
f 9255/9255 9256/9256 9257/9257
f 9258/9258 9259/9259 9260/9260
f 9261/9261 9262/9262 9263/9263
f 9264/9264 9265/9265 9266/9266
f 9267/9267 9268/9268 9269/9269
f 9270/9270 9271/9271 9272/9272
f 9273/9273 9274/9274 9275/9275
f 9276/9276 9277/9277 9278/9278
f 9279/9279 9280/9280 9281/9281
f 9282/9282 9283/9283 9284/9284
f 9285/9285 9286/9286 9287/9287
f 9288/9288 9289/9289 9290/9290
f 9291/9291 9292/9292 9293/9293
f 9294/9294 9295/9295 9296/9296
f 9297/9297 9298/9298 9299/9299
f 9300/9300 9301/9301 9302/9302
f 9303/9303 9304/9304 9305/9305
f 9306/9306 9307/9307 9308/9308
f 9309/9309 9310/9310 9311/9311
f 9312/9312 9313/9313 9314/9314
f 9315/9315 9316/9316 9317/9317
f 9318/9318 9319/9319 9320/9320
f 9321/9321 9322/9322 9323/9323
f 9324/9324 9325/9325 9326/9326
f 9327/9327 9328/9328 9329/9329
f 9330/9330 9331/9331 9332/9332
f 9333/9333 9334/9334 9335/9335
f 9336/9336 9337/9337 9338/9338
f 9339/9339 9340/9340 9341/9341
f 9342/9342 9343/9343 9344/9344
f 9345/9345 9346/9346 9347/9347
f 9348/9348 9349/9349 9350/9350
f 9351/9351 9352/9352 9353/9353
f 9354/9354 9355/9355 9356/9356
f 9357/9357 9358/9358 9359/9359
f 9360/9360 9361/9361 9362/9362
f 9363/9363 9364/9364 9365/9365
f 9366/9366 9367/9367 9368/9368
f 9369/9369 9370/9370 9371/9371
f 9372/9372 9373/9373 9374/9374
f 9663/9663 9664/9664 9665/9665
f 9663/9663 9665/9665 9666/9666
f 9667/9667 9668/9668 9669/9669
f 9667/9667 9669/9669 9670/9670
f 9671/9671 9672/9672 9673/9673
f 9671/9671 9673/9673 9674/9674
f 9675/9675 9676/9676 9677/9677
f 9675/9675 9677/9677 9678/9678
f 9679/9679 9680/9680 9681/9681
f 9679/9679 9681/9681 9682/9682
f 9683/9683 9684/9684 9685/9685
f 9683/9683 9685/9685 9686/9686
f 9687/9687 9688/9688 9689/9689
f 9687/9687 9689/9689 9690/9690
f 9691/9691 9692/9692 9693/9693
f 9691/9691 9693/9693 9694/9694
f 9695/9695 9696/9696 9697/9697
f 9695/9695 9697/9697 9698/9698
f 9699/9699 9700/9700 9701/9701
f 9699/9699 9701/9701 9702/9702
f 9703/9703 9704/9704 9705/9705
f 9703/9703 9705/9705 9706/9706
f 9707/9707 9708/9708 9709/9709
f 9707/9707 9709/9709 9710/9710
f 9711/9711 9712/9712 9713/9713
f 9711/9711 9713/9713 9714/9714
f 9715/9715 9716/9716 9717/9717
f 9715/9715 9717/9717 9718/9718
f 9719/9719 9720/9720 9721/9721
f 9719/9719 9721/9721 9722/9722
f 9723/9723 9724/9724 9725/9725
f 9723/9723 9725/9725 9726/9726
f 9727/9727 9728/9728 9729/9729
f 9727/9727 9729/9729 9730/9730
f 9731/9731 9732/9732 9733/9733
f 9731/9731 9733/9733 9734/9734
f 9735/9735 9736/9736 9737/9737
f 9735/9735 9737/9737 9738/9738
f 9739/9739 9740/9740 9741/9741
f 9739/9739 9741/9741 9742/9742
f 9743/9743 9744/9744 9745/9745
f 9743/9743 9745/9745 9746/9746
f 9747/9747 9748/9748 9749/9749
f 9747/9747 9749/9749 9750/9750
f 9751/9751 9752/9752 9753/9753
f 9751/9751 9753/9753 9754/9754
f 9755/9755 9756/9756 9757/9757
f 9755/9755 9757/9757 9758/9758
f 9759/9759 9760/9760 9761/9761
f 9759/9759 9761/9761 9762/9762
f 9763/9763 9764/9764 9765/9765
f 9763/9763 9765/9765 9766/9766
f 9767/9767 9768/9768 9769/9769
f 9767/9767 9769/9769 9770/9770
f 9771/9771 9772/9772 9773/9773
f 9771/9771 9773/9773 9774/9774
f 9775/9775 9776/9776 9777/9777
f 9775/9775 9777/9777 9778/9778
f 9779/9779 9780/9780 9781/9781
f 9779/9779 9781/9781 9782/9782
f 9783/9783 9784/9784 9785/9785
f 9783/9783 9785/9785 9786/9786
f 9787/9787 9788/9788 9789/9789
f 9787/9787 9789/9789 9790/9790
f 9791/9791 9792/9792 9793/9793
f 9791/9791 9793/9793 9794/9794
f 9795/9795 9796/9796 9797/9797
f 9795/9795 9797/9797 9798/9798
f 9799/9799 9800/9800 9801/9801
f 9799/9799 9801/9801 9802/9802
f 9803/9803 9804/9804 9805/9805
f 9803/9803 9805/9805 9806/9806
f 9807/9807 9808/9808 9809/9809
f 9807/9807 9809/9809 9810/9810
f 9811/9811 9812/9812 9813/9813
f 9811/9811 9813/9813 9814/9814
f 9815/9815 9816/9816 9817/9817
f 9815/9815 9817/9817 9818/9818
f 9819/9819 9820/9820 9821/9821
f 9819/9819 9821/9821 9822/9822
f 9823/9823 9824/9824 9825/9825
f 9823/9823 9825/9825 9826/9826
f 9827/9827 9828/9828 9829/9829
f 9827/9827 9829/9829 9830/9830
f 9831/9831 9832/9832 9833/9833
f 9831/9831 9833/9833 9834/9834
f 9835/9835 9836/9836 9837/9837
f 9835/9835 9837/9837 9838/9838
f 9839/9839 9840/9840 9841/9841
f 9839/9839 9841/9841 9842/9842
f 9843/9843 9844/9844 9845/9845
f 9843/9843 9845/9845 9846/9846
f 9847/9847 9848/9848 9849/9849
f 9847/9847 9849/9849 9850/9850
f 9851/9851 9852/9852 9853/9853
f 9851/9851 9853/9853 9854/9854
f 9855/9855 9856/9856 9857/9857
f 9855/9855 9857/9857 9858/9858
f 9859/9859 9860/9860 9861/9861
f 9859/9859 9861/9861 9862/9862
f 9863/9863 9864/9864 9865/9865
f 9863/9863 9865/9865 9866/9866
f 9867/9867 9868/9868 9869/9869
f 9867/9867 9869/9869 9870/9870
f 9871/9871 9872/9872 9873/9873
f 9871/9871 9873/9873 9874/9874
f 9875/9875 9876/9876 9877/9877
f 9875/9875 9877/9877 9878/9878
f 9879/9879 9880/9880 9881/9881
f 9879/9879 9881/9881 9882/9882
f 9883/9883 9884/9884 9885/9885
f 9883/9883 9885/9885 9886/9886
f 9887/9887 9888/9888 9889/9889
f 9887/9887 9889/9889 9890/9890
f 9891/9891 9892/9892 9893/9893
f 9891/9891 9893/9893 9894/9894
f 9895/9895 9896/9896 9897/9897
f 9895/9895 9897/9897 9898/9898
f 9899/9899 9900/9900 9901/9901
f 9899/9899 9901/9901 9902/9902
f 9903/9903 9904/9904 9905/9905
f 9903/9903 9905/9905 9906/9906
f 9907/9907 9908/9908 9909/9909
f 9907/9907 9909/9909 9910/9910
f 9911/9911 9912/9912 9913/9913
f 9911/9911 9913/9913 9914/9914
f 9915/9915 9916/9916 9917/9917
f 9915/9915 9917/9917 9918/9918
f 9919/9919 9920/9920 9921/9921
f 9919/9919 9921/9921 9922/9922
f 9923/9923 9924/9924 9925/9925
f 9923/9923 9925/9925 9926/9926
f 9927/9927 9928/9928 9929/9929
f 9927/9927 9929/9929 9930/9930
f 9931/9931 9932/9932 9933/9933
f 9931/9931 9933/9933 9934/9934
f 9935/9935 9936/9936 9937/9937
f 9935/9935 9937/9937 9938/9938
f 9939/9939 9940/9940 9941/9941
f 9939/9939 9941/9941 9942/9942
f 9943/9943 9944/9944 9945/9945
f 9943/9943 9945/9945 9946/9946
f 9947/9947 9948/9948 9949/9949
f 9947/9947 9949/9949 9950/9950
f 9951/9951 9952/9952 9953/9953
f 9951/9951 9953/9953 9954/9954
f 9955/9955 9956/9956 9957/9957
f 9955/9955 9957/9957 9958/9958
f 9959/9959 9960/9960 9961/9961
f 9959/9959 9961/9961 9962/9962
f 9963/9963 9964/9964 9965/9965
f 9963/9963 9965/9965 9966/9966
f 9967/9967 9968/9968 9969/9969
f 9967/9967 9969/9969 9970/9970
f 9971/9971 9972/9972 9973/9973
f 9971/9971 9973/9973 9974/9974
f 9975/9975 9976/9976 9977/9977
f 9975/9975 9977/9977 9978/9978
f 9979/9979 9980/9980 9981/9981
f 9979/9979 9981/9981 9982/9982
f 9983/9983 9984/9984 9985/9985
f 9983/9983 9985/9985 9986/9986
f 9987/9987 9988/9988 9989/9989
f 9987/9987 9989/9989 9990/9990
f 9991/9991 9992/9992 9993/9993
f 9991/9991 9993/9993 9994/9994
f 9995/9995 9996/9996 9997/9997
f 9995/9995 9997/9997 9998/9998
f 9999/9999 10000/10000 10001/10001
f 9999/9999 10001/10001 10002/10002
f 10003/10003 10004/10004 10005/10005
f 10003/10003 10005/10005 10006/10006
f 10007/10007 10008/10008 10009/10009
f 10007/10007 10009/10009 10010/10010
f 10011/10011 10012/10012 10013/10013
f 10011/10011 10013/10013 10014/10014
f 10015/10015 10016/10016 10017/10017
f 10015/10015 10017/10017 10018/10018
f 10019/10019 10020/10020 10021/10021
f 10019/10019 10021/10021 10022/10022
f 10023/10023 10024/10024 10025/10025
f 10023/10023 10025/10025 10026/10026
f 10027/10027 10028/10028 10029/10029
f 10027/10027 10029/10029 10030/10030
f 10031/10031 10032/10032 10033/10033
f 10031/10031 10033/10033 10034/10034
f 10035/10035 10036/10036 10037/10037
f 10035/10035 10037/10037 10038/10038
f 10039/10039 10040/10040 10041/10041
f 10039/10039 10041/10041 10042/10042
f 10043/10043 10044/10044 10045/10045
f 10043/10043 10045/10045 10046/10046
f 10047/10047 10048/10048 10049/10049
f 10047/10047 10049/10049 10050/10050
f 10051/10051 10052/10052 10053/10053
f 10051/10051 10053/10053 10054/10054
f 10055/10055 10056/10056 10057/10057
f 10055/10055 10057/10057 10058/10058
f 10059/10059 10060/10060 10061/10061
f 10059/10059 10061/10061 10062/10062
f 10063/10063 10064/10064 10065/10065
f 10063/10063 10065/10065 10066/10066
f 10067/10067 10068/10068 10069/10069
f 10067/10067 10069/10069 10070/10070
f 10071/10071 10072/10072 10073/10073
f 10071/10071 10073/10073 10074/10074
f 10075/10075 10076/10076 10077/10077
f 10075/10075 10077/10077 10078/10078
f 10079/10079 10080/10080 10081/10081
f 10079/10079 10081/10081 10082/10082
f 10083/10083 10084/10084 10085/10085
f 10086/10086 10087/10087 10088/10088
f 10089/10089 10090/10090 10091/10091
f 10092/10092 10093/10093 10094/10094
f 10095/10095 10096/10096 10097/10097
f 10098/10098 10099/10099 10100/10100
f 10101/10101 10102/10102 10103/10103
f 10104/10104 10105/10105 10106/10106
f 10107/10107 10108/10108 10109/10109
f 10110/10110 10111/10111 10112/10112
f 10113/10113 10114/10114 10115/10115
f 10116/10116 10117/10117 10118/10118
f 10119/10119 10120/10120 10121/10121
f 10122/10122 10123/10123 10124/10124
f 10125/10125 10126/10126 10127/10127
f 10128/10128 10129/10129 10130/10130
f 10131/10131 10132/10132 10133/10133
f 10134/10134 10135/10135 10136/10136
f 10137/10137 10138/10138 10139/10139
f 10140/10140 10141/10141 10142/10142
f 10143/10143 10144/10144 10145/10145
f 10146/10146 10147/10147 10148/10148
f 10149/10149 10150/10150 10151/10151
f 10152/10152 10153/10153 10154/10154
f 10155/10155 10156/10156 10157/10157
f 10158/10158 10159/10159 10160/10160
f 10161/10161 10162/10162 10163/10163
f 10164/10164 10165/10165 10166/10166
f 10167/10167 10168/10168 10169/10169
f 10170/10170 10171/10171 10172/10172
f 10173/10173 10174/10174 10175/10175
f 10176/10176 10177/10177 10178/10178
f 10179/10179 10180/10180 10181/10181
f 10182/10182 10183/10183 10184/10184
f 10185/10185 10186/10186 10187/10187
f 10188/10188 10189/10189 10190/10190
f 10191/10191 10192/10192 10193/10193
f 10194/10194 10195/10195 10196/10196
f 10197/10197 10198/10198 10199/10199
f 10200/10200 10201/10201 10202/10202
f 10203/10203 10204/10204 10205/10205
f 10206/10206 10207/10207 10208/10208
f 10281/10281 10282/10282 10283/10283
f 10281/10281 10283/10283 10284/10284
f 10285/10285 10286/10286 10287/10287
f 10285/10285 10287/10287 10288/10288
f 10289/10289 10290/10290 10291/10291
f 10289/10289 10291/10291 10292/10292
f 10293/10293 10294/10294 10295/10295
f 10293/10293 10295/10295 10296/10296
f 10297/10297 10298/10298 10299/10299
f 10297/10297 10299/10299 10300/10300
f 10301/10301 10302/10302 10303/10303
f 10301/10301 10303/10303 10304/10304
f 10305/10305 10306/10306 10307/10307
f 10305/10305 10307/10307 10308/10308
f 10309/10309 10310/10310 10311/10311
f 10309/10309 10311/10311 10312/10312
f 10313/10313 10314/10314 10315/10315
f 10313/10313 10315/10315 10316/10316
f 10317/10317 10318/10318 10319/10319
f 10317/10317 10319/10319 10320/10320
f 10321/10321 10322/10322 10323/10323
f 10321/10321 10323/10323 10324/10324
f 10325/10325 10326/10326 10327/10327
f 10325/10325 10327/10327 10328/10328
f 10329/10329 10330/10330 10331/10331
f 10329/10329 10331/10331 10332/10332
f 10333/10333 10334/10334 10335/10335
f 10333/10333 10335/10335 10336/10336
f 10337/10337 10338/10338 10339/10339
f 10337/10337 10339/10339 10340/10340
f 10341/10341 10342/10342 10343/10343
f 10341/10341 10343/10343 10344/10344
f 10345/10345 10346/10346 10347/10347
f 10345/10345 10347/10347 10348/10348
f 10349/10349 10350/10350 10351/10351
f 10349/10349 10351/10351 10352/10352
f 10353/10353 10354/10354 10355/10355
f 10353/10353 10355/10355 10356/10356
f 10357/10357 10358/10358 10359/10359
f 10357/10357 10359/10359 10360/10360
f 10361/10361 10362/10362 10363/10363
f 10361/10361 10363/10363 10364/10364
f 10365/10365 10366/10366 10367/10367
f 10365/10365 10367/10367 10368/10368
f 10369/10369 10370/10370 10371/10371
f 10369/10369 10371/10371 10372/10372
f 10373/10373 10374/10374 10375/10375
f 10373/10373 10375/10375 10376/10376
f 10377/10377 10378/10378 10379/10379
f 10377/10377 10379/10379 10380/10380
f 10381/10381 10382/10382 10383/10383
f 10381/10381 10383/10383 10384/10384
f 10385/10385 10386/10386 10387/10387
f 10385/10385 10387/10387 10388/10388
f 10389/10389 10390/10390 10391/10391
f 10389/10389 10391/10391 10392/10392
f 10393/10393 10394/10394 10395/10395
f 10393/10393 10395/10395 10396/10396
f 10397/10397 10398/10398 10399/10399
f 10397/10397 10399/10399 10400/10400
f 10401/10401 10402/10402 10403/10403
f 10401/10401 10403/10403 10404/10404
f 10405/10405 10406/10406 10407/10407
f 10405/10405 10407/10407 10408/10408
f 10409/10409 10410/10410 10411/10411
f 10409/10409 10411/10411 10412/10412
f 10413/10413 10414/10414 10415/10415
f 10413/10413 10415/10415 10416/10416
f 10417/10417 10418/10418 10419/10419
f 10417/10417 10419/10419 10420/10420
f 10421/10421 10422/10422 10423/10423
f 10421/10421 10423/10423 10424/10424
f 10425/10425 10426/10426 10427/10427
f 10425/10425 10427/10427 10428/10428
f 10429/10429 10430/10430 10431/10431
f 10429/10429 10431/10431 10432/10432
f 10433/10433 10434/10434 10435/10435
f 10433/10433 10435/10435 10436/10436
f 10437/10437 10438/10438 10439/10439
f 10437/10437 10439/10439 10440/10440
f 10441/10441 10442/10442 10443/10443
f 10441/10441 10443/10443 10444/10444
f 10445/10445 10446/10446 10447/10447
f 10445/10445 10447/10447 10448/10448
f 10449/10449 10450/10450 10451/10451
f 10449/10449 10451/10451 10452/10452
f 10453/10453 10454/10454 10455/10455
f 10453/10453 10455/10455 10456/10456
f 10457/10457 10458/10458 10459/10459
f 10457/10457 10459/10459 10460/10460
f 10461/10461 10462/10462 10463/10463
f 10461/10461 10463/10463 10464/10464
f 10465/10465 10466/10466 10467/10467
f 10465/10465 10467/10467 10468/10468
f 10469/10469 10470/10470 10471/10471
f 10469/10469 10471/10471 10472/10472
f 10473/10473 10474/10474 10475/10475
f 10473/10473 10475/10475 10476/10476
f 10477/10477 10478/10478 10479/10479
f 10477/10477 10479/10479 10480/10480
f 10481/10481 10482/10482 10483/10483
f 10481/10481 10483/10483 10484/10484
f 10485/10485 10486/10486 10487/10487
f 10485/10485 10487/10487 10488/10488
f 10489/10489 10490/10490 10491/10491
f 10489/10489 10491/10491 10492/10492
f 10493/10493 10494/10494 10495/10495
f 10493/10493 10495/10495 10496/10496
f 10497/10497 10498/10498 10499/10499
f 10497/10497 10499/10499 10500/10500
f 10501/10501 10502/10502 10503/10503
f 10501/10501 10503/10503 10504/10504
f 10505/10505 10506/10506 10507/10507
f 10505/10505 10507/10507 10508/10508
f 10509/10509 10510/10510 10511/10511
f 10509/10509 10511/10511 10512/10512
f 10513/10513 10514/10514 10515/10515
f 10513/10513 10515/10515 10516/10516
f 10517/10517 10518/10518 10519/10519
f 10517/10517 10519/10519 10520/10520
f 10521/10521 10522/10522 10523/10523
f 10521/10521 10523/10523 10524/10524
f 10525/10525 10526/10526 10527/10527
f 10525/10525 10527/10527 10528/10528
f 10529/10529 10530/10530 10531/10531
f 10529/10529 10531/10531 10532/10532
f 10533/10533 10534/10534 10535/10535
f 10533/10533 10535/10535 10536/10536
f 10537/10537 10538/10538 10539/10539
f 10537/10537 10539/10539 10540/10540
f 10541/10541 10542/10542 10543/10543
f 10541/10541 10543/10543 10544/10544
f 10545/10545 10546/10546 10547/10547
f 10545/10545 10547/10547 10548/10548
f 10549/10549 10550/10550 10551/10551
f 10549/10549 10551/10551 10552/10552
f 10553/10553 10554/10554 10555/10555
f 10553/10553 10555/10555 10556/10556
f 10557/10557 10558/10558 10559/10559
f 10557/10557 10559/10559 10560/10560
f 10561/10561 10562/10562 10563/10563
f 10561/10561 10563/10563 10564/10564
f 10565/10565 10566/10566 10567/10567
f 10565/10565 10567/10567 10568/10568
f 10569/10569 10570/10570 10571/10571
f 10569/10569 10571/10571 10572/10572
f 10573/10573 10574/10574 10575/10575
f 10573/10573 10575/10575 10576/10576
f 10577/10577 10578/10578 10579/10579
f 10577/10577 10579/10579 10580/10580
f 10581/10581 10582/10582 10583/10583
f 10581/10581 10583/10583 10584/10584
f 10585/10585 10586/10586 10587/10587
f 10585/10585 10587/10587 10588/10588
f 10589/10589 10590/10590 10591/10591
f 10589/10589 10591/10591 10592/10592
f 10593/10593 10594/10594 10595/10595
f 10593/10593 10595/10595 10596/10596
f 10597/10597 10598/10598 10599/10599
f 10597/10597 10599/10599 10600/10600
f 10601/10601 10602/10602 10603/10603
f 10601/10601 10603/10603 10604/10604
f 10605/10605 10606/10606 10607/10607
f 10605/10605 10607/10607 10608/10608
f 10609/10609 10610/10610 10611/10611
f 10609/10609 10611/10611 10612/10612
f 10613/10613 10614/10614 10615/10615
f 10613/10613 10615/10615 10616/10616
f 10617/10617 10618/10618 10619/10619
f 10617/10617 10619/10619 10620/10620
f 10621/10621 10622/10622 10623/10623
f 10621/10621 10623/10623 10624/10624
f 10625/10625 10626/10626 10627/10627
f 10625/10625 10627/10627 10628/10628
f 10629/10629 10630/10630 10631/10631
f 10629/10629 10631/10631 10632/10632
f 10633/10633 10634/10634 10635/10635
f 10633/10633 10635/10635 10636/10636
f 10637/10637 10638/10638 10639/10639
f 10637/10637 10639/10639 10640/10640
f 10641/10641 10642/10642 10643/10643
f 10641/10641 10643/10643 10644/10644
f 10645/10645 10646/10646 10647/10647
f 10645/10645 10647/10647 10648/10648
f 10649/10649 10650/10650 10651/10651
f 10649/10649 10651/10651 10652/10652
f 10653/10653 10654/10654 10655/10655
f 10653/10653 10655/10655 10656/10656
f 10657/10657 10658/10658 10659/10659
f 10657/10657 10659/10659 10660/10660
f 10661/10661 10662/10662 10663/10663
f 10664/10664 10665/10665 10666/10666
f 10667/10667 10668/10668 10669/10669
f 10670/10670 10671/10671 10672/10672
f 10673/10673 10674/10674 10675/10675
f 10676/10676 10677/10677 10678/10678
f 10679/10679 10680/10680 10681/10681
f 10682/10682 10683/10683 10684/10684
f 10685/10685 10686/10686 10687/10687
f 10688/10688 10689/10689 10690/10690
f 10691/10691 10692/10692 10693/10693
f 10694/10694 10695/10695 10696/10696
f 10697/10697 10698/10698 10699/10699
f 10700/10700 10701/10701 10702/10702
f 10703/10703 10704/10704 10705/10705
f 10706/10706 10707/10707 10708/10708
f 10709/10709 10710/10710 10711/10711
f 10712/10712 10713/10713 10714/10714
f 10715/10715 10716/10716 10717/10717
f 10718/10718 10719/10719 10720/10720
f 10721/10721 10722/10722 10723/10723
f 10724/10724 10725/10725 10726/10726
f 10727/10727 10728/10728 10729/10729
f 10730/10730 10731/10731 10732/10732
f 10733/10733 10734/10734 10735/10735
f 10736/10736 10737/10737 10738/10738
f 10739/10739 10740/10740 10741/10741
f 10742/10742 10743/10743 10744/10744
f 10745/10745 10746/10746 10747/10747
f 10748/10748 10749/10749 10750/10750
f 10751/10751 10752/10752 10753/10753
f 10754/10754 10755/10755 10756/10756
f 10757/10757 10758/10758 10759/10759
f 10760/10760 10761/10761 10762/10762
f 10763/10763 10764/10764 10765/10765
f 10766/10766 10767/10767 10768/10768
f 10769/10769 10770/10770 10771/10771
f 10772/10772 10773/10773 10774/10774
f 10919/10919 10920/10920 10921/10921
f 10919/10919 10921/10921 10922/10922
f 10923/10923 10924/10924 10925/10925
f 10923/10923 10925/10925 10926/10926
f 10927/10927 10928/10928 10929/10929
f 10927/10927 10929/10929 10930/10930
f 10931/10931 10932/10932 10933/10933
f 10931/10931 10933/10933 10934/10934
f 10935/10935 10936/10936 10937/10937
f 10935/10935 10937/10937 10938/10938
f 10939/10939 10940/10940 10941/10941
f 10939/10939 10941/10941 10942/10942
f 10943/10943 10944/10944 10945/10945
f 10943/10943 10945/10945 10946/10946
f 10947/10947 10948/10948 10949/10949
f 10947/10947 10949/10949 10950/10950
f 10951/10951 10952/10952 10953/10953
f 10951/10951 10953/10953 10954/10954
f 10955/10955 10956/10956 10957/10957
f 10955/10955 10957/10957 10958/10958
f 10959/10959 10960/10960 10961/10961
f 10959/10959 10961/10961 10962/10962
f 10963/10963 10964/10964 10965/10965
f 10963/10963 10965/10965 10966/10966
f 10967/10967 10968/10968 10969/10969
f 10967/10967 10969/10969 10970/10970
f 10971/10971 10972/10972 10973/10973
f 10971/10971 10973/10973 10974/10974
f 10975/10975 10976/10976 10977/10977
f 10975/10975 10977/10977 10978/10978
f 10979/10979 10980/10980 10981/10981
f 10979/10979 10981/10981 10982/10982
f 10983/10983 10984/10984 10985/10985
f 10983/10983 10985/10985 10986/10986
f 10987/10987 10988/10988 10989/10989
f 10987/10987 10989/10989 10990/10990
f 10991/10991 10992/10992 10993/10993
f 10991/10991 10993/10993 10994/10994
f 10995/10995 10996/10996 10997/10997
f 10995/10995 10997/10997 10998/10998
f 10999/10999 11000/11000 11001/11001
f 10999/10999 11001/11001 11002/11002
f 11003/11003 11004/11004 11005/11005
f 11003/11003 11005/11005 11006/11006
f 11007/11007 11008/11008 11009/11009
f 11007/11007 11009/11009 11010/11010
f 11011/11011 11012/11012 11013/11013
f 11011/11011 11013/11013 11014/11014
f 11015/11015 11016/11016 11017/11017
f 11015/11015 11017/11017 11018/11018
f 11019/11019 11020/11020 11021/11021
f 11019/11019 11021/11021 11022/11022
f 11023/11023 11024/11024 11025/11025
f 11023/11023 11025/11025 11026/11026
f 11027/11027 11028/11028 11029/11029
f 11027/11027 11029/11029 11030/11030
f 11031/11031 11032/11032 11033/11033
f 11031/11031 11033/11033 11034/11034
f 11035/11035 11036/11036 11037/11037
f 11035/11035 11037/11037 11038/11038
f 11039/11039 11040/11040 11041/11041
f 11039/11039 11041/11041 11042/11042
f 11043/11043 11044/11044 11045/11045
f 11043/11043 11045/11045 11046/11046
f 11047/11047 11048/11048 11049/11049
f 11047/11047 11049/11049 11050/11050
f 11051/11051 11052/11052 11053/11053
f 11051/11051 11053/11053 11054/11054
f 11055/11055 11056/11056 11057/11057
f 11055/11055 11057/11057 11058/11058
f 11059/11059 11060/11060 11061/11061
f 11059/11059 11061/11061 11062/11062
f 11063/11063 11064/11064 11065/11065
f 11063/11063 11065/11065 11066/11066
f 11067/11067 11068/11068 11069/11069
f 11067/11067 11069/11069 11070/11070
f 11071/11071 11072/11072 11073/11073
f 11071/11071 11073/11073 11074/11074
f 11075/11075 11076/11076 11077/11077
f 11075/11075 11077/11077 11078/11078
f 11079/11079 11080/11080 11081/11081
f 11079/11079 11081/11081 11082/11082
f 11083/11083 11084/11084 11085/11085
f 11083/11083 11085/11085 11086/11086
f 11087/11087 11088/11088 11089/11089
f 11087/11087 11089/11089 11090/11090
f 11091/11091 11092/11092 11093/11093
f 11091/11091 11093/11093 11094/11094
f 11095/11095 11096/11096 11097/11097
f 11095/11095 11097/11097 11098/11098
f 11099/11099 11100/11100 11101/11101
f 11099/11099 11101/11101 11102/11102
f 11103/11103 11104/11104 11105/11105
f 11103/11103 11105/11105 11106/11106
f 11107/11107 11108/11108 11109/11109
f 11107/11107 11109/11109 11110/11110
f 11111/11111 11112/11112 11113/11113
f 11111/11111 11113/11113 11114/11114
f 11115/11115 11116/11116 11117/11117
f 11115/11115 11117/11117 11118/11118
f 11119/11119 11120/11120 11121/11121
f 11119/11119 11121/11121 11122/11122
f 11123/11123 11124/11124 11125/11125
f 11123/11123 11125/11125 11126/11126
f 11127/11127 11128/11128 11129/11129
f 11127/11127 11129/11129 11130/11130
f 11131/11131 11132/11132 11133/11133
f 11131/11131 11133/11133 11134/11134
f 11135/11135 11136/11136 11137/11137
f 11135/11135 11137/11137 11138/11138
f 11139/11139 11140/11140 11141/11141
f 11139/11139 11141/11141 11142/11142
f 11143/11143 11144/11144 11145/11145
f 11143/11143 11145/11145 11146/11146
f 11147/11147 11148/11148 11149/11149
f 11147/11147 11149/11149 11150/11150
f 11151/11151 11152/11152 11153/11153
f 11151/11151 11153/11153 11154/11154
f 11155/11155 11156/11156 11157/11157
f 11155/11155 11157/11157 11158/11158
f 11159/11159 11160/11160 11161/11161
f 11159/11159 11161/11161 11162/11162
f 11163/11163 11164/11164 11165/11165
f 11163/11163 11165/11165 11166/11166
f 11167/11167 11168/11168 11169/11169
f 11167/11167 11169/11169 11170/11170
f 11171/11171 11172/11172 11173/11173
f 11171/11171 11173/11173 11174/11174
f 11175/11175 11176/11176 11177/11177
f 11175/11175 11177/11177 11178/11178
f 11179/11179 11180/11180 11181/11181
f 11179/11179 11181/11181 11182/11182
f 11183/11183 11184/11184 11185/11185
f 11183/11183 11185/11185 11186/11186
f 11187/11187 11188/11188 11189/11189
f 11187/11187 11189/11189 11190/11190
f 11191/11191 11192/11192 11193/11193
f 11191/11191 11193/11193 11194/11194
f 11195/11195 11196/11196 11197/11197
f 11195/11195 11197/11197 11198/11198
f 11199/11199 11200/11200 11201/11201
f 11199/11199 11201/11201 11202/11202
f 11203/11203 11204/11204 11205/11205
f 11203/11203 11205/11205 11206/11206
f 11207/11207 11208/11208 11209/11209
f 11207/11207 11209/11209 11210/11210
f 11211/11211 11212/11212 11213/11213
f 11211/11211 11213/11213 11214/11214
f 11215/11215 11216/11216 11217/11217
f 11215/11215 11217/11217 11218/11218
f 11219/11219 11220/11220 11221/11221
f 11219/11219 11221/11221 11222/11222
f 11223/11223 11224/11224 11225/11225
f 11223/11223 11225/11225 11226/11226
f 11227/11227 11228/11228 11229/11229
f 11227/11227 11229/11229 11230/11230
f 11231/11231 11232/11232 11233/11233
f 11231/11231 11233/11233 11234/11234
f 11235/11235 11236/11236 11237/11237
f 11235/11235 11237/11237 11238/11238
f 11239/11239 11240/11240 11241/11241
f 11239/11239 11241/11241 11242/11242
f 11243/11243 11244/11244 11245/11245
f 11243/11243 11245/11245 11246/11246
f 11247/11247 11248/11248 11249/11249
f 11247/11247 11249/11249 11250/11250
f 11251/11251 11252/11252 11253/11253
f 11251/11251 11253/11253 11254/11254
f 11255/11255 11256/11256 11257/11257
f 11255/11255 11257/11257 11258/11258
f 11259/11259 11260/11260 11261/11261
f 11259/11259 11261/11261 11262/11262
f 11263/11263 11264/11264 11265/11265
f 11263/11263 11265/11265 11266/11266
f 11267/11267 11268/11268 11269/11269
f 11267/11267 11269/11269 11270/11270
f 11271/11271 11272/11272 11273/11273
f 11271/11271 11273/11273 11274/11274
f 11275/11275 11276/11276 11277/11277
f 11275/11275 11277/11277 11278/11278
f 11279/11279 11280/11280 11281/11281
f 11279/11279 11281/11281 11282/11282
f 11283/11283 11284/11284 11285/11285
f 11283/11283 11285/11285 11286/11286
f 11287/11287 11288/11288 11289/11289
f 11287/11287 11289/11289 11290/11290
f 11291/11291 11292/11292 11293/11293
f 11291/11291 11293/11293 11294/11294
f 11295/11295 11296/11296 11297/11297
f 11295/11295 11297/11297 11298/11298
f 11299/11299 11300/11300 11301/11301
f 11299/11299 11301/11301 11302/11302
f 11303/11303 11304/11304 11305/11305
f 11303/11303 11305/11305 11306/11306
f 11307/11307 11308/11308 11309/11309
f 11307/11307 11309/11309 11310/11310
f 11311/11311 11312/11312 11313/11313
f 11311/11311 11313/11313 11314/11314
f 11315/11315 11316/11316 11317/11317
f 11315/11315 11317/11317 11318/11318
f 11319/11319 11320/11320 11321/11321
f 11319/11319 11321/11321 11322/11322
f 11323/11323 11324/11324 11325/11325
f 11323/11323 11325/11325 11326/11326
f 11327/11327 11328/11328 11329/11329
f 11327/11327 11329/11329 11330/11330
f 11331/11331 11332/11332 11333/11333
f 11331/11331 11333/11333 11334/11334
f 11335/11335 11336/11336 11337/11337
f 11335/11335 11337/11337 11338/11338
f 11339/11339 11340/11340 11341/11341
f 11339/11339 11341/11341 11342/11342
f 11343/11343 11344/11344 11345/11345
f 11343/11343 11345/11345 11346/11346
f 11347/11347 11348/11348 11349/11349
f 11347/11347 11349/11349 11350/11350
f 11351/11351 11352/11352 11353/11353
f 11351/11351 11353/11353 11354/11354
f 11355/11355 11356/11356 11357/11357
f 11355/11355 11357/11357 11358/11358
f 11359/11359 11360/11360 11361/11361
f 11359/11359 11361/11361 11362/11362
f 11363/11363 11364/11364 11365/11365
f 11363/11363 11365/11365 11366/11366
f 11367/11367 11368/11368 11369/11369
f 11367/11367 11369/11369 11370/11370
f 11371/11371 11372/11372 11373/11373
f 11371/11371 11373/11373 11374/11374
f 11375/11375 11376/11376 11377/11377
f 11375/11375 11377/11377 11378/11378
f 11379/11379 11380/11380 11381/11381
f 11379/11379 11381/11381 11382/11382
f 11383/11383 11384/11384 11385/11385
f 11383/11383 11385/11385 11386/11386
f 11387/11387 11388/11388 11389/11389
f 11387/11387 11389/11389 11390/11390
f 11391/11391 11392/11392 11393/11393
f 11391/11391 11393/11393 11394/11394
f 11395/11395 11396/11396 11397/11397
f 11395/11395 11397/11397 11398/11398
f 11399/11399 11400/11400 11401/11401
f 11399/11399 11401/11401 11402/11402
f 11403/11403 11404/11404 11405/11405
f 11403/11403 11405/11405 11406/11406
f 11407/11407 11408/11408 11409/11409
f 11407/11407 11409/11409 11410/11410
f 11411/11411 11412/11412 11413/11413
f 11411/11411 11413/11413 11414/11414
f 11415/11415 11416/11416 11417/11417
f 11415/11415 11417/11417 11418/11418
f 11419/11419 11420/11420 11421/11421
f 11419/11419 11421/11421 11422/11422
f 11423/11423 11424/11424 11425/11425
f 11423/11423 11425/11425 11426/11426
f 11427/11427 11428/11428 11429/11429
f 11427/11427 11429/11429 11430/11430
f 11431/11431 11432/11432 11433/11433
f 11431/11431 11433/11433 11434/11434
f 11435/11435 11436/11436 11437/11437
f 11435/11435 11437/11437 11438/11438
f 11439/11439 11440/11440 11441/11441
f 11439/11439 11441/11441 11442/11442
f 11443/11443 11444/11444 11445/11445
f 11443/11443 11445/11445 11446/11446
f 11447/11447 11448/11448 11449/11449
f 11447/11447 11449/11449 11450/11450
f 11451/11451 11452/11452 11453/11453
f 11451/11451 11453/11453 11454/11454
f 11455/11455 11456/11456 11457/11457
f 11455/11455 11457/11457 11458/11458
f 11459/11459 11460/11460 11461/11461
f 11459/11459 11461/11461 11462/11462
f 11463/11463 11464/11464 11465/11465
f 11463/11463 11465/11465 11466/11466
f 11467/11467 11468/11468 11469/11469
f 11467/11467 11469/11469 11470/11470
f 11471/11471 11472/11472 11473/11473
f 11471/11471 11473/11473 11474/11474
f 11475/11475 11476/11476 11477/11477
f 11475/11475 11477/11477 11478/11478
f 11479/11479 11480/11480 11481/11481
f 11479/11479 11481/11481 11482/11482
f 11483/11483 11484/11484 11485/11485
f 11483/11483 11485/11485 11486/11486
f 11487/11487 11488/11488 11489/11489
f 11487/11487 11489/11489 11490/11490
f 11491/11491 11492/11492 11493/11493
f 11491/11491 11493/11493 11494/11494
f 11495/11495 11496/11496 11497/11497
f 11495/11495 11497/11497 11498/11498
f 11499/11499 11500/11500 11501/11501
f 11502/11502 11503/11503 11504/11504
f 11505/11505 11506/11506 11507/11507
f 11508/11508 11509/11509 11510/11510
f 11511/11511 11512/11512 11513/11513
f 11514/11514 11515/11515 11516/11516
f 11517/11517 11518/11518 11519/11519
f 11520/11520 11521/11521 11522/11522
f 11523/11523 11524/11524 11525/11525
f 11526/11526 11527/11527 11528/11528
f 11529/11529 11530/11530 11531/11531
f 11532/11532 11533/11533 11534/11534
f 11535/11535 11536/11536 11537/11537
f 11538/11538 11539/11539 11540/11540
f 11541/11541 11542/11542 11543/11543
f 11544/11544 11545/11545 11546/11546
f 11547/11547 11548/11548 11549/11549
f 11550/11550 11551/11551 11552/11552
f 11553/11553 11554/11554 11555/11555
f 11556/11556 11557/11557 11558/11558
f 11559/11559 11560/11560 11561/11561
f 11562/11562 11563/11563 11564/11564
f 11565/11565 11566/11566 11567/11567
f 11568/11568 11569/11569 11570/11570
f 11571/11571 11572/11572 11573/11573
f 11574/11574 11575/11575 11576/11576
f 11577/11577 11578/11578 11579/11579
f 11580/11580 11581/11581 11582/11582
f 11583/11583 11584/11584 11585/11585
f 11586/11586 11587/11587 11588/11588
f 11589/11589 11590/11590 11591/11591
f 11592/11592 11593/11593 11594/11594
f 11595/11595 11596/11596 11597/11597
f 11598/11598 11599/11599 11600/11600
f 11601/11601 11602/11602 11603/11603
f 11604/11604 11605/11605 11606/11606
f 11607/11607 11608/11608 11609/11609
f 11610/11610 11611/11611 11612/11612
f 11613/11613 11614/11614 11615/11615
f 11616/11616 11617/11617 11618/11618
f 11619/11619 11620/11620 11621/11621
f 11622/11622 11623/11623 11624/11624
f 11625/11625 11626/11626 11627/11627
f 11628/11628 11629/11629 11630/11630
f 11631/11631 11632/11632 11633/11633
f 11634/11634 11635/11635 11636/11636
f 11637/11637 11638/11638 11639/11639
f 11640/11640 11641/11641 11642/11642
f 11643/11643 11644/11644 11645/11645
f 11646/11646 11647/11647 11648/11648
f 11649/11649 11650/11650 11651/11651
f 11652/11652 11653/11653 11654/11654
f 11655/11655 11656/11656 11657/11657
f 11658/11658 11659/11659 11660/11660
f 11661/11661 11662/11662 11663/11663
f 11664/11664 11665/11665 11666/11666
f 11667/11667 11668/11668 11669/11669
f 11670/11670 11671/11671 11672/11672
f 11889/11889 11890/11890 11891/11891
f 11889/11889 11891/11891 11892/11892
f 11893/11893 11894/11894 11895/11895
f 11893/11893 11895/11895 11896/11896
f 11897/11897 11898/11898 11899/11899
f 11897/11897 11899/11899 11900/11900
f 11901/11901 11902/11902 11903/11903
f 11901/11901 11903/11903 11904/11904
f 11905/11905 11906/11906 11907/11907
f 11905/11905 11907/11907 11908/11908
f 11909/11909 11910/11910 11911/11911
f 11909/11909 11911/11911 11912/11912
f 11913/11913 11914/11914 11915/11915
f 11913/11913 11915/11915 11916/11916
f 11917/11917 11918/11918 11919/11919
f 11917/11917 11919/11919 11920/11920
f 11921/11921 11922/11922 11923/11923
f 11921/11921 11923/11923 11924/11924
f 11925/11925 11926/11926 11927/11927
f 11925/11925 11927/11927 11928/11928
f 11929/11929 11930/11930 11931/11931
f 11929/11929 11931/11931 11932/11932
f 11933/11933 11934/11934 11935/11935
f 11933/11933 11935/11935 11936/11936
f 11937/11937 11938/11938 11939/11939
f 11937/11937 11939/11939 11940/11940
f 11941/11941 11942/11942 11943/11943
f 11941/11941 11943/11943 11944/11944
f 11945/11945 11946/11946 11947/11947
f 11945/11945 11947/11947 11948/11948
f 11949/11949 11950/11950 11951/11951
f 11949/11949 11951/11951 11952/11952
f 11953/11953 11954/11954 11955/11955
f 11953/11953 11955/11955 11956/11956
f 11957/11957 11958/11958 11959/11959
f 11957/11957 11959/11959 11960/11960
f 11961/11961 11962/11962 11963/11963
f 11961/11961 11963/11963 11964/11964
f 11965/11965 11966/11966 11967/11967
f 11965/11965 11967/11967 11968/11968
f 11969/11969 11970/11970 11971/11971
f 11969/11969 11971/11971 11972/11972
f 11973/11973 11974/11974 11975/11975
f 11973/11973 11975/11975 11976/11976
f 11977/11977 11978/11978 11979/11979
f 11977/11977 11979/11979 11980/11980
f 11981/11981 11982/11982 11983/11983
f 11981/11981 11983/11983 11984/11984
f 11985/11985 11986/11986 11987/11987
f 11985/11985 11987/11987 11988/11988
f 11989/11989 11990/11990 11991/11991
f 11989/11989 11991/11991 11992/11992
f 11993/11993 11994/11994 11995/11995
f 11993/11993 11995/11995 11996/11996
f 11997/11997 11998/11998 11999/11999
f 11997/11997 11999/11999 12000/12000
f 12001/12001 12002/12002 12003/12003
f 12001/12001 12003/12003 12004/12004
f 12005/12005 12006/12006 12007/12007
f 12005/12005 12007/12007 12008/12008
f 12009/12009 12010/12010 12011/12011
f 12009/12009 12011/12011 12012/12012
f 12013/12013 12014/12014 12015/12015
f 12013/12013 12015/12015 12016/12016
f 12017/12017 12018/12018 12019/12019
f 12017/12017 12019/12019 12020/12020
f 12021/12021 12022/12022 12023/12023
f 12021/12021 12023/12023 12024/12024
f 12025/12025 12026/12026 12027/12027
f 12025/12025 12027/12027 12028/12028
f 12029/12029 12030/12030 12031/12031
f 12029/12029 12031/12031 12032/12032
f 12033/12033 12034/12034 12035/12035
f 12033/12033 12035/12035 12036/12036
f 12037/12037 12038/12038 12039/12039
f 12037/12037 12039/12039 12040/12040
f 12041/12041 12042/12042 12043/12043
f 12041/12041 12043/12043 12044/12044
f 12045/12045 12046/12046 12047/12047
f 12045/12045 12047/12047 12048/12048
f 12049/12049 12050/12050 12051/12051
f 12049/12049 12051/12051 12052/12052
f 12053/12053 12054/12054 12055/12055
f 12053/12053 12055/12055 12056/12056
f 12057/12057 12058/12058 12059/12059
f 12057/12057 12059/12059 12060/12060
f 12061/12061 12062/12062 12063/12063
f 12061/12061 12063/12063 12064/12064
f 12065/12065 12066/12066 12067/12067
f 12065/12065 12067/12067 12068/12068
f 12069/12069 12070/12070 12071/12071
f 12069/12069 12071/12071 12072/12072
f 12073/12073 12074/12074 12075/12075
f 12073/12073 12075/12075 12076/12076
f 12077/12077 12078/12078 12079/12079
f 12077/12077 12079/12079 12080/12080
f 12081/12081 12082/12082 12083/12083
f 12081/12081 12083/12083 12084/12084
f 12085/12085 12086/12086 12087/12087
f 12085/12085 12087/12087 12088/12088
f 12089/12089 12090/12090 12091/12091
f 12089/12089 12091/12091 12092/12092
f 12093/12093 12094/12094 12095/12095
f 12093/12093 12095/12095 12096/12096
f 12097/12097 12098/12098 12099/12099
f 12097/12097 12099/12099 12100/12100
f 12101/12101 12102/12102 12103/12103
f 12101/12101 12103/12103 12104/12104
f 12105/12105 12106/12106 12107/12107
f 12105/12105 12107/12107 12108/12108
f 12109/12109 12110/12110 12111/12111
f 12109/12109 12111/12111 12112/12112
f 12113/12113 12114/12114 12115/12115
f 12113/12113 12115/12115 12116/12116
f 12117/12117 12118/12118 12119/12119
f 12117/12117 12119/12119 12120/12120
f 12121/12121 12122/12122 12123/12123
f 12121/12121 12123/12123 12124/12124
f 12125/12125 12126/12126 12127/12127
f 12125/12125 12127/12127 12128/12128
f 12129/12129 12130/12130 12131/12131
f 12129/12129 12131/12131 12132/12132
f 12133/12133 12134/12134 12135/12135
f 12133/12133 12135/12135 12136/12136
f 12137/12137 12138/12138 12139/12139
f 12137/12137 12139/12139 12140/12140
f 12141/12141 12142/12142 12143/12143
f 12141/12141 12143/12143 12144/12144
f 12145/12145 12146/12146 12147/12147
f 12145/12145 12147/12147 12148/12148
f 12149/12149 12150/12150 12151/12151
f 12149/12149 12151/12151 12152/12152
f 12153/12153 12154/12154 12155/12155
f 12153/12153 12155/12155 12156/12156
f 12157/12157 12158/12158 12159/12159
f 12157/12157 12159/12159 12160/12160
f 12161/12161 12162/12162 12163/12163
f 12161/12161 12163/12163 12164/12164
f 12165/12165 12166/12166 12167/12167
f 12165/12165 12167/12167 12168/12168
f 12169/12169 12170/12170 12171/12171
f 12169/12169 12171/12171 12172/12172
f 12173/12173 12174/12174 12175/12175
f 12173/12173 12175/12175 12176/12176
f 12177/12177 12178/12178 12179/12179
f 12177/12177 12179/12179 12180/12180
f 12181/12181 12182/12182 12183/12183
f 12181/12181 12183/12183 12184/12184
f 12185/12185 12186/12186 12187/12187
f 12185/12185 12187/12187 12188/12188
f 12189/12189 12190/12190 12191/12191
f 12189/12189 12191/12191 12192/12192
f 12193/12193 12194/12194 12195/12195
f 12193/12193 12195/12195 12196/12196
f 12197/12197 12198/12198 12199/12199
f 12197/12197 12199/12199 12200/12200
f 12201/12201 12202/12202 12203/12203
f 12201/12201 12203/12203 12204/12204
f 12205/12205 12206/12206 12207/12207
f 12205/12205 12207/12207 12208/12208
f 12209/12209 12210/12210 12211/12211
f 12209/12209 12211/12211 12212/12212
f 12213/12213 12214/12214 12215/12215
f 12213/12213 12215/12215 12216/12216
f 12217/12217 12218/12218 12219/12219
f 12217/12217 12219/12219 12220/12220
f 12221/12221 12222/12222 12223/12223
f 12221/12221 12223/12223 12224/12224
f 12225/12225 12226/12226 12227/12227
f 12225/12225 12227/12227 12228/12228
f 12229/12229 12230/12230 12231/12231
f 12229/12229 12231/12231 12232/12232
f 12233/12233 12234/12234 12235/12235
f 12233/12233 12235/12235 12236/12236
f 12237/12237 12238/12238 12239/12239
f 12237/12237 12239/12239 12240/12240
f 12241/12241 12242/12242 12243/12243
f 12241/12241 12243/12243 12244/12244
f 12245/12245 12246/12246 12247/12247
f 12245/12245 12247/12247 12248/12248
f 12249/12249 12250/12250 12251/12251
f 12249/12249 12251/12251 12252/12252
f 12253/12253 12254/12254 12255/12255
f 12253/12253 12255/12255 12256/12256
f 12257/12257 12258/12258 12259/12259
f 12257/12257 12259/12259 12260/12260
f 12261/12261 12262/12262 12263/12263
f 12261/12261 12263/12263 12264/12264
f 12265/12265 12266/12266 12267/12267
f 12265/12265 12267/12267 12268/12268
f 12269/12269 12270/12270 12271/12271
f 12272/12272 12273/12273 12274/12274
f 12275/12275 12276/12276 12277/12277
f 12278/12278 12279/12279 12280/12280
f 12281/12281 12282/12282 12283/12283
f 12284/12284 12285/12285 12286/12286
f 12287/12287 12288/12288 12289/12289
f 12290/12290 12291/12291 12292/12292
f 12293/12293 12294/12294 12295/12295
f 12296/12296 12297/12297 12298/12298
f 12299/12299 12300/12300 12301/12301
f 12302/12302 12303/12303 12304/12304
f 12305/12305 12306/12306 12307/12307
f 12308/12308 12309/12309 12310/12310
f 12311/12311 12312/12312 12313/12313
f 12314/12314 12315/12315 12316/12316
f 12317/12317 12318/12318 12319/12319
f 12320/12320 12321/12321 12322/12322
f 12323/12323 12324/12324 12325/12325
f 12326/12326 12327/12327 12328/12328
f 12329/12329 12330/12330 12331/12331
f 12332/12332 12333/12333 12334/12334
f 12335/12335 12336/12336 12337/12337
f 12338/12338 12339/12339 12340/12340
f 12341/12341 12342/12342 12343/12343
f 12344/12344 12345/12345 12346/12346
f 12347/12347 12348/12348 12349/12349
f 12350/12350 12351/12351 12352/12352
f 12353/12353 12354/12354 12355/12355
f 12356/12356 12357/12357 12358/12358
f 12359/12359 12360/12360 12361/12361
f 12362/12362 12363/12363 12364/12364
f 12365/12365 12366/12366 12367/12367
f 12368/12368 12369/12369 12370/12370
f 12371/12371 12372/12372 12373/12373
f 12374/12374 12375/12375 12376/12376
f 12377/12377 12378/12378 12379/12379
f 12380/12380 12381/12381 12382/12382
f 12455/12455 12456/12456 12457/12457
f 12455/12455 12457/12457 12458/12458
f 12459/12459 12460/12460 12461/12461
f 12459/12459 12461/12461 12462/12462
f 12463/12463 12464/12464 12465/12465
f 12463/12463 12465/12465 12466/12466
f 12467/12467 12468/12468 12469/12469
f 12467/12467 12469/12469 12470/12470
f 12471/12471 12472/12472 12473/12473
f 12471/12471 12473/12473 12474/12474
f 12475/12475 12476/12476 12477/12477
f 12475/12475 12477/12477 12478/12478
f 12479/12479 12480/12480 12481/12481
f 12479/12479 12481/12481 12482/12482
f 12483/12483 12484/12484 12485/12485
f 12483/12483 12485/12485 12486/12486
f 12487/12487 12488/12488 12489/12489
f 12487/12487 12489/12489 12490/12490
f 12491/12491 12492/12492 12493/12493
f 12491/12491 12493/12493 12494/12494
f 12495/12495 12496/12496 12497/12497
f 12495/12495 12497/12497 12498/12498
f 12499/12499 12500/12500 12501/12501
f 12499/12499 12501/12501 12502/12502
f 12503/12503 12504/12504 12505/12505
f 12503/12503 12505/12505 12506/12506
f 12507/12507 12508/12508 12509/12509
f 12507/12507 12509/12509 12510/12510
f 12511/12511 12512/12512 12513/12513
f 12511/12511 12513/12513 12514/12514
f 12515/12515 12516/12516 12517/12517
f 12515/12515 12517/12517 12518/12518
f 12519/12519 12520/12520 12521/12521
f 12519/12519 12521/12521 12522/12522
f 12523/12523 12524/12524 12525/12525
f 12523/12523 12525/12525 12526/12526
f 12527/12527 12528/12528 12529/12529
f 12527/12527 12529/12529 12530/12530
f 12531/12531 12532/12532 12533/12533
f 12531/12531 12533/12533 12534/12534
f 12535/12535 12536/12536 12537/12537
f 12535/12535 12537/12537 12538/12538
f 12539/12539 12540/12540 12541/12541
f 12539/12539 12541/12541 12542/12542
f 12543/12543 12544/12544 12545/12545
f 12543/12543 12545/12545 12546/12546
f 12547/12547 12548/12548 12549/12549
f 12547/12547 12549/12549 12550/12550
f 12551/12551 12552/12552 12553/12553
f 12551/12551 12553/12553 12554/12554
f 12555/12555 12556/12556 12557/12557
f 12555/12555 12557/12557 12558/12558
f 12559/12559 12560/12560 12561/12561
f 12559/12559 12561/12561 12562/12562
f 12563/12563 12564/12564 12565/12565
f 12563/12563 12565/12565 12566/12566
f 12567/12567 12568/12568 12569/12569
f 12567/12567 12569/12569 12570/12570
f 12571/12571 12572/12572 12573/12573
f 12571/12571 12573/12573 12574/12574
f 12575/12575 12576/12576 12577/12577
f 12575/12575 12577/12577 12578/12578
f 12579/12579 12580/12580 12581/12581
f 12579/12579 12581/12581 12582/12582
f 12583/12583 12584/12584 12585/12585
f 12583/12583 12585/12585 12586/12586
f 12587/12587 12588/12588 12589/12589
f 12587/12587 12589/12589 12590/12590
f 12591/12591 12592/12592 12593/12593
f 12591/12591 12593/12593 12594/12594
f 12595/12595 12596/12596 12597/12597
f 12595/12595 12597/12597 12598/12598
f 12599/12599 12600/12600 12601/12601
f 12599/12599 12601/12601 12602/12602
f 12603/12603 12604/12604 12605/12605
f 12603/12603 12605/12605 12606/12606
f 12607/12607 12608/12608 12609/12609
f 12607/12607 12609/12609 12610/12610
f 12611/12611 12612/12612 12613/12613
f 12611/12611 12613/12613 12614/12614
f 12615/12615 12616/12616 12617/12617
f 12615/12615 12617/12617 12618/12618
f 12619/12619 12620/12620 12621/12621
f 12619/12619 12621/12621 12622/12622
f 12623/12623 12624/12624 12625/12625
f 12623/12623 12625/12625 12626/12626
f 12627/12627 12628/12628 12629/12629
f 12627/12627 12629/12629 12630/12630
f 12631/12631 12632/12632 12633/12633
f 12631/12631 12633/12633 12634/12634
f 12635/12635 12636/12636 12637/12637
f 12635/12635 12637/12637 12638/12638
f 12639/12639 12640/12640 12641/12641
f 12639/12639 12641/12641 12642/12642
f 12643/12643 12644/12644 12645/12645
f 12643/12643 12645/12645 12646/12646
f 12647/12647 12648/12648 12649/12649
f 12647/12647 12649/12649 12650/12650
f 12651/12651 12652/12652 12653/12653
f 12651/12651 12653/12653 12654/12654
f 12655/12655 12656/12656 12657/12657
f 12655/12655 12657/12657 12658/12658
f 12659/12659 12660/12660 12661/12661
f 12659/12659 12661/12661 12662/12662
f 12663/12663 12664/12664 12665/12665
f 12663/12663 12665/12665 12666/12666
f 12667/12667 12668/12668 12669/12669
f 12667/12667 12669/12669 12670/12670
f 12671/12671 12672/12672 12673/12673
f 12671/12671 12673/12673 12674/12674
f 12675/12675 12676/12676 12677/12677
f 12675/12675 12677/12677 12678/12678
f 12679/12679 12680/12680 12681/12681
f 12679/12679 12681/12681 12682/12682
f 12683/12683 12684/12684 12685/12685
f 12683/12683 12685/12685 12686/12686
f 12687/12687 12688/12688 12689/12689
f 12687/12687 12689/12689 12690/12690
f 12691/12691 12692/12692 12693/12693
f 12691/12691 12693/12693 12694/12694
f 12695/12695 12696/12696 12697/12697
f 12695/12695 12697/12697 12698/12698
f 12699/12699 12700/12700 12701/12701
f 12699/12699 12701/12701 12702/12702
f 12703/12703 12704/12704 12705/12705
f 12703/12703 12705/12705 12706/12706
f 12707/12707 12708/12708 12709/12709
f 12707/12707 12709/12709 12710/12710
f 12711/12711 12712/12712 12713/12713
f 12711/12711 12713/12713 12714/12714
f 12715/12715 12716/12716 12717/12717
f 12715/12715 12717/12717 12718/12718
f 12719/12719 12720/12720 12721/12721
f 12719/12719 12721/12721 12722/12722
f 12723/12723 12724/12724 12725/12725
f 12723/12723 12725/12725 12726/12726
f 12727/12727 12728/12728 12729/12729
f 12727/12727 12729/12729 12730/12730
f 12731/12731 12732/12732 12733/12733
f 12731/12731 12733/12733 12734/12734
f 12735/12735 12736/12736 12737/12737
f 12735/12735 12737/12737 12738/12738
f 12739/12739 12740/12740 12741/12741
f 12739/12739 12741/12741 12742/12742
f 12743/12743 12744/12744 12745/12745
f 12746/12746 12747/12747 12748/12748
f 12749/12749 12750/12750 12751/12751
f 12752/12752 12753/12753 12754/12754
f 12755/12755 12756/12756 12757/12757
f 12758/12758 12759/12759 12760/12760
f 12761/12761 12762/12762 12763/12763
f 12764/12764 12765/12765 12766/12766
f 12767/12767 12768/12768 12769/12769
f 12770/12770 12771/12771 12772/12772
f 12773/12773 12774/12774 12775/12775
f 12776/12776 12777/12777 12778/12778
f 12779/12779 12780/12780 12781/12781
f 12782/12782 12783/12783 12784/12784
f 12785/12785 12786/12786 12787/12787
f 12788/12788 12789/12789 12790/12790
f 12791/12791 12792/12792 12793/12793
f 12794/12794 12795/12795 12796/12796
f 12797/12797 12798/12798 12799/12799
f 12800/12800 12801/12801 12802/12802
f 12803/12803 12804/12804 12805/12805
f 12806/12806 12807/12807 12808/12808
f 12809/12809 12810/12810 12811/12811
f 12812/12812 12813/12813 12814/12814
f 12815/12815 12816/12816 12817/12817
f 12818/12818 12819/12819 12820/12820
f 12821/12821 12822/12822 12823/12823
f 12824/12824 12825/12825 12826/12826
f 12827/12827 12828/12828 12829/12829
f 12830/12830 12831/12831 12832/12832
f 12833/12833 12834/12834 12835/12835
f 12836/12836 12837/12837 12838/12838
f 12839/12839 12840/12840 12841/12841
f 12842/12842 12843/12843 12844/12844
f 12845/12845 12846/12846 12847/12847
f 12848/12848 12849/12849 12850/12850
f 12851/12851 12852/12852 12853/12853
f 12854/12854 12855/12855 12856/12856
f 12857/12857 12858/12858 12859/12859
f 12860/12860 12861/12861 12862/12862
f 12863/12863 12864/12864 12865/12865
f 12866/12866 12867/12867 12868/12868
f 12869/12869 12870/12870 12871/12871
f 12872/12872 12873/12873 12874/12874
f 12875/12875 12876/12876 12877/12877
f 12878/12878 12879/12879 12880/12880
f 12881/12881 12882/12882 12883/12883
f 12884/12884 12885/12885 12886/12886
f 13175/13175 13176/13176 13177/13177
f 13175/13175 13177/13177 13178/13178
f 13179/13179 13180/13180 13181/13181
f 13179/13179 13181/13181 13182/13182
f 13183/13183 13184/13184 13185/13185
f 13183/13183 13185/13185 13186/13186
f 13187/13187 13188/13188 13189/13189
f 13187/13187 13189/13189 13190/13190
f 13191/13191 13192/13192 13193/13193
f 13191/13191 13193/13193 13194/13194
f 13195/13195 13196/13196 13197/13197
f 13195/13195 13197/13197 13198/13198
f 13199/13199 13200/13200 13201/13201
f 13199/13199 13201/13201 13202/13202
f 13203/13203 13204/13204 13205/13205
f 13203/13203 13205/13205 13206/13206
f 13207/13207 13208/13208 13209/13209
f 13207/13207 13209/13209 13210/13210
f 13211/13211 13212/13212 13213/13213
f 13211/13211 13213/13213 13214/13214
f 13215/13215 13216/13216 13217/13217
f 13215/13215 13217/13217 13218/13218
f 13219/13219 13220/13220 13221/13221
f 13219/13219 13221/13221 13222/13222
f 13223/13223 13224/13224 13225/13225
f 13223/13223 13225/13225 13226/13226
f 13227/13227 13228/13228 13229/13229
f 13227/13227 13229/13229 13230/13230
f 13231/13231 13232/13232 13233/13233
f 13231/13231 13233/13233 13234/13234
f 13235/13235 13236/13236 13237/13237
f 13235/13235 13237/13237 13238/13238
f 13239/13239 13240/13240 13241/13241
f 13239/13239 13241/13241 13242/13242
f 13243/13243 13244/13244 13245/13245
f 13243/13243 13245/13245 13246/13246
f 13247/13247 13248/13248 13249/13249
f 13247/13247 13249/13249 13250/13250
f 13251/13251 13252/13252 13253/13253
f 13251/13251 13253/13253 13254/13254
f 13255/13255 13256/13256 13257/13257
f 13255/13255 13257/13257 13258/13258
f 13259/13259 13260/13260 13261/13261
f 13259/13259 13261/13261 13262/13262
f 13263/13263 13264/13264 13265/13265
f 13263/13263 13265/13265 13266/13266
f 13267/13267 13268/13268 13269/13269
f 13267/13267 13269/13269 13270/13270
f 13271/13271 13272/13272 13273/13273
f 13271/13271 13273/13273 13274/13274
f 13275/13275 13276/13276 13277/13277
f 13275/13275 13277/13277 13278/13278
f 13279/13279 13280/13280 13281/13281
f 13279/13279 13281/13281 13282/13282
f 13283/13283 13284/13284 13285/13285
f 13283/13283 13285/13285 13286/13286
f 13287/13287 13288/13288 13289/13289
f 13287/13287 13289/13289 13290/13290
f 13291/13291 13292/13292 13293/13293
f 13291/13291 13293/13293 13294/13294
f 13295/13295 13296/13296 13297/13297
f 13295/13295 13297/13297 13298/13298
f 13299/13299 13300/13300 13301/13301
f 13299/13299 13301/13301 13302/13302
f 13303/13303 13304/13304 13305/13305
f 13303/13303 13305/13305 13306/13306
f 13307/13307 13308/13308 13309/13309
f 13307/13307 13309/13309 13310/13310
f 13311/13311 13312/13312 13313/13313
f 13311/13311 13313/13313 13314/13314
f 13315/13315 13316/13316 13317/13317
f 13315/13315 13317/13317 13318/13318
f 13319/13319 13320/13320 13321/13321
f 13319/13319 13321/13321 13322/13322
f 13323/13323 13324/13324 13325/13325
f 13323/13323 13325/13325 13326/13326
f 13327/13327 13328/13328 13329/13329
f 13327/13327 13329/13329 13330/13330
f 13331/13331 13332/13332 13333/13333
f 13331/13331 13333/13333 13334/13334
f 13335/13335 13336/13336 13337/13337
f 13335/13335 13337/13337 13338/13338
f 13339/13339 13340/13340 13341/13341
f 13339/13339 13341/13341 13342/13342
f 13343/13343 13344/13344 13345/13345
f 13343/13343 13345/13345 13346/13346
f 13347/13347 13348/13348 13349/13349
f 13347/13347 13349/13349 13350/13350
f 13351/13351 13352/13352 13353/13353
f 13351/13351 13353/13353 13354/13354
f 13355/13355 13356/13356 13357/13357
f 13355/13355 13357/13357 13358/13358
f 13359/13359 13360/13360 13361/13361
f 13359/13359 13361/13361 13362/13362
f 13363/13363 13364/13364 13365/13365
f 13363/13363 13365/13365 13366/13366
f 13367/13367 13368/13368 13369/13369
f 13367/13367 13369/13369 13370/13370
f 13371/13371 13372/13372 13373/13373
f 13371/13371 13373/13373 13374/13374
f 13375/13375 13376/13376 13377/13377
f 13375/13375 13377/13377 13378/13378
f 13379/13379 13380/13380 13381/13381
f 13379/13379 13381/13381 13382/13382
f 13383/13383 13384/13384 13385/13385
f 13383/13383 13385/13385 13386/13386
f 13387/13387 13388/13388 13389/13389
f 13387/13387 13389/13389 13390/13390
f 13391/13391 13392/13392 13393/13393
f 13391/13391 13393/13393 13394/13394
f 13395/13395 13396/13396 13397/13397
f 13395/13395 13397/13397 13398/13398
f 13399/13399 13400/13400 13401/13401
f 13399/13399 13401/13401 13402/13402
f 13403/13403 13404/13404 13405/13405
f 13403/13403 13405/13405 13406/13406
f 13407/13407 13408/13408 13409/13409
f 13407/13407 13409/13409 13410/13410
f 13411/13411 13412/13412 13413/13413
f 13411/13411 13413/13413 13414/13414
f 13415/13415 13416/13416 13417/13417
f 13415/13415 13417/13417 13418/13418
f 13419/13419 13420/13420 13421/13421
f 13419/13419 13421/13421 13422/13422
f 13423/13423 13424/13424 13425/13425
f 13423/13423 13425/13425 13426/13426
f 13427/13427 13428/13428 13429/13429
f 13427/13427 13429/13429 13430/13430
f 13431/13431 13432/13432 13433/13433
f 13431/13431 13433/13433 13434/13434
f 13435/13435 13436/13436 13437/13437
f 13435/13435 13437/13437 13438/13438
f 13439/13439 13440/13440 13441/13441
f 13439/13439 13441/13441 13442/13442
f 13443/13443 13444/13444 13445/13445
f 13443/13443 13445/13445 13446/13446
f 13447/13447 13448/13448 13449/13449
f 13447/13447 13449/13449 13450/13450
f 13451/13451 13452/13452 13453/13453
f 13451/13451 13453/13453 13454/13454
f 13455/13455 13456/13456 13457/13457
f 13455/13455 13457/13457 13458/13458
f 13459/13459 13460/13460 13461/13461
f 13459/13459 13461/13461 13462/13462
f 13463/13463 13464/13464 13465/13465
f 13463/13463 13465/13465 13466/13466
f 13467/13467 13468/13468 13469/13469
f 13467/13467 13469/13469 13470/13470
f 13471/13471 13472/13472 13473/13473
f 13471/13471 13473/13473 13474/13474
f 13475/13475 13476/13476 13477/13477
f 13475/13475 13477/13477 13478/13478
f 13479/13479 13480/13480 13481/13481
f 13479/13479 13481/13481 13482/13482
f 13483/13483 13484/13484 13485/13485
f 13483/13483 13485/13485 13486/13486
f 13487/13487 13488/13488 13489/13489
f 13487/13487 13489/13489 13490/13490
f 13491/13491 13492/13492 13493/13493
f 13491/13491 13493/13493 13494/13494
f 13495/13495 13496/13496 13497/13497
f 13495/13495 13497/13497 13498/13498
f 13499/13499 13500/13500 13501/13501
f 13499/13499 13501/13501 13502/13502
f 13503/13503 13504/13504 13505/13505
f 13503/13503 13505/13505 13506/13506
f 13507/13507 13508/13508 13509/13509
f 13507/13507 13509/13509 13510/13510
f 13511/13511 13512/13512 13513/13513
f 13511/13511 13513/13513 13514/13514
f 13515/13515 13516/13516 13517/13517
f 13515/13515 13517/13517 13518/13518
f 13519/13519 13520/13520 13521/13521
f 13519/13519 13521/13521 13522/13522
f 13523/13523 13524/13524 13525/13525
f 13523/13523 13525/13525 13526/13526
f 13527/13527 13528/13528 13529/13529
f 13527/13527 13529/13529 13530/13530
f 13531/13531 13532/13532 13533/13533
f 13531/13531 13533/13533 13534/13534
f 13535/13535 13536/13536 13537/13537
f 13535/13535 13537/13537 13538/13538
f 13539/13539 13540/13540 13541/13541
f 13539/13539 13541/13541 13542/13542
f 13543/13543 13544/13544 13545/13545
f 13543/13543 13545/13545 13546/13546
f 13547/13547 13548/13548 13549/13549
f 13547/13547 13549/13549 13550/13550
f 13551/13551 13552/13552 13553/13553
f 13551/13551 13553/13553 13554/13554
f 13555/13555 13556/13556 13557/13557
f 13555/13555 13557/13557 13558/13558
f 13559/13559 13560/13560 13561/13561
f 13559/13559 13561/13561 13562/13562
f 13563/13563 13564/13564 13565/13565
f 13563/13563 13565/13565 13566/13566
f 13567/13567 13568/13568 13569/13569
f 13567/13567 13569/13569 13570/13570
f 13571/13571 13572/13572 13573/13573
f 13571/13571 13573/13573 13574/13574
f 13575/13575 13576/13576 13577/13577
f 13575/13575 13577/13577 13578/13578
f 13579/13579 13580/13580 13581/13581
f 13579/13579 13581/13581 13582/13582
f 13583/13583 13584/13584 13585/13585
f 13583/13583 13585/13585 13586/13586
f 13587/13587 13588/13588 13589/13589
f 13587/13587 13589/13589 13590/13590
f 13591/13591 13592/13592 13593/13593
f 13591/13591 13593/13593 13594/13594
f 13595/13595 13596/13596 13597/13597
f 13595/13595 13597/13597 13598/13598
f 13599/13599 13600/13600 13601/13601
f 13599/13599 13601/13601 13602/13602
f 13603/13603 13604/13604 13605/13605
f 13603/13603 13605/13605 13606/13606
f 13607/13607 13608/13608 13609/13609
f 13607/13607 13609/13609 13610/13610
f 13611/13611 13612/13612 13613/13613
f 13611/13611 13613/13613 13614/13614
f 13615/13615 13616/13616 13617/13617
f 13615/13615 13617/13617 13618/13618
f 13619/13619 13620/13620 13621/13621
f 13619/13619 13621/13621 13622/13622
f 13623/13623 13624/13624 13625/13625
f 13623/13623 13625/13625 13626/13626
f 13627/13627 13628/13628 13629/13629
f 13627/13627 13629/13629 13630/13630
f 13631/13631 13632/13632 13633/13633
f 13631/13631 13633/13633 13634/13634
f 13635/13635 13636/13636 13637/13637
f 13635/13635 13637/13637 13638/13638
f 13639/13639 13640/13640 13641/13641
f 13639/13639 13641/13641 13642/13642
f 13643/13643 13644/13644 13645/13645
f 13643/13643 13645/13645 13646/13646
f 13647/13647 13648/13648 13649/13649
f 13647/13647 13649/13649 13650/13650
f 13651/13651 13652/13652 13653/13653
f 13651/13651 13653/13653 13654/13654
f 13655/13655 13656/13656 13657/13657
f 13655/13655 13657/13657 13658/13658
f 13659/13659 13660/13660 13661/13661
f 13659/13659 13661/13661 13662/13662
f 13663/13663 13664/13664 13665/13665
f 13663/13663 13665/13665 13666/13666
f 13667/13667 13668/13668 13669/13669
f 13667/13667 13669/13669 13670/13670
f 13671/13671 13672/13672 13673/13673
f 13671/13671 13673/13673 13674/13674
f 13675/13675 13676/13676 13677/13677
f 13678/13678 13679/13679 13680/13680
f 13681/13681 13682/13682 13683/13683
f 13684/13684 13685/13685 13686/13686
f 13687/13687 13688/13688 13689/13689
f 13690/13690 13691/13691 13692/13692
f 13693/13693 13694/13694 13695/13695
f 13696/13696 13697/13697 13698/13698
f 13699/13699 13700/13700 13701/13701
f 13702/13702 13703/13703 13704/13704
f 13705/13705 13706/13706 13707/13707
f 13708/13708 13709/13709 13710/13710
f 13711/13711 13712/13712 13713/13713
f 13714/13714 13715/13715 13716/13716
f 13717/13717 13718/13718 13719/13719
f 13720/13720 13721/13721 13722/13722
f 13723/13723 13724/13724 13725/13725
f 13726/13726 13727/13727 13728/13728
f 13729/13729 13730/13730 13731/13731
f 13732/13732 13733/13733 13734/13734
f 13735/13735 13736/13736 13737/13737
f 13738/13738 13739/13739 13740/13740
f 13741/13741 13742/13742 13743/13743
f 13744/13744 13745/13745 13746/13746
f 13747/13747 13748/13748 13749/13749
f 13750/13750 13751/13751 13752/13752
f 13753/13753 13754/13754 13755/13755
f 13756/13756 13757/13757 13758/13758
f 13759/13759 13760/13760 13761/13761
f 13762/13762 13763/13763 13764/13764
f 13765/13765 13766/13766 13767/13767
f 13768/13768 13769/13769 13770/13770
f 13771/13771 13772/13772 13773/13773
f 13774/13774 13775/13775 13776/13776
f 13777/13777 13778/13778 13779/13779
f 13780/13780 13781/13781 13782/13782
f 13783/13783 13784/13784 13785/13785
f 13786/13786 13787/13787 13788/13788
f 13789/13789 13790/13790 13791/13791
f 13792/13792 13793/13793 13794/13794
f 13795/13795 13796/13796 13797/13797
f 13798/13798 13799/13799 13800/13800
f 13801/13801 13802/13802 13803/13803
f 13804/13804 13805/13805 13806/13806
f 13807/13807 13808/13808 13809/13809
f 13810/13810 13811/13811 13812/13812
f 13813/13813 13814/13814 13815/13815
f 13816/13816 13817/13817 13818/13818
f 13819/13819 13820/13820 13821/13821
f 13822/13822 13823/13823 13824/13824
f 14113/14113 14114/14114 14115/14115
f 14113/14113 14115/14115 14116/14116
f 14117/14117 14118/14118 14119/14119
f 14117/14117 14119/14119 14120/14120
f 14121/14121 14122/14122 14123/14123
f 14121/14121 14123/14123 14124/14124
f 14125/14125 14126/14126 14127/14127
f 14125/14125 14127/14127 14128/14128
f 14129/14129 14130/14130 14131/14131
f 14129/14129 14131/14131 14132/14132
f 14133/14133 14134/14134 14135/14135
f 14133/14133 14135/14135 14136/14136
f 14137/14137 14138/14138 14139/14139
f 14137/14137 14139/14139 14140/14140
f 14141/14141 14142/14142 14143/14143
f 14141/14141 14143/14143 14144/14144
f 14145/14145 14146/14146 14147/14147
f 14145/14145 14147/14147 14148/14148
f 14149/14149 14150/14150 14151/14151
f 14149/14149 14151/14151 14152/14152
f 14153/14153 14154/14154 14155/14155
f 14153/14153 14155/14155 14156/14156
f 14157/14157 14158/14158 14159/14159
f 14157/14157 14159/14159 14160/14160
f 14161/14161 14162/14162 14163/14163
f 14161/14161 14163/14163 14164/14164
f 14165/14165 14166/14166 14167/14167
f 14165/14165 14167/14167 14168/14168
f 14169/14169 14170/14170 14171/14171
f 14169/14169 14171/14171 14172/14172
f 14173/14173 14174/14174 14175/14175
f 14173/14173 14175/14175 14176/14176
f 14177/14177 14178/14178 14179/14179
f 14177/14177 14179/14179 14180/14180
f 14181/14181 14182/14182 14183/14183
f 14181/14181 14183/14183 14184/14184
f 14185/14185 14186/14186 14187/14187
f 14185/14185 14187/14187 14188/14188
f 14189/14189 14190/14190 14191/14191
f 14189/14189 14191/14191 14192/14192
f 14193/14193 14194/14194 14195/14195
f 14193/14193 14195/14195 14196/14196
f 14197/14197 14198/14198 14199/14199
f 14197/14197 14199/14199 14200/14200
f 14201/14201 14202/14202 14203/14203
f 14201/14201 14203/14203 14204/14204
f 14205/14205 14206/14206 14207/14207
f 14205/14205 14207/14207 14208/14208
f 14209/14209 14210/14210 14211/14211
f 14209/14209 14211/14211 14212/14212
f 14213/14213 14214/14214 14215/14215
f 14213/14213 14215/14215 14216/14216
f 14217/14217 14218/14218 14219/14219
f 14217/14217 14219/14219 14220/14220
f 14221/14221 14222/14222 14223/14223
f 14221/14221 14223/14223 14224/14224
f 14225/14225 14226/14226 14227/14227
f 14225/14225 14227/14227 14228/14228
f 14229/14229 14230/14230 14231/14231
f 14229/14229 14231/14231 14232/14232
f 14233/14233 14234/14234 14235/14235
f 14233/14233 14235/14235 14236/14236
f 14237/14237 14238/14238 14239/14239
f 14237/14237 14239/14239 14240/14240
f 14241/14241 14242/14242 14243/14243
f 14241/14241 14243/14243 14244/14244
f 14245/14245 14246/14246 14247/14247
f 14245/14245 14247/14247 14248/14248
f 14249/14249 14250/14250 14251/14251
f 14249/14249 14251/14251 14252/14252
f 14253/14253 14254/14254 14255/14255
f 14253/14253 14255/14255 14256/14256
f 14257/14257 14258/14258 14259/14259
f 14257/14257 14259/14259 14260/14260
f 14261/14261 14262/14262 14263/14263
f 14261/14261 14263/14263 14264/14264
f 14265/14265 14266/14266 14267/14267
f 14265/14265 14267/14267 14268/14268
f 14269/14269 14270/14270 14271/14271
f 14269/14269 14271/14271 14272/14272
f 14273/14273 14274/14274 14275/14275
f 14273/14273 14275/14275 14276/14276
f 14277/14277 14278/14278 14279/14279
f 14277/14277 14279/14279 14280/14280
f 14281/14281 14282/14282 14283/14283
f 14281/14281 14283/14283 14284/14284
f 14285/14285 14286/14286 14287/14287
f 14285/14285 14287/14287 14288/14288
f 14289/14289 14290/14290 14291/14291
f 14289/14289 14291/14291 14292/14292
f 14293/14293 14294/14294 14295/14295
f 14293/14293 14295/14295 14296/14296
f 14297/14297 14298/14298 14299/14299
f 14297/14297 14299/14299 14300/14300
f 14301/14301 14302/14302 14303/14303
f 14301/14301 14303/14303 14304/14304
f 14305/14305 14306/14306 14307/14307
f 14305/14305 14307/14307 14308/14308
f 14309/14309 14310/14310 14311/14311
f 14309/14309 14311/14311 14312/14312
f 14313/14313 14314/14314 14315/14315
f 14313/14313 14315/14315 14316/14316
f 14317/14317 14318/14318 14319/14319
f 14317/14317 14319/14319 14320/14320
f 14321/14321 14322/14322 14323/14323
f 14321/14321 14323/14323 14324/14324
f 14325/14325 14326/14326 14327/14327
f 14325/14325 14327/14327 14328/14328
f 14329/14329 14330/14330 14331/14331
f 14329/14329 14331/14331 14332/14332
f 14333/14333 14334/14334 14335/14335
f 14333/14333 14335/14335 14336/14336
f 14337/14337 14338/14338 14339/14339
f 14337/14337 14339/14339 14340/14340
f 14341/14341 14342/14342 14343/14343
f 14341/14341 14343/14343 14344/14344
f 14345/14345 14346/14346 14347/14347
f 14345/14345 14347/14347 14348/14348
f 14349/14349 14350/14350 14351/14351
f 14349/14349 14351/14351 14352/14352
f 14353/14353 14354/14354 14355/14355
f 14353/14353 14355/14355 14356/14356
f 14357/14357 14358/14358 14359/14359
f 14357/14357 14359/14359 14360/14360
f 14361/14361 14362/14362 14363/14363
f 14361/14361 14363/14363 14364/14364
f 14365/14365 14366/14366 14367/14367
f 14365/14365 14367/14367 14368/14368
f 14369/14369 14370/14370 14371/14371
f 14369/14369 14371/14371 14372/14372
f 14373/14373 14374/14374 14375/14375
f 14373/14373 14375/14375 14376/14376
f 14377/14377 14378/14378 14379/14379
f 14377/14377 14379/14379 14380/14380
f 14381/14381 14382/14382 14383/14383
f 14381/14381 14383/14383 14384/14384
f 14385/14385 14386/14386 14387/14387
f 14385/14385 14387/14387 14388/14388
f 14389/14389 14390/14390 14391/14391
f 14389/14389 14391/14391 14392/14392
f 14393/14393 14394/14394 14395/14395
f 14393/14393 14395/14395 14396/14396
f 14397/14397 14398/14398 14399/14399
f 14397/14397 14399/14399 14400/14400
f 14401/14401 14402/14402 14403/14403
f 14401/14401 14403/14403 14404/14404
f 14405/14405 14406/14406 14407/14407
f 14405/14405 14407/14407 14408/14408
f 14409/14409 14410/14410 14411/14411
f 14409/14409 14411/14411 14412/14412
f 14413/14413 14414/14414 14415/14415
f 14413/14413 14415/14415 14416/14416
f 14417/14417 14418/14418 14419/14419
f 14417/14417 14419/14419 14420/14420
f 14421/14421 14422/14422 14423/14423
f 14421/14421 14423/14423 14424/14424
f 14425/14425 14426/14426 14427/14427
f 14425/14425 14427/14427 14428/14428
f 14429/14429 14430/14430 14431/14431
f 14429/14429 14431/14431 14432/14432
f 14433/14433 14434/14434 14435/14435
f 14433/14433 14435/14435 14436/14436
f 14437/14437 14438/14438 14439/14439
f 14437/14437 14439/14439 14440/14440
f 14441/14441 14442/14442 14443/14443
f 14441/14441 14443/14443 14444/14444
f 14445/14445 14446/14446 14447/14447
f 14445/14445 14447/14447 14448/14448
f 14449/14449 14450/14450 14451/14451
f 14449/14449 14451/14451 14452/14452
f 14453/14453 14454/14454 14455/14455
f 14453/14453 14455/14455 14456/14456
f 14457/14457 14458/14458 14459/14459
f 14457/14457 14459/14459 14460/14460
f 14461/14461 14462/14462 14463/14463
f 14461/14461 14463/14463 14464/14464
f 14465/14465 14466/14466 14467/14467
f 14465/14465 14467/14467 14468/14468
f 14469/14469 14470/14470 14471/14471
f 14469/14469 14471/14471 14472/14472
f 14473/14473 14474/14474 14475/14475
f 14473/14473 14475/14475 14476/14476
f 14477/14477 14478/14478 14479/14479
f 14477/14477 14479/14479 14480/14480
f 14481/14481 14482/14482 14483/14483
f 14481/14481 14483/14483 14484/14484
f 14485/14485 14486/14486 14487/14487
f 14485/14485 14487/14487 14488/14488
f 14489/14489 14490/14490 14491/14491
f 14489/14489 14491/14491 14492/14492
f 14493/14493 14494/14494 14495/14495
f 14493/14493 14495/14495 14496/14496
usemtl masonry
f 1921/1921 1922/1922 1923/1923
f 1921/1921 1923/1923 1924/1924
f 1925/1925 1926/1926 1927/1927
f 1925/1925 1927/1927 1928/1928
f 1929/1929 1930/1930 1931/1931
f 1929/1929 1931/1931 1932/1932
f 1933/1933 1934/1934 1935/1935
f 1933/1933 1935/1935 1936/1936
f 1937/1937 1938/1938 1939/1939
f 1937/1937 1939/1939 1940/1940
f 1941/1941 1942/1942 1943/1943
f 1941/1941 1943/1943 1944/1944
f 1945/1945 1946/1946 1947/1947
f 1945/1945 1947/1947 1948/1948
f 1949/1949 1950/1950 1951/1951
f 1949/1949 1951/1951 1952/1952
f 1953/1953 1954/1954 1955/1955
f 1953/1953 1955/1955 1956/1956
f 1957/1957 1958/1958 1959/1959
f 1957/1957 1959/1959 1960/1960
f 1961/1961 1962/1962 1963/1963
f 1961/1961 1963/1963 1964/1964
f 1965/1965 1966/1966 1967/1967
f 1965/1965 1967/1967 1968/1968
f 1969/1969 1970/1970 1971/1971
f 1969/1969 1971/1971 1972/1972
f 1973/1973 1974/1974 1975/1975
f 1973/1973 1975/1975 1976/1976
f 1977/1977 1978/1978 1979/1979
f 1977/1977 1979/1979 1980/1980
f 1981/1981 1982/1982 1983/1983
f 1981/1981 1983/1983 1984/1984
f 1985/1985 1986/1986 1987/1987
f 1985/1985 1987/1987 1988/1988
f 1989/1989 1990/1990 1991/1991
f 1989/1989 1991/1991 1992/1992
f 1993/1993 1994/1994 1995/1995
f 1993/1993 1995/1995 1996/1996
f 1997/1997 1998/1998 1999/1999
f 1997/1997 1999/1999 2000/2000
f 2001/2001 2002/2002 2003/2003
f 2001/2001 2003/2003 2004/2004
f 2005/2005 2006/2006 2007/2007
f 2005/2005 2007/2007 2008/2008
f 2009/2009 2010/2010 2011/2011
f 2009/2009 2011/2011 2012/2012
f 2013/2013 2014/2014 2015/2015
f 2013/2013 2015/2015 2016/2016
f 2017/2017 2018/2018 2019/2019
f 2017/2017 2019/2019 2020/2020
f 2021/2021 2022/2022 2023/2023
f 2021/2021 2023/2023 2024/2024
f 2025/2025 2026/2026 2027/2027
f 2025/2025 2027/2027 2028/2028
f 2029/2029 2030/2030 2031/2031
f 2029/2029 2031/2031 2032/2032
f 2033/2033 2034/2034 2035/2035
f 2033/2033 2035/2035 2036/2036
f 2037/2037 2038/2038 2039/2039
f 2037/2037 2039/2039 2040/2040
f 2041/2041 2042/2042 2043/2043
f 2041/2041 2043/2043 2044/2044
f 2045/2045 2046/2046 2047/2047
f 2045/2045 2047/2047 2048/2048
f 2049/2049 2050/2050 2051/2051
f 2049/2049 2051/2051 2052/2052
f 2053/2053 2054/2054 2055/2055
f 2053/2053 2055/2055 2056/2056
f 2057/2057 2058/2058 2059/2059
f 2057/2057 2059/2059 2060/2060
f 2061/2061 2062/2062 2063/2063
f 2061/2061 2063/2063 2064/2064
f 2065/2065 2066/2066 2067/2067
f 2065/2065 2067/2067 2068/2068
f 2069/2069 2070/2070 2071/2071
f 2069/2069 2071/2071 2072/2072
f 2073/2073 2074/2074 2075/2075
f 2073/2073 2075/2075 2076/2076
f 2077/2077 2078/2078 2079/2079
f 2077/2077 2079/2079 2080/2080
f 2081/2081 2082/2082 2083/2083
f 2081/2081 2083/2083 2084/2084
f 2085/2085 2086/2086 2087/2087
f 2085/2085 2087/2087 2088/2088
f 2089/2089 2090/2090 2091/2091
f 2089/2089 2091/2091 2092/2092
f 2093/2093 2094/2094 2095/2095
f 2093/2093 2095/2095 2096/2096
f 2097/2097 2098/2098 2099/2099
f 2097/2097 2099/2099 2100/2100
f 2101/2101 2102/2102 2103/2103
f 2101/2101 2103/2103 2104/2104
f 2105/2105 2106/2106 2107/2107
f 2105/2105 2107/2107 2108/2108
f 2109/2109 2110/2110 2111/2111
f 2109/2109 2111/2111 2112/2112
f 2113/2113 2114/2114 2115/2115
f 2113/2113 2115/2115 2116/2116
f 2117/2117 2118/2118 2119/2119
f 2117/2117 2119/2119 2120/2120
f 2121/2121 2122/2122 2123/2123
f 2121/2121 2123/2123 2124/2124
f 2125/2125 2126/2126 2127/2127
f 2125/2125 2127/2127 2128/2128
f 2129/2129 2130/2130 2131/2131
f 2129/2129 2131/2131 2132/2132
f 2133/2133 2134/2134 2135/2135
f 2133/2133 2135/2135 2136/2136
f 2137/2137 2138/2138 2139/2139
f 2137/2137 2139/2139 2140/2140
f 2141/2141 2142/2142 2143/2143
f 2141/2141 2143/2143 2144/2144
f 2145/2145 2146/2146 2147/2147
f 2145/2145 2147/2147 2148/2148
f 2149/2149 2150/2150 2151/2151
f 2149/2149 2151/2151 2152/2152
f 2153/2153 2154/2154 2155/2155
f 2153/2153 2155/2155 2156/2156
f 2157/2157 2158/2158 2159/2159
f 2157/2157 2159/2159 2160/2160
f 2161/2161 2162/2162 2163/2163
f 2161/2161 2163/2163 2164/2164
f 2165/2165 2166/2166 2167/2167
f 2165/2165 2167/2167 2168/2168
f 2169/2169 2170/2170 2171/2171
f 2169/2169 2171/2171 2172/2172
f 2173/2173 2174/2174 2175/2175
f 2173/2173 2175/2175 2176/2176
f 2177/2177 2178/2178 2179/2179
f 2177/2177 2179/2179 2180/2180
f 2181/2181 2182/2182 2183/2183
f 2181/2181 2183/2183 2184/2184
f 2185/2185 2186/2186 2187/2187
f 2185/2185 2187/2187 2188/2188
f 2189/2189 2190/2190 2191/2191
f 2189/2189 2191/2191 2192/2192
f 2193/2193 2194/2194 2195/2195
f 2193/2193 2195/2195 2196/2196
f 2197/2197 2198/2198 2199/2199
f 2197/2197 2199/2199 2200/2200
f 2201/2201 2202/2202 2203/2203
f 2201/2201 2203/2203 2204/2204
f 2205/2205 2206/2206 2207/2207
f 2205/2205 2207/2207 2208/2208
f 2209/2209 2210/2210 2211/2211
f 2209/2209 2211/2211 2212/2212
f 2213/2213 2214/2214 2215/2215
f 2213/2213 2215/2215 2216/2216
f 2217/2217 2218/2218 2219/2219
f 2217/2217 2219/2219 2220/2220
f 2221/2221 2222/2222 2223/2223
f 2221/2221 2223/2223 2224/2224
f 2225/2225 2226/2226 2227/2227
f 2225/2225 2227/2227 2228/2228
f 2229/2229 2230/2230 2231/2231
f 2229/2229 2231/2231 2232/2232
f 2233/2233 2234/2234 2235/2235
f 2233/2233 2235/2235 2236/2236
f 2237/2237 2238/2238 2239/2239
f 2237/2237 2239/2239 2240/2240
f 2241/2241 2242/2242 2243/2243
f 2241/2241 2243/2243 2244/2244
f 2245/2245 2246/2246 2247/2247
f 2245/2245 2247/2247 2248/2248
f 2249/2249 2250/2250 2251/2251
f 2249/2249 2251/2251 2252/2252
f 2253/2253 2254/2254 2255/2255
f 2253/2253 2255/2255 2256/2256
f 2257/2257 2258/2258 2259/2259
f 2257/2257 2259/2259 2260/2260
f 2261/2261 2262/2262 2263/2263
f 2261/2261 2263/2263 2264/2264
f 2265/2265 2266/2266 2267/2267
f 2265/2265 2267/2267 2268/2268
f 2269/2269 2270/2270 2271/2271
f 2269/2269 2271/2271 2272/2272
f 2273/2273 2274/2274 2275/2275
f 2273/2273 2275/2275 2276/2276
f 2277/2277 2278/2278 2279/2279
f 2277/2277 2279/2279 2280/2280
f 2281/2281 2282/2282 2283/2283
f 2281/2281 2283/2283 2284/2284
f 2285/2285 2286/2286 2287/2287
f 2285/2285 2287/2287 2288/2288
f 2289/2289 2290/2290 2291/2291
f 2289/2289 2291/2291 2292/2292
f 2293/2293 2294/2294 2295/2295
f 2293/2293 2295/2295 2296/2296
f 2297/2297 2298/2298 2299/2299
f 2297/2297 2299/2299 2300/2300
f 2301/2301 2302/2302 2303/2303
f 2301/2301 2303/2303 2304/2304
f 2305/2305 2306/2306 2307/2307
f 2305/2305 2307/2307 2308/2308
f 2309/2309 2310/2310 2311/2311
f 2309/2309 2311/2311 2312/2312
f 2313/2313 2314/2314 2315/2315
f 2313/2313 2315/2315 2316/2316
f 2317/2317 2318/2318 2319/2319
f 2317/2317 2319/2319 2320/2320
f 2321/2321 2322/2322 2323/2323
f 2321/2321 2323/2323 2324/2324
f 2325/2325 2326/2326 2327/2327
f 2325/2325 2327/2327 2328/2328
f 2329/2329 2330/2330 2331/2331
f 2329/2329 2331/2331 2332/2332
f 2333/2333 2334/2334 2335/2335
f 2333/2333 2335/2335 2336/2336
f 2337/2337 2338/2338 2339/2339
f 2337/2337 2339/2339 2340/2340
f 2341/2341 2342/2342 2343/2343
f 2341/2341 2343/2343 2344/2344
f 2345/2345 2346/2346 2347/2347
f 2345/2345 2347/2347 2348/2348
f 2349/2349 2350/2350 2351/2351
f 2349/2349 2351/2351 2352/2352
f 2353/2353 2354/2354 2355/2355
f 2353/2353 2355/2355 2356/2356
f 2357/2357 2358/2358 2359/2359
f 2357/2357 2359/2359 2360/2360
f 2361/2361 2362/2362 2363/2363
f 2361/2361 2363/2363 2364/2364
f 2365/2365 2366/2366 2367/2367
f 2365/2365 2367/2367 2368/2368
f 2369/2369 2370/2370 2371/2371
f 2369/2369 2371/2371 2372/2372
f 2373/2373 2374/2374 2375/2375
f 2373/2373 2375/2375 2376/2376
f 2377/2377 2378/2378 2379/2379
f 2377/2377 2379/2379 2380/2380
f 2381/2381 2382/2382 2383/2383
f 2381/2381 2383/2383 2384/2384
f 2385/2385 2386/2386 2387/2387
f 2385/2385 2387/2387 2388/2388
f 2389/2389 2390/2390 2391/2391
f 2389/2389 2391/2391 2392/2392
f 2393/2393 2394/2394 2395/2395
f 2393/2393 2395/2395 2396/2396
f 2397/2397 2398/2398 2399/2399
f 2397/2397 2399/2399 2400/2400
f 2401/2401 2402/2402 2403/2403
f 2401/2401 2403/2403 2404/2404
f 2405/2405 2406/2406 2407/2407
f 2405/2405 2407/2407 2408/2408
f 2409/2409 2410/2410 2411/2411
f 2409/2409 2411/2411 2412/2412
f 2413/2413 2414/2414 2415/2415
f 2413/2413 2415/2415 2416/2416
f 2417/2417 2418/2418 2419/2419
f 2417/2417 2419/2419 2420/2420
f 2421/2421 2422/2422 2423/2423
f 2421/2421 2423/2423 2424/2424
f 2425/2425 2426/2426 2427/2427
f 2425/2425 2427/2427 2428/2428
f 2429/2429 2430/2430 2431/2431
f 2429/2429 2431/2431 2432/2432
f 2433/2433 2434/2434 2435/2435
f 2433/2433 2435/2435 2436/2436
f 2437/2437 2438/2438 2439/2439
f 2437/2437 2439/2439 2440/2440
f 2441/2441 2442/2442 2443/2443
f 2441/2441 2443/2443 2444/2444
f 2445/2445 2446/2446 2447/2447
f 2445/2445 2447/2447 2448/2448
f 2449/2449 2450/2450 2451/2451
f 2449/2449 2451/2451 2452/2452
f 2453/2453 2454/2454 2455/2455
f 2453/2453 2455/2455 2456/2456
f 2457/2457 2458/2458 2459/2459
f 2457/2457 2459/2459 2460/2460
f 2461/2461 2462/2462 2463/2463
f 2461/2461 2463/2463 2464/2464
f 2465/2465 2466/2466 2467/2467
f 2465/2465 2467/2467 2468/2468
f 2469/2469 2470/2470 2471/2471
f 2469/2469 2471/2471 2472/2472
f 2473/2473 2474/2474 2475/2475
f 2473/2473 2475/2475 2476/2476
f 2477/2477 2478/2478 2479/2479
f 2477/2477 2479/2479 2480/2480
f 2481/2481 2482/2482 2483/2483
f 2481/2481 2483/2483 2484/2484
f 2485/2485 2486/2486 2487/2487
f 2485/2485 2487/2487 2488/2488
f 2489/2489 2490/2490 2491/2491
f 2489/2489 2491/2491 2492/2492
f 2493/2493 2494/2494 2495/2495
f 2493/2493 2495/2495 2496/2496
f 2497/2497 2498/2498 2499/2499
f 2497/2497 2499/2499 2500/2500
f 2501/2501 2502/2502 2503/2503
f 2501/2501 2503/2503 2504/2504
f 2505/2505 2506/2506 2507/2507
f 2505/2505 2507/2507 2508/2508
f 2509/2509 2510/2510 2511/2511
f 2509/2509 2511/2511 2512/2512
f 2513/2513 2514/2514 2515/2515
f 2513/2513 2515/2515 2516/2516
f 2517/2517 2518/2518 2519/2519
f 2517/2517 2519/2519 2520/2520
f 2521/2521 2522/2522 2523/2523
f 2521/2521 2523/2523 2524/2524
f 2525/2525 2526/2526 2527/2527
f 2525/2525 2527/2527 2528/2528
f 2529/2529 2530/2530 2531/2531
f 2529/2529 2531/2531 2532/2532
f 2533/2533 2534/2534 2535/2535
f 2533/2533 2535/2535 2536/2536
f 2537/2537 2538/2538 2539/2539
f 2537/2537 2539/2539 2540/2540
f 2541/2541 2542/2542 2543/2543
f 2541/2541 2543/2543 2544/2544
f 2545/2545 2546/2546 2547/2547
f 2545/2545 2547/2547 2548/2548
f 2549/2549 2550/2550 2551/2551
f 2549/2549 2551/2551 2552/2552
f 2553/2553 2554/2554 2555/2555
f 2553/2553 2555/2555 2556/2556
f 2557/2557 2558/2558 2559/2559
f 2557/2557 2559/2559 2560/2560
f 2561/2561 2562/2562 2563/2563
f 2561/2561 2563/2563 2564/2564
f 2565/2565 2566/2566 2567/2567
f 2565/2565 2567/2567 2568/2568
f 2569/2569 2570/2570 2571/2571
f 2569/2569 2571/2571 2572/2572
f 2573/2573 2574/2574 2575/2575
f 2573/2573 2575/2575 2576/2576
f 2577/2577 2578/2578 2579/2579
f 2577/2577 2579/2579 2580/2580
f 2581/2581 2582/2582 2583/2583
f 2581/2581 2583/2583 2584/2584
f 2585/2585 2586/2586 2587/2587
f 2585/2585 2587/2587 2588/2588
f 2589/2589 2590/2590 2591/2591
f 2589/2589 2591/2591 2592/2592
f 2593/2593 2594/2594 2595/2595
f 2593/2593 2595/2595 2596/2596
f 2597/2597 2598/2598 2599/2599
f 2597/2597 2599/2599 2600/2600
f 2601/2601 2602/2602 2603/2603
f 2601/2601 2603/2603 2604/2604
f 2605/2605 2606/2606 2607/2607
f 2605/2605 2607/2607 2608/2608
f 2609/2609 2610/2610 2611/2611
f 2609/2609 2611/2611 2612/2612
f 2613/2613 2614/2614 2615/2615
f 2613/2613 2615/2615 2616/2616
f 2617/2617 2618/2618 2619/2619
f 2617/2617 2619/2619 2620/2620
f 2621/2621 2622/2622 2623/2623
f 2621/2621 2623/2623 2624/2624
f 2625/2625 2626/2626 2627/2627
f 2625/2625 2627/2627 2628/2628
f 2629/2629 2630/2630 2631/2631
f 2629/2629 2631/2631 2632/2632
f 2633/2633 2634/2634 2635/2635
f 2633/2633 2635/2635 2636/2636
f 2637/2637 2638/2638 2639/2639
f 2637/2637 2639/2639 2640/2640
f 2641/2641 2642/2642 2643/2643
f 2641/2641 2643/2643 2644/2644
f 2645/2645 2646/2646 2647/2647
f 2645/2645 2647/2647 2648/2648
f 2649/2649 2650/2650 2651/2651
f 2649/2649 2651/2651 2652/2652
f 2653/2653 2654/2654 2655/2655
f 2653/2653 2655/2655 2656/2656
f 2657/2657 2658/2658 2659/2659
f 2657/2657 2659/2659 2660/2660
f 2661/2661 2662/2662 2663/2663
f 2661/2661 2663/2663 2664/2664
f 2665/2665 2666/2666 2667/2667
f 2665/2665 2667/2667 2668/2668
f 2669/2669 2670/2670 2671/2671
f 2669/2669 2671/2671 2672/2672
f 2673/2673 2674/2674 2675/2675
f 2673/2673 2675/2675 2676/2676
f 2677/2677 2678/2678 2679/2679
f 2677/2677 2679/2679 2680/2680
f 2681/2681 2682/2682 2683/2683
f 2681/2681 2683/2683 2684/2684
f 2685/2685 2686/2686 2687/2687
f 2685/2685 2687/2687 2688/2688
f 2689/2689 2690/2690 2691/2691
f 2689/2689 2691/2691 2692/2692
f 2693/2693 2694/2694 2695/2695
f 2693/2693 2695/2695 2696/2696
f 2697/2697 2698/2698 2699/2699
f 2697/2697 2699/2699 2700/2700
f 2701/2701 2702/2702 2703/2703
f 2701/2701 2703/2703 2704/2704
f 2705/2705 2706/2706 2707/2707
f 2705/2705 2707/2707 2708/2708
f 2709/2709 2710/2710 2711/2711
f 2709/2709 2711/2711 2712/2712
f 2713/2713 2714/2714 2715/2715
f 2713/2713 2715/2715 2716/2716
f 2717/2717 2718/2718 2719/2719
f 2717/2717 2719/2719 2720/2720
f 2721/2721 2722/2722 2723/2723
f 2721/2721 2723/2723 2724/2724
f 2725/2725 2726/2726 2727/2727
f 2725/2725 2727/2727 2728/2728
f 2729/2729 2730/2730 2731/2731
f 2729/2729 2731/2731 2732/2732
f 2733/2733 2734/2734 2735/2735
f 2733/2733 2735/2735 2736/2736
f 2737/2737 2738/2738 2739/2739
f 2737/2737 2739/2739 2740/2740
f 2741/2741 2742/2742 2743/2743
f 2741/2741 2743/2743 2744/2744
f 2745/2745 2746/2746 2747/2747
f 2745/2745 2747/2747 2748/2748
f 2749/2749 2750/2750 2751/2751
f 2749/2749 2751/2751 2752/2752
f 2753/2753 2754/2754 2755/2755
f 2753/2753 2755/2755 2756/2756
f 2757/2757 2758/2758 2759/2759
f 2757/2757 2759/2759 2760/2760
f 2761/2761 2762/2762 2763/2763
f 2761/2761 2763/2763 2764/2764
f 2765/2765 2766/2766 2767/2767
f 2765/2765 2767/2767 2768/2768
f 2769/2769 2770/2770 2771/2771
f 2769/2769 2771/2771 2772/2772
f 2773/2773 2774/2774 2775/2775
f 2773/2773 2775/2775 2776/2776
f 2777/2777 2778/2778 2779/2779
f 2777/2777 2779/2779 2780/2780
f 2781/2781 2782/2782 2783/2783
f 2781/2781 2783/2783 2784/2784
f 2785/2785 2786/2786 2787/2787
f 2785/2785 2787/2787 2788/2788
f 2789/2789 2790/2790 2791/2791
f 2789/2789 2791/2791 2792/2792
f 2793/2793 2794/2794 2795/2795
f 2793/2793 2795/2795 2796/2796
f 2797/2797 2798/2798 2799/2799
f 2797/2797 2799/2799 2800/2800
f 2801/2801 2802/2802 2803/2803
f 2801/2801 2803/2803 2804/2804
f 2805/2805 2806/2806 2807/2807
f 2805/2805 2807/2807 2808/2808
f 2809/2809 2810/2810 2811/2811
f 2809/2809 2811/2811 2812/2812
f 2813/2813 2814/2814 2815/2815
f 2813/2813 2815/2815 2816/2816
f 2817/2817 2818/2818 2819/2819
f 2817/2817 2819/2819 2820/2820
f 2821/2821 2822/2822 2823/2823
f 2821/2821 2823/2823 2824/2824
f 2825/2825 2826/2826 2827/2827
f 2825/2825 2827/2827 2828/2828
f 2829/2829 2830/2830 2831/2831
f 2829/2829 2831/2831 2832/2832
f 2833/2833 2834/2834 2835/2835
f 2833/2833 2835/2835 2836/2836
f 2837/2837 2838/2838 2839/2839
f 2837/2837 2839/2839 2840/2840
f 2841/2841 2842/2842 2843/2843
f 2841/2841 2843/2843 2844/2844
f 2845/2845 2846/2846 2847/2847
f 2845/2845 2847/2847 2848/2848
f 2849/2849 2850/2850 2851/2851
f 2849/2849 2851/2851 2852/2852
f 2853/2853 2854/2854 2855/2855
f 2853/2853 2855/2855 2856/2856
f 2857/2857 2858/2858 2859/2859
f 2857/2857 2859/2859 2860/2860
f 2861/2861 2862/2862 2863/2863
f 2861/2861 2863/2863 2864/2864
f 2865/2865 2866/2866 2867/2867
f 2865/2865 2867/2867 2868/2868
f 2869/2869 2870/2870 2871/2871
f 2869/2869 2871/2871 2872/2872
f 2873/2873 2874/2874 2875/2875
f 2873/2873 2875/2875 2876/2876
f 2877/2877 2878/2878 2879/2879
f 2877/2877 2879/2879 2880/2880
f 2881/2881 2882/2882 2883/2883
f 2881/2881 2883/2883 2884/2884
f 2885/2885 2886/2886 2887/2887
f 2885/2885 2887/2887 2888/2888
f 2889/2889 2890/2890 2891/2891
f 2889/2889 2891/2891 2892/2892
f 2893/2893 2894/2894 2895/2895
f 2893/2893 2895/2895 2896/2896
f 2897/2897 2898/2898 2899/2899
f 2897/2897 2899/2899 2900/2900
f 2901/2901 2902/2902 2903/2903
f 2901/2901 2903/2903 2904/2904
f 2905/2905 2906/2906 2907/2907
f 2905/2905 2907/2907 2908/2908
f 2909/2909 2910/2910 2911/2911
f 2909/2909 2911/2911 2912/2912
f 2913/2913 2914/2914 2915/2915
f 2913/2913 2915/2915 2916/2916
f 2917/2917 2918/2918 2919/2919
f 2917/2917 2919/2919 2920/2920
f 2921/2921 2922/2922 2923/2923
f 2921/2921 2923/2923 2924/2924
f 2925/2925 2926/2926 2927/2927
f 2925/2925 2927/2927 2928/2928
f 2929/2929 2930/2930 2931/2931
f 2929/2929 2931/2931 2932/2932
f 2933/2933 2934/2934 2935/2935
f 2933/2933 2935/2935 2936/2936
f 2937/2937 2938/2938 2939/2939
f 2937/2937 2939/2939 2940/2940
f 2941/2941 2942/2942 2943/2943
f 2941/2941 2943/2943 2944/2944
f 2945/2945 2946/2946 2947/2947
f 2945/2945 2947/2947 2948/2948
f 2949/2949 2950/2950 2951/2951
f 2949/2949 2951/2951 2952/2952
f 2953/2953 2954/2954 2955/2955
f 2953/2953 2955/2955 2956/2956
f 2957/2957 2958/2958 2959/2959
f 2957/2957 2959/2959 2960/2960
f 2961/2961 2962/2962 2963/2963
f 2961/2961 2963/2963 2964/2964
f 2965/2965 2966/2966 2967/2967
f 2965/2965 2967/2967 2968/2968
f 2969/2969 2970/2970 2971/2971
f 2969/2969 2971/2971 2972/2972
f 2973/2973 2974/2974 2975/2975
f 2973/2973 2975/2975 2976/2976
f 2977/2977 2978/2978 2979/2979
f 2977/2977 2979/2979 2980/2980
f 2981/2981 2982/2982 2983/2983
f 2981/2981 2983/2983 2984/2984
f 2985/2985 2986/2986 2987/2987
f 2985/2985 2987/2987 2988/2988
f 2989/2989 2990/2990 2991/2991
f 2989/2989 2991/2991 2992/2992
f 2993/2993 2994/2994 2995/2995
f 2993/2993 2995/2995 2996/2996
f 2997/2997 2998/2998 2999/2999
f 2997/2997 2999/2999 3000/3000
f 3001/3001 3002/3002 3003/3003
f 3001/3001 3003/3003 3004/3004
f 3005/3005 3006/3006 3007/3007
f 3005/3005 3007/3007 3008/3008
f 3009/3009 3010/3010 3011/3011
f 3009/3009 3011/3011 3012/3012
f 3013/3013 3014/3014 3015/3015
f 3013/3013 3015/3015 3016/3016
f 3017/3017 3018/3018 3019/3019
f 3017/3017 3019/3019 3020/3020
f 3021/3021 3022/3022 3023/3023
f 3021/3021 3023/3023 3024/3024
f 3025/3025 3026/3026 3027/3027
f 3025/3025 3027/3027 3028/3028
f 3029/3029 3030/3030 3031/3031
f 3029/3029 3031/3031 3032/3032
f 3033/3033 3034/3034 3035/3035
f 3033/3033 3035/3035 3036/3036
f 3037/3037 3038/3038 3039/3039
f 3037/3037 3039/3039 3040/3040
f 3041/3041 3042/3042 3043/3043
f 3041/3041 3043/3043 3044/3044
f 3045/3045 3046/3046 3047/3047
f 3045/3045 3047/3047 3048/3048
f 3049/3049 3050/3050 3051/3051
f 3049/3049 3051/3051 3052/3052
f 3053/3053 3054/3054 3055/3055
f 3053/3053 3055/3055 3056/3056
f 3057/3057 3058/3058 3059/3059
f 3057/3057 3059/3059 3060/3060
f 3061/3061 3062/3062 3063/3063
f 3061/3061 3063/3063 3064/3064
f 3065/3065 3066/3066 3067/3067
f 3065/3065 3067/3067 3068/3068
f 3069/3069 3070/3070 3071/3071
f 3069/3069 3071/3071 3072/3072
f 3073/3073 3074/3074 3075/3075
f 3073/3073 3075/3075 3076/3076
f 3077/3077 3078/3078 3079/3079
f 3077/3077 3079/3079 3080/3080
f 3081/3081 3082/3082 3083/3083
f 3081/3081 3083/3083 3084/3084
f 3085/3085 3086/3086 3087/3087
f 3085/3085 3087/3087 3088/3088
f 3089/3089 3090/3090 3091/3091
f 3089/3089 3091/3091 3092/3092
f 3093/3093 3094/3094 3095/3095
f 3093/3093 3095/3095 3096/3096
f 3097/3097 3098/3098 3099/3099
f 3097/3097 3099/3099 3100/3100
f 3101/3101 3102/3102 3103/3103
f 3101/3101 3103/3103 3104/3104
f 3105/3105 3106/3106 3107/3107
f 3105/3105 3107/3107 3108/3108
f 3109/3109 3110/3110 3111/3111
f 3109/3109 3111/3111 3112/3112
f 3113/3113 3114/3114 3115/3115
f 3113/3113 3115/3115 3116/3116
f 3117/3117 3118/3118 3119/3119
f 3117/3117 3119/3119 3120/3120
f 3121/3121 3122/3122 3123/3123
f 3121/3121 3123/3123 3124/3124
f 3125/3125 3126/3126 3127/3127
f 3125/3125 3127/3127 3128/3128
f 3129/3129 3130/3130 3131/3131
f 3129/3129 3131/3131 3132/3132
f 3133/3133 3134/3134 3135/3135
f 3133/3133 3135/3135 3136/3136
f 3137/3137 3138/3138 3139/3139
f 3137/3137 3139/3139 3140/3140
f 3141/3141 3142/3142 3143/3143
f 3141/3141 3143/3143 3144/3144
f 3145/3145 3146/3146 3147/3147
f 3145/3145 3147/3147 3148/3148
f 3149/3149 3150/3150 3151/3151
f 3149/3149 3151/3151 3152/3152
f 3153/3153 3154/3154 3155/3155
f 3153/3153 3155/3155 3156/3156
f 3157/3157 3158/3158 3159/3159
f 3157/3157 3159/3159 3160/3160
f 3161/3161 3162/3162 3163/3163
f 3161/3161 3163/3163 3164/3164
f 3165/3165 3166/3166 3167/3167
f 3165/3165 3167/3167 3168/3168
f 3169/3169 3170/3170 3171/3171
f 3169/3169 3171/3171 3172/3172
f 3173/3173 3174/3174 3175/3175
f 3173/3173 3175/3175 3176/3176
f 3177/3177 3178/3178 3179/3179
f 3177/3177 3179/3179 3180/3180
f 3181/3181 3182/3182 3183/3183
f 3181/3181 3183/3183 3184/3184
f 3185/3185 3186/3186 3187/3187
f 3185/3185 3187/3187 3188/3188
f 3189/3189 3190/3190 3191/3191
f 3189/3189 3191/3191 3192/3192
f 3193/3193 3194/3194 3195/3195
f 3193/3193 3195/3195 3196/3196
f 3197/3197 3198/3198 3199/3199
f 3197/3197 3199/3199 3200/3200
f 3201/3201 3202/3202 3203/3203
f 3201/3201 3203/3203 3204/3204
f 3205/3205 3206/3206 3207/3207
f 3205/3205 3207/3207 3208/3208
f 3209/3209 3210/3210 3211/3211
f 3209/3209 3211/3211 3212/3212
f 3213/3213 3214/3214 3215/3215
f 3213/3213 3215/3215 3216/3216
f 3217/3217 3218/3218 3219/3219
f 3217/3217 3219/3219 3220/3220
f 3221/3221 3222/3222 3223/3223
f 3221/3221 3223/3223 3224/3224
f 3225/3225 3226/3226 3227/3227
f 3225/3225 3227/3227 3228/3228
f 3229/3229 3230/3230 3231/3231
f 3229/3229 3231/3231 3232/3232
f 3233/3233 3234/3234 3235/3235
f 3233/3233 3235/3235 3236/3236
f 3237/3237 3238/3238 3239/3239
f 3237/3237 3239/3239 3240/3240
f 3241/3241 3242/3242 3243/3243
f 3241/3241 3243/3243 3244/3244
f 3245/3245 3246/3246 3247/3247
f 3245/3245 3247/3247 3248/3248
f 3249/3249 3250/3250 3251/3251
f 3249/3249 3251/3251 3252/3252
f 3253/3253 3254/3254 3255/3255
f 3253/3253 3255/3255 3256/3256
f 3257/3257 3258/3258 3259/3259
f 3257/3257 3259/3259 3260/3260
f 3261/3261 3262/3262 3263/3263
f 3261/3261 3263/3263 3264/3264
f 3265/3265 3266/3266 3267/3267
f 3265/3265 3267/3267 3268/3268
f 3269/3269 3270/3270 3271/3271
f 3269/3269 3271/3271 3272/3272
f 3273/3273 3274/3274 3275/3275
f 3273/3273 3275/3275 3276/3276
f 3277/3277 3278/3278 3279/3279
f 3277/3277 3279/3279 3280/3280
f 3281/3281 3282/3282 3283/3283
f 3281/3281 3283/3283 3284/3284
f 3285/3285 3286/3286 3287/3287
f 3285/3285 3287/3287 3288/3288
f 3289/3289 3290/3290 3291/3291
f 3289/3289 3291/3291 3292/3292
f 3293/3293 3294/3294 3295/3295
f 3293/3293 3295/3295 3296/3296
f 3297/3297 3298/3298 3299/3299
f 3297/3297 3299/3299 3300/3300
f 3301/3301 3302/3302 3303/3303
f 3301/3301 3303/3303 3304/3304
f 3305/3305 3306/3306 3307/3307
f 3305/3305 3307/3307 3308/3308
f 3309/3309 3310/3310 3311/3311
f 3309/3309 3311/3311 3312/3312
f 3313/3313 3314/3314 3315/3315
f 3313/3313 3315/3315 3316/3316
f 3317/3317 3318/3318 3319/3319
f 3317/3317 3319/3319 3320/3320
f 3321/3321 3322/3322 3323/3323
f 3321/3321 3323/3323 3324/3324
f 3325/3325 3326/3326 3327/3327
f 3325/3325 3327/3327 3328/3328
f 3329/3329 3330/3330 3331/3331
f 3329/3329 3331/3331 3332/3332
f 3333/3333 3334/3334 3335/3335
f 3333/3333 3335/3335 3336/3336
f 3337/3337 3338/3338 3339/3339
f 3337/3337 3339/3339 3340/3340
f 3341/3341 3342/3342 3343/3343
f 3341/3341 3343/3343 3344/3344
f 3345/3345 3346/3346 3347/3347
f 3345/3345 3347/3347 3348/3348
f 3349/3349 3350/3350 3351/3351
f 3349/3349 3351/3351 3352/3352
f 3353/3353 3354/3354 3355/3355
f 3353/3353 3355/3355 3356/3356
f 3357/3357 3358/3358 3359/3359
f 3357/3357 3359/3359 3360/3360
f 3361/3361 3362/3362 3363/3363
f 3361/3361 3363/3363 3364/3364
f 3365/3365 3366/3366 3367/3367
f 3365/3365 3367/3367 3368/3368
f 3369/3369 3370/3370 3371/3371
f 3369/3369 3371/3371 3372/3372
f 3373/3373 3374/3374 3375/3375
f 3373/3373 3375/3375 3376/3376
f 3377/3377 3378/3378 3379/3379
f 3377/3377 3379/3379 3380/3380
f 3381/3381 3382/3382 3383/3383
f 3381/3381 3383/3383 3384/3384
f 3385/3385 3386/3386 3387/3387
f 3385/3385 3387/3387 3388/3388
f 3389/3389 3390/3390 3391/3391
f 3389/3389 3391/3391 3392/3392
f 3393/3393 3394/3394 3395/3395
f 3393/3393 3395/3395 3396/3396
f 3397/3397 3398/3398 3399/3399
f 3397/3397 3399/3399 3400/3400
f 3401/3401 3402/3402 3403/3403
f 3401/3401 3403/3403 3404/3404
f 3405/3405 3406/3406 3407/3407
f 3405/3405 3407/3407 3408/3408
f 3409/3409 3410/3410 3411/3411
f 3409/3409 3411/3411 3412/3412
f 3413/3413 3414/3414 3415/3415
f 3413/3413 3415/3415 3416/3416
f 3417/3417 3418/3418 3419/3419
f 3417/3417 3419/3419 3420/3420
f 3421/3421 3422/3422 3423/3423
f 3421/3421 3423/3423 3424/3424
f 3425/3425 3426/3426 3427/3427
f 3425/3425 3427/3427 3428/3428
f 3429/3429 3430/3430 3431/3431
f 3429/3429 3431/3431 3432/3432
f 3433/3433 3434/3434 3435/3435
f 3433/3433 3435/3435 3436/3436
f 3437/3437 3438/3438 3439/3439
f 3437/3437 3439/3439 3440/3440
f 3441/3441 3442/3442 3443/3443
f 3441/3441 3443/3443 3444/3444
f 3445/3445 3446/3446 3447/3447
f 3445/3445 3447/3447 3448/3448
f 3449/3449 3450/3450 3451/3451
f 3449/3449 3451/3451 3452/3452
f 3453/3453 3454/3454 3455/3455
f 3453/3453 3455/3455 3456/3456
f 3457/3457 3458/3458 3459/3459
f 3457/3457 3459/3459 3460/3460
f 3461/3461 3462/3462 3463/3463
f 3461/3461 3463/3463 3464/3464
f 3465/3465 3466/3466 3467/3467
f 3465/3465 3467/3467 3468/3468
f 3469/3469 3470/3470 3471/3471
f 3469/3469 3471/3471 3472/3472
f 3473/3473 3474/3474 3475/3475
f 3473/3473 3475/3475 3476/3476
f 3477/3477 3478/3478 3479/3479
f 3477/3477 3479/3479 3480/3480
f 3481/3481 3482/3482 3483/3483
f 3481/3481 3483/3483 3484/3484
f 3485/3485 3486/3486 3487/3487
f 3485/3485 3487/3487 3488/3488
f 3489/3489 3490/3490 3491/3491
f 3489/3489 3491/3491 3492/3492
f 3493/3493 3494/3494 3495/3495
f 3493/3493 3495/3495 3496/3496
f 3497/3497 3498/3498 3499/3499
f 3497/3497 3499/3499 3500/3500
f 3501/3501 3502/3502 3503/3503
f 3501/3501 3503/3503 3504/3504
f 3505/3505 3506/3506 3507/3507
f 3505/3505 3507/3507 3508/3508
f 3509/3509 3510/3510 3511/3511
f 3509/3509 3511/3511 3512/3512
f 3513/3513 3514/3514 3515/3515
f 3513/3513 3515/3515 3516/3516
f 3517/3517 3518/3518 3519/3519
f 3517/3517 3519/3519 3520/3520
f 3521/3521 3522/3522 3523/3523
f 3521/3521 3523/3523 3524/3524
f 3525/3525 3526/3526 3527/3527
f 3525/3525 3527/3527 3528/3528
f 3529/3529 3530/3530 3531/3531
f 3529/3529 3531/3531 3532/3532
f 3533/3533 3534/3534 3535/3535
f 3533/3533 3535/3535 3536/3536
f 3537/3537 3538/3538 3539/3539
f 3537/3537 3539/3539 3540/3540
f 3541/3541 3542/3542 3543/3543
f 3541/3541 3543/3543 3544/3544
f 3545/3545 3546/3546 3547/3547
f 3545/3545 3547/3547 3548/3548
f 3549/3549 3550/3550 3551/3551
f 3549/3549 3551/3551 3552/3552
usemtl rebar
f 4879/4879 4880/4880 4881/4881
f 4879/4879 4881/4881 4882/4882
f 4883/4883 4884/4884 4885/4885
f 4883/4883 4885/4885 4886/4886
f 4887/4887 4888/4888 4889/4889
f 4887/4887 4889/4889 4890/4890
f 4891/4891 4892/4892 4893/4893
f 4891/4891 4893/4893 4894/4894
f 4895/4895 4896/4896 4897/4897
f 4895/4895 4897/4897 4898/4898
f 4899/4899 4900/4900 4901/4901
f 4899/4899 4901/4901 4902/4902
f 4903/4903 4904/4904 4905/4905
f 4903/4903 4905/4905 4906/4906
f 4907/4907 4908/4908 4909/4909
f 4907/4907 4909/4909 4910/4910
f 4911/4911 4912/4912 4913/4913
f 4911/4911 4913/4913 4914/4914
f 4915/4915 4916/4916 4917/4917
f 4915/4915 4917/4917 4918/4918
f 4919/4919 4920/4920 4921/4921
f 4919/4919 4921/4921 4922/4922
f 4923/4923 4924/4924 4925/4925
f 4923/4923 4925/4925 4926/4926
f 4927/4927 4928/4928 4929/4929
f 4927/4927 4929/4929 4930/4930
f 4931/4931 4932/4932 4933/4933
f 4931/4931 4933/4933 4934/4934
f 4935/4935 4936/4936 4937/4937
f 4935/4935 4937/4937 4938/4938
f 4939/4939 4940/4940 4941/4941
f 4939/4939 4941/4941 4942/4942
f 4943/4943 4944/4944 4945/4945
f 4943/4943 4945/4945 4946/4946
f 4947/4947 4948/4948 4949/4949
f 4947/4947 4949/4949 4950/4950
f 4951/4951 4952/4952 4953/4953
f 4951/4951 4953/4953 4954/4954
f 4955/4955 4956/4956 4957/4957
f 4955/4955 4957/4957 4958/4958
f 4959/4959 4960/4960 4961/4961
f 4959/4959 4961/4961 4962/4962
f 4963/4963 4964/4964 4965/4965
f 4963/4963 4965/4965 4966/4966
f 4967/4967 4968/4968 4969/4969
f 4967/4967 4969/4969 4970/4970
f 4971/4971 4972/4972 4973/4973
f 4971/4971 4973/4973 4974/4974
f 4975/4975 4976/4976 4977/4977
f 4975/4975 4977/4977 4978/4978
f 4979/4979 4980/4980 4981/4981
f 4979/4979 4981/4981 4982/4982
f 4983/4983 4984/4984 4985/4985
f 4983/4983 4985/4985 4986/4986
f 4987/4987 4988/4988 4989/4989
f 4987/4987 4989/4989 4990/4990
f 4991/4991 4992/4992 4993/4993
f 4991/4991 4993/4993 4994/4994
f 4995/4995 4996/4996 4997/4997
f 4995/4995 4997/4997 4998/4998
f 4999/4999 5000/5000 5001/5001
f 4999/4999 5001/5001 5002/5002
f 5003/5003 5004/5004 5005/5005
f 5003/5003 5005/5005 5006/5006
f 5007/5007 5008/5008 5009/5009
f 5007/5007 5009/5009 5010/5010
f 5011/5011 5012/5012 5013/5013
f 5011/5011 5013/5013 5014/5014
f 5015/5015 5016/5016 5017/5017
f 5015/5015 5017/5017 5018/5018
f 5019/5019 5020/5020 5021/5021
f 5019/5019 5021/5021 5022/5022
f 5023/5023 5024/5024 5025/5025
f 5023/5023 5025/5025 5026/5026
f 5027/5027 5028/5028 5029/5029
f 5027/5027 5029/5029 5030/5030
f 5031/5031 5032/5032 5033/5033
f 5031/5031 5033/5033 5034/5034
f 5035/5035 5036/5036 5037/5037
f 5035/5035 5037/5037 5038/5038
f 5039/5039 5040/5040 5041/5041
f 5039/5039 5041/5041 5042/5042
f 5043/5043 5044/5044 5045/5045
f 5043/5043 5045/5045 5046/5046
f 5047/5047 5048/5048 5049/5049
f 5047/5047 5049/5049 5050/5050
f 5051/5051 5052/5052 5053/5053
f 5051/5051 5053/5053 5054/5054
f 5055/5055 5056/5056 5057/5057
f 5055/5055 5057/5057 5058/5058
f 5059/5059 5060/5060 5061/5061
f 5059/5059 5061/5061 5062/5062
f 5063/5063 5064/5064 5065/5065
f 5063/5063 5065/5065 5066/5066
f 5067/5067 5068/5068 5069/5069
f 5067/5067 5069/5069 5070/5070
f 5071/5071 5072/5072 5073/5073
f 5071/5071 5073/5073 5074/5074
f 5075/5075 5076/5076 5077/5077
f 5075/5075 5077/5077 5078/5078
f 5079/5079 5080/5080 5081/5081
f 5079/5079 5081/5081 5082/5082
f 5083/5083 5084/5084 5085/5085
f 5083/5083 5085/5085 5086/5086
f 5087/5087 5088/5088 5089/5089
f 5087/5087 5089/5089 5090/5090
f 5091/5091 5092/5092 5093/5093
f 5091/5091 5093/5093 5094/5094
f 5095/5095 5096/5096 5097/5097
f 5095/5095 5097/5097 5098/5098
f 5099/5099 5100/5100 5101/5101
f 5099/5099 5101/5101 5102/5102
f 5103/5103 5104/5104 5105/5105
f 5103/5103 5105/5105 5106/5106
f 5107/5107 5108/5108 5109/5109
f 5107/5107 5109/5109 5110/5110
f 5111/5111 5112/5112 5113/5113
f 5111/5111 5113/5113 5114/5114
f 5115/5115 5116/5116 5117/5117
f 5115/5115 5117/5117 5118/5118
f 5119/5119 5120/5120 5121/5121
f 5119/5119 5121/5121 5122/5122
f 5123/5123 5124/5124 5125/5125
f 5123/5123 5125/5125 5126/5126
f 5127/5127 5128/5128 5129/5129
f 5127/5127 5129/5129 5130/5130
f 5131/5131 5132/5132 5133/5133
f 5131/5131 5133/5133 5134/5134
f 5135/5135 5136/5136 5137/5137
f 5135/5135 5137/5137 5138/5138
f 5139/5139 5140/5140 5141/5141
f 5139/5139 5141/5141 5142/5142
f 5143/5143 5144/5144 5145/5145
f 5143/5143 5145/5145 5146/5146
f 5147/5147 5148/5148 5149/5149
f 5147/5147 5149/5149 5150/5150
f 5151/5151 5152/5152 5153/5153
f 5151/5151 5153/5153 5154/5154
f 5155/5155 5156/5156 5157/5157
f 5155/5155 5157/5157 5158/5158
f 5159/5159 5160/5160 5161/5161
f 5159/5159 5161/5161 5162/5162
f 5163/5163 5164/5164 5165/5165
f 5163/5163 5165/5165 5166/5166
f 7429/7429 7430/7430 7431/7431
f 7429/7429 7431/7431 7432/7432
f 7433/7433 7434/7434 7435/7435
f 7433/7433 7435/7435 7436/7436
f 7437/7437 7438/7438 7439/7439
f 7437/7437 7439/7439 7440/7440
f 7441/7441 7442/7442 7443/7443
f 7441/7441 7443/7443 7444/7444
f 7445/7445 7446/7446 7447/7447
f 7445/7445 7447/7447 7448/7448
f 7449/7449 7450/7450 7451/7451
f 7449/7449 7451/7451 7452/7452
f 7453/7453 7454/7454 7455/7455
f 7453/7453 7455/7455 7456/7456
f 7457/7457 7458/7458 7459/7459
f 7457/7457 7459/7459 7460/7460
f 7461/7461 7462/7462 7463/7463
f 7461/7461 7463/7463 7464/7464
f 7465/7465 7466/7466 7467/7467
f 7465/7465 7467/7467 7468/7468
f 7469/7469 7470/7470 7471/7471
f 7469/7469 7471/7471 7472/7472
f 7473/7473 7474/7474 7475/7475
f 7473/7473 7475/7475 7476/7476
f 7477/7477 7478/7478 7479/7479
f 7477/7477 7479/7479 7480/7480
f 7481/7481 7482/7482 7483/7483
f 7481/7481 7483/7483 7484/7484
f 7485/7485 7486/7486 7487/7487
f 7485/7485 7487/7487 7488/7488
f 7489/7489 7490/7490 7491/7491
f 7489/7489 7491/7491 7492/7492
f 7493/7493 7494/7494 7495/7495
f 7493/7493 7495/7495 7496/7496
f 7497/7497 7498/7498 7499/7499
f 7497/7497 7499/7499 7500/7500
f 7501/7501 7502/7502 7503/7503
f 7501/7501 7503/7503 7504/7504
f 7505/7505 7506/7506 7507/7507
f 7505/7505 7507/7507 7508/7508
f 7509/7509 7510/7510 7511/7511
f 7509/7509 7511/7511 7512/7512
f 7513/7513 7514/7514 7515/7515
f 7513/7513 7515/7515 7516/7516
f 7517/7517 7518/7518 7519/7519
f 7517/7517 7519/7519 7520/7520
f 7521/7521 7522/7522 7523/7523
f 7521/7521 7523/7523 7524/7524
f 7525/7525 7526/7526 7527/7527
f 7525/7525 7527/7527 7528/7528
f 7529/7529 7530/7530 7531/7531
f 7529/7529 7531/7531 7532/7532
f 7533/7533 7534/7534 7535/7535
f 7533/7533 7535/7535 7536/7536
f 7537/7537 7538/7538 7539/7539
f 7537/7537 7539/7539 7540/7540
f 7541/7541 7542/7542 7543/7543
f 7541/7541 7543/7543 7544/7544
f 7545/7545 7546/7546 7547/7547
f 7545/7545 7547/7547 7548/7548
f 7549/7549 7550/7550 7551/7551
f 7549/7549 7551/7551 7552/7552
f 7553/7553 7554/7554 7555/7555
f 7553/7553 7555/7555 7556/7556
f 7557/7557 7558/7558 7559/7559
f 7557/7557 7559/7559 7560/7560
f 7561/7561 7562/7562 7563/7563
f 7561/7561 7563/7563 7564/7564
f 7565/7565 7566/7566 7567/7567
f 7565/7565 7567/7567 7568/7568
f 7569/7569 7570/7570 7571/7571
f 7569/7569 7571/7571 7572/7572
f 7573/7573 7574/7574 7575/7575
f 7573/7573 7575/7575 7576/7576
f 7577/7577 7578/7578 7579/7579
f 7577/7577 7579/7579 7580/7580
f 7581/7581 7582/7582 7583/7583
f 7581/7581 7583/7583 7584/7584
f 7585/7585 7586/7586 7587/7587
f 7585/7585 7587/7587 7588/7588
f 7589/7589 7590/7590 7591/7591
f 7589/7589 7591/7591 7592/7592
f 7593/7593 7594/7594 7595/7595
f 7593/7593 7595/7595 7596/7596
f 7597/7597 7598/7598 7599/7599
f 7597/7597 7599/7599 7600/7600
f 7601/7601 7602/7602 7603/7603
f 7601/7601 7603/7603 7604/7604
f 7605/7605 7606/7606 7607/7607
f 7605/7605 7607/7607 7608/7608
f 7609/7609 7610/7610 7611/7611
f 7609/7609 7611/7611 7612/7612
f 7613/7613 7614/7614 7615/7615
f 7613/7613 7615/7615 7616/7616
f 7617/7617 7618/7618 7619/7619
f 7617/7617 7619/7619 7620/7620
f 7621/7621 7622/7622 7623/7623
f 7621/7621 7623/7623 7624/7624
f 7625/7625 7626/7626 7627/7627
f 7625/7625 7627/7627 7628/7628
f 7629/7629 7630/7630 7631/7631
f 7629/7629 7631/7631 7632/7632
f 7633/7633 7634/7634 7635/7635
f 7633/7633 7635/7635 7636/7636
f 7637/7637 7638/7638 7639/7639
f 7637/7637 7639/7639 7640/7640
f 7641/7641 7642/7642 7643/7643
f 7641/7641 7643/7643 7644/7644
f 7645/7645 7646/7646 7647/7647
f 7645/7645 7647/7647 7648/7648
f 7649/7649 7650/7650 7651/7651
f 7649/7649 7651/7651 7652/7652
f 7653/7653 7654/7654 7655/7655
f 7653/7653 7655/7655 7656/7656
f 7657/7657 7658/7658 7659/7659
f 7657/7657 7659/7659 7660/7660
f 7661/7661 7662/7662 7663/7663
f 7661/7661 7663/7663 7664/7664
f 7665/7665 7666/7666 7667/7667
f 7665/7665 7667/7667 7668/7668
f 7669/7669 7670/7670 7671/7671
f 7669/7669 7671/7671 7672/7672
f 7673/7673 7674/7674 7675/7675
f 7673/7673 7675/7675 7676/7676
f 7677/7677 7678/7678 7679/7679
f 7677/7677 7679/7679 7680/7680
f 7681/7681 7682/7682 7683/7683
f 7681/7681 7683/7683 7684/7684
f 7685/7685 7686/7686 7687/7687
f 7685/7685 7687/7687 7688/7688
f 7689/7689 7690/7690 7691/7691
f 7689/7689 7691/7691 7692/7692
f 7693/7693 7694/7694 7695/7695
f 7693/7693 7695/7695 7696/7696
f 7697/7697 7698/7698 7699/7699
f 7697/7697 7699/7699 7700/7700
f 7701/7701 7702/7702 7703/7703
f 7701/7701 7703/7703 7704/7704
f 7705/7705 7706/7706 7707/7707
f 7705/7705 7707/7707 7708/7708
f 7709/7709 7710/7710 7711/7711
f 7709/7709 7711/7711 7712/7712
f 7713/7713 7714/7714 7715/7715
f 7713/7713 7715/7715 7716/7716
f 8653/8653 8654/8654 8655/8655
f 8653/8653 8655/8655 8656/8656
f 8657/8657 8658/8658 8659/8659
f 8657/8657 8659/8659 8660/8660
f 8661/8661 8662/8662 8663/8663
f 8661/8661 8663/8663 8664/8664
f 8665/8665 8666/8666 8667/8667
f 8665/8665 8667/8667 8668/8668
f 8669/8669 8670/8670 8671/8671
f 8669/8669 8671/8671 8672/8672
f 8673/8673 8674/8674 8675/8675
f 8673/8673 8675/8675 8676/8676
f 8677/8677 8678/8678 8679/8679
f 8677/8677 8679/8679 8680/8680
f 8681/8681 8682/8682 8683/8683
f 8681/8681 8683/8683 8684/8684
f 8685/8685 8686/8686 8687/8687
f 8685/8685 8687/8687 8688/8688
f 8689/8689 8690/8690 8691/8691
f 8689/8689 8691/8691 8692/8692
f 8693/8693 8694/8694 8695/8695
f 8693/8693 8695/8695 8696/8696
f 8697/8697 8698/8698 8699/8699
f 8697/8697 8699/8699 8700/8700
f 8701/8701 8702/8702 8703/8703
f 8701/8701 8703/8703 8704/8704
f 8705/8705 8706/8706 8707/8707
f 8705/8705 8707/8707 8708/8708
f 8709/8709 8710/8710 8711/8711
f 8709/8709 8711/8711 8712/8712
f 8713/8713 8714/8714 8715/8715
f 8713/8713 8715/8715 8716/8716
f 8717/8717 8718/8718 8719/8719
f 8717/8717 8719/8719 8720/8720
f 8721/8721 8722/8722 8723/8723
f 8721/8721 8723/8723 8724/8724
f 9375/9375 9376/9376 9377/9377
f 9375/9375 9377/9377 9378/9378
f 9379/9379 9380/9380 9381/9381
f 9379/9379 9381/9381 9382/9382
f 9383/9383 9384/9384 9385/9385
f 9383/9383 9385/9385 9386/9386
f 9387/9387 9388/9388 9389/9389
f 9387/9387 9389/9389 9390/9390
f 9391/9391 9392/9392 9393/9393
f 9391/9391 9393/9393 9394/9394
f 9395/9395 9396/9396 9397/9397
f 9395/9395 9397/9397 9398/9398
f 9399/9399 9400/9400 9401/9401
f 9399/9399 9401/9401 9402/9402
f 9403/9403 9404/9404 9405/9405
f 9403/9403 9405/9405 9406/9406
f 9407/9407 9408/9408 9409/9409
f 9407/9407 9409/9409 9410/9410
f 9411/9411 9412/9412 9413/9413
f 9411/9411 9413/9413 9414/9414
f 9415/9415 9416/9416 9417/9417
f 9415/9415 9417/9417 9418/9418
f 9419/9419 9420/9420 9421/9421
f 9419/9419 9421/9421 9422/9422
f 9423/9423 9424/9424 9425/9425
f 9423/9423 9425/9425 9426/9426
f 9427/9427 9428/9428 9429/9429
f 9427/9427 9429/9429 9430/9430
f 9431/9431 9432/9432 9433/9433
f 9431/9431 9433/9433 9434/9434
f 9435/9435 9436/9436 9437/9437
f 9435/9435 9437/9437 9438/9438
f 9439/9439 9440/9440 9441/9441
f 9439/9439 9441/9441 9442/9442
f 9443/9443 9444/9444 9445/9445
f 9443/9443 9445/9445 9446/9446
f 9447/9447 9448/9448 9449/9449
f 9447/9447 9449/9449 9450/9450
f 9451/9451 9452/9452 9453/9453
f 9451/9451 9453/9453 9454/9454
f 9455/9455 9456/9456 9457/9457
f 9455/9455 9457/9457 9458/9458
f 9459/9459 9460/9460 9461/9461
f 9459/9459 9461/9461 9462/9462
f 9463/9463 9464/9464 9465/9465
f 9463/9463 9465/9465 9466/9466
f 9467/9467 9468/9468 9469/9469
f 9467/9467 9469/9469 9470/9470
f 9471/9471 9472/9472 9473/9473
f 9471/9471 9473/9473 9474/9474
f 9475/9475 9476/9476 9477/9477
f 9475/9475 9477/9477 9478/9478
f 9479/9479 9480/9480 9481/9481
f 9479/9479 9481/9481 9482/9482
f 9483/9483 9484/9484 9485/9485
f 9483/9483 9485/9485 9486/9486
f 9487/9487 9488/9488 9489/9489
f 9487/9487 9489/9489 9490/9490
f 9491/9491 9492/9492 9493/9493
f 9491/9491 9493/9493 9494/9494
f 9495/9495 9496/9496 9497/9497
f 9495/9495 9497/9497 9498/9498
f 9499/9499 9500/9500 9501/9501
f 9499/9499 9501/9501 9502/9502
f 9503/9503 9504/9504 9505/9505
f 9503/9503 9505/9505 9506/9506
f 9507/9507 9508/9508 9509/9509
f 9507/9507 9509/9509 9510/9510
f 9511/9511 9512/9512 9513/9513
f 9511/9511 9513/9513 9514/9514
f 9515/9515 9516/9516 9517/9517
f 9515/9515 9517/9517 9518/9518
f 9519/9519 9520/9520 9521/9521
f 9519/9519 9521/9521 9522/9522
f 9523/9523 9524/9524 9525/9525
f 9523/9523 9525/9525 9526/9526
f 9527/9527 9528/9528 9529/9529
f 9527/9527 9529/9529 9530/9530
f 9531/9531 9532/9532 9533/9533
f 9531/9531 9533/9533 9534/9534
f 9535/9535 9536/9536 9537/9537
f 9535/9535 9537/9537 9538/9538
f 9539/9539 9540/9540 9541/9541
f 9539/9539 9541/9541 9542/9542
f 9543/9543 9544/9544 9545/9545
f 9543/9543 9545/9545 9546/9546
f 9547/9547 9548/9548 9549/9549
f 9547/9547 9549/9549 9550/9550
f 9551/9551 9552/9552 9553/9553
f 9551/9551 9553/9553 9554/9554
f 9555/9555 9556/9556 9557/9557
f 9555/9555 9557/9557 9558/9558
f 9559/9559 9560/9560 9561/9561
f 9559/9559 9561/9561 9562/9562
f 9563/9563 9564/9564 9565/9565
f 9563/9563 9565/9565 9566/9566
f 9567/9567 9568/9568 9569/9569
f 9567/9567 9569/9569 9570/9570
f 9571/9571 9572/9572 9573/9573
f 9571/9571 9573/9573 9574/9574
f 9575/9575 9576/9576 9577/9577
f 9575/9575 9577/9577 9578/9578
f 9579/9579 9580/9580 9581/9581
f 9579/9579 9581/9581 9582/9582
f 9583/9583 9584/9584 9585/9585
f 9583/9583 9585/9585 9586/9586
f 9587/9587 9588/9588 9589/9589
f 9587/9587 9589/9589 9590/9590
f 9591/9591 9592/9592 9593/9593
f 9591/9591 9593/9593 9594/9594
f 9595/9595 9596/9596 9597/9597
f 9595/9595 9597/9597 9598/9598
f 9599/9599 9600/9600 9601/9601
f 9599/9599 9601/9601 9602/9602
f 9603/9603 9604/9604 9605/9605
f 9603/9603 9605/9605 9606/9606
f 9607/9607 9608/9608 9609/9609
f 9607/9607 9609/9609 9610/9610
f 9611/9611 9612/9612 9613/9613
f 9611/9611 9613/9613 9614/9614
f 9615/9615 9616/9616 9617/9617
f 9615/9615 9617/9617 9618/9618
f 9619/9619 9620/9620 9621/9621
f 9619/9619 9621/9621 9622/9622
f 9623/9623 9624/9624 9625/9625
f 9623/9623 9625/9625 9626/9626
f 9627/9627 9628/9628 9629/9629
f 9627/9627 9629/9629 9630/9630
f 9631/9631 9632/9632 9633/9633
f 9631/9631 9633/9633 9634/9634
f 9635/9635 9636/9636 9637/9637
f 9635/9635 9637/9637 9638/9638
f 9639/9639 9640/9640 9641/9641
f 9639/9639 9641/9641 9642/9642
f 9643/9643 9644/9644 9645/9645
f 9643/9643 9645/9645 9646/9646
f 9647/9647 9648/9648 9649/9649
f 9647/9647 9649/9649 9650/9650
f 9651/9651 9652/9652 9653/9653
f 9651/9651 9653/9653 9654/9654
f 9655/9655 9656/9656 9657/9657
f 9655/9655 9657/9657 9658/9658
f 9659/9659 9660/9660 9661/9661
f 9659/9659 9661/9661 9662/9662
f 10209/10209 10210/10210 10211/10211
f 10209/10209 10211/10211 10212/10212
f 10213/10213 10214/10214 10215/10215
f 10213/10213 10215/10215 10216/10216
f 10217/10217 10218/10218 10219/10219
f 10217/10217 10219/10219 10220/10220
f 10221/10221 10222/10222 10223/10223
f 10221/10221 10223/10223 10224/10224
f 10225/10225 10226/10226 10227/10227
f 10225/10225 10227/10227 10228/10228
f 10229/10229 10230/10230 10231/10231
f 10229/10229 10231/10231 10232/10232
f 10233/10233 10234/10234 10235/10235
f 10233/10233 10235/10235 10236/10236
f 10237/10237 10238/10238 10239/10239
f 10237/10237 10239/10239 10240/10240
f 10241/10241 10242/10242 10243/10243
f 10241/10241 10243/10243 10244/10244
f 10245/10245 10246/10246 10247/10247
f 10245/10245 10247/10247 10248/10248
f 10249/10249 10250/10250 10251/10251
f 10249/10249 10251/10251 10252/10252
f 10253/10253 10254/10254 10255/10255
f 10253/10253 10255/10255 10256/10256
f 10257/10257 10258/10258 10259/10259
f 10257/10257 10259/10259 10260/10260
f 10261/10261 10262/10262 10263/10263
f 10261/10261 10263/10263 10264/10264
f 10265/10265 10266/10266 10267/10267
f 10265/10265 10267/10267 10268/10268
f 10269/10269 10270/10270 10271/10271
f 10269/10269 10271/10271 10272/10272
f 10273/10273 10274/10274 10275/10275
f 10273/10273 10275/10275 10276/10276
f 10277/10277 10278/10278 10279/10279
f 10277/10277 10279/10279 10280/10280
f 10775/10775 10776/10776 10777/10777
f 10775/10775 10777/10777 10778/10778
f 10779/10779 10780/10780 10781/10781
f 10779/10779 10781/10781 10782/10782
f 10783/10783 10784/10784 10785/10785
f 10783/10783 10785/10785 10786/10786
f 10787/10787 10788/10788 10789/10789
f 10787/10787 10789/10789 10790/10790
f 10791/10791 10792/10792 10793/10793
f 10791/10791 10793/10793 10794/10794
f 10795/10795 10796/10796 10797/10797
f 10795/10795 10797/10797 10798/10798
f 10799/10799 10800/10800 10801/10801
f 10799/10799 10801/10801 10802/10802
f 10803/10803 10804/10804 10805/10805
f 10803/10803 10805/10805 10806/10806
f 10807/10807 10808/10808 10809/10809
f 10807/10807 10809/10809 10810/10810
f 10811/10811 10812/10812 10813/10813
f 10811/10811 10813/10813 10814/10814
f 10815/10815 10816/10816 10817/10817
f 10815/10815 10817/10817 10818/10818
f 10819/10819 10820/10820 10821/10821
f 10819/10819 10821/10821 10822/10822
f 10823/10823 10824/10824 10825/10825
f 10823/10823 10825/10825 10826/10826
f 10827/10827 10828/10828 10829/10829
f 10827/10827 10829/10829 10830/10830
f 10831/10831 10832/10832 10833/10833
f 10831/10831 10833/10833 10834/10834
f 10835/10835 10836/10836 10837/10837
f 10835/10835 10837/10837 10838/10838
f 10839/10839 10840/10840 10841/10841
f 10839/10839 10841/10841 10842/10842
f 10843/10843 10844/10844 10845/10845
f 10843/10843 10845/10845 10846/10846
f 10847/10847 10848/10848 10849/10849
f 10847/10847 10849/10849 10850/10850
f 10851/10851 10852/10852 10853/10853
f 10851/10851 10853/10853 10854/10854
f 10855/10855 10856/10856 10857/10857
f 10855/10855 10857/10857 10858/10858
f 10859/10859 10860/10860 10861/10861
f 10859/10859 10861/10861 10862/10862
f 10863/10863 10864/10864 10865/10865
f 10863/10863 10865/10865 10866/10866
f 10867/10867 10868/10868 10869/10869
f 10867/10867 10869/10869 10870/10870
f 10871/10871 10872/10872 10873/10873
f 10871/10871 10873/10873 10874/10874
f 10875/10875 10876/10876 10877/10877
f 10875/10875 10877/10877 10878/10878
f 10879/10879 10880/10880 10881/10881
f 10879/10879 10881/10881 10882/10882
f 10883/10883 10884/10884 10885/10885
f 10883/10883 10885/10885 10886/10886
f 10887/10887 10888/10888 10889/10889
f 10887/10887 10889/10889 10890/10890
f 10891/10891 10892/10892 10893/10893
f 10891/10891 10893/10893 10894/10894
f 10895/10895 10896/10896 10897/10897
f 10895/10895 10897/10897 10898/10898
f 10899/10899 10900/10900 10901/10901
f 10899/10899 10901/10901 10902/10902
f 10903/10903 10904/10904 10905/10905
f 10903/10903 10905/10905 10906/10906
f 10907/10907 10908/10908 10909/10909
f 10907/10907 10909/10909 10910/10910
f 10911/10911 10912/10912 10913/10913
f 10911/10911 10913/10913 10914/10914
f 10915/10915 10916/10916 10917/10917
f 10915/10915 10917/10917 10918/10918
f 11673/11673 11674/11674 11675/11675
f 11673/11673 11675/11675 11676/11676
f 11677/11677 11678/11678 11679/11679
f 11677/11677 11679/11679 11680/11680
f 11681/11681 11682/11682 11683/11683
f 11681/11681 11683/11683 11684/11684
f 11685/11685 11686/11686 11687/11687
f 11685/11685 11687/11687 11688/11688
f 11689/11689 11690/11690 11691/11691
f 11689/11689 11691/11691 11692/11692
f 11693/11693 11694/11694 11695/11695
f 11693/11693 11695/11695 11696/11696
f 11697/11697 11698/11698 11699/11699
f 11697/11697 11699/11699 11700/11700
f 11701/11701 11702/11702 11703/11703
f 11701/11701 11703/11703 11704/11704
f 11705/11705 11706/11706 11707/11707
f 11705/11705 11707/11707 11708/11708
f 11709/11709 11710/11710 11711/11711
f 11709/11709 11711/11711 11712/11712
f 11713/11713 11714/11714 11715/11715
f 11713/11713 11715/11715 11716/11716
f 11717/11717 11718/11718 11719/11719
f 11717/11717 11719/11719 11720/11720
f 11721/11721 11722/11722 11723/11723
f 11721/11721 11723/11723 11724/11724
f 11725/11725 11726/11726 11727/11727
f 11725/11725 11727/11727 11728/11728
f 11729/11729 11730/11730 11731/11731
f 11729/11729 11731/11731 11732/11732
f 11733/11733 11734/11734 11735/11735
f 11733/11733 11735/11735 11736/11736
f 11737/11737 11738/11738 11739/11739
f 11737/11737 11739/11739 11740/11740
f 11741/11741 11742/11742 11743/11743
f 11741/11741 11743/11743 11744/11744
f 11745/11745 11746/11746 11747/11747
f 11745/11745 11747/11747 11748/11748
f 11749/11749 11750/11750 11751/11751
f 11749/11749 11751/11751 11752/11752
f 11753/11753 11754/11754 11755/11755
f 11753/11753 11755/11755 11756/11756
f 11757/11757 11758/11758 11759/11759
f 11757/11757 11759/11759 11760/11760
f 11761/11761 11762/11762 11763/11763
f 11761/11761 11763/11763 11764/11764
f 11765/11765 11766/11766 11767/11767
f 11765/11765 11767/11767 11768/11768
f 11769/11769 11770/11770 11771/11771
f 11769/11769 11771/11771 11772/11772
f 11773/11773 11774/11774 11775/11775
f 11773/11773 11775/11775 11776/11776
f 11777/11777 11778/11778 11779/11779
f 11777/11777 11779/11779 11780/11780
f 11781/11781 11782/11782 11783/11783
f 11781/11781 11783/11783 11784/11784
f 11785/11785 11786/11786 11787/11787
f 11785/11785 11787/11787 11788/11788
f 11789/11789 11790/11790 11791/11791
f 11789/11789 11791/11791 11792/11792
f 11793/11793 11794/11794 11795/11795
f 11793/11793 11795/11795 11796/11796
f 11797/11797 11798/11798 11799/11799
f 11797/11797 11799/11799 11800/11800
f 11801/11801 11802/11802 11803/11803
f 11801/11801 11803/11803 11804/11804
f 11805/11805 11806/11806 11807/11807
f 11805/11805 11807/11807 11808/11808
f 11809/11809 11810/11810 11811/11811
f 11809/11809 11811/11811 11812/11812
f 11813/11813 11814/11814 11815/11815
f 11813/11813 11815/11815 11816/11816
f 11817/11817 11818/11818 11819/11819
f 11817/11817 11819/11819 11820/11820
f 11821/11821 11822/11822 11823/11823
f 11821/11821 11823/11823 11824/11824
f 11825/11825 11826/11826 11827/11827
f 11825/11825 11827/11827 11828/11828
f 11829/11829 11830/11830 11831/11831
f 11829/11829 11831/11831 11832/11832
f 11833/11833 11834/11834 11835/11835
f 11833/11833 11835/11835 11836/11836
f 11837/11837 11838/11838 11839/11839
f 11837/11837 11839/11839 11840/11840
f 11841/11841 11842/11842 11843/11843
f 11841/11841 11843/11843 11844/11844
f 11845/11845 11846/11846 11847/11847
f 11845/11845 11847/11847 11848/11848
f 11849/11849 11850/11850 11851/11851
f 11849/11849 11851/11851 11852/11852
f 11853/11853 11854/11854 11855/11855
f 11853/11853 11855/11855 11856/11856
f 11857/11857 11858/11858 11859/11859
f 11857/11857 11859/11859 11860/11860
f 11861/11861 11862/11862 11863/11863
f 11861/11861 11863/11863 11864/11864
f 11865/11865 11866/11866 11867/11867
f 11865/11865 11867/11867 11868/11868
f 11869/11869 11870/11870 11871/11871
f 11869/11869 11871/11871 11872/11872
f 11873/11873 11874/11874 11875/11875
f 11873/11873 11875/11875 11876/11876
f 11877/11877 11878/11878 11879/11879
f 11877/11877 11879/11879 11880/11880
f 11881/11881 11882/11882 11883/11883
f 11881/11881 11883/11883 11884/11884
f 11885/11885 11886/11886 11887/11887
f 11885/11885 11887/11887 11888/11888
f 12383/12383 12384/12384 12385/12385
f 12383/12383 12385/12385 12386/12386
f 12387/12387 12388/12388 12389/12389
f 12387/12387 12389/12389 12390/12390
f 12391/12391 12392/12392 12393/12393
f 12391/12391 12393/12393 12394/12394
f 12395/12395 12396/12396 12397/12397
f 12395/12395 12397/12397 12398/12398
f 12399/12399 12400/12400 12401/12401
f 12399/12399 12401/12401 12402/12402
f 12403/12403 12404/12404 12405/12405
f 12403/12403 12405/12405 12406/12406
f 12407/12407 12408/12408 12409/12409
f 12407/12407 12409/12409 12410/12410
f 12411/12411 12412/12412 12413/12413
f 12411/12411 12413/12413 12414/12414
f 12415/12415 12416/12416 12417/12417
f 12415/12415 12417/12417 12418/12418
f 12419/12419 12420/12420 12421/12421
f 12419/12419 12421/12421 12422/12422
f 12423/12423 12424/12424 12425/12425
f 12423/12423 12425/12425 12426/12426
f 12427/12427 12428/12428 12429/12429
f 12427/12427 12429/12429 12430/12430
f 12431/12431 12432/12432 12433/12433
f 12431/12431 12433/12433 12434/12434
f 12435/12435 12436/12436 12437/12437
f 12435/12435 12437/12437 12438/12438
f 12439/12439 12440/12440 12441/12441
f 12439/12439 12441/12441 12442/12442
f 12443/12443 12444/12444 12445/12445
f 12443/12443 12445/12445 12446/12446
f 12447/12447 12448/12448 12449/12449
f 12447/12447 12449/12449 12450/12450
f 12451/12451 12452/12452 12453/12453
f 12451/12451 12453/12453 12454/12454
f 12887/12887 12888/12888 12889/12889
f 12887/12887 12889/12889 12890/12890
f 12891/12891 12892/12892 12893/12893
f 12891/12891 12893/12893 12894/12894
f 12895/12895 12896/12896 12897/12897
f 12895/12895 12897/12897 12898/12898
f 12899/12899 12900/12900 12901/12901
f 12899/12899 12901/12901 12902/12902
f 12903/12903 12904/12904 12905/12905
f 12903/12903 12905/12905 12906/12906
f 12907/12907 12908/12908 12909/12909
f 12907/12907 12909/12909 12910/12910
f 12911/12911 12912/12912 12913/12913
f 12911/12911 12913/12913 12914/12914
f 12915/12915 12916/12916 12917/12917
f 12915/12915 12917/12917 12918/12918
f 12919/12919 12920/12920 12921/12921
f 12919/12919 12921/12921 12922/12922
f 12923/12923 12924/12924 12925/12925
f 12923/12923 12925/12925 12926/12926
f 12927/12927 12928/12928 12929/12929
f 12927/12927 12929/12929 12930/12930
f 12931/12931 12932/12932 12933/12933
f 12931/12931 12933/12933 12934/12934
f 12935/12935 12936/12936 12937/12937
f 12935/12935 12937/12937 12938/12938
f 12939/12939 12940/12940 12941/12941
f 12939/12939 12941/12941 12942/12942
f 12943/12943 12944/12944 12945/12945
f 12943/12943 12945/12945 12946/12946
f 12947/12947 12948/12948 12949/12949
f 12947/12947 12949/12949 12950/12950
f 12951/12951 12952/12952 12953/12953
f 12951/12951 12953/12953 12954/12954
f 12955/12955 12956/12956 12957/12957
f 12955/12955 12957/12957 12958/12958
f 12959/12959 12960/12960 12961/12961
f 12959/12959 12961/12961 12962/12962
f 12963/12963 12964/12964 12965/12965
f 12963/12963 12965/12965 12966/12966
f 12967/12967 12968/12968 12969/12969
f 12967/12967 12969/12969 12970/12970
f 12971/12971 12972/12972 12973/12973
f 12971/12971 12973/12973 12974/12974
f 12975/12975 12976/12976 12977/12977
f 12975/12975 12977/12977 12978/12978
f 12979/12979 12980/12980 12981/12981
f 12979/12979 12981/12981 12982/12982
f 12983/12983 12984/12984 12985/12985
f 12983/12983 12985/12985 12986/12986
f 12987/12987 12988/12988 12989/12989
f 12987/12987 12989/12989 12990/12990
f 12991/12991 12992/12992 12993/12993
f 12991/12991 12993/12993 12994/12994
f 12995/12995 12996/12996 12997/12997
f 12995/12995 12997/12997 12998/12998
f 12999/12999 13000/13000 13001/13001
f 12999/12999 13001/13001 13002/13002
f 13003/13003 13004/13004 13005/13005
f 13003/13003 13005/13005 13006/13006
f 13007/13007 13008/13008 13009/13009
f 13007/13007 13009/13009 13010/13010
f 13011/13011 13012/13012 13013/13013
f 13011/13011 13013/13013 13014/13014
f 13015/13015 13016/13016 13017/13017
f 13015/13015 13017/13017 13018/13018
f 13019/13019 13020/13020 13021/13021
f 13019/13019 13021/13021 13022/13022
f 13023/13023 13024/13024 13025/13025
f 13023/13023 13025/13025 13026/13026
f 13027/13027 13028/13028 13029/13029
f 13027/13027 13029/13029 13030/13030
f 13031/13031 13032/13032 13033/13033
f 13031/13031 13033/13033 13034/13034
f 13035/13035 13036/13036 13037/13037
f 13035/13035 13037/13037 13038/13038
f 13039/13039 13040/13040 13041/13041
f 13039/13039 13041/13041 13042/13042
f 13043/13043 13044/13044 13045/13045
f 13043/13043 13045/13045 13046/13046
f 13047/13047 13048/13048 13049/13049
f 13047/13047 13049/13049 13050/13050
f 13051/13051 13052/13052 13053/13053
f 13051/13051 13053/13053 13054/13054
f 13055/13055 13056/13056 13057/13057
f 13055/13055 13057/13057 13058/13058
f 13059/13059 13060/13060 13061/13061
f 13059/13059 13061/13061 13062/13062
f 13063/13063 13064/13064 13065/13065
f 13063/13063 13065/13065 13066/13066
f 13067/13067 13068/13068 13069/13069
f 13067/13067 13069/13069 13070/13070
f 13071/13071 13072/13072 13073/13073
f 13071/13071 13073/13073 13074/13074
f 13075/13075 13076/13076 13077/13077
f 13075/13075 13077/13077 13078/13078
f 13079/13079 13080/13080 13081/13081
f 13079/13079 13081/13081 13082/13082
f 13083/13083 13084/13084 13085/13085
f 13083/13083 13085/13085 13086/13086
f 13087/13087 13088/13088 13089/13089
f 13087/13087 13089/13089 13090/13090
f 13091/13091 13092/13092 13093/13093
f 13091/13091 13093/13093 13094/13094
f 13095/13095 13096/13096 13097/13097
f 13095/13095 13097/13097 13098/13098
f 13099/13099 13100/13100 13101/13101
f 13099/13099 13101/13101 13102/13102
f 13103/13103 13104/13104 13105/13105
f 13103/13103 13105/13105 13106/13106
f 13107/13107 13108/13108 13109/13109
f 13107/13107 13109/13109 13110/13110
f 13111/13111 13112/13112 13113/13113
f 13111/13111 13113/13113 13114/13114
f 13115/13115 13116/13116 13117/13117
f 13115/13115 13117/13117 13118/13118
f 13119/13119 13120/13120 13121/13121
f 13119/13119 13121/13121 13122/13122
f 13123/13123 13124/13124 13125/13125
f 13123/13123 13125/13125 13126/13126
f 13127/13127 13128/13128 13129/13129
f 13127/13127 13129/13129 13130/13130
f 13131/13131 13132/13132 13133/13133
f 13131/13131 13133/13133 13134/13134
f 13135/13135 13136/13136 13137/13137
f 13135/13135 13137/13137 13138/13138
f 13139/13139 13140/13140 13141/13141
f 13139/13139 13141/13141 13142/13142
f 13143/13143 13144/13144 13145/13145
f 13143/13143 13145/13145 13146/13146
f 13147/13147 13148/13148 13149/13149
f 13147/13147 13149/13149 13150/13150
f 13151/13151 13152/13152 13153/13153
f 13151/13151 13153/13153 13154/13154
f 13155/13155 13156/13156 13157/13157
f 13155/13155 13157/13157 13158/13158
f 13159/13159 13160/13160 13161/13161
f 13159/13159 13161/13161 13162/13162
f 13163/13163 13164/13164 13165/13165
f 13163/13163 13165/13165 13166/13166
f 13167/13167 13168/13168 13169/13169
f 13167/13167 13169/13169 13170/13170
f 13171/13171 13172/13172 13173/13173
f 13171/13171 13173/13173 13174/13174
f 13825/13825 13826/13826 13827/13827
f 13825/13825 13827/13827 13828/13828
f 13829/13829 13830/13830 13831/13831
f 13829/13829 13831/13831 13832/13832
f 13833/13833 13834/13834 13835/13835
f 13833/13833 13835/13835 13836/13836
f 13837/13837 13838/13838 13839/13839
f 13837/13837 13839/13839 13840/13840
f 13841/13841 13842/13842 13843/13843
f 13841/13841 13843/13843 13844/13844
f 13845/13845 13846/13846 13847/13847
f 13845/13845 13847/13847 13848/13848
f 13849/13849 13850/13850 13851/13851
f 13849/13849 13851/13851 13852/13852
f 13853/13853 13854/13854 13855/13855
f 13853/13853 13855/13855 13856/13856
f 13857/13857 13858/13858 13859/13859
f 13857/13857 13859/13859 13860/13860
f 13861/13861 13862/13862 13863/13863
f 13861/13861 13863/13863 13864/13864
f 13865/13865 13866/13866 13867/13867
f 13865/13865 13867/13867 13868/13868
f 13869/13869 13870/13870 13871/13871
f 13869/13869 13871/13871 13872/13872
f 13873/13873 13874/13874 13875/13875
f 13873/13873 13875/13875 13876/13876
f 13877/13877 13878/13878 13879/13879
f 13877/13877 13879/13879 13880/13880
f 13881/13881 13882/13882 13883/13883
f 13881/13881 13883/13883 13884/13884
f 13885/13885 13886/13886 13887/13887
f 13885/13885 13887/13887 13888/13888
f 13889/13889 13890/13890 13891/13891
f 13889/13889 13891/13891 13892/13892
f 13893/13893 13894/13894 13895/13895
f 13893/13893 13895/13895 13896/13896
f 13897/13897 13898/13898 13899/13899
f 13897/13897 13899/13899 13900/13900
f 13901/13901 13902/13902 13903/13903
f 13901/13901 13903/13903 13904/13904
f 13905/13905 13906/13906 13907/13907
f 13905/13905 13907/13907 13908/13908
f 13909/13909 13910/13910 13911/13911
f 13909/13909 13911/13911 13912/13912
f 13913/13913 13914/13914 13915/13915
f 13913/13913 13915/13915 13916/13916
f 13917/13917 13918/13918 13919/13919
f 13917/13917 13919/13919 13920/13920
f 13921/13921 13922/13922 13923/13923
f 13921/13921 13923/13923 13924/13924
f 13925/13925 13926/13926 13927/13927
f 13925/13925 13927/13927 13928/13928
f 13929/13929 13930/13930 13931/13931
f 13929/13929 13931/13931 13932/13932
f 13933/13933 13934/13934 13935/13935
f 13933/13933 13935/13935 13936/13936
f 13937/13937 13938/13938 13939/13939
f 13937/13937 13939/13939 13940/13940
f 13941/13941 13942/13942 13943/13943
f 13941/13941 13943/13943 13944/13944
f 13945/13945 13946/13946 13947/13947
f 13945/13945 13947/13947 13948/13948
f 13949/13949 13950/13950 13951/13951
f 13949/13949 13951/13951 13952/13952
f 13953/13953 13954/13954 13955/13955
f 13953/13953 13955/13955 13956/13956
f 13957/13957 13958/13958 13959/13959
f 13957/13957 13959/13959 13960/13960
f 13961/13961 13962/13962 13963/13963
f 13961/13961 13963/13963 13964/13964
f 13965/13965 13966/13966 13967/13967
f 13965/13965 13967/13967 13968/13968
f 13969/13969 13970/13970 13971/13971
f 13969/13969 13971/13971 13972/13972
f 13973/13973 13974/13974 13975/13975
f 13973/13973 13975/13975 13976/13976
f 13977/13977 13978/13978 13979/13979
f 13977/13977 13979/13979 13980/13980
f 13981/13981 13982/13982 13983/13983
f 13981/13981 13983/13983 13984/13984
f 13985/13985 13986/13986 13987/13987
f 13985/13985 13987/13987 13988/13988
f 13989/13989 13990/13990 13991/13991
f 13989/13989 13991/13991 13992/13992
f 13993/13993 13994/13994 13995/13995
f 13993/13993 13995/13995 13996/13996
f 13997/13997 13998/13998 13999/13999
f 13997/13997 13999/13999 14000/14000
f 14001/14001 14002/14002 14003/14003
f 14001/14001 14003/14003 14004/14004
f 14005/14005 14006/14006 14007/14007
f 14005/14005 14007/14007 14008/14008
f 14009/14009 14010/14010 14011/14011
f 14009/14009 14011/14011 14012/14012
f 14013/14013 14014/14014 14015/14015
f 14013/14013 14015/14015 14016/14016
f 14017/14017 14018/14018 14019/14019
f 14017/14017 14019/14019 14020/14020
f 14021/14021 14022/14022 14023/14023
f 14021/14021 14023/14023 14024/14024
f 14025/14025 14026/14026 14027/14027
f 14025/14025 14027/14027 14028/14028
f 14029/14029 14030/14030 14031/14031
f 14029/14029 14031/14031 14032/14032
f 14033/14033 14034/14034 14035/14035
f 14033/14033 14035/14035 14036/14036
f 14037/14037 14038/14038 14039/14039
f 14037/14037 14039/14039 14040/14040
f 14041/14041 14042/14042 14043/14043
f 14041/14041 14043/14043 14044/14044
f 14045/14045 14046/14046 14047/14047
f 14045/14045 14047/14047 14048/14048
f 14049/14049 14050/14050 14051/14051
f 14049/14049 14051/14051 14052/14052
f 14053/14053 14054/14054 14055/14055
f 14053/14053 14055/14055 14056/14056
f 14057/14057 14058/14058 14059/14059
f 14057/14057 14059/14059 14060/14060
f 14061/14061 14062/14062 14063/14063
f 14061/14061 14063/14063 14064/14064
f 14065/14065 14066/14066 14067/14067
f 14065/14065 14067/14067 14068/14068
f 14069/14069 14070/14070 14071/14071
f 14069/14069 14071/14071 14072/14072
f 14073/14073 14074/14074 14075/14075
f 14073/14073 14075/14075 14076/14076
f 14077/14077 14078/14078 14079/14079
f 14077/14077 14079/14079 14080/14080
f 14081/14081 14082/14082 14083/14083
f 14081/14081 14083/14083 14084/14084
f 14085/14085 14086/14086 14087/14087
f 14085/14085 14087/14087 14088/14088
f 14089/14089 14090/14090 14091/14091
f 14089/14089 14091/14091 14092/14092
f 14093/14093 14094/14094 14095/14095
f 14093/14093 14095/14095 14096/14096
f 14097/14097 14098/14098 14099/14099
f 14097/14097 14099/14099 14100/14100
f 14101/14101 14102/14102 14103/14103
f 14101/14101 14103/14103 14104/14104
f 14105/14105 14106/14106 14107/14107
f 14105/14105 14107/14107 14108/14108
f 14109/14109 14110/14110 14111/14111
f 14109/14109 14111/14111 14112/14112
