# P_small_3 (Sightline generated, CENTIMETRES, +Z up)
v -107.65 -160.88 -27.81
v -108.80 -137.29 -34.78
v -113.54 -136.53 -19.30
v -113.55 -157.26 -14.15
v -113.55 -157.26 -14.15
v -113.54 -136.53 -19.30
v -118.84 -135.86 -4.02
v -118.92 -153.55 -0.30
v -108.80 -137.29 -34.78
v -109.72 -113.67 -41.67
v -113.41 -115.79 -24.40
v -113.54 -136.53 -19.30
v -113.54 -136.53 -19.30
v -113.41 -115.79 -24.40
v -118.12 -118.07 -7.51
v -118.84 -135.86 -4.02
v -133.87 -158.35 -41.84
v -143.06 -153.44 -22.83
v -140.66 -136.09 -26.24
v -136.70 -141.28 -49.49
v -136.70 -141.28 -49.49
v -140.66 -136.09 -26.24
v -142.78 -119.98 -32.01
v -136.34 -123.34 -55.49
v -143.06 -153.44 -22.83
v -155.37 -149.39 -5.46
v -150.76 -132.59 -6.19
v -140.66 -136.09 -26.24
v -140.66 -136.09 -26.24
v -150.76 -132.59 -6.19
v -146.28 -115.82 -7.00
v -142.78 -119.98 -32.01
v -107.65 -160.88 -27.81
v -112.78 -154.63 -14.53
v -128.69 -154.18 -19.10
v -120.47 -158.13 -35.10
v -120.47 -158.13 -35.10
v -128.69 -154.18 -19.10
v -144.82 -154.90 -23.45
v -133.87 -158.35 -41.84
v -112.78 -154.63 -14.53
v -118.92 -153.55 -0.30
v -137.04 -150.91 -2.98
v -128.69 -154.18 -19.10
v -128.69 -154.18 -19.10
v -137.04 -150.91 -2.98
v -155.37 -149.39 -5.46
v -144.82 -154.90 -23.45
v -109.72 -113.67 -41.67
v -123.70 -116.75 -48.52
v -127.77 -117.32 -27.90
v -113.54 -116.87 -24.63
v -113.54 -116.87 -24.63
v -127.77 -117.32 -27.90
v -132.46 -116.26 -7.23
v -118.12 -118.07 -7.51
v -123.70 -116.75 -48.52
v -136.34 -123.34 -55.49
v -142.27 -117.08 -31.15
v -127.77 -117.32 -27.90
v -127.77 -117.32 -27.90
v -142.27 -117.08 -31.15
v -146.28 -115.82 -7.00
v -132.46 -116.26 -7.23
v -107.65 -160.88 -27.81
v -121.62 -159.16 -33.13
v -122.91 -138.52 -39.71
v -109.03 -137.09 -34.06
v -109.03 -137.09 -34.06
v -122.91 -138.52 -39.71
v -124.21 -117.87 -46.26
v -109.72 -113.67 -41.67
v -121.62 -159.16 -33.13
v -133.87 -158.35 -41.84
v -134.68 -141.07 -49.50
v -122.91 -138.52 -39.71
v -122.91 -138.52 -39.71
v -134.68 -141.07 -49.50
v -136.34 -123.34 -55.49
v -124.21 -117.87 -46.26
v -118.92 -153.55 -0.30
v -118.42 -136.00 -4.79
v -134.67 -134.22 -5.13
v -136.98 -151.76 -4.29
v -136.98 -151.76 -4.29
v -134.67 -134.22 -5.13
v -150.80 -132.65 -6.45
v -155.37 -149.39 -5.46
v -118.42 -136.00 -4.79
v -118.12 -118.07 -7.51
v -132.31 -116.76 -6.36
v -134.67 -134.22 -5.13
v -134.67 -134.22 -5.13
v -132.31 -116.76 -6.36
v -146.28 -115.82 -7.00
v -150.80 -132.65 -6.45
v 120.11 114.58 -9.01
v 105.94 140.56 -0.63
v 89.53 130.43 16.00
v 97.86 102.61 2.35
v 97.86 102.61 2.35
v 89.53 130.43 16.00
v 67.18 121.42 23.84
v 77.57 90.27 16.63
v 105.94 140.56 -0.63
v 95.89 165.77 13.87
v 77.74 158.91 24.54
v 89.53 130.43 16.00
v 89.53 130.43 16.00
v 77.74 158.91 24.54
v 60.04 151.96 35.85
v 67.18 121.42 23.84
v 114.70 116.46 -39.29
v 91.60 100.29 -28.53
v 75.97 132.80 -21.96
v 101.25 141.68 -23.88
v 101.25 141.68 -23.88
v 75.97 132.80 -21.96
v 61.99 164.50 -11.60
v 84.87 168.33 -15.14
v 91.60 100.29 -28.53
v 65.57 85.55 -24.45
v 54.30 122.15 -11.78
v 75.97 132.80 -21.96
v 75.97 132.80 -21.96
v 54.30 122.15 -11.78
v 40.10 160.17 -5.80
v 61.99 164.50 -11.60
v 120.11 114.58 -9.01
v 98.18 103.80 4.01
v 93.08 104.65 -13.59
v 119.01 112.21 -24.64
v 119.01 112.21 -24.64
v 93.08 104.65 -13.59
v 89.80 101.72 -31.77
v 114.70 116.46 -39.29
v 98.18 103.80 4.01
v 77.57 90.27 16.63
v 72.59 85.80 -4.22
v 93.08 104.65 -13.59
v 93.08 104.65 -13.59
v 72.59 85.80 -4.22
v 65.57 85.55 -24.45
v 89.80 101.72 -31.77
v 95.89 165.77 13.87
v 90.81 165.47 -0.93
v 70.43 160.81 7.05
v 78.40 157.23 24.55
v 78.40 157.23 24.55
v 70.43 160.81 7.05
v 49.83 156.95 15.20
v 60.04 151.96 35.85
v 90.81 165.47 -0.93
v 84.87 168.33 -15.14
v 62.06 165.86 -10.16
v 70.43 160.81 7.05
v 70.43 160.81 7.05
v 62.06 165.86 -10.16
v 40.10 160.17 -5.80
v 49.83 156.95 15.20
v 120.11 114.58 -9.01
v 120.31 117.08 -24.57
v 100.65 139.54 -11.92
v 105.66 138.91 2.77
v 105.66 138.91 2.77
v 100.65 139.54 -11.92
v 89.65 166.66 -0.53
v 95.89 165.77 13.87
v 120.31 117.08 -24.57
v 114.70 116.46 -39.29
v 100.31 142.68 -27.29
v 100.65 139.54 -11.92
v 100.65 139.54 -11.92
v 100.31 142.68 -27.29
v 84.87 168.33 -15.14
v 89.65 166.66 -0.53
v 77.57 90.27 16.63
v 69.18 121.26 26.12
v 63.30 122.95 4.72
v 72.93 88.44 -4.36
v 72.93 88.44 -4.36
v 63.30 122.95 4.72
v 53.43 123.09 -15.32
v 65.57 85.55 -24.45
v 69.18 121.26 26.12
v 60.04 151.96 35.85
v 52.00 156.82 14.38
v 63.30 122.95 4.72
v 63.30 122.95 4.72
v 52.00 156.82 14.38
v 40.10 160.17 -5.80
v 53.43 123.09 -15.32
v -219.99 -114.32 18.38
v -203.01 -81.41 30.04
v -228.02 -64.00 1.86
v -246.18 -95.05 -6.75
v -246.18 -95.05 -6.75
v -228.02 -64.00 1.86
v -256.62 -45.92 -21.64
v -274.54 -75.38 -29.07
v -203.01 -81.41 30.04
v -182.93 -49.08 37.66
v -210.53 -32.82 11.35
v -228.02 -64.00 1.86
v -228.02 -64.00 1.86
v -210.53 -32.82 11.35
v -240.32 -16.17 -12.10
v -256.62 -45.92 -21.64
v -182.95 -137.40 -7.93
v -208.33 -108.82 -38.03
v -196.04 -78.09 -32.04
v -170.64 -99.86 4.48
v -170.64 -99.86 4.48
v -196.04 -78.09 -32.04
v -185.40 -47.08 -24.35
v -151.85 -63.42 10.30
v -208.33 -108.82 -38.03
v -234.04 -80.17 -67.80
v -225.59 -55.61 -64.33
v -196.04 -78.09 -32.04
v -196.04 -78.09 -32.04
v -225.59 -55.61 -64.33
v -217.67 -30.96 -60.31
v -185.40 -47.08 -24.35
v -219.99 -114.32 18.38
v -249.80 -98.67 -5.56
v -226.98 -100.47 -21.53
v -199.81 -123.36 5.37
v -199.81 -123.36 5.37
v -226.98 -100.47 -21.53
v -209.83 -110.80 -37.98
v -182.95 -137.40 -7.93
v -249.80 -98.67 -5.56
v -274.54 -75.38 -29.07
v -253.00 -75.84 -48.32
v -226.98 -100.47 -21.53
v -226.98 -100.47 -21.53
v -253.00 -75.84 -48.32
v -234.04 -80.17 -67.80
v -209.83 -110.80 -37.98
v -182.93 -49.08 37.66
v -165.97 -53.50 24.16
v -197.21 -38.01 -5.99
v -209.49 -28.50 13.05
v -209.49 -28.50 13.05
v -197.21 -38.01 -5.99
v -227.84 -21.32 -36.06
v -240.32 -16.17 -12.10
v -165.97 -53.50 24.16
v -151.85 -63.42 10.30
v -185.17 -47.98 -25.06
v -197.21 -38.01 -5.99
v -197.21 -38.01 -5.99
v -185.17 -47.98 -25.06
v -217.67 -30.96 -60.31
v -227.84 -21.32 -36.06
v -219.99 -114.32 18.38
v -201.71 -125.54 4.61
v -183.76 -91.95 16.34
v -200.64 -82.78 30.12
v -200.64 -82.78 30.12
v -183.76 -91.95 16.34
v -168.58 -54.67 20.93
v -182.93 -49.08 37.66
v -201.71 -125.54 4.61
v -182.95 -137.40 -7.93
v -166.96 -101.00 2.33
v -183.76 -91.95 16.34
v -183.76 -91.95 16.34
v -166.96 -101.00 2.33
v -151.85 -63.42 10.30
v -168.58 -54.67 20.93
v -274.54 -75.38 -29.07
v -255.95 -47.13 -18.86
v -239.64 -52.49 -40.00
v -254.48 -77.61 -48.65
v -254.48 -77.61 -48.65
v -239.64 -52.49 -40.00
v -225.62 -55.78 -63.78
v -234.04 -80.17 -67.80
v -255.95 -47.13 -18.86
v -240.32 -16.17 -12.10
v -228.16 -24.32 -35.24
v -239.64 -52.49 -40.00
v -239.64 -52.49 -40.00
v -228.16 -24.32 -35.24
v -217.67 -30.96 -60.31
v -225.62 -55.78 -63.78
v 285.08 3.06 5.96
v 267.25 2.52 -13.24
v 254.91 24.57 -5.96
v 267.34 24.80 15.85
v 267.34 24.80 15.85
v 254.91 24.57 -5.96
v 239.24 42.32 3.41
v 246.93 43.10 27.41
v 267.25 2.52 -13.24
v 253.67 7.45 -35.11
v 240.71 22.04 -26.65
v 254.91 24.57 -5.96
v 254.91 24.57 -5.96
v 240.71 22.04 -26.65
v 229.21 38.51 -19.12
v 239.24 42.32 3.41
v 261.95 -37.18 15.69
v 245.55 -21.21 27.87
v 230.38 -15.42 2.75
v 245.57 -35.25 -11.77
v 245.57 -35.25 -11.77
v 230.38 -15.42 2.75
v 216.83 -7.24 -23.24
v 228.46 -34.41 -38.84
v 245.55 -21.21 27.87
v 228.73 -5.87 40.27
v 215.69 5.14 17.00
v 230.38 -15.42 2.75
v 230.38 -15.42 2.75
v 215.69 5.14 17.00
v 200.90 13.55 -5.33
v 216.83 -7.24 -23.24
v 285.08 3.06 5.96
v 266.17 23.06 17.02
v 256.69 0.68 24.34
v 273.83 -17.09 11.44
v 273.83 -17.09 11.44
v 256.69 0.68 24.34
v 245.10 -21.50 27.52
v 261.95 -37.18 15.69
v 266.17 23.06 17.02
v 246.93 43.10 27.41
v 237.10 18.69 32.41
v 256.69 0.68 24.34
v 256.69 0.68 24.34
v 237.10 18.69 32.41
v 228.73 -5.87 40.27
v 245.10 -21.50 27.52
v 253.67 7.45 -35.11
v 240.70 -13.15 -38.16
v 228.04 6.30 -24.67
v 242.17 22.34 -24.74
v 242.17 22.34 -24.74
v 228.04 6.30 -24.67
v 214.83 26.23 -12.95
v 229.21 38.51 -19.12
v 240.70 -13.15 -38.16
v 228.46 -34.41 -38.84
v 213.54 -9.41 -25.80
v 228.04 6.30 -24.67
v 228.04 6.30 -24.67
v 213.54 -9.41 -25.80
v 200.90 13.55 -5.33
v 214.83 26.23 -12.95
v 285.08 3.06 5.96
v 273.93 -17.38 10.48
v 255.58 -13.93 -11.62
v 269.91 4.84 -15.03
v 269.91 4.84 -15.03
v 255.58 -13.93 -11.62
v 240.93 -13.37 -36.86
v 253.67 7.45 -35.11
v 273.93 -17.38 10.48
v 261.95 -37.18 15.69
v 244.10 -34.93 -10.64
v 255.58 -13.93 -11.62
v 255.58 -13.93 -11.62
v 244.10 -34.93 -10.64
v 228.46 -34.41 -38.84
v 240.93 -13.37 -36.86
v 246.93 43.10 27.41
v 240.13 39.86 3.45
v 225.97 22.54 10.96
v 240.11 17.56 33.07
v 240.11 17.56 33.07
v 225.97 22.54 10.96
v 217.18 2.75 16.67
v 228.73 -5.87 40.27
v 240.13 39.86 3.45
v 229.21 38.51 -19.12
v 211.56 27.64 -11.05
v 225.97 22.54 10.96
v 225.97 22.54 10.96
v 211.56 27.64 -11.05
v 200.90 13.55 -5.33
v 217.18 2.75 16.67
v 215.27 -7.02 22.54
v 205.00 -4.29 7.55
v 223.44 -4.29 -1.04
v 232.18 -2.16 16.18
v 232.18 -2.16 16.18
v 223.44 -4.29 -1.04
v 240.75 1.70 -7.58
v 248.92 3.59 10.12
v 205.00 -4.29 7.55
v 194.57 -0.73 -7.15
v 213.79 -1.55 -16.59
v 223.44 -4.29 -1.04
v 223.44 -4.29 -1.04
v 213.79 -1.55 -16.59
v 232.36 1.03 -24.86
v 240.75 1.70 -7.58
v 213.85 44.69 25.62
v 228.33 48.32 18.84
v 222.28 44.26 -2.22
v 204.41 42.27 4.77
v 204.41 42.27 4.77
v 222.28 44.26 -2.22
v 215.84 42.43 -23.40
v 195.15 38.88 -16.02
v 228.33 48.32 18.84
v 243.33 48.98 12.24
v 239.92 47.51 -9.28
v 222.28 44.26 -2.22
v 222.28 44.26 -2.22
v 239.92 47.51 -9.28
v 236.75 44.70 -30.71
v 215.84 42.43 -23.40
v 215.27 -7.02 22.54
v 232.85 -1.81 18.31
v 229.21 22.71 14.68
v 214.92 18.79 25.02
v 214.92 18.79 25.02
v 229.21 22.71 14.68
v 227.90 46.92 17.15
v 213.85 44.69 25.62
v 232.85 -1.81 18.31
v 248.92 3.59 10.12
v 246.29 26.26 11.63
v 229.21 22.71 14.68
v 229.21 22.71 14.68
v 246.29 26.26 11.63
v 243.33 48.98 12.24
v 227.90 46.92 17.15
v 194.57 -0.73 -7.15
v 194.46 18.89 -12.47
v 214.02 20.65 -21.18
v 213.10 -0.02 -16.81
v 213.10 -0.02 -16.81
v 214.02 20.65 -21.18
v 235.59 23.36 -25.53
v 232.36 1.03 -24.86
v 194.46 18.89 -12.47
v 195.15 38.88 -16.02
v 215.92 41.78 -23.43
v 214.02 20.65 -21.18
v 214.02 20.65 -21.18
v 215.92 41.78 -23.43
v 236.75 44.70 -30.71
v 235.59 23.36 -25.53
v 215.27 -7.02 22.54
v 212.29 18.68 25.62
v 206.26 19.06 5.19
v 203.27 -3.99 8.82
v 203.27 -3.99 8.82
v 206.26 19.06 5.19
v 193.82 19.01 -10.88
v 194.57 -0.73 -7.15
v 212.29 18.68 25.62
v 213.85 44.69 25.62
v 205.37 41.85 4.20
v 206.26 19.06 5.19
v 206.26 19.06 5.19
v 205.37 41.85 4.20
v 195.15 38.88 -16.02
v 193.82 19.01 -10.88
v 248.92 3.59 10.12
v 240.50 2.29 -7.30
v 238.41 24.30 -7.37
v 249.48 26.78 9.55
v 249.48 26.78 9.55
v 238.41 24.30 -7.37
v 237.36 46.45 -7.94
v 243.33 48.98 12.24
v 240.50 2.29 -7.30
v 232.36 1.03 -24.86
v 234.45 22.85 -27.74
v 238.41 24.30 -7.37
v 238.41 24.30 -7.37
v 234.45 22.85 -27.74
v 236.75 44.70 -30.71
v 237.36 46.45 -7.94
v -246.14 -98.47 -86.55
v -232.18 -54.74 -66.04
v -198.62 -73.27 -63.41
v -216.87 -114.65 -77.34
v -216.87 -114.65 -77.34
v -198.62 -73.27 -63.41
v -163.98 -90.67 -64.30
v -184.85 -127.98 -77.05
v -232.18 -54.74 -66.04
v -217.08 -9.84 -49.19
v -181.32 -32.87 -46.43
v -198.62 -73.27 -63.41
v -198.62 -73.27 -63.41
v -181.32 -32.87 -46.43
v -143.12 -53.38 -51.53
v -163.98 -90.67 -64.30
v -273.17 -101.41 -32.44
v -232.11 -121.45 -28.29
v -214.92 -86.11 -14.65
v -253.57 -67.60 -14.51
v -253.57 -67.60 -14.51
v -214.92 -86.11 -14.65
v -200.48 -54.97 8.78
v -234.89 -35.22 6.75
v -232.11 -121.45 -28.29
v -190.50 -140.65 -26.11
v -177.03 -105.76 -12.12
v -214.92 -86.11 -14.65
v -214.92 -86.11 -14.65
v -177.03 -105.76 -12.12
v -164.63 -72.52 5.71
v -200.48 -54.97 8.78
v -246.14 -98.47 -86.55
v -214.70 -111.41 -81.30
v -225.49 -121.28 -56.67
v -261.22 -103.50 -60.47
v -261.22 -103.50 -60.47
v -225.49 -121.28 -56.67
v -232.00 -121.39 -29.37
v -273.17 -101.41 -32.44
v -214.70 -111.41 -81.30
v -184.85 -127.98 -77.05
v -186.52 -131.70 -50.86
v -225.49 -121.28 -56.67
v -225.49 -121.28 -56.67
v -186.52 -131.70 -50.86
v -190.50 -140.65 -26.11
v -232.00 -121.39 -29.37
v -217.08 -9.84 -49.19
v -225.00 -20.92 -20.18
v -187.75 -39.16 -19.75
v -177.54 -27.40 -47.64
v -177.54 -27.40 -47.64
v -187.75 -39.16 -19.75
v -155.06 -64.88 -24.16
v -143.12 -53.38 -51.53
v -225.00 -20.92 -20.18
v -234.89 -35.22 6.75
v -201.98 -57.51 3.87
v -187.75 -39.16 -19.75
v -187.75 -39.16 -19.75
v -201.98 -57.51 3.87
v -164.63 -72.52 5.71
v -155.06 -64.88 -24.16
v -246.14 -98.47 -86.55
v -260.92 -99.27 -60.09
v -243.46 -60.90 -40.66
v -234.22 -52.78 -69.10
v -234.22 -52.78 -69.10
v -243.46 -60.90 -40.66
v -227.25 -21.86 -21.82
v -217.08 -9.84 -49.19
v -260.92 -99.27 -60.09
v -273.17 -101.41 -32.44
v -254.06 -68.30 -12.86
v -243.46 -60.90 -40.66
v -243.46 -60.90 -40.66
v -254.06 -68.30 -12.86
v -234.89 -35.22 6.75
v -227.25 -21.86 -21.82
v -184.85 -127.98 -77.05
v -165.27 -89.97 -64.26
v -170.22 -98.93 -37.26
v -183.92 -136.38 -51.68
v -183.92 -136.38 -51.68
v -170.22 -98.93 -37.26
v -176.81 -107.00 -10.22
v -190.50 -140.65 -26.11
v -165.27 -89.97 -64.26
v -143.12 -53.38 -51.53
v -153.79 -63.00 -22.91
v -170.22 -98.93 -37.26
v -170.22 -98.93 -37.26
v -153.79 -63.00 -22.91
v -164.63 -72.52 5.71
v -176.81 -107.00 -10.22
v 147.40 3.27 -57.94
v 162.79 -10.68 -50.48
v 153.74 -15.61 -42.03
v 138.47 -1.84 -52.89
v 138.47 -1.84 -52.89
v 153.74 -15.61 -42.03
v 143.90 -23.48 -37.38
v 129.73 -6.22 -46.90
v 162.79 -10.68 -50.48
v 178.21 -24.48 -42.83
v 168.40 -31.65 -34.09
v 153.74 -15.61 -42.03
v 153.74 -15.61 -42.03
v 168.40 -31.65 -34.09
v 158.55 -38.94 -25.53
v 143.90 -23.48 -37.38
v 148.47 18.97 -50.89
v 137.00 11.47 -42.50
v 154.66 -2.72 -32.28
v 164.88 2.29 -42.65
v 164.88 2.29 -42.65
v 154.66 -2.72 -32.28
v 172.26 -17.18 -22.42
v 181.66 -12.42 -31.83
v 137.00 11.47 -42.50
v 125.35 2.93 -35.49
v 143.94 -10.40 -25.42
v 154.66 -2.72 -32.28
v 154.66 -2.72 -32.28
v 143.94 -10.40 -25.42
v 162.83 -22.09 -13.21
v 172.26 -17.18 -22.42
v 147.40 3.27 -57.94
v 139.09 -1.78 -51.84
v 137.59 4.82 -47.97
v 147.84 11.17 -54.53
v 147.84 11.17 -54.53
v 137.59 4.82 -47.97
v 137.12 10.82 -42.95
v 148.47 18.97 -50.89
v 139.09 -1.78 -51.84
v 129.73 -6.22 -46.90
v 128.56 -2.23 -40.06
v 137.59 4.82 -47.97
v 137.59 4.82 -47.97
v 128.56 -2.23 -40.06
v 125.35 2.93 -35.49
v 137.12 10.82 -42.95
v 178.21 -24.48 -42.83
v 179.31 -17.98 -37.65
v 171.52 -25.39 -27.73
v 168.44 -31.75 -34.15
v 168.44 -31.75 -34.15
v 171.52 -25.39 -27.73
v 161.53 -31.15 -18.94
v 158.55 -38.94 -25.53
v 179.31 -17.98 -37.65
v 181.66 -12.42 -31.83
v 172.84 -17.70 -22.22
v 171.52 -25.39 -27.73
v 171.52 -25.39 -27.73
v 172.84 -17.70 -22.22
v 162.83 -22.09 -13.21
v 161.53 -31.15 -18.94
v 147.40 3.27 -57.94
v 147.96 11.13 -54.44
v 164.70 -3.31 -46.78
v 162.65 -10.68 -50.20
v 162.65 -10.68 -50.20
v 164.70 -3.31 -46.78
v 179.11 -18.84 -36.34
v 178.21 -24.48 -42.83
v 147.96 11.13 -54.44
v 148.47 18.97 -50.89
v 164.41 2.97 -40.59
v 164.70 -3.31 -46.78
v 164.70 -3.31 -46.78
v 164.41 2.97 -40.59
v 181.66 -12.42 -31.83
v 179.11 -18.84 -36.34
v 129.73 -6.22 -46.90
v 142.85 -23.54 -35.94
v 144.13 -16.07 -30.28
v 126.85 -2.16 -41.05
v 126.85 -2.16 -41.05
v 144.13 -16.07 -30.28
v 144.48 -9.29 -24.43
v 125.35 2.93 -35.49
v 142.85 -23.54 -35.94
v 158.55 -38.94 -25.53
v 160.97 -30.31 -19.43
v 144.13 -16.07 -30.28
v 144.13 -16.07 -30.28
v 160.97 -30.31 -19.43
v 162.83 -22.09 -13.21
v 144.48 -9.29 -24.43
v 153.59 -203.33 5.83
v 163.61 -199.98 6.66
v 163.34 -189.49 -2.55
v 152.69 -191.82 -4.11
v 152.69 -191.82 -4.11
v 163.34 -189.49 -2.55
v 163.07 -178.98 -11.73
v 152.30 -181.82 -15.59
v 163.61 -199.98 6.66
v 173.85 -197.29 6.81
v 173.45 -185.57 0.64
v 163.34 -189.49 -2.55
v 163.34 -189.49 -2.55
v 173.45 -185.57 0.64
v 173.87 -176.21 -7.94
v 163.07 -178.98 -11.73
v 158.28 -215.83 -9.59
v 157.61 -207.30 -19.88
v 170.89 -203.10 -16.68
v 171.20 -210.39 -6.56
v 171.20 -210.39 -6.56
v 170.89 -203.10 -16.68
v 184.22 -198.96 -13.55
v 184.51 -205.59 -4.18
v 157.61 -207.30 -19.88
v 156.20 -197.52 -28.90
v 169.58 -194.12 -25.09
v 170.89 -203.10 -16.68
v 170.89 -203.10 -16.68
v 169.58 -194.12 -25.09
v 183.57 -191.74 -22.31
v 184.22 -198.96 -13.55
v 153.59 -203.33 5.83
v 152.50 -192.66 -4.94
v 156.12 -199.42 -11.92
v 156.30 -209.50 -1.83
v 156.30 -209.50 -1.83
v 156.12 -199.42 -11.92
v 157.95 -206.53 -19.14
v 158.28 -215.83 -9.59
v 152.50 -192.66 -4.94
v 152.30 -181.82 -15.59
v 155.21 -189.48 -22.11
v 156.12 -199.42 -11.92
v 156.12 -199.42 -11.92
v 155.21 -189.48 -22.11
v 156.20 -197.52 -28.90
v 157.95 -206.53 -19.14
v 173.85 -197.29 6.81
v 179.69 -201.22 1.64
v 179.19 -192.60 -6.75
v 174.04 -186.67 -0.45
v 174.04 -186.67 -0.45
v 179.19 -192.60 -6.75
v 178.75 -183.96 -15.11
v 173.87 -176.21 -7.94
v 179.69 -201.22 1.64
v 184.51 -205.59 -4.18
v 183.80 -198.77 -13.40
v 179.19 -192.60 -6.75
v 179.19 -192.60 -6.75
v 183.80 -198.77 -13.40
v 183.57 -191.74 -22.31
v 178.75 -183.96 -15.11
v 153.59 -203.33 5.83
v 155.75 -208.84 -2.54
v 167.54 -205.43 -0.35
v 163.64 -199.99 6.04
v 163.64 -199.99 6.04
v 167.54 -205.43 -0.35
v 178.85 -200.17 0.18
v 173.85 -197.29 6.81
v 155.75 -208.84 -2.54
v 158.28 -215.83 -9.59
v 171.55 -211.31 -6.35
v 167.54 -205.43 -0.35
v 167.54 -205.43 -0.35
v 171.55 -211.31 -6.35
v 184.51 -205.59 -4.18
v 178.85 -200.17 0.18
v 152.30 -181.82 -15.59
v 163.09 -178.95 -11.84
v 166.47 -186.94 -18.55
v 154.24 -189.74 -22.16
v 154.24 -189.74 -22.16
v 166.47 -186.94 -18.55
v 169.72 -195.77 -24.30
v 156.20 -197.52 -28.90
v 163.09 -178.95 -11.84
v 173.87 -176.21 -7.94
v 178.56 -185.06 -13.89
v 166.47 -186.94 -18.55
v 166.47 -186.94 -18.55
v 178.56 -185.06 -13.89
v 183.57 -191.74 -22.31
v 169.72 -195.77 -24.30
v 134.56 109.25 -30.71
v 175.18 107.37 -34.88
v 176.90 79.46 -57.14
v 134.33 84.68 -63.61
v 134.33 84.68 -63.61
v 176.90 79.46 -57.14
v 178.37 56.20 -82.79
v 134.07 60.61 -96.89
v 175.18 107.37 -34.88
v 215.73 106.73 -39.98
v 218.89 85.01 -58.56
v 176.90 79.46 -57.14
v 176.90 79.46 -57.14
v 218.89 85.01 -58.56
v 222.47 55.42 -71.37
v 178.37 56.20 -82.79
v 129.23 58.22 -17.90
v 135.24 33.04 -42.01
v 174.62 34.90 -34.30
v 168.07 59.33 -7.53
v 168.07 59.33 -7.53
v 174.62 34.90 -34.30
v 213.91 36.02 -26.00
v 207.26 63.24 0.59
v 135.24 33.04 -42.01
v 142.03 14.15 -71.14
v 181.62 14.11 -63.96
v 174.62 34.90 -34.30
v 174.62 34.90 -34.30
v 181.62 14.11 -63.96
v 220.89 11.45 -54.71
v 213.91 36.02 -26.00
v 134.56 109.25 -30.71
v 131.28 85.20 -63.98
v 134.09 60.64 -54.21
v 132.15 83.71 -24.29
v 132.15 83.71 -24.29
v 134.09 60.64 -54.21
v 133.13 36.41 -44.67
v 129.23 58.22 -17.90
v 131.28 85.20 -63.98
v 134.07 60.61 -96.89
v 136.72 37.50 -84.09
v 134.09 60.64 -54.21
v 134.09 60.64 -54.21
v 136.72 37.50 -84.09
v 142.03 14.15 -71.14
v 133.13 36.41 -44.67
v 215.73 106.73 -39.98
v 216.03 85.00 -18.73
v 218.62 59.22 -40.93
v 223.88 81.09 -54.66
v 223.88 81.09 -54.66
v 218.62 59.22 -40.93
v 224.12 33.44 -62.52
v 222.47 55.42 -71.37
v 216.03 85.00 -18.73
v 207.26 63.24 0.59
v 212.93 37.35 -27.30
v 218.62 59.22 -40.93
v 218.62 59.22 -40.93
v 212.93 37.35 -27.30
v 220.89 11.45 -54.71
v 224.12 33.44 -62.52
v 134.56 109.25 -30.71
v 131.89 83.72 -24.37
v 171.46 83.90 -23.95
v 175.55 108.78 -32.04
v 175.55 108.78 -32.04
v 171.46 83.90 -23.95
v 211.51 85.02 -19.57
v 215.73 106.73 -39.98
v 131.89 83.72 -24.37
v 129.23 58.22 -17.90
v 167.84 59.94 -11.99
v 171.46 83.90 -23.95
v 171.46 83.90 -23.95
v 167.84 59.94 -11.99
v 207.26 63.24 0.59
v 211.51 85.02 -19.57
v 134.07 60.61 -96.89
v 177.90 58.75 -82.69
v 180.23 34.68 -74.95
v 136.95 39.54 -79.77
v 136.95 39.54 -79.77
v 180.23 34.68 -74.95
v 181.51 12.69 -63.13
v 142.03 14.15 -71.14
v 177.90 58.75 -82.69
v 222.47 55.42 -71.37
v 221.40 33.99 -61.95
v 180.23 34.68 -74.95
v 180.23 34.68 -74.95
v 221.40 33.99 -61.95
v 220.89 11.45 -54.71
v 181.51 12.69 -63.13
v -169.59 -178.80 2.32
v -181.16 -163.61 12.22
v -192.27 -174.45 6.34
v -182.05 -187.84 -2.69
v -182.05 -187.84 -2.69
v -192.27 -174.45 6.34
v -203.36 -184.88 0.04
v -194.35 -192.68 -12.03
v -181.16 -163.61 12.22
v -192.90 -152.82 26.67
v -202.63 -164.81 19.24
v -192.27 -174.45 6.34
v -192.27 -174.45 6.34
v -202.63 -164.81 19.24
v -212.50 -180.55 15.69
v -203.36 -184.88 0.04
v -167.07 -161.60 -34.98
v -179.60 -169.71 -37.85
v -193.87 -158.56 -18.29
v -181.47 -150.73 -11.93
v -181.47 -150.73 -11.93
v -193.87 -158.56 -18.29
v -208.72 -146.69 0.39
v -198.80 -136.29 6.73
v -179.60 -169.71 -37.85
v -189.22 -181.39 -36.33
v -204.54 -168.50 -22.05
v -193.87 -158.56 -18.29
v -193.87 -158.56 -18.29
v -204.54 -168.50 -22.05
v -219.82 -155.66 -7.71
v -208.72 -146.69 0.39
v -169.59 -178.80 2.32
v -180.08 -188.11 -5.82
v -178.17 -180.99 -21.22
v -168.24 -170.32 -16.38
v -168.24 -170.32 -16.38
v -178.17 -180.99 -21.22
v -178.17 -171.46 -35.64
v -167.07 -161.60 -34.98
v -180.08 -188.11 -5.82
v -194.35 -192.68 -12.03
v -192.98 -185.53 -23.57
v -178.17 -180.99 -21.22
v -178.17 -180.99 -21.22
v -192.98 -185.53 -23.57
v -189.22 -181.39 -36.33
v -178.17 -171.46 -35.64
v -192.90 -152.82 26.67
v -196.70 -144.18 17.27
v -208.29 -155.31 11.86
v -204.21 -166.01 22.18
v -204.21 -166.01 22.18
v -208.29 -155.31 11.86
v -217.83 -167.36 5.10
v -212.50 -180.55 15.69
v -196.70 -144.18 17.27
v -198.80 -136.29 6.73
v -209.01 -146.11 -0.69
v -208.29 -155.31 11.86
v -208.29 -155.31 11.86
v -209.01 -146.11 -0.69
v -219.82 -155.66 -7.71
v -217.83 -167.36 5.10
v -169.59 -178.80 2.32
v -167.74 -169.86 -16.13
v -183.74 -158.34 -0.37
v -182.32 -166.44 14.13
v -182.32 -166.44 14.13
v -183.74 -158.34 -0.37
v -196.28 -144.81 16.55
v -192.90 -152.82 26.67
v -167.74 -169.86 -16.13
v -167.07 -161.60 -34.98
v -181.47 -148.10 -13.64
v -183.74 -158.34 -0.37
v -183.74 -158.34 -0.37
v -181.47 -148.10 -13.64
v -198.80 -136.29 6.73
v -196.28 -144.81 16.55
v -194.35 -192.68 -12.03
v -200.77 -185.31 3.00
v -205.35 -178.24 -10.70
v -193.17 -187.72 -24.79
v -193.17 -187.72 -24.79
v -205.35 -178.24 -10.70
v -204.65 -168.59 -22.08
v -189.22 -181.39 -36.33
v -200.77 -185.31 3.00
v -212.50 -180.55 15.69
v -216.92 -168.48 3.66
v -205.35 -178.24 -10.70
v -205.35 -178.24 -10.70
v -216.92 -168.48 3.66
v -219.82 -155.66 -7.71
v -204.65 -168.59 -22.08
v 65.08 16.61 55.64
v 93.57 -8.66 74.94
v 84.61 6.68 106.04
v 49.81 20.21 80.16
v 49.81 20.21 80.16
v 84.61 6.68 106.04
v 70.11 11.74 135.54
v 35.24 25.11 104.88
v 93.57 -8.66 74.94
v 127.74 -23.38 95.87
v 118.68 -8.20 131.70
v 84.61 6.68 106.04
v 84.61 6.68 106.04
v 118.68 -8.20 131.70
v 107.92 3.83 167.04
v 70.11 11.74 135.54
v 99.07 71.70 37.17
v 89.20 87.17 68.12
v 128.96 67.13 83.14
v 139.80 50.17 54.73
v 139.80 50.17 54.73
v 128.96 67.13 83.14
v 163.87 39.93 99.75
v 178.63 25.83 72.91
v 89.20 87.17 68.12
v 77.60 100.08 99.63
v 115.81 80.68 112.30
v 128.96 67.13 83.14
v 128.96 67.13 83.14
v 115.81 80.68 112.30
v 154.52 62.01 124.81
v 163.87 39.93 99.75
v 65.08 16.61 55.64
v 45.39 22.73 77.05
v 67.38 54.10 73.07
v 82.37 44.04 46.61
v 82.37 44.04 46.61
v 67.38 54.10 73.07
v 90.68 84.97 69.98
v 99.07 71.70 37.17
v 45.39 22.73 77.05
v 35.24 25.11 104.88
v 58.61 61.74 103.73
v 67.38 54.10 73.07
v 67.38 54.10 73.07
v 58.61 61.74 103.73
v 77.60 100.08 99.63
v 90.68 84.97 69.98
v 127.74 -23.38 95.87
v 154.12 0.51 84.93
v 146.48 13.79 117.61
v 119.35 -10.94 132.33
v 119.35 -10.94 132.33
v 146.48 13.79 117.61
v 130.81 33.23 145.69
v 107.92 3.83 167.04
v 154.12 0.51 84.93
v 178.63 25.83 72.91
v 168.30 42.60 99.85
v 146.48 13.79 117.61
v 146.48 13.79 117.61
v 168.30 42.60 99.85
v 154.52 62.01 124.81
v 130.81 33.23 145.69
v 65.08 16.61 55.64
v 82.71 43.07 44.35
v 118.33 21.50 63.14
v 95.78 -2.30 77.82
v 95.78 -2.30 77.82
v 118.33 21.50 63.14
v 154.01 -0.17 81.72
v 127.74 -23.38 95.87
v 82.71 43.07 44.35
v 99.07 71.70 37.17
v 140.44 46.05 49.87
v 118.33 21.50 63.14
v 118.33 21.50 63.14
v 140.44 46.05 49.87
v 178.63 25.83 72.91
v 154.01 -0.17 81.72
v 35.24 25.11 104.88
v 69.57 15.80 138.77
v 96.68 45.86 120.09
v 56.45 62.58 102.22
v 56.45 62.58 102.22
v 96.68 45.86 120.09
v 115.86 81.17 112.49
v 77.60 100.08 99.63
v 69.57 15.80 138.77
v 107.92 3.83 167.04
v 127.93 35.10 150.52
v 96.68 45.86 120.09
v 96.68 45.86 120.09
v 127.93 35.10 150.52
v 154.52 62.01 124.81
v 115.86 81.17 112.49
v -98.60 -155.10 24.91
v -107.92 -157.90 19.67
v -109.97 -143.52 14.62
v -100.48 -141.67 19.11
v -100.48 -141.67 19.11
v -109.97 -143.52 14.62
v -111.81 -129.24 9.25
v -102.11 -128.39 12.92
v -107.92 -157.90 19.67
v -117.09 -160.79 14.21
v -118.73 -145.74 9.07
v -109.97 -143.52 14.62
v -109.97 -143.52 14.62
v -118.73 -145.74 9.07
v -120.72 -130.52 4.43
v -111.81 -129.24 9.25
v -107.69 -151.47 34.21
v -107.94 -139.63 27.51
v -116.65 -140.84 24.94
v -115.86 -152.80 30.65
v -115.86 -152.80 30.65
v -116.65 -140.84 24.94
v -125.79 -141.48 23.34
v -124.45 -153.56 28.07
v -107.94 -139.63 27.51
v -107.98 -128.06 20.35
v -117.77 -128.45 19.97
v -116.65 -140.84 24.94
v -116.65 -140.84 24.94
v -117.77 -128.45 19.97
v -126.96 -129.62 18.25
v -125.79 -141.48 23.34
v -98.60 -155.10 24.91
v -99.90 -141.52 19.27
v -103.93 -140.68 23.23
v -103.36 -153.39 29.39
v -103.36 -153.39 29.39
v -103.93 -140.68 23.23
v -107.82 -139.76 27.29
v -107.69 -151.47 34.21
v -99.90 -141.52 19.27
v -102.11 -128.39 12.92
v -105.50 -128.44 16.27
v -103.93 -140.68 23.23
v -103.93 -140.68 23.23
v -105.50 -128.44 16.27
v -107.98 -128.06 20.35
v -107.82 -139.76 27.29
v -117.09 -160.79 14.21
v -120.64 -157.14 21.19
v -122.29 -143.62 16.25
v -119.01 -145.68 9.28
v -119.01 -145.68 9.28
v -122.29 -143.62 16.25
v -123.88 -130.08 11.32
v -120.72 -130.52 4.43
v -120.64 -157.14 21.19
v -124.45 -153.56 28.07
v -125.50 -141.54 23.24
v -122.29 -143.62 16.25
v -122.29 -143.62 16.25
v -125.50 -141.54 23.24
v -126.96 -129.62 18.25
v -123.88 -130.08 11.32
v -98.60 -155.10 24.91
v -103.17 -152.81 29.35
v -111.99 -154.68 25.11
v -107.86 -157.68 19.45
v -107.86 -157.68 19.45
v -111.99 -154.68 25.11
v -120.82 -156.22 20.72
v -117.09 -160.79 14.21
v -103.17 -152.81 29.35
v -107.69 -151.47 34.21
v -116.11 -151.68 30.77
v -111.99 -154.68 25.11
v -111.99 -154.68 25.11
v -116.11 -151.68 30.77
v -124.45 -153.56 28.07
v -120.82 -156.22 20.72
v -102.11 -128.39 12.92
v -111.34 -130.49 8.77
v -114.45 -129.11 13.98
v -105.07 -127.86 16.60
v -105.07 -127.86 16.60
v -114.45 -129.11 13.98
v -117.53 -128.06 19.22
v -107.98 -128.06 20.35
v -111.34 -130.49 8.77
v -120.72 -130.52 4.43
v -123.80 -130.65 11.39
v -114.45 -129.11 13.98
v -114.45 -129.11 13.98
v -123.80 -130.65 11.39
v -126.96 -129.62 18.25
v -117.53 -128.06 19.22
v -111.48 -167.74 34.95
v -119.03 -168.65 30.54
v -117.35 -150.19 25.21
v -109.47 -150.23 28.29
v -109.47 -150.23 28.29
v -117.35 -150.19 25.21
v -115.55 -131.81 19.70
v -108.25 -132.22 22.89
v -119.03 -168.65 30.54
v -126.62 -169.54 26.20
v -124.41 -150.67 20.82
v -117.35 -150.19 25.21
v -117.35 -150.19 25.21
v -124.41 -150.67 20.82
v -122.99 -131.30 16.72
v -115.55 -131.81 19.70
v -113.68 -164.92 43.37
v -113.27 -145.47 37.24
v -121.62 -146.54 32.28
v -122.09 -165.71 38.27
v -122.09 -165.71 38.27
v -121.62 -146.54 32.28
v -130.93 -147.12 28.88
v -130.64 -166.44 33.38
v -113.27 -145.47 37.24
v -113.24 -125.85 31.69
v -121.84 -127.02 27.41
v -121.62 -146.54 32.28
v -121.62 -146.54 32.28
v -121.84 -127.02 27.41
v -130.41 -128.20 23.07
v -130.93 -147.12 28.88
v -111.48 -167.74 34.95
v -110.17 -149.98 28.84
v -112.34 -147.68 33.05
v -112.19 -166.33 39.26
v -112.19 -166.33 39.26
v -112.34 -147.68 33.05
v -113.05 -145.39 37.64
v -113.68 -164.92 43.37
v -110.17 -149.98 28.84
v -108.25 -132.22 22.89
v -111.31 -129.04 27.14
v -112.34 -147.68 33.05
v -112.34 -147.68 33.05
v -111.31 -129.04 27.14
v -113.24 -125.85 31.69
v -113.05 -145.39 37.64
v -126.62 -169.54 26.20
v -128.29 -167.97 29.98
v -127.53 -148.87 24.92
v -125.44 -150.45 21.11
v -125.44 -150.45 21.11
v -127.53 -148.87 24.92
v -126.39 -129.74 20.06
v -122.99 -131.30 16.72
v -128.29 -167.97 29.98
v -130.64 -166.44 33.38
v -130.93 -147.34 28.01
v -127.53 -148.87 24.92
v -127.53 -148.87 24.92
v -130.93 -147.34 28.01
v -130.41 -128.20 23.07
v -126.39 -129.74 20.06
v -111.48 -167.74 34.95
v -112.59 -166.52 39.22
v -120.65 -167.91 34.71
v -119.05 -168.65 30.58
v -119.05 -168.65 30.58
v -120.65 -167.91 34.71
v -128.62 -167.83 29.74
v -126.62 -169.54 26.20
v -112.59 -166.52 39.22
v -113.68 -164.92 43.37
v -122.11 -164.99 38.16
v -120.65 -167.91 34.71
v -120.65 -167.91 34.71
v -122.11 -164.99 38.16
v -130.64 -166.44 33.38
v -128.62 -167.83 29.74
v -108.25 -132.22 22.89
v -115.66 -131.89 19.87
v -118.72 -129.40 23.59
v -110.59 -128.53 27.01
v -110.59 -128.53 27.01
v -118.72 -129.40 23.59
v -121.89 -127.27 27.51
v -113.24 -125.85 31.69
v -115.66 -131.89 19.87
v -122.99 -131.30 16.72
v -126.89 -130.39 20.25
v -118.72 -129.40 23.59
v -118.72 -129.40 23.59
v -126.89 -130.39 20.25
v -130.41 -128.20 23.07
v -121.89 -127.27 27.51
v -115.58 -161.88 43.27
v -125.34 -161.44 37.57
v -124.41 -142.05 31.33
v -114.70 -142.96 34.75
v -114.70 -142.96 34.75
v -124.41 -142.05 31.33
v -122.71 -123.23 23.79
v -114.58 -123.48 27.53
v -125.34 -161.44 37.57
v -134.96 -161.10 31.62
v -132.82 -142.10 25.69
v -124.41 -142.05 31.33
v -124.41 -142.05 31.33
v -132.82 -142.10 25.69
v -130.83 -122.99 20.01
v -122.71 -123.23 23.79
v -119.11 -159.21 48.20
v -116.99 -137.69 41.24
v -125.86 -139.31 39.17
v -127.23 -159.89 45.88
v -127.23 -159.89 45.88
v -125.86 -139.31 39.17
v -134.94 -140.64 38.00
v -135.62 -160.19 44.73
v -116.99 -137.69 41.24
v -114.99 -115.99 34.83
v -124.41 -118.85 32.13
v -125.86 -139.31 39.17
v -125.86 -139.31 39.17
v -124.41 -118.85 32.13
v -133.99 -121.46 30.14
v -134.94 -140.64 38.00
v -115.58 -161.88 43.27
v -114.93 -142.65 35.49
v -116.18 -140.17 38.39
v -117.51 -160.58 45.64
v -117.51 -160.58 45.64
v -116.18 -140.17 38.39
v -116.98 -137.59 41.55
v -119.11 -159.21 48.20
v -114.93 -142.65 35.49
v -114.58 -123.48 27.53
v -114.39 -119.65 31.41
v -116.18 -140.17 38.39
v -116.18 -140.17 38.39
v -114.39 -119.65 31.41
v -114.99 -115.99 34.83
v -116.98 -137.59 41.55
v -134.96 -161.10 31.62
v -135.22 -160.65 38.17
v -133.72 -141.45 31.63
v -133.72 -141.97 25.77
v -133.72 -141.97 25.77
v -133.72 -141.45 31.63
v -131.52 -122.31 25.13
v -130.83 -122.99 20.01
v -135.22 -160.65 38.17
v -135.62 -160.19 44.73
v -135.67 -140.75 37.38
v -133.72 -141.45 31.63
v -133.72 -141.45 31.63
v -135.67 -140.75 37.38
v -133.99 -121.46 30.14
v -131.52 -122.31 25.13
v -115.58 -161.88 43.27
v -117.39 -160.72 45.80
v -126.29 -160.50 41.92
v -125.11 -160.87 37.22
v -125.11 -160.87 37.22
v -126.29 -160.50 41.92
v -135.14 -160.07 37.96
v -134.96 -161.10 31.62
v -117.39 -160.72 45.80
v -119.11 -159.21 48.20
v -127.38 -159.76 46.48
v -126.29 -160.50 41.92
v -126.29 -160.50 41.92
v -127.38 -159.76 46.48
v -135.62 -160.19 44.73
v -135.14 -160.07 37.96
v -114.58 -123.48 27.53
v -122.96 -123.75 24.29
v -123.62 -121.03 28.17
v -114.74 -119.65 31.09
v -114.74 -119.65 31.09
v -123.62 -121.03 28.17
v -124.35 -118.45 32.20
v -114.99 -115.99 34.83
v -122.96 -123.75 24.29
v -130.83 -122.99 20.01
v -132.60 -122.61 25.46
v -123.62 -121.03 28.17
v -123.62 -121.03 28.17
v -132.60 -122.61 25.46
v -133.99 -121.46 30.14
v -124.35 -118.45 32.20
v 172.82 -89.02 0.08
v 171.07 -92.34 2.59
v 171.29 -83.06 15.26
v 173.07 -79.40 12.61
v 173.07 -79.40 12.61
v 171.29 -83.06 15.26
v 172.76 -74.10 28.07
v 174.65 -70.14 25.30
v 171.07 -92.34 2.59
v 170.41 -95.96 5.23
v 170.01 -86.85 17.96
v 171.29 -83.06 15.26
v 171.29 -83.06 15.26
v 170.01 -86.85 17.96
v 169.99 -77.84 30.74
v 172.76 -74.10 28.07
v 186.69 -90.87 4.32
v 185.91 -84.85 16.08
v 184.66 -88.12 19.66
v 183.69 -95.70 7.51
v 183.69 -95.70 7.51
v 184.66 -88.12 19.66
v 182.31 -90.99 22.92
v 181.15 -100.69 10.83
v 185.91 -84.85 16.08
v 184.54 -78.60 27.67
v 183.26 -79.67 31.13
v 184.66 -88.12 19.66
v 184.66 -88.12 19.66
v 183.26 -79.67 31.13
v 183.44 -81.27 35.01
v 182.31 -90.99 22.92
v 172.82 -89.02 0.08
v 173.90 -79.13 12.34
v 179.85 -81.69 13.98
v 180.00 -89.29 1.69
v 180.00 -89.29 1.69
v 179.85 -81.69 13.98
v 185.35 -85.44 16.54
v 186.69 -90.87 4.32
v 173.90 -79.13 12.34
v 174.65 -70.14 25.30
v 179.40 -74.90 26.90
v 179.85 -81.69 13.98
v 179.85 -81.69 13.98
v 179.40 -74.90 26.90
v 184.54 -78.60 27.67
v 185.35 -85.44 16.54
v 170.41 -95.96 5.23
v 175.51 -98.66 8.26
v 176.75 -88.31 20.01
v 170.61 -86.39 17.63
v 170.61 -86.39 17.63
v 176.75 -88.31 20.01
v 176.54 -79.78 33.03
v 169.99 -77.84 30.74
v 175.51 -98.66 8.26
v 181.15 -100.69 10.83
v 182.49 -90.74 22.75
v 176.75 -88.31 20.01
v 176.75 -88.31 20.01
v 182.49 -90.74 22.75
v 183.44 -81.27 35.01
v 176.54 -79.78 33.03
v 172.82 -89.02 0.08
v 179.85 -90.35 1.70
v 177.82 -94.34 4.86
v 171.65 -92.62 2.48
v 171.65 -92.62 2.48
v 177.82 -94.34 4.86
v 175.64 -97.75 8.74
v 170.41 -95.96 5.23
v 179.85 -90.35 1.70
v 186.69 -90.87 4.32
v 183.90 -95.72 7.65
v 177.82 -94.34 4.86
v 177.82 -94.34 4.86
v 183.90 -95.72 7.65
v 181.15 -100.69 10.83
v 175.64 -97.75 8.74
v 174.65 -70.14 25.30
v 172.51 -73.54 28.81
v 178.19 -76.88 29.83
v 179.57 -74.43 26.38
v 179.57 -74.43 26.38
v 178.19 -76.88 29.83
v 184.09 -79.71 31.74
v 184.54 -78.60 27.67
v 172.51 -73.54 28.81
v 169.99 -77.84 30.74
v 176.63 -79.77 32.49
v 178.19 -76.88 29.83
v 178.19 -76.88 29.83
v 176.63 -79.77 32.49
v 183.44 -81.27 35.01
v 184.09 -79.71 31.74
v 188.38 -79.70 7.16
v 183.27 -86.19 8.34
v 182.13 -83.94 20.29
v 187.25 -76.26 19.35
v 187.25 -76.26 19.35
v 182.13 -83.94 20.29
v 180.54 -81.40 32.13
v 186.38 -73.00 31.60
v 183.27 -86.19 8.34
v 179.03 -93.23 9.74
v 177.01 -91.61 21.24
v 182.13 -83.94 20.29
v 182.13 -83.94 20.29
v 177.01 -91.61 21.24
v 176.00 -90.64 33.00
v 180.54 -81.40 32.13
v 194.23 -81.37 8.86
v 194.19 -79.09 20.91
v 189.81 -87.12 22.54
v 191.14 -90.22 10.27
v 191.14 -90.22 10.27
v 189.81 -87.12 22.54
v 185.99 -95.35 24.23
v 187.91 -99.01 11.67
v 194.19 -79.09 20.91
v 193.59 -76.61 32.91
v 188.75 -84.12 34.84
v 189.81 -87.12 22.54
v 189.81 -87.12 22.54
v 188.75 -84.12 34.84
v 183.80 -91.60 36.76
v 185.99 -95.35 24.23
v 188.38 -79.70 7.16
v 187.38 -76.35 19.38
v 190.73 -77.43 20.08
v 191.04 -81.27 8.19
v 191.04 -81.27 8.19
v 190.73 -77.43 20.08
v 193.87 -79.10 20.91
v 194.23 -81.37 8.86
v 187.38 -76.35 19.38
v 186.38 -73.00 31.60
v 190.25 -74.07 32.08
v 190.73 -77.43 20.08
v 190.73 -77.43 20.08
v 190.25 -74.07 32.08
v 193.59 -76.61 32.91
v 193.87 -79.10 20.91
v 179.03 -93.23 9.74
v 183.35 -96.30 10.71
v 181.25 -94.28 22.81
v 177.89 -91.36 21.36
v 177.89 -91.36 21.36
v 181.25 -94.28 22.81
v 180.04 -90.91 34.88
v 176.00 -90.64 33.00
v 183.35 -96.30 10.71
v 187.91 -99.01 11.67
v 186.20 -94.78 24.20
v 181.25 -94.28 22.81
v 181.25 -94.28 22.81
v 186.20 -94.78 24.20
v 183.80 -91.60 36.76
v 180.04 -90.91 34.88
v 188.38 -79.70 7.16
v 191.41 -80.71 7.49
v 187.35 -88.27 9.54
v 183.79 -86.60 8.04
v 183.79 -86.60 8.04
v 187.35 -88.27 9.54
v 183.40 -96.01 11.05
v 179.03 -93.23 9.74
v 191.41 -80.71 7.49
v 194.23 -81.37 8.86
v 191.14 -90.32 9.89
v 187.35 -88.27 9.54
v 187.35 -88.27 9.54
v 191.14 -90.32 9.89
v 187.91 -99.01 11.67
v 183.40 -96.01 11.05
v 186.38 -73.00 31.60
v 181.19 -81.81 32.37
v 184.86 -82.85 34.35
v 189.92 -74.72 32.84
v 189.92 -74.72 32.84
v 184.86 -82.85 34.35
v 188.75 -84.18 34.32
v 193.59 -76.61 32.91
v 181.19 -81.81 32.37
v 176.00 -90.64 33.00
v 179.90 -91.12 34.87
v 184.86 -82.85 34.35
v 184.86 -82.85 34.35
v 179.90 -91.12 34.87
v 183.80 -91.60 36.76
v 188.75 -84.18 34.32
v 25.88 -53.64 35.91
v 17.21 -50.43 36.47
v 16.22 -48.50 24.99
v 25.27 -51.49 24.59
v 25.27 -51.49 24.59
v 16.22 -48.50 24.99
v 15.54 -45.71 13.69
v 24.88 -48.72 13.40
v 17.21 -50.43 36.47
v 8.39 -47.62 36.95
v 7.21 -45.41 25.41
v 16.22 -48.50 24.99
v 16.22 -48.50 24.99
v 7.21 -45.41 25.41
v 6.01 -43.23 13.88
v 15.54 -45.71 13.69
v 28.03 -46.10 37.78
v 27.87 -44.90 24.77
v 18.44 -41.02 25.78
v 18.54 -43.33 38.64
v 18.54 -43.33 38.64
v 18.44 -41.02 25.78
v 8.66 -38.23 26.64
v 9.12 -40.31 39.53
v 27.87 -44.90 24.77
v 28.05 -42.66 11.89
v 17.82 -40.35 12.70
v 18.44 -41.02 25.78
v 18.44 -41.02 25.78
v 17.82 -40.35 12.70
v 7.80 -37.37 13.59
v 8.66 -38.23 26.64
v 25.88 -53.64 35.91
v 26.00 -51.34 24.59
v 26.66 -47.77 24.75
v 27.18 -49.93 36.82
v 27.18 -49.93 36.82
v 26.66 -47.77 24.75
v 28.55 -44.51 24.78
v 28.03 -46.10 37.78
v 26.00 -51.34 24.59
v 24.88 -48.72 13.40
v 26.80 -45.78 12.61
v 26.66 -47.77 24.75
v 26.66 -47.77 24.75
v 26.80 -45.78 12.61
v 28.05 -42.66 11.89
v 28.55 -44.51 24.78
v 8.39 -47.62 36.95
v 8.71 -43.96 38.24
v 8.47 -42.17 25.91
v 7.52 -45.44 25.37
v 7.52 -45.44 25.37
v 8.47 -42.17 25.91
v 7.34 -40.32 13.68
v 6.01 -43.23 13.88
v 8.71 -43.96 38.24
v 9.12 -40.31 39.53
v 8.52 -38.84 26.56
v 8.47 -42.17 25.91
v 8.47 -42.17 25.91
v 8.52 -38.84 26.56
v 7.80 -37.37 13.59
v 7.34 -40.32 13.68
v 25.88 -53.64 35.91
v 26.96 -49.80 36.56
v 17.87 -46.83 37.19
v 17.13 -50.69 36.69
v 17.13 -50.69 36.69
v 17.87 -46.83 37.19
v 8.74 -44.11 38.86
v 8.39 -47.62 36.95
v 26.96 -49.80 36.56
v 28.03 -46.10 37.78
v 18.58 -43.21 38.68
v 17.87 -46.83 37.19
v 17.87 -46.83 37.19
v 18.58 -43.21 38.68
v 9.12 -40.31 39.53
v 8.74 -44.11 38.86
v 24.88 -48.72 13.40
v 15.50 -45.85 14.25
v 16.72 -42.91 13.59
v 26.47 -45.68 12.69
v 26.47 -45.68 12.69
v 16.72 -42.91 13.59
v 17.90 -40.07 12.47
v 28.05 -42.66 11.89
v 15.50 -45.85 14.25
v 6.01 -43.23 13.88
v 6.88 -40.36 13.40
v 16.72 -42.91 13.59
v 16.72 -42.91 13.59
v 6.88 -40.36 13.40
v 7.80 -37.37 13.59
v 17.90 -40.07 12.47
v 25.67 -43.37 41.80
v 16.58 -41.74 41.09
v 17.84 -41.52 24.46
v 25.80 -44.10 24.57
v 25.80 -44.10 24.57
v 17.84 -41.52 24.46
v 19.30 -39.57 7.79
v 26.02 -44.13 7.32
v 16.58 -41.74 41.09
v 7.36 -41.28 40.40
v 10.01 -37.74 24.32
v 17.84 -41.52 24.46
v 17.84 -41.52 24.46
v 10.01 -37.74 24.32
v 12.55 -35.23 8.27
v 19.30 -39.57 7.79
v 26.16 -37.68 42.54
v 28.57 -34.12 26.06
v 21.78 -31.43 25.27
v 20.15 -34.49 42.90
v 20.15 -34.49 42.90
v 21.78 -31.43 25.27
v 15.72 -27.49 24.90
v 14.33 -30.99 43.36
v 28.57 -34.12 26.06
v 31.34 -29.96 9.77
v 23.51 -28.20 7.70
v 21.78 -31.43 25.27
v 21.78 -31.43 25.27
v 23.51 -28.20 7.70
v 16.63 -24.83 6.17
v 15.72 -27.49 24.90
v 25.67 -43.37 41.80
v 25.56 -43.73 24.56
v 28.05 -38.85 25.37
v 25.98 -40.53 42.17
v 25.98 -40.53 42.17
v 28.05 -38.85 25.37
v 29.63 -33.90 26.16
v 26.16 -37.68 42.54
v 25.56 -43.73 24.56
v 26.02 -44.13 7.32
v 28.20 -37.01 8.54
v 28.05 -38.85 25.37
v 28.05 -38.85 25.37
v 28.20 -37.01 8.54
v 31.34 -29.96 9.77
v 29.63 -33.90 26.16
v 7.36 -41.28 40.40
v 10.91 -36.18 41.88
v 12.67 -33.05 24.55
v 10.38 -38.55 24.35
v 10.38 -38.55 24.35
v 12.67 -33.05 24.55
v 13.85 -29.52 7.19
v 12.55 -35.23 8.27
v 10.91 -36.18 41.88
v 14.33 -30.99 43.36
v 14.86 -27.49 24.74
v 12.67 -33.05 24.55
v 12.67 -33.05 24.55
v 14.86 -27.49 24.74
v 16.63 -24.83 6.17
v 13.85 -29.52 7.19
v 25.67 -43.37 41.80
v 25.89 -40.56 42.42
v 18.36 -38.35 42.20
v 16.55 -42.28 40.71
v 16.55 -42.28 40.71
v 18.36 -38.35 42.20
v 10.80 -36.19 42.33
v 7.36 -41.28 40.40
v 25.89 -40.56 42.42
v 26.16 -37.68 42.54
v 20.16 -34.45 43.90
v 18.36 -38.35 42.20
v 18.36 -38.35 42.20
v 20.16 -34.45 43.90
v 14.33 -30.99 43.36
v 10.80 -36.19 42.33
v 26.02 -44.13 7.32
v 19.27 -39.75 8.25
v 21.61 -33.62 8.38
v 28.66 -37.12 8.98
v 28.66 -37.12 8.98
v 21.61 -33.62 8.38
v 23.97 -27.44 8.22
v 31.34 -29.96 9.77
v 19.27 -39.75 8.25
v 12.55 -35.23 8.27
v 14.59 -30.02 7.17
v 21.61 -33.62 8.38
v 21.61 -33.62 8.38
v 14.59 -30.02 7.17
v 16.63 -24.83 6.17
v 23.97 -27.44 8.22
v 119.41 232.28 -27.63
v 118.85 238.16 -30.14
v 118.86 244.09 -8.59
v 118.22 237.54 -6.97
v 118.22 237.54 -6.97
v 118.86 244.09 -8.59
v 119.51 250.08 12.95
v 118.15 242.92 13.68
v 118.85 238.16 -30.14
v 118.21 244.02 -32.65
v 120.05 250.68 -10.21
v 118.86 244.09 -8.59
v 118.86 244.09 -8.59
v 120.05 250.68 -10.21
v 119.84 257.13 12.21
v 119.51 250.08 12.95
v 107.69 227.25 -26.38
v 108.24 235.93 -5.35
v 107.84 241.46 -7.88
v 107.97 233.10 -29.25
v 107.97 233.10 -29.25
v 107.84 241.46 -7.88
v 107.98 247.01 -10.41
v 107.69 238.96 -32.12
v 108.24 235.93 -5.35
v 106.82 244.59 15.65
v 108.94 249.84 13.50
v 107.84 241.46 -7.88
v 107.84 241.46 -7.88
v 108.94 249.84 13.50
v 109.80 255.07 11.33
v 107.98 247.01 -10.41
v 119.41 232.28 -27.63
v 119.20 236.70 -6.73
v 112.88 237.05 -6.25
v 113.71 229.42 -26.91
v 113.71 229.42 -26.91
v 112.88 237.05 -6.25
v 106.98 236.52 -5.53
v 107.69 227.25 -26.38
v 119.20 236.70 -6.73
v 118.15 242.92 13.68
v 112.14 244.50 14.46
v 112.88 237.05 -6.25
v 112.88 237.05 -6.25
v 112.14 244.50 14.46
v 106.82 244.59 15.65
v 106.98 236.52 -5.53
v 118.21 244.02 -32.65
v 113.04 241.29 -32.33
v 114.23 248.09 -10.11
v 119.47 249.68 -9.97
v 119.47 249.68 -9.97
v 114.23 248.09 -10.11
v 114.69 256.36 11.70
v 119.84 257.13 12.21
v 113.04 241.29 -32.33
v 107.69 238.96 -32.12
v 108.37 247.76 -10.60
v 114.23 248.09 -10.11
v 114.23 248.09 -10.11
v 108.37 247.76 -10.60
v 109.80 255.07 11.33
v 114.69 256.36 11.70
v 119.41 232.28 -27.63
v 113.53 229.90 -26.68
v 113.27 235.51 -29.97
v 118.82 238.11 -30.24
v 118.82 238.11 -30.24
v 113.27 235.51 -29.97
v 112.94 241.50 -32.36
v 118.21 244.02 -32.65
v 113.53 229.90 -26.68
v 107.69 227.25 -26.38
v 107.65 233.34 -28.69
v 113.27 235.51 -29.97
v 113.27 235.51 -29.97
v 107.65 233.34 -28.69
v 107.69 238.96 -32.12
v 112.94 241.50 -32.36
v 118.15 242.92 13.68
v 119.18 250.11 13.95
v 113.55 249.88 12.66
v 112.57 243.80 15.14
v 112.57 243.80 15.14
v 113.55 249.88 12.66
v 108.42 249.88 14.07
v 106.82 244.59 15.65
v 119.18 250.11 13.95
v 119.84 257.13 12.21
v 114.87 256.12 12.05
v 113.55 249.88 12.66
v 113.55 249.88 12.66
v 114.87 256.12 12.05
v 109.80 255.07 11.33
v 108.42 249.88 14.07
v 109.83 232.16 -15.53
v 108.72 241.39 -18.50
v 107.17 247.45 -1.09
v 108.57 238.48 2.33
v 108.57 238.48 2.33
v 107.17 247.45 -1.09
v 106.47 253.66 16.31
v 108.43 245.00 20.16
v 108.72 241.39 -18.50
v 106.54 250.43 -21.44
v 106.05 256.46 -4.51
v 107.17 247.45 -1.09
v 107.17 247.45 -1.09
v 106.05 256.46 -4.51
v 105.51 262.49 12.43
v 106.47 253.66 16.31
v 102.11 233.02 -19.56
v 101.73 239.13 -1.10
v 101.16 246.41 -3.43
v 101.35 240.25 -21.31
v 101.35 240.25 -21.31
v 101.16 246.41 -3.43
v 99.77 253.59 -5.74
v 100.30 247.45 -23.04
v 101.73 239.13 -1.10
v 101.92 245.32 17.35
v 101.01 252.57 14.44
v 101.16 246.41 -3.43
v 101.16 246.41 -3.43
v 101.01 252.57 14.44
v 99.76 259.78 11.54
v 99.77 253.59 -5.74
v 109.83 232.16 -15.53
v 108.97 238.04 2.50
v 105.54 238.77 0.64
v 106.01 232.71 -17.59
v 106.01 232.71 -17.59
v 105.54 238.77 0.64
v 102.06 239.33 -1.16
v 102.11 233.02 -19.56
v 108.97 238.04 2.50
v 108.43 245.00 20.16
v 105.16 245.11 18.77
v 105.54 238.77 0.64
v 105.54 238.77 0.64
v 105.16 245.11 18.77
v 101.92 245.32 17.35
v 102.06 239.33 -1.16
v 106.54 250.43 -21.44
v 103.66 248.30 -22.01
v 103.14 254.75 -5.02
v 105.85 256.92 -4.68
v 105.85 256.92 -4.68
v 103.14 254.75 -5.02
v 102.74 260.86 12.08
v 105.51 262.49 12.43
v 103.66 248.30 -22.01
v 100.30 247.45 -23.04
v 99.98 253.75 -5.80
v 103.14 254.75 -5.02
v 103.14 254.75 -5.02
v 99.98 253.75 -5.80
v 99.76 259.78 11.54
v 102.74 260.86 12.08
v 109.83 232.16 -15.53
v 106.13 232.52 -17.86
v 104.61 240.80 -19.73
v 108.40 241.19 -18.92
v 108.40 241.19 -18.92
v 104.61 240.80 -19.73
v 103.10 249.09 -21.61
v 106.54 250.43 -21.44
v 106.13 232.52 -17.86
v 102.11 233.02 -19.56
v 101.18 240.25 -21.25
v 104.61 240.80 -19.73
v 104.61 240.80 -19.73
v 101.18 240.25 -21.25
v 100.30 247.45 -23.04
v 103.10 249.09 -21.61
v 108.43 245.00 20.16
v 107.00 253.71 16.21
v 103.94 253.11 15.28
v 105.09 245.23 18.95
v 105.09 245.23 18.95
v 103.94 253.11 15.28
v 100.80 252.59 14.55
v 101.92 245.32 17.35
v 107.00 253.71 16.21
v 105.51 262.49 12.43
v 102.65 261.12 11.94
v 103.94 253.11 15.28
v 103.94 253.11 15.28
v 102.65 261.12 11.94
v 99.76 259.78 11.54
v 100.80 252.59 14.55
v 103.21 230.77 -23.54
v 101.77 235.41 -26.95
v 101.75 245.07 -7.81
v 104.15 240.58 -5.08
v 104.15 240.58 -5.08
v 101.75 245.07 -7.81
v 101.03 254.62 11.41
v 104.51 250.29 13.45
v 101.77 235.41 -26.95
v 100.72 240.11 -30.40
v 99.60 249.61 -10.57
v 101.75 245.07 -7.81
v 101.75 245.07 -7.81
v 99.60 249.61 -10.57
v 98.28 259.07 9.28
v 101.03 254.62 11.41
v 90.39 228.23 -24.87
v 92.05 238.41 -3.52
v 89.72 245.30 -6.01
v 88.90 235.22 -26.73
v 88.90 235.22 -26.73
v 89.72 245.30 -6.01
v 88.72 252.27 -8.62
v 89.10 242.32 -28.75
v 92.05 238.41 -3.52
v 93.29 248.56 17.87
v 91.74 255.45 14.59
v 89.72 245.30 -6.01
v 89.72 245.30 -6.01
v 91.74 255.45 14.59
v 90.10 262.33 11.33
v 88.72 252.27 -8.62
v 103.21 230.77 -23.54
v 103.81 240.85 -5.21
v 97.77 240.01 -4.56
v 96.72 230.06 -24.50
v 96.72 230.06 -24.50
v 97.77 240.01 -4.56
v 91.92 237.84 -3.21
v 90.39 228.23 -24.87
v 103.81 240.85 -5.21
v 104.51 250.29 13.45
v 98.89 249.47 15.63
v 97.77 240.01 -4.56
v 97.77 240.01 -4.56
v 98.89 249.47 15.63
v 93.29 248.56 17.87
v 91.92 237.84 -3.21
v 100.72 240.11 -30.40
v 94.92 241.27 -29.60
v 94.49 250.50 -9.42
v 99.53 249.85 -10.68
v 99.53 249.85 -10.68
v 94.49 250.50 -9.42
v 94.18 260.60 10.35
v 98.28 259.07 9.28
v 94.92 241.27 -29.60
v 89.10 242.32 -28.75
v 89.64 252.61 -8.84
v 94.49 250.50 -9.42
v 94.49 250.50 -9.42
v 89.64 252.61 -8.84
v 90.10 262.33 11.33
v 94.18 260.60 10.35
v 103.21 230.77 -23.54
v 96.67 229.87 -23.66
v 95.90 235.24 -27.07
v 101.90 235.62 -26.71
v 101.90 235.62 -26.71
v 95.90 235.24 -27.07
v 94.92 241.19 -29.61
v 100.72 240.11 -30.40
v 96.67 229.87 -23.66
v 90.39 228.23 -24.87
v 89.67 235.49 -26.49
v 95.90 235.24 -27.07
v 95.90 235.24 -27.07
v 89.67 235.49 -26.49
v 89.10 242.32 -28.75
v 94.92 241.19 -29.61
v 104.51 250.29 13.45
v 101.61 255.20 12.12
v 96.41 254.76 12.53
v 98.93 249.49 15.75
v 98.93 249.49 15.75
v 96.41 254.76 12.53
v 91.46 254.90 13.79
v 93.29 248.56 17.87
v 101.61 255.20 12.12
v 98.28 259.07 9.28
v 94.25 260.85 10.53
v 96.41 254.76 12.53
v 96.41 254.76 12.53
v 94.25 260.85 10.53
v 90.10 262.33 11.33
v 91.46 254.90 13.79
v -128.28 227.14 -17.19
v -138.47 224.26 -19.51
v -140.10 237.86 -27.81
v -130.21 240.29 -26.33
v -130.21 240.29 -26.33
v -140.10 237.86 -27.81
v -141.38 250.73 -37.23
v -132.12 253.40 -35.53
v -138.47 224.26 -19.51
v -149.08 222.25 -20.50
v -149.96 235.37 -29.39
v -140.10 237.86 -27.81
v -140.10 237.86 -27.81
v -149.96 235.37 -29.39
v -150.99 248.78 -37.82
v -141.38 250.73 -37.23
v -130.66 232.11 -10.58
v -131.62 246.20 -20.29
v -141.20 243.20 -21.69
v -139.97 228.90 -13.91
v -139.97 228.90 -13.91
v -141.20 243.20 -21.69
v -150.03 239.34 -24.56
v -149.53 225.99 -16.74
v -131.62 246.20 -20.29
v -133.24 261.05 -28.72
v -142.04 257.04 -30.24
v -141.20 243.20 -21.69
v -141.20 243.20 -21.69
v -142.04 257.04 -30.24
v -150.80 253.00 -31.83
v -150.03 239.34 -24.56
v -128.28 227.14 -17.19
v -129.74 240.39 -26.28
v -131.07 243.42 -23.00
v -130.14 229.45 -13.99
v -130.14 229.45 -13.99
v -131.07 243.42 -23.00
v -132.13 246.53 -19.68
v -130.66 232.11 -10.58
v -129.74 240.39 -26.28
v -132.12 253.40 -35.53
v -132.34 257.31 -32.07
v -131.07 243.42 -23.00
v -131.07 243.42 -23.00
v -132.34 257.31 -32.07
v -133.24 261.05 -28.72
v -132.13 246.53 -19.68
v -149.08 222.25 -20.50
v -149.38 224.12 -18.62
v -150.07 237.51 -26.72
v -149.91 235.53 -29.16
v -149.91 235.53 -29.16
v -150.07 237.51 -26.72
v -151.01 250.88 -34.83
v -150.99 248.78 -37.82
v -149.38 224.12 -18.62
v -149.53 225.99 -16.74
v -150.25 239.49 -24.29
v -150.07 237.51 -26.72
v -150.07 237.51 -26.72
v -150.25 239.49 -24.29
v -150.80 253.00 -31.83
v -151.01 250.88 -34.83
v -128.28 227.14 -17.19
v -129.49 229.77 -14.00
v -139.38 226.83 -16.22
v -138.64 224.37 -18.59
v -138.64 224.37 -18.59
v -139.38 226.83 -16.22
v -149.29 224.02 -18.54
v -149.08 222.25 -20.50
v -129.49 229.77 -14.00
v -130.66 232.11 -10.58
v -140.07 228.84 -13.50
v -139.38 226.83 -16.22
v -139.38 226.83 -16.22
v -140.07 228.84 -13.50
v -149.53 225.99 -16.74
v -149.29 224.02 -18.54
v -132.12 253.40 -35.53
v -141.50 250.55 -36.06
v -141.74 253.59 -32.94
v -132.69 257.32 -32.23
v -132.69 257.32 -32.23
v -141.74 253.59 -32.94
v -142.04 257.15 -30.42
v -133.24 261.05 -28.72
v -141.50 250.55 -36.06
v -150.99 248.78 -37.82
v -150.84 250.39 -34.25
v -141.74 253.59 -32.94
v -141.74 253.59 -32.94
v -150.84 250.39 -34.25
v -150.80 253.00 -31.83
v -142.04 257.15 -30.42
v -126.83 245.46 -19.72
v -131.33 242.42 -20.75
v -135.98 252.55 -26.95
v -129.79 255.09 -26.82
v -129.79 255.09 -26.82
v -135.98 252.55 -26.95
v -140.08 262.20 -34.08
v -133.12 265.05 -33.26
v -131.33 242.42 -20.75
v -135.80 239.36 -21.82
v -141.56 249.47 -28.13
v -135.98 252.55 -26.95
v -135.98 252.55 -26.95
v -141.56 249.47 -28.13
v -147.34 259.60 -34.40
v -140.08 262.20 -34.08
v -125.22 248.69 -13.73
v -130.32 258.20 -20.82
v -136.35 255.48 -22.15
v -131.69 246.50 -13.34
v -131.69 246.50 -13.34
v -136.35 255.48 -22.15
v -142.89 253.92 -21.74
v -137.85 243.60 -14.02
v -130.32 258.20 -20.82
v -135.14 267.08 -28.87
v -141.40 265.36 -29.63
v -136.35 255.48 -22.15
v -136.35 255.48 -22.15
v -141.40 265.36 -29.63
v -147.62 263.54 -30.53
v -142.89 253.92 -21.74
v -126.83 245.46 -19.72
v -129.97 255.26 -26.49
v -130.57 256.52 -23.74
v -126.08 247.07 -16.71
v -126.08 247.07 -16.71
v -130.57 256.52 -23.74
v -129.92 257.91 -21.39
v -125.22 248.69 -13.73
v -129.97 255.26 -26.49
v -133.12 265.05 -33.26
v -134.24 266.05 -31.03
v -130.57 256.52 -23.74
v -130.57 256.52 -23.74
v -134.24 266.05 -31.03
v -135.14 267.08 -28.87
v -129.92 257.91 -21.39
v -135.80 239.36 -21.82
v -137.40 241.17 -17.90
v -141.95 251.63 -25.20
v -141.85 249.33 -28.10
v -141.85 249.33 -28.10
v -141.95 251.63 -25.20
v -147.76 261.41 -32.45
v -147.34 259.60 -34.40
v -137.40 241.17 -17.90
v -137.85 243.60 -14.02
v -142.90 253.47 -22.27
v -141.95 251.63 -25.20
v -141.95 251.63 -25.20
v -142.90 253.47 -22.27
v -147.62 263.54 -30.53
v -147.76 261.41 -32.45
v -126.83 245.46 -19.72
v -125.96 246.96 -16.68
v -131.26 244.00 -17.22
v -131.22 242.25 -20.71
v -131.22 242.25 -20.71
v -131.26 244.00 -17.22
v -136.85 241.52 -17.93
v -135.80 239.36 -21.82
v -125.96 246.96 -16.68
v -125.22 248.69 -13.73
v -131.46 246.02 -13.83
v -131.26 244.00 -17.22
v -131.26 244.00 -17.22
v -131.46 246.02 -13.83
v -137.85 243.60 -14.02
v -136.85 241.52 -17.93
v -133.12 265.05 -33.26
v -140.38 262.77 -34.10
v -140.70 263.51 -31.57
v -134.31 266.60 -31.40
v -134.31 266.60 -31.40
v -140.70 263.51 -31.57
v -141.33 265.17 -29.61
v -135.14 267.08 -28.87
v -140.38 262.77 -34.10
v -147.34 259.60 -34.40
v -147.32 261.10 -32.17
v -140.70 263.51 -31.57
v -140.70 263.51 -31.57
v -147.32 261.10 -32.17
v -147.62 263.54 -30.53
v -141.33 265.17 -29.61
v -62.75 151.97 41.31
v -71.81 131.46 63.77
v -68.08 141.24 74.51
v -59.02 161.73 52.04
v -71.81 131.46 63.77
v -91.07 120.35 81.18
v -87.33 130.13 91.93
v -68.08 141.24 74.51
v -91.07 120.35 81.18
v -106.16 105.61 100.59
v -102.42 115.41 111.35
v -87.33 130.13 91.93
v -106.16 105.61 100.59
v -109.88 92.96 113.71
v -106.14 102.76 124.47
v -102.42 115.41 111.35
v -109.88 92.96 113.71
v -87.27 88.43 109.16
v -83.53 98.21 119.90
v -106.14 102.76 124.47
v -87.27 88.43 109.16
v -82.25 78.75 116.03
v -78.51 88.53 126.78
v -83.53 98.21 119.90
v -82.25 78.75 116.03
v -92.11 49.09 146.38
v -88.37 58.87 157.13
v -78.51 88.53 126.78
v -92.11 49.09 146.38
v -66.96 56.80 129.91
v -63.23 66.57 140.65
v -88.37 58.87 157.13
v -66.96 56.80 129.91
v -57.05 46.09 135.66
v -53.32 55.85 146.38
v -63.23 66.57 140.65
v -57.05 46.09 135.66
v -47.97 17.55 157.05
v -44.25 27.29 167.76
v -53.32 55.85 146.38
v -47.97 17.55 157.05
v -35.21 15.95 153.70
v -31.49 25.69 164.40
v -44.25 27.29 167.76
v -35.21 15.95 153.70
v -19.51 30.77 135.34
v -15.79 40.52 146.04
v -31.49 25.69 164.40
v -19.51 30.77 135.34
v -5.29 47.07 116.32
v -1.56 56.83 127.04
v -15.79 40.52 146.04
v -5.29 47.07 116.32
v 13.59 56.69 101.64
v 17.32 66.46 112.37
v -1.56 56.83 127.04
v 13.59 56.69 101.64
v 28.32 71.62 83.89
v 32.06 81.40 94.63
v 17.32 66.46 112.37
v 28.32 71.62 83.89
v 32.67 88.34 67.87
v 36.41 98.13 78.62
v 32.06 81.40 94.63
v 32.67 88.34 67.87
v 17.76 111.79 51.68
v 21.50 121.58 62.43
v 36.41 98.13 78.62
v 17.76 111.79 51.68
v 16.25 141.61 25.08
v 19.99 151.40 35.83
v 21.50 121.58 62.43
v 16.25 141.61 25.08
v 2.66 174.26 -1.09
v 6.39 184.04 9.65
v 19.99 151.40 35.83
v 2.66 174.26 -1.09
v -19.63 187.36 -6.60
v -15.90 197.12 4.11
v 6.39 184.04 9.65
v -19.63 187.36 -6.60
v -32.38 179.78 4.71
v -28.65 189.53 15.42
v -15.90 197.12 4.11
v -32.38 179.78 4.71
v -47.45 168.26 20.65
v -43.73 178.02 31.36
v -28.65 189.53 15.42
v -47.45 168.26 20.65
v -62.75 151.97 41.31
v -59.02 161.73 52.04
v -43.73 178.02 31.36
v -59.02 161.73 52.04
v -68.08 141.24 74.51
v -56.44 131.98 78.95
v -50.79 144.76 65.10
v -71.81 131.46 63.77
v -62.75 151.97 41.31
v -54.61 134.76 54.11
v -60.26 121.97 67.96
v -68.08 141.24 74.51
v -87.33 130.13 91.93
v -68.40 125.03 89.68
v -56.44 131.98 78.95
v -91.07 120.35 81.18
v -71.81 131.46 63.77
v -60.26 121.97 67.96
v -72.22 115.02 78.68
v -87.33 130.13 91.93
v -102.42 115.41 111.35
v -77.79 115.82 101.63
v -68.40 125.03 89.68
v -106.16 105.61 100.59
v -91.07 120.35 81.18
v -72.22 115.02 78.68
v -81.61 105.80 90.63
v -102.42 115.41 111.35
v -106.14 102.76 124.47
v -80.10 107.94 109.72
v -77.79 115.82 101.63
v -109.88 92.96 113.71
v -106.16 105.61 100.59
v -81.61 105.80 90.63
v -83.93 97.93 98.72
v -106.14 102.76 124.47
v -83.53 98.21 119.90
v -66.05 105.21 106.99
v -80.10 107.94 109.72
v -87.27 88.43 109.16
v -109.88 92.96 113.71
v -83.93 97.93 98.72
v -69.88 95.20 96.00
v -83.53 98.21 119.90
v -78.51 88.53 126.78
v -62.93 99.23 111.28
v -66.05 105.21 106.99
v -82.25 78.75 116.03
v -87.27 88.43 109.16
v -69.88 95.20 96.00
v -66.76 89.22 100.28
v -78.51 88.53 126.78
v -88.37 58.87 157.13
v -69.04 80.85 130.11
v -62.93 99.23 111.28
v -92.11 49.09 146.38
v -82.25 78.75 116.03
v -66.76 89.22 100.28
v -72.87 70.84 119.11
v -88.37 58.87 157.13
v -63.23 66.57 140.65
v -53.42 85.71 119.98
v -69.04 80.85 130.11
v -66.96 56.80 129.91
v -92.11 49.09 146.38
v -72.87 70.84 119.11
v -57.25 75.70 108.98
v -63.23 66.57 140.65
v -53.32 55.85 146.38
v -47.25 79.12 123.60
v -53.42 85.71 119.98
v -57.05 46.09 135.66
v -66.96 56.80 129.91
v -57.25 75.70 108.98
v -51.08 69.12 112.61
v -53.32 55.85 146.38
v -44.25 27.29 167.76
v -41.57 61.58 137.03
v -47.25 79.12 123.60
v -47.97 17.55 157.05
v -57.05 46.09 135.66
v -51.08 69.12 112.61
v -45.39 51.58 126.05
v -44.25 27.29 167.76
v -31.49 25.69 164.40
v -33.65 60.63 135.00
v -41.57 61.58 137.03
v -35.21 15.95 153.70
v -47.97 17.55 157.05
v -45.39 51.58 126.05
v -37.46 50.63 124.02
v -31.49 25.69 164.40
v -15.79 40.52 146.04
v -23.93 69.76 123.54
v -33.65 60.63 135.00
v -19.51 30.77 135.34
v -35.21 15.95 153.70
v -37.46 50.63 124.02
v -27.75 59.76 112.56
v -15.79 40.52 146.04
v -1.56 56.83 127.04
v -15.15 79.78 111.66
v -23.93 69.76 123.54
v -5.29 47.07 116.32
v -19.51 30.77 135.34
v -27.75 59.76 112.56
v -18.97 69.78 100.68
v -1.56 56.83 127.04
v 17.32 66.46 112.37
v -3.47 85.68 102.49
v -15.15 79.78 111.66
v 13.59 56.69 101.64
v -5.29 47.07 116.32
v -18.97 69.78 100.68
v -7.29 75.67 91.50
v 17.32 66.46 112.37
v 32.06 81.40 94.63
v 5.63 94.83 91.37
v -3.47 85.68 102.49
v 28.32 71.62 83.89
v 13.59 56.69 101.64
v -7.29 75.67 91.50
v 1.80 84.82 80.38
v 32.06 81.40 94.63
v 36.41 98.13 78.62
v 8.30 105.12 81.36
v 5.63 94.83 91.37
v 32.67 88.34 67.87
v 28.32 71.62 83.89
v 1.80 84.82 80.38
v 4.47 95.11 70.36
v 36.41 98.13 78.62
v 21.50 121.58 62.43
v -0.95 119.66 71.32
v 8.30 105.12 81.36
v 17.76 111.79 51.68
v 32.67 88.34 67.87
v 4.47 95.11 70.36
v -4.77 109.65 60.32
v 21.50 121.58 62.43
v 19.99 151.40 35.83
v -1.88 138.15 54.83
v -0.95 119.66 71.32
v 16.25 141.61 25.08
v 17.76 111.79 51.68
v -4.77 109.65 60.32
v -5.71 128.14 43.83
v 19.99 151.40 35.83
v 6.39 184.04 9.65
v -10.27 158.52 38.74
v -1.88 138.15 54.83
v 2.66 174.26 -1.09
v 16.25 141.61 25.08
v -5.71 128.14 43.83
v -14.09 148.51 27.74
v 6.39 184.04 9.65
v -15.90 197.12 4.11
v -24.03 166.78 35.47
v -10.27 158.52 38.74
v -19.63 187.36 -6.60
v 2.66 174.26 -1.09
v -14.09 148.51 27.74
v -27.85 156.78 24.49
v -15.90 197.12 4.11
v -28.65 189.53 15.42
v -31.93 162.08 42.49
v -24.03 166.78 35.47
v -32.38 179.78 4.71
v -19.63 187.36 -6.60
v -27.85 156.78 24.49
v -35.75 152.08 31.50
v -28.65 189.53 15.42
v -43.73 178.02 31.36
v -41.29 154.92 52.35
v -31.93 162.08 42.49
v -47.45 168.26 20.65
v -32.38 179.78 4.71
v -35.75 152.08 31.50
v -45.11 144.91 41.36
v -43.73 178.02 31.36
v -59.02 161.73 52.04
v -50.79 144.76 65.10
v -41.29 154.92 52.35
v -62.75 151.97 41.31
v -47.45 168.26 20.65
v -45.11 144.91 41.36
v -54.61 134.76 54.11
v -50.79 144.76 65.10
v -56.44 131.98 78.95
v -46.64 124.18 82.68
v -43.90 130.39 76.01
v -60.26 121.97 67.96
v -54.61 134.76 54.11
v -47.81 120.15 64.76
v -50.55 113.94 71.43
v -56.44 131.98 78.95
v -68.40 125.03 89.68
v -52.44 120.79 87.84
v -46.64 124.18 82.68
v -72.22 115.02 78.68
v -60.26 121.97 67.96
v -50.55 113.94 71.43
v -56.35 110.54 76.59
v -68.40 125.03 89.68
v -77.79 115.82 101.63
v -56.99 116.29 93.59
v -52.44 120.79 87.84
v -81.61 105.80 90.63
v -72.22 115.02 78.68
v -56.35 110.54 76.59
v -60.91 106.05 82.33
v -77.79 115.82 101.63
v -80.10 107.94 109.72
v -58.12 112.47 97.49
v -56.99 116.29 93.59
v -83.93 97.93 98.72
v -81.61 105.80 90.63
v -60.91 106.05 82.33
v -62.03 102.23 86.23
v -80.10 107.94 109.72
v -66.05 105.21 106.99
v -51.31 111.19 96.21
v -58.12 112.47 97.49
v -69.88 95.20 96.00
v -83.93 97.93 98.72
v -62.03 102.23 86.23
v -55.22 100.94 84.96
v -66.05 105.21 106.99
v -62.93 99.23 111.28
v -49.79 108.30 98.29
v -51.31 111.19 96.21
v -66.76 89.22 100.28
v -69.88 95.20 96.00
v -55.22 100.94 84.96
v -53.70 98.06 87.04
v -62.93 99.23 111.28
v -69.04 80.85 130.11
v -52.75 99.41 107.41
v -49.79 108.30 98.29
v -72.87 70.84 119.11
v -66.76 89.22 100.28
v -53.70 98.06 87.04
v -56.66 89.17 96.15
v -69.04 80.85 130.11
v -53.42 85.71 119.98
v -45.18 101.79 102.54
v -52.75 99.41 107.41
v -57.25 75.70 108.98
v -72.87 70.84 119.11
v -56.66 89.17 96.15
v -49.09 91.55 91.29
v -53.42 85.71 119.98
v -47.25 79.12 123.60
v -42.18 98.64 104.32
v -45.18 101.79 102.54
v -51.08 69.12 112.61
v -57.25 75.70 108.98
v -49.09 91.55 91.29
v -46.09 88.39 93.07
v -47.25 79.12 123.60
v -41.57 61.58 137.03
v -39.41 90.21 110.89
v -42.18 98.64 104.32
v -45.39 51.58 126.05
v -51.08 69.12 112.61
v -46.09 88.39 93.07
v -43.32 79.97 99.65
v -41.57 61.58 137.03
v -33.65 60.63 135.00
v -35.57 89.77 109.93
v -39.41 90.21 110.89
v -37.46 50.63 124.02
v -45.39 51.58 126.05
v -43.32 79.97 99.65
v -39.48 79.53 98.68
v -33.65 60.63 135.00
v -23.93 69.76 123.54
v -30.88 94.16 104.35
v -35.57 89.77 109.93
v -27.75 59.76 112.56
v -37.46 50.63 124.02
v -39.48 79.53 98.68
v -34.79 83.92 93.11
v -23.93 69.76 123.54
v -15.15 79.78 111.66
v -26.64 98.97 98.57
v -30.88 94.16 104.35
v -18.97 69.78 100.68
v -27.75 59.76 112.56
v -34.79 83.92 93.11
v -30.55 88.73 87.32
v -15.15 79.78 111.66
v -3.47 85.68 102.49
v -21.00 101.80 94.10
v -26.64 98.97 98.57
v -7.29 75.67 91.50
v -18.97 69.78 100.68
v -30.55 88.73 87.32
v -24.91 91.55 82.85
v -3.47 85.68 102.49
v 5.63 94.83 91.37
v -16.61 106.18 88.67
v -21.00 101.80 94.10
v 1.80 84.82 80.38
v -7.29 75.67 91.50
v -24.91 91.55 82.85
v -20.53 95.94 77.42
v 5.63 94.83 91.37
v 8.30 105.12 81.36
v -15.33 111.13 83.79
v -16.61 106.18 88.67
v 4.47 95.11 70.36
v 1.80 84.82 80.38
v -20.53 95.94 77.42
v -19.25 100.88 72.53
v 8.30 105.12 81.36
v -0.95 119.66 71.32
v -19.81 118.17 78.93
v -15.33 111.13 83.79
v -4.77 109.65 60.32
v 4.47 95.11 70.36
v -19.25 100.88 72.53
v -23.72 107.92 67.68
v -0.95 119.66 71.32
v -1.88 138.15 54.83
v -20.26 127.11 70.95
v -19.81 118.17 78.93
v -5.71 128.14 43.83
v -4.77 109.65 60.32
v -23.72 107.92 67.68
v -24.17 116.87 59.70
v -1.88 138.15 54.83
v -10.27 158.52 38.74
v -24.30 137.02 63.22
v -20.26 127.11 70.95
v -14.09 148.51 27.74
v -5.71 128.14 43.83
v -24.17 116.87 59.70
v -28.21 126.78 51.97
v -10.27 158.52 38.74
v -24.03 166.78 35.47
v -30.93 141.08 61.71
v -24.30 137.02 63.22
v -27.85 156.78 24.49
v -14.09 148.51 27.74
v -28.21 126.78 51.97
v -34.84 130.84 50.46
v -24.03 166.78 35.47
v -31.93 162.08 42.49
v -34.76 138.81 65.11
v -30.93 141.08 61.71
v -35.75 152.08 31.50
v -27.85 156.78 24.49
v -34.84 130.84 50.46
v -38.67 128.56 53.86
v -31.93 162.08 42.49
v -41.29 154.92 52.35
v -39.29 135.33 69.87
v -34.76 138.81 65.11
v -45.11 144.91 41.36
v -35.75 152.08 31.50
v -38.67 128.56 53.86
v -43.20 125.09 58.62
v -41.29 154.92 52.35
v -50.79 144.76 65.10
v -43.90 130.39 76.01
v -39.29 135.33 69.87
v -54.61 134.76 54.11
v -45.11 144.91 41.36
v -43.20 125.09 58.62
v -47.81 120.15 64.76
v -43.90 130.39 76.01
v -46.64 124.18 82.68
v -37.45 116.85 86.17
v -50.55 113.94 71.43
v -47.81 120.15 64.76
v -41.40 106.51 74.81
v -46.64 124.18 82.68
v -52.44 120.79 87.84
v -37.45 116.85 86.17
v -56.35 110.54 76.59
v -50.55 113.94 71.43
v -41.40 106.51 74.81
v -52.44 120.79 87.84
v -56.99 116.29 93.59
v -37.45 116.85 86.17
v -60.91 106.05 82.33
v -56.35 110.54 76.59
v -41.40 106.51 74.81
v -56.99 116.29 93.59
v -58.12 112.47 97.49
v -37.45 116.85 86.17
v -62.03 102.23 86.23
v -60.91 106.05 82.33
v -41.40 106.51 74.81
v -58.12 112.47 97.49
v -51.31 111.19 96.21
v -37.45 116.85 86.17
v -55.22 100.94 84.96
v -62.03 102.23 86.23
v -41.40 106.51 74.81
v -51.31 111.19 96.21
v -49.79 108.30 98.29
v -37.45 116.85 86.17
v -53.70 98.06 87.04
v -55.22 100.94 84.96
v -41.40 106.51 74.81
v -49.79 108.30 98.29
v -52.75 99.41 107.41
v -37.45 116.85 86.17
v -56.66 89.17 96.15
v -53.70 98.06 87.04
v -41.40 106.51 74.81
v -52.75 99.41 107.41
v -45.18 101.79 102.54
v -37.45 116.85 86.17
v -49.09 91.55 91.29
v -56.66 89.17 96.15
v -41.40 106.51 74.81
v -45.18 101.79 102.54
v -42.18 98.64 104.32
v -37.45 116.85 86.17
v -46.09 88.39 93.07
v -49.09 91.55 91.29
v -41.40 106.51 74.81
v -42.18 98.64 104.32
v -39.41 90.21 110.89
v -37.45 116.85 86.17
v -43.32 79.97 99.65
v -46.09 88.39 93.07
v -41.40 106.51 74.81
v -39.41 90.21 110.89
v -35.57 89.77 109.93
v -37.45 116.85 86.17
v -39.48 79.53 98.68
v -43.32 79.97 99.65
v -41.40 106.51 74.81
v -35.57 89.77 109.93
v -30.88 94.16 104.35
v -37.45 116.85 86.17
v -34.79 83.92 93.11
v -39.48 79.53 98.68
v -41.40 106.51 74.81
v -30.88 94.16 104.35
v -26.64 98.97 98.57
v -37.45 116.85 86.17
v -30.55 88.73 87.32
v -34.79 83.92 93.11
v -41.40 106.51 74.81
v -26.64 98.97 98.57
v -21.00 101.80 94.10
v -37.45 116.85 86.17
v -24.91 91.55 82.85
v -30.55 88.73 87.32
v -41.40 106.51 74.81
v -21.00 101.80 94.10
v -16.61 106.18 88.67
v -37.45 116.85 86.17
v -20.53 95.94 77.42
v -24.91 91.55 82.85
v -41.40 106.51 74.81
v -16.61 106.18 88.67
v -15.33 111.13 83.79
v -37.45 116.85 86.17
v -19.25 100.88 72.53
v -20.53 95.94 77.42
v -41.40 106.51 74.81
v -15.33 111.13 83.79
v -19.81 118.17 78.93
v -37.45 116.85 86.17
v -23.72 107.92 67.68
v -19.25 100.88 72.53
v -41.40 106.51 74.81
v -19.81 118.17 78.93
v -20.26 127.11 70.95
v -37.45 116.85 86.17
v -24.17 116.87 59.70
v -23.72 107.92 67.68
v -41.40 106.51 74.81
v -20.26 127.11 70.95
v -24.30 137.02 63.22
v -37.45 116.85 86.17
v -28.21 126.78 51.97
v -24.17 116.87 59.70
v -41.40 106.51 74.81
v -24.30 137.02 63.22
v -30.93 141.08 61.71
v -37.45 116.85 86.17
v -34.84 130.84 50.46
v -28.21 126.78 51.97
v -41.40 106.51 74.81
v -30.93 141.08 61.71
v -34.76 138.81 65.11
v -37.45 116.85 86.17
v -38.67 128.56 53.86
v -34.84 130.84 50.46
v -41.40 106.51 74.81
v -34.76 138.81 65.11
v -39.29 135.33 69.87
v -37.45 116.85 86.17
v -43.20 125.09 58.62
v -38.67 128.56 53.86
v -41.40 106.51 74.81
v -39.29 135.33 69.87
v -43.90 130.39 76.01
v -37.45 116.85 86.17
v -47.81 120.15 64.76
v -43.20 125.09 58.62
v -41.40 106.51 74.81
v -204.09 -71.24 7.93
v -211.48 -83.93 6.65
v -221.38 -79.32 20.21
v -213.99 -66.62 21.50
v -211.48 -83.93 6.65
v -200.63 -92.71 18.34
v -210.54 -88.09 31.92
v -221.38 -79.32 20.21
v -200.63 -92.71 18.34
v -199.33 -106.58 24.35
v -209.24 -101.95 37.94
v -210.54 -88.09 31.92
v -199.33 -106.58 24.35
v -184.48 -110.23 37.08
v -194.40 -105.60 50.68
v -209.24 -101.95 37.94
v -184.48 -110.23 37.08
v -179.93 -122.38 44.88
v -189.85 -117.75 58.49
v -194.40 -105.60 50.68
v -179.93 -122.38 44.88
v -172.60 -131.40 53.61
v -182.53 -126.76 67.23
v -189.85 -117.75 58.49
v -172.60 -131.40 53.61
v -165.40 -132.84 59.48
v -175.33 -128.21 73.09
v -182.53 -126.76 67.23
v -165.40 -132.84 59.48
v -158.02 -134.69 65.57
v -167.95 -130.05 79.19
v -175.33 -128.21 73.09
v -158.02 -134.69 65.57
v -149.05 -130.90 70.77
v -158.98 -126.26 84.39
v -167.95 -130.05 79.19
v -149.05 -130.90 70.77
v -143.55 -153.30 82.65
v -153.49 -148.66 96.27
v -158.98 -126.26 84.39
v -143.55 -153.30 82.65
v -133.34 -153.01 89.82
v -143.28 -148.37 103.44
v -153.49 -148.66 96.27
v -133.34 -153.01 89.82
v -125.96 -130.82 87.29
v -135.89 -126.19 100.90
v -143.28 -148.37 103.44
v -125.96 -130.82 87.29
v -111.21 -125.71 95.88
v -121.13 -121.08 109.48
v -135.89 -126.19 100.90
v -111.21 -125.71 95.88
v -95.24 -116.65 103.82
v -105.15 -112.03 117.41
v -121.13 -121.08 109.48
v -95.24 -116.65 103.82
v -87.62 -98.59 102.95
v -97.54 -93.97 116.53
v -105.15 -112.03 117.41
v -87.62 -98.59 102.95
v -71.24 -89.28 110.96
v -81.14 -84.66 124.53
v -97.54 -93.97 116.53
v -71.24 -89.28 110.96
v -72.55 -73.39 104.83
v -82.46 -68.76 118.41
v -81.14 -84.66 124.53
v -72.55 -73.39 104.83
v -75.34 -56.31 97.34
v -85.25 -51.69 110.92
v -82.46 -68.76 118.41
v -75.34 -56.31 97.34
v -81.74 -40.02 87.63
v -91.65 -35.39 101.22
v -85.25 -51.69 110.92
v -81.74 -40.02 87.63
v -82.83 -21.49 80.84
v -92.75 -16.86 94.43
v -91.65 -35.39 101.22
v -82.83 -21.49 80.84
v -88.63 -6.33 71.88
v -98.55 -1.70 85.48
v -92.75 -16.86 94.43
v -88.63 -6.33 71.88
v -94.74 6.38 63.44
v -104.67 11.02 77.05
v -98.55 -1.70 85.48
v -94.74 6.38 63.44
v -100.61 15.59 56.27
v -110.54 20.23 69.89
v -104.67 11.02 77.05
v -100.61 15.59 56.27
v -111.30 16.03 48.41
v -121.23 20.66 62.03
v -110.54 20.23 69.89
v -111.30 16.03 48.41
v -121.60 17.02 40.55
v -131.54 21.66 54.16
v -121.23 20.66 62.03
v -121.60 17.02 40.55
v -131.88 15.38 33.49
v -141.81 20.01 47.10
v -131.54 21.66 54.16
v -131.88 15.38 33.49
v -142.54 26.55 21.79
v -152.48 31.19 35.41
v -141.81 20.01 47.10
v -142.54 26.55 21.79
v -162.85 -0.90 15.51
v -172.77 3.73 29.11
v -152.48 31.19 35.41
v -162.85 -0.90 15.51
v -173.89 -32.44 17.82
v -183.81 -27.82 31.41
v -172.77 3.73 29.11
v -173.89 -32.44 17.82
v -205.85 -49.46 -1.23
v -215.75 -44.85 12.33
v -183.81 -27.82 31.41
v -205.85 -49.46 -1.23
v -204.09 -71.24 7.93
v -213.99 -66.62 21.50
v -215.75 -44.85 12.33
v -213.99 -66.62 21.50
v -221.38 -79.32 20.21
v -184.77 -68.49 44.85
v -180.91 -61.89 45.48
v -211.48 -83.93 6.65
v -204.09 -71.24 7.93
v -171.03 -66.50 31.95
v -174.90 -73.10 31.31
v -221.38 -79.32 20.21
v -210.54 -88.09 31.92
v -179.04 -73.09 50.82
v -184.77 -68.49 44.85
v -200.63 -92.71 18.34
v -211.48 -83.93 6.65
v -174.90 -73.10 31.31
v -169.17 -77.70 37.28
v -210.54 -88.09 31.92
v -209.24 -101.95 37.94
v -178.33 -80.32 53.89
v -179.04 -73.09 50.82
v -199.33 -106.58 24.35
v -200.63 -92.71 18.34
v -169.17 -77.70 37.28
v -168.45 -84.93 40.35
v -209.24 -101.95 37.94
v -194.40 -105.60 50.68
v -170.54 -82.25 60.41
v -178.33 -80.32 53.89
v -184.48 -110.23 37.08
v -199.33 -106.58 24.35
v -168.45 -84.93 40.35
v -160.66 -86.86 46.87
v -194.40 -105.60 50.68
v -189.85 -117.75 58.49
v -168.14 -88.59 64.42
v -170.54 -82.25 60.41
v -179.93 -122.38 44.88
v -184.48 -110.23 37.08
v -160.66 -86.86 46.87
v -158.25 -93.20 50.88
v -189.85 -117.75 58.49
v -182.53 -126.76 67.23
v -164.29 -93.29 68.92
v -168.14 -88.59 64.42
v -172.60 -131.40 53.61
v -179.93 -122.38 44.88
v -158.25 -93.20 50.88
v -154.41 -97.90 55.37
v -182.53 -126.76 67.23
v -175.33 -128.21 73.09
v -160.54 -94.05 71.95
v -164.29 -93.29 68.92
v -165.40 -132.84 59.48
v -172.60 -131.40 53.61
v -154.41 -97.90 55.37
v -150.65 -98.66 58.40
v -175.33 -128.21 73.09
v -167.95 -130.05 79.19
v -156.69 -95.01 75.10
v -160.54 -94.05 71.95
v -158.02 -134.69 65.57
v -165.40 -132.84 59.48
v -150.65 -98.66 58.40
v -146.80 -99.62 61.56
v -167.95 -130.05 79.19
v -158.98 -126.26 84.39
v -152.03 -93.04 77.82
v -156.69 -95.01 75.10
v -149.05 -130.90 70.77
v -158.02 -134.69 65.57
v -146.80 -99.62 61.56
v -142.15 -97.65 64.27
v -158.98 -126.26 84.39
v -153.49 -148.66 96.27
v -149.15 -104.70 83.96
v -152.03 -93.04 77.82
v -143.55 -153.30 82.65
v -149.05 -130.90 70.77
v -142.15 -97.65 64.27
v -139.26 -109.31 70.41
v -153.49 -148.66 96.27
v -143.28 -148.37 103.44
v -143.86 -104.54 87.71
v -149.15 -104.70 83.96
v -133.34 -153.01 89.82
v -143.55 -153.30 82.65
v -139.26 -109.31 70.41
v -133.97 -109.15 74.17
v -143.28 -148.37 103.44
v -135.89 -126.19 100.90
v -140.06 -92.98 86.45
v -143.86 -104.54 87.71
v -125.96 -130.82 87.29
v -133.34 -153.01 89.82
v -133.97 -109.15 74.17
v -130.17 -97.59 72.90
v -135.89 -126.19 100.90
v -121.13 -121.08 109.48
v -132.43 -90.30 90.98
v -140.06 -92.98 86.45
v -111.21 -125.71 95.88
v -125.96 -130.82 87.29
v -130.17 -97.59 72.90
v -122.55 -94.91 77.44
v -121.13 -121.08 109.48
v -105.15 -112.03 117.41
v -124.20 -85.56 95.20
v -132.43 -90.30 90.98
v -95.24 -116.65 103.82
v -111.21 -125.71 95.88
v -122.55 -94.91 77.44
v -114.32 -90.17 81.66
v -105.15 -112.03 117.41
v -97.54 -93.97 116.53
v -120.27 -76.16 94.79
v -124.20 -85.56 95.20
v -87.62 -98.59 102.95
v -95.24 -116.65 103.82
v -114.32 -90.17 81.66
v -110.39 -80.77 81.25
v -97.54 -93.97 116.53
v -81.14 -84.66 124.53
v -111.83 -71.27 99.07
v -120.27 -76.16 94.79
v -71.24 -89.28 110.96
v -87.62 -98.59 102.95
v -110.39 -80.77 81.25
v -101.95 -75.88 85.53
v -81.14 -84.66 124.53
v -82.46 -68.76 118.41
v -112.49 -63.02 95.85
v -111.83 -71.27 99.07
v -72.55 -73.39 104.83
v -71.24 -89.28 110.96
v -101.95 -75.88 85.53
v -102.61 -67.63 82.31
v -82.46 -68.76 118.41
v -85.25 -51.69 110.92
v -113.90 -54.16 91.90
v -112.49 -63.02 95.85
v -75.34 -56.31 97.34
v -72.55 -73.39 104.83
v -102.61 -67.63 82.31
v -104.02 -58.77 78.36
v -85.25 -51.69 110.92
v -91.65 -35.39 101.22
v -117.17 -45.72 86.77
v -113.90 -54.16 91.90
v -81.74 -40.02 87.63
v -75.34 -56.31 97.34
v -104.02 -58.77 78.36
v -107.29 -50.33 73.23
v -91.65 -35.39 101.22
v -92.75 -16.86 94.43
v -117.71 -36.09 83.20
v -117.17 -45.72 86.77
v -82.83 -21.49 80.84
v -81.74 -40.02 87.63
v -107.29 -50.33 73.23
v -107.82 -40.70 69.65
v -92.75 -16.86 94.43
v -98.55 -1.70 85.48
v -120.67 -28.23 78.47
v -117.71 -36.09 83.20
v -88.63 -6.33 71.88
v -82.83 -21.49 80.84
v -107.82 -40.70 69.65
v -110.79 -32.84 64.93
v -98.55 -1.70 85.48
v -104.67 11.02 77.05
v -123.81 -21.64 74.04
v -120.67 -28.23 78.47
v -94.74 6.38 63.44
v -88.63 -6.33 71.88
v -110.79 -32.84 64.93
v -113.93 -26.25 60.49
v -104.67 11.02 77.05
v -110.54 20.23 69.89
v -126.84 -16.86 70.27
v -123.81 -21.64 74.04
v -100.61 15.59 56.27
v -94.74 6.38 63.44
v -113.93 -26.25 60.49
v -116.95 -21.48 56.72
v -110.54 20.23 69.89
v -121.23 20.66 62.03
v -132.39 -16.64 66.17
v -126.84 -16.86 70.27
v -111.30 16.03 48.41
v -100.61 15.59 56.27
v -116.95 -21.48 56.72
v -122.50 -21.25 52.62
v -121.23 20.66 62.03
v -131.54 21.66 54.16
v -137.75 -16.12 62.08
v -132.39 -16.64 66.17
v -121.60 17.02 40.55
v -111.30 16.03 48.41
v -122.50 -21.25 52.62
v -127.86 -20.74 48.54
v -131.54 21.66 54.16
v -141.81 20.01 47.10
v -143.10 -16.97 58.43
v -137.75 -16.12 62.08
v -131.88 15.38 33.49
v -121.60 17.02 40.55
v -127.86 -20.74 48.54
v -133.22 -21.59 44.88
v -141.81 20.01 47.10
v -152.48 31.19 35.41
v -148.66 -11.16 52.37
v -143.10 -16.97 58.43
v -142.54 26.55 21.79
v -131.88 15.38 33.49
v -133.22 -21.59 44.88
v -138.78 -15.77 38.82
v -152.48 31.19 35.41
v -172.77 3.73 29.11
v -159.31 -25.39 49.22
v -148.66 -11.16 52.37
v -162.85 -0.90 15.51
v -142.54 26.55 21.79
v -138.78 -15.77 38.82
v -149.43 -30.00 35.67
v -172.77 3.73 29.11
v -183.81 -27.82 31.41
v -165.09 -41.78 50.47
v -159.31 -25.39 49.22
v -173.89 -32.44 17.82
v -162.85 -0.90 15.51
v -149.43 -30.00 35.67
v -155.21 -46.39 36.93
v -183.81 -27.82 31.41
v -215.75 -44.85 12.33
v -181.87 -50.55 40.79
v -165.09 -41.78 50.47
v -205.85 -49.46 -1.23
v -173.89 -32.44 17.82
v -155.21 -46.39 36.93
v -172.00 -55.16 27.26
v -215.75 -44.85 12.33
v -213.99 -66.62 21.50
v -180.91 -61.89 45.48
v -181.87 -50.55 40.79
v -204.09 -71.24 7.93
v -205.85 -49.46 -1.23
v -172.00 -55.16 27.26
v -171.03 -66.50 31.95
v -180.91 -61.89 45.48
v -184.77 -68.49 44.85
v -144.61 -56.99 70.84
v -174.90 -73.10 31.31
v -171.03 -66.50 31.95
v -134.50 -61.71 57.00
v -184.77 -68.49 44.85
v -179.04 -73.09 50.82
v -144.61 -56.99 70.84
v -169.17 -77.70 37.28
v -174.90 -73.10 31.31
v -134.50 -61.71 57.00
v -179.04 -73.09 50.82
v -178.33 -80.32 53.89
v -144.61 -56.99 70.84
v -168.45 -84.93 40.35
v -169.17 -77.70 37.28
v -134.50 -61.71 57.00
v -178.33 -80.32 53.89
v -170.54 -82.25 60.41
v -144.61 -56.99 70.84
v -160.66 -86.86 46.87
v -168.45 -84.93 40.35
v -134.50 -61.71 57.00
v -170.54 -82.25 60.41
v -168.14 -88.59 64.42
v -144.61 -56.99 70.84
v -158.25 -93.20 50.88
v -160.66 -86.86 46.87
v -134.50 -61.71 57.00
v -168.14 -88.59 64.42
v -164.29 -93.29 68.92
v -144.61 -56.99 70.84
v -154.41 -97.90 55.37
v -158.25 -93.20 50.88
v -134.50 -61.71 57.00
v -164.29 -93.29 68.92
v -160.54 -94.05 71.95
v -144.61 -56.99 70.84
v -150.65 -98.66 58.40
v -154.41 -97.90 55.37
v -134.50 -61.71 57.00
v -160.54 -94.05 71.95
v -156.69 -95.01 75.10
v -144.61 -56.99 70.84
v -146.80 -99.62 61.56
v -150.65 -98.66 58.40
v -134.50 -61.71 57.00
v -156.69 -95.01 75.10
v -152.03 -93.04 77.82
v -144.61 -56.99 70.84
v -142.15 -97.65 64.27
v -146.80 -99.62 61.56
v -134.50 -61.71 57.00
v -152.03 -93.04 77.82
v -149.15 -104.70 83.96
v -144.61 -56.99 70.84
v -139.26 -109.31 70.41
v -142.15 -97.65 64.27
v -134.50 -61.71 57.00
v -149.15 -104.70 83.96
v -143.86 -104.54 87.71
v -144.61 -56.99 70.84
v -133.97 -109.15 74.17
v -139.26 -109.31 70.41
v -134.50 -61.71 57.00
v -143.86 -104.54 87.71
v -140.06 -92.98 86.45
v -144.61 -56.99 70.84
v -130.17 -97.59 72.90
v -133.97 -109.15 74.17
v -134.50 -61.71 57.00
v -140.06 -92.98 86.45
v -132.43 -90.30 90.98
v -144.61 -56.99 70.84
v -122.55 -94.91 77.44
v -130.17 -97.59 72.90
v -134.50 -61.71 57.00
v -132.43 -90.30 90.98
v -124.20 -85.56 95.20
v -144.61 -56.99 70.84
v -114.32 -90.17 81.66
v -122.55 -94.91 77.44
v -134.50 -61.71 57.00
v -124.20 -85.56 95.20
v -120.27 -76.16 94.79
v -144.61 -56.99 70.84
v -110.39 -80.77 81.25
v -114.32 -90.17 81.66
v -134.50 -61.71 57.00
v -120.27 -76.16 94.79
v -111.83 -71.27 99.07
v -144.61 -56.99 70.84
v -101.95 -75.88 85.53
v -110.39 -80.77 81.25
v -134.50 -61.71 57.00
v -111.83 -71.27 99.07
v -112.49 -63.02 95.85
v -144.61 -56.99 70.84
v -102.61 -67.63 82.31
v -101.95 -75.88 85.53
v -134.50 -61.71 57.00
v -112.49 -63.02 95.85
v -113.90 -54.16 91.90
v -144.61 -56.99 70.84
v -104.02 -58.77 78.36
v -102.61 -67.63 82.31
v -134.50 -61.71 57.00
v -113.90 -54.16 91.90
v -117.17 -45.72 86.77
v -144.61 -56.99 70.84
v -107.29 -50.33 73.23
v -104.02 -58.77 78.36
v -134.50 -61.71 57.00
v -117.17 -45.72 86.77
v -117.71 -36.09 83.20
v -144.61 -56.99 70.84
v -107.82 -40.70 69.65
v -107.29 -50.33 73.23
v -134.50 -61.71 57.00
v -117.71 -36.09 83.20
v -120.67 -28.23 78.47
v -144.61 -56.99 70.84
v -110.79 -32.84 64.93
v -107.82 -40.70 69.65
v -134.50 -61.71 57.00
v -120.67 -28.23 78.47
v -123.81 -21.64 74.04
v -144.61 -56.99 70.84
v -113.93 -26.25 60.49
v -110.79 -32.84 64.93
v -134.50 -61.71 57.00
v -123.81 -21.64 74.04
v -126.84 -16.86 70.27
v -144.61 -56.99 70.84
v -116.95 -21.48 56.72
v -113.93 -26.25 60.49
v -134.50 -61.71 57.00
v -126.84 -16.86 70.27
v -132.39 -16.64 66.17
v -144.61 -56.99 70.84
v -122.50 -21.25 52.62
v -116.95 -21.48 56.72
v -134.50 -61.71 57.00
v -132.39 -16.64 66.17
v -137.75 -16.12 62.08
v -144.61 -56.99 70.84
v -127.86 -20.74 48.54
v -122.50 -21.25 52.62
v -134.50 -61.71 57.00
v -137.75 -16.12 62.08
v -143.10 -16.97 58.43
v -144.61 -56.99 70.84
v -133.22 -21.59 44.88
v -127.86 -20.74 48.54
v -134.50 -61.71 57.00
v -143.10 -16.97 58.43
v -148.66 -11.16 52.37
v -144.61 -56.99 70.84
v -138.78 -15.77 38.82
v -133.22 -21.59 44.88
v -134.50 -61.71 57.00
v -148.66 -11.16 52.37
v -159.31 -25.39 49.22
v -144.61 -56.99 70.84
v -149.43 -30.00 35.67
v -138.78 -15.77 38.82
v -134.50 -61.71 57.00
v -159.31 -25.39 49.22
v -165.09 -41.78 50.47
v -144.61 -56.99 70.84
v -155.21 -46.39 36.93
v -149.43 -30.00 35.67
v -134.50 -61.71 57.00
v -165.09 -41.78 50.47
v -181.87 -50.55 40.79
v -144.61 -56.99 70.84
v -172.00 -55.16 27.26
v -155.21 -46.39 36.93
v -134.50 -61.71 57.00
v -181.87 -50.55 40.79
v -180.91 -61.89 45.48
v -144.61 -56.99 70.84
v -171.03 -66.50 31.95
v -172.00 -55.16 27.26
v -134.50 -61.71 57.00
v -180.35 -125.48 65.81
v -183.06 -127.17 64.41
v -182.41 -130.82 76.24
v -180.32 -133.50 75.44
v -183.06 -127.17 64.41
v -180.95 -129.80 63.49
v -185.13 -132.54 74.89
v -182.41 -130.82 76.24
v -180.95 -129.80 63.49
v -178.24 -128.10 64.89
v -183.05 -135.22 74.09
v -185.13 -132.54 74.89
v -178.24 -128.10 64.89
v -180.35 -125.48 65.81
v -180.32 -133.50 75.44
v -183.05 -135.22 74.09
v -180.32 -133.50 75.44
v -182.41 -130.82 76.24
v -182.75 -138.09 86.64
v -185.43 -139.72 85.10
v -182.41 -130.82 76.24
v -185.13 -132.54 74.89
v -184.70 -135.22 87.01
v -182.75 -138.09 86.64
v -185.13 -132.54 74.89
v -183.05 -135.22 74.09
v -187.38 -136.85 85.47
v -184.70 -135.22 87.01
v -183.05 -135.22 74.09
v -180.32 -133.50 75.44
v -185.43 -139.72 85.10
v -187.38 -136.85 85.47
v -185.43 -139.72 85.10
v -182.75 -138.09 86.64
v -190.47 -142.97 95.16
v -192.52 -140.23 95.83
v -182.75 -138.09 86.64
v -184.70 -135.22 87.01
v -187.85 -141.44 96.90
v -190.47 -142.97 95.16
v -184.70 -135.22 87.01
v -187.38 -136.85 85.47
v -189.90 -138.70 97.57
v -187.85 -141.44 96.90
v -187.38 -136.85 85.47
v -185.43 -139.72 85.10
v -192.52 -140.23 95.83
v -189.90 -138.70 97.57
v -192.52 -140.23 95.83
v -190.47 -142.97 95.16
v -194.72 -147.31 105.72
v -192.09 -145.76 107.41
v -190.47 -142.97 95.16
v -187.85 -141.44 96.90
v -192.51 -149.71 104.48
v -194.72 -147.31 105.72
v -187.85 -141.44 96.90
v -189.90 -138.70 97.57
v -189.88 -148.16 106.18
v -192.51 -149.71 104.48
v -189.90 -138.70 97.57
v -192.52 -140.23 95.83
v -192.09 -145.76 107.41
v -189.88 -148.16 106.18
v -178.24 -128.10 64.89
v -180.95 -129.80 63.49
v -183.06 -127.17 64.41
v -180.35 -125.48 65.81
v -192.09 -145.76 107.41
v -194.72 -147.31 105.72
v -192.51 -149.71 104.48
v -189.88 -148.16 106.18
v 78.69 197.75 16.39
v 61.65 235.78 -12.70
v 60.61 250.06 4.91
v 77.65 211.99 33.95
v 61.65 235.78 -12.70
v 38.34 208.70 7.91
v 37.31 222.98 25.52
v 60.61 250.06 4.91
v 38.34 208.70 7.91
v 13.53 180.60 29.54
v 12.50 194.89 47.15
v 37.31 222.98 25.52
v 13.53 180.60 29.54
v -9.31 148.42 54.35
v -10.35 162.71 71.96
v 12.50 194.89 47.15
v -9.31 148.42 54.35
v -33.88 118.19 77.98
v -34.92 132.49 95.61
v -10.35 162.71 71.96
v -33.88 118.19 77.98
v -58.42 87.63 102.09
v -59.46 101.94 119.73
v -34.92 132.49 95.61
v -58.42 87.63 102.09
v -39.31 69.63 115.07
v -40.34 83.89 132.66
v -59.46 101.94 119.73
v -39.31 69.63 115.07
v -38.25 41.00 137.46
v -39.28 55.25 155.03
v -40.34 83.89 132.66
v -38.25 41.00 137.46
v -26.65 15.86 157.91
v -27.69 30.10 175.47
v -39.28 55.25 155.03
v -26.65 15.86 157.91
v -3.17 10.94 163.26
v -4.20 25.19 180.82
v -27.69 30.10 175.47
v -3.17 10.94 163.26
v 4.26 -23.48 193.36
v 3.22 -9.21 210.96
v -4.20 25.19 180.82
v 4.26 -23.48 193.36
v 37.79 15.99 162.96
v 36.75 30.25 180.55
v 3.22 -9.21 210.96
v 37.79 15.99 162.96
v 66.24 14.83 168.12
v 65.20 29.13 185.75
v 36.75 30.25 180.55
v 66.24 14.83 168.12
v 95.94 35.97 154.36
v 94.90 50.30 172.03
v 65.20 29.13 185.75
v 95.94 35.97 154.36
v 116.09 62.27 134.45
v 115.05 76.60 152.12
v 94.90 50.30 172.03
v 116.09 62.27 134.45
v 106.90 101.95 97.70
v 105.87 116.21 115.30
v 115.05 76.60 152.12
v 106.90 101.95 97.70
v 91.29 146.42 58.27
v 90.26 160.65 75.82
v 105.87 116.21 115.30
v 91.29 146.42 58.27
v 78.69 197.75 16.39
v 77.65 211.99 33.95
v 90.26 160.65 75.82
v 77.65 211.99 33.95
v 60.61 250.06 4.91
v 55.98 203.58 40.00
v 66.52 180.30 58.40
v 61.65 235.78 -12.70
v 78.69 197.75 16.39
v 67.56 165.97 40.74
v 57.02 189.23 22.31
v 60.61 250.06 4.91
v 37.31 222.98 25.52
v 41.53 186.78 52.77
v 55.98 203.58 40.00
v 38.34 208.70 7.91
v 61.65 235.78 -12.70
v 57.02 189.23 22.31
v 42.57 172.44 35.08
v 37.31 222.98 25.52
v 12.50 194.89 47.15
v 26.15 169.33 66.14
v 41.53 186.78 52.77
v 13.53 180.60 29.54
v 38.34 208.70 7.91
v 42.57 172.44 35.08
v 27.19 154.98 48.45
v 12.50 194.89 47.15
v -10.35 162.71 71.96
v 11.98 149.37 81.51
v 26.15 169.33 66.14
v -9.31 148.42 54.35
v 13.53 180.60 29.54
v 27.19 154.98 48.45
v 13.02 135.03 63.82
v -10.35 162.71 71.96
v -34.92 132.49 95.61
v -3.25 130.57 96.09
v 11.98 149.37 81.51
v -33.88 118.19 77.98
v -9.31 148.42 54.35
v 13.02 135.03 63.82
v -2.21 116.22 78.40
v -34.92 132.49 95.61
v -59.46 101.94 119.73
v -18.45 111.54 110.94
v -3.25 130.57 96.09
v -58.42 87.63 102.09
v -33.88 118.19 77.98
v -2.21 116.22 78.40
v -17.41 97.18 93.24
v -59.46 101.94 119.73
v -40.34 83.89 132.66
v -6.62 100.67 119.35
v -18.45 111.54 110.94
v -39.31 69.63 115.07
v -58.42 87.63 102.09
v -17.41 97.18 93.24
v -5.59 86.34 101.67
v -40.34 83.89 132.66
v -39.28 55.25 155.03
v -5.97 83.02 133.35
v -6.62 100.67 119.35
v -38.25 41.00 137.46
v -39.31 69.63 115.07
v -5.59 86.34 101.67
v -4.93 68.69 115.68
v -39.28 55.25 155.03
v -27.69 30.10 175.47
v 1.21 67.50 146.12
v -5.97 83.02 133.35
v -26.65 15.86 157.91
v -38.25 41.00 137.46
v -4.93 68.69 115.68
v 2.25 53.17 128.45
v -27.69 30.10 175.47
v -4.20 25.19 180.82
v 15.77 64.46 149.44
v 1.21 67.50 146.12
v -3.17 10.94 163.26
v -26.65 15.86 157.91
v 2.25 53.17 128.45
v 16.81 50.13 131.77
v -4.20 25.19 180.82
v 3.22 -9.21 210.96
v 20.39 42.92 167.86
v 15.77 64.46 149.44
v 4.26 -23.48 193.36
v -3.17 10.94 163.26
v 16.81 50.13 131.77
v 21.43 28.59 150.18
v 3.22 -9.21 210.96
v 36.75 30.25 180.55
v 41.17 67.43 149.06
v 20.39 42.92 167.86
v 37.79 15.99 162.96
v 4.26 -23.48 193.36
v 21.43 28.59 150.18
v 42.21 53.10 131.38
v 36.75 30.25 180.55
v 65.20 29.13 185.75
v 58.83 66.44 151.92
v 41.17 67.43 149.06
v 66.24 14.83 168.12
v 37.79 15.99 162.96
v 42.21 53.10 131.38
v 59.88 52.09 134.22
v 65.20 29.13 185.75
v 94.90 50.30 172.03
v 77.26 79.37 143.17
v 58.83 66.44 151.92
v 95.94 35.97 154.36
v 66.24 14.83 168.12
v 59.88 52.09 134.22
v 78.30 65.01 125.46
v 94.90 50.30 172.03
v 115.05 76.60 152.12
v 89.76 95.64 130.79
v 77.26 79.37 143.17
v 116.09 62.27 134.45
v 95.94 35.97 154.36
v 78.30 65.01 125.46
v 90.80 81.28 113.08
v 115.05 76.60 152.12
v 105.87 116.21 115.30
v 84.03 120.68 108.55
v 89.76 95.64 130.79
v 106.90 101.95 97.70
v 116.09 62.27 134.45
v 90.80 81.28 113.08
v 85.07 106.35 90.87
v 105.87 116.21 115.30
v 90.26 160.65 75.82
v 74.33 148.53 84.43
v 84.03 120.68 108.55
v 91.29 146.42 58.27
v 106.90 101.95 97.70
v 85.07 106.35 90.87
v 75.37 134.20 66.77
v 90.26 160.65 75.82
v 77.65 211.99 33.95
v 66.52 180.30 58.40
v 74.33 148.53 84.43
v 78.69 197.75 16.39
v 91.29 146.42 58.27
v 75.37 134.20 66.77
v 67.56 165.97 40.74
v 66.52 180.30 58.40
v 55.98 203.58 40.00
v 52.04 164.85 70.06
v 57.14 153.71 79.13
v 57.02 189.23 22.31
v 67.56 165.97 40.74
v 58.21 138.93 60.90
v 53.12 150.06 51.82
v 55.98 203.58 40.00
v 41.53 186.78 52.77
v 45.05 156.72 76.24
v 52.04 164.85 70.06
v 42.57 172.44 35.08
v 57.02 189.23 22.31
v 53.12 150.06 51.82
v 46.12 141.93 58.00
v 41.53 186.78 52.77
v 26.15 169.33 66.14
v 37.61 148.26 82.69
v 45.05 156.72 76.24
v 27.19 154.98 48.45
v 42.57 172.44 35.08
v 46.12 141.93 58.00
v 38.68 133.47 64.45
v 26.15 169.33 66.14
v 11.98 149.37 81.51
v 30.76 138.60 90.12
v 37.61 148.26 82.69
v 13.02 135.03 63.82
v 27.19 154.98 48.45
v 38.68 133.47 64.45
v 31.83 123.81 71.89
v 11.98 149.37 81.51
v -3.25 130.57 96.09
v 23.39 129.47 97.14
v 30.76 138.60 90.12
v -2.21 116.22 78.40
v 13.02 135.03 63.82
v 31.83 123.81 71.89
v 24.46 114.69 78.91
v -3.25 130.57 96.09
v -18.45 111.54 110.94
v 16.04 120.23 104.28
v 23.39 129.47 97.14
v -17.41 97.18 93.24
v -2.21 116.22 78.40
v 24.46 114.69 78.91
v 17.11 105.44 86.04
v -18.45 111.54 110.94
v -6.62 100.67 119.35
v 21.75 115.10 108.51
v 16.04 120.23 104.28
v -5.59 86.34 101.67
v -17.41 97.18 93.24
v 17.11 105.44 86.04
v 22.82 100.32 90.28
v -6.62 100.67 119.35
v -5.97 83.02 133.35
v 22.06 106.61 115.34
v 21.75 115.10 108.51
v -4.93 68.69 115.68
v -5.59 86.34 101.67
v 22.82 100.32 90.28
v 23.13 91.82 97.11
v -5.97 83.02 133.35
v 1.21 67.50 146.12
v 25.53 99.13 121.55
v 22.06 106.61 115.34
v 2.25 53.17 128.45
v -4.93 68.69 115.68
v 23.13 91.82 97.11
v 26.61 84.34 103.32
v 1.21 67.50 146.12
v 15.77 64.46 149.44
v 32.58 97.65 123.16
v 25.53 99.13 121.55
v 16.81 50.13 131.77
v 2.25 53.17 128.45
v 26.61 84.34 103.32
v 33.65 82.87 104.93
v 15.77 64.46 149.44
v 20.39 42.92 167.86
v 34.82 87.15 131.97
v 32.58 97.65 123.16
v 21.43 28.59 150.18
v 16.81 50.13 131.77
v 33.65 82.87 104.93
v 35.89 72.36 113.74
v 20.39 42.92 167.86
v 41.17 67.43 149.06
v 44.88 99.03 122.90
v 34.82 87.15 131.97
v 42.21 53.10 131.38
v 21.43 28.59 150.18
v 35.89 72.36 113.74
v 45.95 84.24 104.67
v 41.17 67.43 149.06
v 58.83 66.44 151.92
v 53.43 98.42 124.13
v 44.88 99.03 122.90
v 59.88 52.09 134.22
v 42.21 53.10 131.38
v 45.95 84.24 104.67
v 54.50 83.63 105.89
v 58.83 66.44 151.92
v 77.26 79.37 143.17
v 62.35 104.60 119.80
v 53.43 98.42 124.13
v 78.30 65.01 125.46
v 59.88 52.09 134.22
v 54.50 83.63 105.89
v 63.42 89.81 101.56
v 77.26 79.37 143.17
v 89.76 95.64 130.79
v 68.40 112.46 113.80
v 62.35 104.60 119.80
v 90.80 81.28 113.08
v 78.30 65.01 125.46
v 63.42 89.81 101.56
v 69.47 97.67 95.56
v 89.76 95.64 130.79
v 84.03 120.68 108.55
v 65.61 124.78 103.27
v 68.40 112.46 113.80
v 85.07 106.35 90.87
v 90.80 81.28 113.08
v 69.47 97.67 95.56
v 66.69 109.99 85.04
v 84.03 120.68 108.55
v 74.33 148.53 84.43
v 60.91 138.37 91.75
v 65.61 124.78 103.27
v 75.37 134.20 66.77
v 85.07 106.35 90.87
v 66.69 109.99 85.04
v 61.99 123.58 73.52
v 74.33 148.53 84.43
v 66.52 180.30 58.40
v 57.14 153.71 79.13
v 60.91 138.37 91.75
v 67.56 165.97 40.74
v 75.37 134.20 66.77
v 61.99 123.58 73.52
v 58.21 138.93 60.90
v 57.14 153.71 79.13
v 52.04 164.85 70.06
v 48.33 128.88 98.66
v 53.12 150.06 51.82
v 58.21 138.93 60.90
v 49.44 113.66 79.89
v 52.04 164.85 70.06
v 45.05 156.72 76.24
v 48.33 128.88 98.66
v 46.12 141.93 58.00
v 53.12 150.06 51.82
v 49.44 113.66 79.89
v 45.05 156.72 76.24
v 37.61 148.26 82.69
v 48.33 128.88 98.66
v 38.68 133.47 64.45
v 46.12 141.93 58.00
v 49.44 113.66 79.89
v 37.61 148.26 82.69
v 30.76 138.60 90.12
v 48.33 128.88 98.66
v 31.83 123.81 71.89
v 38.68 133.47 64.45
v 49.44 113.66 79.89
v 30.76 138.60 90.12
v 23.39 129.47 97.14
v 48.33 128.88 98.66
v 24.46 114.69 78.91
v 31.83 123.81 71.89
v 49.44 113.66 79.89
v 23.39 129.47 97.14
v 16.04 120.23 104.28
v 48.33 128.88 98.66
v 17.11 105.44 86.04
v 24.46 114.69 78.91
v 49.44 113.66 79.89
v 16.04 120.23 104.28
v 21.75 115.10 108.51
v 48.33 128.88 98.66
v 22.82 100.32 90.28
v 17.11 105.44 86.04
v 49.44 113.66 79.89
v 21.75 115.10 108.51
v 22.06 106.61 115.34
v 48.33 128.88 98.66
v 23.13 91.82 97.11
v 22.82 100.32 90.28
v 49.44 113.66 79.89
v 22.06 106.61 115.34
v 25.53 99.13 121.55
v 48.33 128.88 98.66
v 26.61 84.34 103.32
v 23.13 91.82 97.11
v 49.44 113.66 79.89
v 25.53 99.13 121.55
v 32.58 97.65 123.16
v 48.33 128.88 98.66
v 33.65 82.87 104.93
v 26.61 84.34 103.32
v 49.44 113.66 79.89
v 32.58 97.65 123.16
v 34.82 87.15 131.97
v 48.33 128.88 98.66
v 35.89 72.36 113.74
v 33.65 82.87 104.93
v 49.44 113.66 79.89
v 34.82 87.15 131.97
v 44.88 99.03 122.90
v 48.33 128.88 98.66
v 45.95 84.24 104.67
v 35.89 72.36 113.74
v 49.44 113.66 79.89
v 44.88 99.03 122.90
v 53.43 98.42 124.13
v 48.33 128.88 98.66
v 54.50 83.63 105.89
v 45.95 84.24 104.67
v 49.44 113.66 79.89
v 53.43 98.42 124.13
v 62.35 104.60 119.80
v 48.33 128.88 98.66
v 63.42 89.81 101.56
v 54.50 83.63 105.89
v 49.44 113.66 79.89
v 62.35 104.60 119.80
v 68.40 112.46 113.80
v 48.33 128.88 98.66
v 69.47 97.67 95.56
v 63.42 89.81 101.56
v 49.44 113.66 79.89
v 68.40 112.46 113.80
v 65.61 124.78 103.27
v 48.33 128.88 98.66
v 66.69 109.99 85.04
v 69.47 97.67 95.56
v 49.44 113.66 79.89
v 65.61 124.78 103.27
v 60.91 138.37 91.75
v 48.33 128.88 98.66
v 61.99 123.58 73.52
v 66.69 109.99 85.04
v 49.44 113.66 79.89
v 60.91 138.37 91.75
v 57.14 153.71 79.13
v 48.33 128.88 98.66
v 58.21 138.93 60.90
v 61.99 123.58 73.52
v 49.44 113.66 79.89
v 76.41 203.84 24.41
v 79.79 203.44 24.94
v 78.20 214.71 21.24
v 78.43 212.87 18.33
v 79.79 203.44 24.94
v 80.18 202.43 21.66
v 81.61 214.43 21.69
v 78.20 214.71 21.24
v 80.18 202.43 21.66
v 76.80 202.83 21.13
v 81.84 212.59 18.78
v 81.61 214.43 21.69
v 76.80 202.83 21.13
v 76.41 203.84 24.41
v 78.43 212.87 18.33
v 81.84 212.59 18.78
v 78.43 212.87 18.33
v 78.20 214.71 21.24
v 79.66 219.68 10.72
v 83.10 219.93 10.84
v 78.20 214.71 21.24
v 81.61 214.43 21.69
v 79.40 222.28 12.97
v 79.66 219.68 10.72
v 81.61 214.43 21.69
v 81.84 212.59 18.78
v 82.84 222.53 13.09
v 79.40 222.28 12.97
v 81.84 212.59 18.78
v 78.43 212.87 18.33
v 83.10 219.93 10.84
v 82.84 222.53 13.09
v 83.10 219.93 10.84
v 79.66 219.68 10.72
v 81.25 227.13 1.84
v 80.98 229.85 3.95
v 79.66 219.68 10.72
v 79.40 222.28 12.97
v 78.11 226.07 2.80
v 81.25 227.13 1.84
v 79.40 222.28 12.97
v 82.84 222.53 13.09
v 77.84 228.79 4.91
v 78.11 226.07 2.80
v 82.84 222.53 13.09
v 83.10 219.93 10.84
v 80.98 229.85 3.95
v 77.84 228.79 4.91
v 80.98 229.85 3.95
v 81.25 227.13 1.84
v 73.71 234.65 -3.69
v 71.06 233.14 -2.09
v 81.25 227.13 1.84
v 78.11 226.07 2.80
v 74.04 231.89 -5.74
v 73.71 234.65 -3.69
v 78.11 226.07 2.80
v 77.84 228.79 4.91
v 71.39 230.39 -4.13
v 74.04 231.89 -5.74
v 77.84 228.79 4.91
v 80.98 229.85 3.95
v 71.06 233.14 -2.09
v 71.39 230.39 -4.13
v 76.80 202.83 21.13
v 80.18 202.43 21.66
v 79.79 203.44 24.94
v 76.41 203.84 24.41
v 71.06 233.14 -2.09
v 73.71 234.65 -3.69
v 74.04 231.89 -5.74
v 71.39 230.39 -4.13
v -37.54 50.08 150.37
v -40.53 51.51 149.04
v -43.32 42.50 155.19
v -42.96 40.51 152.26
v -40.53 51.51 149.04
v -40.22 49.44 146.15
v -46.38 43.82 153.92
v -43.32 42.50 155.19
v -40.22 49.44 146.15
v -37.24 48.01 147.49
v -46.02 41.83 150.99
v -46.38 43.82 153.92
v -37.24 48.01 147.49
v -37.54 50.08 150.37
v -42.96 40.51 152.26
v -46.02 41.83 150.99
v -42.96 40.51 152.26
v -43.32 42.50 155.19
v -47.86 32.40 156.78
v -50.98 33.63 155.57
v -43.32 42.50 155.19
v -46.38 43.82 153.92
v -48.34 34.19 159.83
v -47.86 32.40 156.78
v -46.38 43.82 153.92
v -46.02 41.83 150.99
v -51.46 35.41 158.61
v -48.34 34.19 159.83
v -46.02 41.83 150.99
v -42.96 40.51 152.26
v -50.98 33.63 155.57
v -51.46 35.41 158.61
v -50.98 33.63 155.57
v -47.86 32.40 156.78
v -55.77 25.19 159.24
v -56.45 26.63 162.43
v -47.86 32.40 156.78
v -48.34 34.19 159.83
v -52.76 23.78 160.51
v -55.77 25.19 159.24
v -48.34 34.19 159.83
v -51.46 35.41 158.61
v -53.44 25.21 163.70
v -52.76 23.78 160.51
v -51.46 35.41 158.61
v -50.98 33.63 155.57
v -56.45 26.63 162.43
v -53.44 25.21 163.70
v -56.45 26.63 162.43
v -55.77 25.19 159.24
v -62.15 17.74 164.30
v -59.25 16.15 165.63
v -55.77 25.19 159.24
v -52.76 23.78 160.51
v -61.33 16.52 161.05
v -62.15 17.74 164.30
v -52.76 23.78 160.51
v -53.44 25.21 163.70
v -58.42 14.94 162.38
v -61.33 16.52 161.05
v -53.44 25.21 163.70
v -56.45 26.63 162.43
v -59.25 16.15 165.63
v -58.42 14.94 162.38
v -37.24 48.01 147.49
v -40.22 49.44 146.15
v -40.53 51.51 149.04
v -37.54 50.08 150.37
v -59.25 16.15 165.63
v -62.15 17.74 164.30
v -61.33 16.52 161.05
v -58.42 14.94 162.38
v 89.64 150.14 60.98
v 90.69 147.84 62.91
v 96.98 156.37 64.45
v 99.05 155.44 62.22
v 90.69 147.84 62.91
v 92.65 146.81 60.62
v 98.25 154.29 66.50
v 96.98 156.37 64.45
v 92.65 146.81 60.62
v 91.60 149.11 58.69
v 100.32 153.36 64.27
v 98.25 154.29 66.50
v 91.60 149.11 58.69
v 89.64 150.14 60.98
v 99.05 155.44 62.22
v 100.32 153.36 64.27
v 99.05 155.44 62.22
v 96.98 156.37 64.45
v 104.89 163.45 65.02
v 106.19 161.41 67.08
v 96.98 156.37 64.45
v 98.25 154.29 66.50
v 103.04 164.60 67.34
v 104.89 163.45 65.02
v 98.25 154.29 66.50
v 100.32 153.36 64.27
v 104.34 162.56 69.40
v 103.04 164.60 67.34
v 100.32 153.36 64.27
v 99.05 155.44 62.22
v 106.19 161.41 67.08
v 104.34 162.56 69.40
v 106.19 161.41 67.08
v 104.89 163.45 65.02
v 114.24 166.88 68.78
v 112.92 168.47 71.19
v 104.89 163.45 65.02
v 103.04 164.60 67.34
v 113.38 169.20 66.78
v 114.24 166.88 68.78
v 103.04 164.60 67.34
v 104.34 162.56 69.40
v 112.05 170.79 69.19
v 113.38 169.20 66.78
v 104.34 162.56 69.40
v 106.19 161.41 67.08
v 112.92 168.47 71.19
v 112.05 170.79 69.19
v 112.92 168.47 71.19
v 114.24 166.88 68.78
v 122.48 172.37 72.90
v 121.84 174.79 70.94
v 114.24 166.88 68.78
v 113.38 169.20 66.78
v 123.61 170.69 70.44
v 122.48 172.37 72.90
v 113.38 169.20 66.78
v 112.05 170.79 69.19
v 122.96 173.11 68.49
v 123.61 170.69 70.44
v 112.05 170.79 69.19
v 112.92 168.47 71.19
v 121.84 174.79 70.94
v 122.96 173.11 68.49
v 91.60 149.11 58.69
v 92.65 146.81 60.62
v 90.69 147.84 62.91
v 89.64 150.14 60.98
v 121.84 174.79 70.94
v 122.48 172.37 72.90
v 123.61 170.69 70.44
v 122.96 173.11 68.49
v -10.76 157.75 67.52
v -9.02 159.18 66.46
v -18.74 164.86 63.95
v -18.95 163.56 61.85
v -9.02 159.18 66.46
v -9.23 157.88 64.36
v -16.75 166.03 63.03
v -18.74 164.86 63.95
v -9.23 157.88 64.36
v -10.97 156.46 65.41
v -16.97 164.73 60.93
v -16.75 166.03 63.03
v -10.97 156.46 65.41
v -10.76 157.75 67.52
v -18.95 163.56 61.85
v -16.97 164.73 60.93
v -18.95 163.56 61.85
v -18.74 164.86 63.95
v -24.30 172.45 56.93
v -21.96 173.02 56.34
v -18.74 164.86 63.95
v -16.75 166.03 63.03
v -24.07 173.71 59.05
v -24.30 172.45 56.93
v -16.75 166.03 63.03
v -16.97 164.73 60.93
v -21.73 174.28 58.46
v -24.07 173.71 59.05
v -16.97 164.73 60.93
v -18.95 163.56 61.85
v -21.96 173.02 56.34
v -21.73 174.28 58.46
v -21.96 173.02 56.34
v -24.30 172.45 56.93
v -23.76 182.57 51.01
v -23.66 184.15 52.92
v -24.30 172.45 56.93
v -24.07 173.71 59.05
v -25.91 181.68 51.85
v -23.76 182.57 51.01
v -24.07 173.71 59.05
v -21.73 174.28 58.46
v -25.82 183.26 53.76
v -25.91 181.68 51.85
v -21.73 174.28 58.46
v -21.96 173.02 56.34
v -23.66 184.15 52.92
v -25.82 183.26 53.76
v -23.66 184.15 52.92
v -23.76 182.57 51.01
v -32.44 188.95 46.85
v -34.06 187.54 48.10
v -23.76 182.57 51.01
v -25.91 181.68 51.85
v -32.21 187.17 45.14
v -32.44 188.95 46.85
v -25.91 181.68 51.85
v -25.82 183.26 53.76
v -33.82 185.76 46.39
v -32.21 187.17 45.14
v -25.82 183.26 53.76
v -23.66 184.15 52.92
v -34.06 187.54 48.10
v -33.82 185.76 46.39
v -10.97 156.46 65.41
v -9.23 157.88 64.36
v -9.02 159.18 66.46
v -10.76 157.75 67.52
v -34.06 187.54 48.10
v -32.44 188.95 46.85
v -32.21 187.17 45.14
v -33.82 185.76 46.39
v -259.10 -107.84 19.88
v -235.32 -122.92 30.30
v -245.53 -127.60 47.78
v -269.30 -112.52 37.34
v -235.32 -122.92 30.30
v -212.75 -141.74 39.30
v -222.98 -146.44 56.79
v -245.53 -127.60 47.78
v -212.75 -141.74 39.30
v -185.06 -149.20 54.06
v -195.29 -153.90 71.56
v -222.98 -146.44 56.79
v -185.06 -149.20 54.06
v -160.26 -171.48 64.01
v -170.50 -176.18 81.54
v -195.29 -153.90 71.56
v -160.26 -171.48 64.01
v -134.52 -186.18 76.31
v -144.78 -190.89 93.87
v -170.50 -176.18 81.54
v -134.52 -186.18 76.31
v -125.92 -157.61 87.17
v -136.16 -162.31 104.69
v -144.78 -190.89 93.87
v -125.92 -157.61 87.17
v -114.85 -134.39 98.70
v -125.07 -139.08 116.20
v -136.16 -162.31 104.69
v -114.85 -134.39 98.70
v -105.88 -108.06 110.02
v -116.09 -112.75 127.49
v -125.07 -139.08 116.20
v -105.88 -108.06 110.02
v -96.54 -82.43 121.73
v -106.75 -87.11 139.19
v -116.09 -112.75 127.49
v -96.54 -82.43 121.73
v -84.91 -56.59 135.17
v -95.11 -61.28 152.62
v -106.75 -87.11 139.19
v -84.91 -56.59 135.17
v -84.69 -33.75 141.54
v -94.89 -38.44 159.00
v -95.11 -61.28 152.62
v -84.69 -33.75 141.54
v -75.75 -9.69 153.59
v -85.95 -14.37 171.05
v -94.89 -38.44 159.00
v -75.75 -9.69 153.59
v -97.31 0.59 144.29
v -107.52 -4.10 161.77
v -85.95 -14.37 171.05
v -97.31 0.59 144.29
v -114.22 19.15 140.32
v -124.45 14.46 157.82
v -107.52 -4.10 161.77
v -114.22 19.15 140.32
v -141.46 25.47 126.71
v -151.69 20.78 144.22
v -124.45 14.46 157.82
v -141.46 25.47 126.71
v -166.25 34.90 115.52
v -176.50 30.20 133.05
v -151.69 20.78 144.22
v -166.25 34.90 115.52
v -189.48 37.32 102.95
v -199.73 32.61 120.48
v -176.50 30.20 133.05
v -189.48 37.32 102.95
v -205.93 7.14 83.65
v -216.16 2.45 101.15
v -199.73 32.61 120.48
v -205.93 7.14 83.65
v -231.65 -9.97 63.36
v -241.87 -14.66 80.84
v -216.16 2.45 101.15
v -231.65 -9.97 63.36
v -248.78 -39.66 44.44
v -258.98 -44.35 61.91
v -241.87 -14.66 80.84
v -248.78 -39.66 44.44
v -259.15 -67.06 30.58
v -269.35 -71.74 48.04
v -258.98 -44.35 61.91
v -259.15 -67.06 30.58
v -276.79 -91.86 13.48
v -286.98 -96.54 30.93
v -269.35 -71.74 48.04
v -276.79 -91.86 13.48
v -259.10 -107.84 19.88
v -269.30 -112.52 37.34
v -286.98 -96.54 30.93
v -269.30 -112.52 37.34
v -245.53 -127.60 47.78
v -221.32 -106.05 67.38
v -236.12 -96.72 61.01
v -235.32 -122.92 30.30
v -259.10 -107.84 19.88
v -226.12 -92.14 43.90
v -211.33 -101.46 50.27
v -245.53 -127.60 47.78
v -222.98 -146.44 56.79
v -207.25 -117.68 72.82
v -221.32 -106.05 67.38
v -212.75 -141.74 39.30
v -235.32 -122.92 30.30
v -211.33 -101.46 50.27
v -197.25 -113.09 55.70
v -222.98 -146.44 56.79
v -195.29 -153.90 71.56
v -190.03 -122.28 81.88
v -207.25 -117.68 72.82
v -185.06 -149.20 54.06
v -212.75 -141.74 39.30
v -197.25 -113.09 55.70
v -180.02 -117.69 64.76
v -195.29 -153.90 71.56
v -170.50 -176.18 81.54
v -174.52 -136.03 87.82
v -190.03 -122.28 81.88
v -160.26 -171.48 64.01
v -185.06 -149.20 54.06
v -180.02 -117.69 64.76
v -164.51 -131.44 70.69
v -170.50 -176.18 81.54
v -144.78 -190.89 93.87
v -158.45 -145.09 95.26
v -174.52 -136.03 87.82
v -134.52 -186.18 76.31
v -160.26 -171.48 64.01
v -164.51 -131.44 70.69
v -148.43 -140.50 78.11
v -144.78 -190.89 93.87
v -136.16 -162.31 104.69
v -153.29 -127.46 102.28
v -158.45 -145.09 95.26
v -125.92 -157.61 87.17
v -134.52 -186.18 76.31
v -148.43 -140.50 78.11
v -143.28 -122.87 85.15
v -136.16 -162.31 104.69
v -125.07 -139.08 116.20
v -146.53 -113.11 109.61
v -153.29 -127.46 102.28
v -114.85 -134.39 98.70
v -125.92 -157.61 87.17
v -143.28 -122.87 85.15
v -136.53 -108.52 92.50
v -125.07 -139.08 116.20
v -116.09 -112.75 127.49
v -141.06 -96.83 116.79
v -146.53 -113.11 109.61
v -105.88 -108.06 110.02
v -114.85 -134.39 98.70
v -136.53 -108.52 92.50
v -131.06 -92.24 99.68
v -116.09 -112.75 127.49
v -106.75 -87.11 139.19
v -135.33 -80.97 124.15
v -141.06 -96.83 116.79
v -96.54 -82.43 121.73
v -105.88 -108.06 110.02
v -131.06 -92.24 99.68
v -125.34 -76.38 107.04
v -106.75 -87.11 139.19
v -95.11 -61.28 152.62
v -128.15 -64.96 132.52
v -135.33 -80.97 124.15
v -84.91 -56.59 135.17
v -96.54 -82.43 121.73
v -125.34 -76.38 107.04
v -118.16 -60.37 115.42
v -95.11 -61.28 152.62
v -94.89 -38.44 159.00
v -128.00 -50.80 136.46
v -128.15 -64.96 132.52
v -84.69 -33.75 141.54
v -84.91 -56.59 135.17
v -118.16 -60.37 115.42
v -118.00 -46.21 119.35
v -94.89 -38.44 159.00
v -85.95 -14.37 171.05
v -122.42 -35.86 143.87
v -128.00 -50.80 136.46
v -75.75 -9.69 153.59
v -84.69 -33.75 141.54
v -118.00 -46.21 119.35
v -112.43 -31.27 126.76
v -85.95 -14.37 171.05
v -107.52 -4.10 161.77
v -135.74 -29.46 138.02
v -122.42 -35.86 143.87
v -97.31 0.59 144.29
v -75.75 -9.69 153.59
v -112.43 -31.27 126.76
v -125.74 -24.87 120.91
v -107.52 -4.10 161.77
v -124.45 14.46 157.82
v -146.14 -17.91 135.41
v -135.74 -29.46 138.02
v -114.22 19.15 140.32
v -97.31 0.59 144.29
v -125.74 -24.87 120.91
v -136.14 -13.32 118.29
v -124.45 14.46 157.82
v -151.69 20.78 144.22
v -162.97 -13.97 126.87
v -146.14 -17.91 135.41
v -141.46 25.47 126.71
v -114.22 19.15 140.32
v -136.14 -13.32 118.29
v -152.96 -9.38 109.75
v -151.69 20.78 144.22
v -176.50 30.20 133.05
v -178.27 -8.09 119.81
v -162.97 -13.97 126.87
v -166.25 34.90 115.52
v -141.46 25.47 126.71
v -152.96 -9.38 109.75
v -168.26 -3.50 102.68
v -176.50 30.20 133.05
v -199.73 32.61 120.48
v -192.64 -6.58 111.96
v -178.27 -8.09 119.81
v -189.48 37.32 102.95
v -166.25 34.90 115.52
v -168.26 -3.50 102.68
v -182.63 -1.98 94.83
v -199.73 32.61 120.48
v -216.16 2.45 101.15
v -202.98 -25.36 100.25
v -192.64 -6.58 111.96
v -205.93 7.14 83.65
v -189.48 37.32 102.95
v -182.63 -1.98 94.83
v -192.98 -20.76 83.13
v -216.16 2.45 101.15
v -241.87 -14.66 80.84
v -218.99 -35.99 87.77
v -202.98 -25.36 100.25
v -231.65 -9.97 63.36
v -205.93 7.14 83.65
v -192.98 -20.76 83.13
v -208.99 -31.40 70.66
v -241.87 -14.66 80.84
v -258.98 -44.35 61.91
v -229.70 -54.44 76.20
v -218.99 -35.99 87.77
v -248.78 -39.66 44.44
v -231.65 -9.97 63.36
v -208.99 -31.40 70.66
v -219.70 -49.85 59.09
v -258.98 -44.35 61.91
v -269.35 -71.74 48.04
v -236.17 -71.45 67.67
v -229.70 -54.44 76.20
v -259.15 -67.06 30.58
v -248.78 -39.66 44.44
v -219.70 -49.85 59.09
v -226.18 -66.86 50.57
v -269.35 -71.74 48.04
v -286.98 -96.54 30.93
v -247.12 -86.83 57.09
v -236.17 -71.45 67.67
v -276.79 -91.86 13.48
v -259.15 -67.06 30.58
v -226.18 -66.86 50.57
v -237.13 -82.24 39.99
v -286.98 -96.54 30.93
v -269.30 -112.52 37.34
v -236.12 -96.72 61.01
v -247.12 -86.83 57.09
v -259.10 -107.84 19.88
v -276.79 -91.86 13.48
v -237.13 -82.24 39.99
v -226.12 -92.14 43.90
v -236.12 -96.72 61.01
v -221.32 -106.05 67.38
v -200.99 -87.92 83.97
v -208.17 -83.42 80.93
v -211.33 -101.46 50.27
v -226.12 -92.14 43.90
v -198.21 -78.84 63.88
v -191.03 -83.34 66.92
v -221.32 -106.05 67.38
v -207.25 -117.68 72.82
v -194.15 -93.53 86.54
v -200.99 -87.92 83.97
v -197.25 -113.09 55.70
v -211.33 -101.46 50.27
v -191.03 -83.34 66.92
v -184.19 -88.96 69.50
v -207.25 -117.68 72.82
v -190.03 -122.28 81.88
v -185.79 -95.75 90.88
v -194.15 -93.53 86.54
v -180.02 -117.69 64.76
v -197.25 -113.09 55.70
v -184.19 -88.96 69.50
v -175.83 -91.17 73.84
v -190.03 -122.28 81.88
v -174.52 -136.03 87.82
v -178.22 -102.37 93.66
v -185.79 -95.75 90.88
v -164.51 -131.44 70.69
v -180.02 -117.69 64.76
v -175.83 -91.17 73.84
v -168.26 -97.80 76.61
v -174.52 -136.03 87.82
v -158.45 -145.09 95.26
v -170.40 -106.73 97.17
v -178.22 -102.37 93.66
v -148.43 -140.50 78.11
v -164.51 -131.44 70.69
v -168.26 -97.80 76.61
v -160.44 -102.16 80.12
v -158.45 -145.09 95.26
v -153.29 -127.46 102.28
v -167.98 -98.24 100.70
v -170.40 -106.73 97.17
v -143.28 -122.87 85.15
v -148.43 -140.50 78.11
v -160.44 -102.16 80.12
v -158.02 -93.66 83.65
v -153.29 -127.46 102.28
v -146.53 -113.11 109.61
v -164.76 -91.32 104.33
v -167.98 -98.24 100.70
v -136.53 -108.52 92.50
v -143.28 -122.87 85.15
v -158.02 -93.66 83.65
v -154.80 -86.74 87.28
v -146.53 -113.11 109.61
v -141.06 -96.83 116.79
v -162.15 -83.46 107.87
v -164.76 -91.32 104.33
v -131.06 -92.24 99.68
v -136.53 -108.52 92.50
v -154.80 -86.74 87.28
v -152.19 -78.88 90.82
v -141.06 -96.83 116.79
v -135.33 -80.97 124.15
v -159.40 -75.79 111.47
v -162.15 -83.46 107.87
v -125.34 -76.38 107.04
v -131.06 -92.24 99.68
v -152.19 -78.88 90.82
v -149.44 -71.22 94.43
v -135.33 -80.97 124.15
v -128.15 -64.96 132.52
v -155.94 -68.05 115.55
v -159.40 -75.79 111.47
v -118.16 -60.37 115.42
v -125.34 -76.38 107.04
v -149.44 -71.22 94.43
v -145.98 -63.48 98.50
v -128.15 -64.96 132.52
v -128.00 -50.80 136.46
v -155.86 -61.20 117.44
v -155.94 -68.05 115.55
v -118.00 -46.21 119.35
v -118.16 -60.37 115.42
v -145.98 -63.48 98.50
v -145.90 -56.62 100.40
v -128.00 -50.80 136.46
v -122.42 -35.86 143.87
v -153.15 -53.96 121.00
v -155.86 -61.20 117.44
v -112.43 -31.27 126.76
v -118.00 -46.21 119.35
v -145.90 -56.62 100.40
v -143.19 -49.39 103.96
v -122.42 -35.86 143.87
v -135.74 -29.46 138.02
v -159.57 -50.86 118.13
v -153.15 -53.96 121.00
v -125.74 -24.87 120.91
v -112.43 -31.27 126.76
v -143.19 -49.39 103.96
v -149.61 -46.28 101.09
v -135.74 -29.46 138.02
v -146.14 -17.91 135.41
v -164.56 -45.25 116.81
v -159.57 -50.86 118.13
v -136.14 -13.32 118.29
v -125.74 -24.87 120.91
v -149.61 -46.28 101.09
v -154.60 -40.68 99.76
v -146.14 -17.91 135.41
v -162.97 -13.97 126.87
v -172.68 -43.33 112.63
v -164.56 -45.25 116.81
v -152.96 -9.38 109.75
v -136.14 -13.32 118.29
v -154.60 -40.68 99.76
v -162.72 -38.76 95.59
v -162.97 -13.97 126.87
v -178.27 -8.09 119.81
v -180.05 -40.47 109.16
v -172.68 -43.33 112.63
v -168.26 -3.50 102.68
v -152.96 -9.38 109.75
v -162.72 -38.76 95.59
v -170.09 -35.90 92.12
v -178.27 -8.09 119.81
v -192.64 -6.58 111.96
v -186.99 -39.73 105.34
v -180.05 -40.47 109.16
v -182.63 -1.98 94.83
v -168.26 -3.50 102.68
v -170.09 -35.90 92.12
v -177.03 -35.16 88.29
v -192.64 -6.58 111.96
v -202.98 -25.36 100.25
v -192.06 -48.85 99.78
v -186.99 -39.73 105.34
v -192.98 -20.76 83.13
v -182.63 -1.98 94.83
v -177.03 -35.16 88.29
v -182.10 -44.28 82.74
v -202.98 -25.36 100.25
v -218.99 -35.99 87.77
v -199.84 -54.01 93.80
v -192.06 -48.85 99.78
v -208.99 -31.40 70.66
v -192.98 -20.76 83.13
v -182.10 -44.28 82.74
v -189.88 -49.44 76.75
v -218.99 -35.99 87.77
v -229.70 -54.44 76.20
v -205.06 -62.95 88.26
v -199.84 -54.01 93.80
v -219.70 -49.85 59.09
v -208.99 -31.40 70.66
v -189.88 -49.44 76.75
v -195.10 -58.38 71.22
v -229.70 -54.44 76.20
v -236.17 -71.45 67.67
v -208.21 -71.19 84.17
v -205.06 -62.95 88.26
v -226.18 -66.86 50.57
v -219.70 -49.85 59.09
v -195.10 -58.38 71.22
v -198.25 -66.62 67.12
v -236.17 -71.45 67.67
v -247.12 -86.83 57.09
v -213.51 -78.64 79.06
v -208.21 -71.19 84.17
v -237.13 -82.24 39.99
v -226.18 -66.86 50.57
v -198.25 -66.62 67.12
v -203.55 -74.06 62.01
v -247.12 -86.83 57.09
v -236.12 -96.72 61.01
v -208.17 -83.42 80.93
v -213.51 -78.64 79.06
v -226.12 -92.14 43.90
v -237.13 -82.24 39.99
v -203.55 -74.06 62.01
v -198.21 -78.84 63.88
v -208.17 -83.42 80.93
v -200.99 -87.92 83.97
v -181.97 -70.94 99.59
v -191.03 -83.34 66.92
v -198.21 -78.84 63.88
v -171.66 -66.21 81.96
v -200.99 -87.92 83.97
v -194.15 -93.53 86.54
v -181.97 -70.94 99.59
v -184.19 -88.96 69.50
v -191.03 -83.34 66.92
v -171.66 -66.21 81.96
v -194.15 -93.53 86.54
v -185.79 -95.75 90.88
v -181.97 -70.94 99.59
v -175.83 -91.17 73.84
v -184.19 -88.96 69.50
v -171.66 -66.21 81.96
v -185.79 -95.75 90.88
v -178.22 -102.37 93.66
v -181.97 -70.94 99.59
v -168.26 -97.80 76.61
v -175.83 -91.17 73.84
v -171.66 -66.21 81.96
v -178.22 -102.37 93.66
v -170.40 -106.73 97.17
v -181.97 -70.94 99.59
v -160.44 -102.16 80.12
v -168.26 -97.80 76.61
v -171.66 -66.21 81.96
v -170.40 -106.73 97.17
v -167.98 -98.24 100.70
v -181.97 -70.94 99.59
v -158.02 -93.66 83.65
v -160.44 -102.16 80.12
v -171.66 -66.21 81.96
v -167.98 -98.24 100.70
v -164.76 -91.32 104.33
v -181.97 -70.94 99.59
v -154.80 -86.74 87.28
v -158.02 -93.66 83.65
v -171.66 -66.21 81.96
v -164.76 -91.32 104.33
v -162.15 -83.46 107.87
v -181.97 -70.94 99.59
v -152.19 -78.88 90.82
v -154.80 -86.74 87.28
v -171.66 -66.21 81.96
v -162.15 -83.46 107.87
v -159.40 -75.79 111.47
v -181.97 -70.94 99.59
v -149.44 -71.22 94.43
v -152.19 -78.88 90.82
v -171.66 -66.21 81.96
v -159.40 -75.79 111.47
v -155.94 -68.05 115.55
v -181.97 -70.94 99.59
v -145.98 -63.48 98.50
v -149.44 -71.22 94.43
v -171.66 -66.21 81.96
v -155.94 -68.05 115.55
v -155.86 -61.20 117.44
v -181.97 -70.94 99.59
v -145.90 -56.62 100.40
v -145.98 -63.48 98.50
v -171.66 -66.21 81.96
v -155.86 -61.20 117.44
v -153.15 -53.96 121.00
v -181.97 -70.94 99.59
v -143.19 -49.39 103.96
v -145.90 -56.62 100.40
v -171.66 -66.21 81.96
v -153.15 -53.96 121.00
v -159.57 -50.86 118.13
v -181.97 -70.94 99.59
v -149.61 -46.28 101.09
v -143.19 -49.39 103.96
v -171.66 -66.21 81.96
v -159.57 -50.86 118.13
v -164.56 -45.25 116.81
v -181.97 -70.94 99.59
v -154.60 -40.68 99.76
v -149.61 -46.28 101.09
v -171.66 -66.21 81.96
v -164.56 -45.25 116.81
v -172.68 -43.33 112.63
v -181.97 -70.94 99.59
v -162.72 -38.76 95.59
v -154.60 -40.68 99.76
v -171.66 -66.21 81.96
v -172.68 -43.33 112.63
v -180.05 -40.47 109.16
v -181.97 -70.94 99.59
v -170.09 -35.90 92.12
v -162.72 -38.76 95.59
v -171.66 -66.21 81.96
v -180.05 -40.47 109.16
v -186.99 -39.73 105.34
v -181.97 -70.94 99.59
v -177.03 -35.16 88.29
v -170.09 -35.90 92.12
v -171.66 -66.21 81.96
v -186.99 -39.73 105.34
v -192.06 -48.85 99.78
v -181.97 -70.94 99.59
v -182.10 -44.28 82.74
v -177.03 -35.16 88.29
v -171.66 -66.21 81.96
v -192.06 -48.85 99.78
v -199.84 -54.01 93.80
v -181.97 -70.94 99.59
v -189.88 -49.44 76.75
v -182.10 -44.28 82.74
v -171.66 -66.21 81.96
v -199.84 -54.01 93.80
v -205.06 -62.95 88.26
v -181.97 -70.94 99.59
v -195.10 -58.38 71.22
v -189.88 -49.44 76.75
v -171.66 -66.21 81.96
v -205.06 -62.95 88.26
v -208.21 -71.19 84.17
v -181.97 -70.94 99.59
v -198.25 -66.62 67.12
v -195.10 -58.38 71.22
v -171.66 -66.21 81.96
v -208.21 -71.19 84.17
v -213.51 -78.64 79.06
v -181.97 -70.94 99.59
v -203.55 -74.06 62.01
v -198.25 -66.62 67.12
v -171.66 -66.21 81.96
v -213.51 -78.64 79.06
v -208.17 -83.42 80.93
v -181.97 -70.94 99.59
v -198.21 -78.84 63.88
v -203.55 -74.06 62.01
v -171.66 -66.21 81.96
v -214.86 2.67 96.81
v -213.02 3.91 98.21
v -222.46 13.54 97.18
v -221.37 14.44 94.97
v -213.02 3.91 98.21
v -211.90 4.77 96.00
v -220.69 14.87 98.59
v -222.46 13.54 97.18
v -211.90 4.77 96.00
v -213.74 3.53 94.59
v -219.61 15.78 96.38
v -220.69 14.87 98.59
v -213.74 3.53 94.59
v -214.86 2.67 96.81
v -221.37 14.44 94.97
v -219.61 15.78 96.38
v -221.37 14.44 94.97
v -222.46 13.54 97.18
v -229.97 24.43 95.17
v -228.40 25.99 96.57
v -222.46 13.54 97.18
v -220.69 14.87 98.59
v -231.08 23.56 97.38
v -229.97 24.43 95.17
v -220.69 14.87 98.59
v -219.61 15.78 96.38
v -229.51 25.12 98.78
v -231.08 23.56 97.38
v -219.61 15.78 96.38
v -221.37 14.44 94.97
v -228.40 25.99 96.57
v -229.51 25.12 98.78
v -228.40 25.99 96.57
v -229.97 24.43 95.17
v -238.04 35.61 94.95
v -239.09 34.67 97.16
v -229.97 24.43 95.17
v -231.08 23.56 97.38
v -239.13 33.64 93.60
v -238.04 35.61 94.95
v -231.08 23.56 97.38
v -229.51 25.12 98.78
v -240.18 32.71 95.81
v -239.13 33.64 93.60
v -229.51 25.12 98.78
v -228.40 25.99 96.57
v -239.09 34.67 97.16
v -240.18 32.71 95.81
v -239.09 34.67 97.16
v -238.04 35.61 94.95
v -251.23 40.02 94.75
v -251.94 37.83 93.49
v -238.04 35.61 94.95
v -239.13 33.64 93.60
v -250.34 41.03 92.50
v -251.23 40.02 94.75
v -239.13 33.64 93.60
v -240.18 32.71 95.81
v -251.05 38.84 91.23
v -250.34 41.03 92.50
v -240.18 32.71 95.81
v -239.09 34.67 97.16
v -251.94 37.83 93.49
v -251.05 38.84 91.23
v -213.74 3.53 94.59
v -211.90 4.77 96.00
v -213.02 3.91 98.21
v -214.86 2.67 96.81
v -251.94 37.83 93.49
v -251.23 40.02 94.75
v -250.34 41.03 92.50
v -251.05 38.84 91.23
v -108.02 -107.85 115.60
v -108.60 -111.11 114.38
v -95.95 -110.93 118.13
v -94.56 -110.02 115.01
v -108.60 -111.11 114.38
v -107.65 -110.08 111.14
v -96.33 -114.25 116.99
v -95.95 -110.93 118.13
v -107.65 -110.08 111.14
v -107.07 -106.81 112.36
v -94.94 -113.34 113.87
v -96.33 -114.25 116.99
v -107.07 -106.81 112.36
v -108.02 -107.85 115.60
v -94.56 -110.02 115.01
v -94.94 -113.34 113.87
v -94.56 -110.02 115.01
v -95.95 -110.93 118.13
v -83.11 -112.66 121.44
v -82.96 -116.06 120.51
v -95.95 -110.93 118.13
v -96.33 -114.25 116.99
v -85.54 -113.43 123.88
v -83.11 -112.66 121.44
v -96.33 -114.25 116.99
v -94.94 -113.34 113.87
v -85.39 -116.84 122.95
v -85.54 -113.43 123.88
v -94.94 -113.34 113.87
v -94.56 -110.02 115.01
v -82.96 -116.06 120.51
v -85.39 -116.84 122.95
v -82.96 -116.06 120.51
v -83.11 -112.66 121.44
v -75.49 -117.41 131.75
v -78.61 -117.97 133.32
v -83.11 -112.66 121.44
v -85.54 -113.43 123.88
v -75.59 -114.03 132.78
v -75.49 -117.41 131.75
v -85.54 -113.43 123.88
v -85.39 -116.84 122.95
v -78.70 -114.59 134.35
v -75.59 -114.03 132.78
v -85.39 -116.84 122.95
v -82.96 -116.06 120.51
v -78.61 -117.97 133.32
v -78.70 -114.59 134.35
v -78.61 -117.97 133.32
v -75.49 -117.41 131.75
v -73.81 -122.89 143.94
v -73.67 -119.66 145.37
v -75.49 -117.41 131.75
v -75.59 -114.03 132.78
v -70.55 -122.46 142.65
v -73.81 -122.89 143.94
v -75.59 -114.03 132.78
v -78.70 -114.59 134.35
v -70.41 -119.23 144.08
v -70.55 -122.46 142.65
v -78.70 -114.59 134.35
v -78.61 -117.97 133.32
v -73.67 -119.66 145.37
v -70.41 -119.23 144.08
v -107.07 -106.81 112.36
v -107.65 -110.08 111.14
v -108.60 -111.11 114.38
v -108.02 -107.85 115.60
v -73.67 -119.66 145.37
v -73.81 -122.89 143.94
v -70.55 -122.46 142.65
v -70.41 -119.23 144.08
v -128.99 -158.36 95.83
v -129.86 -161.72 94.42
v -110.92 -161.83 92.82
v -110.66 -160.43 89.35
v -129.86 -161.72 94.42
v -130.15 -160.21 90.99
v -112.52 -164.93 91.46
v -110.92 -161.83 92.82
v -130.15 -160.21 90.99
v -129.28 -156.85 92.41
v -112.26 -163.54 87.99
v -112.52 -164.93 91.46
v -129.28 -156.85 92.41
v -128.99 -158.36 95.83
v -110.66 -160.43 89.35
v -112.26 -163.54 87.99
v -110.66 -160.43 89.35
v -110.92 -161.83 92.82
v -95.59 -172.64 88.63
v -98.17 -175.09 87.45
v -110.92 -161.83 92.82
v -112.52 -164.93 91.46
v -96.23 -173.66 92.18
v -95.59 -172.64 88.63
v -112.52 -164.93 91.46
v -112.26 -163.54 87.99
v -98.82 -176.11 91.00
v -96.23 -173.66 92.18
v -112.26 -163.54 87.99
v -110.66 -160.43 89.35
v -98.17 -175.09 87.45
v -98.82 -176.11 91.00
v -98.17 -175.09 87.45
v -95.59 -172.64 88.63
v -87.20 -188.87 85.48
v -87.21 -190.48 88.87
v -95.59 -172.64 88.63
v -96.23 -173.66 92.18
v -84.10 -186.96 86.40
v -87.20 -188.87 85.48
v -96.23 -173.66 92.18
v -98.82 -176.11 91.00
v -84.11 -188.57 89.79
v -84.10 -186.96 86.40
v -98.82 -176.11 91.00
v -98.17 -175.09 87.45
v -87.21 -190.48 88.87
v -84.11 -188.57 89.79
v -87.21 -190.48 88.87
v -87.20 -188.87 85.48
v -78.36 -203.16 78.19
v -75.07 -201.53 78.98
v -87.20 -188.87 85.48
v -84.10 -186.96 86.40
v -78.76 -200.92 75.21
v -78.36 -203.16 78.19
v -84.10 -186.96 86.40
v -84.11 -188.57 89.79
v -75.47 -199.29 75.99
v -78.76 -200.92 75.21
v -84.11 -188.57 89.79
v -87.21 -190.48 88.87
v -75.07 -201.53 78.98
v -75.47 -199.29 75.99
v -129.28 -156.85 92.41
v -130.15 -160.21 90.99
v -129.86 -161.72 94.42
v -128.99 -158.36 95.83
v -75.07 -201.53 78.98
v -78.36 -203.16 78.19
v -78.76 -200.92 75.21
v -75.47 -199.29 75.99
v 21.51 -227.86 3.54
v 39.45 -228.31 -5.75
v 49.83 -238.83 11.97
v 31.87 -238.37 21.25
v 39.45 -228.31 -5.75
v 40.92 -216.89 -0.89
v 51.29 -227.40 16.81
v 49.83 -238.83 11.97
v 40.92 -216.89 -0.89
v 42.30 -205.77 3.93
v 52.66 -216.28 21.63
v 51.29 -227.40 16.81
v 42.30 -205.77 3.93
v 40.85 -193.14 11.08
v 51.20 -203.63 28.75
v 52.66 -216.28 21.63
v 40.85 -193.14 11.08
v 48.80 -186.64 10.24
v 59.15 -197.13 27.91
v 51.20 -203.63 28.75
v 48.80 -186.64 10.24
v 50.91 -176.35 14.43
v 61.25 -186.83 32.09
v 59.15 -197.13 27.91
v 50.91 -176.35 14.43
v 53.90 -166.41 18.01
v 64.23 -176.88 35.66
v 61.25 -186.83 32.09
v 53.90 -166.41 18.01
v 56.49 -156.34 21.92
v 66.82 -166.81 39.55
v 64.23 -176.88 35.66
v 56.49 -156.34 21.92
v 49.85 -140.89 33.85
v 60.16 -151.34 51.47
v 66.82 -166.81 39.55
v 49.85 -140.89 33.85
v 59.15 -122.28 38.90
v 69.46 -132.73 56.51
v 60.16 -151.34 51.47
v 59.15 -122.28 38.90
v 42.87 -111.40 54.30
v 53.17 -121.84 71.89
v 69.46 -132.73 56.51
v 42.87 -111.40 54.30
v 53.52 -86.41 62.61
v 63.82 -96.85 80.19
v 53.17 -121.84 71.89
v 53.52 -86.41 62.61
v 37.46 -81.79 74.92
v 47.76 -92.23 92.51
v 63.82 -96.85 80.19
v 37.46 -81.79 74.92
v 11.63 -77.38 93.36
v 21.94 -87.84 110.97
v 47.76 -92.23 92.51
v 11.63 -77.38 93.36
v -15.45 -73.95 112.53
v -5.13 -84.42 130.16
v 21.94 -87.84 110.97
v -15.45 -73.95 112.53
v -43.33 -68.60 134.11
v -32.98 -79.08 151.77
v -5.13 -84.42 130.16
v -43.33 -68.60 134.11
v -72.53 -64.29 156.58
v -62.16 -74.81 174.30
v -32.98 -79.08 151.77
v -72.53 -64.29 156.58
v -76.03 -83.63 145.37
v -65.68 -94.13 163.05
v -62.16 -74.81 174.30
v -76.03 -83.63 145.37
v -84.66 -94.03 143.88
v -74.31 -104.53 161.56
v -65.68 -94.13 163.05
v -84.66 -94.03 143.88
v -98.06 -101.83 147.34
v -87.70 -112.33 165.02
v -74.31 -104.53 161.56
v -98.06 -101.83 147.34
v -94.17 -119.22 132.93
v -83.83 -129.70 150.58
v -87.70 -112.33 165.02
v -94.17 -119.22 132.93
v -115.64 -126.18 142.12
v -105.30 -136.66 159.79
v -83.83 -129.70 150.58
v -115.64 -126.18 142.12
v -98.56 -148.53 116.39
v -88.25 -158.99 134.01
v -105.30 -136.66 159.79
v -98.56 -148.53 116.39
v -87.42 -168.92 96.66
v -77.12 -179.36 114.26
v -88.25 -158.99 134.01
v -87.42 -168.92 96.66
v -83.04 -194.14 78.78
v -72.74 -204.58 96.37
v -77.12 -179.36 114.26
v -83.04 -194.14 78.78
v -68.09 -211.49 60.17
v -57.79 -221.94 77.77
v -72.74 -204.58 96.37
v -68.09 -211.49 60.17
v -58.49 -235.64 41.46
v -48.17 -246.11 59.09
v -57.79 -221.94 77.77
v -58.49 -235.64 41.46
v -42.43 -232.38 34.60
v -32.10 -242.84 52.23
v -48.17 -246.11 59.09
v -42.43 -232.38 34.60
v -26.81 -233.00 25.97
v -16.48 -243.48 43.62
v -32.10 -242.84 52.23
v -26.81 -233.00 25.97
v -10.35 -233.14 17.28
v -0.01 -243.63 34.95
v -16.48 -243.48 43.62
v -10.35 -233.14 17.28
v 5.52 -229.94 10.69
v 15.87 -240.44 28.38
v -0.01 -243.63 34.95
v 5.52 -229.94 10.69
v 21.51 -227.86 3.54
v 31.87 -238.37 21.25
v 15.87 -240.44 28.38
v 31.87 -238.37 21.25
v 49.83 -238.83 11.97
v 23.84 -207.53 41.13
v 12.83 -207.37 47.09
v 39.45 -228.31 -5.75
v 21.51 -227.86 3.54
v 2.02 -196.41 28.63
v 13.02 -196.56 22.66
v 49.83 -238.83 11.97
v 51.29 -227.40 16.81
v 24.83 -200.53 44.29
v 23.84 -207.53 41.13
v 40.92 -216.89 -0.89
v 39.45 -228.31 -5.75
v 13.02 -196.56 22.66
v 14.02 -189.57 25.82
v 51.29 -227.40 16.81
v 52.66 -216.28 21.63
v 25.76 -193.72 47.41
v 24.83 -200.53 44.29
v 42.30 -205.77 3.93
v 40.92 -216.89 -0.89
v 14.02 -189.57 25.82
v 14.95 -182.76 28.95
v 52.66 -216.28 21.63
v 51.20 -203.63 28.75
v 24.96 -185.98 52.00
v 25.76 -193.72 47.41
v 40.85 -193.14 11.08
v 42.30 -205.77 3.93
v 14.95 -182.76 28.95
v 14.15 -175.03 33.55
v 51.20 -203.63 28.75
v 59.15 -197.13 27.91
v 29.89 -181.95 51.48
v 24.96 -185.98 52.00
v 48.80 -186.64 10.24
v 40.85 -193.14 11.08
v 14.15 -175.03 33.55
v 19.09 -171.00 33.03
v 59.15 -197.13 27.91
v 61.25 -186.83 32.09
v 31.25 -175.62 54.17
v 29.89 -181.95 51.48
v 50.91 -176.35 14.43
v 48.80 -186.64 10.24
v 19.09 -171.00 33.03
v 20.45 -164.67 35.72
v 61.25 -186.83 32.09
v 64.23 -176.88 35.66
v 33.15 -169.51 56.47
v 31.25 -175.62 54.17
v 53.90 -166.41 18.01
v 50.91 -176.35 14.43
v 20.45 -164.67 35.72
v 22.35 -158.56 38.03
v 64.23 -176.88 35.66
v 66.82 -166.81 39.55
v 34.80 -163.31 58.96
v 33.15 -169.51 56.47
v 56.49 -156.34 21.92
v 53.90 -166.41 18.01
v 22.35 -158.56 38.03
v 24.00 -152.36 40.52
v 66.82 -166.81 39.55
v 60.16 -151.34 51.47
v 30.77 -153.82 66.51
v 34.80 -163.31 58.96
v 49.85 -140.89 33.85
v 56.49 -156.34 21.92
v 24.00 -152.36 40.52
v 19.97 -142.87 48.08
v 60.16 -151.34 51.47
v 69.46 -132.73 56.51
v 36.57 -142.32 69.71
v 30.77 -153.82 66.51
v 59.15 -122.28 38.90
v 49.85 -140.89 33.85
v 19.97 -142.87 48.08
v 25.79 -131.38 51.29
v 69.46 -132.73 56.51
v 53.17 -121.84 71.89
v 26.53 -135.62 79.33
v 36.57 -142.32 69.71
v 42.87 -111.40 54.30
v 59.15 -122.28 38.90
v 25.79 -131.38 51.29
v 15.74 -124.69 60.91
v 53.17 -121.84 71.89
v 63.82 -96.85 80.19
v 33.16 -120.15 84.52
v 26.53 -135.62 79.33
v 53.52 -86.41 62.61
v 42.87 -111.40 54.30
v 15.74 -124.69 60.91
v 22.37 -109.22 66.11
v 63.82 -96.85 80.19
v 47.76 -92.23 92.51
v 23.18 -117.27 92.14
v 33.16 -120.15 84.52
v 37.46 -81.79 74.92
v 53.52 -86.41 62.61
v 22.37 -109.22 66.11
v 12.40 -106.34 73.72
v 47.76 -92.23 92.51
v 21.94 -87.84 110.97
v 7.11 -114.49 103.48
v 23.18 -117.27 92.14
v 11.63 -77.38 93.36
v 37.46 -81.79 74.92
v 12.40 -106.34 73.72
v -3.68 -103.55 85.06
v 21.94 -87.84 110.97
v -5.13 -84.42 130.16
v -9.77 -112.26 115.19
v 7.11 -114.49 103.48
v -15.45 -73.95 112.53
v 11.63 -77.38 93.36
v -3.68 -103.55 85.06
v -20.57 -101.32 96.76
v -5.13 -84.42 130.16
v -32.98 -79.08 151.77
v -27.22 -108.78 128.30
v -9.77 -112.26 115.19
v -43.33 -68.60 134.11
v -15.45 -73.95 112.53
v -20.57 -101.32 96.76
v -38.02 -97.83 109.85
v -32.98 -79.08 151.77
v -62.16 -74.81 174.30
v -45.54 -105.89 141.86
v -27.22 -108.78 128.30
v -72.53 -64.29 156.58
v -43.33 -68.60 134.11
v -38.02 -97.83 109.85
v -56.36 -94.93 123.40
v -62.16 -74.81 174.30
v -65.68 -94.13 163.05
v -47.58 -118.02 135.14
v -45.54 -105.89 141.86
v -76.03 -83.63 145.37
v -72.53 -64.29 156.58
v -56.36 -94.93 123.40
v -58.38 -107.06 116.69
v -65.68 -94.13 163.05
v -74.31 -104.53 161.56
v -52.90 -124.50 134.27
v -47.58 -118.02 135.14
v -84.66 -94.03 143.88
v -76.03 -83.63 145.37
v -58.38 -107.06 116.69
v -63.70 -113.54 115.82
v -74.31 -104.53 161.56
v -87.70 -112.33 165.02
v -61.22 -129.31 136.38
v -52.90 -124.50 134.27
v -98.06 -101.83 147.34
v -84.66 -94.03 143.88
v -63.70 -113.54 115.82
v -72.03 -118.35 117.93
v -87.70 -112.33 165.02
v -83.83 -129.70 150.58
v -58.67 -140.24 127.69
v -61.22 -129.31 136.38
v -94.17 -119.22 132.93
v -98.06 -101.83 147.34
v -72.03 -118.35 117.93
v -69.47 -129.29 109.25
v -83.83 -129.70 150.58
v -105.30 -136.66 159.79
v -72.04 -144.49 133.29
v -58.67 -140.24 127.69
v -115.64 -126.18 142.12
v -94.17 -119.22 132.93
v -69.47 -129.29 109.25
v -82.84 -133.54 114.84
v -105.30 -136.66 159.79
v -88.25 -158.99 134.01
v -61.26 -158.54 117.66
v -72.04 -144.49 133.29
v -98.56 -148.53 116.39
v -115.64 -126.18 142.12
v -82.84 -133.54 114.84
v -72.05 -147.60 99.23
v -88.25 -158.99 134.01
v -77.12 -179.36 114.26
v -54.27 -171.27 105.57
v -61.26 -158.54 117.66
v -87.42 -168.92 96.66
v -98.56 -148.53 116.39
v -72.05 -147.60 99.23
v -65.06 -160.33 87.15
v -77.12 -179.36 114.26
v -72.74 -204.58 96.37
v -51.53 -186.93 94.53
v -54.27 -171.27 105.57
v -83.04 -194.14 78.78
v -87.42 -168.92 96.66
v -65.06 -160.33 87.15
v -62.31 -176.00 76.11
v -72.74 -204.58 96.37
v -57.79 -221.94 77.77
v -42.29 -197.65 82.93
v -51.53 -186.93 94.53
v -68.09 -211.49 60.17
v -83.04 -194.14 78.78
v -62.31 -176.00 76.11
v -53.08 -186.72 64.51
v -57.79 -221.94 77.77
v -48.17 -246.11 59.09
v -36.44 -212.53 71.17
v -42.29 -197.65 82.93
v -58.49 -235.64 41.46
v -68.09 -211.49 60.17
v -53.08 -186.72 64.51
v -47.23 -201.59 52.74
v -48.17 -246.11 59.09
v -32.10 -242.84 52.23
v -26.53 -210.46 66.83
v -36.44 -212.53 71.17
v -42.43 -232.38 34.60
v -58.49 -235.64 41.46
v -47.23 -201.59 52.74
v -37.32 -199.51 48.40
v -32.10 -242.84 52.23
v -16.48 -243.48 43.62
v -16.91 -210.77 61.37
v -26.53 -210.46 66.83
v -26.81 -233.00 25.97
v -42.43 -232.38 34.60
v -37.32 -199.51 48.40
v -27.71 -199.83 42.93
v -16.48 -243.48 43.62
v -0.01 -243.63 34.95
v -6.79 -210.78 55.84
v -16.91 -210.77 61.37
v -10.35 -233.14 17.28
v -26.81 -233.00 25.97
v -27.71 -199.83 42.93
v -17.59 -199.83 37.40
v -0.01 -243.63 34.95
v 15.87 -240.44 28.38
v 2.99 -208.74 51.65
v -6.79 -210.78 55.84
v 5.52 -229.94 10.69
v -10.35 -233.14 17.28
v -17.59 -199.83 37.40
v -7.81 -197.78 33.20
v 15.87 -240.44 28.38
v 31.87 -238.37 21.25
v 12.83 -207.37 47.09
v 2.99 -208.74 51.65
v 21.51 -227.86 3.54
v 5.52 -229.94 10.69
v -7.81 -197.78 33.20
v 2.02 -196.41 28.63
v 12.83 -207.37 47.09
v 23.84 -207.53 41.13
v 2.54 -181.76 66.68
v -2.74 -181.73 69.65
v 13.02 -196.56 22.66
v 2.02 -196.41 28.63
v -13.57 -170.76 51.17
v -8.29 -170.79 48.20
v 23.84 -207.53 41.13
v 24.83 -200.53 44.29
v 3.05 -178.41 68.27
v 2.54 -181.76 66.68
v 14.02 -189.57 25.82
v 13.02 -196.56 22.66
v -8.29 -170.79 48.20
v -7.77 -167.44 49.79
v 24.83 -200.53 44.29
v 25.76 -193.72 47.41
v 3.53 -175.15 69.84
v 3.05 -178.41 68.27
v 14.95 -182.76 28.95
v 14.02 -189.57 25.82
v -7.77 -167.44 49.79
v -7.29 -164.17 51.35
v 25.76 -193.72 47.41
v 24.96 -185.98 52.00
v 3.19 -171.45 72.13
v 3.53 -175.15 69.84
v 14.15 -175.03 33.55
v 14.95 -182.76 28.95
v -7.29 -164.17 51.35
v -7.64 -160.47 53.65
v 24.96 -185.98 52.00
v 29.89 -181.95 51.48
v 5.57 -169.50 71.88
v 3.19 -171.45 72.13
v 19.09 -171.00 33.03
v 14.15 -175.03 33.55
v -7.64 -160.47 53.65
v -5.25 -158.53 53.40
v 29.89 -181.95 51.48
v 31.25 -175.62 54.17
v 6.26 -166.46 73.22
v 5.57 -169.50 71.88
v 20.45 -164.67 35.72
v 19.09 -171.00 33.03
v -5.25 -158.53 53.40
v -4.57 -155.49 54.74
v 31.25 -175.62 54.17
v 33.15 -169.51 56.47
v 7.19 -163.52 74.37
v 6.26 -166.46 73.22
v 22.35 -158.56 38.03
v 20.45 -164.67 35.72
v -4.57 -155.49 54.74
v -3.63 -152.55 55.89
v 33.15 -169.51 56.47
v 34.80 -163.31 58.96
v 8.01 -160.54 75.61
v 7.19 -163.52 74.37
v 24.00 -152.36 40.52
v 22.35 -158.56 38.03
v -3.63 -152.55 55.89
v -2.81 -149.57 57.13
v 34.80 -163.31 58.96
v 30.77 -153.82 66.51
v 6.10 -155.99 79.32
v 8.01 -160.54 75.61
v 19.97 -142.87 48.08
v 24.00 -152.36 40.52
v -2.81 -149.57 57.13
v -4.72 -145.02 60.85
v 30.77 -153.82 66.51
v 36.57 -142.32 69.71
v 8.93 -150.44 80.91
v 6.10 -155.99 79.32
v 25.79 -131.38 51.29
v 19.97 -142.87 48.08
v -4.72 -145.02 60.85
v -1.89 -139.47 62.43
v 36.57 -142.32 69.71
v 26.53 -135.62 79.33
v 4.09 -147.22 85.60
v 8.93 -150.44 80.91
v 15.74 -124.69 60.91
v 25.79 -131.38 51.29
v -1.89 -139.47 62.43
v -6.73 -136.25 67.12
v 26.53 -135.62 79.33
v 33.16 -120.15 84.52
v 7.31 -139.75 88.13
v 4.09 -147.22 85.60
v 22.37 -109.22 66.11
v 15.74 -124.69 60.91
v -6.73 -136.25 67.12
v -3.51 -128.78 69.65
v 33.16 -120.15 84.52
v 23.18 -117.27 92.14
v 2.47 -138.35 91.80
v 7.31 -139.75 88.13
v 12.40 -106.34 73.72
v 22.37 -109.22 66.11
v -3.51 -128.78 69.65
v -8.35 -127.38 73.33
v 23.18 -117.27 92.14
v 7.11 -114.49 103.48
v -5.33 -136.98 97.25
v 2.47 -138.35 91.80
v -3.68 -103.55 85.06
v 12.40 -106.34 73.72
v -8.35 -127.38 73.33
v -16.15 -126.01 78.77
v 7.11 -114.49 103.48
v -9.77 -112.26 115.19
v -13.54 -135.85 102.84
v -5.33 -136.98 97.25
v -20.57 -101.32 96.76
v -3.68 -103.55 85.06
v -16.15 -126.01 78.77
v -24.36 -124.88 84.36
v -9.77 -112.26 115.19
v -27.22 -108.78 128.30
v -22.05 -134.10 109.06
v -13.54 -135.85 102.84
v -38.02 -97.83 109.85
v -20.57 -101.32 96.76
v -24.36 -124.88 84.36
v -32.88 -123.12 90.58
v -27.22 -108.78 128.30
v -45.54 -105.89 141.86
v -31.02 -132.60 115.46
v -22.05 -134.10 109.06
v -56.36 -94.93 123.40
v -38.02 -97.83 109.85
v -32.88 -123.12 90.58
v -41.84 -121.63 96.97
v -45.54 -105.89 141.86
v -47.58 -118.02 135.14
v -31.94 -138.53 112.31
v -31.02 -132.60 115.46
v -58.38 -107.06 116.69
v -56.36 -94.93 123.40
v -41.84 -121.63 96.97
v -42.76 -127.56 93.83
v -47.58 -118.02 135.14
v -52.90 -124.50 134.27
v -34.50 -141.68 111.91
v -31.94 -138.53 112.31
v -63.70 -113.54 115.82
v -58.38 -107.06 116.69
v -42.76 -127.56 93.83
v -45.32 -130.71 93.43
v -52.90 -124.50 134.27
v -61.22 -129.31 136.38
v -38.54 -144.00 112.92
v -34.50 -141.68 111.91
v -72.03 -118.35 117.93
v -63.70 -113.54 115.82
v -45.32 -130.71 93.43
v -49.36 -133.03 94.44
v -61.22 -129.31 136.38
v -58.67 -140.24 127.69
v -37.24 -149.35 108.82
v -38.54 -144.00 112.92
v -69.47 -129.29 109.25
v -72.03 -118.35 117.93
v -49.36 -133.03 94.44
v -48.06 -138.38 90.34
v -58.67 -140.24 127.69
v -72.04 -144.49 133.29
v -43.73 -151.38 111.48
v -37.24 -149.35 108.82
v -82.84 -133.54 114.84
v -69.47 -129.29 109.25
v -48.06 -138.38 90.34
v -54.56 -140.41 93.00
v -72.04 -144.49 133.29
v -61.26 -158.54 117.66
v -38.44 -158.27 104.07
v -43.73 -151.38 111.48
v -72.05 -147.60 99.23
v -82.84 -133.54 114.84
v -54.56 -140.41 93.00
v -49.26 -147.30 85.59
v -61.26 -158.54 117.66
v -54.27 -171.27 105.57
v -35.01 -164.46 98.28
v -38.44 -158.27 104.07
v -65.06 -160.33 87.15
v -72.05 -147.60 99.23
v -49.26 -147.30 85.59
v -45.83 -153.49 79.81
v -54.27 -171.27 105.57
v -51.53 -186.93 94.53
v -33.68 -172.05 92.96
v -35.01 -164.46 98.28
v -62.31 -176.00 76.11
v -65.06 -160.33 87.15
v -45.83 -153.49 79.81
v -44.49 -161.08 74.48
v -51.53 -186.93 94.53
v -42.29 -197.65 82.93
v -29.22 -177.23 87.32
v -33.68 -172.05 92.96
v -53.08 -186.72 64.51
v -62.31 -176.00 76.11
v -44.49 -161.08 74.48
v -40.04 -166.26 68.85
v -42.29 -197.65 82.93
v -36.44 -212.53 71.17
v -26.43 -184.38 81.56
v -29.22 -177.23 87.32
v -47.23 -201.59 52.74
v -53.08 -186.72 64.51
v -40.04 -166.26 68.85
v -37.25 -173.41 63.08
v -36.44 -212.53 71.17
v -26.53 -210.46 66.83
v -21.66 -183.36 79.42
v -26.43 -184.38 81.56
v -37.32 -199.51 48.40
v -47.23 -201.59 52.74
v -37.25 -173.41 63.08
v -32.48 -172.39 60.94
v -26.53 -210.46 66.83
v -16.91 -210.77 61.37
v -17.04 -183.48 76.73
v -21.66 -183.36 79.42
v -27.71 -199.83 42.93
v -37.32 -199.51 48.40
v -32.48 -172.39 60.94
v -27.86 -172.51 58.25
v -16.91 -210.77 61.37
v -6.79 -210.78 55.84
v -12.17 -183.45 73.99
v -17.04 -183.48 76.73
v -17.59 -199.83 37.40
v -27.71 -199.83 42.93
v -27.86 -172.51 58.25
v -23.00 -172.48 55.51
v -6.79 -210.78 55.84
v 2.99 -208.74 51.65
v -7.47 -182.43 71.92
v -12.17 -183.45 73.99
v -7.81 -197.78 33.20
v -17.59 -199.83 37.40
v -23.00 -172.48 55.51
v -18.29 -171.46 53.43
v 2.99 -208.74 51.65
v 12.83 -207.37 47.09
v -2.74 -181.73 69.65
v -7.47 -182.43 71.92
v 2.02 -196.41 28.63
v -7.81 -197.78 33.20
v -18.29 -171.46 53.43
v -13.57 -170.76 51.17
v -2.74 -181.73 69.65
v 2.54 -181.76 66.68
v -16.95 -158.10 91.47
v -8.29 -170.79 48.20
v -13.57 -170.76 51.17
v -27.80 -147.10 72.95
v 2.54 -181.76 66.68
v 3.05 -178.41 68.27
v -16.95 -158.10 91.47
v -7.77 -167.44 49.79
v -8.29 -170.79 48.20
v -27.80 -147.10 72.95
v 3.05 -178.41 68.27
v 3.53 -175.15 69.84
v -16.95 -158.10 91.47
v -7.29 -164.17 51.35
v -7.77 -167.44 49.79
v -27.80 -147.10 72.95
v 3.53 -175.15 69.84
v 3.19 -171.45 72.13
v -16.95 -158.10 91.47
v -7.64 -160.47 53.65
v -7.29 -164.17 51.35
v -27.80 -147.10 72.95
v 3.19 -171.45 72.13
v 5.57 -169.50 71.88
v -16.95 -158.10 91.47
v -5.25 -158.53 53.40
v -7.64 -160.47 53.65
v -27.80 -147.10 72.95
v 5.57 -169.50 71.88
v 6.26 -166.46 73.22
v -16.95 -158.10 91.47
v -4.57 -155.49 54.74
v -5.25 -158.53 53.40
v -27.80 -147.10 72.95
v 6.26 -166.46 73.22
v 7.19 -163.52 74.37
v -16.95 -158.10 91.47
v -3.63 -152.55 55.89
v -4.57 -155.49 54.74
v -27.80 -147.10 72.95
v 7.19 -163.52 74.37
v 8.01 -160.54 75.61
v -16.95 -158.10 91.47
v -2.81 -149.57 57.13
v -3.63 -152.55 55.89
v -27.80 -147.10 72.95
v 8.01 -160.54 75.61
v 6.10 -155.99 79.32
v -16.95 -158.10 91.47
v -4.72 -145.02 60.85
v -2.81 -149.57 57.13
v -27.80 -147.10 72.95
v 6.10 -155.99 79.32
v 8.93 -150.44 80.91
v -16.95 -158.10 91.47
v -1.89 -139.47 62.43
v -4.72 -145.02 60.85
v -27.80 -147.10 72.95
v 8.93 -150.44 80.91
v 4.09 -147.22 85.60
v -16.95 -158.10 91.47
v -6.73 -136.25 67.12
v -1.89 -139.47 62.43
v -27.80 -147.10 72.95
v 4.09 -147.22 85.60
v 7.31 -139.75 88.13
v -16.95 -158.10 91.47
v -3.51 -128.78 69.65
v -6.73 -136.25 67.12
v -27.80 -147.10 72.95
v 7.31 -139.75 88.13
v 2.47 -138.35 91.80
v -16.95 -158.10 91.47
v -8.35 -127.38 73.33
v -3.51 -128.78 69.65
v -27.80 -147.10 72.95
v 2.47 -138.35 91.80
v -5.33 -136.98 97.25
v -16.95 -158.10 91.47
v -16.15 -126.01 78.77
v -8.35 -127.38 73.33
v -27.80 -147.10 72.95
v -5.33 -136.98 97.25
v -13.54 -135.85 102.84
v -16.95 -158.10 91.47
v -24.36 -124.88 84.36
v -16.15 -126.01 78.77
v -27.80 -147.10 72.95
v -13.54 -135.85 102.84
v -22.05 -134.10 109.06
v -16.95 -158.10 91.47
v -32.88 -123.12 90.58
v -24.36 -124.88 84.36
v -27.80 -147.10 72.95
v -22.05 -134.10 109.06
v -31.02 -132.60 115.46
v -16.95 -158.10 91.47
v -41.84 -121.63 96.97
v -32.88 -123.12 90.58
v -27.80 -147.10 72.95
v -31.02 -132.60 115.46
v -31.94 -138.53 112.31
v -16.95 -158.10 91.47
v -42.76 -127.56 93.83
v -41.84 -121.63 96.97
v -27.80 -147.10 72.95
v -31.94 -138.53 112.31
v -34.50 -141.68 111.91
v -16.95 -158.10 91.47
v -45.32 -130.71 93.43
v -42.76 -127.56 93.83
v -27.80 -147.10 72.95
v -34.50 -141.68 111.91
v -38.54 -144.00 112.92
v -16.95 -158.10 91.47
v -49.36 -133.03 94.44
v -45.32 -130.71 93.43
v -27.80 -147.10 72.95
v -38.54 -144.00 112.92
v -37.24 -149.35 108.82
v -16.95 -158.10 91.47
v -48.06 -138.38 90.34
v -49.36 -133.03 94.44
v -27.80 -147.10 72.95
v -37.24 -149.35 108.82
v -43.73 -151.38 111.48
v -16.95 -158.10 91.47
v -54.56 -140.41 93.00
v -48.06 -138.38 90.34
v -27.80 -147.10 72.95
v -43.73 -151.38 111.48
v -38.44 -158.27 104.07
v -16.95 -158.10 91.47
v -49.26 -147.30 85.59
v -54.56 -140.41 93.00
v -27.80 -147.10 72.95
v -38.44 -158.27 104.07
v -35.01 -164.46 98.28
v -16.95 -158.10 91.47
v -45.83 -153.49 79.81
v -49.26 -147.30 85.59
v -27.80 -147.10 72.95
v -35.01 -164.46 98.28
v -33.68 -172.05 92.96
v -16.95 -158.10 91.47
v -44.49 -161.08 74.48
v -45.83 -153.49 79.81
v -27.80 -147.10 72.95
v -33.68 -172.05 92.96
v -29.22 -177.23 87.32
v -16.95 -158.10 91.47
v -40.04 -166.26 68.85
v -44.49 -161.08 74.48
v -27.80 -147.10 72.95
v -29.22 -177.23 87.32
v -26.43 -184.38 81.56
v -16.95 -158.10 91.47
v -37.25 -173.41 63.08
v -40.04 -166.26 68.85
v -27.80 -147.10 72.95
v -26.43 -184.38 81.56
v -21.66 -183.36 79.42
v -16.95 -158.10 91.47
v -32.48 -172.39 60.94
v -37.25 -173.41 63.08
v -27.80 -147.10 72.95
v -21.66 -183.36 79.42
v -17.04 -183.48 76.73
v -16.95 -158.10 91.47
v -27.86 -172.51 58.25
v -32.48 -172.39 60.94
v -27.80 -147.10 72.95
v -17.04 -183.48 76.73
v -12.17 -183.45 73.99
v -16.95 -158.10 91.47
v -23.00 -172.48 55.51
v -27.86 -172.51 58.25
v -27.80 -147.10 72.95
v -12.17 -183.45 73.99
v -7.47 -182.43 71.92
v -16.95 -158.10 91.47
v -18.29 -171.46 53.43
v -23.00 -172.48 55.51
v -27.80 -147.10 72.95
v -7.47 -182.43 71.92
v -2.74 -181.73 69.65
v -16.95 -158.10 91.47
v -13.57 -170.76 51.17
v -18.29 -171.46 53.43
v -27.80 -147.10 72.95
v 205.80 196.60 4.96
v 153.79 192.31 1.35
v 151.44 205.44 18.52
v 203.46 209.73 22.13
v 153.79 192.31 1.35
v 105.61 195.22 -7.97
v 103.27 208.34 9.19
v 151.44 205.44 18.52
v 105.61 195.22 -7.97
v 60.76 190.17 -11.19
v 58.42 203.28 5.95
v 103.27 208.34 9.19
v 60.76 190.17 -11.19
v 41.64 180.28 -6.66
v 39.31 193.38 10.48
v 58.42 203.28 5.95
v 41.64 180.28 -6.66
v 38.23 155.57 12.10
v 35.89 168.68 29.24
v 39.31 193.38 10.48
v 38.23 155.57 12.10
v 21.50 140.51 21.04
v 19.17 153.61 38.17
v 35.89 168.68 29.24
v 21.50 140.51 21.04
v 9.41 122.46 33.06
v 7.07 135.57 50.20
v 19.17 153.61 38.17
v 9.41 122.46 33.06
v -5.16 104.47 44.60
v -7.50 117.57 61.73
v 7.07 135.57 50.20
v -5.16 104.47 44.60
v -0.70 87.61 58.51
v -3.04 100.72 75.65
v -7.50 117.57 61.73
v -0.70 87.61 58.51
v -16.93 70.18 69.29
v -19.27 83.28 86.42
v -3.04 100.72 75.65
v -16.93 70.18 69.29
v -22.39 51.04 83.23
v -24.72 64.14 100.36
v -19.27 83.28 86.42
v -22.39 51.04 83.23
v -5.69 38.46 95.82
v -8.03 51.57 112.96
v -24.72 64.14 100.36
v -5.69 38.46 95.82
v 0.63 21.85 109.69
v -1.71 34.96 126.84
v -8.03 51.57 112.96
v 0.63 21.85 109.69
v 4.25 2.33 125.30
v 1.91 15.45 142.46
v -1.71 34.96 126.84
v 4.25 2.33 125.30
v 17.43 -9.71 136.60
v 15.09 3.42 153.76
v 1.91 15.45 142.46
v 17.43 -9.71 136.60
v 29.98 -20.50 146.76
v 27.64 -7.38 163.93
v 15.09 3.42 153.76
v 29.98 -20.50 146.76
v 55.93 -14.22 145.77
v 53.59 -1.09 162.94
v 27.64 -7.38 163.93
v 55.93 -14.22 145.77
v 72.66 -24.86 156.18
v 70.32 -11.73 173.35
v 53.59 -1.09 162.94
v 72.66 -24.86 156.18
v 96.96 -23.21 158.18
v 94.61 -10.08 175.35
v 70.32 -11.73 173.35
v 96.96 -23.21 158.18
v 121.16 -20.21 159.00
v 118.82 -7.09 176.17
v 94.61 -10.08 175.35
v 121.16 -20.21 159.00
v 144.08 -13.70 156.89
v 141.74 -0.58 174.05
v 118.82 -7.09 176.17
v 144.08 -13.70 156.89
v 168.53 -17.70 162.70
v 166.19 -4.59 179.85
v 141.74 -0.58 174.05
v 168.53 -17.70 162.70
v 184.91 4.62 147.82
v 182.57 17.74 164.97
v 166.19 -4.59 179.85
v 184.91 4.62 147.82
v 200.25 27.36 132.47
v 197.91 40.47 149.62
v 182.57 17.74 164.97
v 200.25 27.36 132.47
v 221.80 45.44 121.23
v 219.47 58.55 138.37
v 197.91 40.47 149.62
v 221.80 45.44 121.23
v 234.76 68.87 105.03
v 232.43 81.98 122.17
v 219.47 58.55 138.37
v 234.76 68.87 105.03
v 246.81 90.53 90.04
v 244.47 103.64 107.18
v 232.43 81.98 122.17
v 246.81 90.53 90.04
v 267.63 111.42 76.47
v 265.30 124.52 93.60
v 244.47 103.64 107.18
v 267.63 111.42 76.47
v 288.17 133.42 61.98
v 285.83 146.51 79.10
v 265.30 124.52 93.60
v 288.17 133.42 61.98
v 278.84 147.88 50.20
v 276.50 160.98 67.33
v 285.83 146.51 79.10
v 278.84 147.88 50.20
v 266.13 160.85 39.12
v 263.79 173.95 56.26
v 276.50 160.98 67.33
v 266.13 160.85 39.12
v 255.90 174.28 27.86
v 253.56 187.39 45.01
v 263.79 173.95 56.26
v 255.90 174.28 27.86
v 250.61 190.98 14.59
v 248.27 204.10 31.75
v 253.56 187.39 45.01
v 250.61 190.98 14.59
v 205.80 196.60 4.96
v 203.46 209.73 22.13
v 248.27 204.10 31.75
v 203.46 209.73 22.13
v 151.44 205.44 18.52
v 141.12 169.90 44.47
v 173.37 172.58 46.74
v 153.79 192.31 1.35
v 205.80 196.60 4.96
v 175.64 159.85 30.10
v 143.39 157.17 27.83
v 151.44 205.44 18.52
v 103.27 208.34 9.19
v 111.24 171.76 38.77
v 141.12 169.90 44.47
v 105.61 195.22 -7.97
v 153.79 192.31 1.35
v 143.39 157.17 27.83
v 113.51 159.03 22.13
v 103.27 208.34 9.19
v 58.42 203.28 5.95
v 83.41 168.73 36.90
v 111.24 171.76 38.77
v 60.76 190.17 -11.19
v 105.61 195.22 -7.97
v 113.51 159.03 22.13
v 85.68 156.01 20.27
v 58.42 203.28 5.95
v 39.31 193.38 10.48
v 71.55 162.64 39.77
v 83.41 168.73 36.90
v 41.64 180.28 -6.66
v 60.76 190.17 -11.19
v 85.68 156.01 20.27
v 73.82 149.93 23.14
v 39.31 193.38 10.48
v 35.89 168.68 29.24
v 69.44 147.29 51.36
v 71.55 162.64 39.77
v 38.23 155.57 12.10
v 41.64 180.28 -6.66
v 73.82 149.93 23.14
v 71.71 134.57 34.73
v 35.89 168.68 29.24
v 19.17 153.61 38.17
v 59.07 137.98 56.94
v 69.44 147.29 51.36
v 21.50 140.51 21.04
v 38.23 155.57 12.10
v 71.71 134.57 34.73
v 61.34 125.27 40.31
v 19.17 153.61 38.17
v 7.07 135.57 50.20
v 51.57 126.81 64.41
v 59.07 137.98 56.94
v 9.41 122.46 33.06
v 21.50 140.51 21.04
v 61.34 125.27 40.31
v 53.83 114.09 47.78
v 7.07 135.57 50.20
v -7.50 117.57 61.73
v 42.53 115.68 71.60
v 51.57 126.81 64.41
v -5.16 104.47 44.60
v 9.41 122.46 33.06
v 53.83 114.09 47.78
v 44.80 102.96 54.97
v -7.50 117.57 61.73
v -3.04 100.72 75.65
v 45.30 105.18 80.17
v 42.53 115.68 71.60
v -0.70 87.61 58.51
v -5.16 104.47 44.60
v 44.80 102.96 54.97
v 47.57 92.46 63.53
v -3.04 100.72 75.65
v -19.27 83.28 86.42
v 35.23 94.41 86.90
v 45.30 105.18 80.17
v -16.93 70.18 69.29
v -0.70 87.61 58.51
v 47.57 92.46 63.53
v 37.50 81.69 70.27
v -19.27 83.28 86.42
v -24.72 64.14 100.36
v 31.85 82.54 95.53
v 35.23 94.41 86.90
v -22.39 51.04 83.23
v -16.93 70.18 69.29
v 37.50 81.69 70.27
v 34.12 69.82 78.90
v -24.72 64.14 100.36
v -8.03 51.57 112.96
v 42.22 74.66 103.24
v 31.85 82.54 95.53
v -5.69 38.46 95.82
v -22.39 51.04 83.23
v 34.12 69.82 78.90
v 44.48 61.94 86.61
v -8.03 51.57 112.96
v -1.71 34.96 126.84
v 46.14 64.33 111.80
v 42.22 74.66 103.24
v 0.63 21.85 109.69
v -5.69 38.46 95.82
v 44.48 61.94 86.61
v 48.41 51.61 95.16
v -1.71 34.96 126.84
v 1.91 15.45 142.46
v 48.39 52.21 121.45
v 46.14 64.33 111.80
v 4.25 2.33 125.30
v 0.63 21.85 109.69
v 48.41 51.61 95.16
v 50.65 39.48 104.82
v 1.91 15.45 142.46
v 15.09 3.42 153.76
v 56.57 44.71 128.42
v 48.39 52.21 121.45
v 17.43 -9.71 136.60
v 4.25 2.33 125.30
v 50.65 39.48 104.82
v 58.84 31.99 111.78
v 15.09 3.42 153.76
v 27.64 -7.38 163.93
v 64.35 38.00 134.69
v 56.57 44.71 128.42
v 29.98 -20.50 146.76
v 17.43 -9.71 136.60
v 58.84 31.99 111.78
v 66.62 25.28 118.05
v 27.64 -7.38 163.93
v 53.59 -1.09 162.94
v 80.45 41.87 134.03
v 64.35 38.00 134.69
v 55.93 -14.22 145.77
v 29.98 -20.50 146.76
v 66.62 25.28 118.05
v 82.71 29.14 117.39
v 53.59 -1.09 162.94
v 70.32 -11.73 173.35
v 90.82 35.27 140.49
v 80.45 41.87 134.03
v 72.66 -24.86 156.18
v 55.93 -14.22 145.77
v 82.71 29.14 117.39
v 93.09 22.54 123.85
v 70.32 -11.73 173.35
v 94.61 -10.08 175.35
v 105.88 36.30 141.74
v 90.82 35.27 140.49
v 96.96 -23.21 158.18
v 72.66 -24.86 156.18
v 93.09 22.54 123.85
v 108.15 23.57 125.09
v 94.61 -10.08 175.35
v 118.82 -7.09 176.17
v 120.88 38.18 142.27
v 105.88 36.30 141.74
v 121.16 -20.21 159.00
v 96.96 -23.21 158.18
v 108.15 23.57 125.09
v 123.15 25.45 125.63
v 118.82 -7.09 176.17
v 141.74 -0.58 174.05
v 135.09 42.24 141.00
v 120.88 38.18 142.27
v 144.08 -13.70 156.89
v 121.16 -20.21 159.00
v 123.15 25.45 125.63
v 137.35 29.52 124.36
v 141.74 -0.58 174.05
v 166.19 -4.59 179.85
v 150.24 39.82 144.69
v 135.09 42.24 141.00
v 168.53 -17.70 162.70
v 144.08 -13.70 156.89
v 137.35 29.52 124.36
v 152.51 27.10 128.05
v 166.19 -4.59 179.85
v 182.57 17.74 164.97
v 160.39 53.67 135.46
v 150.24 39.82 144.69
v 184.91 4.62 147.82
v 168.53 -17.70 162.70
v 152.51 27.10 128.05
v 162.66 40.95 118.83
v 182.57 17.74 164.97
v 197.91 40.47 149.62
v 169.90 67.77 125.96
v 160.39 53.67 135.46
v 200.25 27.36 132.47
v 184.91 4.62 147.82
v 162.66 40.95 118.83
v 172.17 55.05 109.32
v 197.91 40.47 149.62
v 219.47 58.55 138.37
v 183.26 79.02 119.03
v 169.90 67.77 125.96
v 221.80 45.44 121.23
v 200.25 27.36 132.47
v 172.17 55.05 109.32
v 185.53 66.30 102.40
v 219.47 58.55 138.37
v 232.43 81.98 122.17
v 191.29 93.55 109.00
v 183.26 79.02 119.03
v 234.76 68.87 105.03
v 221.80 45.44 121.23
v 185.53 66.30 102.40
v 193.56 80.84 92.37
v 232.43 81.98 122.17
v 244.47 103.64 107.18
v 198.76 106.99 99.71
v 191.29 93.55 109.00
v 246.81 90.53 90.04
v 234.76 68.87 105.03
v 193.56 80.84 92.37
v 201.03 94.27 83.08
v 244.47 103.64 107.18
v 265.30 124.52 93.60
v 211.66 119.99 91.36
v 198.76 106.99 99.71
v 267.63 111.42 76.47
v 246.81 90.53 90.04
v 201.03 94.27 83.08
v 213.93 107.27 74.73
v 265.30 124.52 93.60
v 285.83 146.51 79.10
v 224.38 133.68 82.44
v 211.66 119.99 91.36
v 288.17 133.42 61.98
v 267.63 111.42 76.47
v 213.93 107.27 74.73
v 226.65 120.96 65.82
v 285.83 146.51 79.10
v 276.50 160.98 67.33
v 218.61 142.59 75.06
v 224.38 133.68 82.44
v 278.84 147.88 50.20
v 288.17 133.42 61.98
v 226.65 120.96 65.82
v 220.88 129.87 58.43
v 276.50 160.98 67.33
v 263.79 173.95 56.26
v 210.74 150.56 68.11
v 218.61 142.59 75.06
v 266.13 160.85 39.12
v 278.84 147.88 50.20
v 220.88 129.87 58.43
v 213.01 137.84 51.48
v 263.79 173.95 56.26
v 253.56 187.39 45.01
v 204.41 158.85 61.08
v 210.74 150.56 68.11
v 255.90 174.28 27.86
v 266.13 160.85 39.12
v 213.01 137.84 51.48
v 206.67 146.12 44.44
v 253.56 187.39 45.01
v 248.27 204.10 31.75
v 201.13 169.18 52.82
v 204.41 158.85 61.08
v 250.61 190.98 14.59
v 255.90 174.28 27.86
v 206.67 146.12 44.44
v 203.40 156.46 36.18
v 248.27 204.10 31.75
v 203.46 209.73 22.13
v 173.37 172.58 46.74
v 201.13 169.18 52.82
v 205.80 196.60 4.96
v 250.61 190.98 14.59
v 203.40 156.46 36.18
v 175.64 159.85 30.10
v 173.37 172.58 46.74
v 141.12 169.90 44.47
v 132.43 139.93 66.28
v 148.03 141.24 67.39
v 143.39 157.17 27.83
v 175.64 159.85 30.10
v 150.37 128.10 50.21
v 134.77 126.80 49.10
v 141.12 169.90 44.47
v 111.24 171.76 38.77
v 117.97 140.86 63.56
v 132.43 139.93 66.28
v 113.51 159.03 22.13
v 143.39 157.17 27.83
v 134.77 126.80 49.10
v 120.31 127.72 46.38
v 111.24 171.76 38.77
v 83.41 168.73 36.90
v 104.49 139.44 62.71
v 117.97 140.86 63.56
v 85.68 156.01 20.27
v 113.51 159.03 22.13
v 120.31 127.72 46.38
v 106.84 126.31 45.54
v 83.41 168.73 36.90
v 71.55 162.64 39.77
v 98.75 136.52 64.13
v 104.49 139.44 62.71
v 73.82 149.93 23.14
v 85.68 156.01 20.27
v 106.84 126.31 45.54
v 101.09 123.38 46.95
v 71.55 162.64 39.77
v 69.44 147.29 51.36
v 97.73 129.07 69.71
v 98.75 136.52 64.13
v 71.71 134.57 34.73
v 73.82 149.93 23.14
v 101.09 123.38 46.95
v 100.07 115.94 52.54
v 69.44 147.29 51.36
v 59.07 137.98 56.94
v 92.71 124.58 72.43
v 97.73 129.07 69.71
v 61.34 125.27 40.31
v 71.71 134.57 34.73
v 100.07 115.94 52.54
v 95.05 111.45 55.26
v 59.07 137.98 56.94
v 51.57 126.81 64.41
v 89.08 119.18 76.06
v 92.71 124.58 72.43
v 53.83 114.09 47.78
v 61.34 125.27 40.31
v 95.05 111.45 55.26
v 91.42 106.05 58.88
v 51.57 126.81 64.41
v 42.53 115.68 71.60
v 84.71 113.80 79.55
v 89.08 119.18 76.06
v 44.80 102.96 54.97
v 53.83 114.09 47.78
v 91.42 106.05 58.88
v 87.05 100.67 62.37
v 42.53 115.68 71.60
v 45.30 105.18 80.17
v 86.05 108.71 83.67
v 84.71 113.80 79.55
v 47.57 92.46 63.53
v 44.80 102.96 54.97
v 87.05 100.67 62.37
v 88.39 95.57 66.49
v 45.30 105.18 80.17
v 35.23 94.41 86.90
v 81.17 103.51 86.94
v 86.05 108.71 83.67
v 37.50 81.69 70.27
v 47.57 92.46 63.53
v 88.39 95.57 66.49
v 83.52 90.38 69.77
v 35.23 94.41 86.90
v 31.85 82.54 95.53
v 79.54 97.76 91.12
v 81.17 103.51 86.94
v 34.12 69.82 78.90
v 37.50 81.69 70.27
v 83.52 90.38 69.77
v 81.88 84.63 73.95
v 31.85 82.54 95.53
v 42.22 74.66 103.24
v 84.56 93.92 94.81
v 79.54 97.76 91.12
v 44.48 61.94 86.61
v 34.12 69.82 78.90
v 81.88 84.63 73.95
v 86.90 80.79 77.63
v 42.22 74.66 103.24
v 46.14 64.33 111.80
v 86.46 88.91 98.93
v 84.56 93.92 94.81
v 48.41 51.61 95.16
v 44.48 61.94 86.61
v 86.90 80.79 77.63
v 88.80 75.77 81.75
v 46.14 64.33 111.80
v 48.39 52.21 121.45
v 87.55 83.03 103.59
v 86.46 88.91 98.93
v 50.65 39.48 104.82
v 48.41 51.61 95.16
v 88.80 75.77 81.75
v 89.89 69.90 86.41
v 48.39 52.21 121.45
v 56.57 44.71 128.42
v 91.51 79.39 106.94
v 87.55 83.03 103.59
v 58.84 31.99 111.78
v 50.65 39.48 104.82
v 89.89 69.90 86.41
v 93.85 66.26 89.76
v 56.57 44.71 128.42
v 64.35 38.00 134.69
v 95.28 76.13 109.96
v 91.51 79.39 106.94
v 66.62 25.28 118.05
v 58.84 31.99 111.78
v 93.85 66.26 89.76
v 97.62 63.00 92.78
v 64.35 38.00 134.69
v 80.45 41.87 134.03
v 103.07 77.99 109.63
v 95.28 76.13 109.96
v 82.71 29.14 117.39
v 66.62 25.28 118.05
v 97.62 63.00 92.78
v 105.41 64.86 92.45
v 80.45 41.87 134.03
v 90.82 35.27 140.49
v 108.09 74.80 112.75
v 103.07 77.99 109.63
v 93.09 22.54 123.85
v 82.71 29.14 117.39
v 105.41 64.86 92.45
v 110.43 61.66 95.58
v 90.82 35.27 140.49
v 105.88 36.30 141.74
v 115.38 75.30 113.36
v 108.09 74.80 112.75
v 108.15 23.57 125.09
v 93.09 22.54 123.85
v 110.43 61.66 95.58
v 117.72 62.17 96.18
v 105.88 36.30 141.74
v 120.88 38.18 142.27
v 122.63 76.22 113.63
v 115.38 75.30 113.36
v 123.15 25.45 125.63
v 108.15 23.57 125.09
v 117.72 62.17 96.18
v 124.98 63.08 96.45
v 120.88 38.18 142.27
v 135.09 42.24 141.00
v 129.50 78.20 113.03
v 122.63 76.22 113.63
v 137.35 29.52 124.36
v 123.15 25.45 125.63
v 124.98 63.08 96.45
v 131.85 65.06 95.85
v 135.09 42.24 141.00
v 150.24 39.82 144.69
v 136.83 77.05 114.85
v 129.50 78.20 113.03
v 152.51 27.10 128.05
v 137.35 29.52 124.36
v 131.85 65.06 95.85
v 139.17 63.92 97.67
v 150.24 39.82 144.69
v 160.39 53.67 135.46
v 141.74 83.76 110.39
v 136.83 77.05 114.85
v 162.66 40.95 118.83
v 152.51 27.10 128.05
v 139.17 63.92 97.67
v 144.08 70.62 93.21
v 160.39 53.67 135.46
v 169.90 67.77 125.96
v 146.34 90.58 105.79
v 141.74 83.76 110.39
v 172.17 55.05 109.32
v 162.66 40.95 118.83
v 144.08 70.62 93.21
v 148.69 77.45 88.62
v 169.90 67.77 125.96
v 183.26 79.02 119.03
v 152.80 96.04 102.47
v 146.34 90.58 105.79
v 185.53 66.30 102.40
v 172.17 55.05 109.32
v 148.69 77.45 88.62
v 155.15 82.91 85.29
v 183.26 79.02 119.03
v 191.29 93.55 109.00
v 156.69 103.08 97.61
v 152.80 96.04 102.47
v 193.56 80.84 92.37
v 185.53 66.30 102.40
v 155.15 82.91 85.29
v 159.03 89.94 80.44
v 191.29 93.55 109.00
v 198.76 106.99 99.71
v 160.30 109.58 93.12
v 156.69 103.08 97.61
v 201.03 94.27 83.08
v 193.56 80.84 92.37
v 159.03 89.94 80.44
v 162.65 96.45 75.95
v 198.76 106.99 99.71
v 211.66 119.99 91.36
v 166.54 115.89 89.11
v 160.30 109.58 93.12
v 213.93 107.27 74.73
v 201.03 94.27 83.08
v 162.65 96.45 75.95
v 168.88 102.76 71.93
v 211.66 119.99 91.36
v 224.38 133.68 82.44
v 172.70 122.54 84.82
v 166.54 115.89 89.11
v 226.65 120.96 65.82
v 213.93 107.27 74.73
v 168.88 102.76 71.93
v 175.04 109.40 67.65
v 224.38 133.68 82.44
v 218.61 142.59 75.06
v 169.91 126.82 81.22
v 172.70 122.54 84.82
v 220.88 129.87 58.43
v 226.65 120.96 65.82
v 175.04 109.40 67.65
v 172.25 113.69 64.04
v 218.61 142.59 75.06
v 210.74 150.56 68.11
v 166.10 130.65 77.82
v 169.91 126.82 81.22
v 213.01 137.84 51.48
v 220.88 129.87 58.43
v 172.25 113.69 64.04
v 168.45 117.52 60.64
v 210.74 150.56 68.11
v 204.41 158.85 61.08
v 163.04 134.64 74.39
v 166.10 130.65 77.82
v 206.67 146.12 44.44
v 213.01 137.84 51.48
v 168.45 117.52 60.64
v 165.38 121.51 57.21
v 204.41 158.85 61.08
v 201.13 169.18 52.82
v 161.46 139.63 70.38
v 163.04 134.64 74.39
v 203.40 156.46 36.18
v 206.67 146.12 44.44
v 165.38 121.51 57.21
v 163.80 126.50 53.20
v 201.13 169.18 52.82
v 173.37 172.58 46.74
v 148.03 141.24 67.39
v 161.46 139.63 70.38
v 175.64 159.85 30.10
v 203.40 156.46 36.18
v 163.80 126.50 53.20
v 150.37 128.10 50.21
v 148.03 141.24 67.39
v 132.43 139.93 66.28
v 124.29 111.82 86.70
v 134.77 126.80 49.10
v 150.37 128.10 50.21
v 126.63 98.65 69.48
v 132.43 139.93 66.28
v 117.97 140.86 63.56
v 124.29 111.82 86.70
v 120.31 127.72 46.38
v 134.77 126.80 49.10
v 126.63 98.65 69.48
v 117.97 140.86 63.56
v 104.49 139.44 62.71
v 124.29 111.82 86.70
v 106.84 126.31 45.54
v 120.31 127.72 46.38
v 126.63 98.65 69.48
v 104.49 139.44 62.71
v 98.75 136.52 64.13
v 124.29 111.82 86.70
v 101.09 123.38 46.95
v 106.84 126.31 45.54
v 126.63 98.65 69.48
v 98.75 136.52 64.13
v 97.73 129.07 69.71
v 124.29 111.82 86.70
v 100.07 115.94 52.54
v 101.09 123.38 46.95
v 126.63 98.65 69.48
v 97.73 129.07 69.71
v 92.71 124.58 72.43
v 124.29 111.82 86.70
v 95.05 111.45 55.26
v 100.07 115.94 52.54
v 126.63 98.65 69.48
v 92.71 124.58 72.43
v 89.08 119.18 76.06
v 124.29 111.82 86.70
v 91.42 106.05 58.88
v 95.05 111.45 55.26
v 126.63 98.65 69.48
v 89.08 119.18 76.06
v 84.71 113.80 79.55
v 124.29 111.82 86.70
v 87.05 100.67 62.37
v 91.42 106.05 58.88
v 126.63 98.65 69.48
v 84.71 113.80 79.55
v 86.05 108.71 83.67
v 124.29 111.82 86.70
v 88.39 95.57 66.49
v 87.05 100.67 62.37
v 126.63 98.65 69.48
v 86.05 108.71 83.67
v 81.17 103.51 86.94
v 124.29 111.82 86.70
v 83.52 90.38 69.77
v 88.39 95.57 66.49
v 126.63 98.65 69.48
v 81.17 103.51 86.94
v 79.54 97.76 91.12
v 124.29 111.82 86.70
v 81.88 84.63 73.95
v 83.52 90.38 69.77
v 126.63 98.65 69.48
v 79.54 97.76 91.12
v 84.56 93.92 94.81
v 124.29 111.82 86.70
v 86.90 80.79 77.63
v 81.88 84.63 73.95
v 126.63 98.65 69.48
v 84.56 93.92 94.81
v 86.46 88.91 98.93
v 124.29 111.82 86.70
v 88.80 75.77 81.75
v 86.90 80.79 77.63
v 126.63 98.65 69.48
v 86.46 88.91 98.93
v 87.55 83.03 103.59
v 124.29 111.82 86.70
v 89.89 69.90 86.41
v 88.80 75.77 81.75
v 126.63 98.65 69.48
v 87.55 83.03 103.59
v 91.51 79.39 106.94
v 124.29 111.82 86.70
v 93.85 66.26 89.76
v 89.89 69.90 86.41
v 126.63 98.65 69.48
v 91.51 79.39 106.94
v 95.28 76.13 109.96
v 124.29 111.82 86.70
v 97.62 63.00 92.78
v 93.85 66.26 89.76
v 126.63 98.65 69.48
v 95.28 76.13 109.96
v 103.07 77.99 109.63
v 124.29 111.82 86.70
v 105.41 64.86 92.45
v 97.62 63.00 92.78
v 126.63 98.65 69.48
v 103.07 77.99 109.63
v 108.09 74.80 112.75
v 124.29 111.82 86.70
v 110.43 61.66 95.58
v 105.41 64.86 92.45
v 126.63 98.65 69.48
v 108.09 74.80 112.75
v 115.38 75.30 113.36
v 124.29 111.82 86.70
v 117.72 62.17 96.18
v 110.43 61.66 95.58
v 126.63 98.65 69.48
v 115.38 75.30 113.36
v 122.63 76.22 113.63
v 124.29 111.82 86.70
v 124.98 63.08 96.45
v 117.72 62.17 96.18
v 126.63 98.65 69.48
v 122.63 76.22 113.63
v 129.50 78.20 113.03
v 124.29 111.82 86.70
v 131.85 65.06 95.85
v 124.98 63.08 96.45
v 126.63 98.65 69.48
v 129.50 78.20 113.03
v 136.83 77.05 114.85
v 124.29 111.82 86.70
v 139.17 63.92 97.67
v 131.85 65.06 95.85
v 126.63 98.65 69.48
v 136.83 77.05 114.85
v 141.74 83.76 110.39
v 124.29 111.82 86.70
v 144.08 70.62 93.21
v 139.17 63.92 97.67
v 126.63 98.65 69.48
v 141.74 83.76 110.39
v 146.34 90.58 105.79
v 124.29 111.82 86.70
v 148.69 77.45 88.62
v 144.08 70.62 93.21
v 126.63 98.65 69.48
v 146.34 90.58 105.79
v 152.80 96.04 102.47
v 124.29 111.82 86.70
v 155.15 82.91 85.29
v 148.69 77.45 88.62
v 126.63 98.65 69.48
v 152.80 96.04 102.47
v 156.69 103.08 97.61
v 124.29 111.82 86.70
v 159.03 89.94 80.44
v 155.15 82.91 85.29
v 126.63 98.65 69.48
v 156.69 103.08 97.61
v 160.30 109.58 93.12
v 124.29 111.82 86.70
v 162.65 96.45 75.95
v 159.03 89.94 80.44
v 126.63 98.65 69.48
v 160.30 109.58 93.12
v 166.54 115.89 89.11
v 124.29 111.82 86.70
v 168.88 102.76 71.93
v 162.65 96.45 75.95
v 126.63 98.65 69.48
v 166.54 115.89 89.11
v 172.70 122.54 84.82
v 124.29 111.82 86.70
v 175.04 109.40 67.65
v 168.88 102.76 71.93
v 126.63 98.65 69.48
v 172.70 122.54 84.82
v 169.91 126.82 81.22
v 124.29 111.82 86.70
v 172.25 113.69 64.04
v 175.04 109.40 67.65
v 126.63 98.65 69.48
v 169.91 126.82 81.22
v 166.10 130.65 77.82
v 124.29 111.82 86.70
v 168.45 117.52 60.64
v 172.25 113.69 64.04
v 126.63 98.65 69.48
v 166.10 130.65 77.82
v 163.04 134.64 74.39
v 124.29 111.82 86.70
v 165.38 121.51 57.21
v 168.45 117.52 60.64
v 126.63 98.65 69.48
v 163.04 134.64 74.39
v 161.46 139.63 70.38
v 124.29 111.82 86.70
v 163.80 126.50 53.20
v 165.38 121.51 57.21
v 126.63 98.65 69.48
v 161.46 139.63 70.38
v 148.03 141.24 67.39
v 124.29 111.82 86.70
v 150.37 128.10 50.21
v 163.80 126.50 53.20
v 126.63 98.65 69.48
v -85.62 -147.67 35.26
v -48.66 -164.71 23.77
v -51.17 -179.86 38.44
v -88.14 -162.82 49.94
v -48.66 -164.71 23.77
v -9.23 -183.48 10.48
v -11.74 -198.62 25.15
v -51.17 -179.86 38.44
v -9.23 -183.48 10.48
v -5.51 -168.14 27.58
v -8.02 -183.29 42.25
v -11.74 -198.62 25.15
v -5.51 -168.14 27.58
v 1.95 -159.98 37.51
v -0.56 -175.13 52.19
v -8.02 -183.29 42.25
v 1.95 -159.98 37.51
v -2.17 -143.57 54.16
v -4.68 -158.72 68.85
v -0.56 -175.13 52.19
v -2.17 -143.57 54.16
v 23.41 -148.92 52.65
v 20.90 -164.07 67.33
v -4.68 -158.72 68.85
v 23.41 -148.92 52.65
v 34.00 -142.38 61.16
v 31.49 -157.52 75.84
v 20.90 -164.07 67.33
v 34.00 -142.38 61.16
v 49.74 -137.14 69.01
v 47.23 -152.28 83.69
v 31.49 -157.52 75.84
v 49.74 -137.14 69.01
v 47.29 -126.36 79.81
v 44.78 -141.51 94.49
v 47.23 -152.28 83.69
v 47.29 -126.36 79.81
v 26.96 -108.34 95.29
v 24.45 -123.49 109.98
v 44.78 -141.51 94.49
v 26.96 -108.34 95.29
v 27.90 -91.16 112.94
v 25.39 -106.31 127.62
v 24.45 -123.49 109.98
v 27.90 -91.16 112.94
v 19.64 -71.37 131.66
v 17.13 -86.51 146.33
v 25.39 -106.31 127.62
v 19.64 -71.37 131.66
v 14.23 -46.40 155.71
v 11.72 -61.54 170.38
v 17.13 -86.51 146.33
v 14.23 -46.40 155.71
v -11.25 -40.14 158.12
v -13.76 -55.28 172.78
v 11.72 -61.54 170.38
v -11.25 -40.14 158.12
v -22.18 -22.04 174.27
v -24.69 -37.17 188.92
v -13.76 -55.28 172.78
v -22.18 -22.04 174.27
v -32.84 -1.63 192.53
v -35.35 -16.74 207.17
v -24.69 -37.17 188.92
v -32.84 -1.63 192.53
v -44.29 -8.67 183.93
v -46.79 -23.79 198.59
v -35.35 -16.74 207.17
v -44.29 -8.67 183.93
v -54.06 2.50 193.27
v -56.57 -12.61 207.91
v -46.79 -23.79 198.59
v -54.06 2.50 193.27
v -65.98 3.42 192.29
v -68.48 -11.70 206.94
v -56.57 -12.61 207.91
v -65.98 3.42 192.29
v -75.11 -13.51 174.31
v -77.62 -28.64 188.97
v -68.48 -11.70 206.94
v -75.11 -13.51 174.31
v -77.05 -41.34 146.45
v -79.56 -56.49 161.13
v -77.62 -28.64 188.97
v -77.05 -41.34 146.45
v -96.90 -14.84 169.39
v -99.40 -29.97 184.06
v -79.56 -56.49 161.13
v -96.90 -14.84 169.39
v -109.22 -13.91 168.21
v -111.73 -29.05 182.88
v -99.40 -29.97 184.06
v -109.22 -13.91 168.21
v -115.88 -29.24 151.87
v -118.39 -44.38 166.55
v -111.73 -29.05 182.88
v -115.88 -29.24 151.87
v -120.71 -45.80 134.44
v -123.23 -60.95 149.12
v -118.39 -44.38 166.55
v -120.71 -45.80 134.44
v -129.46 -58.68 119.83
v -131.97 -73.83 134.51
v -123.23 -60.95 149.12
v -129.46 -58.68 119.83
v -141.31 -71.30 104.75
v -143.82 -86.45 119.44
v -131.97 -73.83 134.51
v -141.31 -71.30 104.75
v -144.66 -87.15 87.77
v -147.17 -102.30 102.45
v -143.82 -86.45 119.44
v -144.66 -87.15 87.77
v -146.90 -101.61 72.29
v -149.41 -116.76 86.97
v -147.17 -102.30 102.45
v -146.90 -101.61 72.29
v -159.50 -116.07 54.61
v -162.01 -131.21 69.28
v -149.41 -116.76 86.97
v -159.50 -116.07 54.61
v -122.72 -132.08 44.84
v -125.23 -147.23 59.52
v -162.01 -131.21 69.28
v -122.72 -132.08 44.84
v -85.62 -147.67 35.26
v -88.14 -162.82 49.94
v -125.23 -147.23 59.52
v -88.14 -162.82 49.94
v -51.17 -179.86 38.44
v -54.48 -155.90 63.38
v -77.40 -145.31 70.48
v -48.66 -164.71 23.77
v -85.62 -147.67 35.26
v -74.94 -130.50 56.13
v -52.02 -141.09 49.03
v -51.17 -179.86 38.44
v -11.74 -198.62 25.15
v -30.05 -167.61 55.21
v -54.48 -155.90 63.38
v -9.23 -183.48 10.48
v -48.66 -164.71 23.77
v -52.02 -141.09 49.03
v -27.59 -152.81 40.86
v -11.74 -198.62 25.15
v -8.02 -183.29 42.25
v -27.73 -158.03 65.74
v -30.05 -167.61 55.21
v -5.51 -168.14 27.58
v -9.23 -183.48 10.48
v -27.59 -152.81 40.86
v -25.27 -143.22 51.39
v -8.02 -183.29 42.25
v -0.56 -175.13 52.19
v -23.10 -152.95 71.87
v -27.73 -158.03 65.74
v 1.95 -159.98 37.51
v -5.51 -168.14 27.58
v -25.27 -143.22 51.39
v -20.65 -138.14 57.52
v -0.56 -175.13 52.19
v -4.68 -158.72 68.85
v -25.64 -142.73 82.16
v -23.10 -152.95 71.87
v -2.17 -143.57 54.16
v 1.95 -159.98 37.51
v -20.65 -138.14 57.52
v -23.19 -127.91 67.80
v -4.68 -158.72 68.85
v 20.90 -164.07 67.33
v -9.79 -146.09 81.26
v -25.64 -142.73 82.16
v 23.41 -148.92 52.65
v -2.17 -143.57 54.16
v -23.19 -127.91 67.80
v -7.34 -131.27 66.90
v 20.90 -164.07 67.33
v 31.49 -157.52 75.84
v -3.23 -142.03 86.54
v -9.79 -146.09 81.26
v 34.00 -142.38 61.16
v 23.41 -148.92 52.65
v -7.34 -131.27 66.90
v -0.77 -127.22 72.19
v 31.49 -157.52 75.84
v 47.23 -152.28 83.69
v 6.52 -138.81 91.44
v -3.23 -142.03 86.54
v 49.74 -137.14 69.01
v 34.00 -142.38 61.16
v -0.77 -127.22 72.19
v 8.98 -124.00 77.08
v 47.23 -152.28 83.69
v 44.78 -141.51 94.49
v 5.01 -132.12 98.12
v 6.52 -138.81 91.44
v 47.29 -126.36 79.81
v 49.74 -137.14 69.01
v 8.98 -124.00 77.08
v 7.46 -117.31 83.77
v 44.78 -141.51 94.49
v 24.45 -123.49 109.98
v -7.59 -120.91 107.68
v 5.01 -132.12 98.12
v 26.96 -108.34 95.29
v 47.29 -126.36 79.81
v 7.46 -117.31 83.77
v -5.14 -106.09 93.33
v 24.45 -123.49 109.98
v 25.39 -106.31 127.62
v -7.01 -110.28 118.65
v -7.59 -120.91 107.68
v 27.90 -91.16 112.94
v 26.96 -108.34 95.29
v -5.14 -106.09 93.33
v -4.55 -95.47 104.29
v 25.39 -106.31 127.62
v 17.13 -86.51 146.33
v -12.14 -98.04 130.28
v -7.01 -110.28 118.65
v 19.64 -71.37 131.66
v 27.90 -91.16 112.94
v -4.55 -95.47 104.29
v -9.68 -83.23 115.93
v 17.13 -86.51 146.33
v 11.72 -61.54 170.38
v -15.51 -82.65 145.28
v -12.14 -98.04 130.28
v 14.23 -46.40 155.71
v 19.64 -71.37 131.66
v -9.68 -83.23 115.93
v -13.05 -67.85 130.93
v 11.72 -61.54 170.38
v -13.76 -55.28 172.78
v -31.30 -78.74 146.74
v -15.51 -82.65 145.28
v -11.25 -40.14 158.12
v 14.23 -46.40 155.71
v -13.05 -67.85 130.93
v -28.84 -63.93 132.39
v -13.76 -55.28 172.78
v -24.69 -37.17 188.92
v -38.09 -67.58 156.82
v -31.30 -78.74 146.74
v -22.18 -22.04 174.27
v -11.25 -40.14 158.12
v -28.84 -63.93 132.39
v -35.63 -52.78 142.48
v -24.69 -37.17 188.92
v -35.35 -16.74 207.17
v -44.72 -55.04 168.25
v -38.09 -67.58 156.82
v -32.84 -1.63 192.53
v -22.18 -22.04 174.27
v -35.63 -52.78 142.48
v -42.26 -40.24 153.91
v -35.35 -16.74 207.17
v -46.79 -23.79 198.59
v -51.80 -59.33 162.85
v -44.72 -55.04 168.25
v -44.29 -8.67 183.93
v -32.84 -1.63 192.53
v -42.26 -40.24 153.91
v -49.35 -44.54 148.51
v -46.79 -23.79 198.59
v -56.57 -12.61 207.91
v -57.87 -52.47 168.70
v -51.80 -59.33 162.85
v -54.06 2.50 193.27
v -44.29 -8.67 183.93
v -49.35 -44.54 148.51
v -55.42 -37.67 154.36
v -56.57 -12.61 207.91
v -68.48 -11.70 206.94
v -65.25 -51.88 168.08
v -57.87 -52.47 168.70
v -65.98 3.42 192.29
v -54.06 2.50 193.27
v -55.42 -37.67 154.36
v -62.80 -37.09 153.74
v -68.48 -11.70 206.94
v -77.62 -28.64 188.97
v -70.90 -62.26 156.82
v -65.25 -51.88 168.08
v -75.11 -13.51 174.31
v -65.98 3.42 192.29
v -62.80 -37.09 153.74
v -68.44 -47.46 142.47
v -77.62 -28.64 188.97
v -79.56 -56.49 161.13
v -72.08 -79.39 139.42
v -70.90 -62.26 156.82
v -77.05 -41.34 146.45
v -75.11 -13.51 174.31
v -68.44 -47.46 142.47
v -69.62 -64.58 125.06
v -79.56 -56.49 161.13
v -99.40 -29.97 184.06
v -84.40 -63.07 153.75
v -72.08 -79.39 139.42
v -96.90 -14.84 169.39
v -77.05 -41.34 146.45
v -69.62 -64.58 125.06
v -81.95 -48.26 139.40
v -99.40 -29.97 184.06
v -111.73 -29.05 182.88
v -92.04 -62.50 153.02
v -84.40 -63.07 153.75
v -109.22 -13.91 168.21
v -96.90 -14.84 169.39
v -81.95 -48.26 139.40
v -89.59 -47.69 138.67
v -111.73 -29.05 182.88
v -118.39 -44.38 166.55
v -96.16 -71.93 142.82
v -92.04 -62.50 153.02
v -115.88 -29.24 151.87
v -109.22 -13.91 168.21
v -89.59 -47.69 138.67
v -93.71 -57.12 128.47
v -118.39 -44.38 166.55
v -123.23 -60.95 149.12
v -99.15 -82.14 131.96
v -96.16 -71.93 142.82
v -120.71 -45.80 134.44
v -115.88 -29.24 151.87
v -93.71 -57.12 128.47
v -96.69 -67.33 117.61
v -123.23 -60.95 149.12
v -131.97 -73.83 134.51
v -104.57 -90.11 122.88
v -99.15 -82.14 131.96
v -129.46 -58.68 119.83
v -120.71 -45.80 134.44
v -96.69 -67.33 117.61
v -102.11 -75.30 108.53
v -131.97 -73.83 134.51
v -143.82 -86.45 119.44
v -111.92 -97.94 113.54
v -104.57 -90.11 122.88
v -141.31 -71.30 104.75
v -129.46 -58.68 119.83
v -102.11 -75.30 108.53
v -109.46 -83.12 99.19
v -143.82 -86.45 119.44
v -147.17 -102.30 102.45
v -114.00 -107.77 103.02
v -111.92 -97.94 113.54
v -144.66 -87.15 87.77
v -141.31 -71.30 104.75
v -109.46 -83.12 99.19
v -111.54 -92.96 88.66
v -147.17 -102.30 102.45
v -149.41 -116.76 86.97
v -115.39 -116.75 93.44
v -114.00 -107.77 103.02
v -146.90 -101.61 72.29
v -144.66 -87.15 87.77
v -111.54 -92.96 88.66
v -112.93 -101.94 79.09
v -149.41 -116.76 86.97
v -162.01 -131.21 69.28
v -123.21 -125.79 82.54
v -115.39 -116.75 93.44
v -159.50 -116.07 54.61
v -146.90 -101.61 72.29
v -112.93 -101.94 79.09
v -120.76 -110.98 68.19
v -162.01 -131.21 69.28
v -125.23 -147.23 59.52
v -100.40 -135.67 76.44
v -123.21 -125.79 82.54
v -122.72 -132.08 44.84
v -159.50 -116.07 54.61
v -120.76 -110.98 68.19
v -97.94 -120.86 62.08
v -125.23 -147.23 59.52
v -88.14 -162.82 49.94
v -77.40 -145.31 70.48
v -100.40 -135.67 76.44
v -85.62 -147.67 35.26
v -122.72 -132.08 44.84
v -97.94 -120.86 62.08
v -74.94 -130.50 56.13
v -77.40 -145.31 70.48
v -54.48 -155.90 63.38
v -57.24 -135.59 84.24
v -68.33 -130.45 87.66
v -52.02 -141.09 49.03
v -74.94 -130.50 56.13
v -65.92 -115.93 73.59
v -54.84 -121.07 70.17
v -54.48 -155.90 63.38
v -30.05 -167.61 55.21
v -45.43 -141.29 80.32
v -57.24 -135.59 84.24
v -27.59 -152.81 40.86
v -52.02 -141.09 49.03
v -54.84 -121.07 70.17
v -43.02 -126.77 66.25
v -30.05 -167.61 55.21
v -27.73 -158.03 65.74
v -44.30 -136.62 85.38
v -45.43 -141.29 80.32
v -25.27 -143.22 51.39
v -27.59 -152.81 40.86
v -43.02 -126.77 66.25
v -41.89 -122.10 71.31
v -27.73 -158.03 65.74
v -23.10 -152.95 71.87
v -42.06 -134.15 88.34
v -44.30 -136.62 85.38
v -20.65 -138.14 57.52
v -25.27 -143.22 51.39
v -41.89 -122.10 71.31
v -39.65 -119.63 74.27
v -23.10 -152.95 71.87
v -25.64 -142.73 82.16
v -43.29 -129.18 93.30
v -42.06 -134.15 88.34
v -23.19 -127.91 67.80
v -20.65 -138.14 57.52
v -39.65 -119.63 74.27
v -40.88 -114.66 79.22
v -25.64 -142.73 82.16
v -9.79 -146.09 81.26
v -35.62 -130.83 92.88
v -43.29 -129.18 93.30
v -7.34 -131.27 66.90
v -23.19 -127.91 67.80
v -40.88 -114.66 79.22
v -33.21 -116.30 78.80
v -9.79 -146.09 81.26
v -3.23 -142.03 86.54
v -32.44 -128.87 95.44
v -35.62 -130.83 92.88
v -0.77 -127.22 72.19
v -7.34 -131.27 66.90
v -33.21 -116.30 78.80
v -30.04 -114.34 81.36
v -3.23 -142.03 86.54
v 6.52 -138.81 91.44
v -27.73 -127.32 97.82
v -32.44 -128.87 95.44
v 8.98 -124.00 77.08
v -0.77 -127.22 72.19
v -30.04 -114.34 81.36
v -25.32 -112.80 83.74
v 6.52 -138.81 91.44
v 5.01 -132.12 98.12
v -28.46 -124.08 101.05
v -27.73 -127.32 97.82
v 7.46 -117.31 83.77
v 8.98 -124.00 77.08
v -25.32 -112.80 83.74
v -26.05 -109.56 86.97
v 5.01 -132.12 98.12
v -7.59 -120.91 107.68
v -34.55 -118.64 105.66
v -28.46 -124.08 101.05
v -5.14 -106.09 93.33
v 7.46 -117.31 83.77
v -26.05 -109.56 86.97
v -32.15 -104.11 91.58
v -7.59 -120.91 107.68
v -7.01 -110.28 118.65
v -34.27 -113.51 110.97
v -34.55 -118.64 105.66
v -4.55 -95.47 104.29
v -5.14 -106.09 93.33
v -32.15 -104.11 91.58
v -31.87 -98.98 96.90
v -7.01 -110.28 118.65
v -12.14 -98.04 130.28
v -36.76 -107.60 116.62
v -34.27 -113.51 110.97
v -9.68 -83.23 115.93
v -4.55 -95.47 104.29
v -31.87 -98.98 96.90
v -34.35 -93.08 102.54
v -12.14 -98.04 130.28
v -15.51 -82.65 145.28
v -38.39 -100.19 123.91
v -36.76 -107.60 116.62
v -13.05 -67.85 130.93
v -9.68 -83.23 115.93
v -34.35 -93.08 102.54
v -35.99 -85.67 109.84
v -15.51 -82.65 145.28
v -31.30 -78.74 146.74
v -46.03 -98.28 124.60
v -38.39 -100.19 123.91
v -28.84 -63.93 132.39
v -13.05 -67.85 130.93
v -35.99 -85.67 109.84
v -43.62 -83.76 110.53
v -31.30 -78.74 146.74
v -38.09 -67.58 156.82
v -49.32 -92.92 129.51
v -46.03 -98.28 124.60
v -35.63 -52.78 142.48
v -28.84 -63.93 132.39
v -43.62 -83.76 110.53
v -46.92 -78.40 115.44
v -38.09 -67.58 156.82
v -44.72 -55.04 168.25
v -52.54 -86.89 135.09
v -49.32 -92.92 129.51
v -42.26 -40.24 153.91
v -35.63 -52.78 142.48
v -46.92 -78.40 115.44
v -50.13 -72.37 121.02
v -44.72 -55.04 168.25
v -51.80 -59.33 162.85
v -55.96 -88.94 132.45
v -52.54 -86.89 135.09
v -49.35 -44.54 148.51
v -42.26 -40.24 153.91
v -50.13 -72.37 121.02
v -53.55 -74.42 118.38
v -51.80 -59.33 162.85
v -57.87 -52.47 168.70
v -58.90 -85.64 135.30
v -55.96 -88.94 132.45
v -55.42 -37.67 154.36
v -49.35 -44.54 148.51
v -53.55 -74.42 118.38
v -56.49 -71.12 121.23
v -57.87 -52.47 168.70
v -65.25 -51.88 168.08
v -62.48 -85.36 134.99
v -58.90 -85.64 135.30
v -62.80 -37.09 153.74
v -55.42 -37.67 154.36
v -56.49 -71.12 121.23
v -60.07 -70.84 120.92
v -65.25 -51.88 168.08
v -70.90 -62.26 156.82
v -65.20 -90.33 129.50
v -62.48 -85.36 134.99
v -68.44 -47.46 142.47
v -62.80 -37.09 153.74
v -60.07 -70.84 120.92
v -62.79 -75.81 115.42
v -70.90 -62.26 156.82
v -72.08 -79.39 139.42
v -65.76 -98.56 121.02
v -65.20 -90.33 129.50
v -69.62 -64.58 125.06
v -68.44 -47.46 142.47
v -62.79 -75.81 115.42
v -63.35 -84.03 106.95
v -72.08 -79.39 139.42
v -84.40 -63.07 153.75
v -71.73 -90.71 128.00
v -65.76 -98.56 121.02
v -81.95 -48.26 139.40
v -69.62 -64.58 125.06
v -63.35 -84.03 106.95
v -69.32 -76.19 113.93
v -84.40 -63.07 153.75
v -92.04 -62.50 153.02
v -75.43 -90.43 127.65
v -71.73 -90.71 128.00
v -89.59 -47.69 138.67
v -81.95 -48.26 139.40
v -69.32 -76.19 113.93
v -73.02 -75.91 113.58
v -92.04 -62.50 153.02
v -96.16 -71.93 142.82
v -77.42 -94.97 122.69
v -75.43 -90.43 127.65
v -93.71 -57.12 128.47
v -89.59 -47.69 138.67
v -73.02 -75.91 113.58
v -75.01 -80.45 108.62
v -96.16 -71.93 142.82
v -99.15 -82.14 131.96
v -78.86 -99.89 117.41
v -77.42 -94.97 122.69
v -96.69 -67.33 117.61
v -93.71 -57.12 128.47
v -75.01 -80.45 108.62
v -76.45 -85.36 103.34
v -99.15 -82.14 131.96
v -104.57 -90.11 122.88
v -81.48 -103.73 113.01
v -78.86 -99.89 117.41
v -102.11 -75.30 108.53
v -96.69 -67.33 117.61
v -76.45 -85.36 103.34
v -79.07 -89.21 98.94
v -104.57 -90.11 122.88
v -111.92 -97.94 113.54
v -85.03 -107.52 108.49
v -81.48 -103.73 113.01
v -109.46 -83.12 99.19
v -102.11 -75.30 108.53
v -79.07 -89.21 98.94
v -82.63 -93.00 94.42
v -111.92 -97.94 113.54
v -114.00 -107.77 103.02
v -86.04 -112.28 103.40
v -85.03 -107.52 108.49
v -111.54 -92.96 88.66
v -109.46 -83.12 99.19
v -82.63 -93.00 94.42
v -83.63 -97.76 89.33
v -114.00 -107.77 103.02
v -115.39 -116.75 93.44
v -86.71 -116.64 98.78
v -86.04 -112.28 103.40
v -112.93 -101.94 79.09
v -111.54 -92.96 88.66
v -83.63 -97.76 89.33
v -84.31 -102.11 84.70
v -115.39 -116.75 93.44
v -123.21 -125.79 82.54
v -90.51 -121.04 93.53
v -86.71 -116.64 98.78
v -120.76 -110.98 68.19
v -112.93 -101.94 79.09
v -84.31 -102.11 84.70
v -88.10 -106.51 79.46
v -123.21 -125.79 82.54
v -100.40 -135.67 76.44
v -79.46 -125.79 90.55
v -90.51 -121.04 93.53
v -97.94 -120.86 62.08
v -120.76 -110.98 68.19
v -88.10 -106.51 79.46
v -77.05 -111.27 76.48
v -100.40 -135.67 76.44
v -77.40 -145.31 70.48
v -68.33 -130.45 87.66
v -79.46 -125.79 90.55
v -74.94 -130.50 56.13
v -97.94 -120.86 62.08
v -77.05 -111.27 76.48
v -65.92 -115.93 73.59
v -68.33 -130.45 87.66
v -57.24 -135.59 84.24
v -59.82 -116.43 103.68
v -54.84 -121.07 70.17
v -65.92 -115.93 73.59
v -57.26 -101.00 88.73
v -57.24 -135.59 84.24
v -45.43 -141.29 80.32
v -59.82 -116.43 103.68
v -43.02 -126.77 66.25
v -54.84 -121.07 70.17
v -57.26 -101.00 88.73
v -45.43 -141.29 80.32
v -44.30 -136.62 85.38
v -59.82 -116.43 103.68
v -41.89 -122.10 71.31
v -43.02 -126.77 66.25
v -57.26 -101.00 88.73
v -44.30 -136.62 85.38
v -42.06 -134.15 88.34
v -59.82 -116.43 103.68
v -39.65 -119.63 74.27
v -41.89 -122.10 71.31
v -57.26 -101.00 88.73
v -42.06 -134.15 88.34
v -43.29 -129.18 93.30
v -59.82 -116.43 103.68
v -40.88 -114.66 79.22
v -39.65 -119.63 74.27
v -57.26 -101.00 88.73
v -43.29 -129.18 93.30
v -35.62 -130.83 92.88
v -59.82 -116.43 103.68
v -33.21 -116.30 78.80
v -40.88 -114.66 79.22
v -57.26 -101.00 88.73
v -35.62 -130.83 92.88
v -32.44 -128.87 95.44
v -59.82 -116.43 103.68
v -30.04 -114.34 81.36
v -33.21 -116.30 78.80
v -57.26 -101.00 88.73
v -32.44 -128.87 95.44
v -27.73 -127.32 97.82
v -59.82 -116.43 103.68
v -25.32 -112.80 83.74
v -30.04 -114.34 81.36
v -57.26 -101.00 88.73
v -27.73 -127.32 97.82
v -28.46 -124.08 101.05
v -59.82 -116.43 103.68
v -26.05 -109.56 86.97
v -25.32 -112.80 83.74
v -57.26 -101.00 88.73
v -28.46 -124.08 101.05
v -34.55 -118.64 105.66
v -59.82 -116.43 103.68
v -32.15 -104.11 91.58
v -26.05 -109.56 86.97
v -57.26 -101.00 88.73
v -34.55 -118.64 105.66
v -34.27 -113.51 110.97
v -59.82 -116.43 103.68
v -31.87 -98.98 96.90
v -32.15 -104.11 91.58
v -57.26 -101.00 88.73
v -34.27 -113.51 110.97
v -36.76 -107.60 116.62
v -59.82 -116.43 103.68
v -34.35 -93.08 102.54
v -31.87 -98.98 96.90
v -57.26 -101.00 88.73
v -36.76 -107.60 116.62
v -38.39 -100.19 123.91
v -59.82 -116.43 103.68
v -35.99 -85.67 109.84
v -34.35 -93.08 102.54
v -57.26 -101.00 88.73
v -38.39 -100.19 123.91
v -46.03 -98.28 124.60
v -59.82 -116.43 103.68
v -43.62 -83.76 110.53
v -35.99 -85.67 109.84
v -57.26 -101.00 88.73
v -46.03 -98.28 124.60
v -49.32 -92.92 129.51
v -59.82 -116.43 103.68
v -46.92 -78.40 115.44
v -43.62 -83.76 110.53
v -57.26 -101.00 88.73
v -49.32 -92.92 129.51
v -52.54 -86.89 135.09
v -59.82 -116.43 103.68
v -50.13 -72.37 121.02
v -46.92 -78.40 115.44
v -57.26 -101.00 88.73
v -52.54 -86.89 135.09
v -55.96 -88.94 132.45
v -59.82 -116.43 103.68
v -53.55 -74.42 118.38
v -50.13 -72.37 121.02
v -57.26 -101.00 88.73
v -55.96 -88.94 132.45
v -58.90 -85.64 135.30
v -59.82 -116.43 103.68
v -56.49 -71.12 121.23
v -53.55 -74.42 118.38
v -57.26 -101.00 88.73
v -58.90 -85.64 135.30
v -62.48 -85.36 134.99
v -59.82 -116.43 103.68
v -60.07 -70.84 120.92
v -56.49 -71.12 121.23
v -57.26 -101.00 88.73
v -62.48 -85.36 134.99
v -65.20 -90.33 129.50
v -59.82 -116.43 103.68
v -62.79 -75.81 115.42
v -60.07 -70.84 120.92
v -57.26 -101.00 88.73
v -65.20 -90.33 129.50
v -65.76 -98.56 121.02
v -59.82 -116.43 103.68
v -63.35 -84.03 106.95
v -62.79 -75.81 115.42
v -57.26 -101.00 88.73
v -65.76 -98.56 121.02
v -71.73 -90.71 128.00
v -59.82 -116.43 103.68
v -69.32 -76.19 113.93
v -63.35 -84.03 106.95
v -57.26 -101.00 88.73
v -71.73 -90.71 128.00
v -75.43 -90.43 127.65
v -59.82 -116.43 103.68
v -73.02 -75.91 113.58
v -69.32 -76.19 113.93
v -57.26 -101.00 88.73
v -75.43 -90.43 127.65
v -77.42 -94.97 122.69
v -59.82 -116.43 103.68
v -75.01 -80.45 108.62
v -73.02 -75.91 113.58
v -57.26 -101.00 88.73
v -77.42 -94.97 122.69
v -78.86 -99.89 117.41
v -59.82 -116.43 103.68
v -76.45 -85.36 103.34
v -75.01 -80.45 108.62
v -57.26 -101.00 88.73
v -78.86 -99.89 117.41
v -81.48 -103.73 113.01
v -59.82 -116.43 103.68
v -79.07 -89.21 98.94
v -76.45 -85.36 103.34
v -57.26 -101.00 88.73
v -81.48 -103.73 113.01
v -85.03 -107.52 108.49
v -59.82 -116.43 103.68
v -82.63 -93.00 94.42
v -79.07 -89.21 98.94
v -57.26 -101.00 88.73
v -85.03 -107.52 108.49
v -86.04 -112.28 103.40
v -59.82 -116.43 103.68
v -83.63 -97.76 89.33
v -82.63 -93.00 94.42
v -57.26 -101.00 88.73
v -86.04 -112.28 103.40
v -86.71 -116.64 98.78
v -59.82 -116.43 103.68
v -84.31 -102.11 84.70
v -83.63 -97.76 89.33
v -57.26 -101.00 88.73
v -86.71 -116.64 98.78
v -90.51 -121.04 93.53
v -59.82 -116.43 103.68
v -88.10 -106.51 79.46
v -84.31 -102.11 84.70
v -57.26 -101.00 88.73
v -90.51 -121.04 93.53
v -79.46 -125.79 90.55
v -59.82 -116.43 103.68
v -77.05 -111.27 76.48
v -88.10 -106.51 79.46
v -57.26 -101.00 88.73
v -79.46 -125.79 90.55
v -68.33 -130.45 87.66
v -59.82 -116.43 103.68
v -65.92 -115.93 73.59
v -77.05 -111.27 76.48
v -57.26 -101.00 88.73
v -68.91 -7.50 201.49
v -66.15 -7.26 202.20
v -74.84 -1.02 222.35
v -74.65 1.38 220.80
v -66.15 -7.26 202.20
v -66.16 -4.52 201.36
v -72.00 -1.04 222.68
v -74.84 -1.02 222.35
v -66.16 -4.52 201.36
v -68.93 -4.76 200.65
v -71.80 1.37 221.14
v -72.00 -1.04 222.68
v -68.93 -4.76 200.65
v -68.91 -7.50 201.49
v -74.65 1.38 220.80
v -71.80 1.37 221.14
v -74.65 1.38 220.80
v -74.84 -1.02 222.35
v -73.02 17.37 235.10
v -70.21 16.91 234.73
v -74.84 -1.02 222.35
v -72.00 -1.04 222.68
v -72.83 16.35 237.77
v -73.02 17.37 235.10
v -72.00 -1.04 222.68
v -71.80 1.37 221.14
v -70.03 15.89 237.40
v -72.83 16.35 237.77
v -71.80 1.37 221.14
v -74.65 1.38 220.80
v -70.21 16.91 234.73
v -70.03 15.89 237.40
v -70.21 16.91 234.73
v -73.02 17.37 235.10
v -64.15 37.57 233.90
v -63.92 36.79 236.65
v -73.02 17.37 235.10
v -72.83 16.35 237.77
v -66.74 38.68 234.44
v -64.15 37.57 233.90
v -72.83 16.35 237.77
v -70.03 15.89 237.40
v -66.51 37.91 237.19
v -66.74 38.68 234.44
v -70.03 15.89 237.40
v -70.21 16.91 234.73
v -63.92 36.79 236.65
v -66.51 37.91 237.19
v -63.92 36.79 236.65
v -64.15 37.57 233.90
v -52.55 52.31 246.17
v -54.97 53.72 246.77
v -64.15 37.57 233.90
v -66.74 38.68 234.44
v -52.37 53.69 243.66
v -52.55 52.31 246.17
v -66.74 38.68 234.44
v -66.51 37.91 237.19
v -54.79 55.10 244.27
v -52.37 53.69 243.66
v -66.51 37.91 237.19
v -63.92 36.79 236.65
v -54.97 53.72 246.77
v -54.79 55.10 244.27
v -68.93 -4.76 200.65
v -66.16 -4.52 201.36
v -66.15 -7.26 202.20
v -68.91 -7.50 201.49
v -54.97 53.72 246.77
v -52.55 52.31 246.17
v -52.37 53.69 243.66
v -54.79 55.10 244.27
v -40.57 7.15 131.73
v -22.42 -0.17 146.48
v -7.75 16.59 143.97
v -23.28 24.30 127.44
v -23.28 24.30 127.44
v -7.75 16.59 143.97
v 6.72 33.68 141.97
v -5.99 41.45 123.16
v -22.42 -0.17 146.48
v -2.93 -9.68 157.89
v 8.98 6.93 157.53
v -7.75 16.59 143.97
v -7.75 16.59 143.97
v 8.98 6.93 157.53
v 20.14 24.77 159.04
v 6.72 33.68 141.97
v -28.27 -8.41 118.18
v -13.13 4.06 111.24
v 1.13 0.16 128.11
v -14.56 -16.07 131.42
v -14.56 -16.07 131.42
v 1.13 0.16 128.11
v 17.60 -7.79 140.22
v -0.68 -24.03 144.28
v -13.13 4.06 111.24
v 0.42 19.44 107.73
v 18.13 13.98 121.98
v 1.13 0.16 128.11
v 1.13 0.16 128.11
v 18.13 13.98 121.98
v 35.29 9.54 137.43
v 17.60 -7.79 140.22
v -40.57 7.15 131.73
v -23.96 24.71 126.35
v -18.13 14.62 120.96
v -34.86 -0.36 124.25
v -34.86 -0.36 124.25
v -18.13 14.62 120.96
v -14.22 5.69 112.49
v -28.27 -8.41 118.18
v -23.96 24.71 126.35
v -5.99 41.45 123.16
v -3.07 30.62 114.99
v -18.13 14.62 120.96
v -18.13 14.62 120.96
v -3.07 30.62 114.99
v 0.42 19.44 107.73
v -14.22 5.69 112.49
v -2.93 -9.68 157.89
v -0.93 -17.46 151.87
v 13.21 -0.03 149.89
v 8.55 7.58 158.42
v 8.55 7.58 158.42
v 13.21 -0.03 149.89
v 28.66 16.49 149.09
v 20.14 24.77 159.04
v -0.93 -17.46 151.87
v -0.68 -24.03 144.28
v 16.75 -6.86 140.36
v 13.21 -0.03 149.89
v 13.21 -0.03 149.89
v 16.75 -6.86 140.36
v 35.29 9.54 137.43
v 28.66 16.49 149.09
v -40.57 7.15 131.73
v -34.23 -0.39 124.85
v -17.47 -7.90 137.64
v -21.43 -0.85 144.62
v -21.43 -0.85 144.62
v -17.47 -7.90 137.64
v -2.80 -18.17 151.68
v -2.93 -9.68 157.89
v -34.23 -0.39 124.85
v -28.27 -8.41 118.18
v -14.30 -16.00 131.13
v -17.47 -7.90 137.64
v -17.47 -7.90 137.64
v -14.30 -16.00 131.13
v -0.68 -24.03 144.28
v -2.80 -18.17 151.68
v -5.99 41.45 123.16
v 6.22 32.59 141.48
v 13.42 24.38 131.41
v -1.96 30.95 115.07
v -1.96 30.95 115.07
v 13.42 24.38 131.41
v 18.52 14.89 122.28
v 0.42 19.44 107.73
v 6.22 32.59 141.48
v 20.14 24.77 159.04
v 28.00 17.32 148.11
v 13.42 24.38 131.41
v 13.42 24.38 131.41
v 28.00 17.32 148.11
v 35.29 9.54 137.43
v 18.52 14.89 122.28
v -146.46 -17.17 123.29
v -142.46 -13.04 111.28
v -133.67 -36.34 105.78
v -134.28 -40.38 122.01
v -134.28 -40.38 122.01
v -133.67 -36.34 105.78
v -123.06 -58.84 101.14
v -124.12 -64.49 119.76
v -142.46 -13.04 111.28
v -138.51 -8.94 99.24
v -130.58 -31.21 90.72
v -133.67 -36.34 105.78
v -133.67 -36.34 105.78
v -130.58 -31.21 90.72
v -119.58 -52.13 83.68
v -123.06 -58.84 101.14
v -130.30 -15.92 133.69
v -115.97 -35.86 131.01
v -109.88 -30.43 114.48
v -123.69 -11.74 115.06
v -123.69 -11.74 115.06
v -109.88 -30.43 114.48
v -104.33 -25.30 97.63
v -114.38 -6.08 98.04
v -115.97 -35.86 131.01
v -103.74 -56.97 127.06
v -99.33 -50.91 111.95
v -109.88 -30.43 114.48
v -109.88 -30.43 114.48
v -99.33 -50.91 111.95
v -93.26 -43.95 97.83
v -104.33 -25.30 97.63
v -146.46 -17.17 123.29
v -136.02 -41.26 122.71
v -126.18 -38.65 125.99
v -139.18 -17.02 129.78
v -139.18 -17.02 129.78
v -126.18 -38.65 125.99
v -116.94 -36.39 130.23
v -130.30 -15.92 133.69
v -136.02 -41.26 122.71
v -124.12 -64.49 119.76
v -113.73 -60.60 123.07
v -126.18 -38.65 125.99
v -126.18 -38.65 125.99
v -113.73 -60.60 123.07
v -103.74 -56.97 127.06
v -116.94 -36.39 130.23
v -138.51 -8.94 99.24
v -126.52 -7.22 97.73
v -116.29 -28.28 96.26
v -129.03 -30.58 91.60
v -129.03 -30.58 91.60
v -116.29 -28.28 96.26
v -106.32 -48.41 91.89
v -119.58 -52.13 83.68
v -126.52 -7.22 97.73
v -114.38 -6.08 98.04
v -103.77 -25.21 98.53
v -116.29 -28.28 96.26
v -116.29 -28.28 96.26
v -103.77 -25.21 98.53
v -93.26 -43.95 97.83
v -106.32 -48.41 91.89
v -146.46 -17.17 123.29
v -138.82 -14.76 128.96
v -132.48 -11.76 113.63
v -142.09 -14.66 110.85
v -142.09 -14.66 110.85
v -132.48 -11.76 113.63
v -126.59 -6.92 98.79
v -138.51 -8.94 99.24
v -138.82 -14.76 128.96
v -130.30 -15.92 133.69
v -122.15 -11.80 115.66
v -132.48 -11.76 113.63
v -132.48 -11.76 113.63
v -122.15 -11.80 115.66
v -114.38 -6.08 98.04
v -126.59 -6.92 98.79
v -124.12 -64.49 119.76
v -122.38 -57.17 102.04
v -111.10 -52.43 107.64
v -113.99 -60.60 123.45
v -113.99 -60.60 123.45
v -111.10 -52.43 107.64
v -98.00 -51.54 112.14
v -103.74 -56.97 127.06
v -122.38 -57.17 102.04
v -119.58 -52.13 83.68
v -106.20 -48.52 90.62
v -111.10 -52.43 107.64
v -111.10 -52.43 107.64
v -106.20 -48.52 90.62
v -93.26 -43.95 97.83
v -98.00 -51.54 112.14
v -239.30 288.80 58.85
v -186.61 312.36 59.20
v -153.31 248.84 -0.97
v -204.73 225.49 -2.90
v -204.73 225.49 -2.90
v -153.31 248.84 -0.97
v -121.54 189.03 -65.74
v -170.41 162.78 -65.39
v -186.61 312.36 59.20
v -133.48 334.87 60.84
v -102.48 273.64 -0.84
v -153.31 248.84 -0.97
v -153.31 248.84 -0.97
v -102.48 273.64 -0.84
v -71.75 213.07 -63.33
v -121.54 189.03 -65.74
v -231.24 277.59 75.77
v -199.60 212.90 13.12
v -148.16 237.21 13.20
v -178.81 299.88 76.67
v -178.81 299.88 76.67
v -148.16 237.21 13.20
v -96.31 260.53 14.48
v -126.85 323.24 76.25
v -199.60 212.90 13.12
v -168.45 149.34 -50.91
v -116.71 172.65 -47.97
v -148.16 237.21 13.20
v -148.16 237.21 13.20
v -116.71 172.65 -47.97
v -65.69 197.67 -47.11
v -96.31 260.53 14.48
v -239.30 288.80 58.85
v -204.36 226.09 -3.30
v -203.52 218.91 4.66
v -235.18 283.25 67.30
v -235.18 283.25 67.30
v -203.52 218.91 4.66
v -199.42 213.73 12.40
v -231.24 277.59 75.77
v -204.36 226.09 -3.30
v -170.41 162.78 -65.39
v -170.47 155.42 -58.08
v -203.52 218.91 4.66
v -203.52 218.91 4.66
v -170.47 155.42 -58.08
v -168.45 149.34 -50.91
v -199.42 213.73 12.40
v -133.48 334.87 60.84
v -131.91 328.12 68.60
v -98.86 267.52 6.65
v -102.65 273.95 -1.24
v -102.65 273.95 -1.24
v -98.86 267.52 6.65
v -69.75 204.81 -55.19
v -71.75 213.07 -63.33
v -131.91 328.12 68.60
v -126.85 323.24 76.25
v -95.56 260.83 14.56
v -98.86 267.52 6.65
v -98.86 267.52 6.65
v -95.56 260.83 14.56
v -65.69 197.67 -47.11
v -69.75 204.81 -55.19
v -239.30 288.80 58.85
v -235.38 283.44 67.52
v -182.67 306.02 67.83
v -186.81 312.76 60.66
v -186.81 312.76 60.66
v -182.67 306.02 67.83
v -129.98 328.64 68.19
v -133.48 334.87 60.84
v -235.38 283.44 67.52
v -231.24 277.59 75.77
v -178.43 299.05 74.81
v -182.67 306.02 67.83
v -182.67 306.02 67.83
v -178.43 299.05 74.81
v -126.85 323.24 76.25
v -129.98 328.64 68.19
v -170.41 162.78 -65.39
v -120.70 187.21 -65.07
v -119.36 181.25 -56.15
v -168.92 155.10 -59.11
v -168.92 155.10 -59.11
v -119.36 181.25 -56.15
v -116.82 173.03 -49.48
v -168.45 149.34 -50.91
v -120.70 187.21 -65.07
v -71.75 213.07 -63.33
v -68.98 205.84 -54.74
v -119.36 181.25 -56.15
v -119.36 181.25 -56.15
v -68.98 205.84 -54.74
v -65.69 197.67 -47.11
v -116.82 173.03 -49.48
v -238.40 289.19 57.98
v -134.94 339.33 60.55
v -128.95 326.14 77.10
v -232.42 276.00 74.53
v -173.53 161.73 -67.10
v -167.54 148.53 -50.55
v -64.08 198.67 -47.98
v -70.06 211.87 -64.53
v -238.40 289.19 57.98
v -232.42 276.00 74.53
v -167.54 148.53 -50.55
v -173.53 161.73 -67.10
v -134.94 339.33 60.55
v -70.06 211.87 -64.53
v -64.08 198.67 -47.98
v -128.95 326.14 77.10
v -238.40 289.19 57.98
v -173.53 161.73 -67.10
v -70.06 211.87 -64.53
v -134.94 339.33 60.55
v -232.42 276.00 74.53
v -128.95 326.14 77.10
v -64.08 198.67 -47.98
v -167.54 148.53 -50.55
vt 0.0000 0.0000
vt 0.1231 0.0000
vt 0.1059 0.0789
vt -0.0006 0.0766
vt 0.0000 0.0000
vt 0.1068 0.0000
vt 0.0916 0.0795
vt 0.0013 0.0765
vt 0.0000 0.0000
vt 0.1231 -0.0000
vt 0.0895 0.0821
vt -0.0171 0.0792
vt 0.0000 0.0000
vt 0.1068 0.0000
vt 0.0754 0.0826
vt -0.0152 0.0795
vt 0.0000 0.0000
vt 0.1084 -0.0000
vt 0.1080 0.0837
vt -0.0082 0.0943
vt 0.0000 0.0000
vt 0.1208 -0.0000
vt 0.1120 0.0849
vt -0.0099 0.0941
vt 0.0000 0.0000
vt 0.1084 0.0000
vt 0.1080 0.0856
vt -0.0043 0.0891
vt 0.0000 0.0000
vt 0.1136 0.0000
vt 0.1130 0.0772
vt -0.0083 0.0858
vt 0.0000 0.0000
vt 0.0777 0.0000
vt 0.0853 0.0801
vt -0.0045 0.0749
vt 0.0000 0.0000
vt 0.0921 0.0000
vt 0.1084 0.0818
vt 0.0004 0.0750
vt 0.0000 0.0000
vt 0.0777 0.0000
vt 0.1021 0.0887
vt 0.0107 0.0821
vt 0.0000 0.0000
vt 0.0922 0.0000
vt 0.1243 0.0866
vt 0.0169 0.0819
vt 0.0000 0.0000
vt 0.0793 0.0000
vt 0.0533 0.1007
vt -0.0168 0.0872
vt 0.0000 0.0000
vt 0.0731 0.0000
vt 0.0726 0.1054
vt 0.0033 0.0887
vt 0.0000 0.0000
vt 0.0793 0.0000
vt 0.0365 0.1170
vt -0.0279 0.1013
vt 0.0000 0.0000
vt 0.0743 0.0000
vt 0.0676 0.1224
vt 0.0004 0.1061
vt 0.0000 0.0000
vt 0.0752 0.0000
vt 0.1047 0.1043
vt 0.0311 0.1192
vt 0.0000 0.0000
vt 0.0753 0.0000
vt 0.0837 0.1081
vt 0.0063 0.1230
vt 0.0000 0.0000
vt 0.0752 0.0000
vt 0.1053 0.0892
vt 0.0298 0.1043
vt 0.0000 0.0000
vt 0.0776 -0.0000
vt 0.0882 0.0934
vt 0.0086 0.1082
vt 0.0000 0.0000
vt 0.0907 0.0000
vt 0.0974 0.0800
vt 0.0111 0.0922
vt 0.0000 0.0000
vt 0.0886 0.0000
vt 0.0861 0.0813
vt -0.0000 0.0929
vt 0.0000 0.0000
vt 0.0907 -0.0000
vt 0.0951 0.0710
vt 0.0077 0.0814
vt 0.0000 0.0000
vt 0.0883 0.0000
vt 0.0839 0.0699
vt -0.0026 0.0813
vt 0.0000 0.0000
vt 0.1538 -0.0000
vt 0.1715 0.1206
vt 0.0162 0.1376
vt 0.0000 0.0000
vt 0.1605 0.0000
vt 0.1671 0.1219
vt 0.0032 0.1385
vt 0.0000 0.0000
vt 0.1538 -0.0000
vt 0.1805 0.1038
vt 0.0245 0.1249
vt 0.0000 0.0000
vt 0.1599 0.0000
vt 0.1767 0.1069
vt 0.0115 0.1262
vt 0.0000 0.0000
vt 0.1509 0.0000
vt 0.1354 0.1757
vt 0.0114 0.1620
vt 0.0000 0.0000
vt 0.1343 0.0000
vt 0.1514 0.1799
vt 0.0361 0.1583
vt 0.0000 0.0000
vt 0.1509 -0.0000
vt 0.1188 0.1965
vt -0.0075 0.1832
vt 0.0000 0.0000
vt 0.1310 0.0000
vt 0.1240 0.2038
vt 0.0135 0.1803
vt 0.0000 0.0000
vt 0.1385 -0.0000
vt 0.1156 0.0854
vt -0.0278 0.0742
vt 0.0000 0.0000
vt 0.1459 0.0000
vt 0.1299 0.0829
vt -0.0141 0.0780
vt 0.0000 0.0000
vt 0.1385 0.0000
vt 0.1204 0.1048
vt -0.0232 0.0888
vt 0.0000 0.0000
vt 0.1469 -0.0000
vt 0.1399 0.1044
vt -0.0082 0.0931
vt 0.0000 0.0000
vt 0.0783 -0.0000
vt 0.0741 0.1097
vt -0.0213 0.1089
vt 0.0000 0.0000
vt 0.0978 -0.0000
vt 0.0998 0.1123
vt -0.0179 0.1095
vt 0.0000 0.0000
vt 0.0783 -0.0000
vt 0.0967 0.1157
vt -0.0019 0.1119
vt 0.0000 0.0000
vt 0.0990 -0.0000
vt 0.1192 0.1128
vt 0.0032 0.1123
vt 0.0000 0.0000
vt 0.0788 0.0000
vt 0.0330 0.1531
vt -0.0397 0.1480
vt 0.0000 0.0000
vt 0.0777 0.0000
vt 0.0470 0.1539
vt -0.0313 0.1501
vt 0.0000 0.0000
vt 0.0788 0.0000
vt 0.0432 0.1540
vt -0.0285 0.1596
vt 0.0000 0.0000
vt 0.0785 -0.0000
vt 0.0463 0.1566
vt -0.0275 0.1546
vt 0.0000 0.0000
vt 0.1674 -0.0000
vt 0.1523 0.1102
vt -0.0324 0.1029
vt 0.0000 0.0000
vt 0.1848 -0.0000
vt 0.1737 0.1110
vt -0.0286 0.1041
vt 0.0000 0.0000
vt 0.1674 0.0000
vt 0.1694 0.1171
vt -0.0153 0.1102
vt 0.0000 0.0000
vt 0.1849 0.0000
vt 0.1921 0.1181
vt -0.0104 0.1112
vt 0.0000 0.0000
vt 0.1941 0.0000
vt 0.1709 0.2056
vt -0.0134 0.2051
vt 0.0000 0.0000
vt 0.1849 -0.0000
vt 0.1632 0.2048
vt -0.0131 0.2051
vt 0.0000 0.0000
vt 0.1941 0.0000
vt 0.1646 0.2047
vt -0.0198 0.2066
vt 0.0000 0.0000
vt 0.1849 0.0000
vt 0.1546 0.2048
vt -0.0216 0.2048
vt 0.0000 0.0000
vt 0.2433 -0.0000
vt 0.2829 0.1619
vt 0.0398 0.2032
vt 0.0000 0.0000
vt 0.2476 0.0000
vt 0.2602 0.1655
vt 0.0104 0.2068
vt 0.0000 0.0000
vt 0.2433 -0.0000
vt 0.2826 0.1250
vt 0.0396 0.1634
vt 0.0000 0.0000
vt 0.2460 0.0000
vt 0.2654 0.1295
vt 0.0137 0.1678
vt 0.0000 0.0000
vt 0.2066 0.0000
vt 0.1671 0.1284
vt -0.0522 0.1172
vt 0.0000 0.0000
vt 0.2228 0.0000
vt 0.1936 0.1253
vt -0.0473 0.1192
vt 0.0000 0.0000
vt 0.2066 0.0000
vt 0.1956 0.1440
vt -0.0280 0.1367
vt 0.0000 0.0000
vt 0.2237 -0.0000
vt 0.2150 0.1347
vt -0.0290 0.1263
vt 0.0000 0.0000
vt 0.1106 0.0000
vt 0.0674 0.2230
vt -0.0473 0.2028
vt 0.0000 0.0000
vt 0.1228 0.0000
vt 0.1305 0.2290
vt -0.0035 0.2082
vt 0.0000 0.0000
vt 0.1106 0.0000
vt 0.0805 0.2531
vt -0.0400 0.2270
vt 0.0000 0.0000
vt 0.1233 0.0000
vt 0.1458 0.2534
vt 0.0078 0.2301
vt 0.0000 0.0000
vt 0.1275 0.0000
vt 0.0862 0.1948
vt -0.0318 0.1914
vt 0.0000 0.0000
vt 0.1182 -0.0000
vt 0.0868 0.1986
vt -0.0241 0.1926
vt 0.0000 0.0000
vt 0.1275 -0.0000
vt 0.0764 0.1983
vt -0.0410 0.1950
vt 0.0000 0.0000
vt 0.1184 0.0000
vt 0.0765 0.2017
vt -0.0310 0.2002
vt 0.0000 0.0000
vt 0.1767 -0.0000
vt 0.1676 0.1357
vt 0.0156 0.1398
vt 0.0000 0.0000
vt 0.1521 0.0000
vt 0.1389 0.1350
vt 0.0120 0.1401
vt 0.0000 0.0000
vt 0.1767 0.0000
vt 0.1457 0.1327
vt -0.0077 0.1359
vt 0.0000 0.0000
vt 0.1539 0.0000
vt 0.1238 0.1362
vt -0.0073 0.1388
vt 0.0000 0.0000
vt 0.1310 -0.0000
vt 0.1441 0.1289
vt 0.0219 0.1471
vt 0.0000 0.0000
vt 0.1255 -0.0000
vt 0.1228 0.1265
vt -0.0005 0.1488
vt 0.0000 0.0000
vt 0.1310 -0.0000
vt 0.1431 0.1027
vt 0.0224 0.1296
vt 0.0000 0.0000
vt 0.1261 -0.0000
vt 0.1194 0.1065
vt -0.0032 0.1273
vt 0.0000 0.0000
vt 0.1296 -0.0000
vt 0.1365 0.1486
vt -0.0067 0.1600
vt 0.0000 0.0000
vt 0.1444 0.0000
vt 0.1429 0.1481
vt -0.0201 0.1589
vt 0.0000 0.0000
vt 0.1296 0.0000
vt 0.1489 0.1408
vt 0.0063 0.1494
vt 0.0000 0.0000
vt 0.1451 -0.0000
vt 0.1575 0.1396
vt -0.0005 0.1522
vt 0.0000 0.0000
vt 0.1483 -0.0000
vt 0.1167 0.1223
vt -0.0219 0.1166
vt 0.0000 0.0000
vt 0.1393 -0.0000
vt 0.1115 0.1230
vt -0.0177 0.1173
vt 0.0000 0.0000
vt 0.1483 0.0000
vt 0.1065 0.1267
vt -0.0320 0.1228
vt 0.0000 0.0000
vt 0.1391 -0.0000
vt 0.1004 0.1269
vt -0.0264 0.1233
vt 0.0000 0.0000
vt 0.1227 0.0000
vt 0.0661 0.1217
vt -0.0385 0.1002
vt 0.0000 0.0000
vt 0.1069 -0.0000
vt 0.0759 0.1269
vt -0.0178 0.1059
vt 0.0000 0.0000
vt 0.1227 0.0000
vt 0.0499 0.1411
vt -0.0545 0.1227
vt 0.0000 0.0000
vt 0.1070 0.0000
vt 0.0602 0.1557
vt -0.0315 0.1294
vt 0.0000 0.0000
vt 0.1186 0.0000
vt 0.1258 0.1440
vt 0.0080 0.1295
vt 0.0000 0.0000
vt 0.1193 -0.0000
vt 0.1431 0.1418
vt 0.0242 0.1275
vt 0.0000 0.0000
vt 0.1186 0.0000
vt 0.1253 0.1584
vt 0.0076 0.1444
vt 0.0000 0.0000
vt 0.1198 -0.0000
vt 0.1491 0.1585
vt 0.0274 0.1433
vt 0.0000 0.0000
vt 0.1256 0.0000
vt 0.1201 0.1075
vt -0.0013 0.1351
vt 0.0000 0.0000
vt 0.1336 0.0000
vt 0.1148 0.1103
vt -0.0215 0.1334
vt 0.0000 0.0000
vt 0.1256 -0.0000
vt 0.1306 0.1056
vt 0.0017 0.1180
vt 0.0000 0.0000
vt 0.1340 -0.0000
vt 0.1258 0.0904
vt -0.0186 0.1104
vt 0.0000 0.0000
vt 0.0919 0.0000
vt 0.0754 0.0966
vt -0.0177 0.0918
vt 0.0000 0.0000
vt 0.0971 0.0000
vt 0.0839 0.0963
vt -0.0140 0.0925
vt 0.0000 0.0000
vt 0.0919 0.0000
vt 0.0743 0.1056
vt -0.0179 0.1001
vt 0.0000 0.0000
vt 0.0925 -0.0000
vt 0.0807 0.0999
vt -0.0133 0.0963
vt 0.0000 0.0000
vt 0.0820 -0.0000
vt 0.0943 0.1100
vt -0.0012 0.1151
vt 0.0000 0.0000
vt 0.0964 0.0000
vt 0.1040 0.1107
vt -0.0070 0.1148
vt 0.0000 0.0000
vt 0.0820 -0.0000
vt 0.1094 0.1050
vt 0.0139 0.1105
vt 0.0000 0.0000
vt 0.0964 0.0000
vt 0.1188 0.1066
vt 0.0078 0.1108
vt 0.0000 0.0000
vt 0.0941 0.0000
vt 0.1151 0.1190
vt 0.0313 0.1258
vt 0.0000 0.0000
vt 0.0903 0.0000
vt 0.1044 0.1209
vt 0.0221 0.1278
vt 0.0000 0.0000
vt 0.0941 0.0000
vt 0.1122 0.1105
vt 0.0275 0.1222
vt 0.0000 0.0000
vt 0.0886 -0.0000
vt 0.0966 0.1139
vt 0.0159 0.1209
vt 0.0000 0.0000
vt 0.1016 -0.0000
vt 0.1209 0.1054
vt 0.0155 0.1034
vt 0.0000 0.0000
vt 0.1057 0.0000
vt 0.1282 0.1062
vt 0.0177 0.1030
vt 0.0000 0.0000
vt 0.1016 -0.0000
vt 0.1259 0.1082
vt 0.0196 0.1057
vt 0.0000 0.0000
vt 0.1067 0.0000
vt 0.1342 0.1068
vt 0.0253 0.1079
vt 0.0000 0.0000
vt 0.1303 -0.0000
vt 0.1235 0.0979
vt 0.0137 0.0914
vt 0.0000 0.0000
vt 0.1176 0.0000
vt 0.1219 0.1007
vt 0.0228 0.0895
vt 0.0000 0.0000
vt 0.1303 -0.0000
vt 0.1136 0.1144
vt 0.0001 0.1066
vt 0.0000 0.0000
vt 0.1141 0.0000
vt 0.1057 0.1119
vt 0.0056 0.1014
vt 0.0000 0.0000
vt 0.0970 0.0000
vt 0.0944 0.1097
vt -0.0064 0.1158
vt 0.0000 0.0000
vt 0.1019 0.0000
vt 0.0936 0.1068
vt -0.0079 0.1157
vt 0.0000 0.0000
vt 0.0970 0.0000
vt 0.0985 0.1077
vt -0.0025 0.1105
vt 0.0000 0.0000
vt 0.1040 0.0000
vt 0.1088 0.1092
vt -0.0039 0.1109
vt 0.0000 0.0000
vt 0.2514 -0.0000
vt 0.2228 0.1868
vt -0.0110 0.1731
vt 0.0000 0.0000
vt 0.2366 -0.0000
vt 0.2260 0.1936
vt 0.0039 0.1734
vt 0.0000 0.0000
vt 0.2514 0.0000
vt 0.2069 0.2084
vt -0.0280 0.1901
vt 0.0000 0.0000
vt 0.2356 -0.0000
vt 0.2086 0.2159
vt -0.0126 0.1935
vt 0.0000 0.0000
vt 0.2294 0.0000
vt 0.2353 0.2071
vt 0.0220 0.2139
vt 0.0000 0.0000
vt 0.2142 -0.0000
vt 0.2117 0.2071
vt 0.0139 0.2145
vt 0.0000 0.0000
vt 0.2294 -0.0000
vt 0.2208 0.1994
vt 0.0072 0.2079
vt 0.0000 0.0000
vt 0.2138 -0.0000
vt 0.1976 0.1963
vt -0.0006 0.2078
vt 0.0000 0.0000
vt 0.1720 0.0000
vt 0.1600 0.1417
vt -0.0396 0.1475
vt 0.0000 0.0000
vt 0.2005 0.0000
vt 0.1846 0.1394
vt -0.0446 0.1461
vt 0.0000 0.0000
vt 0.1720 0.0000
vt 0.1899 0.1233
vt -0.0078 0.1430
vt 0.0000 0.0000
vt 0.2037 0.0000
vt 0.2138 0.1265
vt -0.0115 0.1399
vt 0.0000 0.0000
vt 0.1603 -0.0000
vt 0.1477 0.2068
vt -0.0115 0.2162
vt 0.0000 0.0000
vt 0.1597 0.0000
vt 0.1355 0.2077
vt -0.0242 0.2151
vt 0.0000 0.0000
vt 0.1603 -0.0000
vt 0.1471 0.1962
vt -0.0150 0.2069
vt 0.0000 0.0000
vt 0.1656 0.0000
vt 0.1335 0.1893
vt -0.0147 0.2087
vt 0.0000 0.0000
vt 0.1516 -0.0000
vt 0.1887 0.2255
vt 0.0410 0.2483
vt 0.0000 0.0000
vt 0.1549 -0.0000
vt 0.1661 0.2311
vt 0.0096 0.2515
vt 0.0000 0.0000
vt 0.1516 0.0000
vt 0.1906 0.2102
vt 0.0398 0.2287
vt 0.0000 0.0000
vt 0.1533 0.0000
vt 0.1691 0.2125
vt 0.0103 0.2311
vt 0.0000 0.0000
vt 0.2231 0.0000
vt 0.2128 0.1415
vt 0.0026 0.1337
vt 0.0000 0.0000
vt 0.2120 0.0000
vt 0.2117 0.1446
vt 0.0140 0.1330
vt 0.0000 0.0000
vt 0.2231 0.0000
vt 0.1980 0.1564
vt -0.0105 0.1440
vt 0.0000 0.0000
vt 0.2102 0.0000
vt 0.1972 0.1590
vt -0.0012 0.1449
vt 0.0000 0.0000
vt 0.1103 0.0000
vt 0.1087 0.0651
vt -0.0065 0.0570
vt 0.0000 0.0000
vt 0.1163 0.0000
vt 0.1181 0.0648
vt -0.0017 0.0573
vt 0.0000 0.0000
vt 0.1103 0.0000
vt 0.1136 0.0744
vt -0.0016 0.0666
vt 0.0000 0.0000
vt 0.1157 0.0000
vt 0.1244 0.0719
vt 0.0041 0.0670
vt 0.0000 0.0000
vt 0.0803 -0.0000
vt 0.0771 0.1231
vt 0.0019 0.1240
vt 0.0000 0.0000
vt 0.0770 0.0000
vt 0.0753 0.1241
vt 0.0047 0.1239
vt 0.0000 0.0000
vt 0.0803 -0.0000
vt 0.0703 0.1245
vt -0.0040 0.1242
vt 0.0000 0.0000
vt 0.0743 -0.0000
vt 0.0645 0.1251
vt -0.0034 0.1241
vt 0.0000 0.0000
vt 0.0574 -0.0000
vt 0.0586 0.0388
vt -0.0099 0.0420
vt 0.0000 0.0000
vt 0.0686 0.0000
vt 0.0685 0.0390
vt -0.0117 0.0415
vt 0.0000 0.0000
vt 0.0574 0.0000
vt 0.0691 0.0346
vt 0.0017 0.0389
vt 0.0000 0.0000
vt 0.0696 0.0000
vt 0.0800 0.0352
vt 0.0006 0.0392
vt 0.0000 0.0000
vt 0.0419 0.0000
vt 0.0387 0.0723
vt -0.0078 0.0744
vt 0.0000 0.0000
vt 0.0477 -0.0000
vt 0.0420 0.0721
vt -0.0109 0.0740
vt 0.0000 0.0000
vt 0.0419 -0.0000
vt 0.0454 0.0695
vt -0.0011 0.0731
vt 0.0000 0.0000
vt 0.0478 -0.0000
vt 0.0492 0.0707
vt -0.0047 0.0724
vt 0.0000 0.0000
vt 0.0431 -0.0000
vt -0.0018 0.1080
vt -0.0430 0.1016
vt 0.0000 0.0000
vt 0.0419 0.0000
vt 0.0125 0.1130
vt -0.0266 0.1071
vt 0.0000 0.0000
vt 0.0431 0.0000
vt -0.0037 0.1141
vt -0.0449 0.1080
vt 0.0000 0.0000
vt 0.0441 0.0000
vt 0.0173 0.1197
vt -0.0210 0.1162
vt 0.0000 0.0000
vt 0.1217 0.0000
vt 0.1113 0.0375
vt -0.0090 0.0374
vt 0.0000 0.0000
vt 0.1233 0.0000
vt 0.1182 0.0431
vt -0.0075 0.0377
vt 0.0000 0.0000
vt 0.1217 0.0000
vt 0.1152 0.0536
vt -0.0074 0.0467
vt 0.0000 0.0000
vt 0.1229 -0.0000
vt 0.1192 0.0517
vt -0.0055 0.0445
vt 0.0000 0.0000
vt 0.0529 0.0000
vt 0.0647 0.0688
vt 0.0100 0.0755
vt 0.0000 0.0000
vt 0.0551 -0.0000
vt 0.0584 0.0691
vt 0.0006 0.0762
vt 0.0000 0.0000
vt 0.0529 0.0000
vt 0.0654 0.0632
vt 0.0114 0.0689
vt 0.0000 0.0000
vt 0.0565 -0.0000
vt 0.0625 0.0632
vt 0.0040 0.0697
vt 0.0000 0.0000
vt 0.0669 0.0000
vt 0.0647 0.0713
vt 0.0025 0.0717
vt 0.0000 0.0000
vt 0.0624 -0.0000
vt 0.0601 0.0714
vt 0.0027 0.0717
vt 0.0000 0.0000
vt 0.0669 0.0000
vt 0.0594 0.0712
vt -0.0025 0.0714
vt 0.0000 0.0000
vt 0.0619 0.0000
vt 0.0536 0.0714
vt -0.0027 0.0714
vt 0.0000 0.0000
vt 0.0760 0.0000
vt 0.0757 0.0516
vt 0.0045 0.0508
vt 0.0000 0.0000
vt 0.0713 0.0000
vt 0.0716 0.0515
vt 0.0050 0.0508
vt 0.0000 0.0000
vt 0.0760 -0.0000
vt 0.0713 0.0520
vt 0.0001 0.0518
vt 0.0000 0.0000
vt 0.0713 0.0000
vt 0.0672 0.0525
vt 0.0004 0.0515
vt 0.0000 0.0000
vt 0.0437 -0.0000
vt 0.0475 0.0593
vt -0.0017 0.0643
vt 0.0000 0.0000
vt 0.0504 0.0000
vt 0.0499 0.0599
vt -0.0078 0.0639
vt 0.0000 0.0000
vt 0.0437 0.0000
vt 0.0553 0.0559
vt 0.0050 0.0600
vt 0.0000 0.0000
vt 0.0509 -0.0000
vt 0.0581 0.0562
vt 0.0001 0.0601
vt 0.0000 0.0000
vt 0.0512 0.0000
vt 0.0456 0.0616
vt 0.0007 0.0529
vt 0.0000 0.0000
vt 0.0463 0.0000
vt 0.0528 0.0614
vt 0.0109 0.0518
vt 0.0000 0.0000
vt 0.0512 0.0000
vt 0.0411 0.0712
vt -0.0046 0.0622
vt 0.0000 0.0000
vt 0.0465 0.0000
vt 0.0494 0.0713
vt 0.0060 0.0622
vt 0.0000 0.0000
vt 0.0589 0.0000
vt 0.0539 0.0546
vt -0.0112 0.0512
vt 0.0000 0.0000
vt 0.0653 -0.0000
vt 0.0631 0.0547
vt -0.0085 0.0517
vt 0.0000 0.0000
vt 0.0589 -0.0000
vt 0.0602 0.0580
vt -0.0050 0.0546
vt 0.0000 0.0000
vt 0.0655 -0.0000
vt 0.0688 0.0562
vt -0.0016 0.0551
vt 0.0000 0.0000
vt 0.2044 0.0000
vt 0.2307 0.1708
vt 0.0213 0.2042
vt 0.0000 0.0000
vt 0.2169 0.0000
vt 0.2189 0.1725
vt -0.0117 0.2050
vt 0.0000 0.0000
vt 0.2044 -0.0000
vt 0.2333 0.1408
vt 0.0246 0.1770
vt 0.0000 0.0000
vt 0.2119 0.0000
vt 0.2125 0.1475
vt -0.0036 0.1733
vt 0.0000 0.0000
vt 0.1769 -0.0000
vt 0.1774 0.2005
vt -0.0063 0.2010
vt 0.0000 0.0000
vt 0.1841 0.0000
vt 0.1852 0.2006
vt -0.0077 0.2009
vt 0.0000 0.0000
vt 0.1769 0.0000
vt 0.1855 0.2009
vt 0.0011 0.2009
vt 0.0000 0.0000
vt 0.1845 0.0000
vt 0.1920 0.2012
vt 0.0008 0.2009
vt 0.0000 0.0000
vt 0.2059 0.0000
vt 0.2371 0.1268
vt 0.0496 0.1226
vt 0.0000 0.0000
vt 0.1892 0.0000
vt 0.2251 0.1247
vt 0.0517 0.1217
vt 0.0000 0.0000
vt 0.2059 0.0000
vt 0.2247 0.1314
vt 0.0353 0.1282
vt 0.0000 0.0000
vt 0.1894 0.0000
vt 0.2115 0.1303
vt 0.0360 0.1252
vt 0.0000 0.0000
vt 0.1520 0.0000
vt 0.1667 0.1665
vt 0.0408 0.1478
vt 0.0000 0.0000
vt 0.1318 0.0000
vt 0.1770 0.1614
vt 0.0644 0.1391
vt 0.0000 0.0000
vt 0.1520 0.0000
vt 0.1478 0.1922
vt 0.0179 0.1697
vt 0.0000 0.0000
vt 0.1320 0.0000
vt 0.1599 0.1906
vt 0.0451 0.1643
vt 0.0000 0.0000
vt 0.1322 0.0000
vt 0.1118 0.1966
vt -0.0201 0.2041
vt 0.0000 0.0000
vt 0.1324 -0.0000
vt 0.1029 0.1894
vt -0.0335 0.2023
vt 0.0000 0.0000
vt 0.1322 0.0000
vt 0.1117 0.1923
vt -0.0202 0.1968
vt 0.0000 0.0000
vt 0.1351 -0.0000
vt 0.1219 0.2029
vt -0.0221 0.2003
vt 0.0000 0.0000
vt 0.2305 0.0000
vt 0.2584 0.1156
vt 0.0443 0.1291
vt 0.0000 0.0000
vt 0.2191 -0.0000
vt 0.2441 0.1205
vt 0.0439 0.1292
vt 0.0000 0.0000
vt 0.2305 0.0000
vt 0.2447 0.1153
vt 0.0295 0.1235
vt 0.0000 0.0000
vt 0.2159 0.0000
vt 0.2262 0.1165
vt 0.0257 0.1223
vt 0.0000 0.0000
vt 0.1076 0.0000
vt 0.0856 0.0800
vt -0.0099 0.0803
vt 0.0000 0.0000
vt 0.0956 0.0000
vt 0.0738 0.0745
vt -0.0061 0.0807
vt 0.0000 0.0000
vt 0.1076 0.0000
vt 0.0791 0.0808
vt -0.0166 0.0813
vt 0.0000 0.0000
vt 0.0957 -0.0000
vt 0.0709 0.0865
vt -0.0175 0.0805
vt 0.0000 0.0000
vt 0.0760 0.0000
vt 0.0866 0.1324
vt 0.0086 0.1461
vt 0.0000 0.0000
vt 0.0799 -0.0000
vt 0.0713 0.1325
vt -0.0053 0.1463
vt 0.0000 0.0000
vt 0.0760 0.0000
vt 0.0821 0.1203
vt 0.0121 0.1327
vt 0.0000 0.0000
vt 0.0753 0.0000
vt 0.0691 0.1213
vt -0.0099 0.1329
vt 0.0000 0.0000
vt 0.0811 0.0000
vt 0.0931 0.0845
vt 0.0182 0.1013
vt 0.0000 0.0000
vt 0.0768 0.0000
vt 0.0665 0.0850
vt -0.0047 0.1028
vt 0.0000 0.0000
vt 0.0811 -0.0000
vt 0.0871 0.0675
vt 0.0110 0.0847
vt 0.0000 0.0000
vt 0.0784 -0.0000
vt 0.0641 0.0642
vt -0.0030 0.0864
vt 0.0000 0.0000
vt 0.0666 0.0000
vt 0.0661 0.0848
vt -0.0108 0.0891
vt 0.0000 0.0000
vt 0.0771 -0.0000
vt 0.0705 0.0834
vt -0.0178 0.0880
vt 0.0000 0.0000
vt 0.0666 0.0000
vt 0.0749 0.0792
vt -0.0025 0.0847
vt 0.0000 0.0000
vt 0.0779 0.0000
vt 0.0805 0.0795
vt -0.0061 0.0837
vt 0.0000 0.0000
vt 0.1029 -0.0000
vt 0.0501 0.1143
vt -0.0318 0.1017
vt 0.0000 0.0000
vt 0.0834 0.0000
vt 0.0479 0.1200
vt -0.0170 0.1052
vt 0.0000 0.0000
vt 0.1029 0.0000
vt 0.0300 0.1241
vt -0.0517 0.1151
vt 0.0000 0.0000
vt 0.0846 0.0000
vt 0.0288 0.1341
vt -0.0338 0.1205
vt 0.0000 0.0000
vt 0.0896 0.0000
vt 0.0549 0.0686
vt -0.0454 0.0516
vt 0.0000 0.0000
vt 0.1045 0.0000
vt 0.0860 0.0720
vt -0.0361 0.0585
vt 0.0000 0.0000
vt 0.0896 -0.0000
vt 0.0775 0.0843
vt -0.0241 0.0767
vt 0.0000 0.0000
vt 0.1043 0.0000
vt 0.1033 0.0865
vt -0.0185 0.0724
vt 0.0000 0.0000
vt 0.2135 0.0000
vt 0.2084 0.1639
vt -0.0062 0.1454
vt 0.0000 0.0000
vt 0.2271 0.0000
vt 0.2481 0.1650
vt 0.0073 0.1454
vt 0.0000 0.0000
vt 0.2135 -0.0000
vt 0.2388 0.1980
vt 0.0139 0.1785
vt 0.0000 0.0000
vt 0.2259 -0.0000
vt 0.2659 0.1858
vt 0.0208 0.1650
vt 0.0000 0.0000
vt 0.1799 0.0000
vt 0.1469 0.2325
vt -0.0266 0.2451
vt 0.0000 0.0000
vt 0.1741 0.0000
vt 0.1213 0.2295
vt -0.0455 0.2423
vt 0.0000 0.0000
vt 0.1799 0.0000
vt 0.1390 0.2197
vt -0.0343 0.2324
vt 0.0000 0.0000
vt 0.1737 0.0000
vt 0.1166 0.2113
vt -0.0494 0.2312
vt 0.0000 0.0000
vt 0.1486 0.0000
vt 0.0937 0.1822
vt -0.0616 0.1566
vt 0.0000 0.0000
vt 0.1602 -0.0000
vt 0.1414 0.1891
vt -0.0346 0.1647
vt 0.0000 0.0000
vt 0.1486 0.0000
vt 0.1180 0.2151
vt -0.0436 0.1876
vt 0.0000 0.0000
vt 0.1639 0.0000
vt 0.1640 0.2114
vt -0.0097 0.1937
vt 0.0000 0.0000
vt 0.1862 -0.0000
vt 0.1537 0.1774
vt -0.0434 0.1923
vt 0.0000 0.0000
vt 0.1978 0.0000
vt 0.1525 0.1773
vt -0.0576 0.1885
vt 0.0000 0.0000
vt 0.1862 -0.0000
vt 0.1657 0.1627
vt -0.0327 0.1775
vt 0.0000 0.0000
vt 0.2013 0.0000
vt 0.1784 0.1709
vt -0.0348 0.1847
vt 0.0000 0.0000
vt 0.1687 0.0000
vt 0.1457 0.2256
vt -0.0311 0.2093
vt 0.0000 0.0000
vt 0.1796 0.0000
vt 0.1818 0.2285
vt -0.0064 0.2115
vt 0.0000 0.0000
vt 0.1687 -0.0000
vt 0.1467 0.2470
vt -0.0251 0.2270
vt 0.0000 0.0000
vt 0.1780 0.0000
vt 0.1840 0.2439
vt 0.0014 0.2285
vt 0.0000 0.0000
vt 0.2456 0.0000
vt 0.2474 0.2046
vt 0.0294 0.2137
vt 0.0000 0.0000
vt 0.2355 -0.0000
vt 0.2403 0.2032
vt 0.0189 0.2148
vt 0.0000 0.0000
vt 0.2456 0.0000
vt 0.2381 0.2019
vt 0.0155 0.2224
vt 0.0000 0.0000
vt 0.2246 0.0000
vt 0.1978 0.2023
vt -0.0013 0.2045
vt 0.0000 0.0000
vt 0.1105 0.0000
vt 0.1153 0.1535
vt 0.0094 0.1472
vt 0.0000 0.0000
vt 0.1066 -0.0000
vt 0.1209 0.1525
vt 0.0175 0.1464
vt 0.0000 0.0000
vt 0.1105 0.0000
vt 0.1104 0.1598
vt 0.0045 0.1538
vt 0.0000 0.0000
vt 0.1060 0.0000
vt 0.1149 0.1599
vt 0.0133 0.1530
vt 0.0000 0.0000
vt 0.1361 -0.0000
vt 0.1398 0.0909
vt 0.0074 0.0897
vt 0.0000 0.0000
vt 0.1328 0.0000
vt 0.1394 0.0921
vt 0.0094 0.0896
vt 0.0000 0.0000
vt 0.1361 -0.0000
vt 0.1351 0.0947
vt 0.0035 0.0916
vt 0.0000 0.0000
vt 0.1340 0.0000
vt 0.1372 0.0942
vt 0.0076 0.0927
vt 0.0000 0.0000
vt 0.1476 0.0000
vt 0.1438 0.0570
vt 0.0028 0.0675
vt 0.0000 0.0000
vt 0.1414 0.0000
vt 0.1335 0.0563
vt -0.0020 0.0675
vt 0.0000 0.0000
vt 0.1476 0.0000
vt 0.1377 0.0466
vt -0.0035 0.0570
vt 0.0000 0.0000
vt 0.1416 0.0000
vt 0.1276 0.0451
vt -0.0077 0.0565
vt 0.0000 0.0000
vt 0.0864 -0.0000
vt 0.1103 0.1430
vt 0.0318 0.1569
vt 0.0000 0.0000
vt 0.0797 -0.0000
vt 0.0783 0.1449
vt 0.0039 0.1600
vt 0.0000 0.0000
vt 0.0864 0.0000
vt 0.1024 0.1290
vt 0.0240 0.1430
vt 0.0000 0.0000
vt 0.0797 0.0000
vt 0.0729 0.1299
vt -0.0015 0.1449
vt 0.0000 0.0000
vt 0.0677 0.0000
vt 0.0931 0.0963
vt 0.0180 0.1091
vt 0.0000 0.0000
vt 0.0762 0.0000
vt 0.0854 0.0989
vt -0.0011 0.1106
vt 0.0000 0.0000
vt 0.0677 0.0000
vt 0.0989 0.0845
vt 0.0248 0.0965
vt 0.0000 0.0000
vt 0.0762 -0.0000
vt 0.0939 0.0873
vt 0.0092 0.0994
vt 0.0000 0.0000
vt 0.1034 0.0000
vt 0.1074 0.0618
vt 0.0107 0.0463
vt 0.0000 0.0000
vt 0.0981 0.0000
vt 0.1123 0.0588
vt 0.0181 0.0440
vt 0.0000 0.0000
vt 0.1034 0.0000
vt 0.1020 0.0740
vt 0.0062 0.0619
vt 0.0000 0.0000
vt 0.0983 0.0000
vt 0.1087 0.0753
vt 0.0139 0.0601
vt 0.0000 0.0000
vt 0.0879 0.0000
vt 0.0810 0.1921
vt -0.0021 0.1884
vt 0.0000 0.0000
vt 0.0846 0.0000
vt 0.0887 0.1927
vt 0.0091 0.1882
vt 0.0000 0.0000
vt 0.0879 0.0000
vt 0.0763 0.1971
vt -0.0068 0.1927
vt 0.0000 0.0000
vt 0.0832 -0.0000
vt 0.0817 0.1978
vt 0.0032 0.1928
vt 0.0000 0.0000
vt 0.2039 0.0000
vt 0.2071 0.0976
vt 0.0061 0.0986
vt 0.0000 0.0000
vt 0.2010 0.0000
vt 0.2033 0.0979
vt 0.0056 0.0986
vt 0.0000 0.0000
vt 0.2039 -0.0000
vt 0.2042 0.0966
vt 0.0031 0.0976
vt 0.0000 0.0000
vt 0.2012 0.0000
vt 0.2011 0.0960
vt 0.0036 0.0992
vt 0.0000 0.0000
vt 0.1883 -0.0000
vt 0.1948 0.0501
vt -0.0012 0.0459
vt 0.0000 0.0000
vt 0.1966 0.0000
vt 0.2039 0.0504
vt 0.0005 0.0459
vt 0.0000 0.0000
vt 0.1883 0.0000
vt 0.2018 0.0594
vt 0.0062 0.0523
vt 0.0000 0.0000
vt 0.1959 0.0000
vt 0.2115 0.0554
vt 0.0076 0.0512
vt 0.0000 0.0000
vt 0.0442 0.0000
vt 0.0657 0.1966
vt 0.0197 0.1969
vt 0.0000 0.0000
vt 0.0462 0.0000
vt 0.0666 0.1961
vt 0.0183 0.1971
vt 0.0000 0.0000
vt 0.0442 0.0000
vt 0.0707 0.1964
vt 0.0234 0.1964
vt 0.0000 0.0000
vt 0.0484 0.0000
vt 0.0737 0.1960
vt 0.0214 0.1965
vt 0.0000 0.0000
vt 0.0458 -0.0000
vt 0.0196 0.0895
vt -0.0249 0.0843
vt 0.0000 0.0000
vt 0.0450 0.0000
vt 0.0277 0.0917
vt -0.0148 0.0866
vt 0.0000 0.0000
vt 0.0458 0.0000
vt 0.0183 0.0942
vt -0.0266 0.0895
vt 0.0000 0.0000
vt 0.0474 0.0000
vt 0.0302 0.0961
vt -0.0111 0.0933
vt 0.0000 0.0000
vt 0.0801 0.0000
vt 0.0954 0.0512
vt 0.0077 0.0596
vt 0.0000 0.0000
vt 0.0886 0.0000
vt 0.1005 0.0534
vt 0.0036 0.0600
vt 0.0000 0.0000
vt 0.0801 0.0000
vt 0.1025 0.0460
vt 0.0152 0.0521
vt 0.0000 0.0000
vt 0.0888 0.0000
vt 0.1081 0.0460
vt 0.0120 0.0534
vt 0.0000 0.0000
vt 0.1131 -0.0000
vt 0.1441 0.2005
vt 0.0427 0.2033
vt 0.0000 0.0000
vt 0.1033 0.0000
vt 0.1288 0.2017
vt 0.0398 0.2039
vt 0.0000 0.0000
vt 0.1131 -0.0000
vt 0.1318 0.1993
vt 0.0306 0.2015
vt 0.0000 0.0000
vt 0.1013 -0.0000
vt 0.1156 0.1994
vt 0.0272 0.2017
vt 0.0000 0.0000
vt 0.2272 0.0000
vt 0.2098 0.0909
vt -0.0070 0.0844
vt 0.0000 0.0000
vt 0.2169 0.0000
vt 0.2022 0.0913
vt -0.0046 0.0846
vt 0.0000 0.0000
vt 0.2272 -0.0000
vt 0.1992 0.0978
vt -0.0175 0.0909
vt 0.0000 0.0000
vt 0.2170 -0.0000
vt 0.1923 0.0977
vt -0.0148 0.0913
vt 0.0000 0.0000
vt 0.2075 0.0000
vt 0.2193 0.0369
vt 0.0026 0.0331
vt 0.0000 0.0000
vt 0.2170 -0.0000
vt 0.2302 0.0378
vt 0.0033 0.0330
vt 0.0000 0.0000
vt 0.2075 -0.0000
vt 0.2281 0.0472
vt 0.0116 0.0384
vt 0.0000 0.0000
vt 0.2174 0.0000
vt 0.2405 0.0447
vt 0.0135 0.0393
vt 0.0000 0.0000
vt 0.0658 -0.0000
vt 0.0131 0.1965
vt -0.0457 0.1952
vt 0.0000 0.0000
vt 0.0589 -0.0000
vt 0.0111 0.1975
vt -0.0405 0.1963
vt 0.0000 0.0000
vt 0.0658 0.0000
vt 0.0064 0.1985
vt -0.0526 0.1965
vt 0.0000 0.0000
vt 0.0611 0.0000
vt 0.0097 0.2001
vt -0.0463 0.1980
vt 0.0000 0.0000
vt 0.0332 0.0000
vt 0.0529 0.0944
vt 0.0094 0.1129
vt 0.0000 0.0000
vt 0.0486 -0.0000
vt 0.0322 0.0954
vt -0.0304 0.1092
vt 0.0000 0.0000
vt 0.0332 0.0000
vt 0.0611 0.0785
vt 0.0191 0.0952
vt 0.0000 0.0000
vt 0.0475 0.0000
vt 0.0488 0.0836
vt -0.0171 0.0955
vt 0.0000 0.0000
vt 0.0899 0.0000
vt 0.0812 0.0458
vt -0.0125 0.0508
vt 0.0000 0.0000
vt 0.0945 0.0000
vt 0.0852 0.0464
vt -0.0145 0.0503
vt 0.0000 0.0000
vt 0.0899 0.0000
vt 0.0798 0.0477
vt -0.0104 0.0468
vt 0.0000 0.0000
vt 0.0951 0.0000
vt 0.0930 0.0476
vt -0.0088 0.0476
vt 0.0000 0.0000
vt 0.0452 -0.0000
vt 0.0464 0.1570
vt -0.0021 0.1579
vt 0.0000 0.0000
vt 0.0485 -0.0000
vt 0.0455 0.1570
vt -0.0064 0.1578
vt 0.0000 0.0000
vt 0.0452 -0.0000
vt 0.0475 0.1564
vt -0.0004 0.1571
vt 0.0000 0.0000
vt 0.0483 -0.0000
vt 0.0493 0.1556
vt -0.0023 0.1571
vt 0.0000 0.0000
vt 0.1324 0.0000
vt 0.1500 0.0457
vt 0.0082 0.0646
vt 0.0000 0.0000
vt 0.1435 0.0000
vt 0.1545 0.0478
vt 0.0000 0.0652
vt 0.0000 0.0000
vt 0.1324 0.0000
vt 0.1590 0.0274
vt 0.0172 0.0471
vt 0.0000 0.0000
vt 0.1432 0.0000
vt 0.1646 0.0299
vt 0.0115 0.0480
vt 0.0000 0.0000
vt 0.1579 -0.0000
vt 0.1587 0.0638
vt 0.0157 0.0719
vt 0.0000 0.0000
vt 0.1445 0.0000
vt 0.1460 0.0681
vt 0.0133 0.0724
vt 0.0000 0.0000
vt 0.1579 0.0000
vt 0.1461 0.0648
vt 0.0017 0.0668
vt 0.0000 0.0000
vt 0.1460 0.0000
vt 0.1340 0.0625
vt 0.0035 0.0713
vt 0.0000 0.0000
vt 0.0652 -0.0000
vt 0.0867 0.1549
vt 0.0195 0.1554
vt 0.0000 0.0000
vt 0.0686 0.0000
vt 0.0880 0.1544
vt 0.0160 0.1558
vt 0.0000 0.0000
vt 0.0652 0.0000
vt 0.0926 0.1534
vt 0.0247 0.1551
vt 0.0000 0.0000
vt 0.0680 -0.0000
vt 0.0916 0.1525
vt 0.0201 0.1543
vt 0.0000 0.0000
vt 0.0734 -0.0000
vt 0.0681 0.0544
vt 0.0006 0.0449
vt 0.0000 0.0000
vt 0.0683 0.0000
vt 0.0707 0.0553
vt 0.0067 0.0444
vt 0.0000 0.0000
vt 0.0734 -0.0000
vt 0.0628 0.0642
vt -0.0048 0.0546
vt 0.0000 0.0000
vt 0.0684 -0.0000
vt 0.0668 0.0632
vt 0.0033 0.0560
vt 0.0000 0.0000
vt 0.0534 0.0000
vt 0.0586 0.0660
vt 0.0148 0.0645
vt 0.0000 0.0000
vt 0.0445 0.0000
vt 0.0567 0.0650
vt 0.0176 0.0638
vt 0.0000 0.0000
vt 0.0534 0.0000
vt 0.0440 0.0695
vt 0.0037 0.0665
vt 0.0000 0.0000
vt 0.0423 0.0000
vt 0.0432 0.0729
vt 0.0096 0.0675
vt 0.0000 0.0000
vt 0.0834 0.0000
vt 0.0898 0.1218
vt -0.0026 0.1271
vt 0.0000 0.0000
vt 0.0927 0.0000
vt 0.0926 0.1221
vt -0.0097 0.1267
vt 0.0000 0.0000
vt 0.0834 -0.0000
vt 0.0993 0.1167
vt 0.0069 0.1220
vt 0.0000 0.0000
vt 0.0927 -0.0000
vt 0.1023 0.1174
vt -0.0001 0.1221
vt 0.0000 0.0000
vt 0.1227 0.0000
vt 0.1238 0.0918
vt -0.0025 0.0947
vt 0.0000 0.0000
vt 0.1273 0.0000
vt 0.1275 0.0920
vt -0.0045 0.0946
vt 0.0000 0.0000
vt 0.1227 -0.0000
vt 0.1287 0.0910
vt 0.0019 0.0929
vt 0.0000 0.0000
vt 0.1270 -0.0000
vt 0.1321 0.0906
vt 0.0001 0.0923
vt 0.0000 0.0000
vt 0.1271 0.0000
vt 0.1283 0.0349
vt 0.0037 0.0323
vt 0.0000 0.0000
vt 0.1249 -0.0000
vt 0.1270 0.0331
vt 0.0053 0.0321
vt 0.0000 0.0000
vt 0.1271 0.0000
vt 0.1258 0.0403
vt 0.0012 0.0358
vt 0.0000 0.0000
vt 0.1247 0.0000
vt 0.1246 0.0423
vt 0.0023 0.0364
vt 0.0000 0.0000
vt 0.0539 -0.0000
vt 0.0472 0.1242
vt 0.0011 0.1182
vt 0.0000 0.0000
vt 0.0468 0.0000
vt 0.0546 0.1231
vt 0.0181 0.1168
vt 0.0000 0.0000
vt 0.0539 -0.0000
vt 0.0404 0.1311
vt -0.0064 0.1243
vt 0.0000 0.0000
vt 0.0516 0.0000
vt 0.0594 0.1315
vt 0.0176 0.1246
vt 0.0000 0.0000
vt 0.0321 0.0000
vt 0.0196 0.0867
vt -0.0207 0.0807
vt 0.0000 0.0000
vt 0.0421 -0.0000
vt 0.0448 0.0878
vt -0.0079 0.0830
vt 0.0000 0.0000
vt 0.0321 -0.0000
vt 0.0279 0.0934
vt -0.0112 0.0875
vt 0.0000 0.0000
vt 0.0432 -0.0000
vt 0.0575 0.0934
vt 0.0032 0.0881
vt 0.0000 0.0000
vt 0.1026 0.0000
vt 0.0944 0.0414
vt -0.0022 0.0412
vt 0.0000 0.0000
vt 0.0970 0.0000
vt 0.0877 0.0401
vt -0.0032 0.0411
vt 0.0000 0.0000
vt 0.1026 0.0000
vt 0.0882 0.0410
vt -0.0084 0.0422
vt 0.0000 0.0000
vt 0.0966 0.0000
vt 0.0816 0.0359
vt -0.0086 0.0402
vt 0.0000 0.0000
vt 0.0927 0.0000
vt 0.1017 0.1164
vt 0.0064 0.1152
vt 0.0000 0.0000
vt 0.0954 0.0000
vt 0.1058 0.1161
vt 0.0077 0.1151
vt 0.0000 0.0000
vt 0.0927 0.0000
vt 0.1047 0.1174
vt 0.0093 0.1164
vt 0.0000 0.0000
vt 0.0954 -0.0000
vt 0.1086 0.1170
vt 0.0105 0.1161
vt 0.0000 0.0000
vt 0.1307 0.0000
vt 0.1253 0.1018
vt -0.0049 0.0991
vt 0.0000 0.0000
vt 0.1307 -0.0000
vt 0.1278 0.1020
vt -0.0027 0.0992
vt 0.0000 0.0000
vt 0.1307 -0.0000
vt 0.1253 0.1036
vt -0.0046 0.1024
vt 0.0000 0.0000
vt 0.1311 0.0000
vt 0.1284 0.1049
vt -0.0026 0.1021
vt 0.0000 0.0000
vt 0.1155 0.0000
vt 0.1211 0.0356
vt -0.0014 0.0404
vt 0.0000 0.0000
vt 0.1228 0.0000
vt 0.1273 0.0354
vt -0.0030 0.0403
vt 0.0000 0.0000
vt 0.1155 0.0000
vt 0.1280 0.0305
vt 0.0059 0.0359
vt 0.0000 0.0000
vt 0.1230 0.0000
vt 0.1353 0.0318
vt 0.0051 0.0373
vt 0.0000 0.0000
vt 0.0389 -0.0000
vt 0.0145 0.1220
vt -0.0188 0.1166
vt 0.0000 0.0000
vt 0.0345 -0.0000
vt 0.0298 0.1240
vt -0.0011 0.1181
vt 0.0000 0.0000
vt 0.0389 0.0000
vt 0.0092 0.1273
vt -0.0242 0.1223
vt 0.0000 0.0000
vt 0.0339 -0.0000
vt 0.0237 0.1302
vt -0.0052 0.1241
vt 0.0000 0.0000
vt 0.0404 0.0000
vt 0.0453 0.0958
vt 0.0059 0.0925
vt 0.0000 0.0000
vt 0.0396 0.0000
vt 0.0513 0.0948
vt 0.0141 0.0916
vt 0.0000 0.0000
vt 0.0404 0.0000
vt 0.0447 0.0991
vt 0.0051 0.0958
vt 0.0000 0.0000
vt 0.0398 0.0000
vt 0.0525 0.0981
vt 0.0147 0.0955
vt 0.0000 0.0000
vt 0.0985 0.0000
vt 0.0948 0.0323
vt -0.0069 0.0343
vt 0.0000 0.0000
vt 0.1017 -0.0000
vt 0.0972 0.0322
vt -0.0076 0.0342
vt 0.0000 0.0000
vt 0.0985 0.0000
vt 0.0979 0.0302
vt -0.0037 0.0323
vt 0.0000 0.0000
vt 0.1017 0.0000
vt 0.1002 0.0287
vt -0.0041 0.0325
vt 0.0000 0.0000
vt 0.0926 0.0000
vt 0.0935 0.1664
vt 0.0107 0.1722
vt 0.0000 0.0000
vt 0.0837 0.0000
vt 0.0781 0.1668
vt 0.0002 0.1725
vt 0.0000 0.0000
vt 0.0926 0.0000
vt 0.0799 0.1628
vt -0.0000 0.1668
vt 0.0000 0.0000
vt 0.0869 0.0000
vt 0.0775 0.1638
vt -0.0020 0.1684
vt 0.0000 0.0000
vt 0.1704 0.0000
vt 0.1739 0.0726
vt -0.0053 0.0679
vt 0.0000 0.0000
vt 0.1796 0.0000
vt 0.1845 0.0722
vt -0.0038 0.0680
vt 0.0000 0.0000
vt 0.1704 -0.0000
vt 0.1817 0.0806
vt 0.0030 0.0734
vt 0.0000 0.0000
vt 0.1795 0.0000
vt 0.1939 0.0760
vt 0.0049 0.0722
vt 0.0000 0.0000
vt 0.1725 -0.0000
vt 0.1632 0.0510
vt -0.0043 0.0285
vt 0.0000 0.0000
vt 0.1702 0.0000
vt 0.1691 0.0510
vt -0.0006 0.0288
vt 0.0000 0.0000
vt 0.1725 -0.0000
vt 0.1592 0.0732
vt -0.0086 0.0547
vt 0.0000 0.0000
vt 0.1693 0.0000
vt 0.1650 0.0775
vt -0.0024 0.0525
vt 0.0000 0.0000
vt 0.0639 0.0000
vt 0.0585 0.1764
vt 0.0014 0.1656
vt 0.0000 0.0000
vt 0.0596 -0.0000
vt 0.0908 0.1744
vt 0.0336 0.1622
vt 0.0000 0.0000
vt 0.0639 0.0000
vt 0.0522 0.1887
vt -0.0053 0.1769
vt 0.0000 0.0000
vt 0.0598 0.0000
vt 0.0849 0.1866
vt 0.0314 0.1747
vt 0.0000 0.0000
vt 0.0289 0.0000
vt 0.0442 0.0769
vt 0.0014 0.0925
vt 0.0000 0.0000
vt 0.0458 -0.0000
vt 0.0348 0.0779
vt -0.0289 0.0879
vt 0.0000 0.0000
vt 0.0289 0.0000
vt 0.0561 0.0622
vt 0.0150 0.0770
vt 0.0000 0.0000
vt 0.0462 0.0000
vt 0.0508 0.0667
vt -0.0106 0.0779
vt 0.0000 0.0000
vt 0.0810 -0.0000
vt 0.0948 0.0629
vt 0.0178 0.0747
vt 0.0000 0.0000
vt 0.0789 0.0000
vt 0.0854 0.0653
vt 0.0073 0.0764
vt 0.0000 0.0000
vt 0.0810 0.0000
vt 0.0932 0.0544
vt 0.0148 0.0640
vt 0.0000 0.0000
vt 0.0799 -0.0000
vt 0.0869 0.0555
vt 0.0074 0.0658
vt 0.0000 0.0000
vt 0.0641 -0.0000
vt 0.0341 0.2210
vt -0.0316 0.2111
vt 0.0000 0.0000
vt 0.0677 0.0000
vt 0.0747 0.2235
vt 0.0025 0.2134
vt 0.0000 0.0000
vt 0.0641 -0.0000
vt 0.0354 0.2322
vt -0.0301 0.2214
vt 0.0000 0.0000
vt 0.0690 -0.0000
vt 0.0777 0.2330
vt 0.0079 0.2236
vt 0.0000 0.0000
vt 0.2276 0.0000
vt 0.2252 0.0606
vt -0.0041 0.0652
vt 0.0000 0.0000
vt 0.2294 -0.0000
vt 0.2261 0.0607
vt -0.0054 0.0651
vt 0.0000 0.0000
vt 0.2276 0.0000
vt 0.2264 0.0551
vt -0.0021 0.0610
vt 0.0000 0.0000
vt 0.2299 -0.0000
vt 0.2292 0.0569
vt -0.0033 0.0608
vt 0.0000 0.0000
vt 0.2136 0.0000
vt 0.2197 0.0549
vt 0.0017 0.0642
vt 0.0000 0.0000
vt 0.2204 0.0000
vt 0.2275 0.0578
vt -0.0003 0.0642
vt 0.0000 0.0000
vt 0.2136 0.0000
vt 0.2286 0.0598
vt 0.0087 0.0628
vt 0.0000 0.0000
vt 0.2202 0.0000
vt 0.2335 0.0528
vt 0.0070 0.0593
vt 0.0000 0.0000
vt 0.0585 0.0000
vt 0.0282 0.2304
vt -0.0253 0.2327
vt 0.0000 0.0000
vt 0.0547 0.0000
vt 0.0206 0.2307
vt -0.0310 0.2320
vt 0.0000 0.0000
vt 0.0585 0.0000
vt 0.0246 0.2291
vt -0.0302 0.2307
vt 0.0000 0.0000
vt 0.0589 0.0000
vt 0.0224 0.2285
vt -0.0273 0.2317
vt 0.0000 0.0000
vt 0.0642 0.0000
vt 0.0409 0.0604
vt -0.0200 0.0609
vt 0.0000 0.0000
vt 0.0613 0.0000
vt 0.0378 0.0601
vt -0.0206 0.0607
vt 0.0000 0.0000
vt 0.0642 0.0000
vt 0.0383 0.0589
vt -0.0224 0.0611
vt 0.0000 0.0000
vt 0.0616 0.0000
vt 0.0343 0.0589
vt -0.0231 0.0603
vt 0.0000 0.0000
vt 0.0726 -0.0000
vt 0.0619 0.0506
vt 0.0012 0.0583
vt 0.0000 0.0000
vt 0.0664 0.0000
vt 0.0536 0.0513
vt -0.0031 0.0582
vt 0.0000 0.0000
vt 0.0726 0.0000
vt 0.0588 0.0483
vt -0.0042 0.0577
vt 0.0000 0.0000
vt 0.0641 0.0000
vt 0.0440 0.0436
vt -0.0120 0.0518
vt 0.0000 0.0000
vt 0.0976 -0.0000
vt 0.1038 0.1849
vt 0.0070 0.1898
vt 0.0000 0.0000
vt 0.0970 -0.0000
vt 0.0942 0.1847
vt -0.0023 0.1899
vt 0.0000 0.0000
vt 0.0976 -0.0000
vt 0.1035 0.1795
vt 0.0071 0.1849
vt 0.0000 0.0000
vt 0.0971 0.0000
vt 0.0939 0.1798
vt -0.0028 0.1848
vt 0.0000 0.0000
vt 0.1946 -0.0000
vt 0.1954 0.0766
vt 0.0064 0.0745
vt 0.0000 0.0000
vt 0.1890 -0.0000
vt 0.1907 0.0766
vt 0.0072 0.0744
vt 0.0000 0.0000
vt 0.1946 -0.0000
vt 0.1899 0.0785
vt 0.0009 0.0766
vt 0.0000 0.0000
vt 0.1890 0.0000
vt 0.1852 0.0786
vt 0.0017 0.0766
vt 0.0000 0.0000
vt 0.1899 0.0000
vt 0.1760 0.0371
vt -0.0161 0.0407
vt 0.0000 0.0000
vt 0.1922 0.0000
vt 0.1777 0.0367
vt -0.0168 0.0404
vt 0.0000 0.0000
vt 0.1899 0.0000
vt 0.1783 0.0330
vt -0.0136 0.0373
vt 0.0000 0.0000
vt 0.1921 0.0000
vt 0.1801 0.0331
vt -0.0145 0.0368
vt 0.0000 0.0000
vt 0.0362 0.0000
vt -0.0238 0.1715
vt -0.0587 0.1701
vt 0.0000 0.0000
vt 0.0349 0.0000
vt -0.0170 0.1741
vt -0.0490 0.1731
vt 0.0000 0.0000
vt 0.0362 -0.0000
vt -0.0247 0.1731
vt -0.0586 0.1720
vt 0.0000 0.0000
vt 0.0340 0.0000
vt -0.0212 0.1751
vt -0.0533 0.1737
vt 0.0000 0.0000
vt 0.0439 -0.0000
vt 0.0734 0.0803
vt 0.0374 0.0901
vt 0.0000 0.0000
vt 0.0389 0.0000
vt 0.0492 0.0856
vt 0.0141 0.0966
vt 0.0000 0.0000
vt 0.0439 -0.0000
vt 0.0673 0.0710
vt 0.0306 0.0807
vt 0.0000 0.0000
vt 0.0380 -0.0000
vt 0.0425 0.0745
vt 0.0090 0.0858
vt 0.0000 0.0000
vt 0.0967 0.0000
vt 0.0996 0.0324
vt 0.0119 0.0335
vt 0.0000 0.0000
vt 0.0877 -0.0000
vt 0.0902 0.0322
vt 0.0116 0.0336
vt 0.0000 0.0000
vt 0.0967 0.0000
vt 0.0906 0.0315
vt 0.0029 0.0324
vt 0.0000 0.0000
vt 0.0877 0.0000
vt 0.0813 0.0315
vt 0.0026 0.0326
vt 0.0000 0.0000
vt 0.0593 0.0000
vt 0.0251 0.2113
vt -0.0316 0.2068
vt 0.0000 0.0000
vt 0.0578 0.0000
vt 0.0442 0.2140
vt -0.0135 0.2088
vt 0.0000 0.0000
vt 0.0593 0.0000
vt 0.0212 0.2165
vt -0.0347 0.2115
vt 0.0000 0.0000
vt 0.0573 -0.0000
vt 0.0415 0.2196
vt -0.0143 0.2142
vt 0.0000 0.0000
vt 0.2371 -0.0000
vt 0.2427 0.0762
vt 0.0123 0.0728
vt 0.0000 0.0000
vt 0.2305 0.0000
vt 0.2372 0.0739
vt 0.0129 0.0727
vt 0.0000 0.0000
vt 0.2371 -0.0000
vt 0.2363 0.0773
vt 0.0059 0.0766
vt 0.0000 0.0000
vt 0.2306 -0.0000
vt 0.2303 0.0777
vt 0.0065 0.0748
vt 0.0000 0.0000
vt 0.2092 -0.0000
vt 0.2092 0.0607
vt -0.0137 0.0645
vt 0.0000 0.0000
vt 0.2231 -0.0000
vt 0.2227 0.0628
vt -0.0145 0.0644
vt 0.0000 0.0000
vt 0.2092 0.0000
vt 0.2232 0.0588
vt 0.0000 0.0614
vt 0.0000 0.0000
vt 0.2233 0.0000
vt 0.2368 0.0592
vt 0.0001 0.0639
vt 0.0000 0.0000
vt 0.0597 0.0000
vt 0.1088 0.2164
vt 0.0569 0.2128
vt 0.0000 0.0000
vt 0.0523 0.0000
vt 0.1157 0.2126
vt 0.0717 0.2082
vt 0.0000 0.0000
vt 0.0597 0.0000
vt 0.1010 0.2200
vt 0.0491 0.2164
vt 0.0000 0.0000
vt 0.0533 -0.0000
vt 0.1094 0.2168
vt 0.0643 0.2125
vt 0.0000 0.0000
vt 0.0660 0.0000
vt 0.0670 0.0641
vt 0.0069 0.0590
vt 0.0000 0.0000
vt 0.0603 0.0000
vt 0.0678 0.0625
vt 0.0112 0.0583
vt 0.0000 0.0000
vt 0.0660 -0.0000
vt 0.0579 0.0704
vt 0.0003 0.0641
vt 0.0000 0.0000
vt 0.0626 0.0000
vt 0.0689 0.0716
vt 0.0098 0.0647
vt 0.0000 0.0000
vt 0.0585 0.0000
vt 0.0797 0.0459
vt 0.0157 0.0589
vt 0.0000 0.0000
vt 0.0666 0.0000
vt 0.0803 0.0493
vt 0.0037 0.0608
vt 0.0000 0.0000
vt 0.0585 0.0000
vt 0.0872 0.0294
vt 0.0247 0.0461
vt 0.0000 0.0000
vt 0.0677 0.0000
vt 0.0918 0.0376
vt 0.0133 0.0494
vt 0.0000 0.0000
vt 0.1084 -0.0000
vt 0.1054 0.1599
vt 0.0028 0.1613
vt 0.0000 0.0000
vt 0.1029 0.0000
vt 0.0984 0.1598
vt 0.0007 0.1613
vt 0.0000 0.0000
vt 0.1084 0.0000
vt 0.1009 0.1582
vt -0.0016 0.1601
vt 0.0000 0.0000
vt 0.1029 -0.0000
vt 0.0932 0.1581
vt -0.0045 0.1599
vt 0.0000 0.0000
vt 0.1715 -0.0000
vt 0.1600 0.0993
vt -0.0022 0.1038
vt 0.0000 0.0000
vt 0.1632 0.0000
vt 0.1498 0.0993
vt -0.0048 0.1038
vt 0.0000 0.0000
vt 0.1715 0.0000
vt 0.1526 0.0957
vt -0.0101 0.1009
vt 0.0000 0.0000
vt 0.1629 0.0000
vt 0.1414 0.0950
vt -0.0132 0.0996
vt 0.0000 0.0000
vt 0.1614 0.0000
vt 0.1690 0.0454
vt 0.0027 0.0435
vt 0.0000 0.0000
vt 0.1665 0.0000
vt 0.1752 0.0457
vt 0.0041 0.0434
vt 0.0000 0.0000
vt 0.1614 -0.0000
vt 0.1734 0.0492
vt 0.0076 0.0460
vt 0.0000 0.0000
vt 0.1663 -0.0000
vt 0.1799 0.0491
vt 0.0086 0.0459
vt 0.0000 0.0000
vt 0.0266 0.0000
vt 0.0641 0.1521
vt 0.0329 0.1552
vt 0.0000 0.0000
vt 0.0314 -0.0000
vt 0.0535 0.1551
vt 0.0171 0.1577
vt 0.0000 0.0000
vt 0.0266 0.0000
vt 0.0689 0.1489
vt 0.0376 0.1521
vt 0.0000 0.0000
vt 0.0314 0.0000
vt 0.0585 0.1524
vt 0.0221 0.1551
vt 0.0000 0.0000
vt 0.0431 -0.0000
vt 0.0364 0.1053
vt 0.0018 0.1082
vt 0.0000 0.0000
vt 0.0349 0.0000
vt 0.0204 0.1046
vt -0.0058 0.1080
vt 0.0000 0.0000
vt 0.0431 -0.0000
vt 0.0279 0.1027
vt -0.0065 0.1054
vt 0.0000 0.0000
vt 0.0345 0.0000
vt 0.0113 0.1012
vt -0.0148 0.1045
vt 0.0000 0.0000
vt 0.0981 -0.0000
vt 0.0899 0.0426
vt -0.0077 0.0510
vt 0.0000 0.0000
vt 0.0981 -0.0000
vt 0.0855 0.0415
vt -0.0116 0.0502
vt 0.0000 0.0000
vt 0.0981 -0.0000
vt 0.0874 0.0352
vt -0.0087 0.0427
vt 0.0000 0.0000
vt 0.0974 0.0000
vt 0.0852 0.0331
vt -0.0123 0.0420
vt 0.0000 0.0000
vt 0.0552 0.0000
vt 0.0489 0.1262
vt -0.0157 0.1222
vt 0.0000 0.0000
vt 0.0669 0.0000
vt 0.0696 0.1267
vt -0.0058 0.1231
vt 0.0000 0.0000
vt 0.0552 -0.0000
vt 0.0581 0.1322
vt -0.0064 0.1273
vt 0.0000 0.0000
vt 0.0648 -0.0000
vt 0.0780 0.1308
vt 0.0026 0.1268
vt 0.0000 0.0000
vt 0.1291 0.0000
vt 0.1402 0.0642
vt 0.0073 0.0680
vt 0.0000 0.0000
vt 0.1342 0.0000
vt 0.1437 0.0645
vt 0.0064 0.0681
vt 0.0000 0.0000
vt 0.1291 0.0000
vt 0.1454 0.0625
vt 0.0121 0.0664
vt 0.0000 0.0000
vt 0.1337 0.0000
vt 0.1488 0.0624
vt 0.0109 0.0665
vt 0.0000 0.0000
vt 0.1231 0.0000
vt 0.1196 0.0280
vt -0.0057 0.0345
vt 0.0000 0.0000
vt 0.1260 0.0000
vt 0.1210 0.0276
vt -0.0075 0.0342
vt 0.0000 0.0000
vt 0.1231 0.0000
vt 0.1217 0.0262
vt -0.0035 0.0307
vt 0.0000 0.0000
vt 0.1255 0.0000
vt 0.1234 0.0210
vt -0.0050 0.0276
vt 0.0000 0.0000
vt 0.0460 0.0000
vt 0.0406 0.1346
vt 0.0065 0.1322
vt 0.0000 0.0000
vt 0.0371 0.0000
vt 0.0427 0.1348
vt 0.0161 0.1314
vt 0.0000 0.0000
vt 0.0460 0.0000
vt 0.0335 0.1376
vt -0.0018 0.1355
vt 0.0000 0.0000
vt 0.0359 0.0000
vt 0.0325 0.1380
vt 0.0063 0.1348
vt 0.0000 0.0000
vt 0.0350 0.0000
vt 0.0044 0.0524
vt -0.0333 0.0441
vt 0.0000 0.0000
vt 0.0391 0.0000
vt 0.0221 0.0589
vt -0.0224 0.0505
vt 0.0000 0.0000
vt 0.0350 0.0000
vt 0.0078 0.0620
vt -0.0303 0.0529
vt 0.0000 0.0000
vt 0.0395 0.0000
vt 0.0287 0.0675
vt -0.0160 0.0594
vt 0.0000 0.0000
vt 0.0766 -0.0000
vt 0.0747 0.0238
vt 0.0046 0.0266
vt 0.0000 0.0000
vt 0.0710 -0.0000
vt 0.0690 0.0239
vt 0.0048 0.0266
vt 0.0000 0.0000
vt 0.0766 0.0000
vt 0.0693 0.0251
vt -0.0011 0.0265
vt 0.0000 0.0000
vt 0.0707 -0.0000
vt 0.0638 0.0279
vt -0.0014 0.0264
vt 0.0000 0.0000
vt 0.1587 -0.0000
vt 0.1597 0.0749
vt 0.0011 0.0749
vt 0.0000 0.0000
vt 0.1412 0.0000
vt 0.1423 0.0750
vt 0.0011 0.0749
vt 0.0000 0.0000
vt 0.1433 -0.0000
vt 0.1447 0.0751
vt 0.0014 0.0750
vt 0.0000 0.0000
vt 0.0930 0.0000
vt 0.0938 0.0751
vt 0.0009 0.0751
vt 0.0000 0.0000
vt 0.1175 0.0000
vt 0.1156 0.0750
vt -0.0019 0.0751
vt 0.0000 0.0000
vt 0.0644 0.0000
vt 0.0637 0.0750
vt -0.0008 0.0750
vt 0.0000 0.0000
vt 0.2178 0.0000
vt 0.2177 0.0750
vt -0.0001 0.0750
vt 0.0000 0.0000
vt 0.1552 0.0000
vt 0.1539 0.0749
vt -0.0012 0.0750
vt 0.0000 0.0000
vt 0.0784 0.0000
vt 0.0765 0.0748
vt -0.0019 0.0749
vt 0.0000 0.0000
vt 0.1840 0.0000
vt 0.1820 0.0747
vt -0.0021 0.0748
vt 0.0000 0.0000
vt 0.0664 0.0000
vt 0.0649 0.0747
vt -0.0015 0.0747
vt 0.0000 0.0000
vt 0.1417 0.0000
vt 0.1428 0.0747
vt 0.0011 0.0747
vt 0.0000 0.0000
vt 0.1440 0.0000
vt 0.1454 0.0748
vt 0.0014 0.0747
vt 0.0000 0.0000
vt 0.1289 0.0000
vt 0.1302 0.0749
vt 0.0013 0.0748
vt 0.0000 0.0000
vt 0.1374 0.0000
vt 0.1392 0.0750
vt 0.0019 0.0749
vt 0.0000 0.0000
vt 0.1178 0.0000
vt 0.1194 0.0751
vt 0.0016 0.0750
vt 0.0000 0.0000
vt 0.1608 0.0000
vt 0.1608 0.0751
vt -0.0000 0.0751
vt 0.0000 0.0000
vt 0.1999 -0.0000
vt 0.2000 0.0751
vt 0.0000 0.0751
vt 0.0000 0.0000
vt 0.2200 0.0000
vt 0.2186 0.0749
vt -0.0014 0.0751
vt 0.0000 0.0000
vt 0.1322 0.0000
vt 0.1295 0.0748
vt -0.0027 0.0749
vt 0.0000 0.0000
vt 0.0933 -0.0000
vt 0.0932 0.0748
vt -0.0001 0.0748
vt 0.0000 0.0000
vt 0.1239 -0.0000
vt 0.1243 0.0748
vt 0.0004 0.0748
vt 0.0000 0.0000
vt 0.1522 0.0000
vt 0.1531 0.0749
vt 0.0009 0.0748
vt 0.0000 0.0000
vt 0.1587 0.0000
vt 0.1877 0.0720
vt 0.0893 0.0720
vt 0.0000 0.0000
vt 0.1587 0.0000
vt 0.0694 0.0720
vt -0.0290 0.0720
vt 0.0000 0.0000
vt 0.1412 0.0000
vt 0.0797 0.0772
vt -0.0078 0.0772
vt 0.0000 0.0000
vt 0.1412 0.0000
vt 0.1490 0.0772
vt 0.0615 0.0772
vt 0.0000 0.0000
vt 0.1433 0.0000
vt 0.0445 0.0881
vt -0.0444 0.0881
vt 0.0000 0.0000
vt 0.1433 0.0000
vt 0.1877 0.0882
vt 0.0989 0.0882
vt 0.0000 0.0000
vt 0.0930 -0.0000
vt -0.0027 0.1179
vt -0.0603 0.1179
vt 0.0000 0.0000
vt 0.0930 0.0000
vt 0.1533 0.1180
vt 0.0956 0.1180
vt 0.0000 0.0000
vt 0.1175 -0.0000
vt 0.2073 0.0705
vt 0.1345 0.0705
vt 0.0000 0.0000
vt 0.1175 0.0000
vt -0.0170 0.0705
vt -0.0898 0.0705
vt 0.0000 0.0000
vt 0.0644 0.0000
vt 0.0133 0.1110
vt -0.0267 0.1110
vt 0.0000 0.0000
vt 0.0644 -0.0000
vt 0.0911 0.1110
vt 0.0512 0.1110
vt 0.0000 0.0000
vt 0.2178 -0.0000
vt 0.0270 0.0571
vt -0.1080 0.0571
vt 0.0000 0.0000
vt 0.2178 0.0000
vt 0.3259 0.0572
vt 0.1908 0.0572
vt 0.0000 0.0000
vt 0.1552 -0.0000
vt 0.2735 0.0907
vt 0.1773 0.0907
vt 0.0000 0.0000
vt 0.1552 -0.0000
vt -0.0222 0.0907
vt -0.1184 0.0907
vt 0.0000 0.0000
vt 0.0784 -0.0000
vt -0.0236 0.1305
vt -0.0722 0.1305
vt 0.0000 0.0000
vt 0.0784 0.0000
vt 0.1506 0.1305
vt 0.1020 0.1305
vt 0.0000 0.0000
vt 0.1840 -0.0000
vt -0.0349 0.0724
vt -0.1490 0.0724
vt 0.0000 0.0000
vt 0.1840 0.0000
vt 0.3330 0.0725
vt 0.2189 0.0724
vt 0.0000 0.0000
vt 0.0664 0.0000
vt 0.0723 0.2285
vt 0.0311 0.2285
vt 0.0000 0.0000
vt 0.0664 0.0000
vt 0.0353 0.2284
vt -0.0059 0.2285
vt 0.0000 0.0000
vt 0.1417 -0.0000
vt 0.2685 0.1400
vt 0.1806 0.1401
vt 0.0000 0.0000
vt 0.1417 -0.0000
vt -0.0389 0.1400
vt -0.1267 0.1400
vt 0.0000 0.0000
vt 0.1440 -0.0000
vt 0.2261 0.1302
vt 0.1369 0.1302
vt 0.0000 0.0000
vt 0.1440 -0.0000
vt 0.0071 0.1302
vt -0.0821 0.1302
vt 0.0000 0.0000
vt 0.1289 -0.0000
vt 0.1168 0.1494
vt 0.0368 0.1494
vt 0.0000 0.0000
vt 0.1289 -0.0000
vt 0.0921 0.1494
vt 0.0122 0.1494
vt 0.0000 0.0000
vt 0.1374 0.0000
vt 0.1135 0.1472
vt 0.0284 0.1472
vt 0.0000 0.0000
vt 0.1374 -0.0000
vt 0.1090 0.1472
vt 0.0239 0.1472
vt 0.0000 0.0000
vt 0.1178 -0.0000
vt 0.1074 0.1451
vt 0.0343 0.1451
vt 0.0000 0.0000
vt 0.1178 0.0000
vt 0.0835 0.1452
vt 0.0105 0.1452
vt 0.0000 0.0000
vt 0.1608 0.0000
vt 0.1835 0.1190
vt 0.0838 0.1190
vt 0.0000 0.0000
vt 0.1608 -0.0000
vt 0.0770 0.1190
vt -0.0227 0.1190
vt 0.0000 0.0000
vt 0.1999 -0.0000
vt 0.0915 0.1167
vt -0.0325 0.1167
vt 0.0000 0.0000
vt 0.1999 -0.0000
vt 0.2324 0.1167
vt 0.1084 0.1167
vt 0.0000 0.0000
vt 0.2200 -0.0000
vt 0.0645 0.1421
vt -0.0718 0.1422
vt 0.0000 0.0000
vt 0.2200 0.0000
vt 0.2918 0.1422
vt 0.1554 0.1422
vt 0.0000 0.0000
vt 0.1322 -0.0000
vt 0.0585 0.2093
vt -0.0234 0.2094
vt 0.0000 0.0000
vt 0.1322 0.0000
vt 0.1554 0.2094
vt 0.0735 0.2094
vt 0.0000 0.0000
vt 0.0933 0.0000
vt 0.2423 0.1233
vt 0.1845 0.1233
vt 0.0000 0.0000
vt 0.0933 0.0000
vt -0.0912 0.1233
vt -0.1491 0.1233
vt 0.0000 0.0000
vt 0.1239 -0.0000
vt 0.2377 0.1075
vt 0.1608 0.1075
vt 0.0000 0.0000
vt 0.1239 -0.0000
vt -0.0369 0.1075
vt -0.1137 0.1075
vt 0.0000 0.0000
vt 0.1522 0.0000
vt 0.2213 0.0916
vt 0.1269 0.0916
vt 0.0000 0.0000
vt 0.1522 0.0000
vt 0.0253 0.0916
vt -0.0691 0.0916
vt 0.0000 0.0000
vt 0.0984 -0.0000
vt 0.1228 0.0606
vt 0.0752 0.0606
vt 0.0000 0.0000
vt 0.0984 0.0000
vt 0.0232 0.0606
vt -0.0244 0.0607
vt 0.0000 0.0000
vt 0.0875 -0.0000
vt 0.0358 0.0650
vt -0.0066 0.0650
vt 0.0000 0.0000
vt 0.0875 -0.0000
vt 0.0941 0.0650
vt 0.0517 0.0651
vt 0.0000 0.0000
vt 0.0889 -0.0000
vt 0.0056 0.0742
vt -0.0373 0.0742
vt 0.0000 0.0000
vt 0.0889 0.0000
vt 0.1262 0.0743
vt 0.0832 0.0743
vt 0.0000 0.0000
vt 0.0576 -0.0000
vt -0.0229 0.0993
vt -0.0508 0.0993
vt 0.0000 0.0000
vt 0.0576 -0.0000
vt 0.1084 0.0993
vt 0.0805 0.0993
vt 0.0000 0.0000
vt 0.0729 0.0000
vt 0.1485 0.0593
vt 0.1132 0.0593
vt 0.0000 0.0000
vt 0.0729 -0.0000
vt -0.0404 0.0594
vt -0.0756 0.0594
vt 0.0000 0.0000
vt 0.0400 -0.0000
vt -0.0031 0.0934
vt -0.0225 0.0935
vt 0.0000 0.0000
vt 0.0400 -0.0000
vt 0.0624 0.0935
vt 0.0431 0.0935
vt 0.0000 0.0000
vt 0.1351 -0.0000
vt -0.0256 0.0481
vt -0.0910 0.0481
vt 0.0000 0.0000
vt 0.1351 0.0000
vt 0.2260 0.0482
vt 0.1607 0.0481
vt 0.0000 0.0000
vt 0.0962 0.0000
vt 0.1959 0.0764
vt 0.1493 0.0764
vt 0.0000 0.0000
vt 0.0962 0.0000
vt -0.0532 0.0764
vt -0.0997 0.0764
vt 0.0000 0.0000
vt 0.0486 -0.0000
vt -0.0373 0.1099
vt -0.0608 0.1099
vt 0.0000 0.0000
vt 0.0486 -0.0000
vt 0.1094 0.1099
vt 0.0859 0.1099
vt 0.0000 0.0000
vt 0.1141 -0.0000
vt -0.0703 0.0609
vt -0.1254 0.0610
vt 0.0000 0.0000
vt 0.1141 0.0000
vt 0.2395 0.0610
vt 0.1843 0.0610
vt 0.0000 0.0000
vt 0.0412 -0.0000
vt 0.0462 0.1924
vt 0.0262 0.1924
vt 0.0000 0.0000
vt 0.0412 0.0000
vt 0.0149 0.1924
vt -0.0050 0.1924
vt 0.0000 0.0000
vt 0.0879 0.0000
vt 0.1946 0.1179
vt 0.1521 0.1179
vt 0.0000 0.0000
vt 0.0879 -0.0000
vt -0.0642 0.1179
vt -0.1067 0.1179
vt 0.0000 0.0000
vt 0.0893 0.0000
vt 0.1584 0.1096
vt 0.1152 0.1096
vt 0.0000 0.0000
vt 0.0893 -0.0000
vt -0.0259 0.1096
vt -0.0691 0.1096
vt 0.0000 0.0000
vt 0.0799 0.0000
vt 0.0697 0.1258
vt 0.0310 0.1258
vt 0.0000 0.0000
vt 0.0799 -0.0000
vt 0.0489 0.1258
vt 0.0103 0.1258
vt 0.0000 0.0000
vt 0.0851 0.0000
vt 0.0651 0.1240
vt 0.0239 0.1240
vt 0.0000 0.0000
vt 0.0851 -0.0000
vt 0.0613 0.1240
vt 0.0201 0.1240
vt 0.0000 0.0000
vt 0.0730 0.0000
vt 0.0643 0.1222
vt 0.0289 0.1222
vt 0.0000 0.0000
vt 0.0730 -0.0000
vt 0.0441 0.1222
vt 0.0088 0.1222
vt 0.0000 0.0000
vt 0.0997 0.0000
vt 0.1188 0.1002
vt 0.0706 0.1002
vt 0.0000 0.0000
vt 0.0997 0.0000
vt 0.0291 0.1002
vt -0.0191 0.1002
vt 0.0000 0.0000
vt 0.1240 0.0000
vt 0.0326 0.0982
vt -0.0273 0.0982
vt 0.0000 0.0000
vt 0.1240 -0.0000
vt 0.1513 0.0983
vt 0.0913 0.0983
vt 0.0000 0.0000
vt 0.1364 -0.0000
vt 0.0055 0.1197
vt -0.0605 0.1197
vt 0.0000 0.0000
vt 0.1364 0.0000
vt 0.1969 0.1197
vt 0.1309 0.1197
vt 0.0000 0.0000
vt 0.0819 0.0000
vt 0.0200 0.1763
vt -0.0197 0.1763
vt 0.0000 0.0000
vt 0.0819 0.0000
vt 0.1015 0.1763
vt 0.0619 0.1763
vt 0.0000 0.0000
vt 0.0578 0.0000
vt 0.1834 0.1038
vt 0.1554 0.1038
vt 0.0000 0.0000
vt 0.0578 -0.0000
vt -0.0975 0.1038
vt -0.1255 0.1038
vt 0.0000 0.0000
vt 0.0768 -0.0000
vt 0.1726 0.0905
vt 0.1354 0.0905
vt 0.0000 0.0000
vt 0.0768 0.0000
vt -0.0586 0.0905
vt -0.0958 0.0905
vt 0.0000 0.0000
vt 0.0944 -0.0000
vt 0.1525 0.0771
vt 0.1069 0.0771
vt 0.0000 0.0000
vt 0.0944 -0.0000
vt -0.0125 0.0771
vt -0.0581 0.0771
vt 0.0000 0.0000
vt 0.0476 0.0000
vt 0.0705 0.0568
vt 0.0000 0.0000
vt 0.0476 0.0000
vt -0.0229 0.0568
vt 0.0000 0.0000
vt 0.0424 -0.0000
vt -0.0061 0.0610
vt 0.0000 0.0000
vt 0.0424 0.0000
vt 0.0485 0.0610
vt 0.0000 0.0000
vt 0.0430 0.0000
vt -0.0350 0.0696
vt 0.0000 0.0000
vt 0.0430 -0.0000
vt 0.0780 0.0696
vt 0.0000 0.0000
vt 0.0279 0.0000
vt -0.0476 0.0931
vt 0.0000 0.0000
vt 0.0279 0.0000
vt 0.0755 0.0931
vt 0.0000 0.0000
vt 0.0352 -0.0000
vt 0.1061 0.0556
vt 0.0000 0.0000
vt 0.0352 0.0000
vt -0.0709 0.0556
vt 0.0000 0.0000
vt 0.0193 -0.0000
vt -0.0211 0.0876
vt 0.0000 0.0000
vt 0.0193 -0.0000
vt 0.0404 0.0876
vt 0.0000 0.0000
vt 0.0653 -0.0000
vt -0.0853 0.0451
vt 0.0000 0.0000
vt 0.0653 0.0000
vt 0.1506 0.0451
vt 0.0000 0.0000
vt 0.0465 -0.0000
vt 0.1400 0.0716
vt 0.0000 0.0000
vt 0.0465 -0.0000
vt -0.0935 0.0716
vt 0.0000 0.0000
vt 0.0235 0.0000
vt -0.0570 0.1030
vt 0.0000 0.0000
vt 0.0235 0.0000
vt 0.0805 0.1030
vt 0.0000 0.0000
vt 0.0552 0.0000
vt -0.1176 0.0571
vt 0.0000 0.0000
vt 0.0552 -0.0000
vt 0.1728 0.0572
vt 0.0000 0.0000
vt 0.0199 0.0000
vt 0.0246 0.1803
vt 0.0000 0.0000
vt 0.0199 -0.0000
vt -0.0047 0.1803
vt 0.0000 0.0000
vt 0.0425 0.0000
vt 0.1426 0.1105
vt 0.0000 0.0000
vt 0.0425 -0.0000
vt -0.1000 0.1105
vt 0.0000 0.0000
vt 0.0432 0.0000
vt 0.1080 0.1028
vt 0.0000 0.0000
vt 0.0432 0.0000
vt -0.0648 0.1028
vt 0.0000 0.0000
vt 0.0387 -0.0000
vt 0.0291 0.1180
vt 0.0000 0.0000
vt 0.0387 -0.0000
vt 0.0096 0.1180
vt 0.0000 0.0000
vt 0.0412 0.0000
vt 0.0224 0.1162
vt 0.0000 0.0000
vt 0.0412 0.0000
vt 0.0188 0.1162
vt 0.0000 0.0000
vt 0.0353 -0.0000
vt 0.0271 0.1146
vt 0.0000 0.0000
vt 0.0353 0.0000
vt 0.0082 0.1146
vt 0.0000 0.0000
vt 0.0482 -0.0000
vt 0.0662 0.0939
vt 0.0000 0.0000
vt 0.0482 0.0000
vt -0.0179 0.0939
vt 0.0000 0.0000
vt 0.0600 -0.0000
vt -0.0256 0.0921
vt 0.0000 0.0000
vt 0.0600 0.0000
vt 0.0856 0.0921
vt 0.0000 0.0000
vt 0.0660 0.0000
vt -0.0568 0.1122
vt 0.0000 0.0000
vt 0.0660 0.0000
vt 0.1228 0.1122
vt 0.0000 0.0000
vt 0.0396 -0.0000
vt -0.0184 0.1653
vt 0.0000 0.0000
vt 0.0396 -0.0000
vt 0.0581 0.1653
vt 0.0000 0.0000
vt 0.0280 0.0000
vt 0.1457 0.0973
vt 0.0000 0.0000
vt 0.0280 0.0000
vt -0.1177 0.0973
vt 0.0000 0.0000
vt 0.0372 -0.0000
vt 0.1270 0.0848
vt 0.0000 0.0000
vt 0.0372 -0.0000
vt -0.0898 0.0848
vt 0.0000 0.0000
vt 0.0457 -0.0000
vt 0.1002 0.0723
vt 0.0000 0.0000
vt 0.0457 0.0000
vt -0.0545 0.0723
vt 0.0000 0.0000
vt 0.0737 -0.0000
vt 0.0728 0.0871
vt -0.0010 0.0871
vt 0.0000 0.0000
vt 0.0910 -0.0000
vt 0.0940 0.0871
vt 0.0029 0.0870
vt 0.0000 0.0000
vt 0.0758 0.0000
vt 0.0773 0.0872
vt 0.0015 0.0872
vt 0.0000 0.0000
vt 0.0995 0.0000
vt 0.1017 0.0873
vt 0.0022 0.0872
vt 0.0000 0.0000
vt 0.0757 -0.0000
vt 0.0773 0.0873
vt 0.0016 0.0873
vt 0.0000 0.0000
vt 0.0727 0.0000
vt 0.0741 0.0874
vt 0.0015 0.0873
vt 0.0000 0.0000
vt 0.0470 -0.0000
vt 0.0479 0.0874
vt 0.0009 0.0874
vt 0.0000 0.0000
vt 0.0487 -0.0000
vt 0.0493 0.0874
vt 0.0005 0.0874
vt 0.0000 0.0000
vt 0.0552 0.0000
vt 0.0549 0.0874
vt -0.0003 0.0874
vt 0.0000 0.0000
vt 0.1297 0.0000
vt 0.1304 0.0874
vt 0.0006 0.0874
vt 0.0000 0.0000
vt 0.0624 -0.0000
vt 0.0614 0.0874
vt -0.0010 0.0874
vt 0.0000 0.0000
vt 0.1176 -0.0000
vt 0.1165 0.0874
vt -0.0011 0.0874
vt 0.0000 0.0000
vt 0.0891 0.0000
vt 0.0874 0.0873
vt -0.0017 0.0873
vt 0.0000 0.0000
vt 0.1000 0.0000
vt 0.0979 0.0872
vt -0.0021 0.0873
vt 0.0000 0.0000
vt 0.0981 -0.0000
vt 0.0971 0.0872
vt -0.0010 0.0872
vt 0.0000 0.0000
vt 0.1024 0.0000
vt 0.0999 0.0871
vt -0.0026 0.0872
vt 0.0000 0.0000
vt 0.0854 0.0000
vt 0.0864 0.0871
vt 0.0010 0.0871
vt 0.0000 0.0000
vt 0.0943 0.0000
vt 0.0956 0.0872
vt 0.0013 0.0871
vt 0.0000 0.0000
vt 0.1001 0.0000
vt 0.1018 0.0872
vt 0.0017 0.0872
vt 0.0000 0.0000
vt 0.0988 -0.0000
vt 0.0999 0.0873
vt 0.0011 0.0872
vt 0.0000 0.0000
vt 0.0927 0.0000
vt 0.0943 0.0873
vt 0.0016 0.0873
vt 0.0000 0.0000
vt 0.0822 0.0000
vt 0.0836 0.0874
vt 0.0015 0.0873
vt 0.0000 0.0000
vt 0.0653 0.0000
vt 0.0666 0.0874
vt 0.0013 0.0874
vt 0.0000 0.0000
vt 0.0664 0.0000
vt 0.0668 0.0874
vt 0.0004 0.0874
vt 0.0000 0.0000
vt 0.0650 0.0000
vt 0.0650 0.0874
vt -0.0000 0.0874
vt 0.0000 0.0000
vt 0.0629 0.0000
vt 0.0622 0.0874
vt -0.0007 0.0874
vt 0.0000 0.0000
vt 0.0969 0.0000
vt 0.0965 0.0874
vt -0.0004 0.0874
vt 0.0000 0.0000
vt 0.1736 0.0000
vt 0.1720 0.0873
vt -0.0016 0.0874
vt 0.0000 0.0000
vt 0.1675 0.0000
vt 0.1667 0.0872
vt -0.0008 0.0873
vt 0.0000 0.0000
vt 0.2046 0.0000
vt 0.2020 0.0870
vt -0.0025 0.0872
vt 0.0000 0.0000
vt 0.1184 0.0000
vt 0.1197 0.0871
vt 0.0013 0.0870
vt 0.0000 0.0000
vt 0.0737 0.0000
vt -0.0753 0.1715
vt -0.1136 0.1715
vt 0.0000 0.0000
vt 0.0737 0.0000
vt 0.1874 0.1715
vt 0.1490 0.1715
vt 0.0000 0.0000
vt 0.0911 -0.0000
vt 0.2094 0.1592
vt 0.1621 0.1592
vt 0.0000 0.0000
vt 0.0910 -0.0000
vt -0.0710 0.1592
vt -0.1183 0.1592
vt 0.0000 0.0000
vt 0.0758 0.0000
vt 0.0218 0.1976
vt -0.0176 0.1976
vt 0.0000 0.0000
vt 0.0758 -0.0000
vt 0.0934 0.1976
vt 0.0540 0.1976
vt 0.0000 0.0000
vt 0.0995 -0.0000
vt 0.1982 0.1431
vt 0.1465 0.1431
vt 0.0000 0.0000
vt 0.0995 -0.0000
vt -0.0470 0.1431
vt -0.0988 0.1431
vt 0.0000 0.0000
vt 0.0757 -0.0000
vt 0.0066 0.1708
vt -0.0327 0.1708
vt 0.0000 0.0000
vt 0.0757 -0.0000
vt 0.1085 0.1708
vt 0.0691 0.1708
vt 0.0000 0.0000
vt 0.0727 0.0000
vt 0.0199 0.1833
vt -0.0178 0.1833
vt 0.0000 0.0000
vt 0.0727 0.0000
vt 0.0905 0.1833
vt 0.0527 0.1833
vt 0.0000 0.0000
vt 0.0470 0.0000
vt 0.0737 0.1843
vt 0.0493 0.1843
vt 0.0000 0.0000
vt 0.0470 0.0000
vt -0.0023 0.1843
vt -0.0268 0.1843
vt 0.0000 0.0000
vt 0.0487 0.0000
vt 0.0455 0.1851
vt 0.0202 0.1851
vt 0.0000 0.0000
vt 0.0487 0.0000
vt 0.0286 0.1851
vt 0.0032 0.1851
vt 0.0000 0.0000
vt 0.0552 -0.0000
vt 0.1250 0.1582
vt 0.0963 0.1582
vt 0.0000 0.0000
vt 0.0552 0.0000
vt -0.0411 0.1582
vt -0.0698 0.1582
vt 0.0000 0.0000
vt 0.1297 -0.0000
vt -0.0837 0.0840
vt -0.1511 0.0840
vt 0.0000 0.0000
vt 0.1297 -0.0000
vt 0.2808 0.0840
vt 0.2134 0.0840
vt 0.0000 0.0000
vt 0.0624 -0.0000
vt 0.0200 0.2290
vt -0.0125 0.2290
vt 0.0000 0.0000
vt 0.0624 0.0000
vt 0.0749 0.2290
vt 0.0424 0.2290
vt 0.0000 0.0000
vt 0.1176 0.0000
vt 0.2754 0.0911
vt 0.2143 0.0911
vt 0.0000 0.0000
vt 0.1176 0.0000
vt -0.0967 0.0911
vt -0.1578 0.0911
vt 0.0000 0.0000
vt 0.0891 -0.0000
vt 0.0419 0.1822
vt -0.0045 0.1822
vt 0.0000 0.0000
vt 0.0891 0.0000
vt 0.0936 0.1822
vt 0.0472 0.1822
vt 0.0000 0.0000
vt 0.1000 -0.0000
vt 0.0398 0.1878
vt -0.0122 0.1878
vt 0.0000 0.0000
vt 0.1000 -0.0000
vt 0.1122 0.1878
vt 0.0602 0.1878
vt 0.0000 0.0000
vt 0.0981 0.0000
vt 0.1408 0.1756
vt 0.0898 0.1756
vt 0.0000 0.0000
vt 0.0981 0.0000
vt 0.0083 0.1756
vt -0.0427 0.1756
vt 0.0000 0.0000
vt 0.1024 0.0000
vt -0.0397 0.1550
vt -0.0929 0.1550
vt 0.0000 0.0000
vt 0.1024 -0.0000
vt 0.1954 0.1550
vt 0.1421 0.1550
vt 0.0000 0.0000
vt 0.0854 -0.0000
vt 0.1641 0.1729
vt 0.1197 0.1729
vt 0.0000 0.0000
vt 0.0854 -0.0000
vt -0.0343 0.1729
vt -0.0787 0.1729
vt 0.0000 0.0000
vt 0.0943 0.0000
vt 0.1421 0.1656
vt 0.0931 0.1656
vt 0.0000 0.0000
vt 0.0943 -0.0000
vt 0.0012 0.1656
vt -0.0478 0.1656
vt 0.0000 0.0000
vt 0.1001 -0.0000
vt 0.1339 0.1517
vt 0.0818 0.1517
vt 0.0000 0.0000
vt 0.1001 0.0000
vt 0.0182 0.1517
vt -0.0338 0.1517
vt 0.0000 0.0000
vt 0.0988 -0.0000
vt 0.0349 0.1545
vt -0.0165 0.1545
vt 0.0000 0.0000
vt 0.0988 -0.0000
vt 0.1154 0.1545
vt 0.0640 0.1545
vt 0.0000 0.0000
vt 0.0927 -0.0000
vt 0.0357 0.1668
vt -0.0125 0.1668
vt 0.0000 0.0000
vt 0.0927 0.0000
vt 0.1052 0.1668
vt 0.0570 0.1668
vt 0.0000 0.0000
vt 0.0822 -0.0000
vt -0.0008 0.1708
vt -0.0435 0.1708
vt 0.0000 0.0000
vt 0.0822 -0.0000
vt 0.1257 0.1708
vt 0.0830 0.1708
vt 0.0000 0.0000
vt 0.0653 -0.0000
vt -0.0298 0.1788
vt -0.0638 0.1788
vt 0.0000 0.0000
vt 0.0653 -0.0000
vt 0.1291 0.1788
vt 0.0951 0.1788
vt 0.0000 0.0000
vt 0.0664 -0.0000
vt 0.0929 0.1940
vt 0.0584 0.1940
vt 0.0000 0.0000
vt 0.0664 -0.0000
vt 0.0080 0.1940
vt -0.0265 0.1940
vt 0.0000 0.0000
vt 0.0650 -0.0000
vt 0.0512 0.1950
vt 0.0174 0.1950
vt 0.0000 0.0000
vt 0.0650 0.0000
vt 0.0476 0.1950
vt 0.0138 0.1950
vt 0.0000 0.0000
vt 0.0629 -0.0000
vt 0.0606 0.1935
vt 0.0279 0.1935
vt 0.0000 0.0000
vt 0.0629 0.0000
vt 0.0350 0.1935
vt 0.0023 0.1935
vt 0.0000 0.0000
vt 0.0969 0.0000
vt -0.0869 0.1364
vt -0.1373 0.1364
vt 0.0000 0.0000
vt 0.0969 0.0000
vt 0.2342 0.1364
vt 0.1838 0.1364
vt 0.0000 0.0000
vt 0.1736 -0.0000
vt 0.2311 0.1804
vt 0.1409 0.1803
vt 0.0000 0.0000
vt 0.1736 0.0000
vt 0.0327 0.1804
vt -0.0576 0.1804
vt 0.0000 0.0000
vt 0.1675 -0.0000
vt 0.2089 0.1449
vt 0.1218 0.1449
vt 0.0000 0.0000
vt 0.1675 -0.0000
vt 0.0457 0.1449
vt -0.0414 0.1449
vt 0.0000 0.0000
vt 0.2046 -0.0000
vt 0.0179 0.1220
vt -0.0885 0.1220
vt 0.0000 0.0000
vt 0.2046 0.0000
vt 0.2930 0.1220
vt 0.1867 0.1220
vt 0.0000 0.0000
vt 0.1184 0.0000
vt 0.1554 0.2023
vt 0.0938 0.2023
vt 0.0000 0.0000
vt 0.1184 0.0000
vt 0.0246 0.2023
vt -0.0370 0.2023
vt 0.0000 0.0000
vt 0.0383 -0.0000
vt -0.1230 0.1857
vt 0.0000 0.0000
vt 0.0383 0.0000
vt 0.1614 0.1857
vt 0.0000 0.0000
vt 0.0473 0.0000
vt 0.1755 0.1725
vt 0.0000 0.0000
vt 0.0473 -0.0000
vt -0.1281 0.1725
vt 0.0000 0.0000
vt 0.0394 -0.0000
vt -0.0191 0.2140
vt 0.0000 0.0000
vt 0.0394 -0.0000
vt 0.0586 0.2140
vt 0.0000 0.0000
vt 0.0517 0.0000
vt 0.1587 0.1550
vt 0.0000 0.0000
vt 0.0517 0.0000
vt -0.1070 0.1551
vt 0.0000 0.0000
vt 0.0394 -0.0000
vt -0.0355 0.1850
vt 0.0000 0.0000
vt 0.0394 0.0000
vt 0.0749 0.1850
vt 0.0000 0.0000
vt 0.0378 0.0000
vt -0.0193 0.1986
vt 0.0000 0.0000
vt 0.0378 -0.0000
vt 0.0571 0.1986
vt 0.0000 0.0000
vt 0.0244 0.0000
vt 0.0534 0.1996
vt 0.0000 0.0000
vt 0.0244 -0.0000
vt -0.0290 0.1997
vt 0.0000 0.0000
vt 0.0253 -0.0000
vt 0.0218 0.2006
vt 0.0000 0.0000
vt 0.0253 0.0000
vt 0.0035 0.2006
vt 0.0000 0.0000
vt 0.0287 0.0000
vt 0.1043 0.1713
vt 0.0000 0.0000
vt 0.0287 0.0000
vt -0.0756 0.1714
vt 0.0000 0.0000
vt 0.0675 -0.0000
vt -0.1637 0.0910
vt 0.0000 0.0000
vt 0.0675 -0.0000
vt 0.2312 0.0910
vt 0.0000 0.0000
vt 0.0324 -0.0000
vt -0.0135 0.2480
vt 0.0000 0.0000
vt 0.0324 -0.0000
vt 0.0460 0.2481
vt 0.0000 0.0000
vt 0.0611 0.0000
vt 0.2322 0.0987
vt 0.0000 0.0000
vt 0.0611 0.0000
vt -0.1710 0.0987
vt 0.0000 0.0000
vt 0.0463 0.0000
vt -0.0048 0.1974
vt 0.0000 0.0000
vt 0.0463 0.0000
vt 0.0511 0.1974
vt 0.0000 0.0000
vt 0.0520 -0.0000
vt -0.0132 0.2035
vt 0.0000 0.0000
vt 0.0520 0.0000
vt 0.0652 0.2035
vt 0.0000 0.0000
vt 0.0510 -0.0000
vt 0.0973 0.1902
vt 0.0000 0.0000
vt 0.0510 0.0000
vt -0.0463 0.1902
vt 0.0000 0.0000
vt 0.0532 0.0000
vt -0.1006 0.1679
vt 0.0000 0.0000
vt 0.0532 -0.0000
vt 0.1538 0.1679
vt 0.0000 0.0000
vt 0.0444 -0.0000
vt 0.1296 0.1873
vt 0.0000 0.0000
vt 0.0444 0.0000
vt -0.0852 0.1873
vt 0.0000 0.0000
vt 0.0490 -0.0000
vt 0.1008 0.1794
vt 0.0000 0.0000
vt 0.0490 0.0000
vt -0.0517 0.1794
vt 0.0000 0.0000
vt 0.0520 -0.0000
vt 0.0886 0.1643
vt 0.0000 0.0000
vt 0.0520 0.0000
vt -0.0366 0.1643
vt 0.0000 0.0000
vt 0.0514 -0.0000
vt -0.0179 0.1674
vt 0.0000 0.0000
vt 0.0514 -0.0000
vt 0.0693 0.1674
vt 0.0000 0.0000
vt 0.0482 -0.0000
vt -0.0135 0.1807
vt 0.0000 0.0000
vt 0.0482 -0.0000
vt 0.0618 0.1807
vt 0.0000 0.0000
vt 0.0427 -0.0000
vt -0.0472 0.1850
vt 0.0000 0.0000
vt 0.0427 0.0000
vt 0.0899 0.1850
vt 0.0000 0.0000
vt 0.0340 0.0000
vt -0.0691 0.1937
vt 0.0000 0.0000
vt 0.0340 0.0000
vt 0.1031 0.1937
vt 0.0000 0.0000
vt 0.0345 -0.0000
vt 0.0632 0.2101
vt 0.0000 0.0000
vt 0.0345 -0.0000
vt -0.0287 0.2102
vt 0.0000 0.0000
vt 0.0338 -0.0000
vt 0.0188 0.2113
vt 0.0000 0.0000
vt 0.0338 0.0000
vt 0.0150 0.2113
vt 0.0000 0.0000
vt 0.0327 -0.0000
vt 0.0302 0.2096
vt 0.0000 0.0000
vt 0.0327 -0.0000
vt 0.0025 0.2096
vt 0.0000 0.0000
vt 0.0504 -0.0000
vt -0.1487 0.1477
vt 0.0000 0.0000
vt 0.0504 -0.0000
vt 0.1991 0.1478
vt 0.0000 0.0000
vt 0.0903 -0.0000
vt 0.1526 0.1954
vt 0.0000 0.0000
vt 0.0903 -0.0000
vt -0.0624 0.1954
vt 0.0000 0.0000
vt 0.0871 0.0000
vt 0.1320 0.1570
vt 0.0000 0.0000
vt 0.0871 -0.0000
vt -0.0449 0.1570
vt 0.0000 0.0000
vt 0.1063 -0.0000
vt -0.0958 0.1322
vt 0.0000 0.0000
vt 0.1063 0.0000
vt 0.2021 0.1322
vt 0.0000 0.0000
vt 0.0616 -0.0000
vt 0.1016 0.2191
vt 0.0000 0.0000
vt 0.0616 -0.0000
vt -0.0400 0.2191
vt 0.0000 0.0000
vt 0.0873 0.0000
vt 0.0000 0.2856
vt 0.0000 0.3133
vt 0.0000 0.0000
vt 0.0873 -0.0000
vt 0.0000 0.2867
vt 0.0001 0.3099
vt 0.0000 0.0000
vt 0.0873 -0.0000
vt 0.0000 0.2902
vt 0.0000 0.3113
vt 0.0000 0.0000
vt 0.0873 0.0000
vt 0.0000 0.2890
vt 0.0001 0.3147
vt 0.0000 0.0000
vt 0.0873 0.0000
vt 0.0124 0.2963
vt 0.0124 0.3140
vt 0.0000 0.0000
vt 0.0873 0.0000
vt -0.0053 0.2851
vt -0.0046 0.3173
vt 0.0000 0.0000
vt 0.0873 0.0000
vt -0.0115 0.2792
vt -0.0115 0.3103
vt 0.0000 0.0000
vt 0.0873 -0.0000
vt 0.0047 0.2908
vt 0.0055 0.3071
vt 0.0000 0.0000
vt 0.0873 0.0000
vt -0.0234 0.2814
vt -0.0234 0.3210
vt 0.0000 0.0000
vt 0.0873 0.0000
vt 0.0298 0.2850
vt 0.0304 0.3107
vt 0.0000 0.0000
vt 0.0873 0.0000
vt 0.0236 0.2933
vt 0.0236 0.3016
vt 0.0000 0.0000
vt 0.0873 -0.0000
vt -0.0299 0.2877
vt -0.0294 0.3111
vt 0.0000 0.0000
vt 0.0873 0.0000
vt 0.0594 0.2914
vt 0.0594 0.3155
vt 0.0000 0.0000
vt 0.0873 -0.0000
vt 0.0041 0.2797
vt 0.0043 0.3045
vt 0.0000 0.0000
vt 0.0873 0.0000
vt -0.0577 0.2724
vt -0.0577 0.2980
vt 0.0000 0.0000
vt 0.0873 -0.0000
vt -0.0043 0.2960
vt -0.0041 0.3197
vt 0.0000 0.0000
vt 0.0873 0.0000
vt 0.0873 0.0873
vt 0.0000 0.0873
vt 0.0000 0.0000
vt 0.0873 0.0000
vt 0.0873 0.0873
vt -0.0000 0.0873
vt 0.0000 0.0000
vt 0.2541 -0.0000
vt 0.2589 0.1134
vt 0.0047 0.1131
vt 0.0000 0.0000
vt 0.2062 0.0000
vt 0.2063 0.1135
vt 0.0000 0.1135
vt 0.0000 0.0000
vt 0.2164 -0.0000
vt 0.2170 0.1135
vt 0.0006 0.1135
vt 0.0000 0.0000
vt 0.2331 0.0000
vt 0.2332 0.1135
vt 0.0001 0.1135
vt 0.0000 0.0000
vt 0.2278 0.0000
vt 0.2289 0.1136
vt 0.0011 0.1135
vt 0.0000 0.0000
vt 0.2301 -0.0000
vt 0.2315 0.1137
vt 0.0015 0.1136
vt 0.0000 0.0000
vt 0.1464 0.0000
vt 0.1382 0.1131
vt -0.0083 0.1134
vt 0.0000 0.0000
vt 0.1818 0.0000
vt 0.1796 0.1132
vt -0.0022 0.1133
vt 0.0000 0.0000
vt 0.1721 0.0000
vt 0.1705 0.1132
vt -0.0016 0.1132
vt 0.0000 0.0000
vt 0.1229 0.0000
vt 0.1228 0.1132
vt -0.0001 0.1132
vt 0.0000 0.0000
vt 0.2316 -0.0000
vt 0.2349 0.1133
vt 0.0033 0.1131
vt 0.0000 0.0000
vt 0.3003 -0.0000
vt 0.2997 0.1133
vt -0.0005 0.1134
vt 0.0000 0.0000
vt 0.1447 0.0000
vt 0.1525 0.1134
vt 0.0077 0.1131
vt 0.0000 0.0000
vt 0.1948 -0.0000
vt 0.1986 0.1138
vt 0.0037 0.1136
vt 0.0000 0.0000
vt 0.1933 0.0000
vt 0.1938 0.1139
vt 0.0005 0.1138
vt 0.0000 0.0000
vt 0.2743 0.0000
vt 0.2678 0.1132
vt -0.0065 0.1137
vt 0.0000 0.0000
vt 0.3073 0.0000
vt 0.3038 0.1130
vt -0.0035 0.1133
vt 0.0000 0.0000
vt 0.3372 0.0000
vt 0.3378 0.1131
vt 0.0006 0.1131
vt 0.0000 0.0000
vt 0.2541 0.0000
vt -0.0124 0.1195
vt -0.1699 0.1196
vt 0.0000 0.0000
vt 0.2541 -0.0000
vt 0.4240 0.1195
vt 0.2666 0.1195
vt 0.0000 0.0000
vt 0.2062 -0.0000
vt 0.3812 0.1454
vt 0.2534 0.1454
vt 0.0000 0.0000
vt 0.2062 0.0000
vt -0.0471 0.1454
vt -0.1750 0.1454
vt 0.0000 0.0000
vt 0.2164 0.0000
vt 0.3077 0.1472
vt 0.1735 0.1472
vt 0.0000 0.0000
vt 0.2164 0.0000
vt 0.0429 0.1472
vt -0.0913 0.1472
vt 0.0000 0.0000
vt 0.2331 0.0000
vt 0.2498 0.1375
vt 0.1053 0.1375
vt 0.0000 0.0000
vt 0.2331 0.0000
vt 0.1278 0.1376
vt -0.0167 0.1376
vt 0.0000 0.0000
vt 0.2278 -0.0000
vt 0.1500 0.1383
vt 0.0088 0.1383
vt 0.0000 0.0000
vt 0.2278 -0.0000
vt 0.2190 0.1383
vt 0.0778 0.1383
vt 0.0000 0.0000
vt 0.2301 -0.0000
vt 0.0658 0.1389
vt -0.0768 0.1389
vt 0.0000 0.0000
vt 0.2301 -0.0000
vt 0.3069 0.1389
vt 0.1642 0.1389
vt 0.0000 0.0000
vt 0.1465 -0.0000
vt 0.1754 0.1976
vt 0.0848 0.1977
vt 0.0000 0.0000
vt 0.1464 0.0000
vt 0.0616 0.1977
vt -0.0290 0.1976
vt 0.0000 0.0000
vt 0.1818 -0.0000
vt 0.0106 0.1716
vt -0.1021 0.1717
vt 0.0000 0.0000
vt 0.1818 -0.0000
vt 0.2839 0.1717
vt 0.1712 0.1716
vt 0.0000 0.0000
vt 0.1721 0.0000
vt -0.0030 0.2162
vt -0.1097 0.2162
vt 0.0000 0.0000
vt 0.1721 -0.0000
vt 0.2818 0.2162
vt 0.1751 0.2162
vt 0.0000 0.0000
vt 0.1229 -0.0000
vt 0.1448 0.2696
vt 0.0686 0.2696
vt 0.0000 0.0000
vt 0.1229 -0.0000
vt 0.0543 0.2696
vt -0.0219 0.2696
vt 0.0000 0.0000
vt 0.2316 0.0000
vt -0.0883 0.1392
vt -0.2319 0.1393
vt 0.0000 0.0000
vt 0.2316 -0.0000
vt 0.4635 0.1393
vt 0.3199 0.1392
vt 0.0000 0.0000
vt 0.3003 -0.0000
vt 0.5145 0.1181
vt 0.3283 0.1181
vt 0.0000 0.0000
vt 0.3003 0.0000
vt -0.0281 0.1181
vt -0.2142 0.1181
vt 0.0000 0.0000
vt 0.1447 -0.0000
vt 0.0758 0.2443
vt -0.0138 0.2442
vt 0.0000 0.0000
vt 0.1447 -0.0000
vt 0.1585 0.2442
vt 0.0690 0.2443
vt 0.0000 0.0000
vt 0.1948 -0.0000
vt 0.2574 0.2140
vt 0.1367 0.2139
vt 0.0000 0.0000
vt 0.1948 0.0000
vt 0.0582 0.2139
vt -0.0626 0.2140
vt 0.0000 0.0000
vt 0.1933 -0.0000
vt 0.2470 0.1832
vt 0.1272 0.1831
vt 0.0000 0.0000
vt 0.1933 -0.0000
vt 0.0660 0.1832
vt -0.0538 0.1832
vt 0.0000 0.0000
vt 0.2743 -0.0000
vt 0.3314 0.1014
vt 0.1615 0.1017
vt 0.0000 0.0000
vt 0.2743 0.0000
vt 0.1128 0.1017
vt -0.0571 0.1015
vt 0.0000 0.0000
vt 0.3073 -0.0000
vt 0.2560 0.0961
vt 0.0656 0.0962
vt 0.0000 0.0000
vt 0.3073 -0.0000
vt 0.2417 0.0963
vt 0.0513 0.0962
vt 0.0000 0.0000
vt 0.3372 0.0000
vt 0.1510 0.0923
vt -0.0580 0.0922
vt 0.0000 0.0000
vt 0.3372 -0.0000
vt 0.3952 0.0923
vt 0.1861 0.0923
vt 0.0000 0.0000
vt 0.1575 0.0000
vt -0.0669 0.1006
vt -0.1431 0.1006
vt 0.0000 0.0000
vt 0.1575 0.0000
vt 0.3007 0.1006
vt 0.2245 0.1006
vt 0.0000 0.0000
vt 0.1279 0.0000
vt 0.2752 0.1223
vt 0.2134 0.1223
vt 0.0000 0.0000
vt 0.1279 -0.0000
vt -0.0855 0.1225
vt -0.1474 0.1225
vt 0.0000 0.0000
vt 0.1342 -0.0000
vt 0.2110 0.1238
vt 0.1461 0.1238
vt 0.0000 0.0000
vt 0.1342 0.0000
vt -0.0120 0.1239
vt -0.0769 0.1239
vt 0.0000 0.0000
vt 0.1445 -0.0000
vt 0.1586 0.1156
vt 0.0887 0.1156
vt 0.0000 0.0000
vt 0.1445 -0.0000
vt 0.0558 0.1158
vt -0.0141 0.1158
vt 0.0000 0.0000
vt 0.1412 -0.0000
vt 0.0758 0.1162
vt 0.0075 0.1162
vt 0.0000 0.0000
vt 0.1412 -0.0000
vt 0.1338 0.1164
vt 0.0655 0.1164
vt 0.0000 0.0000
vt 0.1426 -0.0000
vt 0.0044 0.1167
vt -0.0646 0.1167
vt 0.0000 0.0000
vt 0.1426 0.0000
vt 0.2073 0.1169
vt 0.1382 0.1169
vt 0.0000 0.0000
vt 0.0906 -0.0000
vt 0.1148 0.1664
vt 0.0710 0.1664
vt 0.0000 0.0000
vt 0.0906 0.0000
vt 0.0195 0.1665
vt -0.0243 0.1665
vt 0.0000 0.0000
vt 0.1127 0.0000
vt -0.0315 0.1444
vt -0.0861 0.1444
vt 0.0000 0.0000
vt 0.1127 0.0000
vt 0.1987 0.1446
vt 0.1442 0.1446
vt 0.0000 0.0000
vt 0.1067 0.0000
vt -0.0408 0.1820
vt -0.0924 0.1820
vt 0.0000 0.0000
vt 0.1067 0.0000
vt 0.1991 0.1821
vt 0.1475 0.1821
vt 0.0000 0.0000
vt 0.0762 -0.0000
vt 0.0947 0.2270
vt 0.0578 0.2270
vt 0.0000 0.0000
vt 0.0762 0.0000
vt 0.0184 0.2271
vt -0.0185 0.2271
vt 0.0000 0.0000
vt 0.1436 -0.0000
vt -0.1258 0.1173
vt -0.1953 0.1173
vt 0.0000 0.0000
vt 0.1436 -0.0000
vt 0.3389 0.1172
vt 0.2694 0.1173
vt 0.0000 0.0000
vt 0.1862 0.0000
vt 0.3665 0.0994
vt 0.2765 0.0994
vt 0.0000 0.0000
vt 0.1862 0.0000
vt -0.0903 0.0995
vt -0.1804 0.0995
vt 0.0000 0.0000
vt 0.0896 -0.0000
vt 0.0319 0.2056
vt -0.0114 0.2056
vt 0.0000 0.0000
vt 0.0896 0.0000
vt 0.1011 0.2057
vt 0.0578 0.2057
vt 0.0000 0.0000
vt 0.1207 0.0000
vt 0.1738 0.1798
vt 0.1153 0.1797
vt 0.0000 0.0000
vt 0.1207 0.0000
vt 0.0055 0.1799
vt -0.0529 0.1800
vt 0.0000 0.0000
vt 0.1198 -0.0000
vt 0.1651 0.1538
vt 0.1072 0.1538
vt 0.0000 0.0000
vt 0.1198 0.0000
vt 0.0127 0.1540
vt -0.0453 0.1540
vt 0.0000 0.0000
vt 0.1699 0.0000
vt 0.2178 0.0854
vt 0.1356 0.0855
vt 0.0000 0.0000
vt 0.1699 0.0000
vt 0.0342 0.0857
vt -0.0480 0.0856
vt 0.0000 0.0000
vt 0.1905 -0.0000
vt 0.1472 0.0809
vt 0.0551 0.0810
vt 0.0000 0.0000
vt 0.1905 0.0000
vt 0.1353 0.0811
vt 0.0431 0.0811
vt 0.0000 0.0000
vt 0.2090 0.0000
vt 0.0523 0.0777
vt -0.0488 0.0777
vt 0.0000 0.0000
vt 0.2090 0.0000
vt 0.2579 0.0778
vt 0.1568 0.0778
vt 0.0000 0.0000
vt 0.0762 0.0000
vt -0.1342 0.0943
vt 0.0000 0.0000
vt 0.0762 0.0000
vt 0.2104 0.0943
vt 0.0000 0.0000
vt 0.0619 -0.0000
vt 0.2000 0.1146
vt 0.0000 0.0000
vt 0.0619 0.0000
vt -0.1382 0.1147
vt 0.0000 0.0000
vt 0.0649 -0.0000
vt 0.1370 0.1159
vt 0.0000 0.0000
vt 0.0649 -0.0000
vt -0.0721 0.1160
vt 0.0000 0.0000
vt 0.0699 0.0000
vt 0.0831 0.1083
vt 0.0000 0.0000
vt 0.0699 -0.0000
vt -0.0132 0.1084
vt 0.0000 0.0000
vt 0.0683 0.0000
vt 0.0070 0.1089
vt 0.0000 0.0000
vt 0.0683 -0.0000
vt 0.0613 0.1090
vt 0.0000 0.0000
vt 0.0690 -0.0000
vt -0.0605 0.1093
vt 0.0000 0.0000
vt 0.0690 0.0000
vt 0.1296 0.1094
vt 0.0000 0.0000
vt 0.0438 0.0000
vt 0.0664 0.1560
vt 0.0000 0.0000
vt 0.0438 -0.0000
vt -0.0226 0.1560
vt 0.0000 0.0000
vt 0.0545 -0.0000
vt -0.0807 0.1354
vt 0.0000 0.0000
vt 0.0545 0.0000
vt 0.1352 0.1354
vt 0.0000 0.0000
vt 0.0516 -0.0000
vt -0.0867 0.1706
vt 0.0000 0.0000
vt 0.0516 0.0000
vt 0.1383 0.1707
vt 0.0000 0.0000
vt 0.0369 0.0000
vt 0.0542 0.2128
vt 0.0000 0.0000
vt 0.0369 0.0000
vt -0.0173 0.2129
vt 0.0000 0.0000
vt 0.0695 -0.0000
vt -0.1831 0.1099
vt 0.0000 0.0000
vt 0.0695 0.0000
vt 0.2525 0.1099
vt 0.0000 0.0000
vt 0.0901 -0.0000
vt 0.2592 0.0931
vt 0.0000 0.0000
vt 0.0901 -0.0000
vt -0.1691 0.0932
vt 0.0000 0.0000
vt 0.0433 0.0000
vt -0.0106 0.1928
vt 0.0000 0.0000
vt 0.0433 -0.0000
vt 0.0540 0.1928
vt 0.0000 0.0000
vt 0.0584 0.0000
vt 0.1083 0.1684
vt 0.0000 0.0000
vt 0.0584 0.0000
vt -0.0498 0.1684
vt 0.0000 0.0000
vt 0.0580 0.0000
vt 0.1005 0.1440
vt 0.0000 0.0000
vt 0.0580 -0.0000
vt -0.0425 0.1441
vt 0.0000 0.0000
vt 0.0822 0.0000
vt 0.1270 0.0801
vt 0.0000 0.0000
vt 0.0822 -0.0000
vt -0.0449 0.0802
vt 0.0000 0.0000
vt 0.0921 -0.0000
vt 0.0516 0.0759
vt 0.0000 0.0000
vt 0.0921 0.0000
vt 0.0405 0.0760
vt 0.0000 0.0000
vt 0.1011 0.0000
vt -0.0458 0.0728
vt 0.0000 0.0000
vt 0.1011 0.0000
vt 0.1469 0.0729
vt 0.0000 0.0000
vt 0.0863 0.0000
vt 0.0000 0.2734
vt 0.0000 0.2769
vt 0.0000 0.0000
vt 0.0863 0.0000
vt 0.0020 0.2779
vt 0.0011 0.2993
vt 0.0000 0.0000
vt 0.0863 0.0000
vt 0.0000 0.2570
vt 0.0000 0.3021
vt 0.0000 0.0000
vt 0.0863 -0.0000
vt 0.0020 0.2510
vt 0.0011 0.2808
vt 0.0000 0.0000
vt 0.0863 -0.0000
vt -0.0716 0.2345
vt -0.0716 0.2732
vt 0.0000 0.0000
vt 0.0863 0.0000
vt -0.0129 0.2691
vt -0.0083 0.2929
vt 0.0000 0.0000
vt 0.0863 0.0000
vt 0.0753 0.2744
vt 0.0753 0.2888
vt 0.0000 0.0000
vt 0.0863 -0.0000
vt 0.0098 0.2594
vt 0.0143 0.2871
vt 0.0000 0.0000
vt 0.0863 0.0000
vt 0.0407 0.2772
vt 0.0407 0.3039
vt 0.0000 0.0000
vt 0.0863 0.0000
vt -0.0054 0.2469
vt -0.0072 0.2926
vt 0.0000 0.0000
vt 0.0863 0.0000
vt -0.0338 0.2463
vt -0.0338 0.2712
vt 0.0000 0.0000
vt 0.0863 -0.0000
vt 0.0073 0.2835
vt 0.0055 0.2861
vt 0.0000 0.0000
vt 0.0863 0.0000
vt 0.0079 0.2774
vt 0.0079 0.3016
vt 0.0000 0.0000
vt 0.0863 -0.0000
vt 0.0745 0.2648
vt 0.0751 0.2903
vt 0.0000 0.0000
vt 0.0863 0.0000
vt -0.0079 0.2511
vt -0.0079 0.2775
vt 0.0000 0.0000
vt 0.0863 0.0000
vt -0.0721 0.2435
vt -0.0714 0.2712
vt 0.0000 0.0000
vt 0.0863 0.0000
vt 0.0863 0.0863
vt 0.0000 0.0863
vt 0.0000 0.0000
vt 0.0863 0.0000
vt 0.0863 0.0863
vt 0.0000 0.0863
vt 0.0000 0.0000
vt 0.0891 0.0000
vt 0.0000 0.2530
vt 0.0000 0.2789
vt 0.0000 0.0000
vt 0.0891 -0.0000
vt 0.0001 0.2566
vt -0.0000 0.2814
vt 0.0000 0.0000
vt 0.0891 -0.0000
vt 0.0000 0.2544
vt 0.0000 0.2848
vt 0.0000 0.0000
vt 0.0891 -0.0000
vt 0.0001 0.2508
vt -0.0000 0.2823
vt 0.0000 0.0000
vt 0.0891 0.0000
vt -0.0078 0.2485
vt -0.0078 0.2767
vt 0.0000 0.0000
vt 0.0891 0.0000
vt -0.0108 0.2549
vt -0.0106 0.2796
vt 0.0000 0.0000
vt 0.0891 0.0000
vt 0.0080 0.2587
vt 0.0080 0.2867
vt 0.0000 0.0000
vt 0.0891 -0.0000
vt 0.0106 0.2521
vt 0.0109 0.2838
vt 0.0000 0.0000
vt 0.0891 -0.0000
vt -0.0011 0.2459
vt -0.0011 0.2806
vt 0.0000 0.0000
vt 0.0891 -0.0000
vt -0.0118 0.2503
vt -0.0111 0.2743
vt 0.0000 0.0000
vt 0.0891 -0.0000
vt 0.0013 0.2616
vt 0.0013 0.2831
vt 0.0000 0.0000
vt 0.0891 0.0000
vt 0.0117 0.2566
vt 0.0124 0.2889
vt 0.0000 0.0000
vt 0.0891 0.0000
vt 0.0205 0.2537
vt 0.0205 0.2819
vt 0.0000 0.0000
vt 0.0891 -0.0000
vt -0.0152 0.2470
vt -0.0156 0.2756
vt 0.0000 0.0000
vt 0.0891 0.0000
vt -0.0203 0.2520
vt -0.0203 0.2803
vt 0.0000 0.0000
vt 0.0891 -0.0000
vt 0.0158 0.2594
vt 0.0154 0.2870
vt 0.0000 0.0000
vt 0.0891 0.0000
vt 0.0891 0.0891
vt 0.0000 0.0891
vt 0.0000 0.0000
vt 0.0891 0.0000
vt 0.0891 0.0891
vt 0.0000 0.0891
vt 0.0000 0.0000
vt 0.0795 0.0000
vt 0.0002 0.2448
vt 0.0002 0.2718
vt 0.0000 0.0000
vt 0.0795 0.0000
vt -0.0002 0.2526
vt 0.0003 0.2680
vt 0.0000 0.0000
vt 0.0795 0.0000
vt 0.0002 0.2569
vt 0.0002 0.2761
vt 0.0000 0.0000
vt 0.0795 0.0000
vt -0.0002 0.2492
vt 0.0003 0.2797
vt 0.0000 0.0000
vt 0.0795 -0.0000
vt 0.0129 0.2451
vt 0.0129 0.2622
vt 0.0000 0.0000
vt 0.0795 -0.0000
vt -0.0278 0.2519
vt -0.0276 0.2641
vt 0.0000 0.0000
vt 0.0795 0.0000
vt -0.0125 0.2559
vt -0.0125 0.2846
vt 0.0000 0.0000
vt 0.0795 0.0000
vt 0.0276 0.2470
vt 0.0278 0.2806
vt 0.0000 0.0000
vt 0.0795 0.0000
vt -0.0225 0.2344
vt -0.0225 0.2636
vt 0.0000 0.0000
vt 0.0795 0.0000
vt -0.0394 0.2451
vt -0.0365 0.2636
vt 0.0000 0.0000
vt 0.0795 -0.0000
vt 0.0236 0.2652
vt 0.0236 0.2822
vt 0.0000 0.0000
vt 0.0795 -0.0000
vt 0.0384 0.2506
vt 0.0413 0.2789
vt 0.0000 0.0000
vt 0.0795 0.0000
vt 0.0182 0.2498
vt 0.0182 0.2729
vt 0.0000 0.0000
vt 0.0795 -0.0000
vt -0.0201 0.2439
vt -0.0206 0.2674
vt 0.0000 0.0000
vt 0.0795 0.0000
vt -0.0180 0.2505
vt -0.0180 0.2736
vt 0.0000 0.0000
vt 0.0795 -0.0000
vt 0.0208 0.2560
vt 0.0204 0.2787
vt 0.0000 0.0000
vt 0.0795 0.0000
vt 0.0795 0.0795
vt -0.0000 0.0795
vt 0.0000 0.0000
vt 0.0795 0.0000
vt 0.0795 0.0795
vt -0.0000 0.0795
vt 0.0000 0.0000
vt 0.0620 0.0000
vt 0.0004 0.2749
vt 0.0004 0.2883
vt 0.0000 0.0000
vt 0.0620 0.0000
vt 0.0000 0.2659
vt -0.0000 0.2882
vt 0.0000 0.0000
vt 0.0620 0.0000
vt 0.0004 0.2653
vt 0.0004 0.2791
vt 0.0000 0.0000
vt 0.0620 0.0000
vt 0.0000 0.2747
vt -0.0000 0.2790
vt 0.0000 0.0000
vt 0.0620 0.0000
vt 0.0001 0.2802
vt 0.0001 0.2837
vt 0.0000 0.0000
vt 0.0620 -0.0000
vt 0.0435 0.2762
vt 0.0438 0.2903
vt 0.0000 0.0000
vt 0.0620 -0.0000
vt -0.0001 0.2604
vt -0.0001 0.2833
vt 0.0000 0.0000
vt 0.0620 0.0000
vt -0.0408 0.2574
vt -0.0405 0.2708
vt 0.0000 0.0000
vt 0.0620 -0.0000
vt -0.0440 0.2676
vt -0.0440 0.2910
vt 0.0000 0.0000
vt 0.0620 0.0000
vt 0.0053 0.2612
vt 0.0035 0.2935
vt 0.0000 0.0000
vt 0.0620 -0.0000
vt 0.0450 0.2656
vt 0.0450 0.2687
vt 0.0000 0.0000
vt 0.0620 -0.0000
vt -0.0027 0.2805
vt -0.0045 0.2732
vt 0.0000 0.0000
vt 0.0620 0.0000
vt 0.0487 0.2820
vt 0.0487 0.2947
vt 0.0000 0.0000
vt 0.0620 -0.0000
vt 0.0924 0.2592
vt 0.0961 0.2724
vt 0.0000 0.0000
vt 0.0620 -0.0000
vt -0.0477 0.2495
vt -0.0477 0.2636
vt 0.0000 0.0000
vt 0.0620 0.0000
vt -0.0924 0.2486
vt -0.0887 0.2647
vt 0.0000 0.0000
vt 0.0620 0.0000
vt 0.0620 0.0620
vt -0.0000 0.0620
vt 0.0000 0.0000
vt 0.0620 0.0000
vt 0.0620 0.0620
vt -0.0000 0.0620
vt 0.0000 0.0000
vt 0.1501 0.0000
vt 0.1518 0.1038
vt 0.0017 0.1038
vt 0.0000 0.0000
vt 0.1537 0.0000
vt 0.1561 0.1039
vt 0.0025 0.1038
vt 0.0000 0.0000
vt 0.1613 -0.0000
vt 0.1628 0.1040
vt 0.0015 0.1040
vt 0.0000 0.0000
vt 0.1740 -0.0000
vt 0.1776 0.1042
vt 0.0036 0.1040
vt 0.0000 0.0000
vt 0.1604 -0.0000
vt 0.1637 0.1043
vt 0.0033 0.1042
vt 0.0000 0.0000
vt 0.1587 0.0000
vt 0.1537 0.1040
vt -0.0051 0.1043
vt 0.0000 0.0000
vt 0.1410 0.0000
vt 0.1374 0.1039
vt -0.0036 0.1041
vt 0.0000 0.0000
vt 0.1501 0.0000
vt 0.1472 0.1038
vt -0.0029 0.1040
vt 0.0000 0.0000
vt 0.1484 0.0000
vt 0.1466 0.1038
vt -0.0018 0.1039
vt 0.0000 0.0000
vt 0.1568 0.0000
vt 0.1560 0.1038
vt -0.0008 0.1038
vt 0.0000 0.0000
vt 0.1186 0.0000
vt 0.1190 0.1038
vt 0.0004 0.1038
vt 0.0000 0.0000
vt 0.1418 0.0000
vt 0.1429 0.1038
vt 0.0011 0.1038
vt 0.0000 0.0000
vt 0.1281 0.0000
vt 0.1300 0.1039
vt 0.0019 0.1038
vt 0.0000 0.0000
vt 0.1271 0.0000
vt 0.1304 0.1040
vt 0.0032 0.1038
vt 0.0000 0.0000
vt 0.1555 0.0000
vt 0.1572 0.1041
vt 0.0017 0.1040
vt 0.0000 0.0000
vt 0.1439 -0.0000
vt 0.1463 0.1042
vt 0.0024 0.1041
vt 0.0000 0.0000
vt 0.1326 -0.0000
vt 0.1338 0.1042
vt 0.0012 0.1042
vt 0.0000 0.0000
vt 0.1970 0.0000
vt 0.1935 0.1040
vt -0.0035 0.1042
vt 0.0000 0.0000
vt 0.1848 0.0000
vt 0.1832 0.1039
vt -0.0016 0.1040
vt 0.0000 0.0000
vt 0.1958 0.0000
vt 0.1937 0.1038
vt -0.0021 0.1039
vt 0.0000 0.0000
vt 0.1620 -0.0000
vt 0.1608 0.1038
vt -0.0012 0.1038
vt 0.0000 0.0000
vt 0.1745 0.0000
vt 0.1742 0.1037
vt -0.0004 0.1038
vt 0.0000 0.0000
vt 0.1234 -0.0000
vt 0.1247 0.1038
vt 0.0013 0.1037
vt 0.0000 0.0000
vt 0.1501 -0.0000
vt 0.2259 0.1736
vt 0.1328 0.1736
vt 0.0000 0.0000
vt 0.1501 0.0000
vt 0.0173 0.1736
vt -0.0758 0.1736
vt 0.0000 0.0000
vt 0.1537 0.0000
vt 0.1468 0.1823
vt 0.0515 0.1822
vt 0.0000 0.0000
vt 0.1537 0.0000
vt 0.1021 0.1822
vt 0.0068 0.1822
vt 0.0000 0.0000
vt 0.1613 0.0000
vt 0.1709 0.1681
vt 0.0709 0.1680
vt 0.0000 0.0000
vt 0.1613 0.0000
vt 0.0903 0.1680
vt -0.0097 0.1680
vt 0.0000 0.0000
vt 0.1740 -0.0000
vt 0.0401 0.1541
vt -0.0677 0.1541
vt 0.0000 0.0000
vt 0.1740 -0.0000
vt 0.2416 0.1541
vt 0.1338 0.1541
vt 0.0000 0.0000
vt 0.1605 0.0000
vt 0.0034 0.1802
vt -0.0960 0.1802
vt 0.0000 0.0000
vt 0.1604 -0.0000
vt 0.2564 0.1801
vt 0.1569 0.1802
vt 0.0000 0.0000
vt 0.1587 0.0000
vt 0.2882 0.1452
vt 0.1899 0.1452
vt 0.0000 0.0000
vt 0.1587 -0.0000
vt -0.0310 0.1452
vt -0.1294 0.1452
vt 0.0000 0.0000
vt 0.1410 -0.0000
vt 0.1923 0.1638
vt 0.1049 0.1638
vt 0.0000 0.0000
vt 0.1410 0.0000
vt 0.0361 0.1637
vt -0.0513 0.1637
vt 0.0000 0.0000
vt 0.1501 -0.0000
vt 0.1624 0.1570
vt 0.0694 0.1570
vt 0.0000 0.0000
vt 0.1501 -0.0000
vt 0.0808 0.1570
vt -0.0122 0.1570
vt 0.0000 0.0000
vt 0.1485 -0.0000
vt 0.1004 0.1572
vt 0.0083 0.1572
vt 0.0000 0.0000
vt 0.1484 -0.0000
vt 0.1402 0.1572
vt 0.0481 0.1572
vt 0.0000 0.0000
vt 0.1568 0.0000
vt 0.0373 0.1531
vt -0.0599 0.1531
vt 0.0000 0.0000
vt 0.1568 -0.0000
vt 0.2167 0.1531
vt 0.1195 0.1531
vt 0.0000 0.0000
vt 0.1186 -0.0000
vt 0.0272 0.1886
vt -0.0463 0.1886
vt 0.0000 0.0000
vt 0.1186 -0.0000
vt 0.1649 0.1886
vt 0.0914 0.1886
vt 0.0000 0.0000
vt 0.1418 -0.0000
vt -0.0646 0.1438
vt -0.1525 0.1438
vt 0.0000 0.0000
vt 0.1418 -0.0000
vt 0.2943 0.1438
vt 0.2064 0.1438
vt 0.0000 0.0000
vt 0.1281 -0.0000
vt 0.2390 0.1944
vt 0.1596 0.1944
vt 0.0000 0.0000
vt 0.1281 -0.0000
vt -0.0315 0.1944
vt -0.1110 0.1944
vt 0.0000 0.0000
vt 0.1272 -0.0000
vt 0.0986 0.2230
vt 0.0198 0.2229
vt 0.0000 0.0000
vt 0.1271 -0.0000
vt 0.1073 0.2229
vt 0.0285 0.2229
vt 0.0000 0.0000
vt 0.1555 0.0000
vt 0.2075 0.1954
vt 0.1111 0.1954
vt 0.0000 0.0000
vt 0.1555 -0.0000
vt 0.0443 0.1953
vt -0.0521 0.1953
vt 0.0000 0.0000
vt 0.1439 -0.0000
vt 0.1146 0.2006
vt 0.0254 0.2006
vt 0.0000 0.0000
vt 0.1439 -0.0000
vt 0.1185 0.2005
vt 0.0293 0.2006
vt 0.0000 0.0000
vt 0.1326 0.0000
vt 0.1039 0.2016
vt 0.0217 0.2016
vt 0.0000 0.0000
vt 0.1326 -0.0000
vt 0.1109 0.2015
vt 0.0287 0.2015
vt 0.0000 0.0000
vt 0.1971 0.0000
vt 0.2782 0.1307
vt 0.1561 0.1308
vt 0.0000 0.0000
vt 0.1970 0.0000
vt 0.0410 0.1307
vt -0.0811 0.1307
vt 0.0000 0.0000
vt 0.1848 0.0000
vt 0.1356 0.1524
vt 0.0210 0.1525
vt 0.0000 0.0000
vt 0.1848 -0.0000
vt 0.1638 0.1524
vt 0.0493 0.1524
vt 0.0000 0.0000
vt 0.1958 0.0000
vt 0.1355 0.1596
vt 0.0141 0.1596
vt 0.0000 0.0000
vt 0.1958 -0.0000
vt 0.1817 0.1595
vt 0.0603 0.1595
vt 0.0000 0.0000
vt 0.1620 0.0000
vt 0.0657 0.1670
vt -0.0348 0.1670
vt 0.0000 0.0000
vt 0.1620 0.0000
vt 0.1968 0.1670
vt 0.0964 0.1670
vt 0.0000 0.0000
vt 0.1745 -0.0000
vt -0.0247 0.1396
vt -0.1330 0.1396
vt 0.0000 0.0000
vt 0.1745 -0.0000
vt 0.3075 0.1396
vt 0.1993 0.1396
vt 0.0000 0.0000
vt 0.1234 0.0000
vt 0.2219 0.1951
vt 0.1453 0.1951
vt 0.0000 0.0000
vt 0.1234 0.0000
vt -0.0219 0.1951
vt -0.0985 0.1951
vt 0.0000 0.0000
vt 0.0931 -0.0000
vt 0.1569 0.1462
vt 0.1118 0.1462
vt 0.0000 0.0000
vt 0.0931 0.0000
vt -0.0188 0.1462
vt -0.0638 0.1462
vt 0.0000 0.0000
vt 0.0953 -0.0000
vt 0.0895 0.1535
vt 0.0434 0.1535
vt 0.0000 0.0000
vt 0.0953 -0.0000
vt 0.0518 0.1535
vt 0.0057 0.1535
vt 0.0000 0.0000
vt 0.1000 0.0000
vt 0.1081 0.1415
vt 0.0597 0.1415
vt 0.0000 0.0000
vt 0.1000 0.0000
vt 0.0402 0.1415
vt -0.0081 0.1415
vt 0.0000 0.0000
vt 0.1078 -0.0000
vt -0.0048 0.1298
vt -0.0570 0.1298
vt 0.0000 0.0000
vt 0.1078 -0.0000
vt 0.1648 0.1298
vt 0.1126 0.1298
vt 0.0000 0.0000
vt 0.0994 0.0000
vt -0.0326 0.1517
vt -0.0807 0.1517
vt 0.0000 0.0000
vt 0.0994 -0.0000
vt 0.1802 0.1517
vt 0.1321 0.1517
vt 0.0000 0.0000
vt 0.0983 0.0000
vt 0.2073 0.1222
vt 0.1597 0.1223
vt 0.0000 0.0000
vt 0.0983 0.0000
vt -0.0613 0.1223
vt -0.1089 0.1223
vt 0.0000 0.0000
vt 0.0874 -0.0000
vt 0.1305 0.1379
vt 0.0883 0.1379
vt 0.0000 0.0000
vt 0.0874 -0.0000
vt -0.0009 0.1379
vt -0.0432 0.1379
vt 0.0000 0.0000
vt 0.0930 0.0000
vt 0.1034 0.1322
vt 0.0584 0.1322
vt 0.0000 0.0000
vt 0.0930 -0.0000
vt 0.0347 0.1322
vt -0.0103 0.1322
vt 0.0000 0.0000
vt 0.0920 0.0000
vt 0.0515 0.1324
vt 0.0070 0.1324
vt 0.0000 0.0000
vt 0.0920 0.0000
vt 0.0850 0.1324
vt 0.0405 0.1324
vt 0.0000 0.0000
vt 0.0972 0.0000
vt -0.0034 0.1289
vt -0.0505 0.1289
vt 0.0000 0.0000
vt 0.0972 0.0000
vt 0.1477 0.1289
vt 0.1006 0.1289
vt 0.0000 0.0000
vt 0.0735 0.0000
vt -0.0035 0.1588
vt -0.0390 0.1588
vt 0.0000 0.0000
vt 0.0735 0.0000
vt 0.1125 0.1588
vt 0.0770 0.1588
vt 0.0000 0.0000
vt 0.0879 -0.0000
vt -0.0859 0.1211
vt -0.1284 0.1211
vt 0.0000 0.0000
vt 0.0879 -0.0000
vt 0.2163 0.1211
vt 0.1738 0.1211
vt 0.0000 0.0000
vt 0.0794 -0.0000
vt 0.1729 0.1637
vt 0.1344 0.1637
vt 0.0000 0.0000
vt 0.0794 -0.0000
vt -0.0550 0.1637
vt -0.0934 0.1637
vt 0.0000 0.0000
vt 0.0788 -0.0000
vt 0.0549 0.1877
vt 0.0167 0.1877
vt 0.0000 0.0000
vt 0.0788 0.0000
vt 0.0621 0.1877
vt 0.0239 0.1877
vt 0.0000 0.0000
vt 0.0964 -0.0000
vt 0.1403 0.1645
vt 0.0936 0.1645
vt 0.0000 0.0000
vt 0.0964 -0.0000
vt 0.0027 0.1645
vt -0.0439 0.1645
vt 0.0000 0.0000
vt 0.0892 -0.0000
vt 0.0646 0.1689
vt 0.0214 0.1689
vt 0.0000 0.0000
vt 0.0892 -0.0000
vt 0.0678 0.1689
vt 0.0246 0.1689
vt 0.0000 0.0000
vt 0.0822 0.0000
vt 0.0581 0.1697
vt 0.0183 0.1697
vt 0.0000 0.0000
vt 0.0822 0.0000
vt 0.0639 0.1697
vt 0.0241 0.1697
vt 0.0000 0.0000
vt 0.1221 0.0000
vt 0.1904 0.1101
vt 0.1313 0.1101
vt 0.0000 0.0000
vt 0.1221 -0.0000
vt -0.0092 0.1101
vt -0.0683 0.1101
vt 0.0000 0.0000
vt 0.1146 0.0000
vt 0.0731 0.1283
vt 0.0176 0.1283
vt 0.0000 0.0000
vt 0.1146 -0.0000
vt 0.0969 0.1283
vt 0.0415 0.1283
vt 0.0000 0.0000
vt 0.1214 0.0000
vt 0.0706 0.1344
vt 0.0119 0.1344
vt 0.0000 0.0000
vt 0.1214 -0.0000
vt 0.1095 0.1344
vt 0.0508 0.1344
vt 0.0000 0.0000
vt 0.1005 -0.0000
vt 0.0193 0.1406
vt -0.0293 0.1406
vt 0.0000 0.0000
vt 0.1005 -0.0000
vt 0.1297 0.1406
vt 0.0811 0.1406
vt 0.0000 0.0000
vt 0.1082 0.0000
vt -0.0596 0.1175
vt -0.1120 0.1175
vt 0.0000 0.0000
vt 0.1082 0.0000
vt 0.2202 0.1175
vt 0.1678 0.1175
vt 0.0000 0.0000
vt 0.0765 0.0000
vt 0.1594 0.1643
vt 0.1224 0.1643
vt 0.0000 0.0000
vt 0.0765 0.0000
vt -0.0459 0.1643
vt -0.0829 0.1643
vt 0.0000 0.0000
vt 0.0450 -0.0000
vt 0.1049 0.1370
vt 0.0000 0.0000
vt 0.0450 -0.0000
vt -0.0598 0.1371
vt 0.0000 0.0000
vt 0.0461 0.0000
vt 0.0407 0.1439
vt 0.0000 0.0000
vt 0.0461 -0.0000
vt 0.0054 0.1439
vt 0.0000 0.0000
vt 0.0484 0.0000
vt 0.0560 0.1326
vt 0.0000 0.0000
vt 0.0484 0.0000
vt -0.0076 0.1327
vt 0.0000 0.0000
vt 0.0522 0.0000
vt -0.0534 0.1216
vt 0.0000 0.0000
vt 0.0522 0.0000
vt 0.1056 0.1217
vt 0.0000 0.0000
vt 0.0481 -0.0000
vt -0.0756 0.1422
vt 0.0000 0.0000
vt 0.0481 -0.0000
vt 0.1238 0.1422
vt 0.0000 0.0000
vt 0.0476 0.0000
vt 0.1496 0.1146
vt 0.0000 0.0000
vt 0.0476 -0.0000
vt -0.1021 0.1147
vt 0.0000 0.0000
vt 0.0423 -0.0000
vt 0.0827 0.1293
vt 0.0000 0.0000
vt 0.0423 -0.0000
vt -0.0405 0.1293
vt 0.0000 0.0000
vt 0.0450 0.0000
vt 0.0547 0.1239
vt 0.0000 0.0000
vt 0.0450 0.0000
vt -0.0097 0.1240
vt 0.0000 0.0000
vt 0.0445 0.0000
vt 0.0066 0.1241
vt 0.0000 0.0000
vt 0.0445 0.0000
vt 0.0380 0.1242
vt 0.0000 0.0000
vt 0.0470 0.0000
vt -0.0473 0.1209
vt 0.0000 0.0000
vt 0.0470 0.0000
vt 0.0943 0.1209
vt 0.0000 0.0000
vt 0.0356 -0.0000
vt -0.0366 0.1489
vt 0.0000 0.0000
vt 0.0356 -0.0000
vt 0.0722 0.1489
vt 0.0000 0.0000
vt 0.0425 0.0000
vt -0.1204 0.1135
vt 0.0000 0.0000
vt 0.0425 0.0000
vt 0.1630 0.1135
vt 0.0000 0.0000
vt 0.0384 0.0000
vt 0.1260 0.1535
vt 0.0000 0.0000
vt 0.0384 -0.0000
vt -0.0876 0.1535
vt 0.0000 0.0000
vt 0.0381 -0.0000
vt 0.0157 0.1760
vt 0.0000 0.0000
vt 0.0381 -0.0000
vt 0.0225 0.1760
vt 0.0000 0.0000
vt 0.0466 -0.0000
vt 0.0878 0.1542
vt 0.0000 0.0000
vt 0.0466 -0.0000
vt -0.0412 0.1542
vt 0.0000 0.0000
vt 0.0432 0.0000
vt 0.0201 0.1583
vt 0.0000 0.0000
vt 0.0432 0.0000
vt 0.0231 0.1584
vt 0.0000 0.0000
vt 0.0398 -0.0000
vt 0.0172 0.1590
vt 0.0000 0.0000
vt 0.0398 -0.0000
vt 0.0226 0.1591
vt 0.0000 0.0000
vt 0.0591 -0.0000
vt 0.1231 0.1032
vt 0.0000 0.0000
vt 0.0591 -0.0000
vt -0.0640 0.1033
vt 0.0000 0.0000
vt 0.0554 -0.0000
vt 0.0165 0.1203
vt 0.0000 0.0000
vt 0.0554 0.0000
vt 0.0389 0.1204
vt 0.0000 0.0000
vt 0.0587 0.0000
vt 0.0111 0.1260
vt 0.0000 0.0000
vt 0.0587 0.0000
vt 0.0476 0.1260
vt 0.0000 0.0000
vt 0.0486 -0.0000
vt -0.0274 0.1318
vt 0.0000 0.0000
vt 0.0486 -0.0000
vt 0.0760 0.1319
vt 0.0000 0.0000
vt 0.0524 -0.0000
vt -0.1050 0.1102
vt 0.0000 0.0000
vt 0.0524 -0.0000
vt 0.1573 0.1103
vt 0.0000 0.0000
vt 0.0370 0.0000
vt 0.1147 0.1540
vt 0.0000 0.0000
vt 0.0370 -0.0000
vt -0.0777 0.1541
vt 0.0000 0.0000
vt 0.0656 -0.0000
vt 0.0000 0.3254
vt 0.0000 0.3394
vt 0.0000 0.0000
vt 0.0656 0.0000
vt -0.0000 0.3283
vt 0.0000 0.3381
vt 0.0000 0.0000
vt 0.0656 -0.0000
vt 0.0000 0.3297
vt 0.0000 0.3410
vt 0.0000 0.0000
vt 0.0656 0.0000
vt -0.0000 0.3269
vt 0.0000 0.3424
vt 0.0000 0.0000
vt 0.0656 -0.0000
vt 0.0070 0.3234
vt 0.0070 0.3403
vt 0.0000 0.0000
vt 0.0656 0.0000
vt -0.0152 0.3239
vt -0.0150 0.3344
vt 0.0000 0.0000
vt 0.0656 0.0000
vt -0.0070 0.3317
vt -0.0070 0.3399
vt 0.0000 0.0000
vt 0.0656 -0.0000
vt 0.0155 0.3305
vt 0.0156 0.3453
vt 0.0000 0.0000
vt 0.0656 -0.0000
vt 0.0234 0.3357
vt 0.0234 0.3438
vt 0.0000 0.0000
vt 0.0656 0.0000
vt -0.0125 0.3210
vt -0.0120 0.3444
vt 0.0000 0.0000
vt 0.0656 0.0000
vt -0.0215 0.3179
vt -0.0215 0.3353
vt 0.0000 0.0000
vt 0.0656 0.0000
vt 0.0120 0.3340
vt 0.0125 0.3354
vt 0.0000 0.0000
vt 0.0656 0.0000
vt -0.0232 0.3302
vt -0.0232 0.3426
vt 0.0000 0.0000
vt 0.0656 0.0000
vt 0.0584 0.3305
vt 0.0576 0.3431
vt 0.0000 0.0000
vt 0.0656 0.0000
vt 0.0234 0.3233
vt 0.0234 0.3360
vt 0.0000 0.0000
vt 0.0656 -0.0000
vt -0.0566 0.3144
vt -0.0574 0.3273
vt 0.0000 0.0000
vt 0.0656 0.0000
vt 0.0656 0.0656
vt 0.0000 0.0656
vt 0.0000 0.0000
vt 0.0656 0.0000
vt 0.0656 0.0656
vt -0.0000 0.0656
vt 0.0000 0.0000
vt 0.0883 0.0000
vt 0.0001 0.3074
vt 0.0001 0.3413
vt 0.0000 0.0000
vt 0.0883 0.0000
vt 0.0000 0.3115
vt 0.0007 0.3300
vt 0.0000 0.0000
vt 0.0883 0.0000
vt 0.0001 0.3233
vt 0.0001 0.3351
vt 0.0000 0.0000
vt 0.0883 0.0000
vt 0.0000 0.3189
vt 0.0007 0.3464
vt 0.0000 0.0000
vt 0.0883 0.0000
vt 0.0461 0.3211
vt 0.0461 0.3516
vt 0.0000 0.0000
vt 0.0883 0.0000
vt -0.0163 0.2931
vt -0.0213 0.3336
vt 0.0000 0.0000
vt 0.0883 0.0000
vt -0.0406 0.3033
vt -0.0406 0.3183
vt 0.0000 0.0000
vt 0.0883 -0.0000
vt 0.0225 0.3372
vt 0.0175 0.3404
vt 0.0000 0.0000
vt 0.0883 -0.0000
vt 0.0338 0.3259
vt 0.0338 0.3399
vt 0.0000 0.0000
vt 0.0883 0.0000
vt 0.0741 0.3221
vt 0.0731 0.3338
vt 0.0000 0.0000
vt 0.0883 0.0000
vt -0.0338 0.3010
vt -0.0338 0.3324
vt 0.0000 0.0000
vt 0.0883 0.0000
vt -0.0687 0.2924
vt -0.0696 0.3279
vt 0.0000 0.0000
vt 0.0883 0.0000
vt -0.0318 0.3028
vt -0.0318 0.3266
vt 0.0000 0.0000
vt 0.0883 -0.0000
vt -0.0446 0.3103
vt -0.0434 0.3339
vt 0.0000 0.0000
vt 0.0883 -0.0000
vt 0.0322 0.3242
vt 0.0322 0.3466
vt 0.0000 0.0000
vt 0.0883 -0.0000
vt 0.0442 0.3138
vt 0.0454 0.3369
vt 0.0000 0.0000
vt 0.0883 0.0000
vt 0.0883 0.0883
vt -0.0000 0.0883
vt 0.0000 0.0000
vt 0.0883 0.0000
vt 0.0883 0.0883
vt -0.0000 0.0883
vt 0.0000 0.0000
vt 0.0938 0.0000
vt 0.0010 0.4577
vt 0.0010 0.4889
vt 0.0000 0.0000
vt 0.0938 0.0000
vt 0.0020 0.4387
vt -0.0009 0.4753
vt 0.0000 0.0000
vt 0.0938 -0.0000
vt 0.0010 0.4516
vt 0.0010 0.4564
vt 0.0000 0.0000
vt 0.0938 0.0000
vt 0.0020 0.4709
vt -0.0009 0.4704
vt 0.0000 0.0000
vt 0.0938 0.0000
vt 0.0700 0.4709
vt 0.0700 0.4785
vt 0.0000 0.0000
vt 0.0938 -0.0000
vt 0.0943 0.4530
vt 0.0985 0.4704
vt 0.0000 0.0000
vt 0.0938 0.0000
vt -0.0690 0.4276
vt -0.0690 0.4571
vt 0.0000 0.0000
vt 0.0938 0.0000
vt -0.0937 0.4363
vt -0.0895 0.4575
vt 0.0000 0.0000
vt 0.0938 0.0000
vt -0.0513 0.4318
vt -0.0513 0.4710
vt 0.0000 0.0000
vt 0.0938 0.0000
vt -0.0046 0.4529
vt -0.0000 0.4634
vt 0.0000 0.0000
vt 0.0938 -0.0000
vt 0.0534 0.4720
vt 0.0534 0.4697
vt 0.0000 0.0000
vt 0.0938 -0.0000
vt 0.0026 0.4561
vt 0.0072 0.4829
vt 0.0000 0.0000
vt 0.0938 -0.0000
vt 0.1054 0.4486
vt 0.1054 0.4673
vt 0.0000 0.0000
vt 0.0938 -0.0000
vt -0.0417 0.4373
vt -0.0437 0.4559
vt 0.0000 0.0000
vt 0.0938 0.0000
vt -0.1030 0.4362
vt -0.1030 0.4554
vt 0.0000 0.0000
vt 0.0938 0.0000
vt 0.0441 0.4675
vt 0.0421 0.4854
vt 0.0000 0.0000
vt 0.0938 0.0000
vt 0.0938 0.0938
vt 0.0000 0.0938
vt 0.0000 0.0000
vt 0.0938 0.0000
vt 0.0938 0.0938
vt 0.0000 0.0938
vt 0.0000 0.0000
vt 0.1011 -0.0000
vt 0.1075 0.1152
vt 0.0064 0.1151
vt 0.0000 0.0000
vt 0.0625 0.0000
vt 0.0550 0.1150
vt -0.0075 0.1152
vt 0.0000 0.0000
vt 0.0610 0.0000
vt 0.0540 0.1150
vt -0.0070 0.1151
vt 0.0000 0.0000
vt 0.0729 0.0000
vt 0.0657 0.1148
vt -0.0073 0.1149
vt 0.0000 0.0000
vt 0.0515 0.0000
vt 0.0512 0.1150
vt -0.0003 0.1150
vt 0.0000 0.0000
vt 0.0566 -0.0000
vt 0.0512 0.1148
vt -0.0054 0.1149
vt 0.0000 0.0000
vt 0.0549 -0.0000
vt 0.0503 0.1148
vt -0.0046 0.1149
vt 0.0000 0.0000
vt 0.0555 0.0000
vt 0.0511 0.1147
vt -0.0044 0.1148
vt 0.0000 0.0000
vt 0.1031 0.0000
vt 0.0983 0.1146
vt -0.0048 0.1147
vt 0.0000 0.0000
vt 0.1070 0.0000
vt 0.1048 0.1146
vt -0.0023 0.1147
vt 0.0000 0.0000
vt 0.1245 0.0000
vt 0.1224 0.1145
vt -0.0021 0.1146
vt 0.0000 0.0000
vt 0.1420 0.0000
vt 0.1411 0.1145
vt -0.0009 0.1145
vt 0.0000 0.0000
vt 0.1038 0.0000
vt 0.1045 0.1145
vt 0.0007 0.1145
vt 0.0000 0.0000
vt 0.1602 0.0000
vt 0.1622 0.1146
vt 0.0019 0.1145
vt 0.0000 0.0000
vt 0.1668 0.0000
vt 0.1701 0.1147
vt 0.0034 0.1146
vt 0.0000 0.0000
vt 0.1783 0.0000
vt 0.1834 0.1149
vt 0.0051 0.1146
vt 0.0000 0.0000
vt 0.1855 0.0000
vt 0.1923 0.1151
vt 0.0067 0.1148
vt 0.0000 0.0000
vt 0.1131 0.0000
vt 0.1062 0.1149
vt -0.0070 0.1151
vt 0.0000 0.0000
vt 0.0680 0.0000
vt 0.0656 0.1151
vt -0.0023 0.1151
vt 0.0000 0.0000
vt 0.0794 0.0000
vt 0.0807 0.1151
vt 0.0013 0.1151
vt 0.0000 0.0000
vt 0.1146 0.0000
vt 0.1077 0.1147
vt -0.0070 0.1149
vt 0.0000 0.0000
vt 0.1218 0.0000
vt 0.1245 0.1150
vt 0.0027 0.1149
vt 0.0000 0.0000
vt 0.1906 0.0000
vt 0.1849 0.1146
vt -0.0057 0.1149
vt 0.0000 0.0000
vt 0.1524 0.0000
vt 0.1492 0.1145
vt -0.0032 0.1147
vt 0.0000 0.0000
vt 0.1561 0.0000
vt 0.1552 0.1145
vt -0.0010 0.1146
vt 0.0000 0.0000
vt 0.1476 0.0000
vt 0.1489 0.1146
vt 0.0013 0.1145
vt 0.0000 0.0000
vt 0.1601 -0.0000
vt 0.1636 0.1147
vt 0.0035 0.1145
vt 0.0000 0.0000
vt 0.0889 0.0000
vt 0.0918 0.1148
vt 0.0030 0.1147
vt 0.0000 0.0000
vt 0.0892 0.0000
vt 0.0937 0.1148
vt 0.0044 0.1147
vt 0.0000 0.0000
vt 0.0931 -0.0000
vt 0.0980 0.1149
vt 0.0049 0.1148
vt 0.0000 0.0000
vt 0.0874 0.0000
vt 0.0915 0.1151
vt 0.0041 0.1150
vt 0.0000 0.0000
vt 0.0882 0.0000
vt 0.0931 0.1151
vt 0.0049 0.1150
vt 0.0000 0.0000
vt 0.1011 -0.0000
vt -0.0848 0.1676
vt -0.1474 0.1675
vt 0.0000 0.0000
vt 0.1011 -0.0000
vt 0.2487 0.1678
vt 0.1861 0.1679
vt 0.0000 0.0000
vt 0.0625 -0.0000
vt 0.2231 0.1692
vt 0.1844 0.1692
vt 0.0000 0.0000
vt 0.0625 0.0000
vt -0.1222 0.1695
vt -0.1609 0.1694
vt 0.0000 0.0000
vt 0.0610 0.0000
vt 0.1996 0.1679
vt 0.1619 0.1679
vt 0.0000 0.0000
vt 0.0610 0.0000
vt -0.1012 0.1682
vt -0.1390 0.1681
vt 0.0000 0.0000
vt 0.0729 -0.0000
vt 0.2193 0.1307
vt 0.1742 0.1307
vt 0.0000 0.0000
vt 0.0729 -0.0000
vt -0.1016 0.1309
vt -0.1467 0.1308
vt 0.0000 0.0000
vt 0.0515 0.0000
vt -0.0231 0.1884
vt -0.0550 0.1884
vt 0.0000 0.0000
vt 0.0515 -0.0000
vt 0.1065 0.1887
vt 0.0746 0.1887
vt 0.0000 0.0000
vt 0.0566 0.0000
vt 0.1204 0.1837
vt 0.0854 0.1837
vt 0.0000 0.0000
vt 0.0566 0.0000
vt -0.0291 0.1840
vt -0.0641 0.1839
vt 0.0000 0.0000
vt 0.0549 0.0000
vt 0.0800 0.1890
vt 0.0460 0.1890
vt 0.0000 0.0000
vt 0.0549 0.0000
vt 0.0087 0.1892
vt -0.0253 0.1892
vt 0.0000 0.0000
vt 0.0555 -0.0000
vt 0.0681 0.1876
vt 0.0337 0.1876
vt 0.0000 0.0000
vt 0.0555 0.0000
vt 0.0216 0.1878
vt -0.0128 0.1878
vt 0.0000 0.0000
vt 0.1031 -0.0000
vt 0.1847 0.1441
vt 0.1208 0.1441
vt 0.0000 0.0000
vt 0.1031 0.0000
vt -0.0179 0.1442
vt -0.0818 0.1441
vt 0.0000 0.0000
vt 0.1070 0.0000
vt 0.0095 0.1555
vt -0.0568 0.1555
vt 0.0000 0.0000
vt 0.1070 0.0000
vt 0.1638 0.1557
vt 0.0974 0.1557
vt 0.0000 0.0000
vt 0.1245 -0.0000
vt 0.2045 0.1322
vt 0.1273 0.1322
vt 0.0000 0.0000
vt 0.1245 0.0000
vt -0.0029 0.1323
vt -0.0801 0.1323
vt 0.0000 0.0000
vt 0.1420 -0.0000
vt -0.0116 0.1181
vt -0.0997 0.1181
vt 0.0000 0.0000
vt 0.1420 -0.0000
vt 0.2417 0.1182
vt 0.1536 0.1182
vt 0.0000 0.0000
vt 0.1038 -0.0000
vt 0.1699 0.1625
vt 0.1055 0.1625
vt 0.0000 0.0000
vt 0.1038 0.0000
vt -0.0017 0.1626
vt -0.0661 0.1626
vt 0.0000 0.0000
vt 0.1602 -0.0000
vt 0.1801 0.1557
vt 0.0808 0.1557
vt 0.0000 0.0000
vt 0.1602 0.0000
vt 0.0795 0.1559
vt -0.0198 0.1559
vt 0.0000 0.0000
vt 0.1668 -0.0000
vt 0.1283 0.1550
vt 0.0249 0.1550
vt 0.0000 0.0000
vt 0.1668 -0.0000
vt 0.1420 0.1552
vt 0.0386 0.1552
vt 0.0000 0.0000
vt 0.1783 -0.0000
vt 0.0624 0.1524
vt -0.0480 0.1524
vt 0.0000 0.0000
vt 0.1783 0.0000
vt 0.2265 0.1525
vt 0.1161 0.1526
vt 0.0000 0.0000
vt 0.1855 0.0000
vt 0.0039 0.1560
vt -0.1110 0.1560
vt 0.0000 0.0000
vt 0.1855 -0.0000
vt 0.2968 0.1561
vt 0.1820 0.1563
vt 0.0000 0.0000
vt 0.1131 0.0000
vt 0.2704 0.1312
vt 0.2003 0.1312
vt 0.0000 0.0000
vt 0.1131 0.0000
vt -0.0875 0.1314
vt -0.1575 0.1314
vt 0.0000 0.0000
vt 0.0680 0.0000
vt 0.0913 0.1988
vt 0.0492 0.1988
vt 0.0000 0.0000
vt 0.0680 -0.0000
vt 0.0187 0.1991
vt -0.0234 0.1991
vt 0.0000 0.0000
vt 0.0794 0.0000
vt -0.0218 0.1871
vt -0.0710 0.1871
vt 0.0000 0.0000
vt 0.0794 0.0000
vt 0.1505 0.1874
vt 0.1012 0.1875
vt 0.0000 0.0000
vt 0.1146 -0.0000
vt 0.2479 0.1181
vt 0.1769 0.1181
vt 0.0000 0.0000
vt 0.1146 0.0000
vt -0.0626 0.1182
vt -0.1336 0.1182
vt 0.0000 0.0000
vt 0.1218 -0.0000
vt -0.0635 0.1113
vt -0.1390 0.1113
vt 0.0000 0.0000
vt 0.1218 -0.0000
vt 0.2610 0.1116
vt 0.1854 0.1116
vt 0.0000 0.0000
vt 0.1906 0.0000
vt 0.3049 0.1087
vt 0.1868 0.1087
vt 0.0000 0.0000
vt 0.1906 0.0000
vt 0.0035 0.1088
vt -0.1146 0.1088
vt 0.0000 0.0000
vt 0.1524 0.0000
vt 0.1952 0.1214
vt 0.1007 0.1214
vt 0.0000 0.0000
vt 0.1524 -0.0000
vt 0.0515 0.1216
vt -0.0429 0.1215
vt 0.0000 0.0000
vt 0.1561 0.0000
vt 0.1050 0.1285
vt 0.0082 0.1285
vt 0.0000 0.0000
vt 0.1561 0.0000
vt 0.1479 0.1286
vt 0.0511 0.1286
vt 0.0000 0.0000
vt 0.1476 -0.0000
vt 0.0991 0.1381
vt 0.0076 0.1381
vt 0.0000 0.0000
vt 0.1476 -0.0000
vt 0.1400 0.1382
vt 0.0485 0.1382
vt 0.0000 0.0000
vt 0.1601 0.0000
vt 0.0158 0.1202
vt -0.0834 0.1202
vt 0.0000 0.0000
vt 0.1601 -0.0000
vt 0.2437 0.1202
vt 0.1445 0.1203
vt 0.0000 0.0000
vt 0.0889 -0.0000
vt 0.1156 0.1778
vt 0.0605 0.1778
vt 0.0000 0.0000
vt 0.0889 -0.0000
vt 0.0284 0.1780
vt -0.0266 0.1781
vt 0.0000 0.0000
vt 0.0893 -0.0000
vt 0.0388 0.1791
vt -0.0165 0.1790
vt 0.0000 0.0000
vt 0.0892 0.0000
vt 0.1060 0.1793
vt 0.0507 0.1793
vt 0.0000 0.0000
vt 0.0931 0.0000
vt 0.0130 0.1806
vt -0.0446 0.1806
vt 0.0000 0.0000
vt 0.0931 -0.0000
vt 0.1379 0.1808
vt 0.0803 0.1809
vt 0.0000 0.0000
vt 0.0874 -0.0000
vt 0.0141 0.1935
vt -0.0401 0.1935
vt 0.0000 0.0000
vt 0.0874 0.0000
vt 0.1277 0.1938
vt 0.0735 0.1938
vt 0.0000 0.0000
vt 0.0882 -0.0000
vt -0.0322 0.1879
vt -0.0869 0.1878
vt 0.0000 0.0000
vt 0.0882 -0.0000
vt 0.1752 0.1881
vt 0.1206 0.1882
vt 0.0000 0.0000
vt 0.0626 -0.0000
vt -0.0935 0.1410
vt -0.1238 0.1410
vt 0.0000 0.0000
vt 0.0626 0.0000
vt 0.1864 0.1410
vt 0.1561 0.1410
vt 0.0000 0.0000
vt 0.0387 0.0000
vt 0.1736 0.1424
vt 0.1549 0.1424
vt 0.0000 0.0000
vt 0.0387 0.0000
vt -0.1162 0.1424
vt -0.1349 0.1424
vt 0.0000 0.0000
vt 0.0378 0.0000
vt 0.1542 0.1414
vt 0.1360 0.1414
vt 0.0000 0.0000
vt 0.0378 0.0000
vt -0.0982 0.1414
vt -0.1165 0.1414
vt 0.0000 0.0000
vt 0.0452 0.0000
vt 0.1683 0.1100
vt 0.1464 0.1100
vt 0.0000 0.0000
vt 0.0452 0.0000
vt -0.1013 0.1100
vt -0.1231 0.1100
vt 0.0000 0.0000
vt 0.0319 -0.0000
vt -0.0309 0.1585
vt -0.0463 0.1585
vt 0.0000 0.0000
vt 0.0319 0.0000
vt 0.0783 0.1585
vt 0.0628 0.1585
vt 0.0000 0.0000
vt 0.0350 0.0000
vt 0.0886 0.1547
vt 0.0717 0.1547
vt 0.0000 0.0000
vt 0.0350 -0.0000
vt -0.0367 0.1547
vt -0.0536 0.1547
vt 0.0000 0.0000
vt 0.0340 0.0000
vt 0.0550 0.1591
vt 0.0385 0.1591
vt 0.0000 0.0000
vt 0.0340 0.0000
vt -0.0045 0.1591
vt -0.0210 0.1591
vt 0.0000 0.0000
vt 0.0344 -0.0000
vt 0.0449 0.1579
vt 0.0283 0.1579
vt 0.0000 0.0000
vt 0.0344 0.0000
vt 0.0061 0.1580
vt -0.0105 0.1579
vt 0.0000 0.0000
vt 0.0639 0.0000
vt 0.1326 0.1213
vt 0.1017 0.1213
vt 0.0000 0.0000
vt 0.0639 0.0000
vt -0.0378 0.1213
vt -0.0687 0.1213
vt 0.0000 0.0000
vt 0.0664 -0.0000
vt -0.0158 0.1309
vt -0.0479 0.1309
vt 0.0000 0.0000
vt 0.0664 0.0000
vt 0.1143 0.1309
vt 0.0821 0.1309
vt 0.0000 0.0000
vt 0.0772 -0.0000
vt 0.1446 0.1113
vt 0.1072 0.1113
vt 0.0000 0.0000
vt 0.0772 -0.0000
vt -0.0300 0.1113
vt -0.0674 0.1113
vt 0.0000 0.0000
vt 0.0881 0.0000
vt -0.0413 0.0994
vt -0.0839 0.0994
vt 0.0000 0.0000
vt 0.0881 -0.0000
vt 0.1720 0.0994
vt 0.1294 0.0994
vt 0.0000 0.0000
vt 0.0644 -0.0000
vt 0.1200 0.1369
vt 0.0889 0.1369
vt 0.0000 0.0000
vt 0.0644 -0.0000
vt -0.0245 0.1369
vt -0.0557 0.1369
vt 0.0000 0.0000
vt 0.0993 -0.0000
vt 0.1161 0.1312
vt 0.0680 0.1312
vt 0.0000 0.0000
vt 0.0993 -0.0000
vt 0.0313 0.1312
vt -0.0168 0.1312
vt 0.0000 0.0000
vt 0.1034 -0.0000
vt 0.0710 0.1305
vt 0.0210 0.1305
vt 0.0000 0.0000
vt 0.1034 -0.0000
vt 0.0823 0.1305
vt 0.0323 0.1305
vt 0.0000 0.0000
vt 0.1105 -0.0000
vt 0.0131 0.1283
vt -0.0404 0.1283
vt 0.0000 0.0000
vt 0.1105 0.0000
vt 0.1508 0.1283
vt 0.0974 0.1283
vt 0.0000 0.0000
vt 0.1149 -0.0000
vt -0.0377 0.1313
vt -0.0933 0.1313
vt 0.0000 0.0000
vt 0.1149 -0.0000
vt 0.2082 0.1313
vt 0.1526 0.1313
vt 0.0000 0.0000
vt 0.0701 -0.0000
vt 0.2022 0.1104
vt 0.1684 0.1104
vt 0.0000 0.0000
vt 0.0701 -0.0000
vt -0.0983 0.1104
vt -0.1322 0.1104
vt 0.0000 0.0000
vt 0.0421 0.0000
vt 0.0617 0.1672
vt 0.0413 0.1672
vt 0.0000 0.0000
vt 0.0421 -0.0000
vt 0.0009 0.1672
vt -0.0195 0.1672
vt 0.0000 0.0000
vt 0.0492 -0.0000
vt -0.0359 0.1574
vt -0.0597 0.1574
vt 0.0000 0.0000
vt 0.0492 0.0000
vt 0.1090 0.1574
vt 0.0851 0.1574
vt 0.0000 0.0000
vt 0.0710 0.0000
vt 0.1831 0.0994
vt 0.1488 0.0994
vt 0.0000 0.0000
vt 0.0710 -0.0000
vt -0.0778 0.0994
vt -0.1121 0.0994
vt 0.0000 0.0000
vt 0.0755 0.0000
vt -0.0804 0.0937
vt -0.1170 0.0937
vt 0.0000 0.0000
vt 0.0755 0.0000
vt 0.1925 0.0937
vt 0.1560 0.0937
vt 0.0000 0.0000
vt 0.1181 0.0000
vt 0.2143 0.0916
vt 0.1572 0.0916
vt 0.0000 0.0000
vt 0.1181 -0.0000
vt -0.0391 0.0916
vt -0.0963 0.0916
vt 0.0000 0.0000
vt 0.0945 0.0000
vt 0.1305 0.1023
vt 0.0848 0.1023
vt 0.0000 0.0000
vt 0.0945 0.0000
vt 0.0097 0.1023
vt -0.0360 0.1023
vt 0.0000 0.0000
vt 0.0968 -0.0000
vt 0.0537 0.1082
vt 0.0069 0.1082
vt 0.0000 0.0000
vt 0.0968 -0.0000
vt 0.0899 0.1082
vt 0.0431 0.1082
vt 0.0000 0.0000
vt 0.0915 -0.0000
vt 0.0507 0.1163
vt 0.0064 0.1163
vt 0.0000 0.0000
vt 0.0915 0.0000
vt 0.0851 0.1163
vt 0.0408 0.1163
vt 0.0000 0.0000
vt 0.0992 0.0000
vt -0.0223 0.1012
vt -0.0703 0.1012
vt 0.0000 0.0000
vt 0.0992 -0.0000
vt 0.1695 0.1012
vt 0.1215 0.1012
vt 0.0000 0.0000
vt 0.0551 0.0000
vt 0.0777 0.1497
vt 0.0511 0.1497
vt 0.0000 0.0000
vt 0.0551 -0.0000
vt 0.0040 0.1497
vt -0.0226 0.1497
vt 0.0000 0.0000
vt 0.0553 -0.0000
vt 0.0129 0.1507
vt -0.0138 0.1507
vt 0.0000 0.0000
vt 0.0553 -0.0000
vt 0.0691 0.1507
vt 0.0424 0.1508
vt 0.0000 0.0000
vt 0.0577 -0.0000
vt -0.0095 0.1521
vt -0.0374 0.1521
vt 0.0000 0.0000
vt 0.0577 -0.0000
vt 0.0951 0.1521
vt 0.0672 0.1521
vt 0.0000 0.0000
vt 0.0542 0.0000
vt -0.0074 0.1628
vt -0.0336 0.1628
vt 0.0000 0.0000
vt 0.0542 0.0000
vt 0.0878 0.1628
vt 0.0615 0.1628
vt 0.0000 0.0000
vt 0.0546 -0.0000
vt -0.0465 0.1581
vt -0.0729 0.1581
vt 0.0000 0.0000
vt 0.0546 0.0000
vt 0.1275 0.1581
vt 0.1011 0.1581
vt 0.0000 0.0000
vt 0.0303 0.0000
vt -0.1159 0.1322
vt 0.0000 0.0000
vt 0.0303 0.0000
vt 0.1462 0.1322
vt 0.0000 0.0000
vt 0.0187 0.0000
vt 0.1450 0.1335
vt 0.0000 0.0000
vt 0.0187 0.0000
vt -0.1263 0.1335
vt 0.0000 0.0000
vt 0.0183 -0.0000
vt 0.1273 0.1325
vt 0.0000 0.0000
vt 0.0183 -0.0000
vt -0.1091 0.1325
vt 0.0000 0.0000
vt 0.0218 -0.0000
vt 0.1372 0.1032
vt 0.0000 0.0000
vt 0.0218 0.0000
vt -0.1153 0.1032
vt 0.0000 0.0000
vt 0.0155 -0.0000
vt -0.0434 0.1485
vt 0.0000 0.0000
vt 0.0155 -0.0000
vt 0.0589 0.1485
vt 0.0000 0.0000
vt 0.0170 0.0000
vt 0.0671 0.1450
vt 0.0000 0.0000
vt 0.0170 0.0000
vt -0.0502 0.1450
vt 0.0000 0.0000
vt 0.0165 0.0000
vt 0.0361 0.1491
vt 0.0000 0.0000
vt 0.0165 -0.0000
vt -0.0196 0.1491
vt 0.0000 0.0000
vt 0.0166 0.0000
vt 0.0265 0.1481
vt 0.0000 0.0000
vt 0.0166 0.0000
vt -0.0098 0.1481
vt 0.0000 0.0000
vt 0.0309 0.0000
vt 0.0953 0.1137
vt 0.0000 0.0000
vt 0.0309 -0.0000
vt -0.0644 0.1137
vt 0.0000 0.0000
vt 0.0321 0.0000
vt -0.0449 0.1227
vt 0.0000 0.0000
vt 0.0321 0.0000
vt 0.0770 0.1227
vt 0.0000 0.0000
vt 0.0374 -0.0000
vt 0.1005 0.1044
vt 0.0000 0.0000
vt 0.0374 -0.0000
vt -0.0632 0.1044
vt 0.0000 0.0000
vt 0.0426 -0.0000
vt -0.0787 0.0932
vt 0.0000 0.0000
vt 0.0426 -0.0000
vt 0.1213 0.0932
vt 0.0000 0.0000
vt 0.0311 0.0000
vt 0.0833 0.1283
vt 0.0000 0.0000
vt 0.0311 0.0000
vt -0.0522 0.1283
vt 0.0000 0.0000
vt 0.0481 -0.0000
vt 0.0638 0.1230
vt 0.0000 0.0000
vt 0.0481 -0.0000
vt -0.0157 0.1230
vt 0.0000 0.0000
vt 0.0500 0.0000
vt 0.0197 0.1224
vt 0.0000 0.0000
vt 0.0500 -0.0000
vt 0.0303 0.1224
vt 0.0000 0.0000
vt 0.0534 0.0000
vt -0.0378 0.1203
vt 0.0000 0.0000
vt 0.0534 -0.0000
vt 0.0912 0.1203
vt 0.0000 0.0000
vt 0.0556 -0.0000
vt -0.0874 0.1231
vt 0.0000 0.0000
vt 0.0556 0.0000
vt 0.1429 0.1231
vt 0.0000 0.0000
vt 0.0339 -0.0000
vt 0.1577 0.1035
vt 0.0000 0.0000
vt 0.0339 0.0000
vt -0.1238 0.1035
vt 0.0000 0.0000
vt 0.0204 -0.0000
vt 0.0386 0.1567
vt 0.0000 0.0000
vt 0.0204 0.0000
vt -0.0183 0.1567
vt 0.0000 0.0000
vt 0.0238 -0.0000
vt -0.0560 0.1475
vt 0.0000 0.0000
vt 0.0238 -0.0000
vt 0.0798 0.1475
vt 0.0000 0.0000
vt 0.0343 0.0000
vt 0.1394 0.0932
vt 0.0000 0.0000
vt 0.0343 -0.0000
vt -0.1051 0.0932
vt 0.0000 0.0000
vt 0.0365 -0.0000
vt -0.1096 0.0878
vt 0.0000 0.0000
vt 0.0365 -0.0000
vt 0.1462 0.0878
vt 0.0000 0.0000
vt 0.0571 0.0000
vt 0.1473 0.0858
vt 0.0000 0.0000
vt 0.0571 -0.0000
vt -0.0902 0.0858
vt 0.0000 0.0000
vt 0.0457 -0.0000
vt 0.0795 0.0959
vt 0.0000 0.0000
vt 0.0457 0.0000
vt -0.0338 0.0959
vt 0.0000 0.0000
vt 0.0468 -0.0000
vt 0.0065 0.1014
vt 0.0000 0.0000
vt 0.0468 0.0000
vt 0.0404 0.1014
vt 0.0000 0.0000
vt 0.0443 -0.0000
vt 0.0060 0.1090
vt 0.0000 0.0000
vt 0.0443 -0.0000
vt 0.0382 0.1090
vt 0.0000 0.0000
vt 0.0480 -0.0000
vt -0.0659 0.0949
vt 0.0000 0.0000
vt 0.0480 0.0000
vt 0.1139 0.0949
vt 0.0000 0.0000
vt 0.0266 -0.0000
vt 0.0479 0.1403
vt 0.0000 0.0000
vt 0.0266 -0.0000
vt -0.0212 0.1403
vt 0.0000 0.0000
vt 0.0268 0.0000
vt -0.0129 0.1413
vt 0.0000 0.0000
vt 0.0268 0.0000
vt 0.0397 0.1413
vt 0.0000 0.0000
vt 0.0279 0.0000
vt -0.0350 0.1425
vt 0.0000 0.0000
vt 0.0279 -0.0000
vt 0.0629 0.1425
vt 0.0000 0.0000
vt 0.0262 0.0000
vt -0.0314 0.1526
vt 0.0000 0.0000
vt 0.0262 -0.0000
vt 0.0576 0.1526
vt 0.0000 0.0000
vt 0.0264 0.0000
vt -0.0682 0.1482
vt 0.0000 0.0000
vt 0.0264 0.0000
vt 0.0947 0.1482
vt 0.0000 0.0000
vt 0.2616 0.0000
vt 0.2619 0.1087
vt 0.0003 0.1087
vt 0.0000 0.0000
vt 0.2458 0.0000
vt 0.2449 0.1087
vt -0.0009 0.1087
vt 0.0000 0.0000
vt 0.2262 0.0000
vt 0.2244 0.1085
vt -0.0018 0.1087
vt 0.0000 0.0000
vt 0.1100 0.0000
vt 0.1083 0.1085
vt -0.0016 0.1085
vt 0.0000 0.0000
vt 0.1561 0.0000
vt 0.1570 0.1085
vt 0.0009 0.1085
vt 0.0000 0.0000
vt 0.1211 0.0000
vt 0.1200 0.1085
vt -0.0011 0.1085
vt 0.0000 0.0000
vt 0.1241 0.0000
vt 0.1237 0.1085
vt -0.0004 0.1085
vt 0.0000 0.0000
vt 0.1293 0.0000
vt 0.1285 0.1085
vt -0.0008 0.1085
vt 0.0000 0.0000
vt 0.1115 0.0000
vt 0.1131 0.1085
vt 0.0016 0.1084
vt 0.0000 0.0000
vt 0.1307 -0.0000
vt 0.1296 0.1085
vt -0.0011 0.1085
vt 0.0000 0.0000
vt 0.1215 0.0000
vt 0.1217 0.1085
vt 0.0002 0.1085
vt 0.0000 0.0000
vt 0.1220 -0.0000
vt 0.1245 0.1085
vt 0.0024 0.1084
vt 0.0000 0.0000
vt 0.1127 0.0000
vt 0.1139 0.1086
vt 0.0012 0.1085
vt 0.0000 0.0000
vt 0.1263 0.0000
vt 0.1269 0.1086
vt 0.0007 0.1086
vt 0.0000 0.0000
vt 0.1056 0.0000
vt 0.1068 0.1086
vt 0.0012 0.1086
vt 0.0000 0.0000
vt 0.0971 -0.0000
vt 0.0980 0.1087
vt 0.0008 0.1087
vt 0.0000 0.0000
vt 0.1336 0.0000
vt 0.1344 0.1087
vt 0.0009 0.1087
vt 0.0000 0.0000
vt 0.1120 0.0000
vt 0.1120 0.1087
vt 0.0000 0.1087
vt 0.0000 0.0000
vt 0.1222 -0.0000
vt 0.1220 0.1087
vt -0.0002 0.1087
vt 0.0000 0.0000
vt 0.1220 0.0000
vt 0.1214 0.1087
vt -0.0007 0.1087
vt 0.0000 0.0000
vt 0.1196 0.0000
vt 0.1187 0.1086
vt -0.0009 0.1087
vt 0.0000 0.0000
vt 0.1273 0.0000
vt 0.1253 0.1086
vt -0.0020 0.1086
vt 0.0000 0.0000
vt 0.1572 0.0000
vt 0.1571 0.1086
vt -0.0001 0.1086
vt 0.0000 0.0000
vt 0.1572 -0.0000
vt 0.1570 0.1086
vt -0.0001 0.1086
vt 0.0000 0.0000
vt 0.1515 0.0000
vt 0.1505 0.1085
vt -0.0010 0.1086
vt 0.0000 0.0000
vt 0.1565 0.0000
vt 0.1563 0.1085
vt -0.0001 0.1085
vt 0.0000 0.0000
vt 0.1448 0.0000
vt 0.1446 0.1085
vt -0.0002 0.1085
vt 0.0000 0.0000
vt 0.1623 0.0000
vt 0.1612 0.1084
vt -0.0011 0.1085
vt 0.0000 0.0000
vt 0.1670 0.0000
vt 0.1658 0.1084
vt -0.0012 0.1084
vt 0.0000 0.0000
vt 0.1043 0.0000
vt 0.1066 0.1084
vt 0.0023 0.1084
vt 0.0000 0.0000
vt 0.1063 0.0000
vt 0.1086 0.1085
vt 0.0023 0.1084
vt 0.0000 0.0000
vt 0.1015 -0.0000
vt 0.1032 0.1086
vt 0.0017 0.1085
vt 0.0000 0.0000
vt 0.1099 0.0000
vt 0.1108 0.1086
vt 0.0009 0.1086
vt 0.0000 0.0000
vt 0.2308 0.0000
vt 0.2323 0.1087
vt 0.0014 0.1086
vt 0.0000 0.0000
vt 0.2616 -0.0000
vt 0.3185 0.2187
vt 0.1564 0.2187
vt 0.0000 0.0000
vt 0.2616 -0.0000
vt 0.1052 0.2188
vt -0.0570 0.2188
vt 0.0000 0.0000
vt 0.2458 0.0000
vt 0.1679 0.2255
vt 0.0155 0.2255
vt 0.0000 0.0000
vt 0.2458 0.0000
vt 0.2303 0.2255
vt 0.0779 0.2255
vt 0.0000 0.0000
vt 0.2262 -0.0000
vt 0.1106 0.2367
vt -0.0296 0.2367
vt 0.0000 0.0000
vt 0.2262 -0.0000
vt 0.2559 0.2368
vt 0.1157 0.2368
vt 0.0000 0.0000
vt 0.1100 -0.0000
vt 0.0691 0.2635
vt 0.0010 0.2634
vt 0.0000 0.0000
vt 0.1100 0.0000
vt 0.1091 0.2635
vt 0.0409 0.2635
vt 0.0000 0.0000
vt 0.1561 -0.0000
vt 0.2888 0.1849
vt 0.1921 0.1849
vt 0.0000 0.0000
vt 0.1561 0.0000
vt -0.0360 0.1850
vt -0.1328 0.1850
vt 0.0000 0.0000
vt 0.1211 -0.0000
vt 0.0665 0.2275
vt -0.0085 0.2275
vt 0.0000 0.0000
vt 0.1211 0.0000
vt 0.1296 0.2275
vt 0.0546 0.2276
vt 0.0000 0.0000
vt 0.1241 -0.0000
vt 0.0820 0.2339
vt 0.0050 0.2339
vt 0.0000 0.0000
vt 0.1241 -0.0000
vt 0.1191 0.2340
vt 0.0421 0.2340
vt 0.0000 0.0000
vt 0.1293 -0.0000
vt 0.0171 0.2291
vt -0.0631 0.2291
vt 0.0000 0.0000
vt 0.1293 -0.0000
vt 0.1925 0.2292
vt 0.1123 0.2292
vt 0.0000 0.0000
vt 0.1115 0.0000
vt 0.1571 0.2395
vt 0.0880 0.2395
vt 0.0000 0.0000
vt 0.1115 -0.0000
vt 0.0235 0.2396
vt -0.0456 0.2396
vt 0.0000 0.0000
vt 0.1307 0.0000
vt -0.0746 0.1876
vt -0.1556 0.1876
vt 0.0000 0.0000
vt 0.1307 -0.0000
vt 0.2864 0.1877
vt 0.2054 0.1877
vt 0.0000 0.0000
vt 0.1215 -0.0000
vt -0.0283 0.2581
vt -0.1036 0.2581
vt 0.0000 0.0000
vt 0.1215 -0.0000
vt 0.2251 0.2582
vt 0.1498 0.2582
vt 0.0000 0.0000
vt 0.1220 -0.0000
vt 0.2093 0.2668
vt 0.1337 0.2668
vt 0.0000 0.0000
vt 0.1220 0.0000
vt -0.0117 0.2669
vt -0.0874 0.2669
vt 0.0000 0.0000
vt 0.1127 -0.0000
vt 0.0253 0.2772
vt -0.0446 0.2772
vt 0.0000 0.0000
vt 0.1127 -0.0000
vt 0.1573 0.2772
vt 0.0874 0.2772
vt 0.0000 0.0000
vt 0.1263 -0.0000
vt -0.0474 0.2620
vt -0.1257 0.2620
vt 0.0000 0.0000
vt 0.1263 -0.0000
vt 0.2520 0.2621
vt 0.1737 0.2621
vt 0.0000 0.0000
vt 0.1056 -0.0000
vt 0.0497 0.3140
vt -0.0158 0.3140
vt 0.0000 0.0000
vt 0.1056 -0.0000
vt 0.1214 0.3140
vt 0.0559 0.3140
vt 0.0000 0.0000
vt 0.0971 0.0000
vt 0.0132 0.3154
vt -0.0470 0.3154
vt 0.0000 0.0000
vt 0.0971 0.0000
vt 0.1441 0.3155
vt 0.0839 0.3155
vt 0.0000 0.0000
vt 0.1336 0.0000
vt 0.3199 0.2244
vt 0.2371 0.2244
vt 0.0000 0.0000
vt 0.1336 -0.0000
vt -0.1035 0.2244
vt -0.1863 0.2244
vt 0.0000 0.0000
vt 0.1120 0.0000
vt 0.0005 0.2834
vt -0.0690 0.2834
vt 0.0000 0.0000
vt 0.1120 -0.0000
vt 0.1809 0.2834
vt 0.1115 0.2834
vt 0.0000 0.0000
vt 0.1222 -0.0000
vt 0.1801 0.2861
vt 0.1044 0.2861
vt 0.0000 0.0000
vt 0.1222 -0.0000
vt 0.0178 0.2861
vt -0.0579 0.2861
vt 0.0000 0.0000
vt 0.1220 -0.0000
vt 0.1543 0.2811
vt 0.0787 0.2811
vt 0.0000 0.0000
vt 0.1220 -0.0000
vt 0.0434 0.2811
vt -0.0323 0.2811
vt 0.0000 0.0000
vt 0.1196 -0.0000
vt 0.1606 0.2694
vt 0.0865 0.2694
vt 0.0000 0.0000
vt 0.1196 0.0000
vt 0.0331 0.2694
vt -0.0410 0.2694
vt 0.0000 0.0000
vt 0.1273 -0.0000
vt -0.0245 0.2521
vt -0.1034 0.2521
vt 0.0000 0.0000
vt 0.1273 0.0000
vt 0.2307 0.2522
vt 0.1518 0.2522
vt 0.0000 0.0000
vt 0.1572 -0.0000
vt 0.2969 0.2164
vt 0.1994 0.2164
vt 0.0000 0.0000
vt 0.1572 0.0000
vt -0.0422 0.2165
vt -0.1397 0.2165
vt 0.0000 0.0000
vt 0.1572 -0.0000
vt 0.2453 0.2109
vt 0.1479 0.2109
vt 0.0000 0.0000
vt 0.1572 0.0000
vt 0.0093 0.2110
vt -0.0881 0.2110
vt 0.0000 0.0000
vt 0.1515 -0.0000
vt 0.1197 0.2271
vt 0.0257 0.2271
vt 0.0000 0.0000
vt 0.1515 0.0000
vt 0.1258 0.2272
vt 0.0319 0.2272
vt 0.0000 0.0000
vt 0.1565 -0.0000
vt 0.1487 0.2235
vt 0.0517 0.2234
vt 0.0000 0.0000
vt 0.1565 -0.0000
vt 0.1048 0.2235
vt 0.0078 0.2235
vt 0.0000 0.0000
vt 0.1448 0.0000
vt 0.0816 0.2234
vt -0.0082 0.2234
vt 0.0000 0.0000
vt 0.1448 0.0000
vt 0.1530 0.2235
vt 0.0632 0.2235
vt 0.0000 0.0000
vt 0.1623 -0.0000
vt -0.0196 0.1987
vt -0.1202 0.1987
vt 0.0000 0.0000
vt 0.1623 0.0000
vt 0.2826 0.1988
vt 0.1819 0.1988
vt 0.0000 0.0000
vt 0.1670 -0.0000
vt -0.0714 0.2048
vt -0.1750 0.2048
vt 0.0000 0.0000
vt 0.1670 0.0000
vt 0.3420 0.2049
vt 0.2385 0.2049
vt 0.0000 0.0000
vt 0.1043 0.0000
vt 0.1482 0.3030
vt 0.0835 0.3030
vt 0.0000 0.0000
vt 0.1043 -0.0000
vt 0.0207 0.3031
vt -0.0440 0.3031
vt 0.0000 0.0000
vt 0.1063 0.0000
vt 0.1626 0.2905
vt 0.0967 0.2905
vt 0.0000 0.0000
vt 0.1063 0.0000
vt 0.0095 0.2906
vt -0.0564 0.2905
vt 0.0000 0.0000
vt 0.1015 0.0000
vt 0.0864 0.2950
vt 0.0235 0.2950
vt 0.0000 0.0000
vt 0.1015 0.0000
vt 0.0780 0.2950
vt 0.0151 0.2950
vt 0.0000 0.0000
vt 0.1099 -0.0000
vt -0.0296 0.2787
vt -0.0978 0.2787
vt 0.0000 0.0000
vt 0.1099 0.0000
vt 0.2076 0.2788
vt 0.1395 0.2788
vt 0.0000 0.0000
vt 0.2308 0.0000
vt 0.3286 0.2505
vt 0.1855 0.2505
vt 0.0000 0.0000
vt 0.2308 -0.0000
vt 0.0453 0.2505
vt -0.0978 0.2505
vt 0.0000 0.0000
vt 0.1622 -0.0000
vt 0.2101 0.1842
vt 0.1317 0.1842
vt 0.0000 0.0000
vt 0.1622 0.0000
vt 0.0305 0.1842
vt -0.0479 0.1842
vt 0.0000 0.0000
vt 0.1524 0.0000
vt 0.0868 0.1899
vt 0.0130 0.1899
vt 0.0000 0.0000
vt 0.1524 0.0000
vt 0.1393 0.1899
vt 0.0656 0.1899
vt 0.0000 0.0000
vt 0.1402 0.0000
vt 0.0429 0.1993
vt -0.0249 0.1993
vt 0.0000 0.0000
vt 0.1402 0.0000
vt 0.1651 0.1994
vt 0.0973 0.1994
vt 0.0000 0.0000
vt 0.0682 -0.0000
vt 0.0338 0.2218
vt 0.0008 0.2218
vt 0.0000 0.0000
vt 0.0682 -0.0000
vt 0.0673 0.2218
vt 0.0343 0.2218
vt 0.0000 0.0000
vt 0.0968 0.0000
vt 0.2085 0.1557
vt 0.1617 0.1557
vt 0.0000 0.0000
vt 0.0968 -0.0000
vt -0.0649 0.1557
vt -0.1118 0.1557
vt 0.0000 0.0000
vt 0.0751 -0.0000
vt 0.0292 0.1915
vt -0.0072 0.1915
vt 0.0000 0.0000
vt 0.0751 -0.0000
vt 0.0822 0.1915
vt 0.0459 0.1915
vt 0.0000 0.0000
vt 0.0770 0.0000
vt 0.0415 0.1969
vt 0.0043 0.1969
vt 0.0000 0.0000
vt 0.0770 -0.0000
vt 0.0727 0.1969
vt 0.0355 0.1969
vt 0.0000 0.0000
vt 0.0802 0.0000
vt -0.0143 0.1929
vt -0.0531 0.1929
vt 0.0000 0.0000
vt 0.0802 -0.0000
vt 0.1333 0.1929
vt 0.0945 0.1929
vt 0.0000 0.0000
vt 0.0691 -0.0000
vt 0.1075 0.2016
vt 0.0740 0.2016
vt 0.0000 0.0000
vt 0.0691 -0.0000
vt -0.0049 0.2016
vt -0.0383 0.2016
vt 0.0000 0.0000
vt 0.0811 -0.0000
vt -0.0918 0.1580
vt -0.1310 0.1580
vt 0.0000 0.0000
vt 0.0811 -0.0000
vt 0.2121 0.1580
vt 0.1729 0.1580
vt 0.0000 0.0000
vt 0.0753 -0.0000
vt -0.0508 0.2173
vt -0.0873 0.2173
vt 0.0000 0.0000
vt 0.0753 -0.0000
vt 0.1626 0.2173
vt 0.1262 0.2173
vt 0.0000 0.0000
vt 0.0756 0.0000
vt 0.1491 0.2247
vt 0.1125 0.2247
vt 0.0000 0.0000
vt 0.0756 0.0000
vt -0.0368 0.2247
vt -0.0734 0.2247
vt 0.0000 0.0000
vt 0.0699 0.0000
vt -0.0038 0.2334
vt -0.0376 0.2334
vt 0.0000 0.0000
vt 0.0699 -0.0000
vt 0.1075 0.2334
vt 0.0737 0.2334
vt 0.0000 0.0000
vt 0.0783 0.0000
vt -0.0680 0.2206
vt -0.1059 0.2206
vt 0.0000 0.0000
vt 0.0783 0.0000
vt 0.1842 0.2206
vt 0.1463 0.2206
vt 0.0000 0.0000
vt 0.0655 0.0000
vt 0.0183 0.2644
vt -0.0134 0.2644
vt 0.0000 0.0000
vt 0.0655 0.0000
vt 0.0789 0.2644
vt 0.0472 0.2644
vt 0.0000 0.0000
vt 0.0602 0.0000
vt -0.0105 0.2656
vt -0.0396 0.2656
vt 0.0000 0.0000
vt 0.0602 0.0000
vt 0.0998 0.2656
vt 0.0707 0.2656
vt 0.0000 0.0000
vt 0.0828 0.0000
vt 0.2397 0.1889
vt 0.1996 0.1889
vt 0.0000 0.0000
vt 0.0828 -0.0000
vt -0.1168 0.1890
vt -0.1569 0.1890
vt 0.0000 0.0000
vt 0.0694 -0.0000
vt -0.0245 0.2386
vt -0.0581 0.2386
vt 0.0000 0.0000
vt 0.0694 -0.0000
vt 0.1275 0.2386
vt 0.0939 0.2386
vt 0.0000 0.0000
vt 0.0758 0.0000
vt 0.1246 0.2409
vt 0.0879 0.2409
vt 0.0000 0.0000
vt 0.0758 -0.0000
vt -0.0122 0.2409
vt -0.0488 0.2409
vt 0.0000 0.0000
vt 0.0756 -0.0000
vt 0.1029 0.2367
vt 0.0663 0.2367
vt 0.0000 0.0000
vt 0.0756 -0.0000
vt 0.0094 0.2367
vt -0.0272 0.2367
vt 0.0000 0.0000
vt 0.0741 -0.0000
vt 0.1087 0.2268
vt 0.0728 0.2268
vt 0.0000 0.0000
vt 0.0741 0.0000
vt 0.0013 0.2269
vt -0.0346 0.2269
vt 0.0000 0.0000
vt 0.0789 0.0000
vt -0.0489 0.2123
vt -0.0870 0.2123
vt 0.0000 0.0000
vt 0.0789 -0.0000
vt 0.1659 0.2123
vt 0.1277 0.2123
vt 0.0000 0.0000
vt 0.0974 0.0000
vt 0.2151 0.1822
vt 0.1679 0.1822
vt 0.0000 0.0000
vt 0.0974 0.0000
vt -0.0705 0.1822
vt -0.1176 0.1822
vt 0.0000 0.0000
vt 0.0974 0.0000
vt 0.1717 0.1776
vt 0.1245 0.1776
vt 0.0000 0.0000
vt 0.0974 -0.0000
vt -0.0271 0.1776
vt -0.0742 0.1776
vt 0.0000 0.0000
vt 0.0939 -0.0000
vt 0.0672 0.1912
vt 0.0217 0.1912
vt 0.0000 0.0000
vt 0.0939 0.0000
vt 0.0722 0.1912
vt 0.0268 0.1912
vt 0.0000 0.0000
vt 0.0970 -0.0000
vt 0.0905 0.1881
vt 0.0435 0.1881
vt 0.0000 0.0000
vt 0.0970 -0.0000
vt 0.0535 0.1881
vt 0.0065 0.1881
vt 0.0000 0.0000
vt 0.0898 0.0000
vt 0.0366 0.1881
vt -0.0069 0.1881
vt 0.0000 0.0000
vt 0.0898 -0.0000
vt 0.0967 0.1881
vt 0.0532 0.1881
vt 0.0000 0.0000
vt 0.1006 0.0000
vt -0.0525 0.1673
vt -0.1012 0.1673
vt 0.0000 0.0000
vt 0.1006 -0.0000
vt 0.2018 0.1673
vt 0.1531 0.1673
vt 0.0000 0.0000
vt 0.1035 0.0000
vt -0.0972 0.1724
vt -0.1473 0.1724
vt 0.0000 0.0000
vt 0.1035 0.0000
vt 0.2508 0.1724
vt 0.2007 0.1724
vt 0.0000 0.0000
vt 0.0647 0.0000
vt 0.1016 0.2551
vt 0.0703 0.2551
vt 0.0000 0.0000
vt 0.0647 -0.0000
vt -0.0056 0.2551
vt -0.0369 0.2551
vt 0.0000 0.0000
vt 0.0659 0.0000
vt 0.1133 0.2446
vt 0.0814 0.2446
vt 0.0000 0.0000
vt 0.0659 0.0000
vt -0.0154 0.2446
vt -0.0473 0.2446
vt 0.0000 0.0000
vt 0.0629 -0.0000
vt 0.0502 0.2484
vt 0.0197 0.2484
vt 0.0000 0.0000
vt 0.0629 0.0000
vt 0.0432 0.2484
vt 0.0128 0.2484
vt 0.0000 0.0000
vt 0.0681 0.0000
vt -0.0494 0.2347
vt -0.0824 0.2347
vt 0.0000 0.0000
vt 0.0681 0.0000
vt 0.1505 0.2347
vt 0.1175 0.2347
vt 0.0000 0.0000
vt 0.1431 -0.0000
vt 0.2254 0.2109
vt 0.1562 0.2109
vt 0.0000 0.0000
vt 0.1431 -0.0000
vt -0.0131 0.2109
vt -0.0823 0.2109
vt 0.0000 0.0000
vt 0.0785 0.0000
vt 0.1234 0.1727
vt 0.0000 0.0000
vt 0.0785 0.0000
vt -0.0450 0.1727
vt 0.0000 0.0000
vt 0.0737 0.0000
vt 0.0122 0.1780
vt 0.0000 0.0000
vt 0.0737 0.0000
vt 0.0615 0.1780
vt 0.0000 0.0000
vt 0.0679 -0.0000
vt -0.0234 0.1869
vt 0.0000 0.0000
vt 0.0679 0.0000
vt 0.0912 0.1869
vt 0.0000 0.0000
vt 0.0330 0.0000
vt 0.0008 0.2080
vt 0.0000 0.0000
vt 0.0330 -0.0000
vt 0.0322 0.2080
vt 0.0000 0.0000
vt 0.0468 0.0000
vt 0.1516 0.1459
vt 0.0000 0.0000
vt 0.0468 0.0000
vt -0.1048 0.1459
vt 0.0000 0.0000
vt 0.0363 0.0000
vt -0.0067 0.1795
vt 0.0000 0.0000
vt 0.0363 0.0000
vt 0.0430 0.1795
vt 0.0000 0.0000
vt 0.0372 0.0000
vt 0.0040 0.1846
vt 0.0000 0.0000
vt 0.0372 0.0000
vt 0.0332 0.1846
vt 0.0000 0.0000
vt 0.0388 0.0000
vt -0.0498 0.1808
vt 0.0000 0.0000
vt 0.0388 0.0000
vt 0.0886 0.1808
vt 0.0000 0.0000
vt 0.0335 -0.0000
vt 0.0694 0.1890
vt 0.0000 0.0000
vt 0.0335 0.0000
vt -0.0359 0.1890
vt 0.0000 0.0000
vt 0.0392 0.0000
vt -0.1228 0.1481
vt 0.0000 0.0000
vt 0.0392 -0.0000
vt 0.1621 0.1481
vt 0.0000 0.0000
vt 0.0364 0.0000
vt -0.0818 0.2037
vt 0.0000 0.0000
vt 0.0364 -0.0000
vt 0.1183 0.2037
vt 0.0000 0.0000
vt 0.0366 0.0000
vt 0.1055 0.2106
vt 0.0000 0.0000
vt 0.0366 0.0000
vt -0.0689 0.2106
vt 0.0000 0.0000
vt 0.0338 -0.0000
vt -0.0352 0.2188
vt 0.0000 0.0000
vt 0.0338 -0.0000
vt 0.0691 0.2188
vt 0.0000 0.0000
vt 0.0379 -0.0000
vt -0.0993 0.2068
vt 0.0000 0.0000
vt 0.0379 -0.0000
vt 0.1372 0.2068
vt 0.0000 0.0000
vt 0.0317 0.0000
vt -0.0125 0.2479
vt 0.0000 0.0000
vt 0.0317 0.0000
vt 0.0442 0.2479
vt 0.0000 0.0000
vt 0.0291 0.0000
vt -0.0371 0.2490
vt 0.0000 0.0000
vt 0.0291 0.0000
vt 0.0663 0.2490
vt 0.0000 0.0000
vt 0.0401 -0.0000
vt 0.1872 0.1771
vt 0.0000 0.0000
vt 0.0401 0.0000
vt -0.1471 0.1771
vt 0.0000 0.0000
vt 0.0336 -0.0000
vt -0.0545 0.2237
vt 0.0000 0.0000
vt 0.0336 -0.0000
vt 0.0880 0.2237
vt 0.0000 0.0000
vt 0.0367 0.0000
vt 0.0824 0.2258
vt 0.0000 0.0000
vt 0.0367 -0.0000
vt -0.0458 0.2258
vt 0.0000 0.0000
vt 0.0366 -0.0000
vt 0.0621 0.2219
vt 0.0000 0.0000
vt 0.0366 -0.0000
vt -0.0255 0.2219
vt 0.0000 0.0000
vt 0.0359 0.0000
vt 0.0683 0.2127
vt 0.0000 0.0000
vt 0.0359 -0.0000
vt -0.0324 0.2127
vt 0.0000 0.0000
vt 0.0382 -0.0000
vt -0.0816 0.1990
vt 0.0000 0.0000
vt 0.0382 0.0000
vt 0.1198 0.1990
vt 0.0000 0.0000
vt 0.0472 0.0000
vt 0.1574 0.1708
vt 0.0000 0.0000
vt 0.0472 -0.0000
vt -0.1103 0.1708
vt 0.0000 0.0000
vt 0.0471 -0.0000
vt 0.1167 0.1665
vt 0.0000 0.0000
vt 0.0471 0.0000
vt -0.0696 0.1665
vt 0.0000 0.0000
vt 0.0454 0.0000
vt 0.0204 0.1793
vt 0.0000 0.0000
vt 0.0454 -0.0000
vt 0.0251 0.1793
vt 0.0000 0.0000
vt 0.0469 -0.0000
vt 0.0408 0.1764
vt 0.0000 0.0000
vt 0.0469 -0.0000
vt 0.0061 0.1764
vt 0.0000 0.0000
vt 0.0434 0.0000
vt -0.0064 0.1764
vt 0.0000 0.0000
vt 0.0434 -0.0000
vt 0.0499 0.1764
vt 0.0000 0.0000
vt 0.0487 0.0000
vt -0.0949 0.1568
vt 0.0000 0.0000
vt 0.0487 0.0000
vt 0.1436 0.1568
vt 0.0000 0.0000
vt 0.0501 -0.0000
vt -0.1381 0.1617
vt 0.0000 0.0000
vt 0.0501 0.0000
vt 0.1882 0.1617
vt 0.0000 0.0000
vt 0.0313 -0.0000
vt 0.0658 0.2392
vt 0.0000 0.0000
vt 0.0313 0.0000
vt -0.0346 0.2392
vt 0.0000 0.0000
vt 0.0319 0.0000
vt 0.0763 0.2293
vt 0.0000 0.0000
vt 0.0319 0.0000
vt -0.0444 0.2293
vt 0.0000 0.0000
vt 0.0304 -0.0000
vt 0.0185 0.2328
vt 0.0000 0.0000
vt 0.0304 -0.0000
vt 0.0120 0.2328
vt 0.0000 0.0000
vt 0.0330 -0.0000
vt -0.0772 0.2200
vt 0.0000 0.0000
vt 0.0330 -0.0000
vt 0.1102 0.2200
vt 0.0000 0.0000
vt 0.0692 -0.0000
vt 0.1464 0.1977
vt 0.0000 0.0000
vt 0.0692 -0.0000
vt -0.0772 0.1977
vt 0.0000 0.0000
vt 0.2115 -0.0000
vt 0.2111 0.1062
vt -0.0004 0.1062
vt 0.0000 0.0000
vt 0.2282 0.0000
vt 0.2272 0.1061
vt -0.0011 0.1062
vt 0.0000 0.0000
vt 0.1163 0.0000
vt 0.1183 0.1062
vt 0.0020 0.1061
vt 0.0000 0.0000
vt 0.0743 0.0000
vt 0.0754 0.1062
vt 0.0011 0.1062
vt 0.0000 0.0000
vt 0.1187 0.0000
vt 0.1200 0.1063
vt 0.0013 0.1062
vt 0.0000 0.0000
vt 0.1309 0.0000
vt 0.1299 0.1062
vt -0.0010 0.1063
vt 0.0000 0.0000
vt 0.0754 0.0000
vt 0.0751 0.1062
vt -0.0003 0.1062
vt 0.0000 0.0000
vt 0.0918 0.0000
vt 0.0908 0.1062
vt -0.0010 0.1062
vt 0.0000 0.0000
vt 0.0772 -0.0000
vt 0.0777 0.1062
vt 0.0005 0.1062
vt 0.0000 0.0000
vt 0.1564 -0.0000
vt 0.1572 0.1062
vt 0.0009 0.1062
vt 0.0000 0.0000
vt 0.1232 0.0000
vt 0.1225 0.1062
vt -0.0007 0.1062
vt 0.0000 0.0000
vt 0.1423 0.0000
vt 0.1416 0.1062
vt -0.0007 0.1062
vt 0.0000 0.0000
vt 0.1754 0.0000
vt 0.1738 0.1061
vt -0.0016 0.1062
vt 0.0000 0.0000
vt 0.1317 0.0000
vt 0.1326 0.1061
vt 0.0008 0.1061
vt 0.0000 0.0000
vt 0.1331 0.0000
vt 0.1312 0.1060
vt -0.0018 0.1061
vt 0.0000 0.0000
vt 0.1470 -0.0000
vt 0.1445 0.1059
vt -0.0024 0.1060
vt 0.0000 0.0000
vt 0.0798 0.0000
vt 0.0827 0.1060
vt 0.0029 0.1059
vt 0.0000 0.0000
vt 0.0877 0.0000
vt 0.0855 0.1059
vt -0.0022 0.1060
vt 0.0000 0.0000
vt 0.0600 0.0000
vt 0.0606 0.1060
vt 0.0007 0.1060
vt 0.0000 0.0000
vt 0.1317 -0.0000
vt 0.1346 0.1060
vt 0.0029 0.1059
vt 0.0000 0.0000
vt 0.1971 -0.0000
vt 0.1994 0.1062
vt 0.0022 0.1061
vt 0.0000 0.0000
vt 0.2014 0.0000
vt 0.1996 0.1061
vt -0.0018 0.1062
vt 0.0000 0.0000
vt 0.0621 0.0000
vt 0.0619 0.1061
vt -0.0002 0.1061
vt 0.0000 0.0000
vt 0.1169 0.0000
vt 0.1188 0.1062
vt 0.0019 0.1061
vt 0.0000 0.0000
vt 0.1226 0.0000
vt 0.1241 0.1062
vt 0.0014 0.1062
vt 0.0000 0.0000
vt 0.1068 0.0000
vt 0.1074 0.1062
vt 0.0006 0.1062
vt 0.0000 0.0000
vt 0.1147 -0.0000
vt 0.1147 0.1062
vt -0.0001 0.1062
vt 0.0000 0.0000
vt 0.1174 0.0000
vt 0.1172 0.1062
vt -0.0001 0.1062
vt 0.0000 0.0000
vt 0.1065 0.0000
vt 0.1059 0.1062
vt -0.0006 0.1062
vt 0.0000 0.0000
vt 0.1305 0.0000
vt 0.1287 0.1061
vt -0.0017 0.1062
vt 0.0000 0.0000
vt 0.2065 0.0000
vt 0.2073 0.1062
vt 0.0008 0.1061
vt 0.0000 0.0000
vt 0.2068 0.0000
vt 0.2071 0.1062
vt 0.0003 0.1062
vt 0.0000 0.0000
vt 0.2115 0.0000
vt 0.1149 0.1443
vt -0.0162 0.1443
vt 0.0000 0.0000
vt 0.2115 0.0000
vt 0.2277 0.1444
vt 0.0966 0.1444
vt 0.0000 0.0000
vt 0.2282 0.0000
vt 0.0416 0.1421
vt -0.0998 0.1421
vt 0.0000 0.0000
vt 0.2282 -0.0000
vt 0.3281 0.1422
vt 0.1866 0.1422
vt 0.0000 0.0000
vt 0.1163 0.0000
vt 0.2701 0.1257
vt 0.1980 0.1257
vt 0.0000 0.0000
vt 0.1163 -0.0000
vt -0.0817 0.1257
vt -0.1538 0.1257
vt 0.0000 0.0000
vt 0.0743 -0.0000
vt 0.1445 0.1725
vt 0.0984 0.1725
vt 0.0000 0.0000
vt 0.0743 0.0000
vt -0.0241 0.1726
vt -0.0702 0.1726
vt 0.0000 0.0000
vt 0.1187 -0.0000
vt 0.2388 0.0859
vt 0.1653 0.0859
vt 0.0000 0.0000
vt 0.1187 -0.0000
vt -0.0466 0.0860
vt -0.1202 0.0859
vt 0.0000 0.0000
vt 0.1309 0.0000
vt -0.0415 0.0823
vt -0.1226 0.0823
vt 0.0000 0.0000
vt 0.1309 -0.0000
vt 0.2535 0.0824
vt 0.1724 0.0824
vt 0.0000 0.0000
vt 0.0754 -0.0000
vt 0.0174 0.1888
vt -0.0294 0.1888
vt 0.0000 0.0000
vt 0.0754 -0.0000
vt 0.1048 0.1888
vt 0.0580 0.1888
vt 0.0000 0.0000
vt 0.0918 0.0000
vt -0.0470 0.1680
vt -0.1038 0.1680
vt 0.0000 0.0000
vt 0.0918 0.0000
vt 0.1956 0.1680
vt 0.1387 0.1680
vt 0.0000 0.0000
vt 0.0772 0.0000
vt 0.1542 0.1901
vt 0.1063 0.1901
vt 0.0000 0.0000
vt 0.0772 0.0000
vt -0.0291 0.1902
vt -0.0770 0.1902
vt 0.0000 0.0000
vt 0.1564 0.0000
vt 0.2623 0.1214
vt 0.1653 0.1214
vt 0.0000 0.0000
vt 0.1564 0.0000
vt -0.0090 0.1215
vt -0.1059 0.1215
vt 0.0000 0.0000
vt 0.1232 0.0000
vt 0.0710 0.1610
vt -0.0054 0.1610
vt 0.0000 0.0000
vt 0.1232 -0.0000
vt 0.1286 0.1611
vt 0.0522 0.1611
vt 0.0000 0.0000
vt 0.1423 0.0000
vt 0.0919 0.1692
vt 0.0037 0.1692
vt 0.0000 0.0000
vt 0.1423 -0.0000
vt 0.1386 0.1693
vt 0.0504 0.1693
vt 0.0000 0.0000
vt 0.1754 0.0000
vt 0.0353 0.1606
vt -0.0735 0.1606
vt 0.0000 0.0000
vt 0.1754 -0.0000
vt 0.2489 0.1606
vt 0.1402 0.1606
vt 0.0000 0.0000
vt 0.1317 0.0000
vt 0.1768 0.1907
vt 0.0951 0.1907
vt 0.0000 0.0000
vt 0.1317 -0.0000
vt 0.0366 0.1908
vt -0.0451 0.1908
vt 0.0000 0.0000
vt 0.1331 -0.0000
vt -0.0403 0.1527
vt -0.1228 0.1527
vt 0.0000 0.0000
vt 0.1331 -0.0000
vt 0.2559 0.1528
vt 0.1734 0.1528
vt 0.0000 0.0000
vt 0.1470 -0.0000
vt -0.0900 0.1435
vt -0.1811 0.1435
vt 0.0000 0.0000
vt 0.1470 0.0000
vt 0.3281 0.1436
vt 0.2370 0.1436
vt 0.0000 0.0000
vt 0.0798 0.0000
vt 0.2725 0.1643
vt 0.2230 0.1643
vt 0.0000 0.0000
vt 0.0798 0.0000
vt -0.1433 0.1643
vt -0.1928 0.1643
vt 0.0000 0.0000
vt 0.0877 -0.0000
vt -0.1401 0.1623
vt -0.1944 0.1623
vt 0.0000 0.0000
vt 0.0877 0.0000
vt 0.2821 0.1623
vt 0.2278 0.1623
vt 0.0000 0.0000
vt 0.0600 -0.0000
vt 0.0444 0.2795
vt 0.0072 0.2795
vt 0.0000 0.0000
vt 0.0600 -0.0000
vt 0.0527 0.2796
vt 0.0156 0.2796
vt 0.0000 0.0000
vt 0.1317 -0.0000
vt 0.3379 0.1127
vt 0.2563 0.1127
vt 0.0000 0.0000
vt 0.1317 -0.0000
vt -0.1247 0.1127
vt -0.2063 0.1127
vt 0.0000 0.0000
vt 0.1971 0.0000
vt 0.3528 0.0453
vt 0.2306 0.0453
vt 0.0000 0.0000
vt 0.1971 -0.0000
vt -0.0335 0.0454
vt -0.1557 0.0453
vt 0.0000 0.0000
vt 0.2014 -0.0000
vt -0.0307 0.0457
vt -0.1556 0.0457
vt 0.0000 0.0000
vt 0.2014 0.0000
vt 0.3570 0.0457
vt 0.2322 0.0458
vt 0.0000 0.0000
vt 0.0621 0.0000
vt -0.0339 0.2252
vt -0.0724 0.2252
vt 0.0000 0.0000
vt 0.0621 0.0000
vt 0.1345 0.2253
vt 0.0960 0.2253
vt 0.0000 0.0000
vt 0.1169 0.0000
vt 0.2584 0.1592
vt 0.1860 0.1592
vt 0.0000 0.0000
vt 0.1169 0.0000
vt -0.0692 0.1593
vt -0.1416 0.1593
vt 0.0000 0.0000
vt 0.1226 0.0000
vt 0.2314 0.1457
vt 0.1554 0.1457
vt 0.0000 0.0000
vt 0.1226 -0.0000
vt -0.0328 0.1458
vt -0.1089 0.1458
vt 0.0000 0.0000
vt 0.1068 -0.0000
vt 0.1395 0.1664
vt 0.0733 0.1664
vt 0.0000 0.0000
vt 0.1068 0.0000
vt 0.0334 0.1665
vt -0.0328 0.1665
vt 0.0000 0.0000
vt 0.1147 -0.0000
vt 0.0833 0.1692
vt 0.0122 0.1692
vt 0.0000 0.0000
vt 0.1147 0.0000
vt 0.1026 0.1692
vt 0.0314 0.1692
vt 0.0000 0.0000
vt 0.1174 -0.0000
vt 0.1101 0.1680
vt 0.0373 0.1680
vt 0.0000 0.0000
vt 0.1174 0.0000
vt 0.0801 0.1680
vt 0.0073 0.1680
vt 0.0000 0.0000
vt 0.1065 0.0000
vt 0.0651 0.1682
vt -0.0009 0.1682
vt 0.0000 0.0000
vt 0.1065 -0.0000
vt 0.1074 0.1682
vt 0.0414 0.1682
vt 0.0000 0.0000
vt 0.1305 0.0000
vt -0.0232 0.1384
vt -0.1041 0.1384
vt 0.0000 0.0000
vt 0.1305 -0.0000
vt 0.2346 0.1384
vt 0.1537 0.1384
vt 0.0000 0.0000
vt 0.2065 0.0000
vt 0.2746 0.1458
vt 0.1466 0.1458
vt 0.0000 0.0000
vt 0.2065 0.0000
vt 0.0598 0.1459
vt -0.0682 0.1459
vt 0.0000 0.0000
vt 0.2068 -0.0000
vt 0.1982 0.1450
vt 0.0700 0.1450
vt 0.0000 0.0000
vt 0.2068 -0.0000
vt 0.1368 0.1450
vt 0.0086 0.1450
vt 0.0000 0.0000
vt 0.1311 0.0000
vt 0.0498 0.1215
vt -0.0137 0.1215
vt 0.0000 0.0000
vt 0.1311 -0.0000
vt 0.1448 0.1216
vt 0.0813 0.1216
vt 0.0000 0.0000
vt 0.1415 0.0000
vt -0.0156 0.1197
vt -0.0841 0.1197
vt 0.0000 0.0000
vt 0.1415 0.0000
vt 0.2256 0.1197
vt 0.1571 0.1197
vt 0.0000 0.0000
vt 0.0721 -0.0000
vt 0.2016 0.1059
vt 0.1667 0.1059
vt 0.0000 0.0000
vt 0.0721 -0.0000
vt -0.0946 0.1059
vt -0.1295 0.1059
vt 0.0000 0.0000
vt 0.0461 0.0000
vt 0.1051 0.1453
vt 0.0829 0.1453
vt 0.0000 0.0000
vt 0.0461 -0.0000
vt -0.0368 0.1453
vt -0.0591 0.1453
vt 0.0000 0.0000
vt 0.0736 0.0000
vt 0.1748 0.0723
vt 0.1392 0.0723
vt 0.0000 0.0000
vt 0.0736 0.0000
vt -0.0656 0.0724
vt -0.1012 0.0724
vt 0.0000 0.0000
vt 0.0811 -0.0000
vt -0.0640 0.0693
vt -0.1033 0.0693
vt 0.0000 0.0000
vt 0.0811 -0.0000
vt 0.1844 0.0693
vt 0.1452 0.0693
vt 0.0000 0.0000
vt 0.0468 -0.0000
vt -0.0021 0.1589
vt -0.0247 0.1589
vt 0.0000 0.0000
vt 0.0468 0.0000
vt 0.0715 0.1590
vt 0.0489 0.1590
vt 0.0000 0.0000
vt 0.0569 0.0000
vt -0.0599 0.1414
vt -0.0874 0.1414
vt 0.0000 0.0000
vt 0.0569 -0.0000
vt 0.1443 0.1415
vt 0.1168 0.1415
vt 0.0000 0.0000
vt 0.0479 0.0000
vt 0.1127 0.1601
vt 0.0895 0.1601
vt 0.0000 0.0000
vt 0.0479 0.0000
vt -0.0416 0.1601
vt -0.0648 0.1601
vt 0.0000 0.0000
vt 0.0969 -0.0000
vt 0.1861 0.1022
vt 0.1392 0.1022
vt 0.0000 0.0000
vt 0.0969 -0.0000
vt -0.0423 0.1023
vt -0.0892 0.1023
vt 0.0000 0.0000
vt 0.0764 -0.0000
vt 0.0325 0.1356
vt -0.0045 0.1356
vt 0.0000 0.0000
vt 0.0764 0.0000
vt 0.0809 0.1356
vt 0.0440 0.1356
vt 0.0000 0.0000
vt 0.0882 -0.0000
vt 0.0458 0.1425
vt 0.0031 0.1425
vt 0.0000 0.0000
vt 0.0882 -0.0000
vt 0.0851 0.1425
vt 0.0424 0.1425
vt 0.0000 0.0000
vt 0.1088 0.0000
vt -0.0092 0.1352
vt -0.0618 0.1352
vt 0.0000 0.0000
vt 0.1088 -0.0000
vt 0.1706 0.1352
vt 0.1180 0.1352
vt 0.0000 0.0000
vt 0.0817 0.0000
vt 0.1196 0.1606
vt 0.0801 0.1606
vt 0.0000 0.0000
vt 0.0817 -0.0000
vt 0.0016 0.1606
vt -0.0379 0.1606
vt 0.0000 0.0000
vt 0.0825 0.0000
vt -0.0635 0.1286
vt -0.1034 0.1286
vt 0.0000 0.0000
vt 0.0825 0.0000
vt 0.1859 0.1286
vt 0.1460 0.1287
vt 0.0000 0.0000
vt 0.0911 -0.0000
vt -0.1084 0.1209
vt -0.1524 0.1209
vt 0.0000 0.0000
vt 0.0911 -0.0000
vt 0.2436 0.1209
vt 0.1995 0.1209
vt 0.0000 0.0000
vt 0.0494 0.0000
vt 0.2117 0.1383
vt 0.1878 0.1383
vt 0.0000 0.0000
vt 0.0494 0.0000
vt -0.1383 0.1384
vt -0.1623 0.1384
vt 0.0000 0.0000
vt 0.0544 0.0000
vt -0.1374 0.1367
vt -0.1637 0.1367
vt 0.0000 0.0000
vt 0.0544 0.0000
vt 0.2180 0.1367
vt 0.1917 0.1367
vt 0.0000 0.0000
vt 0.0372 0.0000
vt 0.0240 0.2354
vt 0.0060 0.2354
vt 0.0000 0.0000
vt 0.0372 0.0000
vt 0.0311 0.2354
vt 0.0131 0.2354
vt 0.0000 0.0000
vt 0.0816 -0.0000
vt 0.2552 0.0949
vt 0.2158 0.0949
vt 0.0000 0.0000
vt 0.0816 -0.0000
vt -0.1342 0.0949
vt -0.1737 0.0949
vt 0.0000 0.0000
vt 0.1222 -0.0000
vt 0.2533 0.0382
vt 0.1942 0.0382
vt 0.0000 0.0000
vt 0.1222 0.0000
vt -0.0720 0.0382
vt -0.1311 0.0382
vt 0.0000 0.0000
vt 0.1249 0.0000
vt -0.0706 0.0385
vt -0.1310 0.0385
vt 0.0000 0.0000
vt 0.1249 0.0000
vt 0.2559 0.0385
vt 0.1955 0.0385
vt 0.0000 0.0000
vt 0.0385 -0.0000
vt -0.0423 0.1897
vt -0.0609 0.1897
vt 0.0000 0.0000
vt 0.0385 -0.0000
vt 0.0994 0.1897
vt 0.0808 0.1897
vt 0.0000 0.0000
vt 0.0724 0.0000
vt 0.1916 0.1341
vt 0.1566 0.1341
vt 0.0000 0.0000
vt 0.0724 0.0000
vt -0.0842 0.1341
vt -0.1192 0.1341
vt 0.0000 0.0000
vt 0.0760 0.0000
vt 0.1676 0.1227
vt 0.1309 0.1227
vt 0.0000 0.0000
vt 0.0760 0.0000
vt -0.0549 0.1228
vt -0.0916 0.1228
vt 0.0000 0.0000
vt 0.0662 0.0000
vt 0.0938 0.1402
vt 0.0617 0.1402
vt 0.0000 0.0000
vt 0.0662 -0.0000
vt 0.0044 0.1402
vt -0.0276 0.1402
vt 0.0000 0.0000
vt 0.0711 -0.0000
vt 0.0447 0.1425
vt 0.0103 0.1425
vt 0.0000 0.0000
vt 0.0711 -0.0000
vt 0.0609 0.1425
vt 0.0265 0.1425
vt 0.0000 0.0000
vt 0.0728 -0.0000
vt 0.0667 0.1415
vt 0.0314 0.1415
vt 0.0000 0.0000
vt 0.0728 -0.0000
vt 0.0413 0.1415
vt 0.0061 0.1415
vt 0.0000 0.0000
vt 0.0660 -0.0000
vt 0.0312 0.1416
vt -0.0008 0.1416
vt 0.0000 0.0000
vt 0.0660 0.0000
vt 0.0668 0.1416
vt 0.0348 0.1416
vt 0.0000 0.0000
vt 0.0809 0.0000
vt -0.0485 0.1165
vt -0.0877 0.1165
vt 0.0000 0.0000
vt 0.0809 -0.0000
vt 0.1686 0.1166
vt 0.1294 0.1166
vt 0.0000 0.0000
vt 0.1280 -0.0000
vt 0.1854 0.1228
vt 0.1235 0.1228
vt 0.0000 0.0000
vt 0.1280 0.0000
vt 0.0045 0.1228
vt -0.0574 0.1228
vt 0.0000 0.0000
vt 0.1282 0.0000
vt 0.1210 0.1221
vt 0.0589 0.1221
vt 0.0000 0.0000
vt 0.1282 0.0000
vt 0.0693 0.1221
vt 0.0073 0.1221
vt 0.0000 0.0000
vt 0.0634 -0.0000
vt -0.0128 0.1139
vt 0.0000 0.0000
vt 0.0634 -0.0000
vt 0.0762 0.1141
vt 0.0000 0.0000
vt 0.0685 0.0000
vt -0.0788 0.1122
vt 0.0000 0.0000
vt 0.0685 0.0000
vt 0.1473 0.1124
vt 0.0000 0.0000
vt 0.0349 -0.0000
vt 0.1563 0.0992
vt 0.0000 0.0000
vt 0.0349 -0.0000
vt -0.1213 0.0995
vt 0.0000 0.0000
vt 0.0223 0.0000
vt 0.0777 0.1362
vt 0.0000 0.0000
vt 0.0223 0.0000
vt -0.0554 0.1363
vt 0.0000 0.0000
vt 0.0356 0.0000
vt 0.1305 0.0678
vt 0.0000 0.0000
vt 0.0356 0.0000
vt -0.0948 0.0681
vt 0.0000 0.0000
vt 0.0393 0.0000
vt -0.0968 0.0650
vt 0.0000 0.0000
vt 0.0393 0.0000
vt 0.1361 0.0653
vt 0.0000 0.0000
vt 0.0226 -0.0000
vt -0.0232 0.1490
vt 0.0000 0.0000
vt 0.0226 -0.0000
vt 0.0458 0.1491
vt 0.0000 0.0000
vt 0.0275 0.0000
vt -0.0820 0.1326
vt 0.0000 0.0000
vt 0.0275 -0.0000
vt 0.1095 0.1327
vt 0.0000 0.0000
vt 0.0232 0.0000
vt 0.0839 0.1501
vt 0.0000 0.0000
vt 0.0232 -0.0000
vt -0.0607 0.1502
vt 0.0000 0.0000
vt 0.0469 -0.0000
vt 0.1305 0.0959
vt 0.0000 0.0000
vt 0.0469 -0.0000
vt -0.0836 0.0961
vt 0.0000 0.0000
vt 0.0370 0.0000
vt -0.0042 0.1271
vt 0.0000 0.0000
vt 0.0370 -0.0000
vt 0.0412 0.1273
vt 0.0000 0.0000
vt 0.0427 0.0000
vt 0.0029 0.1336
vt 0.0000 0.0000
vt 0.0427 0.0000
vt 0.0397 0.1337
vt 0.0000 0.0000
vt 0.0526 -0.0000
vt -0.0580 0.1268
vt 0.0000 0.0000
vt 0.0526 -0.0000
vt 0.1106 0.1269
vt 0.0000 0.0000
vt 0.0395 -0.0000
vt 0.0751 0.1505
vt 0.0000 0.0000
vt 0.0395 -0.0000
vt -0.0355 0.1507
vt 0.0000 0.0000
vt 0.0399 -0.0000
vt -0.0969 0.1206
vt 0.0000 0.0000
vt 0.0399 0.0000
vt 0.1368 0.1207
vt 0.0000 0.0000
vt 0.0441 -0.0000
vt -0.1429 0.1133
vt 0.0000 0.0000
vt 0.0441 0.0000
vt 0.1869 0.1135
vt 0.0000 0.0000
vt 0.0239 -0.0000
vt 0.1760 0.1297
vt 0.0000 0.0000
vt 0.0239 -0.0000
vt -0.1520 0.1299
vt 0.0000 0.0000
vt 0.0263 0.0000
vt -0.1534 0.1281
vt 0.0000 0.0000
vt 0.0263 -0.0000
vt 0.1797 0.1283
vt 0.0000 0.0000
vt 0.0180 0.0000
vt 0.0056 0.2206
vt 0.0000 0.0000
vt 0.0180 -0.0000
vt 0.0124 0.2207
vt 0.0000 0.0000
vt 0.0395 0.0000
vt 0.2023 0.0890
vt 0.0000 0.0000
vt 0.0395 -0.0000
vt -0.1627 0.0893
vt 0.0000 0.0000
vt 0.0591 0.0000
vt 0.1820 0.0358
vt 0.0000 0.0000
vt 0.0591 -0.0000
vt -0.1229 0.0364
vt 0.0000 0.0000
vt 0.0604 -0.0000
vt -0.1228 0.0361
vt 0.0000 0.0000
vt 0.0604 -0.0000
vt 0.1832 0.0367
vt 0.0000 0.0000
vt 0.0186 0.0000
vt -0.0571 0.1778
vt 0.0000 0.0000
vt 0.0186 -0.0000
vt 0.0758 0.1779
vt 0.0000 0.0000
vt 0.0351 -0.0000
vt 0.1468 0.1257
vt 0.0000 0.0000
vt 0.0351 0.0000
vt -0.1117 0.1259
vt 0.0000 0.0000
vt 0.0368 0.0000
vt 0.1227 0.1151
vt 0.0000 0.0000
vt 0.0368 0.0000
vt -0.0859 0.1152
vt 0.0000 0.0000
vt 0.0320 -0.0000
vt 0.0579 0.1314
vt 0.0000 0.0000
vt 0.0320 0.0000
vt -0.0258 0.1315
vt 0.0000 0.0000
vt 0.0344 0.0000
vt 0.0096 0.1336
vt 0.0000 0.0000
vt 0.0344 0.0000
vt 0.0248 0.1337
vt 0.0000 0.0000
vt 0.0352 -0.0000
vt 0.0295 0.1326
vt 0.0000 0.0000
vt 0.0352 -0.0000
vt 0.0057 0.1328
vt 0.0000 0.0000
vt 0.0319 0.0000
vt -0.0007 0.1327
vt 0.0000 0.0000
vt 0.0319 -0.0000
vt 0.0326 0.1329
vt 0.0000 0.0000
vt 0.0391 0.0000
vt -0.0822 0.1092
vt 0.0000 0.0000
vt 0.0391 -0.0000
vt 0.1213 0.1094
vt 0.0000 0.0000
vt 0.0619 0.0000
vt 0.1157 0.1151
vt 0.0000 0.0000
vt 0.0619 -0.0000
vt -0.0538 0.1153
vt 0.0000 0.0000
vt 0.0620 -0.0000
vt 0.0552 0.1144
vt 0.0000 0.0000
vt 0.0620 -0.0000
vt 0.0068 0.1146
vt 0.0000 0.0000
vt 0.0717 0.0000
vt 0.0005 0.5613
vt 0.0005 0.5505
vt 0.0000 0.0000
vt 0.0717 0.0000
vt -0.0002 0.5504
vt 0.0030 0.5702
vt 0.0000 0.0000
vt 0.0717 -0.0000
vt 0.0005 0.5307
vt 0.0005 0.5593
vt 0.0000 0.0000
vt 0.0717 -0.0000
vt -0.0002 0.5411
vt 0.0030 0.5395
vt 0.0000 0.0000
vt 0.0717 -0.0000
vt -0.1461 0.5124
vt -0.1461 0.5126
vt 0.0000 0.0000
vt 0.0717 0.0000
vt 0.0927 0.5714
vt 0.0802 0.5556
vt 0.0000 0.0000
vt 0.0717 0.0000
vt 0.1607 0.5350
vt 0.1607 0.5530
vt 0.0000 0.0000
vt 0.0717 0.0000
vt -0.0772 0.5079
vt -0.0896 0.5394
vt 0.0000 0.0000
vt 0.0717 -0.0000
vt -0.0677 0.5297
vt -0.0677 0.5192
vt 0.0000 0.0000
vt 0.0717 0.0000
vt -0.1952 0.5154
vt -0.1936 0.5172
vt 0.0000 0.0000
vt 0.0717 0.0000
vt 0.0698 0.5536
vt 0.0698 0.5806
vt 0.0000 0.0000
vt 0.0717 -0.0000
vt 0.1939 0.5044
vt 0.1955 0.5221
vt 0.0000 0.0000
vt 0.0717 -0.0000
vt -0.1460 0.5114
vt -0.1460 0.5213
vt 0.0000 0.0000
vt 0.0717 -0.0000
vt -0.0634 0.5476
vt -0.0611 0.5570
vt 0.0000 0.0000
vt 0.0717 -0.0000
vt 0.1486 0.5393
vt 0.1486 0.5486
vt 0.0000 0.0000
vt 0.0717 0.0000
vt 0.0616 0.5366
vt 0.0639 0.5457
vt 0.0000 0.0000
vt 0.0717 -0.0000
vt 0.0717 0.0717
vt -0.0000 0.0717
vt 0.0000 0.0000
vt 0.0717 -0.0000
vt 0.0717 0.0717
vt 0.0000 0.0717
vt 0.0000 0.0000
vt 0.1225 -0.0000
vt 0.1443 0.1095
vt 0.0255 0.1210
vt 0.0000 0.0000
vt 0.1198 0.0000
vt 0.1323 0.1109
vt 0.0137 0.1229
vt 0.0000 0.0000
vt 0.1225 0.0000
vt 0.1368 0.1003
vt 0.0200 0.1103
vt 0.0000 0.0000
vt 0.1180 -0.0000
vt 0.1254 0.1028
vt 0.0106 0.1119
vt 0.0000 0.0000
vt 0.1040 0.0000
vt 0.1161 0.1088
vt 0.0049 0.1026
vt 0.0000 0.0000
vt 0.1141 -0.0000
vt 0.1336 0.1076
vt 0.0101 0.1022
vt 0.0000 0.0000
vt 0.1040 -0.0000
vt 0.1294 0.1120
vt 0.0178 0.1107
vt 0.0000 0.0000
vt 0.1137 0.0000
vt 0.1435 0.1115
vt 0.0211 0.1076
vt 0.0000 0.0000
vt 0.1238 0.0000
vt 0.1134 0.0622
vt 0.0006 0.0602
vt 0.0000 0.0000
vt 0.1135 0.0000
vt 0.1046 0.0622
vt 0.0021 0.0602
vt 0.0000 0.0000
vt 0.1238 0.0000
vt 0.1031 0.0640
vt -0.0095 0.0635
vt 0.0000 0.0000
vt 0.1138 -0.0000
vt 0.0956 0.0661
vt -0.0073 0.0642
vt 0.0000 0.0000
vt 0.0502 -0.0000
vt 0.0026 0.1021
vt -0.0571 0.0866
vt 0.0000 0.0000
vt 0.0617 -0.0000
vt 0.0427 0.1113
vt -0.0333 0.0982
vt 0.0000 0.0000
vt 0.0502 0.0000
vt 0.0111 0.1173
vt -0.0477 0.1021
vt 0.0000 0.0000
vt 0.0613 0.0000
vt 0.0537 0.1243
vt -0.0206 0.1113
vt 0.0000 0.0000
vt 0.0601 0.0000
vt 0.0912 0.1074
vt 0.0386 0.1158
vt 0.0000 0.0000
vt 0.0534 -0.0000
vt 0.0686 0.1113
vt 0.0201 0.1204
vt 0.0000 0.0000
vt 0.0601 0.0000
vt 0.0842 0.0992
vt 0.0312 0.1075
vt 0.0000 0.0000
vt 0.0543 -0.0000
vt 0.0647 0.1022
vt 0.0176 0.1124
vt 0.0000 0.0000
vt 0.1187 0.0000
vt 0.1137 0.0709
vt -0.0012 0.0693
vt 0.0000 0.0000
vt 0.1169 0.0000
vt 0.1151 0.0679
vt -0.0017 0.0693
vt 0.0000 0.0000
vt 0.1187 0.0000
vt 0.1135 0.0765
vt -0.0026 0.0742
vt 0.0000 0.0000
vt 0.1163 0.0000
vt 0.1126 0.0738
vt -0.0024 0.0705
vt 0.0000 0.0000
vt 0.0666 0.0000
vt 0.0686 0.1254
vt -0.0119 0.1307
vt 0.0000 0.0000
vt 0.0837 -0.0000
vt 0.0809 0.1264
vt -0.0164 0.1302
vt 0.0000 0.0000
vt 0.0666 -0.0000
vt 0.0826 0.1243
vt 0.0021 0.1275
vt 0.0000 0.0000
vt 0.0810 -0.0000
vt 0.0911 0.1229
vt -0.0040 0.1265
vt 0.0000 0.0000
vt 0.1235 -0.0000
vt 0.1282 0.0919
vt 0.0124 0.1003
vt 0.0000 0.0000
vt 0.1162 0.0000
vt 0.1142 0.0913
vt 0.0070 0.1008
vt 0.0000 0.0000
vt 0.1235 -0.0000
vt 0.1207 0.0842
vt 0.0051 0.0920
vt 0.0000 0.0000
vt 0.1159 -0.0000
vt 0.1066 0.0831
vt -0.0009 0.0923
vt 0.0000 0.0000
vt 0.1313 0.0000
vt 0.1385 0.0476
vt 0.0131 0.0470
vt 0.0000 0.0000
vt 0.1276 0.0000
vt 0.1384 0.0510
vt 0.0151 0.0464
vt 0.0000 0.0000
vt 0.1313 0.0000
vt 0.1358 0.0577
vt 0.0089 0.0527
vt 0.0000 0.0000
vt 0.1271 0.0000
vt 0.1335 0.0562
vt 0.0105 0.0510
vt 0.0000 0.0000
vt 0.0610 0.0000
vt 0.0973 0.1077
vt 0.0360 0.1188
vt 0.0000 0.0000
vt 0.0688 -0.0000
vt 0.0907 0.1117
vt 0.0123 0.1235
vt 0.0000 0.0000
vt 0.0610 0.0000
vt 0.1049 0.0998
vt 0.0409 0.1099
vt 0.0000 0.0000
vt 0.0655 0.0000
vt 0.0931 0.1027
vt 0.0203 0.1126
vt 0.0000 0.0000
vt 0.0491 -0.0000
vt 0.0332 0.0827
vt -0.0158 0.0652
vt 0.0000 0.0000
vt 0.0521 -0.0000
vt 0.0662 0.0812
vt 0.0090 0.0665
vt 0.0000 0.0000
vt 0.0491 0.0000
vt 0.0385 0.1005
vt -0.0112 0.0835
vt 0.0000 0.0000
vt 0.0526 0.0000
vt 0.0738 0.0982
vt 0.0146 0.0821
vt 0.0000 0.0000
vt 0.0962 0.0000
vt 0.0846 0.0662
vt -0.0050 0.0571
vt 0.0000 0.0000
vt 0.0901 -0.0000
vt 0.0829 0.0672
vt 0.0006 0.0573
vt 0.0000 0.0000
vt 0.0962 0.0000
vt 0.0776 0.0748
vt -0.0122 0.0662
vt 0.0000 0.0000
vt 0.0907 0.0000
vt 0.0792 0.0738
vt -0.0025 0.0694
vt 0.0000 0.0000
vt 0.3608 -0.0000
vt 0.3865 0.5845
vt 0.0335 0.5925
vt 0.0000 0.0000
vt 0.3532 -0.0000
vt 0.3656 0.5850
vt 0.0199 0.5931
vt 0.0000 0.0000
vt 0.3608 -0.0000
vt 0.3789 0.5761
vt 0.0260 0.5845
vt 0.0000 0.0000
vt 0.3535 -0.0000
vt 0.3592 0.5767
vt 0.0136 0.5855
vt 0.0000 0.0000
vt 0.5966 0.0000
vt 0.5999 0.3553
vt 0.0105 0.3559
vt 0.0000 0.0000
vt 0.5895 0.0000
vt 0.5926 0.3554
vt 0.0103 0.3560
vt 0.0000 0.0000
vt 0.5966 -0.0000
vt 0.5927 0.3547
vt 0.0034 0.3555
vt 0.0000 0.0000
vt 0.5896 0.0000
vt 0.5854 0.3550
vt 0.0031 0.3555
vt 0.0000 0.0000
vt 0.5935 0.0000
vt 0.5925 0.0633
vt -0.0022 0.0682
vt 0.0000 0.0000
vt 0.5951 0.0000
vt 0.5937 0.0635
vt -0.0027 0.0682
vt 0.0000 0.0000
vt 0.5935 0.0000
vt 0.5941 0.0645
vt -0.0007 0.0672
vt 0.0000 0.0000
vt 0.5949 0.0000
vt 0.5951 0.0585
vt -0.0014 0.0636
vt 0.0000 0.0000
vt 0.0650 0.0000
vt 0.0532 0.5794
vt -0.0133 0.5766
vt 0.0000 0.0000
vt 0.0679 0.0000
vt 0.0824 0.5793
vt 0.0105 0.5767
vt 0.0000 0.0000
vt 0.0650 -0.0000
vt 0.0592 0.5821
vt -0.0069 0.5796
vt 0.0000 0.0000
vt 0.0679 -0.0000
vt 0.0872 0.5821
vt 0.0152 0.5795
vt 0.0000 0.0000
vt 0.0683 0.0000
vt 0.1188 0.3546
vt 0.0532 0.3569
vt 0.0000 0.0000
vt 0.0668 0.0000
vt 0.1066 0.3562
vt 0.0428 0.3583
vt 0.0000 0.0000
vt 0.0683 -0.0000
vt 0.1171 0.3528
vt 0.0508 0.3548
vt 0.0000 0.0000
vt 0.0671 0.0000
vt 0.1022 0.3542
vt 0.0398 0.3562
vt 0.0000 0.0000
vt 0.3462 -0.0000
vt 0.3376 0.0643
vt -0.0126 0.0614
vt 0.0000 0.0000
vt 0.3507 -0.0000
vt 0.3430 0.0640
vt -0.0115 0.0616
vt 0.0000 0.0000
vt 0.3462 0.0000
vt 0.3421 0.0714
vt -0.0082 0.0671
vt 0.0000 0.0000
vt 0.3505 0.0000
vt 0.3477 0.0727
vt -0.0072 0.0676
vt 0.0000 0.0000
vt 0.7187 0.0000
vt 0.7187 0.1375
vt 0.0000 0.1375
vt 0.0000 0.0000
vt 0.1375 0.0000
vt 0.1375 0.7187
vt 0.0000 0.7187
vt 0.0000 0.0000
vt 0.1375 0.0000
vt 0.1375 1.1875
vt 0.0000 1.1875
vt 0.0000 0.0000
vt 1.1875 0.0000
vt 1.1875 0.1375
vt 0.0000 0.1375
vt 0.0000 0.0000
vt 1.1875 0.0000
vt 1.1875 0.7187
vt 0.0000 0.7187
vt 0.0000 0.0000
vt 0.7187 0.0000
vt 0.7187 1.1875
vt 0.0000 1.1875
usemtl concrete
f 1/1 2/2 3/3
f 1/1 3/3 4/4
f 5/5 6/6 7/7
f 5/5 7/7 8/8
f 9/9 10/10 11/11
f 9/9 11/11 12/12
f 13/13 14/14 15/15
f 13/13 15/15 16/16
f 17/17 18/18 19/19
f 17/17 19/19 20/20
f 21/21 22/22 23/23
f 21/21 23/23 24/24
f 25/25 26/26 27/27
f 25/25 27/27 28/28
f 29/29 30/30 31/31
f 29/29 31/31 32/32
f 33/33 34/34 35/35
f 33/33 35/35 36/36
f 37/37 38/38 39/39
f 37/37 39/39 40/40
f 41/41 42/42 43/43
f 41/41 43/43 44/44
f 45/45 46/46 47/47
f 45/45 47/47 48/48
f 49/49 50/50 51/51
f 49/49 51/51 52/52
f 53/53 54/54 55/55
f 53/53 55/55 56/56
f 57/57 58/58 59/59
f 57/57 59/59 60/60
f 61/61 62/62 63/63
f 61/61 63/63 64/64
f 65/65 66/66 67/67
f 65/65 67/67 68/68
f 69/69 70/70 71/71
f 69/69 71/71 72/72
f 73/73 74/74 75/75
f 73/73 75/75 76/76
f 77/77 78/78 79/79
f 77/77 79/79 80/80
f 81/81 82/82 83/83
f 81/81 83/83 84/84
f 85/85 86/86 87/87
f 85/85 87/87 88/88
f 89/89 90/90 91/91
f 89/89 91/91 92/92
f 93/93 94/94 95/95
f 93/93 95/95 96/96
f 97/97 98/98 99/99
f 97/97 99/99 100/100
f 101/101 102/102 103/103
f 101/101 103/103 104/104
f 105/105 106/106 107/107
f 105/105 107/107 108/108
f 109/109 110/110 111/111
f 109/109 111/111 112/112
f 113/113 114/114 115/115
f 113/113 115/115 116/116
f 117/117 118/118 119/119
f 117/117 119/119 120/120
f 121/121 122/122 123/123
f 121/121 123/123 124/124
f 125/125 126/126 127/127
f 125/125 127/127 128/128
f 129/129 130/130 131/131
f 129/129 131/131 132/132
f 133/133 134/134 135/135
f 133/133 135/135 136/136
f 137/137 138/138 139/139
f 137/137 139/139 140/140
f 141/141 142/142 143/143
f 141/141 143/143 144/144
f 145/145 146/146 147/147
f 145/145 147/147 148/148
f 149/149 150/150 151/151
f 149/149 151/151 152/152
f 153/153 154/154 155/155
f 153/153 155/155 156/156
f 157/157 158/158 159/159
f 157/157 159/159 160/160
f 161/161 162/162 163/163
f 161/161 163/163 164/164
f 165/165 166/166 167/167
f 165/165 167/167 168/168
f 169/169 170/170 171/171
f 169/169 171/171 172/172
f 173/173 174/174 175/175
f 173/173 175/175 176/176
f 177/177 178/178 179/179
f 177/177 179/179 180/180
f 181/181 182/182 183/183
f 181/181 183/183 184/184
f 185/185 186/186 187/187
f 185/185 187/187 188/188
f 189/189 190/190 191/191
f 189/189 191/191 192/192
f 193/193 194/194 195/195
f 193/193 195/195 196/196
f 197/197 198/198 199/199
f 197/197 199/199 200/200
f 201/201 202/202 203/203
f 201/201 203/203 204/204
f 205/205 206/206 207/207
f 205/205 207/207 208/208
f 209/209 210/210 211/211
f 209/209 211/211 212/212
f 213/213 214/214 215/215
f 213/213 215/215 216/216
f 217/217 218/218 219/219
f 217/217 219/219 220/220
f 221/221 222/222 223/223
f 221/221 223/223 224/224
f 225/225 226/226 227/227
f 225/225 227/227 228/228
f 229/229 230/230 231/231
f 229/229 231/231 232/232
f 233/233 234/234 235/235
f 233/233 235/235 236/236
f 237/237 238/238 239/239
f 237/237 239/239 240/240
f 241/241 242/242 243/243
f 241/241 243/243 244/244
f 245/245 246/246 247/247
f 245/245 247/247 248/248
f 249/249 250/250 251/251
f 249/249 251/251 252/252
f 253/253 254/254 255/255
f 253/253 255/255 256/256
f 257/257 258/258 259/259
f 257/257 259/259 260/260
f 261/261 262/262 263/263
f 261/261 263/263 264/264
f 265/265 266/266 267/267
f 265/265 267/267 268/268
f 269/269 270/270 271/271
f 269/269 271/271 272/272
f 273/273 274/274 275/275
f 273/273 275/275 276/276
f 277/277 278/278 279/279
f 277/277 279/279 280/280
f 281/281 282/282 283/283
f 281/281 283/283 284/284
f 285/285 286/286 287/287
f 285/285 287/287 288/288
f 289/289 290/290 291/291
f 289/289 291/291 292/292
f 293/293 294/294 295/295
f 293/293 295/295 296/296
f 297/297 298/298 299/299
f 297/297 299/299 300/300
f 301/301 302/302 303/303
f 301/301 303/303 304/304
f 305/305 306/306 307/307
f 305/305 307/307 308/308
f 309/309 310/310 311/311
f 309/309 311/311 312/312
f 313/313 314/314 315/315
f 313/313 315/315 316/316
f 317/317 318/318 319/319
f 317/317 319/319 320/320
f 321/321 322/322 323/323
f 321/321 323/323 324/324
f 325/325 326/326 327/327
f 325/325 327/327 328/328
f 329/329 330/330 331/331
f 329/329 331/331 332/332
f 333/333 334/334 335/335
f 333/333 335/335 336/336
f 337/337 338/338 339/339
f 337/337 339/339 340/340
f 341/341 342/342 343/343
f 341/341 343/343 344/344
f 345/345 346/346 347/347
f 345/345 347/347 348/348
f 349/349 350/350 351/351
f 349/349 351/351 352/352
f 353/353 354/354 355/355
f 353/353 355/355 356/356
f 357/357 358/358 359/359
f 357/357 359/359 360/360
f 361/361 362/362 363/363
f 361/361 363/363 364/364
f 365/365 366/366 367/367
f 365/365 367/367 368/368
f 369/369 370/370 371/371
f 369/369 371/371 372/372
f 373/373 374/374 375/375
f 373/373 375/375 376/376
f 377/377 378/378 379/379
f 377/377 379/379 380/380
f 381/381 382/382 383/383
f 381/381 383/383 384/384
f 385/385 386/386 387/387
f 385/385 387/387 388/388
f 389/389 390/390 391/391
f 389/389 391/391 392/392
f 393/393 394/394 395/395
f 393/393 395/395 396/396
f 397/397 398/398 399/399
f 397/397 399/399 400/400
f 401/401 402/402 403/403
f 401/401 403/403 404/404
f 405/405 406/406 407/407
f 405/405 407/407 408/408
f 409/409 410/410 411/411
f 409/409 411/411 412/412
f 413/413 414/414 415/415
f 413/413 415/415 416/416
f 417/417 418/418 419/419
f 417/417 419/419 420/420
f 421/421 422/422 423/423
f 421/421 423/423 424/424
f 425/425 426/426 427/427
f 425/425 427/427 428/428
f 429/429 430/430 431/431
f 429/429 431/431 432/432
f 433/433 434/434 435/435
f 433/433 435/435 436/436
f 437/437 438/438 439/439
f 437/437 439/439 440/440
f 441/441 442/442 443/443
f 441/441 443/443 444/444
f 445/445 446/446 447/447
f 445/445 447/447 448/448
f 449/449 450/450 451/451
f 449/449 451/451 452/452
f 453/453 454/454 455/455
f 453/453 455/455 456/456
f 457/457 458/458 459/459
f 457/457 459/459 460/460
f 461/461 462/462 463/463
f 461/461 463/463 464/464
f 465/465 466/466 467/467
f 465/465 467/467 468/468
f 469/469 470/470 471/471
f 469/469 471/471 472/472
f 473/473 474/474 475/475
f 473/473 475/475 476/476
f 477/477 478/478 479/479
f 477/477 479/479 480/480
f 481/481 482/482 483/483
f 481/481 483/483 484/484
f 485/485 486/486 487/487
f 485/485 487/487 488/488
f 489/489 490/490 491/491
f 489/489 491/491 492/492
f 493/493 494/494 495/495
f 493/493 495/495 496/496
f 497/497 498/498 499/499
f 497/497 499/499 500/500
f 501/501 502/502 503/503
f 501/501 503/503 504/504
f 505/505 506/506 507/507
f 505/505 507/507 508/508
f 509/509 510/510 511/511
f 509/509 511/511 512/512
f 513/513 514/514 515/515
f 513/513 515/515 516/516
f 517/517 518/518 519/519
f 517/517 519/519 520/520
f 521/521 522/522 523/523
f 521/521 523/523 524/524
f 525/525 526/526 527/527
f 525/525 527/527 528/528
f 529/529 530/530 531/531
f 529/529 531/531 532/532
f 533/533 534/534 535/535
f 533/533 535/535 536/536
f 537/537 538/538 539/539
f 537/537 539/539 540/540
f 541/541 542/542 543/543
f 541/541 543/543 544/544
f 545/545 546/546 547/547
f 545/545 547/547 548/548
f 549/549 550/550 551/551
f 549/549 551/551 552/552
f 553/553 554/554 555/555
f 553/553 555/555 556/556
f 557/557 558/558 559/559
f 557/557 559/559 560/560
f 561/561 562/562 563/563
f 561/561 563/563 564/564
f 565/565 566/566 567/567
f 565/565 567/567 568/568
f 569/569 570/570 571/571
f 569/569 571/571 572/572
f 573/573 574/574 575/575
f 573/573 575/575 576/576
f 577/577 578/578 579/579
f 577/577 579/579 580/580
f 581/581 582/582 583/583
f 581/581 583/583 584/584
f 585/585 586/586 587/587
f 585/585 587/587 588/588
f 589/589 590/590 591/591
f 589/589 591/591 592/592
f 593/593 594/594 595/595
f 593/593 595/595 596/596
f 597/597 598/598 599/599
f 597/597 599/599 600/600
f 601/601 602/602 603/603
f 601/601 603/603 604/604
f 605/605 606/606 607/607
f 605/605 607/607 608/608
f 609/609 610/610 611/611
f 609/609 611/611 612/612
f 613/613 614/614 615/615
f 613/613 615/615 616/616
f 617/617 618/618 619/619
f 617/617 619/619 620/620
f 621/621 622/622 623/623
f 621/621 623/623 624/624
f 625/625 626/626 627/627
f 625/625 627/627 628/628
f 629/629 630/630 631/631
f 629/629 631/631 632/632
f 633/633 634/634 635/635
f 633/633 635/635 636/636
f 637/637 638/638 639/639
f 637/637 639/639 640/640
f 641/641 642/642 643/643
f 641/641 643/643 644/644
f 645/645 646/646 647/647
f 645/645 647/647 648/648
f 649/649 650/650 651/651
f 649/649 651/651 652/652
f 653/653 654/654 655/655
f 653/653 655/655 656/656
f 657/657 658/658 659/659
f 657/657 659/659 660/660
f 661/661 662/662 663/663
f 661/661 663/663 664/664
f 665/665 666/666 667/667
f 665/665 667/667 668/668
f 669/669 670/670 671/671
f 669/669 671/671 672/672
f 673/673 674/674 675/675
f 673/673 675/675 676/676
f 677/677 678/678 679/679
f 677/677 679/679 680/680
f 681/681 682/682 683/683
f 681/681 683/683 684/684
f 685/685 686/686 687/687
f 685/685 687/687 688/688
f 689/689 690/690 691/691
f 689/689 691/691 692/692
f 693/693 694/694 695/695
f 693/693 695/695 696/696
f 697/697 698/698 699/699
f 697/697 699/699 700/700
f 701/701 702/702 703/703
f 701/701 703/703 704/704
f 705/705 706/706 707/707
f 705/705 707/707 708/708
f 709/709 710/710 711/711
f 709/709 711/711 712/712
f 713/713 714/714 715/715
f 713/713 715/715 716/716
f 717/717 718/718 719/719
f 717/717 719/719 720/720
f 721/721 722/722 723/723
f 721/721 723/723 724/724
f 725/725 726/726 727/727
f 725/725 727/727 728/728
f 729/729 730/730 731/731
f 729/729 731/731 732/732
f 733/733 734/734 735/735
f 733/733 735/735 736/736
f 737/737 738/738 739/739
f 737/737 739/739 740/740
f 741/741 742/742 743/743
f 741/741 743/743 744/744
f 745/745 746/746 747/747
f 745/745 747/747 748/748
f 749/749 750/750 751/751
f 749/749 751/751 752/752
f 753/753 754/754 755/755
f 753/753 755/755 756/756
f 757/757 758/758 759/759
f 757/757 759/759 760/760
f 761/761 762/762 763/763
f 761/761 763/763 764/764
f 765/765 766/766 767/767
f 765/765 767/767 768/768
f 769/769 770/770 771/771
f 769/769 771/771 772/772
f 773/773 774/774 775/775
f 773/773 775/775 776/776
f 777/777 778/778 779/779
f 777/777 779/779 780/780
f 781/781 782/782 783/783
f 781/781 783/783 784/784
f 785/785 786/786 787/787
f 785/785 787/787 788/788
f 789/789 790/790 791/791
f 789/789 791/791 792/792
f 793/793 794/794 795/795
f 793/793 795/795 796/796
f 797/797 798/798 799/799
f 797/797 799/799 800/800
f 801/801 802/802 803/803
f 801/801 803/803 804/804
f 805/805 806/806 807/807
f 805/805 807/807 808/808
f 809/809 810/810 811/811
f 809/809 811/811 812/812
f 813/813 814/814 815/815
f 813/813 815/815 816/816
f 817/817 818/818 819/819
f 817/817 819/819 820/820
f 821/821 822/822 823/823
f 821/821 823/823 824/824
f 825/825 826/826 827/827
f 825/825 827/827 828/828
f 829/829 830/830 831/831
f 829/829 831/831 832/832
f 833/833 834/834 835/835
f 833/833 835/835 836/836
f 837/837 838/838 839/839
f 837/837 839/839 840/840
f 841/841 842/842 843/843
f 841/841 843/843 844/844
f 845/845 846/846 847/847
f 845/845 847/847 848/848
f 849/849 850/850 851/851
f 849/849 851/851 852/852
f 853/853 854/854 855/855
f 853/853 855/855 856/856
f 857/857 858/858 859/859
f 857/857 859/859 860/860
f 861/861 862/862 863/863
f 861/861 863/863 864/864
f 865/865 866/866 867/867
f 865/865 867/867 868/868
f 869/869 870/870 871/871
f 869/869 871/871 872/872
f 873/873 874/874 875/875
f 873/873 875/875 876/876
f 877/877 878/878 879/879
f 877/877 879/879 880/880
f 881/881 882/882 883/883
f 881/881 883/883 884/884
f 885/885 886/886 887/887
f 885/885 887/887 888/888
f 889/889 890/890 891/891
f 889/889 891/891 892/892
f 893/893 894/894 895/895
f 893/893 895/895 896/896
f 897/897 898/898 899/899
f 897/897 899/899 900/900
f 901/901 902/902 903/903
f 901/901 903/903 904/904
f 905/905 906/906 907/907
f 905/905 907/907 908/908
f 909/909 910/910 911/911
f 909/909 911/911 912/912
f 913/913 914/914 915/915
f 913/913 915/915 916/916
f 917/917 918/918 919/919
f 917/917 919/919 920/920
f 921/921 922/922 923/923
f 921/921 923/923 924/924
f 925/925 926/926 927/927
f 925/925 927/927 928/928
f 929/929 930/930 931/931
f 929/929 931/931 932/932
f 933/933 934/934 935/935
f 933/933 935/935 936/936
f 937/937 938/938 939/939
f 937/937 939/939 940/940
f 941/941 942/942 943/943
f 941/941 943/943 944/944
f 945/945 946/946 947/947
f 945/945 947/947 948/948
f 949/949 950/950 951/951
f 949/949 951/951 952/952
f 953/953 954/954 955/955
f 953/953 955/955 956/956
f 957/957 958/958 959/959
f 957/957 959/959 960/960
f 961/961 962/962 963/963
f 961/961 963/963 964/964
f 965/965 966/966 967/967
f 965/965 967/967 968/968
f 969/969 970/970 971/971
f 969/969 971/971 972/972
f 973/973 974/974 975/975
f 973/973 975/975 976/976
f 977/977 978/978 979/979
f 977/977 979/979 980/980
f 981/981 982/982 983/983
f 981/981 983/983 984/984
f 985/985 986/986 987/987
f 985/985 987/987 988/988
f 989/989 990/990 991/991
f 989/989 991/991 992/992
f 993/993 994/994 995/995
f 993/993 995/995 996/996
f 997/997 998/998 999/999
f 997/997 999/999 1000/1000
f 1001/1001 1002/1002 1003/1003
f 1001/1001 1003/1003 1004/1004
f 1005/1005 1006/1006 1007/1007
f 1005/1005 1007/1007 1008/1008
f 1009/1009 1010/1010 1011/1011
f 1009/1009 1011/1011 1012/1012
f 1013/1013 1014/1014 1015/1015
f 1013/1013 1015/1015 1016/1016
f 1017/1017 1018/1018 1019/1019
f 1017/1017 1019/1019 1020/1020
f 1021/1021 1022/1022 1023/1023
f 1021/1021 1023/1023 1024/1024
f 1025/1025 1026/1026 1027/1027
f 1025/1025 1027/1027 1028/1028
f 1029/1029 1030/1030 1031/1031
f 1029/1029 1031/1031 1032/1032
f 1033/1033 1034/1034 1035/1035
f 1033/1033 1035/1035 1036/1036
f 1037/1037 1038/1038 1039/1039
f 1037/1037 1039/1039 1040/1040
f 1041/1041 1042/1042 1043/1043
f 1041/1041 1043/1043 1044/1044
f 1045/1045 1046/1046 1047/1047
f 1045/1045 1047/1047 1048/1048
f 1049/1049 1050/1050 1051/1051
f 1049/1049 1051/1051 1052/1052
f 1053/1053 1054/1054 1055/1055
f 1053/1053 1055/1055 1056/1056
f 2209/2209 2210/2210 2211/2211
f 2209/2209 2211/2211 2212/2212
f 2213/2213 2214/2214 2215/2215
f 2213/2213 2215/2215 2216/2216
f 2217/2217 2218/2218 2219/2219
f 2217/2217 2219/2219 2220/2220
f 2221/2221 2222/2222 2223/2223
f 2221/2221 2223/2223 2224/2224
f 2225/2225 2226/2226 2227/2227
f 2225/2225 2227/2227 2228/2228
f 2229/2229 2230/2230 2231/2231
f 2229/2229 2231/2231 2232/2232
f 2233/2233 2234/2234 2235/2235
f 2233/2233 2235/2235 2236/2236
f 2237/2237 2238/2238 2239/2239
f 2237/2237 2239/2239 2240/2240
f 2241/2241 2242/2242 2243/2243
f 2241/2241 2243/2243 2244/2244
f 2245/2245 2246/2246 2247/2247
f 2245/2245 2247/2247 2248/2248
f 2249/2249 2250/2250 2251/2251
f 2249/2249 2251/2251 2252/2252
f 2253/2253 2254/2254 2255/2255
f 2253/2253 2255/2255 2256/2256
f 2257/2257 2258/2258 2259/2259
f 2257/2257 2259/2259 2260/2260
f 2261/2261 2262/2262 2263/2263
f 2261/2261 2263/2263 2264/2264
f 2265/2265 2266/2266 2267/2267
f 2265/2265 2267/2267 2268/2268
f 2269/2269 2270/2270 2271/2271
f 2269/2269 2271/2271 2272/2272
f 2273/2273 2274/2274 2275/2275
f 2273/2273 2275/2275 2276/2276
f 2277/2277 2278/2278 2279/2279
f 2277/2277 2279/2279 2280/2280
f 2281/2281 2282/2282 2283/2283
f 2281/2281 2283/2283 2284/2284
f 2285/2285 2286/2286 2287/2287
f 2285/2285 2287/2287 2288/2288
f 2289/2289 2290/2290 2291/2291
f 2289/2289 2291/2291 2292/2292
f 2293/2293 2294/2294 2295/2295
f 2293/2293 2295/2295 2296/2296
f 2297/2297 2298/2298 2299/2299
f 2297/2297 2299/2299 2300/2300
f 2301/2301 2302/2302 2303/2303
f 2301/2301 2303/2303 2304/2304
f 2305/2305 2306/2306 2307/2307
f 2305/2305 2307/2307 2308/2308
f 2309/2309 2310/2310 2311/2311
f 2309/2309 2311/2311 2312/2312
f 2313/2313 2314/2314 2315/2315
f 2313/2313 2315/2315 2316/2316
f 2317/2317 2318/2318 2319/2319
f 2317/2317 2319/2319 2320/2320
f 2321/2321 2322/2322 2323/2323
f 2321/2321 2323/2323 2324/2324
f 2325/2325 2326/2326 2327/2327
f 2325/2325 2327/2327 2328/2328
f 2329/2329 2330/2330 2331/2331
f 2329/2329 2331/2331 2332/2332
f 2333/2333 2334/2334 2335/2335
f 2333/2333 2335/2335 2336/2336
f 2337/2337 2338/2338 2339/2339
f 2337/2337 2339/2339 2340/2340
f 2341/2341 2342/2342 2343/2343
f 2341/2341 2343/2343 2344/2344
f 2345/2345 2346/2346 2347/2347
f 2345/2345 2347/2347 2348/2348
f 2349/2349 2350/2350 2351/2351
f 2349/2349 2351/2351 2352/2352
f 2353/2353 2354/2354 2355/2355
f 2353/2353 2355/2355 2356/2356
f 2357/2357 2358/2358 2359/2359
f 2357/2357 2359/2359 2360/2360
f 2361/2361 2362/2362 2363/2363
f 2361/2361 2363/2363 2364/2364
f 2365/2365 2366/2366 2367/2367
f 2365/2365 2367/2367 2368/2368
f 2369/2369 2370/2370 2371/2371
f 2369/2369 2371/2371 2372/2372
f 2373/2373 2374/2374 2375/2375
f 2373/2373 2375/2375 2376/2376
f 2377/2377 2378/2378 2379/2379
f 2377/2377 2379/2379 2380/2380
f 2381/2381 2382/2382 2383/2383
f 2381/2381 2383/2383 2384/2384
f 2385/2385 2386/2386 2387/2387
f 2385/2385 2387/2387 2388/2388
f 2389/2389 2390/2390 2391/2391
f 2389/2389 2391/2391 2392/2392
f 2393/2393 2394/2394 2395/2395
f 2393/2393 2395/2395 2396/2396
f 2397/2397 2398/2398 2399/2399
f 2397/2397 2399/2399 2400/2400
f 2401/2401 2402/2402 2403/2403
f 2401/2401 2403/2403 2404/2404
f 2405/2405 2406/2406 2407/2407
f 2405/2405 2407/2407 2408/2408
f 2409/2409 2410/2410 2411/2411
f 2409/2409 2411/2411 2412/2412
f 2413/2413 2414/2414 2415/2415
f 2413/2413 2415/2415 2416/2416
f 2417/2417 2418/2418 2419/2419
f 2417/2417 2419/2419 2420/2420
f 2421/2421 2422/2422 2423/2423
f 2421/2421 2423/2423 2424/2424
f 2425/2425 2426/2426 2427/2427
f 2425/2425 2427/2427 2428/2428
f 2429/2429 2430/2430 2431/2431
f 2429/2429 2431/2431 2432/2432
f 2433/2433 2434/2434 2435/2435
f 2433/2433 2435/2435 2436/2436
f 2437/2437 2438/2438 2439/2439
f 2437/2437 2439/2439 2440/2440
f 2441/2441 2442/2442 2443/2443
f 2441/2441 2443/2443 2444/2444
f 2445/2445 2446/2446 2447/2447
f 2445/2445 2447/2447 2448/2448
f 2449/2449 2450/2450 2451/2451
f 2449/2449 2451/2451 2452/2452
f 2453/2453 2454/2454 2455/2455
f 2453/2453 2455/2455 2456/2456
f 2457/2457 2458/2458 2459/2459
f 2457/2457 2459/2459 2460/2460
f 2461/2461 2462/2462 2463/2463
f 2461/2461 2463/2463 2464/2464
f 2465/2465 2466/2466 2467/2467
f 2465/2465 2467/2467 2468/2468
f 2469/2469 2470/2470 2471/2471
f 2469/2469 2471/2471 2472/2472
f 2473/2473 2474/2474 2475/2475
f 2473/2473 2475/2475 2476/2476
f 2477/2477 2478/2478 2479/2479
f 2477/2477 2479/2479 2480/2480
f 2481/2481 2482/2482 2483/2483
f 2481/2481 2483/2483 2484/2484
f 2485/2485 2486/2486 2487/2487
f 2485/2485 2487/2487 2488/2488
f 2489/2489 2490/2490 2491/2491
f 2489/2489 2491/2491 2492/2492
f 2493/2493 2494/2494 2495/2495
f 2493/2493 2495/2495 2496/2496
f 2497/2497 2498/2498 2499/2499
f 2497/2497 2499/2499 2500/2500
f 2501/2501 2502/2502 2503/2503
f 2501/2501 2503/2503 2504/2504
f 2505/2505 2506/2506 2507/2507
f 2505/2505 2507/2507 2508/2508
f 2509/2509 2510/2510 2511/2511
f 2509/2509 2511/2511 2512/2512
f 2513/2513 2514/2514 2515/2515
f 2513/2513 2515/2515 2516/2516
f 2517/2517 2518/2518 2519/2519
f 2517/2517 2519/2519 2520/2520
f 2521/2521 2522/2522 2523/2523
f 2521/2521 2523/2523 2524/2524
f 2525/2525 2526/2526 2527/2527
f 2525/2525 2527/2527 2528/2528
f 2529/2529 2530/2530 2531/2531
f 2529/2529 2531/2531 2532/2532
f 2533/2533 2534/2534 2535/2535
f 2533/2533 2535/2535 2536/2536
f 2537/2537 2538/2538 2539/2539
f 2537/2537 2539/2539 2540/2540
f 2541/2541 2542/2542 2543/2543
f 2541/2541 2543/2543 2544/2544
f 2545/2545 2546/2546 2547/2547
f 2545/2545 2547/2547 2548/2548
f 2549/2549 2550/2550 2551/2551
f 2549/2549 2551/2551 2552/2552
f 2553/2553 2554/2554 2555/2555
f 2553/2553 2555/2555 2556/2556
f 2557/2557 2558/2558 2559/2559
f 2557/2557 2559/2559 2560/2560
f 2561/2561 2562/2562 2563/2563
f 2561/2561 2563/2563 2564/2564
f 2565/2565 2566/2566 2567/2567
f 2565/2565 2567/2567 2568/2568
f 2569/2569 2570/2570 2571/2571
f 2569/2569 2571/2571 2572/2572
f 2573/2573 2574/2574 2575/2575
f 2573/2573 2575/2575 2576/2576
f 2577/2577 2578/2578 2579/2579
f 2577/2577 2579/2579 2580/2580
f 2581/2581 2582/2582 2583/2583
f 2581/2581 2583/2583 2584/2584
f 2585/2585 2586/2586 2587/2587
f 2585/2585 2587/2587 2588/2588
f 2589/2589 2590/2590 2591/2591
f 2589/2589 2591/2591 2592/2592
f 2593/2593 2594/2594 2595/2595
f 2593/2593 2595/2595 2596/2596
f 2597/2597 2598/2598 2599/2599
f 2597/2597 2599/2599 2600/2600
f 2601/2601 2602/2602 2603/2603
f 2601/2601 2603/2603 2604/2604
f 2605/2605 2606/2606 2607/2607
f 2605/2605 2607/2607 2608/2608
f 2609/2609 2610/2610 2611/2611
f 2609/2609 2611/2611 2612/2612
f 2613/2613 2614/2614 2615/2615
f 2613/2613 2615/2615 2616/2616
f 2617/2617 2618/2618 2619/2619
f 2617/2617 2619/2619 2620/2620
f 2621/2621 2622/2622 2623/2623
f 2621/2621 2623/2623 2624/2624
f 2625/2625 2626/2626 2627/2627
f 2625/2625 2627/2627 2628/2628
f 2629/2629 2630/2630 2631/2631
f 2629/2629 2631/2631 2632/2632
f 2633/2633 2634/2634 2635/2635
f 2633/2633 2635/2635 2636/2636
f 2637/2637 2638/2638 2639/2639
f 2637/2637 2639/2639 2640/2640
f 2641/2641 2642/2642 2643/2643
f 2641/2641 2643/2643 2644/2644
f 2645/2645 2646/2646 2647/2647
f 2645/2645 2647/2647 2648/2648
f 2649/2649 2650/2650 2651/2651
f 2649/2649 2651/2651 2652/2652
f 2653/2653 2654/2654 2655/2655
f 2653/2653 2655/2655 2656/2656
f 2657/2657 2658/2658 2659/2659
f 2657/2657 2659/2659 2660/2660
f 2661/2661 2662/2662 2663/2663
f 2661/2661 2663/2663 2664/2664
f 2665/2665 2666/2666 2667/2667
f 2665/2665 2667/2667 2668/2668
f 2669/2669 2670/2670 2671/2671
f 2672/2672 2673/2673 2674/2674
f 2675/2675 2676/2676 2677/2677
f 2678/2678 2679/2679 2680/2680
f 2681/2681 2682/2682 2683/2683
f 2684/2684 2685/2685 2686/2686
f 2687/2687 2688/2688 2689/2689
f 2690/2690 2691/2691 2692/2692
f 2693/2693 2694/2694 2695/2695
f 2696/2696 2697/2697 2698/2698
f 2699/2699 2700/2700 2701/2701
f 2702/2702 2703/2703 2704/2704
f 2705/2705 2706/2706 2707/2707
f 2708/2708 2709/2709 2710/2710
f 2711/2711 2712/2712 2713/2713
f 2714/2714 2715/2715 2716/2716
f 2717/2717 2718/2718 2719/2719
f 2720/2720 2721/2721 2722/2722
f 2723/2723 2724/2724 2725/2725
f 2726/2726 2727/2727 2728/2728
f 2729/2729 2730/2730 2731/2731
f 2732/2732 2733/2733 2734/2734
f 2735/2735 2736/2736 2737/2737
f 2738/2738 2739/2739 2740/2740
f 2741/2741 2742/2742 2743/2743
f 2744/2744 2745/2745 2746/2746
f 2747/2747 2748/2748 2749/2749
f 2750/2750 2751/2751 2752/2752
f 2753/2753 2754/2754 2755/2755
f 2756/2756 2757/2757 2758/2758
f 2759/2759 2760/2760 2761/2761
f 2762/2762 2763/2763 2764/2764
f 2765/2765 2766/2766 2767/2767
f 2768/2768 2769/2769 2770/2770
f 2771/2771 2772/2772 2773/2773
f 2774/2774 2775/2775 2776/2776
f 2777/2777 2778/2778 2779/2779
f 2780/2780 2781/2781 2782/2782
f 2783/2783 2784/2784 2785/2785
f 2786/2786 2787/2787 2788/2788
f 2789/2789 2790/2790 2791/2791
f 2792/2792 2793/2793 2794/2794
f 2795/2795 2796/2796 2797/2797
f 2798/2798 2799/2799 2800/2800
f 2801/2801 2802/2802 2803/2803
f 2804/2804 2805/2805 2806/2806
f 2807/2807 2808/2808 2809/2809
f 2807/2807 2809/2809 2810/2810
f 2811/2811 2812/2812 2813/2813
f 2811/2811 2813/2813 2814/2814
f 2815/2815 2816/2816 2817/2817
f 2815/2815 2817/2817 2818/2818
f 2819/2819 2820/2820 2821/2821
f 2819/2819 2821/2821 2822/2822
f 2823/2823 2824/2824 2825/2825
f 2823/2823 2825/2825 2826/2826
f 2827/2827 2828/2828 2829/2829
f 2827/2827 2829/2829 2830/2830
f 2831/2831 2832/2832 2833/2833
f 2831/2831 2833/2833 2834/2834
f 2835/2835 2836/2836 2837/2837
f 2835/2835 2837/2837 2838/2838
f 2839/2839 2840/2840 2841/2841
f 2839/2839 2841/2841 2842/2842
f 2843/2843 2844/2844 2845/2845
f 2843/2843 2845/2845 2846/2846
f 2847/2847 2848/2848 2849/2849
f 2847/2847 2849/2849 2850/2850
f 2851/2851 2852/2852 2853/2853
f 2851/2851 2853/2853 2854/2854
f 2855/2855 2856/2856 2857/2857
f 2855/2855 2857/2857 2858/2858
f 2859/2859 2860/2860 2861/2861
f 2859/2859 2861/2861 2862/2862
f 2863/2863 2864/2864 2865/2865
f 2863/2863 2865/2865 2866/2866
f 2867/2867 2868/2868 2869/2869
f 2867/2867 2869/2869 2870/2870
f 2871/2871 2872/2872 2873/2873
f 2871/2871 2873/2873 2874/2874
f 2875/2875 2876/2876 2877/2877
f 2875/2875 2877/2877 2878/2878
f 2879/2879 2880/2880 2881/2881
f 2879/2879 2881/2881 2882/2882
f 2883/2883 2884/2884 2885/2885
f 2883/2883 2885/2885 2886/2886
f 2887/2887 2888/2888 2889/2889
f 2887/2887 2889/2889 2890/2890
f 2891/2891 2892/2892 2893/2893
f 2891/2891 2893/2893 2894/2894
f 2895/2895 2896/2896 2897/2897
f 2895/2895 2897/2897 2898/2898
f 2899/2899 2900/2900 2901/2901
f 2899/2899 2901/2901 2902/2902
f 2903/2903 2904/2904 2905/2905
f 2903/2903 2905/2905 2906/2906
f 2907/2907 2908/2908 2909/2909
f 2907/2907 2909/2909 2910/2910
f 2911/2911 2912/2912 2913/2913
f 2911/2911 2913/2913 2914/2914
f 2915/2915 2916/2916 2917/2917
f 2915/2915 2917/2917 2918/2918
f 2919/2919 2920/2920 2921/2921
f 2919/2919 2921/2921 2922/2922
f 2923/2923 2924/2924 2925/2925
f 2923/2923 2925/2925 2926/2926
f 2927/2927 2928/2928 2929/2929
f 2927/2927 2929/2929 2930/2930
f 2931/2931 2932/2932 2933/2933
f 2931/2931 2933/2933 2934/2934
f 2935/2935 2936/2936 2937/2937
f 2935/2935 2937/2937 2938/2938
f 2939/2939 2940/2940 2941/2941
f 2939/2939 2941/2941 2942/2942
f 2943/2943 2944/2944 2945/2945
f 2943/2943 2945/2945 2946/2946
f 2947/2947 2948/2948 2949/2949
f 2947/2947 2949/2949 2950/2950
f 2951/2951 2952/2952 2953/2953
f 2951/2951 2953/2953 2954/2954
f 2955/2955 2956/2956 2957/2957
f 2955/2955 2957/2957 2958/2958
f 2959/2959 2960/2960 2961/2961
f 2959/2959 2961/2961 2962/2962
f 2963/2963 2964/2964 2965/2965
f 2963/2963 2965/2965 2966/2966
f 2967/2967 2968/2968 2969/2969
f 2967/2967 2969/2969 2970/2970
f 2971/2971 2972/2972 2973/2973
f 2971/2971 2973/2973 2974/2974
f 2975/2975 2976/2976 2977/2977
f 2975/2975 2977/2977 2978/2978
f 2979/2979 2980/2980 2981/2981
f 2979/2979 2981/2981 2982/2982
f 2983/2983 2984/2984 2985/2985
f 2983/2983 2985/2985 2986/2986
f 2987/2987 2988/2988 2989/2989
f 2987/2987 2989/2989 2990/2990
f 2991/2991 2992/2992 2993/2993
f 2991/2991 2993/2993 2994/2994
f 2995/2995 2996/2996 2997/2997
f 2995/2995 2997/2997 2998/2998
f 2999/2999 3000/3000 3001/3001
f 2999/2999 3001/3001 3002/3002
f 3003/3003 3004/3004 3005/3005
f 3003/3003 3005/3005 3006/3006
f 3007/3007 3008/3008 3009/3009
f 3007/3007 3009/3009 3010/3010
f 3011/3011 3012/3012 3013/3013
f 3011/3011 3013/3013 3014/3014
f 3015/3015 3016/3016 3017/3017
f 3015/3015 3017/3017 3018/3018
f 3019/3019 3020/3020 3021/3021
f 3019/3019 3021/3021 3022/3022
f 3023/3023 3024/3024 3025/3025
f 3023/3023 3025/3025 3026/3026
f 3027/3027 3028/3028 3029/3029
f 3027/3027 3029/3029 3030/3030
f 3031/3031 3032/3032 3033/3033
f 3031/3031 3033/3033 3034/3034
f 3035/3035 3036/3036 3037/3037
f 3035/3035 3037/3037 3038/3038
f 3039/3039 3040/3040 3041/3041
f 3039/3039 3041/3041 3042/3042
f 3043/3043 3044/3044 3045/3045
f 3043/3043 3045/3045 3046/3046
f 3047/3047 3048/3048 3049/3049
f 3047/3047 3049/3049 3050/3050
f 3051/3051 3052/3052 3053/3053
f 3051/3051 3053/3053 3054/3054
f 3055/3055 3056/3056 3057/3057
f 3055/3055 3057/3057 3058/3058
f 3059/3059 3060/3060 3061/3061
f 3059/3059 3061/3061 3062/3062
f 3063/3063 3064/3064 3065/3065
f 3063/3063 3065/3065 3066/3066
f 3067/3067 3068/3068 3069/3069
f 3067/3067 3069/3069 3070/3070
f 3071/3071 3072/3072 3073/3073
f 3071/3071 3073/3073 3074/3074
f 3075/3075 3076/3076 3077/3077
f 3075/3075 3077/3077 3078/3078
f 3079/3079 3080/3080 3081/3081
f 3079/3079 3081/3081 3082/3082
f 3083/3083 3084/3084 3085/3085
f 3083/3083 3085/3085 3086/3086
f 3087/3087 3088/3088 3089/3089
f 3087/3087 3089/3089 3090/3090
f 3091/3091 3092/3092 3093/3093
f 3091/3091 3093/3093 3094/3094
f 3095/3095 3096/3096 3097/3097
f 3095/3095 3097/3097 3098/3098
f 3099/3099 3100/3100 3101/3101
f 3099/3099 3101/3101 3102/3102
f 3103/3103 3104/3104 3105/3105
f 3103/3103 3105/3105 3106/3106
f 3107/3107 3108/3108 3109/3109
f 3107/3107 3109/3109 3110/3110
f 3111/3111 3112/3112 3113/3113
f 3111/3111 3113/3113 3114/3114
f 3115/3115 3116/3116 3117/3117
f 3115/3115 3117/3117 3118/3118
f 3119/3119 3120/3120 3121/3121
f 3119/3119 3121/3121 3122/3122
f 3123/3123 3124/3124 3125/3125
f 3123/3123 3125/3125 3126/3126
f 3127/3127 3128/3128 3129/3129
f 3127/3127 3129/3129 3130/3130
f 3131/3131 3132/3132 3133/3133
f 3131/3131 3133/3133 3134/3134
f 3135/3135 3136/3136 3137/3137
f 3135/3135 3137/3137 3138/3138
f 3139/3139 3140/3140 3141/3141
f 3139/3139 3141/3141 3142/3142
f 3143/3143 3144/3144 3145/3145
f 3143/3143 3145/3145 3146/3146
f 3147/3147 3148/3148 3149/3149
f 3147/3147 3149/3149 3150/3150
f 3151/3151 3152/3152 3153/3153
f 3151/3151 3153/3153 3154/3154
f 3155/3155 3156/3156 3157/3157
f 3155/3155 3157/3157 3158/3158
f 3159/3159 3160/3160 3161/3161
f 3159/3159 3161/3161 3162/3162
f 3163/3163 3164/3164 3165/3165
f 3163/3163 3165/3165 3166/3166
f 3167/3167 3168/3168 3169/3169
f 3167/3167 3169/3169 3170/3170
f 3171/3171 3172/3172 3173/3173
f 3171/3171 3173/3173 3174/3174
f 3175/3175 3176/3176 3177/3177
f 3175/3175 3177/3177 3178/3178
f 3179/3179 3180/3180 3181/3181
f 3182/3182 3183/3183 3184/3184
f 3185/3185 3186/3186 3187/3187
f 3188/3188 3189/3189 3190/3190
f 3191/3191 3192/3192 3193/3193
f 3194/3194 3195/3195 3196/3196
f 3197/3197 3198/3198 3199/3199
f 3200/3200 3201/3201 3202/3202
f 3203/3203 3204/3204 3205/3205
f 3206/3206 3207/3207 3208/3208
f 3209/3209 3210/3210 3211/3211
f 3212/3212 3213/3213 3214/3214
f 3215/3215 3216/3216 3217/3217
f 3218/3218 3219/3219 3220/3220
f 3221/3221 3222/3222 3223/3223
f 3224/3224 3225/3225 3226/3226
f 3227/3227 3228/3228 3229/3229
f 3230/3230 3231/3231 3232/3232
f 3233/3233 3234/3234 3235/3235
f 3236/3236 3237/3237 3238/3238
f 3239/3239 3240/3240 3241/3241
f 3242/3242 3243/3243 3244/3244
f 3245/3245 3246/3246 3247/3247
f 3248/3248 3249/3249 3250/3250
f 3251/3251 3252/3252 3253/3253
f 3254/3254 3255/3255 3256/3256
f 3257/3257 3258/3258 3259/3259
f 3260/3260 3261/3261 3262/3262
f 3263/3263 3264/3264 3265/3265
f 3266/3266 3267/3267 3268/3268
f 3269/3269 3270/3270 3271/3271
f 3272/3272 3273/3273 3274/3274
f 3275/3275 3276/3276 3277/3277
f 3278/3278 3279/3279 3280/3280
f 3281/3281 3282/3282 3283/3283
f 3284/3284 3285/3285 3286/3286
f 3287/3287 3288/3288 3289/3289
f 3290/3290 3291/3291 3292/3292
f 3293/3293 3294/3294 3295/3295
f 3296/3296 3297/3297 3298/3298
f 3299/3299 3300/3300 3301/3301
f 3302/3302 3303/3303 3304/3304
f 3305/3305 3306/3306 3307/3307
f 3308/3308 3309/3309 3310/3310
f 3311/3311 3312/3312 3313/3313
f 3314/3314 3315/3315 3316/3316
f 3317/3317 3318/3318 3319/3319
f 3320/3320 3321/3321 3322/3322
f 3323/3323 3324/3324 3325/3325
f 3326/3326 3327/3327 3328/3328
f 3329/3329 3330/3330 3331/3331
f 3332/3332 3333/3333 3334/3334
f 3335/3335 3336/3336 3337/3337
f 3338/3338 3339/3339 3340/3340
f 3341/3341 3342/3342 3343/3343
f 3344/3344 3345/3345 3346/3346
f 3347/3347 3348/3348 3349/3349
f 3350/3350 3351/3351 3352/3352
f 3353/3353 3354/3354 3355/3355
f 3356/3356 3357/3357 3358/3358
f 3359/3359 3360/3360 3361/3361
f 3362/3362 3363/3363 3364/3364
f 3437/3437 3438/3438 3439/3439
f 3437/3437 3439/3439 3440/3440
f 3441/3441 3442/3442 3443/3443
f 3441/3441 3443/3443 3444/3444
f 3445/3445 3446/3446 3447/3447
f 3445/3445 3447/3447 3448/3448
f 3449/3449 3450/3450 3451/3451
f 3449/3449 3451/3451 3452/3452
f 3453/3453 3454/3454 3455/3455
f 3453/3453 3455/3455 3456/3456
f 3457/3457 3458/3458 3459/3459
f 3457/3457 3459/3459 3460/3460
f 3461/3461 3462/3462 3463/3463
f 3461/3461 3463/3463 3464/3464
f 3465/3465 3466/3466 3467/3467
f 3465/3465 3467/3467 3468/3468
f 3469/3469 3470/3470 3471/3471
f 3469/3469 3471/3471 3472/3472
f 3473/3473 3474/3474 3475/3475
f 3473/3473 3475/3475 3476/3476
f 3477/3477 3478/3478 3479/3479
f 3477/3477 3479/3479 3480/3480
f 3481/3481 3482/3482 3483/3483
f 3481/3481 3483/3483 3484/3484
f 3485/3485 3486/3486 3487/3487
f 3485/3485 3487/3487 3488/3488
f 3489/3489 3490/3490 3491/3491
f 3489/3489 3491/3491 3492/3492
f 3493/3493 3494/3494 3495/3495
f 3493/3493 3495/3495 3496/3496
f 3497/3497 3498/3498 3499/3499
f 3497/3497 3499/3499 3500/3500
f 3501/3501 3502/3502 3503/3503
f 3501/3501 3503/3503 3504/3504
f 3505/3505 3506/3506 3507/3507
f 3505/3505 3507/3507 3508/3508
f 3509/3509 3510/3510 3511/3511
f 3509/3509 3511/3511 3512/3512
f 3513/3513 3514/3514 3515/3515
f 3513/3513 3515/3515 3516/3516
f 3517/3517 3518/3518 3519/3519
f 3517/3517 3519/3519 3520/3520
f 3521/3521 3522/3522 3523/3523
f 3521/3521 3523/3523 3524/3524
f 3525/3525 3526/3526 3527/3527
f 3525/3525 3527/3527 3528/3528
f 3529/3529 3530/3530 3531/3531
f 3529/3529 3531/3531 3532/3532
f 3533/3533 3534/3534 3535/3535
f 3533/3533 3535/3535 3536/3536
f 3537/3537 3538/3538 3539/3539
f 3537/3537 3539/3539 3540/3540
f 3541/3541 3542/3542 3543/3543
f 3541/3541 3543/3543 3544/3544
f 3545/3545 3546/3546 3547/3547
f 3545/3545 3547/3547 3548/3548
f 3549/3549 3550/3550 3551/3551
f 3549/3549 3551/3551 3552/3552
f 3553/3553 3554/3554 3555/3555
f 3553/3553 3555/3555 3556/3556
f 3557/3557 3558/3558 3559/3559
f 3557/3557 3559/3559 3560/3560
f 3561/3561 3562/3562 3563/3563
f 3561/3561 3563/3563 3564/3564
f 3565/3565 3566/3566 3567/3567
f 3565/3565 3567/3567 3568/3568
f 3569/3569 3570/3570 3571/3571
f 3569/3569 3571/3571 3572/3572
f 3573/3573 3574/3574 3575/3575
f 3573/3573 3575/3575 3576/3576
f 3577/3577 3578/3578 3579/3579
f 3577/3577 3579/3579 3580/3580
f 3581/3581 3582/3582 3583/3583
f 3581/3581 3583/3583 3584/3584
f 3585/3585 3586/3586 3587/3587
f 3585/3585 3587/3587 3588/3588
f 3589/3589 3590/3590 3591/3591
f 3589/3589 3591/3591 3592/3592
f 3593/3593 3594/3594 3595/3595
f 3593/3593 3595/3595 3596/3596
f 3597/3597 3598/3598 3599/3599
f 3597/3597 3599/3599 3600/3600
f 3601/3601 3602/3602 3603/3603
f 3601/3601 3603/3603 3604/3604
f 3605/3605 3606/3606 3607/3607
f 3605/3605 3607/3607 3608/3608
f 3609/3609 3610/3610 3611/3611
f 3609/3609 3611/3611 3612/3612
f 3613/3613 3614/3614 3615/3615
f 3613/3613 3615/3615 3616/3616
f 3617/3617 3618/3618 3619/3619
f 3617/3617 3619/3619 3620/3620
f 3621/3621 3622/3622 3623/3623
f 3621/3621 3623/3623 3624/3624
f 3625/3625 3626/3626 3627/3627
f 3625/3625 3627/3627 3628/3628
f 3629/3629 3630/3630 3631/3631
f 3629/3629 3631/3631 3632/3632
f 3633/3633 3634/3634 3635/3635
f 3633/3633 3635/3635 3636/3636
f 3637/3637 3638/3638 3639/3639
f 3637/3637 3639/3639 3640/3640
f 3641/3641 3642/3642 3643/3643
f 3641/3641 3643/3643 3644/3644
f 3645/3645 3646/3646 3647/3647
f 3645/3645 3647/3647 3648/3648
f 3649/3649 3650/3650 3651/3651
f 3649/3649 3651/3651 3652/3652
f 3653/3653 3654/3654 3655/3655
f 3653/3653 3655/3655 3656/3656
f 3657/3657 3658/3658 3659/3659
f 3657/3657 3659/3659 3660/3660
f 3661/3661 3662/3662 3663/3663
f 3661/3661 3663/3663 3664/3664
f 3665/3665 3666/3666 3667/3667
f 3665/3665 3667/3667 3668/3668
f 3669/3669 3670/3670 3671/3671
f 3669/3669 3671/3671 3672/3672
f 3673/3673 3674/3674 3675/3675
f 3673/3673 3675/3675 3676/3676
f 3677/3677 3678/3678 3679/3679
f 3677/3677 3679/3679 3680/3680
f 3681/3681 3682/3682 3683/3683
f 3681/3681 3683/3683 3684/3684
f 3685/3685 3686/3686 3687/3687
f 3685/3685 3687/3687 3688/3688
f 3689/3689 3690/3690 3691/3691
f 3689/3689 3691/3691 3692/3692
f 3693/3693 3694/3694 3695/3695
f 3693/3693 3695/3695 3696/3696
f 3697/3697 3698/3698 3699/3699
f 3697/3697 3699/3699 3700/3700
f 3701/3701 3702/3702 3703/3703
f 3701/3701 3703/3703 3704/3704
f 3705/3705 3706/3706 3707/3707
f 3705/3705 3707/3707 3708/3708
f 3709/3709 3710/3710 3711/3711
f 3709/3709 3711/3711 3712/3712
f 3713/3713 3714/3714 3715/3715
f 3713/3713 3715/3715 3716/3716
f 3717/3717 3718/3718 3719/3719
f 3717/3717 3719/3719 3720/3720
f 3721/3721 3722/3722 3723/3723
f 3721/3721 3723/3723 3724/3724
f 3725/3725 3726/3726 3727/3727
f 3725/3725 3727/3727 3728/3728
f 3729/3729 3730/3730 3731/3731
f 3729/3729 3731/3731 3732/3732
f 3733/3733 3734/3734 3735/3735
f 3733/3733 3735/3735 3736/3736
f 3737/3737 3738/3738 3739/3739
f 3737/3737 3739/3739 3740/3740
f 3741/3741 3742/3742 3743/3743
f 3741/3741 3743/3743 3744/3744
f 3745/3745 3746/3746 3747/3747
f 3745/3745 3747/3747 3748/3748
f 3749/3749 3750/3750 3751/3751
f 3749/3749 3751/3751 3752/3752
f 3753/3753 3754/3754 3755/3755
f 3753/3753 3755/3755 3756/3756
f 3757/3757 3758/3758 3759/3759
f 3757/3757 3759/3759 3760/3760
f 3761/3761 3762/3762 3763/3763
f 3761/3761 3763/3763 3764/3764
f 3765/3765 3766/3766 3767/3767
f 3765/3765 3767/3767 3768/3768
f 3769/3769 3770/3770 3771/3771
f 3769/3769 3771/3771 3772/3772
f 3773/3773 3774/3774 3775/3775
f 3773/3773 3775/3775 3776/3776
f 3777/3777 3778/3778 3779/3779
f 3777/3777 3779/3779 3780/3780
f 3781/3781 3782/3782 3783/3783
f 3781/3781 3783/3783 3784/3784
f 3785/3785 3786/3786 3787/3787
f 3785/3785 3787/3787 3788/3788
f 3789/3789 3790/3790 3791/3791
f 3789/3789 3791/3791 3792/3792
f 3793/3793 3794/3794 3795/3795
f 3793/3793 3795/3795 3796/3796
f 3797/3797 3798/3798 3799/3799
f 3800/3800 3801/3801 3802/3802
f 3803/3803 3804/3804 3805/3805
f 3806/3806 3807/3807 3808/3808
f 3809/3809 3810/3810 3811/3811
f 3812/3812 3813/3813 3814/3814
f 3815/3815 3816/3816 3817/3817
f 3818/3818 3819/3819 3820/3820
f 3821/3821 3822/3822 3823/3823
f 3824/3824 3825/3825 3826/3826
f 3827/3827 3828/3828 3829/3829
f 3830/3830 3831/3831 3832/3832
f 3833/3833 3834/3834 3835/3835
f 3836/3836 3837/3837 3838/3838
f 3839/3839 3840/3840 3841/3841
f 3842/3842 3843/3843 3844/3844
f 3845/3845 3846/3846 3847/3847
f 3848/3848 3849/3849 3850/3850
f 3851/3851 3852/3852 3853/3853
f 3854/3854 3855/3855 3856/3856
f 3857/3857 3858/3858 3859/3859
f 3860/3860 3861/3861 3862/3862
f 3863/3863 3864/3864 3865/3865
f 3866/3866 3867/3867 3868/3868
f 3869/3869 3870/3870 3871/3871
f 3872/3872 3873/3873 3874/3874
f 3875/3875 3876/3876 3877/3877
f 3878/3878 3879/3879 3880/3880
f 3881/3881 3882/3882 3883/3883
f 3884/3884 3885/3885 3886/3886
f 3887/3887 3888/3888 3889/3889
f 3890/3890 3891/3891 3892/3892
f 3893/3893 3894/3894 3895/3895
f 3896/3896 3897/3897 3898/3898
f 3899/3899 3900/3900 3901/3901
f 3902/3902 3903/3903 3904/3904
f 4193/4193 4194/4194 4195/4195
f 4193/4193 4195/4195 4196/4196
f 4197/4197 4198/4198 4199/4199
f 4197/4197 4199/4199 4200/4200
f 4201/4201 4202/4202 4203/4203
f 4201/4201 4203/4203 4204/4204
f 4205/4205 4206/4206 4207/4207
f 4205/4205 4207/4207 4208/4208
f 4209/4209 4210/4210 4211/4211
f 4209/4209 4211/4211 4212/4212
f 4213/4213 4214/4214 4215/4215
f 4213/4213 4215/4215 4216/4216
f 4217/4217 4218/4218 4219/4219
f 4217/4217 4219/4219 4220/4220
f 4221/4221 4222/4222 4223/4223
f 4221/4221 4223/4223 4224/4224
f 4225/4225 4226/4226 4227/4227
f 4225/4225 4227/4227 4228/4228
f 4229/4229 4230/4230 4231/4231
f 4229/4229 4231/4231 4232/4232
f 4233/4233 4234/4234 4235/4235
f 4233/4233 4235/4235 4236/4236
f 4237/4237 4238/4238 4239/4239
f 4237/4237 4239/4239 4240/4240
f 4241/4241 4242/4242 4243/4243
f 4241/4241 4243/4243 4244/4244
f 4245/4245 4246/4246 4247/4247
f 4245/4245 4247/4247 4248/4248
f 4249/4249 4250/4250 4251/4251
f 4249/4249 4251/4251 4252/4252
f 4253/4253 4254/4254 4255/4255
f 4253/4253 4255/4255 4256/4256
f 4257/4257 4258/4258 4259/4259
f 4257/4257 4259/4259 4260/4260
f 4261/4261 4262/4262 4263/4263
f 4261/4261 4263/4263 4264/4264
f 4265/4265 4266/4266 4267/4267
f 4265/4265 4267/4267 4268/4268
f 4269/4269 4270/4270 4271/4271
f 4269/4269 4271/4271 4272/4272
f 4273/4273 4274/4274 4275/4275
f 4273/4273 4275/4275 4276/4276
f 4277/4277 4278/4278 4279/4279
f 4277/4277 4279/4279 4280/4280
f 4281/4281 4282/4282 4283/4283
f 4281/4281 4283/4283 4284/4284
f 4285/4285 4286/4286 4287/4287
f 4285/4285 4287/4287 4288/4288
f 4289/4289 4290/4290 4291/4291
f 4289/4289 4291/4291 4292/4292
f 4293/4293 4294/4294 4295/4295
f 4293/4293 4295/4295 4296/4296
f 4297/4297 4298/4298 4299/4299
f 4297/4297 4299/4299 4300/4300
f 4301/4301 4302/4302 4303/4303
f 4301/4301 4303/4303 4304/4304
f 4305/4305 4306/4306 4307/4307
f 4305/4305 4307/4307 4308/4308
f 4309/4309 4310/4310 4311/4311
f 4309/4309 4311/4311 4312/4312
f 4313/4313 4314/4314 4315/4315
f 4313/4313 4315/4315 4316/4316
f 4317/4317 4318/4318 4319/4319
f 4317/4317 4319/4319 4320/4320
f 4321/4321 4322/4322 4323/4323
f 4321/4321 4323/4323 4324/4324
f 4325/4325 4326/4326 4327/4327
f 4325/4325 4327/4327 4328/4328
f 4329/4329 4330/4330 4331/4331
f 4329/4329 4331/4331 4332/4332
f 4333/4333 4334/4334 4335/4335
f 4333/4333 4335/4335 4336/4336
f 4337/4337 4338/4338 4339/4339
f 4337/4337 4339/4339 4340/4340
f 4341/4341 4342/4342 4343/4343
f 4341/4341 4343/4343 4344/4344
f 4345/4345 4346/4346 4347/4347
f 4345/4345 4347/4347 4348/4348
f 4349/4349 4350/4350 4351/4351
f 4349/4349 4351/4351 4352/4352
f 4353/4353 4354/4354 4355/4355
f 4353/4353 4355/4355 4356/4356
f 4357/4357 4358/4358 4359/4359
f 4357/4357 4359/4359 4360/4360
f 4361/4361 4362/4362 4363/4363
f 4361/4361 4363/4363 4364/4364
f 4365/4365 4366/4366 4367/4367
f 4365/4365 4367/4367 4368/4368
f 4369/4369 4370/4370 4371/4371
f 4369/4369 4371/4371 4372/4372
f 4373/4373 4374/4374 4375/4375
f 4373/4373 4375/4375 4376/4376
f 4377/4377 4378/4378 4379/4379
f 4377/4377 4379/4379 4380/4380
f 4381/4381 4382/4382 4383/4383
f 4381/4381 4383/4383 4384/4384
f 4385/4385 4386/4386 4387/4387
f 4385/4385 4387/4387 4388/4388
f 4389/4389 4390/4390 4391/4391
f 4389/4389 4391/4391 4392/4392
f 4393/4393 4394/4394 4395/4395
f 4393/4393 4395/4395 4396/4396
f 4397/4397 4398/4398 4399/4399
f 4397/4397 4399/4399 4400/4400
f 4401/4401 4402/4402 4403/4403
f 4401/4401 4403/4403 4404/4404
f 4405/4405 4406/4406 4407/4407
f 4405/4405 4407/4407 4408/4408
f 4409/4409 4410/4410 4411/4411
f 4409/4409 4411/4411 4412/4412
f 4413/4413 4414/4414 4415/4415
f 4413/4413 4415/4415 4416/4416
f 4417/4417 4418/4418 4419/4419
f 4417/4417 4419/4419 4420/4420
f 4421/4421 4422/4422 4423/4423
f 4421/4421 4423/4423 4424/4424
f 4425/4425 4426/4426 4427/4427
f 4425/4425 4427/4427 4428/4428
f 4429/4429 4430/4430 4431/4431
f 4429/4429 4431/4431 4432/4432
f 4433/4433 4434/4434 4435/4435
f 4433/4433 4435/4435 4436/4436
f 4437/4437 4438/4438 4439/4439
f 4437/4437 4439/4439 4440/4440
f 4441/4441 4442/4442 4443/4443
f 4441/4441 4443/4443 4444/4444
f 4445/4445 4446/4446 4447/4447
f 4445/4445 4447/4447 4448/4448
f 4449/4449 4450/4450 4451/4451
f 4449/4449 4451/4451 4452/4452
f 4453/4453 4454/4454 4455/4455
f 4453/4453 4455/4455 4456/4456
f 4457/4457 4458/4458 4459/4459
f 4457/4457 4459/4459 4460/4460
f 4461/4461 4462/4462 4463/4463
f 4461/4461 4463/4463 4464/4464
f 4465/4465 4466/4466 4467/4467
f 4465/4465 4467/4467 4468/4468
f 4469/4469 4470/4470 4471/4471
f 4469/4469 4471/4471 4472/4472
f 4473/4473 4474/4474 4475/4475
f 4473/4473 4475/4475 4476/4476
f 4477/4477 4478/4478 4479/4479
f 4477/4477 4479/4479 4480/4480
f 4481/4481 4482/4482 4483/4483
f 4481/4481 4483/4483 4484/4484
f 4485/4485 4486/4486 4487/4487
f 4485/4485 4487/4487 4488/4488
f 4489/4489 4490/4490 4491/4491
f 4489/4489 4491/4491 4492/4492
f 4493/4493 4494/4494 4495/4495
f 4493/4493 4495/4495 4496/4496
f 4497/4497 4498/4498 4499/4499
f 4497/4497 4499/4499 4500/4500
f 4501/4501 4502/4502 4503/4503
f 4501/4501 4503/4503 4504/4504
f 4505/4505 4506/4506 4507/4507
f 4505/4505 4507/4507 4508/4508
f 4509/4509 4510/4510 4511/4511
f 4509/4509 4511/4511 4512/4512
f 4513/4513 4514/4514 4515/4515
f 4513/4513 4515/4515 4516/4516
f 4517/4517 4518/4518 4519/4519
f 4517/4517 4519/4519 4520/4520
f 4521/4521 4522/4522 4523/4523
f 4521/4521 4523/4523 4524/4524
f 4525/4525 4526/4526 4527/4527
f 4525/4525 4527/4527 4528/4528
f 4529/4529 4530/4530 4531/4531
f 4529/4529 4531/4531 4532/4532
f 4533/4533 4534/4534 4535/4535
f 4533/4533 4535/4535 4536/4536
f 4537/4537 4538/4538 4539/4539
f 4537/4537 4539/4539 4540/4540
f 4541/4541 4542/4542 4543/4543
f 4541/4541 4543/4543 4544/4544
f 4545/4545 4546/4546 4547/4547
f 4545/4545 4547/4547 4548/4548
f 4549/4549 4550/4550 4551/4551
f 4549/4549 4551/4551 4552/4552
f 4553/4553 4554/4554 4555/4555
f 4553/4553 4555/4555 4556/4556
f 4557/4557 4558/4558 4559/4559
f 4557/4557 4559/4559 4560/4560
f 4561/4561 4562/4562 4563/4563
f 4561/4561 4563/4563 4564/4564
f 4565/4565 4566/4566 4567/4567
f 4565/4565 4567/4567 4568/4568
f 4569/4569 4570/4570 4571/4571
f 4569/4569 4571/4571 4572/4572
f 4573/4573 4574/4574 4575/4575
f 4573/4573 4575/4575 4576/4576
f 4577/4577 4578/4578 4579/4579
f 4577/4577 4579/4579 4580/4580
f 4581/4581 4582/4582 4583/4583
f 4581/4581 4583/4583 4584/4584
f 4585/4585 4586/4586 4587/4587
f 4585/4585 4587/4587 4588/4588
f 4589/4589 4590/4590 4591/4591
f 4589/4589 4591/4591 4592/4592
f 4593/4593 4594/4594 4595/4595
f 4593/4593 4595/4595 4596/4596
f 4597/4597 4598/4598 4599/4599
f 4597/4597 4599/4599 4600/4600
f 4601/4601 4602/4602 4603/4603
f 4601/4601 4603/4603 4604/4604
f 4605/4605 4606/4606 4607/4607
f 4605/4605 4607/4607 4608/4608
f 4609/4609 4610/4610 4611/4611
f 4609/4609 4611/4611 4612/4612
f 4613/4613 4614/4614 4615/4615
f 4613/4613 4615/4615 4616/4616
f 4617/4617 4618/4618 4619/4619
f 4617/4617 4619/4619 4620/4620
f 4621/4621 4622/4622 4623/4623
f 4621/4621 4623/4623 4624/4624
f 4625/4625 4626/4626 4627/4627
f 4625/4625 4627/4627 4628/4628
f 4629/4629 4630/4630 4631/4631
f 4629/4629 4631/4631 4632/4632
f 4633/4633 4634/4634 4635/4635
f 4633/4633 4635/4635 4636/4636
f 4637/4637 4638/4638 4639/4639
f 4637/4637 4639/4639 4640/4640
f 4641/4641 4642/4642 4643/4643
f 4641/4641 4643/4643 4644/4644
f 4645/4645 4646/4646 4647/4647
f 4645/4645 4647/4647 4648/4648
f 4649/4649 4650/4650 4651/4651
f 4649/4649 4651/4651 4652/4652
f 4653/4653 4654/4654 4655/4655
f 4656/4656 4657/4657 4658/4658
f 4659/4659 4660/4660 4661/4661
f 4662/4662 4663/4663 4664/4664
f 4665/4665 4666/4666 4667/4667
f 4668/4668 4669/4669 4670/4670
f 4671/4671 4672/4672 4673/4673
f 4674/4674 4675/4675 4676/4676
f 4677/4677 4678/4678 4679/4679
f 4680/4680 4681/4681 4682/4682
f 4683/4683 4684/4684 4685/4685
f 4686/4686 4687/4687 4688/4688
f 4689/4689 4690/4690 4691/4691
f 4692/4692 4693/4693 4694/4694
f 4695/4695 4696/4696 4697/4697
f 4698/4698 4699/4699 4700/4700
f 4701/4701 4702/4702 4703/4703
f 4704/4704 4705/4705 4706/4706
f 4707/4707 4708/4708 4709/4709
f 4710/4710 4711/4711 4712/4712
f 4713/4713 4714/4714 4715/4715
f 4716/4716 4717/4717 4718/4718
f 4719/4719 4720/4720 4721/4721
f 4722/4722 4723/4723 4724/4724
f 4725/4725 4726/4726 4727/4727
f 4728/4728 4729/4729 4730/4730
f 4731/4731 4732/4732 4733/4733
f 4734/4734 4735/4735 4736/4736
f 4737/4737 4738/4738 4739/4739
f 4740/4740 4741/4741 4742/4742
f 4743/4743 4744/4744 4745/4745
f 4746/4746 4747/4747 4748/4748
f 4749/4749 4750/4750 4751/4751
f 4752/4752 4753/4753 4754/4754
f 4755/4755 4756/4756 4757/4757
f 4758/4758 4759/4759 4760/4760
f 4761/4761 4762/4762 4763/4763
f 4764/4764 4765/4765 4766/4766
f 4767/4767 4768/4768 4769/4769
f 4770/4770 4771/4771 4772/4772
f 4773/4773 4774/4774 4775/4775
f 4776/4776 4777/4777 4778/4778
f 4779/4779 4780/4780 4781/4781
f 4782/4782 4783/4783 4784/4784
f 4785/4785 4786/4786 4787/4787
f 4788/4788 4789/4789 4790/4790
f 5007/5007 5008/5008 5009/5009
f 5007/5007 5009/5009 5010/5010
f 5011/5011 5012/5012 5013/5013
f 5011/5011 5013/5013 5014/5014
f 5015/5015 5016/5016 5017/5017
f 5015/5015 5017/5017 5018/5018
f 5019/5019 5020/5020 5021/5021
f 5019/5019 5021/5021 5022/5022
f 5023/5023 5024/5024 5025/5025
f 5023/5023 5025/5025 5026/5026
f 5027/5027 5028/5028 5029/5029
f 5027/5027 5029/5029 5030/5030
f 5031/5031 5032/5032 5033/5033
f 5031/5031 5033/5033 5034/5034
f 5035/5035 5036/5036 5037/5037
f 5035/5035 5037/5037 5038/5038
f 5039/5039 5040/5040 5041/5041
f 5039/5039 5041/5041 5042/5042
f 5043/5043 5044/5044 5045/5045
f 5043/5043 5045/5045 5046/5046
f 5047/5047 5048/5048 5049/5049
f 5047/5047 5049/5049 5050/5050
f 5051/5051 5052/5052 5053/5053
f 5051/5051 5053/5053 5054/5054
f 5055/5055 5056/5056 5057/5057
f 5055/5055 5057/5057 5058/5058
f 5059/5059 5060/5060 5061/5061
f 5059/5059 5061/5061 5062/5062
f 5063/5063 5064/5064 5065/5065
f 5063/5063 5065/5065 5066/5066
f 5067/5067 5068/5068 5069/5069
f 5067/5067 5069/5069 5070/5070
f 5071/5071 5072/5072 5073/5073
f 5071/5071 5073/5073 5074/5074
f 5075/5075 5076/5076 5077/5077
f 5075/5075 5077/5077 5078/5078
f 5079/5079 5080/5080 5081/5081
f 5079/5079 5081/5081 5082/5082
f 5083/5083 5084/5084 5085/5085
f 5083/5083 5085/5085 5086/5086
f 5087/5087 5088/5088 5089/5089
f 5087/5087 5089/5089 5090/5090
f 5091/5091 5092/5092 5093/5093
f 5091/5091 5093/5093 5094/5094
f 5095/5095 5096/5096 5097/5097
f 5095/5095 5097/5097 5098/5098
f 5099/5099 5100/5100 5101/5101
f 5099/5099 5101/5101 5102/5102
f 5103/5103 5104/5104 5105/5105
f 5103/5103 5105/5105 5106/5106
f 5107/5107 5108/5108 5109/5109
f 5107/5107 5109/5109 5110/5110
f 5111/5111 5112/5112 5113/5113
f 5111/5111 5113/5113 5114/5114
f 5115/5115 5116/5116 5117/5117
f 5115/5115 5117/5117 5118/5118
f 5119/5119 5120/5120 5121/5121
f 5119/5119 5121/5121 5122/5122
f 5123/5123 5124/5124 5125/5125
f 5123/5123 5125/5125 5126/5126
f 5127/5127 5128/5128 5129/5129
f 5127/5127 5129/5129 5130/5130
f 5131/5131 5132/5132 5133/5133
f 5131/5131 5133/5133 5134/5134
f 5135/5135 5136/5136 5137/5137
f 5135/5135 5137/5137 5138/5138
f 5139/5139 5140/5140 5141/5141
f 5139/5139 5141/5141 5142/5142
f 5143/5143 5144/5144 5145/5145
f 5143/5143 5145/5145 5146/5146
f 5147/5147 5148/5148 5149/5149
f 5147/5147 5149/5149 5150/5150
f 5151/5151 5152/5152 5153/5153
f 5151/5151 5153/5153 5154/5154
f 5155/5155 5156/5156 5157/5157
f 5155/5155 5157/5157 5158/5158
f 5159/5159 5160/5160 5161/5161
f 5159/5159 5161/5161 5162/5162
f 5163/5163 5164/5164 5165/5165
f 5163/5163 5165/5165 5166/5166
f 5167/5167 5168/5168 5169/5169
f 5167/5167 5169/5169 5170/5170
f 5171/5171 5172/5172 5173/5173
f 5171/5171 5173/5173 5174/5174
f 5175/5175 5176/5176 5177/5177
f 5175/5175 5177/5177 5178/5178
f 5179/5179 5180/5180 5181/5181
f 5179/5179 5181/5181 5182/5182
f 5183/5183 5184/5184 5185/5185
f 5183/5183 5185/5185 5186/5186
f 5187/5187 5188/5188 5189/5189
f 5187/5187 5189/5189 5190/5190
f 5191/5191 5192/5192 5193/5193
f 5191/5191 5193/5193 5194/5194
f 5195/5195 5196/5196 5197/5197
f 5195/5195 5197/5197 5198/5198
f 5199/5199 5200/5200 5201/5201
f 5199/5199 5201/5201 5202/5202
f 5203/5203 5204/5204 5205/5205
f 5203/5203 5205/5205 5206/5206
f 5207/5207 5208/5208 5209/5209
f 5207/5207 5209/5209 5210/5210
f 5211/5211 5212/5212 5213/5213
f 5211/5211 5213/5213 5214/5214
f 5215/5215 5216/5216 5217/5217
f 5215/5215 5217/5217 5218/5218
f 5219/5219 5220/5220 5221/5221
f 5219/5219 5221/5221 5222/5222
f 5223/5223 5224/5224 5225/5225
f 5223/5223 5225/5225 5226/5226
f 5227/5227 5228/5228 5229/5229
f 5227/5227 5229/5229 5230/5230
f 5231/5231 5232/5232 5233/5233
f 5231/5231 5233/5233 5234/5234
f 5235/5235 5236/5236 5237/5237
f 5235/5235 5237/5237 5238/5238
f 5239/5239 5240/5240 5241/5241
f 5239/5239 5241/5241 5242/5242
f 5243/5243 5244/5244 5245/5245
f 5243/5243 5245/5245 5246/5246
f 5247/5247 5248/5248 5249/5249
f 5247/5247 5249/5249 5250/5250
f 5251/5251 5252/5252 5253/5253
f 5251/5251 5253/5253 5254/5254
f 5255/5255 5256/5256 5257/5257
f 5255/5255 5257/5257 5258/5258
f 5259/5259 5260/5260 5261/5261
f 5259/5259 5261/5261 5262/5262
f 5263/5263 5264/5264 5265/5265
f 5263/5263 5265/5265 5266/5266
f 5267/5267 5268/5268 5269/5269
f 5267/5267 5269/5269 5270/5270
f 5271/5271 5272/5272 5273/5273
f 5271/5271 5273/5273 5274/5274
f 5275/5275 5276/5276 5277/5277
f 5275/5275 5277/5277 5278/5278
f 5279/5279 5280/5280 5281/5281
f 5279/5279 5281/5281 5282/5282
f 5283/5283 5284/5284 5285/5285
f 5283/5283 5285/5285 5286/5286
f 5287/5287 5288/5288 5289/5289
f 5287/5287 5289/5289 5290/5290
f 5291/5291 5292/5292 5293/5293
f 5291/5291 5293/5293 5294/5294
f 5295/5295 5296/5296 5297/5297
f 5295/5295 5297/5297 5298/5298
f 5299/5299 5300/5300 5301/5301
f 5299/5299 5301/5301 5302/5302
f 5303/5303 5304/5304 5305/5305
f 5303/5303 5305/5305 5306/5306
f 5307/5307 5308/5308 5309/5309
f 5307/5307 5309/5309 5310/5310
f 5311/5311 5312/5312 5313/5313
f 5311/5311 5313/5313 5314/5314
f 5315/5315 5316/5316 5317/5317
f 5315/5315 5317/5317 5318/5318
f 5319/5319 5320/5320 5321/5321
f 5319/5319 5321/5321 5322/5322
f 5323/5323 5324/5324 5325/5325
f 5323/5323 5325/5325 5326/5326
f 5327/5327 5328/5328 5329/5329
f 5327/5327 5329/5329 5330/5330
f 5331/5331 5332/5332 5333/5333
f 5331/5331 5333/5333 5334/5334
f 5335/5335 5336/5336 5337/5337
f 5335/5335 5337/5337 5338/5338
f 5339/5339 5340/5340 5341/5341
f 5339/5339 5341/5341 5342/5342
f 5343/5343 5344/5344 5345/5345
f 5343/5343 5345/5345 5346/5346
f 5347/5347 5348/5348 5349/5349
f 5347/5347 5349/5349 5350/5350
f 5351/5351 5352/5352 5353/5353
f 5351/5351 5353/5353 5354/5354
f 5355/5355 5356/5356 5357/5357
f 5355/5355 5357/5357 5358/5358
f 5359/5359 5360/5360 5361/5361
f 5359/5359 5361/5361 5362/5362
f 5363/5363 5364/5364 5365/5365
f 5363/5363 5365/5365 5366/5366
f 5367/5367 5368/5368 5369/5369
f 5367/5367 5369/5369 5370/5370
f 5371/5371 5372/5372 5373/5373
f 5371/5371 5373/5373 5374/5374
f 5375/5375 5376/5376 5377/5377
f 5375/5375 5377/5377 5378/5378
f 5379/5379 5380/5380 5381/5381
f 5379/5379 5381/5381 5382/5382
f 5383/5383 5384/5384 5385/5385
f 5383/5383 5385/5385 5386/5386
f 5387/5387 5388/5388 5389/5389
f 5387/5387 5389/5389 5390/5390
f 5391/5391 5392/5392 5393/5393
f 5391/5391 5393/5393 5394/5394
f 5395/5395 5396/5396 5397/5397
f 5395/5395 5397/5397 5398/5398
f 5399/5399 5400/5400 5401/5401
f 5399/5399 5401/5401 5402/5402
f 5403/5403 5404/5404 5405/5405
f 5403/5403 5405/5405 5406/5406
f 5407/5407 5408/5408 5409/5409
f 5407/5407 5409/5409 5410/5410
f 5411/5411 5412/5412 5413/5413
f 5411/5411 5413/5413 5414/5414
f 5415/5415 5416/5416 5417/5417
f 5415/5415 5417/5417 5418/5418
f 5419/5419 5420/5420 5421/5421
f 5419/5419 5421/5421 5422/5422
f 5423/5423 5424/5424 5425/5425
f 5423/5423 5425/5425 5426/5426
f 5427/5427 5428/5428 5429/5429
f 5427/5427 5429/5429 5430/5430
f 5431/5431 5432/5432 5433/5433
f 5431/5431 5433/5433 5434/5434
f 5435/5435 5436/5436 5437/5437
f 5435/5435 5437/5437 5438/5438
f 5439/5439 5440/5440 5441/5441
f 5439/5439 5441/5441 5442/5442
f 5443/5443 5444/5444 5445/5445
f 5443/5443 5445/5445 5446/5446
f 5447/5447 5448/5448 5449/5449
f 5447/5447 5449/5449 5450/5450
f 5451/5451 5452/5452 5453/5453
f 5451/5451 5453/5453 5454/5454
f 5455/5455 5456/5456 5457/5457
f 5455/5455 5457/5457 5458/5458
f 5459/5459 5460/5460 5461/5461
f 5459/5459 5461/5461 5462/5462
f 5463/5463 5464/5464 5465/5465
f 5463/5463 5465/5465 5466/5466
f 5467/5467 5468/5468 5469/5469
f 5467/5467 5469/5469 5470/5470
f 5471/5471 5472/5472 5473/5473
f 5471/5471 5473/5473 5474/5474
f 5475/5475 5476/5476 5477/5477
f 5475/5475 5477/5477 5478/5478
f 5479/5479 5480/5480 5481/5481
f 5479/5479 5481/5481 5482/5482
f 5483/5483 5484/5484 5485/5485
f 5483/5483 5485/5485 5486/5486
f 5487/5487 5488/5488 5489/5489
f 5487/5487 5489/5489 5490/5490
f 5491/5491 5492/5492 5493/5493
f 5491/5491 5493/5493 5494/5494
f 5495/5495 5496/5496 5497/5497
f 5495/5495 5497/5497 5498/5498
f 5499/5499 5500/5500 5501/5501
f 5499/5499 5501/5501 5502/5502
f 5503/5503 5504/5504 5505/5505
f 5503/5503 5505/5505 5506/5506
f 5507/5507 5508/5508 5509/5509
f 5507/5507 5509/5509 5510/5510
f 5511/5511 5512/5512 5513/5513
f 5511/5511 5513/5513 5514/5514
f 5515/5515 5516/5516 5517/5517
f 5515/5515 5517/5517 5518/5518
f 5519/5519 5520/5520 5521/5521
f 5519/5519 5521/5521 5522/5522
f 5523/5523 5524/5524 5525/5525
f 5523/5523 5525/5525 5526/5526
f 5527/5527 5528/5528 5529/5529
f 5527/5527 5529/5529 5530/5530
f 5531/5531 5532/5532 5533/5533
f 5531/5531 5533/5533 5534/5534
f 5535/5535 5536/5536 5537/5537
f 5535/5535 5537/5537 5538/5538
f 5539/5539 5540/5540 5541/5541
f 5539/5539 5541/5541 5542/5542
f 5543/5543 5544/5544 5545/5545
f 5543/5543 5545/5545 5546/5546
f 5547/5547 5548/5548 5549/5549
f 5547/5547 5549/5549 5550/5550
f 5551/5551 5552/5552 5553/5553
f 5551/5551 5553/5553 5554/5554
f 5555/5555 5556/5556 5557/5557
f 5555/5555 5557/5557 5558/5558
f 5559/5559 5560/5560 5561/5561
f 5559/5559 5561/5561 5562/5562
f 5563/5563 5564/5564 5565/5565
f 5563/5563 5565/5565 5566/5566
f 5567/5567 5568/5568 5569/5569
f 5567/5567 5569/5569 5570/5570
f 5571/5571 5572/5572 5573/5573
f 5571/5571 5573/5573 5574/5574
f 5575/5575 5576/5576 5577/5577
f 5575/5575 5577/5577 5578/5578
f 5579/5579 5580/5580 5581/5581
f 5579/5579 5581/5581 5582/5582
f 5583/5583 5584/5584 5585/5585
f 5583/5583 5585/5585 5586/5586
f 5587/5587 5588/5588 5589/5589
f 5587/5587 5589/5589 5590/5590
f 5591/5591 5592/5592 5593/5593
f 5591/5591 5593/5593 5594/5594
f 5595/5595 5596/5596 5597/5597
f 5595/5595 5597/5597 5598/5598
f 5599/5599 5600/5600 5601/5601
f 5599/5599 5601/5601 5602/5602
f 5603/5603 5604/5604 5605/5605
f 5603/5603 5605/5605 5606/5606
f 5607/5607 5608/5608 5609/5609
f 5607/5607 5609/5609 5610/5610
f 5611/5611 5612/5612 5613/5613
f 5611/5611 5613/5613 5614/5614
f 5615/5615 5616/5616 5617/5617
f 5615/5615 5617/5617 5618/5618
f 5619/5619 5620/5620 5621/5621
f 5619/5619 5621/5621 5622/5622
f 5623/5623 5624/5624 5625/5625
f 5623/5623 5625/5625 5626/5626
f 5627/5627 5628/5628 5629/5629
f 5627/5627 5629/5629 5630/5630
f 5631/5631 5632/5632 5633/5633
f 5631/5631 5633/5633 5634/5634
f 5635/5635 5636/5636 5637/5637
f 5635/5635 5637/5637 5638/5638
f 5639/5639 5640/5640 5641/5641
f 5639/5639 5641/5641 5642/5642
f 5643/5643 5644/5644 5645/5645
f 5643/5643 5645/5645 5646/5646
f 5647/5647 5648/5648 5649/5649
f 5650/5650 5651/5651 5652/5652
f 5653/5653 5654/5654 5655/5655
f 5656/5656 5657/5657 5658/5658
f 5659/5659 5660/5660 5661/5661
f 5662/5662 5663/5663 5664/5664
f 5665/5665 5666/5666 5667/5667
f 5668/5668 5669/5669 5670/5670
f 5671/5671 5672/5672 5673/5673
f 5674/5674 5675/5675 5676/5676
f 5677/5677 5678/5678 5679/5679
f 5680/5680 5681/5681 5682/5682
f 5683/5683 5684/5684 5685/5685
f 5686/5686 5687/5687 5688/5688
f 5689/5689 5690/5690 5691/5691
f 5692/5692 5693/5693 5694/5694
f 5695/5695 5696/5696 5697/5697
f 5698/5698 5699/5699 5700/5700
f 5701/5701 5702/5702 5703/5703
f 5704/5704 5705/5705 5706/5706
f 5707/5707 5708/5708 5709/5709
f 5710/5710 5711/5711 5712/5712
f 5713/5713 5714/5714 5715/5715
f 5716/5716 5717/5717 5718/5718
f 5719/5719 5720/5720 5721/5721
f 5722/5722 5723/5723 5724/5724
f 5725/5725 5726/5726 5727/5727
f 5728/5728 5729/5729 5730/5730
f 5731/5731 5732/5732 5733/5733
f 5734/5734 5735/5735 5736/5736
f 5737/5737 5738/5738 5739/5739
f 5740/5740 5741/5741 5742/5742
f 5743/5743 5744/5744 5745/5745
f 5746/5746 5747/5747 5748/5748
f 5749/5749 5750/5750 5751/5751
f 5752/5752 5753/5753 5754/5754
f 5755/5755 5756/5756 5757/5757
f 5758/5758 5759/5759 5760/5760
f 5761/5761 5762/5762 5763/5763
f 5764/5764 5765/5765 5766/5766
f 5767/5767 5768/5768 5769/5769
f 5770/5770 5771/5771 5772/5772
f 5773/5773 5774/5774 5775/5775
f 5776/5776 5777/5777 5778/5778
f 5779/5779 5780/5780 5781/5781
f 5782/5782 5783/5783 5784/5784
f 5785/5785 5786/5786 5787/5787
f 5788/5788 5789/5789 5790/5790
f 5791/5791 5792/5792 5793/5793
f 5794/5794 5795/5795 5796/5796
f 5797/5797 5798/5798 5799/5799
f 5800/5800 5801/5801 5802/5802
f 5803/5803 5804/5804 5805/5805
f 5806/5806 5807/5807 5808/5808
f 5809/5809 5810/5810 5811/5811
f 5812/5812 5813/5813 5814/5814
f 5815/5815 5816/5816 5817/5817
f 5818/5818 5819/5819 5820/5820
f 5821/5821 5822/5822 5823/5823
f 5824/5824 5825/5825 5826/5826
f 5827/5827 5828/5828 5829/5829
f 5830/5830 5831/5831 5832/5832
f 5833/5833 5834/5834 5835/5835
f 5836/5836 5837/5837 5838/5838
f 5839/5839 5840/5840 5841/5841
f 5839/5839 5841/5841 5842/5842
f 5843/5843 5844/5844 5845/5845
f 5843/5843 5845/5845 5846/5846
f 5847/5847 5848/5848 5849/5849
f 5847/5847 5849/5849 5850/5850
f 5851/5851 5852/5852 5853/5853
f 5851/5851 5853/5853 5854/5854
f 5855/5855 5856/5856 5857/5857
f 5855/5855 5857/5857 5858/5858
f 5859/5859 5860/5860 5861/5861
f 5859/5859 5861/5861 5862/5862
f 5863/5863 5864/5864 5865/5865
f 5863/5863 5865/5865 5866/5866
f 5867/5867 5868/5868 5869/5869
f 5867/5867 5869/5869 5870/5870
f 5871/5871 5872/5872 5873/5873
f 5871/5871 5873/5873 5874/5874
f 5875/5875 5876/5876 5877/5877
f 5875/5875 5877/5877 5878/5878
f 5879/5879 5880/5880 5881/5881
f 5879/5879 5881/5881 5882/5882
f 5883/5883 5884/5884 5885/5885
f 5883/5883 5885/5885 5886/5886
f 5887/5887 5888/5888 5889/5889
f 5887/5887 5889/5889 5890/5890
f 5891/5891 5892/5892 5893/5893
f 5891/5891 5893/5893 5894/5894
f 5895/5895 5896/5896 5897/5897
f 5895/5895 5897/5897 5898/5898
f 5899/5899 5900/5900 5901/5901
f 5899/5899 5901/5901 5902/5902
f 5903/5903 5904/5904 5905/5905
f 5903/5903 5905/5905 5906/5906
f 5907/5907 5908/5908 5909/5909
f 5907/5907 5909/5909 5910/5910
f 5911/5911 5912/5912 5913/5913
f 5911/5911 5913/5913 5914/5914
f 5915/5915 5916/5916 5917/5917
f 5915/5915 5917/5917 5918/5918
f 5919/5919 5920/5920 5921/5921
f 5919/5919 5921/5921 5922/5922
f 5923/5923 5924/5924 5925/5925
f 5923/5923 5925/5925 5926/5926
f 5927/5927 5928/5928 5929/5929
f 5927/5927 5929/5929 5930/5930
f 5931/5931 5932/5932 5933/5933
f 5931/5931 5933/5933 5934/5934
f 5935/5935 5936/5936 5937/5937
f 5935/5935 5937/5937 5938/5938
f 5939/5939 5940/5940 5941/5941
f 5939/5939 5941/5941 5942/5942
f 5943/5943 5944/5944 5945/5945
f 5943/5943 5945/5945 5946/5946
f 5947/5947 5948/5948 5949/5949
f 5947/5947 5949/5949 5950/5950
f 5951/5951 5952/5952 5953/5953
f 5951/5951 5953/5953 5954/5954
f 5955/5955 5956/5956 5957/5957
f 5955/5955 5957/5957 5958/5958
f 5959/5959 5960/5960 5961/5961
f 5959/5959 5961/5961 5962/5962
f 5963/5963 5964/5964 5965/5965
f 5963/5963 5965/5965 5966/5966
f 5967/5967 5968/5968 5969/5969
f 5967/5967 5969/5969 5970/5970
f 5971/5971 5972/5972 5973/5973
f 5971/5971 5973/5973 5974/5974
f 5975/5975 5976/5976 5977/5977
f 5975/5975 5977/5977 5978/5978
f 5979/5979 5980/5980 5981/5981
f 5979/5979 5981/5981 5982/5982
f 5983/5983 5984/5984 5985/5985
f 5983/5983 5985/5985 5986/5986
f 5987/5987 5988/5988 5989/5989
f 5987/5987 5989/5989 5990/5990
f 5991/5991 5992/5992 5993/5993
f 5991/5991 5993/5993 5994/5994
f 5995/5995 5996/5996 5997/5997
f 5995/5995 5997/5997 5998/5998
f 5999/5999 6000/6000 6001/6001
f 5999/5999 6001/6001 6002/6002
f 6003/6003 6004/6004 6005/6005
f 6003/6003 6005/6005 6006/6006
f 6007/6007 6008/6008 6009/6009
f 6007/6007 6009/6009 6010/6010
f 6011/6011 6012/6012 6013/6013
f 6011/6011 6013/6013 6014/6014
f 6015/6015 6016/6016 6017/6017
f 6015/6015 6017/6017 6018/6018
f 6019/6019 6020/6020 6021/6021
f 6019/6019 6021/6021 6022/6022
f 6023/6023 6024/6024 6025/6025
f 6023/6023 6025/6025 6026/6026
f 6027/6027 6028/6028 6029/6029
f 6027/6027 6029/6029 6030/6030
f 6031/6031 6032/6032 6033/6033
f 6031/6031 6033/6033 6034/6034
f 6035/6035 6036/6036 6037/6037
f 6035/6035 6037/6037 6038/6038
f 6039/6039 6040/6040 6041/6041
f 6039/6039 6041/6041 6042/6042
f 6043/6043 6044/6044 6045/6045
f 6043/6043 6045/6045 6046/6046
f 6047/6047 6048/6048 6049/6049
f 6047/6047 6049/6049 6050/6050
f 6051/6051 6052/6052 6053/6053
f 6051/6051 6053/6053 6054/6054
f 6055/6055 6056/6056 6057/6057
f 6055/6055 6057/6057 6058/6058
f 6059/6059 6060/6060 6061/6061
f 6059/6059 6061/6061 6062/6062
f 6063/6063 6064/6064 6065/6065
f 6063/6063 6065/6065 6066/6066
f 6067/6067 6068/6068 6069/6069
f 6067/6067 6069/6069 6070/6070
f 6071/6071 6072/6072 6073/6073
f 6071/6071 6073/6073 6074/6074
f 6075/6075 6076/6076 6077/6077
f 6075/6075 6077/6077 6078/6078
f 6079/6079 6080/6080 6081/6081
f 6079/6079 6081/6081 6082/6082
f 6083/6083 6084/6084 6085/6085
f 6083/6083 6085/6085 6086/6086
f 6087/6087 6088/6088 6089/6089
f 6087/6087 6089/6089 6090/6090
f 6091/6091 6092/6092 6093/6093
f 6091/6091 6093/6093 6094/6094
f 6095/6095 6096/6096 6097/6097
f 6095/6095 6097/6097 6098/6098
f 6099/6099 6100/6100 6101/6101
f 6099/6099 6101/6101 6102/6102
f 6103/6103 6104/6104 6105/6105
f 6103/6103 6105/6105 6106/6106
f 6107/6107 6108/6108 6109/6109
f 6107/6107 6109/6109 6110/6110
f 6111/6111 6112/6112 6113/6113
f 6111/6111 6113/6113 6114/6114
f 6115/6115 6116/6116 6117/6117
f 6115/6115 6117/6117 6118/6118
f 6119/6119 6120/6120 6121/6121
f 6119/6119 6121/6121 6122/6122
f 6123/6123 6124/6124 6125/6125
f 6123/6123 6125/6125 6126/6126
f 6127/6127 6128/6128 6129/6129
f 6127/6127 6129/6129 6130/6130
f 6131/6131 6132/6132 6133/6133
f 6131/6131 6133/6133 6134/6134
f 6135/6135 6136/6136 6137/6137
f 6135/6135 6137/6137 6138/6138
f 6139/6139 6140/6140 6141/6141
f 6139/6139 6141/6141 6142/6142
f 6143/6143 6144/6144 6145/6145
f 6143/6143 6145/6145 6146/6146
f 6147/6147 6148/6148 6149/6149
f 6147/6147 6149/6149 6150/6150
f 6151/6151 6152/6152 6153/6153
f 6151/6151 6153/6153 6154/6154
f 6155/6155 6156/6156 6157/6157
f 6155/6155 6157/6157 6158/6158
f 6159/6159 6160/6160 6161/6161
f 6159/6159 6161/6161 6162/6162
f 6163/6163 6164/6164 6165/6165
f 6163/6163 6165/6165 6166/6166
f 6167/6167 6168/6168 6169/6169
f 6167/6167 6169/6169 6170/6170
f 6171/6171 6172/6172 6173/6173
f 6171/6171 6173/6173 6174/6174
f 6175/6175 6176/6176 6177/6177
f 6175/6175 6177/6177 6178/6178
f 6179/6179 6180/6180 6181/6181
f 6179/6179 6181/6181 6182/6182
f 6183/6183 6184/6184 6185/6185
f 6183/6183 6185/6185 6186/6186
f 6187/6187 6188/6188 6189/6189
f 6187/6187 6189/6189 6190/6190
f 6191/6191 6192/6192 6193/6193
f 6191/6191 6193/6193 6194/6194
f 6195/6195 6196/6196 6197/6197
f 6195/6195 6197/6197 6198/6198
f 6199/6199 6200/6200 6201/6201
f 6199/6199 6201/6201 6202/6202
f 6203/6203 6204/6204 6205/6205
f 6203/6203 6205/6205 6206/6206
f 6207/6207 6208/6208 6209/6209
f 6207/6207 6209/6209 6210/6210
f 6211/6211 6212/6212 6213/6213
f 6211/6211 6213/6213 6214/6214
f 6215/6215 6216/6216 6217/6217
f 6215/6215 6217/6217 6218/6218
f 6219/6219 6220/6220 6221/6221
f 6219/6219 6221/6221 6222/6222
f 6223/6223 6224/6224 6225/6225
f 6223/6223 6225/6225 6226/6226
f 6227/6227 6228/6228 6229/6229
f 6227/6227 6229/6229 6230/6230
f 6231/6231 6232/6232 6233/6233
f 6231/6231 6233/6233 6234/6234
f 6235/6235 6236/6236 6237/6237
f 6235/6235 6237/6237 6238/6238
f 6239/6239 6240/6240 6241/6241
f 6239/6239 6241/6241 6242/6242
f 6243/6243 6244/6244 6245/6245
f 6243/6243 6245/6245 6246/6246
f 6247/6247 6248/6248 6249/6249
f 6247/6247 6249/6249 6250/6250
f 6251/6251 6252/6252 6253/6253
f 6251/6251 6253/6253 6254/6254
f 6255/6255 6256/6256 6257/6257
f 6255/6255 6257/6257 6258/6258
f 6259/6259 6260/6260 6261/6261
f 6259/6259 6261/6261 6262/6262
f 6263/6263 6264/6264 6265/6265
f 6263/6263 6265/6265 6266/6266
f 6267/6267 6268/6268 6269/6269
f 6267/6267 6269/6269 6270/6270
f 6271/6271 6272/6272 6273/6273
f 6271/6271 6273/6273 6274/6274
f 6275/6275 6276/6276 6277/6277
f 6275/6275 6277/6277 6278/6278
f 6279/6279 6280/6280 6281/6281
f 6279/6279 6281/6281 6282/6282
f 6283/6283 6284/6284 6285/6285
f 6283/6283 6285/6285 6286/6286
f 6287/6287 6288/6288 6289/6289
f 6287/6287 6289/6289 6290/6290
f 6291/6291 6292/6292 6293/6293
f 6291/6291 6293/6293 6294/6294
f 6295/6295 6296/6296 6297/6297
f 6295/6295 6297/6297 6298/6298
f 6299/6299 6300/6300 6301/6301
f 6299/6299 6301/6301 6302/6302
f 6303/6303 6304/6304 6305/6305
f 6303/6303 6305/6305 6306/6306
f 6307/6307 6308/6308 6309/6309
f 6307/6307 6309/6309 6310/6310
f 6311/6311 6312/6312 6313/6313
f 6311/6311 6313/6313 6314/6314
f 6315/6315 6316/6316 6317/6317
f 6315/6315 6317/6317 6318/6318
f 6319/6319 6320/6320 6321/6321
f 6319/6319 6321/6321 6322/6322
f 6323/6323 6324/6324 6325/6325
f 6323/6323 6325/6325 6326/6326
f 6327/6327 6328/6328 6329/6329
f 6327/6327 6329/6329 6330/6330
f 6331/6331 6332/6332 6333/6333
f 6331/6331 6333/6333 6334/6334
f 6335/6335 6336/6336 6337/6337
f 6335/6335 6337/6337 6338/6338
f 6339/6339 6340/6340 6341/6341
f 6339/6339 6341/6341 6342/6342
f 6343/6343 6344/6344 6345/6345
f 6343/6343 6345/6345 6346/6346
f 6347/6347 6348/6348 6349/6349
f 6347/6347 6349/6349 6350/6350
f 6351/6351 6352/6352 6353/6353
f 6351/6351 6353/6353 6354/6354
f 6355/6355 6356/6356 6357/6357
f 6355/6355 6357/6357 6358/6358
f 6359/6359 6360/6360 6361/6361
f 6359/6359 6361/6361 6362/6362
f 6363/6363 6364/6364 6365/6365
f 6363/6363 6365/6365 6366/6366
f 6367/6367 6368/6368 6369/6369
f 6367/6367 6369/6369 6370/6370
f 6371/6371 6372/6372 6373/6373
f 6371/6371 6373/6373 6374/6374
f 6375/6375 6376/6376 6377/6377
f 6375/6375 6377/6377 6378/6378
f 6379/6379 6380/6380 6381/6381
f 6379/6379 6381/6381 6382/6382
f 6383/6383 6384/6384 6385/6385
f 6383/6383 6385/6385 6386/6386
f 6387/6387 6388/6388 6389/6389
f 6387/6387 6389/6389 6390/6390
f 6391/6391 6392/6392 6393/6393
f 6391/6391 6393/6393 6394/6394
f 6395/6395 6396/6396 6397/6397
f 6395/6395 6397/6397 6398/6398
f 6399/6399 6400/6400 6401/6401
f 6399/6399 6401/6401 6402/6402
f 6403/6403 6404/6404 6405/6405
f 6403/6403 6405/6405 6406/6406
f 6407/6407 6408/6408 6409/6409
f 6407/6407 6409/6409 6410/6410
f 6411/6411 6412/6412 6413/6413
f 6411/6411 6413/6413 6414/6414
f 6415/6415 6416/6416 6417/6417
f 6415/6415 6417/6417 6418/6418
f 6419/6419 6420/6420 6421/6421
f 6419/6419 6421/6421 6422/6422
f 6423/6423 6424/6424 6425/6425
f 6423/6423 6425/6425 6426/6426
f 6427/6427 6428/6428 6429/6429
f 6427/6427 6429/6429 6430/6430
f 6431/6431 6432/6432 6433/6433
f 6431/6431 6433/6433 6434/6434
f 6435/6435 6436/6436 6437/6437
f 6435/6435 6437/6437 6438/6438
f 6439/6439 6440/6440 6441/6441
f 6439/6439 6441/6441 6442/6442
f 6443/6443 6444/6444 6445/6445
f 6443/6443 6445/6445 6446/6446
f 6447/6447 6448/6448 6449/6449
f 6447/6447 6449/6449 6450/6450
f 6451/6451 6452/6452 6453/6453
f 6451/6451 6453/6453 6454/6454
f 6455/6455 6456/6456 6457/6457
f 6455/6455 6457/6457 6458/6458
f 6459/6459 6460/6460 6461/6461
f 6459/6459 6461/6461 6462/6462
f 6463/6463 6464/6464 6465/6465
f 6463/6463 6465/6465 6466/6466
f 6467/6467 6468/6468 6469/6469
f 6467/6467 6469/6469 6470/6470
f 6471/6471 6472/6472 6473/6473
f 6471/6471 6473/6473 6474/6474
f 6475/6475 6476/6476 6477/6477
f 6475/6475 6477/6477 6478/6478
f 6479/6479 6480/6480 6481/6481
f 6479/6479 6481/6481 6482/6482
f 6483/6483 6484/6484 6485/6485
f 6483/6483 6485/6485 6486/6486
f 6487/6487 6488/6488 6489/6489
f 6487/6487 6489/6489 6490/6490
f 6491/6491 6492/6492 6493/6493
f 6491/6491 6493/6493 6494/6494
f 6495/6495 6496/6496 6497/6497
f 6495/6495 6497/6497 6498/6498
f 6499/6499 6500/6500 6501/6501
f 6499/6499 6501/6501 6502/6502
f 6503/6503 6504/6504 6505/6505
f 6503/6503 6505/6505 6506/6506
f 6507/6507 6508/6508 6509/6509
f 6507/6507 6509/6509 6510/6510
f 6511/6511 6512/6512 6513/6513
f 6511/6511 6513/6513 6514/6514
f 6515/6515 6516/6516 6517/6517
f 6515/6515 6517/6517 6518/6518
f 6519/6519 6520/6520 6521/6521
f 6522/6522 6523/6523 6524/6524
f 6525/6525 6526/6526 6527/6527
f 6528/6528 6529/6529 6530/6530
f 6531/6531 6532/6532 6533/6533
f 6534/6534 6535/6535 6536/6536
f 6537/6537 6538/6538 6539/6539
f 6540/6540 6541/6541 6542/6542
f 6543/6543 6544/6544 6545/6545
f 6546/6546 6547/6547 6548/6548
f 6549/6549 6550/6550 6551/6551
f 6552/6552 6553/6553 6554/6554
f 6555/6555 6556/6556 6557/6557
f 6558/6558 6559/6559 6560/6560
f 6561/6561 6562/6562 6563/6563
f 6564/6564 6565/6565 6566/6566
f 6567/6567 6568/6568 6569/6569
f 6570/6570 6571/6571 6572/6572
f 6573/6573 6574/6574 6575/6575
f 6576/6576 6577/6577 6578/6578
f 6579/6579 6580/6580 6581/6581
f 6582/6582 6583/6583 6584/6584
f 6585/6585 6586/6586 6587/6587
f 6588/6588 6589/6589 6590/6590
f 6591/6591 6592/6592 6593/6593
f 6594/6594 6595/6595 6596/6596
f 6597/6597 6598/6598 6599/6599
f 6600/6600 6601/6601 6602/6602
f 6603/6603 6604/6604 6605/6605
f 6606/6606 6607/6607 6608/6608
f 6609/6609 6610/6610 6611/6611
f 6612/6612 6613/6613 6614/6614
f 6615/6615 6616/6616 6617/6617
f 6618/6618 6619/6619 6620/6620
f 6621/6621 6622/6622 6623/6623
f 6624/6624 6625/6625 6626/6626
f 6627/6627 6628/6628 6629/6629
f 6630/6630 6631/6631 6632/6632
f 6633/6633 6634/6634 6635/6635
f 6636/6636 6637/6637 6638/6638
f 6639/6639 6640/6640 6641/6641
f 6642/6642 6643/6643 6644/6644
f 6645/6645 6646/6646 6647/6647
f 6648/6648 6649/6649 6650/6650
f 6651/6651 6652/6652 6653/6653
f 6654/6654 6655/6655 6656/6656
f 6657/6657 6658/6658 6659/6659
f 6660/6660 6661/6661 6662/6662
f 6663/6663 6664/6664 6665/6665
f 6666/6666 6667/6667 6668/6668
f 6669/6669 6670/6670 6671/6671
f 6672/6672 6673/6673 6674/6674
f 6675/6675 6676/6676 6677/6677
f 6678/6678 6679/6679 6680/6680
f 6681/6681 6682/6682 6683/6683
f 6684/6684 6685/6685 6686/6686
f 6687/6687 6688/6688 6689/6689
f 6690/6690 6691/6691 6692/6692
f 6693/6693 6694/6694 6695/6695
f 6696/6696 6697/6697 6698/6698
f 6699/6699 6700/6700 6701/6701
f 6702/6702 6703/6703 6704/6704
f 6705/6705 6706/6706 6707/6707
f 6708/6708 6709/6709 6710/6710
f 6711/6711 6712/6712 6713/6713
f 6714/6714 6715/6715 6716/6716
f 6717/6717 6718/6718 6719/6719
f 6720/6720 6721/6721 6722/6722
f 6723/6723 6724/6724 6725/6725
f 6723/6723 6725/6725 6726/6726
f 6727/6727 6728/6728 6729/6729
f 6727/6727 6729/6729 6730/6730
f 6731/6731 6732/6732 6733/6733
f 6731/6731 6733/6733 6734/6734
f 6735/6735 6736/6736 6737/6737
f 6735/6735 6737/6737 6738/6738
f 6739/6739 6740/6740 6741/6741
f 6739/6739 6741/6741 6742/6742
f 6743/6743 6744/6744 6745/6745
f 6743/6743 6745/6745 6746/6746
f 6747/6747 6748/6748 6749/6749
f 6747/6747 6749/6749 6750/6750
f 6751/6751 6752/6752 6753/6753
f 6751/6751 6753/6753 6754/6754
f 6755/6755 6756/6756 6757/6757
f 6755/6755 6757/6757 6758/6758
f 6759/6759 6760/6760 6761/6761
f 6759/6759 6761/6761 6762/6762
f 6763/6763 6764/6764 6765/6765
f 6763/6763 6765/6765 6766/6766
f 6767/6767 6768/6768 6769/6769
f 6767/6767 6769/6769 6770/6770
f 6771/6771 6772/6772 6773/6773
f 6771/6771 6773/6773 6774/6774
f 6775/6775 6776/6776 6777/6777
f 6775/6775 6777/6777 6778/6778
f 6779/6779 6780/6780 6781/6781
f 6779/6779 6781/6781 6782/6782
f 6783/6783 6784/6784 6785/6785
f 6783/6783 6785/6785 6786/6786
f 6787/6787 6788/6788 6789/6789
f 6787/6787 6789/6789 6790/6790
f 6791/6791 6792/6792 6793/6793
f 6791/6791 6793/6793 6794/6794
f 6795/6795 6796/6796 6797/6797
f 6795/6795 6797/6797 6798/6798
f 6799/6799 6800/6800 6801/6801
f 6799/6799 6801/6801 6802/6802
f 6803/6803 6804/6804 6805/6805
f 6803/6803 6805/6805 6806/6806
f 6807/6807 6808/6808 6809/6809
f 6807/6807 6809/6809 6810/6810
f 6811/6811 6812/6812 6813/6813
f 6811/6811 6813/6813 6814/6814
f 6815/6815 6816/6816 6817/6817
f 6815/6815 6817/6817 6818/6818
f 6819/6819 6820/6820 6821/6821
f 6819/6819 6821/6821 6822/6822
f 6823/6823 6824/6824 6825/6825
f 6823/6823 6825/6825 6826/6826
f 6827/6827 6828/6828 6829/6829
f 6827/6827 6829/6829 6830/6830
f 6831/6831 6832/6832 6833/6833
f 6831/6831 6833/6833 6834/6834
f 6835/6835 6836/6836 6837/6837
f 6835/6835 6837/6837 6838/6838
f 6839/6839 6840/6840 6841/6841
f 6839/6839 6841/6841 6842/6842
f 6843/6843 6844/6844 6845/6845
f 6843/6843 6845/6845 6846/6846
f 6847/6847 6848/6848 6849/6849
f 6847/6847 6849/6849 6850/6850
f 6851/6851 6852/6852 6853/6853
f 6851/6851 6853/6853 6854/6854
f 6855/6855 6856/6856 6857/6857
f 6855/6855 6857/6857 6858/6858
f 6859/6859 6860/6860 6861/6861
f 6859/6859 6861/6861 6862/6862
f 6863/6863 6864/6864 6865/6865
f 6863/6863 6865/6865 6866/6866
f 6867/6867 6868/6868 6869/6869
f 6867/6867 6869/6869 6870/6870
f 6871/6871 6872/6872 6873/6873
f 6871/6871 6873/6873 6874/6874
f 6875/6875 6876/6876 6877/6877
f 6875/6875 6877/6877 6878/6878
f 6879/6879 6880/6880 6881/6881
f 6879/6879 6881/6881 6882/6882
f 6883/6883 6884/6884 6885/6885
f 6883/6883 6885/6885 6886/6886
f 6887/6887 6888/6888 6889/6889
f 6887/6887 6889/6889 6890/6890
f 6891/6891 6892/6892 6893/6893
f 6891/6891 6893/6893 6894/6894
f 6895/6895 6896/6896 6897/6897
f 6895/6895 6897/6897 6898/6898
f 6899/6899 6900/6900 6901/6901
f 6899/6899 6901/6901 6902/6902
f 6903/6903 6904/6904 6905/6905
f 6903/6903 6905/6905 6906/6906
f 6907/6907 6908/6908 6909/6909
f 6907/6907 6909/6909 6910/6910
f 6911/6911 6912/6912 6913/6913
f 6911/6911 6913/6913 6914/6914
f 6915/6915 6916/6916 6917/6917
f 6915/6915 6917/6917 6918/6918
f 6919/6919 6920/6920 6921/6921
f 6919/6919 6921/6921 6922/6922
f 6923/6923 6924/6924 6925/6925
f 6923/6923 6925/6925 6926/6926
f 6927/6927 6928/6928 6929/6929
f 6927/6927 6929/6929 6930/6930
f 6931/6931 6932/6932 6933/6933
f 6931/6931 6933/6933 6934/6934
f 6935/6935 6936/6936 6937/6937
f 6935/6935 6937/6937 6938/6938
f 6939/6939 6940/6940 6941/6941
f 6939/6939 6941/6941 6942/6942
f 6943/6943 6944/6944 6945/6945
f 6943/6943 6945/6945 6946/6946
f 6947/6947 6948/6948 6949/6949
f 6947/6947 6949/6949 6950/6950
f 6951/6951 6952/6952 6953/6953
f 6951/6951 6953/6953 6954/6954
f 6955/6955 6956/6956 6957/6957
f 6955/6955 6957/6957 6958/6958
f 6959/6959 6960/6960 6961/6961
f 6959/6959 6961/6961 6962/6962
f 6963/6963 6964/6964 6965/6965
f 6963/6963 6965/6965 6966/6966
f 6967/6967 6968/6968 6969/6969
f 6967/6967 6969/6969 6970/6970
f 6971/6971 6972/6972 6973/6973
f 6971/6971 6973/6973 6974/6974
f 6975/6975 6976/6976 6977/6977
f 6975/6975 6977/6977 6978/6978
f 6979/6979 6980/6980 6981/6981
f 6979/6979 6981/6981 6982/6982
f 6983/6983 6984/6984 6985/6985
f 6983/6983 6985/6985 6986/6986
f 6987/6987 6988/6988 6989/6989
f 6987/6987 6989/6989 6990/6990
f 6991/6991 6992/6992 6993/6993
f 6991/6991 6993/6993 6994/6994
f 6995/6995 6996/6996 6997/6997
f 6995/6995 6997/6997 6998/6998
f 6999/6999 7000/7000 7001/7001
f 6999/6999 7001/7001 7002/7002
f 7003/7003 7004/7004 7005/7005
f 7003/7003 7005/7005 7006/7006
f 7007/7007 7008/7008 7009/7009
f 7007/7007 7009/7009 7010/7010
f 7011/7011 7012/7012 7013/7013
f 7011/7011 7013/7013 7014/7014
f 7015/7015 7016/7016 7017/7017
f 7015/7015 7017/7017 7018/7018
f 7019/7019 7020/7020 7021/7021
f 7019/7019 7021/7021 7022/7022
f 7023/7023 7024/7024 7025/7025
f 7023/7023 7025/7025 7026/7026
f 7027/7027 7028/7028 7029/7029
f 7027/7027 7029/7029 7030/7030
f 7031/7031 7032/7032 7033/7033
f 7031/7031 7033/7033 7034/7034
f 7035/7035 7036/7036 7037/7037
f 7035/7035 7037/7037 7038/7038
f 7039/7039 7040/7040 7041/7041
f 7039/7039 7041/7041 7042/7042
f 7043/7043 7044/7044 7045/7045
f 7043/7043 7045/7045 7046/7046
f 7047/7047 7048/7048 7049/7049
f 7047/7047 7049/7049 7050/7050
f 7051/7051 7052/7052 7053/7053
f 7051/7051 7053/7053 7054/7054
f 7055/7055 7056/7056 7057/7057
f 7055/7055 7057/7057 7058/7058
f 7059/7059 7060/7060 7061/7061
f 7059/7059 7061/7061 7062/7062
f 7063/7063 7064/7064 7065/7065
f 7063/7063 7065/7065 7066/7066
f 7067/7067 7068/7068 7069/7069
f 7067/7067 7069/7069 7070/7070
f 7071/7071 7072/7072 7073/7073
f 7071/7071 7073/7073 7074/7074
f 7075/7075 7076/7076 7077/7077
f 7075/7075 7077/7077 7078/7078
f 7079/7079 7080/7080 7081/7081
f 7079/7079 7081/7081 7082/7082
f 7083/7083 7084/7084 7085/7085
f 7083/7083 7085/7085 7086/7086
f 7087/7087 7088/7088 7089/7089
f 7087/7087 7089/7089 7090/7090
f 7091/7091 7092/7092 7093/7093
f 7091/7091 7093/7093 7094/7094
f 7095/7095 7096/7096 7097/7097
f 7095/7095 7097/7097 7098/7098
f 7099/7099 7100/7100 7101/7101
f 7099/7099 7101/7101 7102/7102
f 7103/7103 7104/7104 7105/7105
f 7103/7103 7105/7105 7106/7106
f 7107/7107 7108/7108 7109/7109
f 7107/7107 7109/7109 7110/7110
f 7111/7111 7112/7112 7113/7113
f 7111/7111 7113/7113 7114/7114
f 7115/7115 7116/7116 7117/7117
f 7115/7115 7117/7117 7118/7118
f 7119/7119 7120/7120 7121/7121
f 7119/7119 7121/7121 7122/7122
f 7123/7123 7124/7124 7125/7125
f 7123/7123 7125/7125 7126/7126
f 7127/7127 7128/7128 7129/7129
f 7127/7127 7129/7129 7130/7130
f 7131/7131 7132/7132 7133/7133
f 7131/7131 7133/7133 7134/7134
f 7135/7135 7136/7136 7137/7137
f 7135/7135 7137/7137 7138/7138
f 7139/7139 7140/7140 7141/7141
f 7139/7139 7141/7141 7142/7142
f 7143/7143 7144/7144 7145/7145
f 7143/7143 7145/7145 7146/7146
f 7147/7147 7148/7148 7149/7149
f 7147/7147 7149/7149 7150/7150
f 7151/7151 7152/7152 7153/7153
f 7151/7151 7153/7153 7154/7154
f 7155/7155 7156/7156 7157/7157
f 7155/7155 7157/7157 7158/7158
f 7159/7159 7160/7160 7161/7161
f 7159/7159 7161/7161 7162/7162
f 7163/7163 7164/7164 7165/7165
f 7163/7163 7165/7165 7166/7166
f 7167/7167 7168/7168 7169/7169
f 7167/7167 7169/7169 7170/7170
f 7171/7171 7172/7172 7173/7173
f 7171/7171 7173/7173 7174/7174
f 7175/7175 7176/7176 7177/7177
f 7175/7175 7177/7177 7178/7178
f 7179/7179 7180/7180 7181/7181
f 7179/7179 7181/7181 7182/7182
f 7183/7183 7184/7184 7185/7185
f 7183/7183 7185/7185 7186/7186
f 7187/7187 7188/7188 7189/7189
f 7187/7187 7189/7189 7190/7190
f 7191/7191 7192/7192 7193/7193
f 7191/7191 7193/7193 7194/7194
f 7195/7195 7196/7196 7197/7197
f 7195/7195 7197/7197 7198/7198
f 7199/7199 7200/7200 7201/7201
f 7199/7199 7201/7201 7202/7202
f 7203/7203 7204/7204 7205/7205
f 7203/7203 7205/7205 7206/7206
f 7207/7207 7208/7208 7209/7209
f 7207/7207 7209/7209 7210/7210
f 7211/7211 7212/7212 7213/7213
f 7211/7211 7213/7213 7214/7214
f 7215/7215 7216/7216 7217/7217
f 7215/7215 7217/7217 7218/7218
f 7219/7219 7220/7220 7221/7221
f 7219/7219 7221/7221 7222/7222
f 7223/7223 7224/7224 7225/7225
f 7223/7223 7225/7225 7226/7226
f 7227/7227 7228/7228 7229/7229
f 7227/7227 7229/7229 7230/7230
f 7231/7231 7232/7232 7233/7233
f 7231/7231 7233/7233 7234/7234
f 7235/7235 7236/7236 7237/7237
f 7235/7235 7237/7237 7238/7238
f 7239/7239 7240/7240 7241/7241
f 7239/7239 7241/7241 7242/7242
f 7243/7243 7244/7244 7245/7245
f 7243/7243 7245/7245 7246/7246
f 7247/7247 7248/7248 7249/7249
f 7247/7247 7249/7249 7250/7250
f 7251/7251 7252/7252 7253/7253
f 7251/7251 7253/7253 7254/7254
f 7255/7255 7256/7256 7257/7257
f 7255/7255 7257/7257 7258/7258
f 7259/7259 7260/7260 7261/7261
f 7259/7259 7261/7261 7262/7262
f 7263/7263 7264/7264 7265/7265
f 7263/7263 7265/7265 7266/7266
f 7267/7267 7268/7268 7269/7269
f 7267/7267 7269/7269 7270/7270
f 7271/7271 7272/7272 7273/7273
f 7271/7271 7273/7273 7274/7274
f 7275/7275 7276/7276 7277/7277
f 7275/7275 7277/7277 7278/7278
f 7279/7279 7280/7280 7281/7281
f 7279/7279 7281/7281 7282/7282
f 7283/7283 7284/7284 7285/7285
f 7283/7283 7285/7285 7286/7286
f 7287/7287 7288/7288 7289/7289
f 7287/7287 7289/7289 7290/7290
f 7291/7291 7292/7292 7293/7293
f 7291/7291 7293/7293 7294/7294
f 7295/7295 7296/7296 7297/7297
f 7295/7295 7297/7297 7298/7298
f 7299/7299 7300/7300 7301/7301
f 7299/7299 7301/7301 7302/7302
f 7303/7303 7304/7304 7305/7305
f 7303/7303 7305/7305 7306/7306
f 7307/7307 7308/7308 7309/7309
f 7307/7307 7309/7309 7310/7310
f 7311/7311 7312/7312 7313/7313
f 7311/7311 7313/7313 7314/7314
f 7315/7315 7316/7316 7317/7317
f 7315/7315 7317/7317 7318/7318
f 7319/7319 7320/7320 7321/7321
f 7319/7319 7321/7321 7322/7322
f 7323/7323 7324/7324 7325/7325
f 7323/7323 7325/7325 7326/7326
f 7327/7327 7328/7328 7329/7329
f 7327/7327 7329/7329 7330/7330
f 7331/7331 7332/7332 7333/7333
f 7331/7331 7333/7333 7334/7334
f 7335/7335 7336/7336 7337/7337
f 7335/7335 7337/7337 7338/7338
f 7339/7339 7340/7340 7341/7341
f 7339/7339 7341/7341 7342/7342
f 7343/7343 7344/7344 7345/7345
f 7343/7343 7345/7345 7346/7346
f 7347/7347 7348/7348 7349/7349
f 7347/7347 7349/7349 7350/7350
f 7351/7351 7352/7352 7353/7353
f 7351/7351 7353/7353 7354/7354
f 7355/7355 7356/7356 7357/7357
f 7355/7355 7357/7357 7358/7358
f 7359/7359 7360/7360 7361/7361
f 7359/7359 7361/7361 7362/7362
f 7363/7363 7364/7364 7365/7365
f 7366/7366 7367/7367 7368/7368
f 7369/7369 7370/7370 7371/7371
f 7372/7372 7373/7373 7374/7374
f 7375/7375 7376/7376 7377/7377
f 7378/7378 7379/7379 7380/7380
f 7381/7381 7382/7382 7383/7383
f 7384/7384 7385/7385 7386/7386
f 7387/7387 7388/7388 7389/7389
f 7390/7390 7391/7391 7392/7392
f 7393/7393 7394/7394 7395/7395
f 7396/7396 7397/7397 7398/7398
f 7399/7399 7400/7400 7401/7401
f 7402/7402 7403/7403 7404/7404
f 7405/7405 7406/7406 7407/7407
f 7408/7408 7409/7409 7410/7410
f 7411/7411 7412/7412 7413/7413
f 7414/7414 7415/7415 7416/7416
f 7417/7417 7418/7418 7419/7419
f 7420/7420 7421/7421 7422/7422
f 7423/7423 7424/7424 7425/7425
f 7426/7426 7427/7427 7428/7428
f 7429/7429 7430/7430 7431/7431
f 7432/7432 7433/7433 7434/7434
f 7435/7435 7436/7436 7437/7437
f 7438/7438 7439/7439 7440/7440
f 7441/7441 7442/7442 7443/7443
f 7444/7444 7445/7445 7446/7446
f 7447/7447 7448/7448 7449/7449
f 7450/7450 7451/7451 7452/7452
f 7453/7453 7454/7454 7455/7455
f 7456/7456 7457/7457 7458/7458
f 7459/7459 7460/7460 7461/7461
f 7462/7462 7463/7463 7464/7464
f 7465/7465 7466/7466 7467/7467
f 7468/7468 7469/7469 7470/7470
f 7471/7471 7472/7472 7473/7473
f 7474/7474 7475/7475 7476/7476
f 7477/7477 7478/7478 7479/7479
f 7480/7480 7481/7481 7482/7482
f 7483/7483 7484/7484 7485/7485
f 7486/7486 7487/7487 7488/7488
f 7489/7489 7490/7490 7491/7491
f 7492/7492 7493/7493 7494/7494
f 7495/7495 7496/7496 7497/7497
f 7498/7498 7499/7499 7500/7500
f 7501/7501 7502/7502 7503/7503
f 7504/7504 7505/7505 7506/7506
f 7507/7507 7508/7508 7509/7509
f 7510/7510 7511/7511 7512/7512
f 7513/7513 7514/7514 7515/7515
f 7516/7516 7517/7517 7518/7518
f 7519/7519 7520/7520 7521/7521
f 7522/7522 7523/7523 7524/7524
f 7525/7525 7526/7526 7527/7527
f 7528/7528 7529/7529 7530/7530
f 7531/7531 7532/7532 7533/7533
f 7534/7534 7535/7535 7536/7536
f 7537/7537 7538/7538 7539/7539
f 7540/7540 7541/7541 7542/7542
f 7543/7543 7544/7544 7545/7545
f 7546/7546 7547/7547 7548/7548
f 7549/7549 7550/7550 7551/7551
f 7552/7552 7553/7553 7554/7554
f 7627/7627 7628/7628 7629/7629
f 7627/7627 7629/7629 7630/7630
f 7631/7631 7632/7632 7633/7633
f 7631/7631 7633/7633 7634/7634
f 7635/7635 7636/7636 7637/7637
f 7635/7635 7637/7637 7638/7638
f 7639/7639 7640/7640 7641/7641
f 7639/7639 7641/7641 7642/7642
f 7643/7643 7644/7644 7645/7645
f 7643/7643 7645/7645 7646/7646
f 7647/7647 7648/7648 7649/7649
f 7647/7647 7649/7649 7650/7650
f 7651/7651 7652/7652 7653/7653
f 7651/7651 7653/7653 7654/7654
f 7655/7655 7656/7656 7657/7657
f 7655/7655 7657/7657 7658/7658
f 7659/7659 7660/7660 7661/7661
f 7659/7659 7661/7661 7662/7662
f 7663/7663 7664/7664 7665/7665
f 7663/7663 7665/7665 7666/7666
f 7667/7667 7668/7668 7669/7669
f 7667/7667 7669/7669 7670/7670
f 7671/7671 7672/7672 7673/7673
f 7671/7671 7673/7673 7674/7674
f 7675/7675 7676/7676 7677/7677
f 7675/7675 7677/7677 7678/7678
f 7679/7679 7680/7680 7681/7681
f 7679/7679 7681/7681 7682/7682
f 7683/7683 7684/7684 7685/7685
f 7683/7683 7685/7685 7686/7686
f 7687/7687 7688/7688 7689/7689
f 7687/7687 7689/7689 7690/7690
f 7691/7691 7692/7692 7693/7693
f 7691/7691 7693/7693 7694/7694
f 7695/7695 7696/7696 7697/7697
f 7695/7695 7697/7697 7698/7698
f 7699/7699 7700/7700 7701/7701
f 7699/7699 7701/7701 7702/7702
f 7703/7703 7704/7704 7705/7705
f 7703/7703 7705/7705 7706/7706
f 7707/7707 7708/7708 7709/7709
f 7707/7707 7709/7709 7710/7710
f 7711/7711 7712/7712 7713/7713
f 7711/7711 7713/7713 7714/7714
f 7715/7715 7716/7716 7717/7717
f 7715/7715 7717/7717 7718/7718
f 7719/7719 7720/7720 7721/7721
f 7719/7719 7721/7721 7722/7722
f 7723/7723 7724/7724 7725/7725
f 7723/7723 7725/7725 7726/7726
f 7727/7727 7728/7728 7729/7729
f 7727/7727 7729/7729 7730/7730
f 7731/7731 7732/7732 7733/7733
f 7731/7731 7733/7733 7734/7734
f 7735/7735 7736/7736 7737/7737
f 7735/7735 7737/7737 7738/7738
f 7739/7739 7740/7740 7741/7741
f 7739/7739 7741/7741 7742/7742
f 7743/7743 7744/7744 7745/7745
f 7743/7743 7745/7745 7746/7746
f 7747/7747 7748/7748 7749/7749
f 7747/7747 7749/7749 7750/7750
f 7751/7751 7752/7752 7753/7753
f 7751/7751 7753/7753 7754/7754
f 7755/7755 7756/7756 7757/7757
f 7755/7755 7757/7757 7758/7758
f 7759/7759 7760/7760 7761/7761
f 7759/7759 7761/7761 7762/7762
f 7763/7763 7764/7764 7765/7765
f 7763/7763 7765/7765 7766/7766
f 7767/7767 7768/7768 7769/7769
f 7767/7767 7769/7769 7770/7770
f 7771/7771 7772/7772 7773/7773
f 7771/7771 7773/7773 7774/7774
f 7775/7775 7776/7776 7777/7777
f 7775/7775 7777/7777 7778/7778
f 7779/7779 7780/7780 7781/7781
f 7779/7779 7781/7781 7782/7782
f 7783/7783 7784/7784 7785/7785
f 7783/7783 7785/7785 7786/7786
f 7787/7787 7788/7788 7789/7789
f 7787/7787 7789/7789 7790/7790
f 7791/7791 7792/7792 7793/7793
f 7791/7791 7793/7793 7794/7794
f 7795/7795 7796/7796 7797/7797
f 7795/7795 7797/7797 7798/7798
f 7799/7799 7800/7800 7801/7801
f 7799/7799 7801/7801 7802/7802
f 7803/7803 7804/7804 7805/7805
f 7803/7803 7805/7805 7806/7806
f 7807/7807 7808/7808 7809/7809
f 7807/7807 7809/7809 7810/7810
f 7811/7811 7812/7812 7813/7813
f 7811/7811 7813/7813 7814/7814
f 7815/7815 7816/7816 7817/7817
f 7815/7815 7817/7817 7818/7818
usemtl masonry
f 1057/1057 1058/1058 1059/1059
f 1057/1057 1059/1059 1060/1060
f 1061/1061 1062/1062 1063/1063
f 1061/1061 1063/1063 1064/1064
f 1065/1065 1066/1066 1067/1067
f 1065/1065 1067/1067 1068/1068
f 1069/1069 1070/1070 1071/1071
f 1069/1069 1071/1071 1072/1072
f 1073/1073 1074/1074 1075/1075
f 1073/1073 1075/1075 1076/1076
f 1077/1077 1078/1078 1079/1079
f 1077/1077 1079/1079 1080/1080
f 1081/1081 1082/1082 1083/1083
f 1081/1081 1083/1083 1084/1084
f 1085/1085 1086/1086 1087/1087
f 1085/1085 1087/1087 1088/1088
f 1089/1089 1090/1090 1091/1091
f 1089/1089 1091/1091 1092/1092
f 1093/1093 1094/1094 1095/1095
f 1093/1093 1095/1095 1096/1096
f 1097/1097 1098/1098 1099/1099
f 1097/1097 1099/1099 1100/1100
f 1101/1101 1102/1102 1103/1103
f 1101/1101 1103/1103 1104/1104
f 1105/1105 1106/1106 1107/1107
f 1105/1105 1107/1107 1108/1108
f 1109/1109 1110/1110 1111/1111
f 1109/1109 1111/1111 1112/1112
f 1113/1113 1114/1114 1115/1115
f 1113/1113 1115/1115 1116/1116
f 1117/1117 1118/1118 1119/1119
f 1117/1117 1119/1119 1120/1120
f 1121/1121 1122/1122 1123/1123
f 1121/1121 1123/1123 1124/1124
f 1125/1125 1126/1126 1127/1127
f 1125/1125 1127/1127 1128/1128
f 1129/1129 1130/1130 1131/1131
f 1129/1129 1131/1131 1132/1132
f 1133/1133 1134/1134 1135/1135
f 1133/1133 1135/1135 1136/1136
f 1137/1137 1138/1138 1139/1139
f 1137/1137 1139/1139 1140/1140
f 1141/1141 1142/1142 1143/1143
f 1141/1141 1143/1143 1144/1144
f 1145/1145 1146/1146 1147/1147
f 1145/1145 1147/1147 1148/1148
f 1149/1149 1150/1150 1151/1151
f 1149/1149 1151/1151 1152/1152
f 1153/1153 1154/1154 1155/1155
f 1153/1153 1155/1155 1156/1156
f 1157/1157 1158/1158 1159/1159
f 1157/1157 1159/1159 1160/1160
f 1161/1161 1162/1162 1163/1163
f 1161/1161 1163/1163 1164/1164
f 1165/1165 1166/1166 1167/1167
f 1165/1165 1167/1167 1168/1168
f 1169/1169 1170/1170 1171/1171
f 1169/1169 1171/1171 1172/1172
f 1173/1173 1174/1174 1175/1175
f 1173/1173 1175/1175 1176/1176
f 1177/1177 1178/1178 1179/1179
f 1177/1177 1179/1179 1180/1180
f 1181/1181 1182/1182 1183/1183
f 1181/1181 1183/1183 1184/1184
f 1185/1185 1186/1186 1187/1187
f 1185/1185 1187/1187 1188/1188
f 1189/1189 1190/1190 1191/1191
f 1189/1189 1191/1191 1192/1192
f 1193/1193 1194/1194 1195/1195
f 1193/1193 1195/1195 1196/1196
f 1197/1197 1198/1198 1199/1199
f 1197/1197 1199/1199 1200/1200
f 1201/1201 1202/1202 1203/1203
f 1201/1201 1203/1203 1204/1204
f 1205/1205 1206/1206 1207/1207
f 1205/1205 1207/1207 1208/1208
f 1209/1209 1210/1210 1211/1211
f 1209/1209 1211/1211 1212/1212
f 1213/1213 1214/1214 1215/1215
f 1213/1213 1215/1215 1216/1216
f 1217/1217 1218/1218 1219/1219
f 1217/1217 1219/1219 1220/1220
f 1221/1221 1222/1222 1223/1223
f 1221/1221 1223/1223 1224/1224
f 1225/1225 1226/1226 1227/1227
f 1225/1225 1227/1227 1228/1228
f 1229/1229 1230/1230 1231/1231
f 1229/1229 1231/1231 1232/1232
f 1233/1233 1234/1234 1235/1235
f 1233/1233 1235/1235 1236/1236
f 1237/1237 1238/1238 1239/1239
f 1237/1237 1239/1239 1240/1240
f 1241/1241 1242/1242 1243/1243
f 1241/1241 1243/1243 1244/1244
f 1245/1245 1246/1246 1247/1247
f 1245/1245 1247/1247 1248/1248
f 1249/1249 1250/1250 1251/1251
f 1249/1249 1251/1251 1252/1252
f 1253/1253 1254/1254 1255/1255
f 1253/1253 1255/1255 1256/1256
f 1257/1257 1258/1258 1259/1259
f 1257/1257 1259/1259 1260/1260
f 1261/1261 1262/1262 1263/1263
f 1261/1261 1263/1263 1264/1264
f 1265/1265 1266/1266 1267/1267
f 1265/1265 1267/1267 1268/1268
f 1269/1269 1270/1270 1271/1271
f 1269/1269 1271/1271 1272/1272
f 1273/1273 1274/1274 1275/1275
f 1273/1273 1275/1275 1276/1276
f 1277/1277 1278/1278 1279/1279
f 1277/1277 1279/1279 1280/1280
f 1281/1281 1282/1282 1283/1283
f 1281/1281 1283/1283 1284/1284
f 1285/1285 1286/1286 1287/1287
f 1285/1285 1287/1287 1288/1288
f 1289/1289 1290/1290 1291/1291
f 1289/1289 1291/1291 1292/1292
f 1293/1293 1294/1294 1295/1295
f 1293/1293 1295/1295 1296/1296
f 1297/1297 1298/1298 1299/1299
f 1297/1297 1299/1299 1300/1300
f 1301/1301 1302/1302 1303/1303
f 1301/1301 1303/1303 1304/1304
f 1305/1305 1306/1306 1307/1307
f 1305/1305 1307/1307 1308/1308
f 1309/1309 1310/1310 1311/1311
f 1309/1309 1311/1311 1312/1312
f 1313/1313 1314/1314 1315/1315
f 1313/1313 1315/1315 1316/1316
f 1317/1317 1318/1318 1319/1319
f 1317/1317 1319/1319 1320/1320
f 1321/1321 1322/1322 1323/1323
f 1321/1321 1323/1323 1324/1324
f 1325/1325 1326/1326 1327/1327
f 1325/1325 1327/1327 1328/1328
f 1329/1329 1330/1330 1331/1331
f 1329/1329 1331/1331 1332/1332
f 1333/1333 1334/1334 1335/1335
f 1333/1333 1335/1335 1336/1336
f 1337/1337 1338/1338 1339/1339
f 1337/1337 1339/1339 1340/1340
f 1341/1341 1342/1342 1343/1343
f 1341/1341 1343/1343 1344/1344
f 1345/1345 1346/1346 1347/1347
f 1345/1345 1347/1347 1348/1348
f 1349/1349 1350/1350 1351/1351
f 1349/1349 1351/1351 1352/1352
f 1353/1353 1354/1354 1355/1355
f 1353/1353 1355/1355 1356/1356
f 1357/1357 1358/1358 1359/1359
f 1357/1357 1359/1359 1360/1360
f 1361/1361 1362/1362 1363/1363
f 1361/1361 1363/1363 1364/1364
f 1365/1365 1366/1366 1367/1367
f 1365/1365 1367/1367 1368/1368
f 1369/1369 1370/1370 1371/1371
f 1369/1369 1371/1371 1372/1372
f 1373/1373 1374/1374 1375/1375
f 1373/1373 1375/1375 1376/1376
f 1377/1377 1378/1378 1379/1379
f 1377/1377 1379/1379 1380/1380
f 1381/1381 1382/1382 1383/1383
f 1381/1381 1383/1383 1384/1384
f 1385/1385 1386/1386 1387/1387
f 1385/1385 1387/1387 1388/1388
f 1389/1389 1390/1390 1391/1391
f 1389/1389 1391/1391 1392/1392
f 1393/1393 1394/1394 1395/1395
f 1393/1393 1395/1395 1396/1396
f 1397/1397 1398/1398 1399/1399
f 1397/1397 1399/1399 1400/1400
f 1401/1401 1402/1402 1403/1403
f 1401/1401 1403/1403 1404/1404
f 1405/1405 1406/1406 1407/1407
f 1405/1405 1407/1407 1408/1408
f 1409/1409 1410/1410 1411/1411
f 1409/1409 1411/1411 1412/1412
f 1413/1413 1414/1414 1415/1415
f 1413/1413 1415/1415 1416/1416
f 1417/1417 1418/1418 1419/1419
f 1417/1417 1419/1419 1420/1420
f 1421/1421 1422/1422 1423/1423
f 1421/1421 1423/1423 1424/1424
f 1425/1425 1426/1426 1427/1427
f 1425/1425 1427/1427 1428/1428
f 1429/1429 1430/1430 1431/1431
f 1429/1429 1431/1431 1432/1432
f 1433/1433 1434/1434 1435/1435
f 1433/1433 1435/1435 1436/1436
f 1437/1437 1438/1438 1439/1439
f 1437/1437 1439/1439 1440/1440
f 1441/1441 1442/1442 1443/1443
f 1441/1441 1443/1443 1444/1444
f 1445/1445 1446/1446 1447/1447
f 1445/1445 1447/1447 1448/1448
f 1449/1449 1450/1450 1451/1451
f 1449/1449 1451/1451 1452/1452
f 1453/1453 1454/1454 1455/1455
f 1453/1453 1455/1455 1456/1456
f 1457/1457 1458/1458 1459/1459
f 1457/1457 1459/1459 1460/1460
f 1461/1461 1462/1462 1463/1463
f 1461/1461 1463/1463 1464/1464
f 1465/1465 1466/1466 1467/1467
f 1465/1465 1467/1467 1468/1468
f 1469/1469 1470/1470 1471/1471
f 1469/1469 1471/1471 1472/1472
f 1473/1473 1474/1474 1475/1475
f 1473/1473 1475/1475 1476/1476
f 1477/1477 1478/1478 1479/1479
f 1477/1477 1479/1479 1480/1480
f 1481/1481 1482/1482 1483/1483
f 1481/1481 1483/1483 1484/1484
f 1485/1485 1486/1486 1487/1487
f 1485/1485 1487/1487 1488/1488
f 1489/1489 1490/1490 1491/1491
f 1489/1489 1491/1491 1492/1492
f 1493/1493 1494/1494 1495/1495
f 1493/1493 1495/1495 1496/1496
f 1497/1497 1498/1498 1499/1499
f 1497/1497 1499/1499 1500/1500
f 1501/1501 1502/1502 1503/1503
f 1501/1501 1503/1503 1504/1504
f 1505/1505 1506/1506 1507/1507
f 1505/1505 1507/1507 1508/1508
f 1509/1509 1510/1510 1511/1511
f 1509/1509 1511/1511 1512/1512
f 1513/1513 1514/1514 1515/1515
f 1513/1513 1515/1515 1516/1516
f 1517/1517 1518/1518 1519/1519
f 1517/1517 1519/1519 1520/1520
f 1521/1521 1522/1522 1523/1523
f 1521/1521 1523/1523 1524/1524
f 1525/1525 1526/1526 1527/1527
f 1525/1525 1527/1527 1528/1528
f 1529/1529 1530/1530 1531/1531
f 1529/1529 1531/1531 1532/1532
f 1533/1533 1534/1534 1535/1535
f 1533/1533 1535/1535 1536/1536
f 1537/1537 1538/1538 1539/1539
f 1537/1537 1539/1539 1540/1540
f 1541/1541 1542/1542 1543/1543
f 1541/1541 1543/1543 1544/1544
f 1545/1545 1546/1546 1547/1547
f 1545/1545 1547/1547 1548/1548
f 1549/1549 1550/1550 1551/1551
f 1549/1549 1551/1551 1552/1552
f 1553/1553 1554/1554 1555/1555
f 1553/1553 1555/1555 1556/1556
f 1557/1557 1558/1558 1559/1559
f 1557/1557 1559/1559 1560/1560
f 1561/1561 1562/1562 1563/1563
f 1561/1561 1563/1563 1564/1564
f 1565/1565 1566/1566 1567/1567
f 1565/1565 1567/1567 1568/1568
f 1569/1569 1570/1570 1571/1571
f 1569/1569 1571/1571 1572/1572
f 1573/1573 1574/1574 1575/1575
f 1573/1573 1575/1575 1576/1576
f 1577/1577 1578/1578 1579/1579
f 1577/1577 1579/1579 1580/1580
f 1581/1581 1582/1582 1583/1583
f 1581/1581 1583/1583 1584/1584
f 1585/1585 1586/1586 1587/1587
f 1585/1585 1587/1587 1588/1588
f 1589/1589 1590/1590 1591/1591
f 1589/1589 1591/1591 1592/1592
f 1593/1593 1594/1594 1595/1595
f 1593/1593 1595/1595 1596/1596
f 1597/1597 1598/1598 1599/1599
f 1597/1597 1599/1599 1600/1600
f 1601/1601 1602/1602 1603/1603
f 1601/1601 1603/1603 1604/1604
f 1605/1605 1606/1606 1607/1607
f 1605/1605 1607/1607 1608/1608
f 1609/1609 1610/1610 1611/1611
f 1609/1609 1611/1611 1612/1612
f 1613/1613 1614/1614 1615/1615
f 1613/1613 1615/1615 1616/1616
f 1617/1617 1618/1618 1619/1619
f 1617/1617 1619/1619 1620/1620
f 1621/1621 1622/1622 1623/1623
f 1621/1621 1623/1623 1624/1624
f 1625/1625 1626/1626 1627/1627
f 1625/1625 1627/1627 1628/1628
f 1629/1629 1630/1630 1631/1631
f 1629/1629 1631/1631 1632/1632
f 1633/1633 1634/1634 1635/1635
f 1633/1633 1635/1635 1636/1636
f 1637/1637 1638/1638 1639/1639
f 1637/1637 1639/1639 1640/1640
f 1641/1641 1642/1642 1643/1643
f 1641/1641 1643/1643 1644/1644
f 1645/1645 1646/1646 1647/1647
f 1645/1645 1647/1647 1648/1648
f 1649/1649 1650/1650 1651/1651
f 1649/1649 1651/1651 1652/1652
f 1653/1653 1654/1654 1655/1655
f 1653/1653 1655/1655 1656/1656
f 1657/1657 1658/1658 1659/1659
f 1657/1657 1659/1659 1660/1660
f 1661/1661 1662/1662 1663/1663
f 1661/1661 1663/1663 1664/1664
f 1665/1665 1666/1666 1667/1667
f 1665/1665 1667/1667 1668/1668
f 1669/1669 1670/1670 1671/1671
f 1669/1669 1671/1671 1672/1672
f 1673/1673 1674/1674 1675/1675
f 1673/1673 1675/1675 1676/1676
f 1677/1677 1678/1678 1679/1679
f 1677/1677 1679/1679 1680/1680
f 1681/1681 1682/1682 1683/1683
f 1681/1681 1683/1683 1684/1684
f 1685/1685 1686/1686 1687/1687
f 1685/1685 1687/1687 1688/1688
f 1689/1689 1690/1690 1691/1691
f 1689/1689 1691/1691 1692/1692
f 1693/1693 1694/1694 1695/1695
f 1693/1693 1695/1695 1696/1696
f 1697/1697 1698/1698 1699/1699
f 1697/1697 1699/1699 1700/1700
f 1701/1701 1702/1702 1703/1703
f 1701/1701 1703/1703 1704/1704
f 1705/1705 1706/1706 1707/1707
f 1705/1705 1707/1707 1708/1708
f 1709/1709 1710/1710 1711/1711
f 1709/1709 1711/1711 1712/1712
f 1713/1713 1714/1714 1715/1715
f 1713/1713 1715/1715 1716/1716
f 1717/1717 1718/1718 1719/1719
f 1717/1717 1719/1719 1720/1720
f 1721/1721 1722/1722 1723/1723
f 1721/1721 1723/1723 1724/1724
f 1725/1725 1726/1726 1727/1727
f 1725/1725 1727/1727 1728/1728
f 1729/1729 1730/1730 1731/1731
f 1729/1729 1731/1731 1732/1732
f 1733/1733 1734/1734 1735/1735
f 1733/1733 1735/1735 1736/1736
f 1737/1737 1738/1738 1739/1739
f 1737/1737 1739/1739 1740/1740
f 1741/1741 1742/1742 1743/1743
f 1741/1741 1743/1743 1744/1744
f 1745/1745 1746/1746 1747/1747
f 1745/1745 1747/1747 1748/1748
f 1749/1749 1750/1750 1751/1751
f 1749/1749 1751/1751 1752/1752
f 1753/1753 1754/1754 1755/1755
f 1753/1753 1755/1755 1756/1756
f 1757/1757 1758/1758 1759/1759
f 1757/1757 1759/1759 1760/1760
f 1761/1761 1762/1762 1763/1763
f 1761/1761 1763/1763 1764/1764
f 1765/1765 1766/1766 1767/1767
f 1765/1765 1767/1767 1768/1768
f 1769/1769 1770/1770 1771/1771
f 1769/1769 1771/1771 1772/1772
f 1773/1773 1774/1774 1775/1775
f 1773/1773 1775/1775 1776/1776
f 1777/1777 1778/1778 1779/1779
f 1777/1777 1779/1779 1780/1780
f 1781/1781 1782/1782 1783/1783
f 1781/1781 1783/1783 1784/1784
f 1785/1785 1786/1786 1787/1787
f 1785/1785 1787/1787 1788/1788
f 1789/1789 1790/1790 1791/1791
f 1789/1789 1791/1791 1792/1792
f 1793/1793 1794/1794 1795/1795
f 1793/1793 1795/1795 1796/1796
f 1797/1797 1798/1798 1799/1799
f 1797/1797 1799/1799 1800/1800
f 1801/1801 1802/1802 1803/1803
f 1801/1801 1803/1803 1804/1804
f 1805/1805 1806/1806 1807/1807
f 1805/1805 1807/1807 1808/1808
f 1809/1809 1810/1810 1811/1811
f 1809/1809 1811/1811 1812/1812
f 1813/1813 1814/1814 1815/1815
f 1813/1813 1815/1815 1816/1816
f 1817/1817 1818/1818 1819/1819
f 1817/1817 1819/1819 1820/1820
f 1821/1821 1822/1822 1823/1823
f 1821/1821 1823/1823 1824/1824
f 1825/1825 1826/1826 1827/1827
f 1825/1825 1827/1827 1828/1828
f 1829/1829 1830/1830 1831/1831
f 1829/1829 1831/1831 1832/1832
f 1833/1833 1834/1834 1835/1835
f 1833/1833 1835/1835 1836/1836
f 1837/1837 1838/1838 1839/1839
f 1837/1837 1839/1839 1840/1840
f 1841/1841 1842/1842 1843/1843
f 1841/1841 1843/1843 1844/1844
f 1845/1845 1846/1846 1847/1847
f 1845/1845 1847/1847 1848/1848
f 1849/1849 1850/1850 1851/1851
f 1849/1849 1851/1851 1852/1852
f 1853/1853 1854/1854 1855/1855
f 1853/1853 1855/1855 1856/1856
f 1857/1857 1858/1858 1859/1859
f 1857/1857 1859/1859 1860/1860
f 1861/1861 1862/1862 1863/1863
f 1861/1861 1863/1863 1864/1864
f 1865/1865 1866/1866 1867/1867
f 1865/1865 1867/1867 1868/1868
f 1869/1869 1870/1870 1871/1871
f 1869/1869 1871/1871 1872/1872
f 1873/1873 1874/1874 1875/1875
f 1873/1873 1875/1875 1876/1876
f 1877/1877 1878/1878 1879/1879
f 1877/1877 1879/1879 1880/1880
f 1881/1881 1882/1882 1883/1883
f 1881/1881 1883/1883 1884/1884
f 1885/1885 1886/1886 1887/1887
f 1885/1885 1887/1887 1888/1888
f 1889/1889 1890/1890 1891/1891
f 1889/1889 1891/1891 1892/1892
f 1893/1893 1894/1894 1895/1895
f 1893/1893 1895/1895 1896/1896
f 1897/1897 1898/1898 1899/1899
f 1897/1897 1899/1899 1900/1900
f 1901/1901 1902/1902 1903/1903
f 1901/1901 1903/1903 1904/1904
f 1905/1905 1906/1906 1907/1907
f 1905/1905 1907/1907 1908/1908
f 1909/1909 1910/1910 1911/1911
f 1909/1909 1911/1911 1912/1912
f 1913/1913 1914/1914 1915/1915
f 1913/1913 1915/1915 1916/1916
f 1917/1917 1918/1918 1919/1919
f 1917/1917 1919/1919 1920/1920
f 1921/1921 1922/1922 1923/1923
f 1921/1921 1923/1923 1924/1924
f 1925/1925 1926/1926 1927/1927
f 1925/1925 1927/1927 1928/1928
f 1929/1929 1930/1930 1931/1931
f 1929/1929 1931/1931 1932/1932
f 1933/1933 1934/1934 1935/1935
f 1933/1933 1935/1935 1936/1936
f 1937/1937 1938/1938 1939/1939
f 1937/1937 1939/1939 1940/1940
f 1941/1941 1942/1942 1943/1943
f 1941/1941 1943/1943 1944/1944
f 1945/1945 1946/1946 1947/1947
f 1945/1945 1947/1947 1948/1948
f 1949/1949 1950/1950 1951/1951
f 1949/1949 1951/1951 1952/1952
f 1953/1953 1954/1954 1955/1955
f 1953/1953 1955/1955 1956/1956
f 1957/1957 1958/1958 1959/1959
f 1957/1957 1959/1959 1960/1960
f 1961/1961 1962/1962 1963/1963
f 1961/1961 1963/1963 1964/1964
f 1965/1965 1966/1966 1967/1967
f 1965/1965 1967/1967 1968/1968
f 1969/1969 1970/1970 1971/1971
f 1969/1969 1971/1971 1972/1972
f 1973/1973 1974/1974 1975/1975
f 1973/1973 1975/1975 1976/1976
f 1977/1977 1978/1978 1979/1979
f 1977/1977 1979/1979 1980/1980
f 1981/1981 1982/1982 1983/1983
f 1981/1981 1983/1983 1984/1984
f 1985/1985 1986/1986 1987/1987
f 1985/1985 1987/1987 1988/1988
f 1989/1989 1990/1990 1991/1991
f 1989/1989 1991/1991 1992/1992
f 1993/1993 1994/1994 1995/1995
f 1993/1993 1995/1995 1996/1996
f 1997/1997 1998/1998 1999/1999
f 1997/1997 1999/1999 2000/2000
f 2001/2001 2002/2002 2003/2003
f 2001/2001 2003/2003 2004/2004
f 2005/2005 2006/2006 2007/2007
f 2005/2005 2007/2007 2008/2008
f 2009/2009 2010/2010 2011/2011
f 2009/2009 2011/2011 2012/2012
f 2013/2013 2014/2014 2015/2015
f 2013/2013 2015/2015 2016/2016
f 2017/2017 2018/2018 2019/2019
f 2017/2017 2019/2019 2020/2020
f 2021/2021 2022/2022 2023/2023
f 2021/2021 2023/2023 2024/2024
f 2025/2025 2026/2026 2027/2027
f 2025/2025 2027/2027 2028/2028
f 2029/2029 2030/2030 2031/2031
f 2029/2029 2031/2031 2032/2032
f 2033/2033 2034/2034 2035/2035
f 2033/2033 2035/2035 2036/2036
f 2037/2037 2038/2038 2039/2039
f 2037/2037 2039/2039 2040/2040
f 2041/2041 2042/2042 2043/2043
f 2041/2041 2043/2043 2044/2044
f 2045/2045 2046/2046 2047/2047
f 2045/2045 2047/2047 2048/2048
f 2049/2049 2050/2050 2051/2051
f 2049/2049 2051/2051 2052/2052
f 2053/2053 2054/2054 2055/2055
f 2053/2053 2055/2055 2056/2056
f 2057/2057 2058/2058 2059/2059
f 2057/2057 2059/2059 2060/2060
f 2061/2061 2062/2062 2063/2063
f 2061/2061 2063/2063 2064/2064
f 2065/2065 2066/2066 2067/2067
f 2065/2065 2067/2067 2068/2068
f 2069/2069 2070/2070 2071/2071
f 2069/2069 2071/2071 2072/2072
f 2073/2073 2074/2074 2075/2075
f 2073/2073 2075/2075 2076/2076
f 2077/2077 2078/2078 2079/2079
f 2077/2077 2079/2079 2080/2080
f 2081/2081 2082/2082 2083/2083
f 2081/2081 2083/2083 2084/2084
f 2085/2085 2086/2086 2087/2087
f 2085/2085 2087/2087 2088/2088
f 2089/2089 2090/2090 2091/2091
f 2089/2089 2091/2091 2092/2092
f 2093/2093 2094/2094 2095/2095
f 2093/2093 2095/2095 2096/2096
f 2097/2097 2098/2098 2099/2099
f 2097/2097 2099/2099 2100/2100
f 2101/2101 2102/2102 2103/2103
f 2101/2101 2103/2103 2104/2104
f 2105/2105 2106/2106 2107/2107
f 2105/2105 2107/2107 2108/2108
f 2109/2109 2110/2110 2111/2111
f 2109/2109 2111/2111 2112/2112
f 2113/2113 2114/2114 2115/2115
f 2113/2113 2115/2115 2116/2116
f 2117/2117 2118/2118 2119/2119
f 2117/2117 2119/2119 2120/2120
f 2121/2121 2122/2122 2123/2123
f 2121/2121 2123/2123 2124/2124
f 2125/2125 2126/2126 2127/2127
f 2125/2125 2127/2127 2128/2128
f 2129/2129 2130/2130 2131/2131
f 2129/2129 2131/2131 2132/2132
f 2133/2133 2134/2134 2135/2135
f 2133/2133 2135/2135 2136/2136
f 2137/2137 2138/2138 2139/2139
f 2137/2137 2139/2139 2140/2140
f 2141/2141 2142/2142 2143/2143
f 2141/2141 2143/2143 2144/2144
f 2145/2145 2146/2146 2147/2147
f 2145/2145 2147/2147 2148/2148
f 2149/2149 2150/2150 2151/2151
f 2149/2149 2151/2151 2152/2152
f 2153/2153 2154/2154 2155/2155
f 2153/2153 2155/2155 2156/2156
f 2157/2157 2158/2158 2159/2159
f 2157/2157 2159/2159 2160/2160
f 2161/2161 2162/2162 2163/2163
f 2161/2161 2163/2163 2164/2164
f 2165/2165 2166/2166 2167/2167
f 2165/2165 2167/2167 2168/2168
f 2169/2169 2170/2170 2171/2171
f 2169/2169 2171/2171 2172/2172
f 2173/2173 2174/2174 2175/2175
f 2173/2173 2175/2175 2176/2176
f 2177/2177 2178/2178 2179/2179
f 2177/2177 2179/2179 2180/2180
f 2181/2181 2182/2182 2183/2183
f 2181/2181 2183/2183 2184/2184
f 2185/2185 2186/2186 2187/2187
f 2185/2185 2187/2187 2188/2188
f 2189/2189 2190/2190 2191/2191
f 2189/2189 2191/2191 2192/2192
f 2193/2193 2194/2194 2195/2195
f 2193/2193 2195/2195 2196/2196
f 2197/2197 2198/2198 2199/2199
f 2197/2197 2199/2199 2200/2200
f 2201/2201 2202/2202 2203/2203
f 2201/2201 2203/2203 2204/2204
f 2205/2205 2206/2206 2207/2207
f 2205/2205 2207/2207 2208/2208
usemtl rebar
f 3365/3365 3366/3366 3367/3367
f 3365/3365 3367/3367 3368/3368
f 3369/3369 3370/3370 3371/3371
f 3369/3369 3371/3371 3372/3372
f 3373/3373 3374/3374 3375/3375
f 3373/3373 3375/3375 3376/3376
f 3377/3377 3378/3378 3379/3379
f 3377/3377 3379/3379 3380/3380
f 3381/3381 3382/3382 3383/3383
f 3381/3381 3383/3383 3384/3384
f 3385/3385 3386/3386 3387/3387
f 3385/3385 3387/3387 3388/3388
f 3389/3389 3390/3390 3391/3391
f 3389/3389 3391/3391 3392/3392
f 3393/3393 3394/3394 3395/3395
f 3393/3393 3395/3395 3396/3396
f 3397/3397 3398/3398 3399/3399
f 3397/3397 3399/3399 3400/3400
f 3401/3401 3402/3402 3403/3403
f 3401/3401 3403/3403 3404/3404
f 3405/3405 3406/3406 3407/3407
f 3405/3405 3407/3407 3408/3408
f 3409/3409 3410/3410 3411/3411
f 3409/3409 3411/3411 3412/3412
f 3413/3413 3414/3414 3415/3415
f 3413/3413 3415/3415 3416/3416
f 3417/3417 3418/3418 3419/3419
f 3417/3417 3419/3419 3420/3420
f 3421/3421 3422/3422 3423/3423
f 3421/3421 3423/3423 3424/3424
f 3425/3425 3426/3426 3427/3427
f 3425/3425 3427/3427 3428/3428
f 3429/3429 3430/3430 3431/3431
f 3429/3429 3431/3431 3432/3432
f 3433/3433 3434/3434 3435/3435
f 3433/3433 3435/3435 3436/3436
f 3905/3905 3906/3906 3907/3907
f 3905/3905 3907/3907 3908/3908
f 3909/3909 3910/3910 3911/3911
f 3909/3909 3911/3911 3912/3912
f 3913/3913 3914/3914 3915/3915
f 3913/3913 3915/3915 3916/3916
f 3917/3917 3918/3918 3919/3919
f 3917/3917 3919/3919 3920/3920
f 3921/3921 3922/3922 3923/3923
f 3921/3921 3923/3923 3924/3924
f 3925/3925 3926/3926 3927/3927
f 3925/3925 3927/3927 3928/3928
f 3929/3929 3930/3930 3931/3931
f 3929/3929 3931/3931 3932/3932
f 3933/3933 3934/3934 3935/3935
f 3933/3933 3935/3935 3936/3936
f 3937/3937 3938/3938 3939/3939
f 3937/3937 3939/3939 3940/3940
f 3941/3941 3942/3942 3943/3943
f 3941/3941 3943/3943 3944/3944
f 3945/3945 3946/3946 3947/3947
f 3945/3945 3947/3947 3948/3948
f 3949/3949 3950/3950 3951/3951
f 3949/3949 3951/3951 3952/3952
f 3953/3953 3954/3954 3955/3955
f 3953/3953 3955/3955 3956/3956
f 3957/3957 3958/3958 3959/3959
f 3957/3957 3959/3959 3960/3960
f 3961/3961 3962/3962 3963/3963
f 3961/3961 3963/3963 3964/3964
f 3965/3965 3966/3966 3967/3967
f 3965/3965 3967/3967 3968/3968
f 3969/3969 3970/3970 3971/3971
f 3969/3969 3971/3971 3972/3972
f 3973/3973 3974/3974 3975/3975
f 3973/3973 3975/3975 3976/3976
f 3977/3977 3978/3978 3979/3979
f 3977/3977 3979/3979 3980/3980
f 3981/3981 3982/3982 3983/3983
f 3981/3981 3983/3983 3984/3984
f 3985/3985 3986/3986 3987/3987
f 3985/3985 3987/3987 3988/3988
f 3989/3989 3990/3990 3991/3991
f 3989/3989 3991/3991 3992/3992
f 3993/3993 3994/3994 3995/3995
f 3993/3993 3995/3995 3996/3996
f 3997/3997 3998/3998 3999/3999
f 3997/3997 3999/3999 4000/4000
f 4001/4001 4002/4002 4003/4003
f 4001/4001 4003/4003 4004/4004
f 4005/4005 4006/4006 4007/4007
f 4005/4005 4007/4007 4008/4008
f 4009/4009 4010/4010 4011/4011
f 4009/4009 4011/4011 4012/4012
f 4013/4013 4014/4014 4015/4015
f 4013/4013 4015/4015 4016/4016
f 4017/4017 4018/4018 4019/4019
f 4017/4017 4019/4019 4020/4020
f 4021/4021 4022/4022 4023/4023
f 4021/4021 4023/4023 4024/4024
f 4025/4025 4026/4026 4027/4027
f 4025/4025 4027/4027 4028/4028
f 4029/4029 4030/4030 4031/4031
f 4029/4029 4031/4031 4032/4032
f 4033/4033 4034/4034 4035/4035
f 4033/4033 4035/4035 4036/4036
f 4037/4037 4038/4038 4039/4039
f 4037/4037 4039/4039 4040/4040
f 4041/4041 4042/4042 4043/4043
f 4041/4041 4043/4043 4044/4044
f 4045/4045 4046/4046 4047/4047
f 4045/4045 4047/4047 4048/4048
f 4049/4049 4050/4050 4051/4051
f 4049/4049 4051/4051 4052/4052
f 4053/4053 4054/4054 4055/4055
f 4053/4053 4055/4055 4056/4056
f 4057/4057 4058/4058 4059/4059
f 4057/4057 4059/4059 4060/4060
f 4061/4061 4062/4062 4063/4063
f 4061/4061 4063/4063 4064/4064
f 4065/4065 4066/4066 4067/4067
f 4065/4065 4067/4067 4068/4068
f 4069/4069 4070/4070 4071/4071
f 4069/4069 4071/4071 4072/4072
f 4073/4073 4074/4074 4075/4075
f 4073/4073 4075/4075 4076/4076
f 4077/4077 4078/4078 4079/4079
f 4077/4077 4079/4079 4080/4080
f 4081/4081 4082/4082 4083/4083
f 4081/4081 4083/4083 4084/4084
f 4085/4085 4086/4086 4087/4087
f 4085/4085 4087/4087 4088/4088
f 4089/4089 4090/4090 4091/4091
f 4089/4089 4091/4091 4092/4092
f 4093/4093 4094/4094 4095/4095
f 4093/4093 4095/4095 4096/4096
f 4097/4097 4098/4098 4099/4099
f 4097/4097 4099/4099 4100/4100
f 4101/4101 4102/4102 4103/4103
f 4101/4101 4103/4103 4104/4104
f 4105/4105 4106/4106 4107/4107
f 4105/4105 4107/4107 4108/4108
f 4109/4109 4110/4110 4111/4111
f 4109/4109 4111/4111 4112/4112
f 4113/4113 4114/4114 4115/4115
f 4113/4113 4115/4115 4116/4116
f 4117/4117 4118/4118 4119/4119
f 4117/4117 4119/4119 4120/4120
f 4121/4121 4122/4122 4123/4123
f 4121/4121 4123/4123 4124/4124
f 4125/4125 4126/4126 4127/4127
f 4125/4125 4127/4127 4128/4128
f 4129/4129 4130/4130 4131/4131
f 4129/4129 4131/4131 4132/4132
f 4133/4133 4134/4134 4135/4135
f 4133/4133 4135/4135 4136/4136
f 4137/4137 4138/4138 4139/4139
f 4137/4137 4139/4139 4140/4140
f 4141/4141 4142/4142 4143/4143
f 4141/4141 4143/4143 4144/4144
f 4145/4145 4146/4146 4147/4147
f 4145/4145 4147/4147 4148/4148
f 4149/4149 4150/4150 4151/4151
f 4149/4149 4151/4151 4152/4152
f 4153/4153 4154/4154 4155/4155
f 4153/4153 4155/4155 4156/4156
f 4157/4157 4158/4158 4159/4159
f 4157/4157 4159/4159 4160/4160
f 4161/4161 4162/4162 4163/4163
f 4161/4161 4163/4163 4164/4164
f 4165/4165 4166/4166 4167/4167
f 4165/4165 4167/4167 4168/4168
f 4169/4169 4170/4170 4171/4171
f 4169/4169 4171/4171 4172/4172
f 4173/4173 4174/4174 4175/4175
f 4173/4173 4175/4175 4176/4176
f 4177/4177 4178/4178 4179/4179
f 4177/4177 4179/4179 4180/4180
f 4181/4181 4182/4182 4183/4183
f 4181/4181 4183/4183 4184/4184
f 4185/4185 4186/4186 4187/4187
f 4185/4185 4187/4187 4188/4188
f 4189/4189 4190/4190 4191/4191
f 4189/4189 4191/4191 4192/4192
f 4791/4791 4792/4792 4793/4793
f 4791/4791 4793/4793 4794/4794
f 4795/4795 4796/4796 4797/4797
f 4795/4795 4797/4797 4798/4798
f 4799/4799 4800/4800 4801/4801
f 4799/4799 4801/4801 4802/4802
f 4803/4803 4804/4804 4805/4805
f 4803/4803 4805/4805 4806/4806
f 4807/4807 4808/4808 4809/4809
f 4807/4807 4809/4809 4810/4810
f 4811/4811 4812/4812 4813/4813
f 4811/4811 4813/4813 4814/4814
f 4815/4815 4816/4816 4817/4817
f 4815/4815 4817/4817 4818/4818
f 4819/4819 4820/4820 4821/4821
f 4819/4819 4821/4821 4822/4822
f 4823/4823 4824/4824 4825/4825
f 4823/4823 4825/4825 4826/4826
f 4827/4827 4828/4828 4829/4829
f 4827/4827 4829/4829 4830/4830
f 4831/4831 4832/4832 4833/4833
f 4831/4831 4833/4833 4834/4834
f 4835/4835 4836/4836 4837/4837
f 4835/4835 4837/4837 4838/4838
f 4839/4839 4840/4840 4841/4841
f 4839/4839 4841/4841 4842/4842
f 4843/4843 4844/4844 4845/4845
f 4843/4843 4845/4845 4846/4846
f 4847/4847 4848/4848 4849/4849
f 4847/4847 4849/4849 4850/4850
f 4851/4851 4852/4852 4853/4853
f 4851/4851 4853/4853 4854/4854
f 4855/4855 4856/4856 4857/4857
f 4855/4855 4857/4857 4858/4858
f 4859/4859 4860/4860 4861/4861
f 4859/4859 4861/4861 4862/4862
f 4863/4863 4864/4864 4865/4865
f 4863/4863 4865/4865 4866/4866
f 4867/4867 4868/4868 4869/4869
f 4867/4867 4869/4869 4870/4870
f 4871/4871 4872/4872 4873/4873
f 4871/4871 4873/4873 4874/4874
f 4875/4875 4876/4876 4877/4877
f 4875/4875 4877/4877 4878/4878
f 4879/4879 4880/4880 4881/4881
f 4879/4879 4881/4881 4882/4882
f 4883/4883 4884/4884 4885/4885
f 4883/4883 4885/4885 4886/4886
f 4887/4887 4888/4888 4889/4889
f 4887/4887 4889/4889 4890/4890
f 4891/4891 4892/4892 4893/4893
f 4891/4891 4893/4893 4894/4894
f 4895/4895 4896/4896 4897/4897
f 4895/4895 4897/4897 4898/4898
f 4899/4899 4900/4900 4901/4901
f 4899/4899 4901/4901 4902/4902
f 4903/4903 4904/4904 4905/4905
f 4903/4903 4905/4905 4906/4906
f 4907/4907 4908/4908 4909/4909
f 4907/4907 4909/4909 4910/4910
f 4911/4911 4912/4912 4913/4913
f 4911/4911 4913/4913 4914/4914
f 4915/4915 4916/4916 4917/4917
f 4915/4915 4917/4917 4918/4918
f 4919/4919 4920/4920 4921/4921
f 4919/4919 4921/4921 4922/4922
f 4923/4923 4924/4924 4925/4925
f 4923/4923 4925/4925 4926/4926
f 4927/4927 4928/4928 4929/4929
f 4927/4927 4929/4929 4930/4930
f 4931/4931 4932/4932 4933/4933
f 4931/4931 4933/4933 4934/4934
f 4935/4935 4936/4936 4937/4937
f 4935/4935 4937/4937 4938/4938
f 4939/4939 4940/4940 4941/4941
f 4939/4939 4941/4941 4942/4942
f 4943/4943 4944/4944 4945/4945
f 4943/4943 4945/4945 4946/4946
f 4947/4947 4948/4948 4949/4949
f 4947/4947 4949/4949 4950/4950
f 4951/4951 4952/4952 4953/4953
f 4951/4951 4953/4953 4954/4954
f 4955/4955 4956/4956 4957/4957
f 4955/4955 4957/4957 4958/4958
f 4959/4959 4960/4960 4961/4961
f 4959/4959 4961/4961 4962/4962
f 4963/4963 4964/4964 4965/4965
f 4963/4963 4965/4965 4966/4966
f 4967/4967 4968/4968 4969/4969
f 4967/4967 4969/4969 4970/4970
f 4971/4971 4972/4972 4973/4973
f 4971/4971 4973/4973 4974/4974
f 4975/4975 4976/4976 4977/4977
f 4975/4975 4977/4977 4978/4978
f 4979/4979 4980/4980 4981/4981
f 4979/4979 4981/4981 4982/4982
f 4983/4983 4984/4984 4985/4985
f 4983/4983 4985/4985 4986/4986
f 4987/4987 4988/4988 4989/4989
f 4987/4987 4989/4989 4990/4990
f 4991/4991 4992/4992 4993/4993
f 4991/4991 4993/4993 4994/4994
f 4995/4995 4996/4996 4997/4997
f 4995/4995 4997/4997 4998/4998
f 4999/4999 5000/5000 5001/5001
f 4999/4999 5001/5001 5002/5002
f 5003/5003 5004/5004 5005/5005
f 5003/5003 5005/5005 5006/5006
f 7555/7555 7556/7556 7557/7557
f 7555/7555 7557/7557 7558/7558
f 7559/7559 7560/7560 7561/7561
f 7559/7559 7561/7561 7562/7562
f 7563/7563 7564/7564 7565/7565
f 7563/7563 7565/7565 7566/7566
f 7567/7567 7568/7568 7569/7569
f 7567/7567 7569/7569 7570/7570
f 7571/7571 7572/7572 7573/7573
f 7571/7571 7573/7573 7574/7574
f 7575/7575 7576/7576 7577/7577
f 7575/7575 7577/7577 7578/7578
f 7579/7579 7580/7580 7581/7581
f 7579/7579 7581/7581 7582/7582
f 7583/7583 7584/7584 7585/7585
f 7583/7583 7585/7585 7586/7586
f 7587/7587 7588/7588 7589/7589
f 7587/7587 7589/7589 7590/7590
f 7591/7591 7592/7592 7593/7593
f 7591/7591 7593/7593 7594/7594
f 7595/7595 7596/7596 7597/7597
f 7595/7595 7597/7597 7598/7598
f 7599/7599 7600/7600 7601/7601
f 7599/7599 7601/7601 7602/7602
f 7603/7603 7604/7604 7605/7605
f 7603/7603 7605/7605 7606/7606
f 7607/7607 7608/7608 7609/7609
f 7607/7607 7609/7609 7610/7610
f 7611/7611 7612/7612 7613/7613
f 7611/7611 7613/7613 7614/7614
f 7615/7615 7616/7616 7617/7617
f 7615/7615 7617/7617 7618/7618
f 7619/7619 7620/7620 7621/7621
f 7619/7619 7621/7621 7622/7622
f 7623/7623 7624/7624 7625/7625
f 7623/7623 7625/7625 7626/7626
usemtl fabric
f 7819/7819 7820/7820 7821/7821
f 7819/7819 7821/7821 7822/7822
f 7823/7823 7824/7824 7825/7825
f 7823/7823 7825/7825 7826/7826
f 7827/7827 7828/7828 7829/7829
f 7827/7827 7829/7829 7830/7830
f 7831/7831 7832/7832 7833/7833
f 7831/7831 7833/7833 7834/7834
f 7835/7835 7836/7836 7837/7837
f 7835/7835 7837/7837 7838/7838
f 7839/7839 7840/7840 7841/7841
f 7839/7839 7841/7841 7842/7842
f 7843/7843 7844/7844 7845/7845
f 7843/7843 7845/7845 7846/7846
f 7847/7847 7848/7848 7849/7849
f 7847/7847 7849/7849 7850/7850
f 7851/7851 7852/7852 7853/7853
f 7851/7851 7853/7853 7854/7854
f 7855/7855 7856/7856 7857/7857
f 7855/7855 7857/7857 7858/7858
f 7859/7859 7860/7860 7861/7861
f 7859/7859 7861/7861 7862/7862
f 7863/7863 7864/7864 7865/7865
f 7863/7863 7865/7865 7866/7866
f 7867/7867 7868/7868 7869/7869
f 7867/7867 7869/7869 7870/7870
f 7871/7871 7872/7872 7873/7873
f 7871/7871 7873/7873 7874/7874
f 7875/7875 7876/7876 7877/7877
f 7875/7875 7877/7877 7878/7878
f 7879/7879 7880/7880 7881/7881
f 7879/7879 7881/7881 7882/7882
f 7883/7883 7884/7884 7885/7885
f 7883/7883 7885/7885 7886/7886
f 7887/7887 7888/7888 7889/7889
f 7887/7887 7889/7889 7890/7890
f 7891/7891 7892/7892 7893/7893
f 7891/7891 7893/7893 7894/7894
f 7895/7895 7896/7896 7897/7897
f 7895/7895 7897/7897 7898/7898
f 7899/7899 7900/7900 7901/7901
f 7899/7899 7901/7901 7902/7902
f 7903/7903 7904/7904 7905/7905
f 7903/7903 7905/7905 7906/7906
f 7907/7907 7908/7908 7909/7909
f 7907/7907 7909/7909 7910/7910
f 7911/7911 7912/7912 7913/7913
f 7911/7911 7913/7913 7914/7914
f 7915/7915 7916/7916 7917/7917
f 7915/7915 7917/7917 7918/7918
f 7919/7919 7920/7920 7921/7921
f 7919/7919 7921/7921 7922/7922
f 7923/7923 7924/7924 7925/7925
f 7923/7923 7925/7925 7926/7926
f 7927/7927 7928/7928 7929/7929
f 7927/7927 7929/7929 7930/7930
f 7931/7931 7932/7932 7933/7933
f 7931/7931 7933/7933 7934/7934
f 7935/7935 7936/7936 7937/7937
f 7935/7935 7937/7937 7938/7938
